frame,time_s,energy_J,motor_work_J,residual_J,angle_rad,speed_rad_s,tip_y_m,broken_pairs
1,0.016666668,173.49538,0,-0.006520263,-1.1486111e-09,0,0.33860362,0
2,0.033333335,173.23401,-2.1950104e-09,-0.26789305,-1.1486111e-09,-9.456859e-09,0.33448315,0
3,0.05,172.83337,-0.0026769089,-0.6658554,0.000107369466,0.094236106,0.32763952,0
4,0.06666667,172.18582,-0.023653923,-1.2924341,-0.00096175575,-0.00042068918,0.32359493,0
5,0.083333336,171.72263,-0.028552935,-1.7507279,-0.0012049117,-5.021399e-05,0.32259327,0
6,0.1,171.0427,-0.033433355,-2.4257708,-0.0014413255,-0.00055902294,0.32228458,0
7,0.11666667,170.96896,-0.03343341,-2.4995053,-0.0014521147,-0.00014405066,0.3222599,0
8,0.13333334,170.93918,-0.033445537,-2.5292718,-0.0014546484,-0.00030974628,0.32224283,0
9,0.15,170.93185,-0.033464164,-2.5365887,-0.0014581102,-0.00032169896,0.322226,0
10,0.16666667,170.93106,-0.033484504,-2.5373611,-0.001461788,-0.00018305461,0.32221663,0
11,0.18333334,170.92992,-0.033503085,-2.5384786,-0.001465518,-0.0002843267,0.3222091,0
12,0.2,170.92923,-0.03352277,-2.5391567,-0.001469425,-0.000299395,0.32220164,0
13,0.21666667,170.92867,-0.033542488,-2.5396898,-0.0014733636,-0.00039743131,0.32219422,0
14,0.23333333,170.92822,-0.03356314,-2.5401163,-0.0014773973,-0.00020450722,0.3221869,0
15,0.25,170.92778,-0.03358356,-2.540532,-0.0014814252,-0.00019716035,0.32217982,0
16,0.26666668,170.92735,-0.033604015,-2.5409443,-0.0014855185,-0.00040783387,0.32217273,0
17,0.28333333,170.92696,-0.033624917,-2.5413222,-0.001489582,-0.00021480712,0.3221659,0
18,0.3,170.92657,-0.033645276,-2.541679,-0.0014935652,-0.00021635936,0.32215926,0
19,0.31666666,170.9262,-0.033665776,-2.5420406,-0.001497666,-0.00039556352,0.32215235,0
20,0.33333334,170.92584,-0.03368722,-2.54238,-0.0015018189,-0.00020976257,0.32214582,0
21,0.35,170.92548,-0.03370827,-2.542721,-0.0015059569,-9.799914e-05,0.32213932,0
22,0.36666667,170.92511,-0.033729978,-2.5430608,-0.0015102066,-0.00031466663,0.32213277,0
23,0.38333333,170.92474,-0.033751976,-2.5434058,-0.0015144714,-0.00011337615,0.32212618,0
24,0.4,170.92436,-0.03377452,-2.5437586,-0.0015189074,-0.0004006707,0.32211947,0
25,0.41666666,170.924,-0.03379747,-2.54411,-0.0015233136,-0.00031393167,0.3221128,0
26,0.43333334,170.92363,-0.033820264,-2.544454,-0.0015277645,-0.000318474,0.3221062,0
27,0.45,170.92325,-0.033843197,-2.5448065,-0.0015321765,-0.00020998601,0.3220996,0
28,0.46666667,170.92288,-0.033866007,-2.5451555,-0.0015365827,-0.00022069649,0.3220929,0
29,0.48333332,170.9225,-0.03388855,-2.5455103,-0.0015409666,-0.00024995938,0.32208627,0
30,0.5,170.92213,-0.033911154,-2.5458643,-0.0015454025,-0.00031407297,0.32207957,0
31,0.51666665,170.92175,-0.033933423,-2.546211,-0.001549749,-0.00040125224,0.322073,0
32,0.53333336,170.92139,-0.03395612,-2.5465574,-0.0015541165,-0.00031793216,0.32206643,0
33,0.55,170.92102,-0.033978563,-2.546901,-0.0015585152,-0.00032739417,0.32205993,0
34,0.56666666,170.92065,-0.034000695,-2.547251,-0.0015628022,-0.00011385941,0.32205334,0
35,0.5833333,170.92029,-0.03402287,-2.5475898,-0.0015671265,-0.00010797139,0.32204685,0
36,0.6,170.91994,-0.034045324,-2.5479243,-0.0015714731,-0.00020125629,0.32204047,0
37,0.6166667,170.91957,-0.034067243,-2.5482683,-0.0015757377,-0.00013369985,0.32203394,0
38,0.6333333,170.9192,-0.03408954,-2.5486047,-0.001580077,-0.00020961757,0.32202765,0
39,0.65,170.91884,-0.034111742,-2.5489488,-0.0015844012,-0.00021948456,0.32202116,0
40,0.6666667,170.91849,-0.03413336,-2.5492873,-0.0015886733,-0.00041348184,0.32201475,0
41,0.68333334,170.91812,-0.03415554,-2.5496197,-0.0015929007,-0.00020044741,0.3220085,0
42,0.7,170.91777,-0.034177106,-2.5499597,-0.0015971952,-0.00042359016,0.32200202,0
43,0.71666664,170.91742,-0.034199134,-2.550288,-0.0016014524,-0.00020043543,0.32199582,0
44,0.73333335,170.91705,-0.034220725,-2.5506299,-0.0016057394,-0.00039068013,0.3219894,0
45,0.75,170.9167,-0.034242775,-2.5509608,-0.0016099816,-0.00020097125,0.32198304,0
46,0.76666665,170.91634,-0.034264248,-2.5512946,-0.0016141791,-0.00013214478,0.32197666,0
47,0.78333336,170.91599,-0.034286242,-2.5516334,-0.0016184663,-0.00020621777,0.3219702,0
48,0.8,170.91563,-0.03430794,-2.551966,-0.0016227012,-0.0001982421,0.3219639,0
49,0.81666666,170.91528,-0.034329444,-2.5522926,-0.0016268839,-0.00022468998,0.32195765,0
50,0.8333333,170.91496,-0.034350935,-2.5525866,-0.0016313348,-0.0002123305,0.32195193,0
51,0.85,170.91466,-0.034372076,-2.5528784,-0.0016373898,-0.0002504308,0.32194597,0
52,0.8666667,170.91432,-0.034393556,-2.5531838,-0.0016434748,-0.00022405366,0.32193977,0
53,0.8833333,170.914,-0.03441488,-2.5534892,-0.0016497517,-0.0001339216,0.32193348,0
54,0.9,170.91368,-0.034436405,-2.5537863,-0.0016558589,-0.0002245605,0.32192737,0
55,0.9166667,170.91335,-0.034457665,-2.554098,-0.001661944,-0.00040643182,0.3219212,0
56,0.93333334,170.91302,-0.034479138,-2.5543947,-0.0016679469,-0.00015332128,0.32191512,0
57,0.95,170.9127,-0.034501076,-2.5546942,-0.0016741214,-0.00022086737,0.321909,0
58,0.96666664,170.9125,-0.034511153,-2.554888,-0.0016765808,-0.00010867581,0.32190436,0
59,0.98333335,170.91231,-0.034520272,-2.555078,-0.0016783933,-0.00010856207,0.3218996,0
60,1,170.91211,-0.034529462,-2.5552688,-0.001680236,-0.000108837354,0.32189482,0
61,1.0166667,170.9119,-0.03453867,-2.5554647,-0.0016821084,-0.00010875133,0.32189006,0
62,1.0333333,170.9117,-0.034547824,-2.555657,-0.0016839734,-0.00010800095,0.3218853,0
63,1.05,170.91148,-0.034557,-2.5558598,-0.0016857936,-0.000109042834,0.32188052,0
64,1.0666667,170.91127,-0.03456625,-2.556059,-0.0016876288,-0.00010959623,0.32187575,0
65,1.0833334,170.91106,-0.034575496,-2.556275,-0.0016895236,-0.00012293743,0.32187098,0
66,1.1,170.91084,-0.034584697,-2.556473,-0.0016913811,-0.00010844521,0.3218662,0
67,1.1166667,170.91064,-0.034593925,-2.5566707,-0.0016932461,-0.000109634784,0.32186145,0
68,1.1333333,170.91042,-0.03460322,-2.5568786,-0.0016950887,-0.00010968868,0.32185668,0
69,1.15,170.9102,-0.034612484,-2.557088,-0.0016969686,-0.00011545123,0.3218519,0
70,1.1666666,170.90999,-0.034621708,-2.5572867,-0.001698826,-0.00010870447,0.32184714,0
71,1.1833333,170.90979,-0.03463095,-2.557486,-0.0017007133,-0.00010968607,0.32184237,0
72,1.2,170.90958,-0.034640223,-2.5576868,-0.0017025187,-0.00010971878,0.3218376,0
73,1.2166667,170.90936,-0.0346495,-2.5578914,-0.0017044267,-0.00010908385,0.32183337,0
74,1.2333333,170.90915,-0.034658723,-2.5580904,-0.0017063215,-0.000115912655,0.32182977,0
75,1.25,170.90897,-0.034667928,-2.5582752,-0.001708179,-0.00010833311,0.32182616,0
76,1.2666667,170.90877,-0.03467714,-2.558461,-0.0017099918,-0.00010939195,0.32182258,0
77,1.2833333,170.90855,-0.03468639,-2.5586557,-0.0017118494,-0.00011069481,0.321819,0
78,1.3,170.90836,-0.034695733,-2.5588477,-0.0017137218,-2.1949665e-05,0.3218155,0
79,1.3166667,170.90816,-0.034705568,-2.559044,-0.0017157507,-0.00023433131,0.32181197,0
80,1.3333334,170.90787,-0.03472565,-2.559312,-0.0017197396,-0.00023721096,0.3218084,0
81,1.35,170.90758,-0.03474558,-2.559586,-0.0017237079,-0.0002326119,0.32180482,0
82,1.3666667,170.90727,-0.034765556,-2.5598593,-0.0017276746,-0.00023188427,0.32180125,0
83,1.3833333,170.90698,-0.03478543,-2.56013,-0.0017315759,-0.00024592967,0.32179767,0
84,1.4,170.90671,-0.034805305,-2.5603857,-0.0017369845,-0.00022753523,0.3217941,0
85,1.4166666,170.90643,-0.034825087,-2.5606441,-0.0017423112,-0.00020623428,0.32179055,0
86,1.4333333,170.90616,-0.034844965,-2.5609,-0.0017477794,-0.00025536708,0.32178703,0
87,1.45,170.90588,-0.034864906,-2.561159,-0.0017531732,-0.00022978362,0.3217836,0
88,1.4666667,170.90561,-0.034884665,-2.5614092,-0.001758494,-0.00022962845,0.3217802,0
89,1.4833333,170.90535,-0.03490375,-2.5616558,-0.0017635971,-0.00010402143,0.32177696,0
90,1.5,170.90515,-0.034912407,-2.5618436,-0.0017652833,-0.00010190799,0.32177365,0
91,1.5166667,170.90495,-0.034921117,-2.5620353,-0.0017669786,-0.000121722,0.32177022,0
92,1.5333333,170.90475,-0.034929942,-2.5622222,-0.001768717,-0.0001033501,0.32176676,0
93,1.55,170.90456,-0.03493866,-2.5624077,-0.0017704329,-0.00010296127,0.32176334,0
94,1.5666667,170.90434,-0.034947384,-2.5626078,-0.0017721936,-0.000103246355,0.32175988,0
95,1.5833334,170.90413,-0.03495616,-2.5628102,-0.0017739395,-0.000103667735,0.32175642,0
96,1.6,170.90393,-0.03496493,-2.5630047,-0.0017767844,-0.00010436027,0.32175294,0
97,1.6166667,170.90375,-0.034973726,-2.5631843,-0.0017797876,-0.000103811784,0.32174954,0
98,1.6333333,170.90355,-0.034982562,-2.5633695,-0.001782707,-0.00010626517,0.3217461,0
99,1.65,170.90335,-0.03499146,-2.5635624,-0.0017857905,-0.00010463513,0.32174265,0
100,1.6666666,170.90315,-0.03500042,-2.563745,-0.001788874,-0.00010813065,0.3217392,0
101,1.6833333,170.90295,-0.035009384,-2.5639405,-0.0017917862,-0.00010493036,0.3217357,0
102,1.7,170.90276,-0.03501841,-2.5641263,-0.0017948545,-0.000108904125,0.32173228,0
103,1.7166667,170.90256,-0.0350274,-2.5643184,-0.0017979231,-0.00010540379,0.32172883,0
104,1.7333333,170.90236,-0.03503638,-2.5645096,-0.0018009022,-0.00011753602,0.3217254,0
105,1.75,170.90216,-0.03504534,-2.5646906,-0.001803859,-0.00010567153,0.321722,0
106,1.7666667,170.90198,-0.035054315,-2.564874,-0.0018067562,-0.00010766681,0.32171857,0
107,1.7833333,170.90178,-0.035063285,-2.5650642,-0.0018098621,-0.00010520253,0.32171515,0
108,1.8,170.90157,-0.035072315,-2.5652575,-0.001812871,-0.00012066988,0.32171172,0
109,1.8166667,170.90138,-0.03508133,-2.5654414,-0.0018158129,-0.00010602482,0.32170826,0
110,1.8333334,170.90118,-0.035090305,-2.5656335,-0.0018188665,-0.00010600892,0.3217048,0
111,1.85,170.90099,-0.03509927,-2.5658178,-0.0018219798,-0.00010520153,0.3217014,0
112,1.8666667,170.90079,-0.035108265,-2.566007,-0.0018249291,-0.0001060808,0.32169792,0
113,1.8833333,170.90059,-0.035117224,-2.5661964,-0.0018277683,-0.000106683954,0.32169452,0
114,1.9,170.9004,-0.03512625,-2.5663774,-0.0018307846,-0.00010606772,0.32169113,0
115,1.9166666,170.9002,-0.03513526,-2.5665662,-0.0018338009,-0.00010697027,0.3216877,0
116,1.9333333,170.90001,-0.0351443,-2.566755,-0.0018370318,-0.00010622458,0.32168433,0
117,1.95,170.89987,-0.03515328,-2.566884,-0.0018428055,-0.00010608307,0.32168177,0
118,1.9666667,170.8997,-0.035162326,-2.5670285,-0.0018488755,-0.00010769279,0.32167912,0
119,1.9833333,170.89957,-0.03517139,-2.5671663,-0.0018551674,-0.00010601201,0.32167652,0
120,2,170.89943,-0.035180397,-2.567299,-0.0018612168,-0.00010612815,0.32167387,0
121,2.0166667,170.92007,-0.0127630895,-2.5690641,-0.00013964236,0.14992826,0.3220634,0
122,2.0333333,170.93277,0.00035762365,-2.5694904,0.0023550454,0.14991097,0.32262754,0
123,2.05,170.94545,0.013411747,-2.5698688,0.004849866,0.14991437,0.32319093,0
124,2.0666666,170.95807,0.026392458,-2.570228,0.0073448364,0.14991874,0.32375354,0
125,2.0833333,170.97069,0.03929865,-2.5705206,0.009839826,0.14992343,0.32431537,0
126,2.1,170.98323,0.0521234,-2.5708008,0.012335032,0.14990464,0.3248769,0
127,2.1166666,170.99573,0.064875826,-2.5710511,0.014830029,0.14992885,0.32543838,0
128,2.1333334,171.00818,0.07754006,-2.5712605,0.017324992,0.14992918,0.3260001,0
129,2.15,171.02057,0.09011452,-2.571453,0.019819997,0.14992778,0.32656255,0
130,2.1666667,171.03284,0.10257875,-2.5716367,0.022314835,0.14992064,0.32712594,0
131,2.1833334,171.04497,0.11483719,-2.571769,0.02480959,0.14991249,0.3276905,0
132,2.2,171.05699,0.12702711,-2.5719357,0.02730397,0.14990835,0.32825634,0
133,2.2166667,171.06903,0.13919282,-2.5720658,0.029799154,0.14990765,0.32882375,0
134,2.2333333,171.08101,0.151325,-2.5722141,0.032294337,0.14990966,0.32939252,0
135,2.25,171.09294,0.16341451,-2.5723815,0.03478967,0.14991887,0.3299627,0
136,2.2666667,171.10478,0.17542936,-2.5725496,0.037285175,0.14992781,0.33053422,0
137,2.2833333,171.11655,0.18736118,-2.572722,0.039781183,0.14992163,0.33110696,0
138,2.3,171.12823,0.19920863,-2.5728757,0.042277124,0.14991997,0.33168063,0
139,2.3166666,171.13982,0.21097444,-2.5730648,0.04477318,0.14991985,0.33225513,0
140,2.3333333,171.15129,0.22265892,-2.573268,0.047269,0.14991987,0.33283007,0
141,2.35,171.16267,0.23426072,-2.573493,0.049764644,0.14990737,0.3334053,0
142,2.3666666,171.17389,0.24578495,-2.573803,0.05225997,0.14990672,0.33398026,0
143,2.3833334,171.18503,0.25723535,-2.5741076,0.054755714,0.14992608,0.33455494,0
144,2.4,171.19608,0.2686168,-2.5744443,0.057251334,0.14986083,0.33512887,0
145,2.4166667,171.20699,0.27989456,-2.5748158,0.059746914,0.14991324,0.335702,0
146,2.4333334,171.21782,0.2911178,-2.5751953,0.062242884,0.14992526,0.336274,0
147,2.45,171.22853,0.30226308,-2.5756285,0.06473886,0.14991818,0.33684486,0
148,2.4666667,171.23917,0.31333998,-2.5760708,0.06723469,0.14991812,0.3374144,0
149,2.4833333,171.24973,0.3243481,-2.5765257,0.06973104,0.14991803,0.33798283,0
150,2.5,171.26013,0.33529142,-2.5770593,0.07222738,0.14992623,0.33855024,0
151,2.5166667,171.27048,0.34616378,-2.5775914,0.07472316,0.14991917,0.3391166,0
152,2.5333333,171.28067,0.35697302,-2.5782,0.0772191,0.1499127,0.33968228,0
153,2.55,171.29085,0.3677177,-2.578779,0.07971526,0.14990656,0.34024754,0
154,2.5666666,171.30092,0.37840444,-2.5793889,0.08221112,0.14992498,0.34081265,0
155,2.5833333,171.31093,0.3890252,-2.5799918,0.08470712,0.1499249,0.341378,0
156,2.6,171.32089,0.39959565,-2.5806131,0.08720341,0.1498593,0.34194392,0
157,2.6166666,171.33076,0.41007805,-2.5812087,0.08969974,0.14991488,0.34251055,0
158,2.6333334,171.34059,0.42051354,-2.581829,0.0921956,0.1499192,0.34307802,0
159,2.65,171.35034,0.43088344,-2.5824378,0.09469152,0.14991403,0.3436467,0
160,2.6666667,171.36003,0.4411903,-2.5830574,0.09718761,0.14991106,0.34421661,0
161,2.6833334,171.36964,0.45143422,-2.583691,0.09968352,0.14992356,0.34478778,0
162,2.7,171.37924,0.4616075,-2.5842714,0.10217953,0.1499222,0.34536007,0
163,2.7166667,171.38876,0.47171354,-2.584854,0.10467588,0.14992213,0.3459336,0
164,2.7333333,171.39827,0.4817493,-2.585389,0.10717248,0.14992246,0.34650806,0
165,2.75,171.40779,0.4918943,-2.5860012,0.10966793,0.14957629,0.3470839,0
166,2.7666667,171.41739,0.50225,-2.5867677,0.11216223,0.1496,0.34766915,0
167,2.7833333,171.42699,0.51251715,-2.5874324,0.11465665,0.14959884,0.3482506,0
168,2.8,171.4368,0.5228,-2.5878992,0.11715472,0.14996228,0.34883162,0
169,2.8166666,171.44666,0.53293353,-2.588185,0.11965524,0.14995699,0.34941056,0
170,2.8333333,171.45647,0.54299,-2.5884225,0.12215531,0.14995581,0.3499857,0
171,2.85,171.46622,0.5529417,-2.5886278,0.124654375,0.14993352,0.3505577,0
172,2.8666666,171.47527,0.56225747,-2.588888,0.12715164,0.14980678,0.3511269,0
173,2.8833334,171.48425,0.57148063,-2.5891337,0.12964912,0.14984985,0.3516972,0
174,2.9,171.49321,0.58067375,-2.5893726,0.13214721,0.14987557,0.352269,0
175,2.9166667,171.50212,0.5898159,-2.5895963,0.13464577,0.1498912,0.35284263,0
176,2.9333334,171.51102,0.5989191,-2.58981,0.13714463,0.14990342,0.35341766,0
177,2.95,171.51988,0.60798454,-2.5900106,0.13964386,0.14991672,0.35399434,0
178,2.9666667,171.52876,0.6170088,-2.5901532,0.14214289,0.14991981,0.3545728,0
179,2.9833333,171.53757,0.62599164,-2.5903203,0.14464092,0.14991978,0.35515255,0
180,3,171.54633,0.6349331,-2.5905073,0.1471395,0.14992091,0.3557334,0
181,3.0166667,171.55505,0.64383376,-2.5906806,0.14963871,0.149924,0.35631537,0
182,3.0333333,171.56372,0.65269357,-2.5908825,0.15213808,0.14992777,0.35689867,0
183,3.05,171.57234,0.66151094,-2.5910683,0.15463695,0.14992969,0.35748333,0
184,3.0666666,171.58087,0.6702796,-2.5913126,0.15713629,0.14994438,0.3580694,0
185,3.0833333,171.5894,0.67901117,-2.591513,0.15963301,0.14990778,0.35865712,0
186,3.1,171.59785,0.68768823,-2.591734,0.16213,0.14995313,0.3592461,0
187,3.1166666,171.6063,0.6963331,-2.591938,0.1646267,0.14995766,0.359836,0
188,3.1333334,171.61467,0.7049466,-2.5921774,0.1671237,0.1499252,0.36042705,0
189,3.15,171.62299,0.7135016,-2.592422,0.1696213,0.14996906,0.36101913,0
190,3.1666667,171.63124,0.7219927,-2.5926611,0.17211944,0.14997059,0.36161214,0
191,3.1833334,171.63937,0.73040986,-2.5929363,0.17461774,0.14997128,0.36220568,0
192,3.2,171.64743,0.7387539,-2.593223,0.17711706,0.14997193,0.3627995,0
193,3.2166667,171.65538,0.7470253,-2.5935502,0.17961723,0.1499724,0.36339316,0
194,3.2333333,171.66324,0.75522476,-2.5938897,0.18211703,0.14997269,0.36398682,0
195,3.25,171.67104,0.7633529,-2.5942252,0.1846169,0.14997289,0.36457983,0
196,3.2666667,171.67873,0.77141,-2.5945866,0.18711764,0.14997298,0.3651721,0
197,3.2833333,171.68631,0.7793968,-2.5949895,0.18961883,0.14997323,0.365763,0
198,3.3,171.69382,0.78731376,-2.5953968,0.19211893,0.14997336,0.36635256,0
199,3.3166666,171.70125,0.79516155,-2.595821,0.19461896,0.14997353,0.36694044,0
200,3.3333333,171.70851,0.8029404,-2.5963268,0.19711907,0.14997415,0.36752635,0
201,3.35,171.71574,0.81064653,-2.5967982,0.19961883,0.14995135,0.36811042,0
202,3.3666666,171.7229,0.8182887,-2.5972898,0.20211788,0.14995167,0.36869273,0
203,3.3833334,171.73,0.8258619,-2.597776,0.20461723,0.1499522,0.36927316,0
204,3.4,171.73695,0.8333657,-2.5983093,0.2071159,0.14995243,0.36985224,0
205,3.4166667,171.7439,0.840802,-2.598813,0.20961559,0.14995539,0.37043008,0
206,3.4333334,171.75072,0.84816206,-2.599345,0.21211517,0.1499555,0.37100682,0
207,3.45,171.75748,0.85545135,-2.5998774,0.21461476,0.14995576,0.37158266,0
208,3.4666667,171.76414,0.8626666,-2.6004195,0.217114,0.14995557,0.3721583,0
209,3.4833333,171.77075,0.8698135,-2.6009653,0.21961299,0.14993514,0.37273362,0
210,3.5,171.77727,0.8768688,-2.6014988,0.2221129,0.14995605,0.37330934,0
211,3.5166667,171.78374,0.88385165,-2.6020236,0.22461207,0.14995088,0.3738852,0
212,3.5333333,171.7901,0.89075685,-2.6025665,0.22711109,0.14995734,0.37446183,0
213,3.55,171.79639,0.8975795,-2.6030908,0.22960994,0.14995678,0.3750392,0
214,3.5666666,171.80261,0.9043196,-2.603612,0.23210956,0.14995657,0.37561738,0
215,3.5833333,171.80875,0.9109761,-2.6041307,0.23460951,0.14995642,0.3761966,0
216,3.6,171.81479,0.9175432,-2.604649,0.23710875,0.14995606,0.37677678,0
217,3.6166666,171.8208,0.9240351,-2.6051342,0.23960818,0.14995556,0.37735778,0
218,3.6333334,171.8267,0.93043435,-2.6056352,0.24210714,0.14995624,0.37793952,0
219,3.65,171.83255,0.93674487,-2.606102,0.24460623,0.14995614,0.37852234,0
220,3.6666667,171.83835,0.9429682,-2.6065161,0.247104,0.14995262,0.37910601,0
221,3.6833334,171.8441,0.9491056,-2.606914,0.24960141,0.14995408,0.37969053,0
222,3.7,171.84975,0.9551584,-2.6073122,0.25209802,0.14995278,0.38027504,0
223,3.7166667,171.8553,0.9611253,-2.6077237,0.2545947,0.14995232,0.38085952,0
224,3.7333333,171.8608,0.967016,-2.6081262,0.25709102,0.14994311,0.38144377,0
225,3.75,171.86626,0.9728212,-2.6084704,0.25958753,0.14995389,0.38202778,0
226,3.7666667,171.87166,0.9785421,-2.608788,0.26208442,0.14995609,0.38261163,0
227,3.7833333,171.877,0.984192,-2.6090941,0.26458126,0.14995606,0.38319507,0
228,3.8,171.88228,0.98976004,-2.6093805,0.26707828,0.14995144,0.38377824,0
229,3.8166666,171.88747,0.9952546,-2.6096854,0.26957536,0.14995475,0.38436136,0
230,3.8333333,171.89262,1.0006751,-2.6099515,0.27207226,0.14995404,0.3849444,0
231,3.85,171.89769,1.0060241,-2.610236,0.27456918,0.1499549,0.3855276,0
232,3.8666666,171.90271,1.0112977,-2.6104898,0.27706566,0.14995895,0.38611114,0
233,3.8833334,171.90765,1.0165123,-2.610764,0.27956185,0.14995342,0.38669506,0
234,3.9,171.91255,1.0216545,-2.611002,0.28205866,0.14995638,0.38727984,0
235,3.9166667,171.91737,1.0267296,-2.611258,0.28455517,0.14995591,0.3878654,0
236,3.9333334,171.92213,1.0317377,-2.6115127,0.2870521,0.1499519,0.38845184,0
237,3.95,171.92682,1.0366803,-2.6117604,0.28954864,0.14995226,0.3890392,0
238,3.9666667,171.93144,1.0415577,-2.6120138,0.29204446,0.1499518,0.3896273,0
239,3.9833333,171.936,1.0463694,-2.6122718,0.29454058,0.14995134,0.3902163,0
240,4,171.94048,1.0511143,-2.6125338,0.29703704,0.14994264,0.39080596,0
241,4.016667,171.92839,1.0400989,-2.6136153,0.29755285,-8.233073e-05,0.39094007,0
242,4.0333333,171.92778,1.0400964,-2.614226,0.2975482,-8.144753e-05,0.3909527,0
243,4.05,171.92729,1.0400939,-2.614702,0.29754335,-7.578676e-05,0.39096254,0
244,4.0666666,171.92691,1.0400915,-2.6150796,0.29753846,-7.8441146e-05,0.39096946,0
245,4.0833335,171.92664,1.0400891,-2.6153576,0.29753396,-7.858449e-05,0.39097336,0
246,4.1,171.92647,1.0400866,-2.6155279,0.29752934,-8.710637e-05,0.39097404,0
247,4.116667,171.92638,1.0400842,-2.615614,0.29752558,-7.5947166e-05,0.3909723,0
248,4.133333,171.9263,1.0400821,-2.6156888,0.29752257,-6.826938e-05,0.39096984,0
249,4.15,171.92621,1.0400805,-2.6157737,0.29752028,-4.7129917e-05,0.39096662,0
250,4.1666665,171.92612,1.040079,-2.615866,0.29751801,-3.9597307e-05,0.39096263,0
251,4.1833334,171.926,1.0400773,-2.6159775,0.29751578,-6.563353e-05,0.39095786,0
252,4.2,171.92589,1.0400758,-2.6160955,0.29751334,-4.7482117e-05,0.39095253,0
253,4.2166667,171.92575,1.0400742,-2.6162317,0.29751086,-4.8024365e-05,0.39094666,0
254,4.233333,171.9256,1.0400726,-2.616373,0.29750836,-4.248437e-05,0.3909406,0
255,4.25,171.92545,1.040071,-2.6165204,0.29750592,-6.6984496e-05,0.39093447,0
256,4.266667,171.92531,1.0400693,-2.6166682,0.2975035,-6.7268906e-05,0.3909284,0
257,4.2833333,171.92516,1.0400678,-2.6168146,0.29750106,-6.65732e-05,0.39092243,0
258,4.3,171.925,1.0400662,-2.6169636,0.2974989,-6.9621005e-05,0.39091685,0
259,4.3166666,171.92487,1.0400646,-2.6171079,0.29749665,-5.1763567e-05,0.3909118,0
260,4.3333335,171.92471,1.040063,-2.617258,0.29749438,-5.199878e-05,0.39090708,0
261,4.35,171.92456,1.0400615,-2.6174028,0.29749212,-5.2226944e-05,0.39090294,0
262,4.366667,171.92442,1.0400598,-2.6175425,0.2974899,-7.070918e-05,0.39089933,0
263,4.383333,171.92427,1.0400584,-2.6176858,0.2974879,-4.1769796e-05,0.3908963,0
264,4.4,171.9241,1.0400571,-2.6178505,0.29748592,-4.2228858e-05,0.3908938,0
265,4.4166665,171.92395,1.0400558,-2.6180153,0.29748374,-4.4231914e-05,0.3908915,0
266,4.4333334,171.9238,1.0400544,-2.6181602,0.2974816,-4.2588534e-05,0.39088967,0
267,4.45,171.92366,1.040053,-2.6182969,0.29747936,-4.589458e-05,0.39088818,0
268,4.4666667,171.92354,1.0400517,-2.6184175,0.2974775,-4.1654155e-05,0.39088693,0
269,4.483333,171.92342,1.0400504,-2.618532,0.29747564,-4.241869e-05,0.39088574,0
270,4.5,171.92332,1.040049,-2.6186316,0.29747367,-4.3514723e-05,0.39088467,0
271,4.516667,171.92323,1.0400476,-2.6187167,0.29747176,-4.6617643e-05,0.3908837,0
272,4.5333333,171.92314,1.0400461,-2.6187994,0.29746962,-5.6239922e-05,0.3908828,0
273,4.55,171.92305,1.0400443,-2.6189015,0.2974672,-6.541818e-05,0.3908821,0
274,4.5666666,171.92293,1.0400424,-2.6190188,0.29746485,-6.497707e-05,0.39088178,0
275,4.5833335,171.92278,1.0400405,-2.619162,0.29746228,-6.6037064e-05,0.3908816,0
276,4.6,171.92262,1.0400385,-2.6193123,0.2974592,-6.709036e-05,0.39088148,0
277,4.616667,171.92245,1.0400366,-2.6194766,0.29745585,-6.7507615e-05,0.3908816,0
278,4.633333,171.92229,1.0400345,-2.619653,0.29745236,-6.734751e-05,0.3908819,0
279,4.65,171.92209,1.0400326,-2.6198392,0.2974492,-6.811767e-05,0.39088255,0
280,4.6666665,171.9219,1.0400306,-2.620024,0.29744604,-7.022076e-05,0.3908834,0
281,4.6833334,171.9217,1.0400285,-2.6202235,0.29744288,-7.141869e-05,0.39088434,0
282,4.7,171.9215,1.0400264,-2.6204298,0.29743975,-6.803538e-05,0.39088532,0
283,4.7166667,171.92128,1.0400244,-2.6206489,0.2974364,-6.498404e-05,0.39088655,0
284,4.733333,171.92105,1.0400223,-2.6208668,0.2974332,-6.764303e-05,0.39088768,0
285,4.75,171.92084,1.0400202,-2.621082,0.29742983,-6.60277e-05,0.3908889,0
286,4.766667,171.92062,1.0400181,-2.6212938,0.29742664,-6.6739725e-05,0.39089003,0
287,4.7833333,171.92043,1.040016,-2.6214895,0.2974233,-6.649972e-05,0.3908911,0
288,4.8,171.92023,1.040014,-2.621686,0.29741994,-6.6776905e-05,0.39089215,0
289,4.8166666,171.92004,1.040012,-2.6218739,0.2974167,-6.5984575e-05,0.390893,0
290,4.8333335,171.91986,1.04001,-2.6220443,0.29741344,-7.187719e-05,0.39089364,0
291,4.85,171.9197,1.040008,-2.6222126,0.29740998,-7.0993185e-05,0.39089394,0
292,4.866667,171.91954,1.0400068,-2.6223724,0.29740697,5.380286e-05,0.3908941,0
293,4.883333,171.91934,1.0400083,-2.6225698,0.29740515,5.574304e-05,0.39089414,0
294,4.9,171.91919,1.04001,-2.622727,0.29740357,5.4759912e-05,0.39089355,0
295,4.9166665,171.91905,1.0400118,-2.6228623,0.29740286,5.8971993e-05,0.39089283,0
296,4.9333334,171.91893,1.0400136,-2.6229873,0.29740208,5.9637277e-05,0.39089215,0
297,4.95,171.9188,1.0400153,-2.6231236,0.2974016,5.924076e-05,0.39089143,0
298,4.9666667,171.91867,1.0400172,-2.6232471,0.29740104,6.535415e-05,0.39089072,0
299,4.983333,171.91855,1.040019,-2.6233745,0.29740041,6.250318e-05,0.39089003,0
300,5,171.91843,1.040021,-2.6235015,0.29739976,6.281365e-05,0.3908893,0
301,5.016667,171.91829,1.0400227,-2.6236367,0.2973991,6.431728e-05,0.39088854,0
302,5.0333333,171.91817,1.0400246,-2.623758,0.29739866,6.467345e-05,0.390888,0
303,5.05,171.91805,1.0400265,-2.6238897,0.2973985,6.498476e-05,0.3908873,0
304,5.0666666,171.91792,1.0400283,-2.6240063,0.29739836,6.2965104e-05,0.39088672,0
305,5.0833335,171.9178,1.0400302,-2.6241248,0.29739812,6.186532e-05,0.39088613,0
306,5.1,171.9177,1.0400321,-2.6242442,0.2973981,6.184554e-05,0.39088553,0
307,5.116667,171.91757,1.040034,-2.6243606,0.29739788,6.170837e-05,0.3908849,0
308,5.133333,171.91747,1.0400358,-2.6244757,0.29739773,6.246791e-05,0.3908844,0
309,5.15,171.91734,1.0400378,-2.6245914,0.29739776,6.654472e-05,0.39088377,0
310,5.1666665,171.91724,1.0400399,-2.624705,0.29739764,6.8541136e-05,0.39088318,0
311,5.1833334,171.91713,1.0400419,-2.62482,0.29739743,6.874806e-05,0.3908827,0
312,5.2,171.917,1.040044,-2.6249332,0.29739743,6.898026e-05,0.39088205,0
313,5.2166667,171.9169,1.0400461,-2.6250474,0.29739743,7.3057876e-05,0.39088154,0
314,5.233333,171.91678,1.0400481,-2.625166,0.29739743,7.276066e-05,0.3908809,0
315,5.25,171.91667,1.0400503,-2.6252804,0.2973974,7.111244e-05,0.39088038,0
316,5.266667,171.91656,1.0400524,-2.6253903,0.29739743,6.5033426e-05,0.39087984,0
317,5.2833333,171.91644,1.0400542,-2.6255066,0.2973972,5.6971265e-05,0.39087924,0
318,5.3,171.91634,1.040056,-2.6256235,0.29739714,5.788372e-05,0.39087868,0
319,5.3166666,171.91621,1.0400577,-2.6257448,0.297397,6.009991e-05,0.39087805,0
320,5.3333335,171.9161,1.0400594,-2.625856,0.2973969,5.7879555e-05,0.3908775,0
321,5.35,171.91599,1.0400612,-2.6259713,0.29739678,5.854936e-05,0.3908769,0
322,5.366667,171.91588,1.0400629,-2.626087,0.29739672,5.7926954e-05,0.39087632,0
323,5.383333,171.91577,1.0400647,-2.6262002,0.2973966,6.599469e-05,0.3908758,0
324,5.4,171.91565,1.0400666,-2.626314,0.29739654,6.365534e-05,0.3908753,0
325,5.4166665,171.91554,1.0400685,-2.626427,0.2973965,6.2849795e-05,0.39087474,0
326,5.4333334,171.91544,1.0400705,-2.6265435,0.29739654,6.450521e-05,0.39087424,0
327,5.45,171.91531,1.0400724,-2.626658,0.2973965,6.446003e-05,0.3908737,0
328,5.4666667,171.9152,1.0400743,-2.6267743,0.29739648,6.4967426e-05,0.39087313,0
329,5.483333,171.91508,1.0400763,-2.626889,0.2973965,6.4917935e-05,0.39087266,0
330,5.5,171.91498,1.0400782,-2.6269991,0.29739645,6.356875e-05,0.39087215,0
331,5.516667,171.91487,1.0400801,-2.6271117,0.29739627,6.345105e-05,0.39087158,0
332,5.5333333,171.91476,1.040082,-2.6272235,0.29739627,6.4303225e-05,0.3908711,0
333,5.55,171.91466,1.0400839,-2.6273348,0.2973963,6.239884e-05,0.3908706,0
334,5.5666666,171.91454,1.0400857,-2.6274498,0.2973963,6.271915e-05,0.39087003,0
335,5.5833335,171.91443,1.0400876,-2.627562,0.2973963,6.250127e-05,0.39086947,0
336,5.6,171.91432,1.0400895,-2.6276748,0.29739627,6.374352e-05,0.390869,0
337,5.616667,171.9142,1.0400914,-2.6277912,0.2973963,6.319218e-05,0.39086843,0
338,5.633333,171.9141,1.0400933,-2.6279051,0.2973963,6.568479e-05,0.39086792,0
339,5.65,171.91399,1.0400952,-2.6280186,0.2973963,6.212825e-05,0.3908674,0
340,5.6666665,171.91386,1.040097,-2.6281326,0.2973962,6.2094594e-05,0.3908669,0
341,5.6833334,171.91376,1.0400989,-2.6282463,0.29739618,6.3498264e-05,0.39086634,0
342,5.7,171.91364,1.0401008,-2.6283622,0.29739612,6.283644e-05,0.39086574,0
343,5.7166667,171.91353,1.0401027,-2.6284716,0.29739603,6.225162e-05,0.39086524,0
344,5.733333,171.91342,1.0401045,-2.6285818,0.2973959,6.10753e-05,0.39086473,0
345,5.75,171.91331,1.0401064,-2.628695,0.29739586,6.16386e-05,0.39086416,0
346,5.766667,171.9132,1.0401083,-2.6288133,0.29739588,6.201192e-05,0.3908636,0
347,5.7833333,171.91309,1.0401101,-2.6289248,0.29739586,6.5875625e-05,0.3908631,0
348,5.8,171.91296,1.040112,-2.6290433,0.29739583,6.298318e-05,0.3908625,0
349,5.8166666,171.91286,1.0401138,-2.629154,0.29739577,6.265319e-05,0.390862,0
350,5.8333335,171.91275,1.0401157,-2.6292675,0.29739568,6.4906824e-05,0.39086142,0
351,5.85,171.91264,1.0401175,-2.629382,0.29739553,6.114828e-05,0.39086092,0
352,5.866667,171.91252,1.0401194,-2.6295,0.2973953,5.9413847e-05,0.39086035,0
353,5.883333,171.9124,1.0401212,-2.6296186,0.29739523,6.430879e-05,0.39085972,0
354,5.9,171.9123,1.040123,-2.629739,0.29739508,6.2446925e-05,0.39085916,0
355,5.9166665,171.91217,1.0401248,-2.6298501,0.2973952,5.857238e-05,0.39085865,0
356,5.9333334,171.91206,1.0401266,-2.6299603,0.29739505,5.9758477e-05,0.39085814,0
357,5.95,171.91196,1.0401284,-2.6300786,0.297395,5.9828813e-05,0.39085758,0
358,5.9666667,171.91183,1.0401301,-2.6301982,0.29739496,5.9197464e-05,0.390857,0
359,5.983333,171.91171,1.0401319,-2.6303174,0.2973948,5.9611204e-05,0.39085642,0
360,6,171.9116,1.0401337,-2.6304326,0.29739466,5.883262e-05,0.39085588,0
361,6.016667,171.92038,1.0501812,-2.631699,0.2954183,-0.14995113,0.39040118,0
362,6.0333333,171.91574,1.0462557,-2.6324103,0.29291666,-0.14995708,0.38982216,0
363,6.05,171.9113,1.0422407,-2.6328382,0.29041463,-0.14995414,0.3892388,0
364,6.0666666,171.90685,1.0380812,-2.633145,0.2879133,-0.14995295,0.38865414,0
365,6.0833335,171.90228,1.0338101,-2.6334367,0.285412,-0.14996761,0.38806957,0
366,6.1,171.89755,1.0293391,-2.6336849,0.28291085,-0.14996278,0.38748524,0
367,6.116667,171.8928,1.0248116,-2.6339052,0.28040975,-0.14996031,0.38690114,0
368,6.133333,171.88799,1.0201527,-2.634077,0.27790794,-0.1499695,0.38631764,0
369,6.15,171.88304,1.0154026,-2.6342626,0.27540636,-0.14996727,0.38573498,0
370,6.1666665,171.87807,1.0105911,-2.6344287,0.27290446,-0.14996615,0.385153,0
371,6.1833334,171.87302,1.005718,-2.6345992,0.27040303,-0.14996278,0.38457218,0
372,6.2,171.86792,1.0007623,-2.6347387,0.26790193,-0.14987332,0.38399267,0
373,6.2166667,171.86278,0.99577403,-2.6348982,0.26540226,-0.14988816,0.38341436,0
374,6.233333,171.85759,0.9907198,-2.635033,0.2629028,-0.1498801,0.3828368,0
375,6.25,171.85233,0.9856071,-2.6351779,0.26040354,-0.14988329,0.38225976,0
376,6.266667,171.84698,0.9804343,-2.6353548,0.25790378,-0.14988662,0.38168296,0
377,6.2833333,171.84158,0.9751975,-2.6355197,0.25540423,-0.1498825,0.38110617,0
378,6.3,171.8361,0.9698987,-2.6356966,0.25290433,-0.14987707,0.3805291,0
379,6.3166666,171.83054,0.96453226,-2.6359031,0.2504047,-0.14988005,0.37995145,0
380,6.3333335,171.82486,0.9590853,-2.6361227,0.24790536,-0.14988112,0.37937295,0
381,6.35,171.8191,0.9535569,-2.6363459,0.24540631,-0.14988062,0.3787934,0
382,6.366667,171.81323,0.94794726,-2.6366115,0.24290664,-0.14988011,0.37821233,0
383,6.383333,171.80724,0.94225603,-2.6369183,0.24040723,-0.14987971,0.37762976,0
384,6.4,171.80116,0.9364833,-2.6372259,0.2379078,-0.14987938,0.37704557,0
385,6.4166665,171.79495,0.9306293,-2.6375735,0.2354086,-0.14987953,0.37645978,0
386,6.4333334,171.78864,0.92469406,-2.6379569,0.23290935,-0.14987908,0.37587237,0
387,6.45,171.7822,0.91867834,-2.6383772,0.23040949,-0.14987853,0.37528327,0
388,6.4666667,171.77568,0.91258234,-2.6387987,0.22791009,-0.14987566,0.37469307,0
389,6.483333,171.76903,0.90640813,-2.6392794,0.22541119,-0.14987393,0.3741019,0
390,6.5,171.76227,0.90015674,-2.6397836,0.22291252,-0.14987907,0.37350985,0
391,6.516667,171.75543,0.8938258,-2.6402998,0.22041342,-0.14987399,0.3729173,0
392,6.5333333,171.74847,0.8874241,-2.6408513,0.21791421,-0.14988926,0.37232456,0
393,6.55,171.74142,0.8809396,-2.6414132,0.21541491,-0.14986764,0.37173182,0
394,6.5666666,171.73428,0.8743922,-2.642004,0.21291557,-0.14988852,0.37113953,0
395,6.5833335,171.72707,0.86776686,-2.642596,0.21041627,-0.1498807,0.37054786,0
396,6.6,171.71977,0.8610754,-2.6432004,0.2079167,-0.14989452,0.36995697,0
397,6.616667,171.7124,0.85430574,-2.643798,0.20541728,-0.1498711,0.36936712,0
398,6.633333,171.70494,0.84747416,-2.6444354,0.20291843,-0.14987457,0.36877832,0
399,6.65,171.69745,0.8405769,-2.6450336,0.20041987,-0.14988986,0.36819065,0
400,6.6666665,171.6899,0.83360595,-2.645611,0.19792102,-0.14987077,0.36760387,0
401,6.6833334,171.68225,0.8265726,-2.646221,0.19542216,-0.14987166,0.3670179,0
402,6.7,171.67458,0.819472,-2.6467984,0.1929232,-0.14988138,0.36643252,0
403,6.7166667,171.66687,0.8123066,-2.6473398,0.190424,-0.14989497,0.36584768,0
404,6.733333,171.65909,0.80506426,-2.647873,0.18792474,-0.14986674,0.36526313,0
405,6.75,171.65129,0.7977591,-2.648372,0.1854254,-0.14986338,0.36467868,0
406,6.766667,171.64342,0.79038244,-2.648863,0.18292646,-0.14984013,0.36409417,0
407,6.7833333,171.6355,0.78301346,-2.649417,0.18042716,-0.15020934,0.36350927,0
408,6.8,171.62764,0.7759828,-2.6502507,0.17792791,-0.15021801,0.3629245,0
409,6.8166666,171.61981,0.7688764,-2.6509705,0.17542666,-0.1502189,0.3623358,0
410,6.8333335,171.61209,0.7616903,-2.651504,0.17291985,-0.15021823,0.36174533,0
411,6.85,171.60426,0.75409466,-2.6517372,0.17041865,-0.14988717,0.36115795,0
412,6.866667,171.5963,0.74627995,-2.6518824,0.16792046,-0.14987303,0.3605712,0
413,6.883333,171.58806,0.73822725,-2.6520648,0.16542222,-0.14986941,0.35998547,0
414,6.9,171.57983,0.7301361,-2.6522076,0.16292398,-0.14987059,0.359401,0
415,6.9166665,171.57156,0.7220039,-2.6523392,0.1604257,-0.14986789,0.3588177,0
416,6.9333334,171.56328,0.71382964,-2.6524599,0.15792708,-0.14986533,0.35823566,0
417,6.95,171.55493,0.7056112,-2.6525857,0.15542874,-0.14986315,0.3576548,0
418,6.9666667,171.54654,0.69734323,-2.6527114,0.15293063,-0.14985,0.35707524,0
419,6.983333,171.53812,0.68903714,-2.6528232,0.15043265,-0.14986336,0.3564969,0
420,7,171.52963,0.6806791,-2.6529434,0.14793453,-0.1498792,0.3559197,0
421,7.016667,171.52112,0.67228353,-2.6530724,0.14543614,-0.1498743,0.35534355,0
422,7.0333333,171.51254,0.66385174,-2.6532116,0.14293759,-0.14988491,0.35476846,0
423,7.05,171.50392,0.65537757,-2.6533592,0.14043885,-0.1499034,0.35419446,0
424,7.0666666,171.49527,0.64685667,-2.6534858,0.13793881,-0.14991613,0.35362133,0
425,7.0833335,171.48654,0.6382945,-2.6536481,0.13543788,-0.14997259,0.35304895,0
426,7.1,171.47772,0.6296773,-2.6538517,0.13293584,-0.1500089,0.35247722,0
427,7.116667,171.46886,0.62102395,-2.6540759,0.13043225,-0.15008049,0.35190585,0
428,7.133333,171.4599,0.6123213,-2.6543305,0.12792705,-0.15014824,0.35133478,0
429,7.15,171.45087,0.6035742,-2.654617,0.12541996,-0.15020072,0.35076398,0
430,7.1666665,171.44173,0.59477895,-2.6549509,0.12291162,-0.15023194,0.35019365,0
431,7.1833334,171.43254,0.5858997,-2.6552603,0.120402746,-0.15023266,0.3496241,0
432,7.2,171.42322,0.5769397,-2.655617,0.117894515,-0.15023735,0.3490551,0
433,7.2166667,171.4138,0.5679136,-2.6560159,0.11538703,-0.15023603,0.3484864,0
434,7.233333,171.40427,0.55880684,-2.6564374,0.112879455,-0.15023817,0.3479173,0
435,7.25,171.3946,0.5496333,-2.6569326,0.11037295,-0.1502339,0.34734753,0
436,7.266667,171.38484,0.54038626,-2.6574416,0.107867464,-0.15023333,0.34677663,0
437,7.2833333,171.37494,0.53107226,-2.6580293,0.10536289,-0.15023844,0.34620443,0
438,7.3,171.36491,0.52168494,-2.658676,0.102860145,-0.15023297,0.3456304,0
439,7.3166666,171.35474,0.51223016,-2.6593914,0.100358404,-0.15023312,0.34505418,0
440,7.3333335,171.34445,0.5027052,-2.6601584,0.09785782,-0.15022722,0.34447566,0
441,7.35,171.33405,0.493112,-2.6609764,0.09535859,-0.1502299,0.34389463,0
442,7.366667,171.32352,0.48345056,-2.6618338,0.092860214,-0.1502309,0.34331152,0
443,7.383333,171.31291,0.4737155,-2.6627026,0.09036136,-0.15022835,0.34272662,0
444,7.4,171.3022,0.46391207,-2.6636105,0.08786296,-0.15022261,0.3421398,0
445,7.4166665,171.2918,0.45403996,-2.664145,0.08535095,-0.15023015,0.34155723,0
446,7.4333334,171.28123,0.44409847,-2.6647666,0.08284237,-0.15022057,0.34097183,0
447,7.45,171.27058,0.43407863,-2.6653907,0.080334246,-0.15022647,0.3403853,0
448,7.4666667,171.25986,0.4239906,-2.6660407,0.07782553,-0.1502184,0.33979777,0
449,7.483333,171.24904,0.41382915,-2.666695,0.0753177,-0.15022065,0.33920988,0
450,7.5,171.2382,0.4035156,-2.6672134,0.07281731,-0.14983955,0.33862624,0
451,7.516667,171.2274,0.39323696,-2.667734,0.07032038,-0.14983098,0.3380433,0
452,7.5333333,171.2165,0.38288853,-2.668284,0.06782381,-0.14982405,0.33746108,0
453,7.55,171.20558,0.3724706,-2.66879,0.065327294,-0.14982498,0.33687964,0
454,7.5666666,171.19458,0.36198148,-2.6693003,0.06283054,-0.14982118,0.3362993,0
455,7.5833335,171.18352,0.35142356,-2.6698093,0.06033376,-0.14982314,0.33572015,0
456,7.6,171.1724,0.3407938,-2.6703017,0.057836957,-0.14981546,0.33514237,0
457,7.616667,171.1612,0.33009675,-2.6707985,0.05534035,-0.14981748,0.33456588,0
458,7.633333,171.14998,0.3193291,-2.6712575,0.052843843,-0.14981441,0.33399078,0
459,7.65,171.1387,0.30849302,-2.671697,0.050347075,-0.14981627,0.33341688,0
460,7.6666665,171.12735,0.29758665,-2.6721354,0.04785061,-0.14981426,0.3328441,0
461,7.6833334,171.11595,0.2866112,-2.6725674,0.04535405,-0.14981683,0.33227232,0
462,7.7,171.1045,0.27556434,-2.672963,0.04285711,-0.14981426,0.33170122,0
463,7.7166667,171.09299,0.2644467,-2.6733546,0.04036024,-0.14981575,0.3311307,0
464,7.733333,171.08145,0.25325572,-2.6736994,0.037863266,-0.14981636,0.3305607,0
465,7.75,171.06987,0.24199224,-2.674024,0.035366286,-0.14981553,0.32999098,0
466,7.766667,171.05818,0.23065564,-2.6743767,0.032869466,-0.1498146,0.32942152,0
467,7.7833333,171.04645,0.2192453,-2.6746974,0.030372927,-0.14981486,0.32885227,0
468,7.8,171.03465,0.20776002,-2.6750112,0.027876424,-0.14981453,0.32828328,0
469,7.8166666,171.0228,0.19619976,-2.6753004,0.025380054,-0.14981471,0.32771447,0
470,7.8333335,171.01088,0.18456326,-2.6755857,0.02288341,-0.14981358,0.32714584,0
471,7.85,170.99892,0.1728508,-2.6758354,0.020386972,-0.14981419,0.32657784,0
472,7.866667,170.98683,0.1610616,-2.6761248,0.017890882,-0.14981371,0.32601038,0
473,7.883333,170.9747,0.14919564,-2.6763978,0.01539496,-0.14981534,0.32544374,0
474,7.9,170.96248,0.13725258,-2.6766708,0.012898685,-0.14981623,0.324878,0
475,7.9166665,170.95021,0.12523274,-2.676932,0.010402539,-0.14981642,0.3243134,0
476,7.9333334,170.93784,0.113136396,-2.6771958,0.007906559,-0.1498168,0.32375008,0
477,7.95,170.92545,0.100963645,-2.6774275,0.0054100547,-0.14981712,0.32318795,0
478,7.9666667,170.91292,0.08871461,-2.6777031,0.0029135775,-0.14981712,0.32262734,0
479,7.983333,170.90031,0.07638985,-2.6779788,0.00041761465,-0.14981718,0.32206813,0
480,8,170.88763,0.06401916,-2.6782863,-0.0020803974,-0.14991021,0.32150915,0
481,8.016666,170.86989,0.04805626,-2.6800735,-0.0028489693,8.821675e-05,0.32134345,0
482,8.033334,170.86943,0.04806393,-2.6805375,-0.002849474,8.3404666e-05,0.3213515,0
483,8.05,170.86916,0.048070632,-2.6808145,-0.0028501654,7.656356e-05,0.32135803,0
484,8.066667,170.86893,0.04807724,-2.681054,-0.002850648,7.655955e-05,0.32136256,0
485,8.083333,170.86873,0.04808383,-2.6812587,-0.0028510932,7.704973e-05,0.3213646,0
486,8.1,170.86856,0.048090532,-2.6814296,-0.0028515775,9.2054855e-05,0.32136393,0
487,8.116667,170.86842,0.048098367,-2.681582,-0.0028519707,9.264492e-05,0.32136178,0
488,8.133333,170.86826,0.04810607,-2.6817513,-0.0028521644,9.2852446e-05,0.3213587,0
489,8.15,170.8681,0.0481139,-2.6819186,-0.002852282,9.677512e-05,0.321355,0
490,8.166667,170.86792,0.048124585,-2.6821103,-0.0028519782,0.0001351639,0.32135049,0
491,8.183333,170.86775,0.04813579,-2.6822853,-0.0028518813,0.0001345578,0.32134548,0
492,8.2,170.86758,0.04814698,-2.682464,-0.0028519633,0.00013437051,0.32133976,0
493,8.216666,170.86742,0.048157714,-2.6826406,-0.0028520378,0.00012444991,0.3213337,0
494,8.233334,170.86725,0.04816811,-2.6828225,-0.0028521495,0.00012453087,0.32132727,0
495,8.25,170.86707,0.048178513,-2.6830108,-0.0028521346,0.00012461469,0.32132068,0
496,8.266666,170.86688,0.04818892,-2.6832044,-0.0028521495,0.00012468928,0.32131407,0
497,8.283334,170.8667,0.04819933,-2.6833997,-0.002852142,0.00012476662,0.32130757,0
498,8.3,170.86652,0.04820974,-2.6835935,-0.0028521048,0.00012485503,0.32130137,0
499,8.316667,170.86633,0.04822016,-2.6837916,-0.0028520005,0.00012492212,0.3212954,0
500,8.333333,170.86615,0.04823058,-2.6839888,-0.0028521272,0.0001249994,0.3212897,0
501,8.35,170.86597,0.048241004,-2.6841838,-0.0028520527,0.00012508854,0.32128447,0
502,8.366667,170.86578,0.048251428,-2.6843748,-0.002851993,0.00012515143,0.32127964,0
503,8.383333,170.8656,0.04826186,-2.6845677,-0.0028521346,0.00012523078,0.32127514,0
504,8.4,170.86543,0.04827229,-2.684744,-0.0028520303,0.00012529994,0.32127133,0
505,8.416667,170.86526,0.04828272,-2.6849213,-0.0028519558,0.0001253471,0.32126772,0
506,8.433333,170.8651,0.048293155,-2.685091,-0.0028520378,0.00012539282,0.32126448,0
507,8.45,170.86496,0.048303593,-2.6852489,-0.0028519335,0.00012544355,0.32126176,0
508,8.466666,170.86482,0.04831403,-2.6853962,-0.0028519633,0.00012547853,0.3212593,0
509,8.483334,170.86469,0.04832447,-2.685538,-0.0028519782,0.00012562869,0.32125703,0
510,8.5,170.86458,0.048334945,-2.6856658,-0.0028519782,0.00012627017,0.32125515,0
511,8.516666,170.86447,0.04834548,-2.6857803,-0.0028519037,0.00012730583,0.32125354,0
512,8.533334,170.86438,0.048355296,-2.6858842,-0.0028518068,0.000111370224,0.32125214,0
513,8.55,170.86429,0.048364714,-2.6859863,-0.002851777,0.000111694906,0.3212508,0
514,8.566667,170.86418,0.04837415,-2.6860886,-0.002851585,0.00011184935,0.32124946,0
515,8.583333,170.86409,0.048383597,-2.68619,-0.002851488,0.00011193282,0.3212481,0
516,8.6,170.864,0.04839305,-2.6862926,-0.0028513763,0.000112007554,0.32124677,0
517,8.616667,170.8639,0.048402507,-2.6863964,-0.0028512497,0.00011205786,0.32124543,0
518,8.633333,170.86382,0.048411965,-2.6864994,-0.0028509907,0.00011210851,0.3212441,0
519,8.65,170.86372,0.048421428,-2.6866002,-0.0028507374,0.000112140566,0.32124272,0
520,8.666667,170.86363,0.048430897,-2.6867034,-0.0028505512,0.00011219926,0.32124138,0
521,8.683333,170.86354,0.048440367,-2.6868057,-0.0028503218,0.00011224568,0.32124007,0
522,8.7,170.86345,0.048449844,-2.6869051,-0.0028499418,0.00011227918,0.32123876,0
523,8.716666,170.86336,0.04845932,-2.6870098,-0.0028496305,0.00011232858,0.32123736,0
524,8.733334,170.86327,0.048468802,-2.6871076,-0.002849489,0.00011237149,0.3212361,0
525,8.75,170.86317,0.048478287,-2.6872103,-0.002849258,0.000112425114,0.32123473,0
526,8.766666,170.86307,0.04848777,-2.687315,-0.0028490066,0.00011244914,0.3212334,0
527,8.783334,170.86298,0.04849726,-2.6874158,-0.002848798,0.00011248281,0.32123208,0
528,8.8,170.86288,0.04850676,-2.6875231,-0.0028485612,0.00011439123,0.3212307,0
529,8.816667,170.8628,0.04851641,-2.6876237,-0.0028482706,0.00011443099,0.3212294,0
530,8.833333,170.8627,0.04852607,-2.6877282,-0.0028480843,0.000114465125,0.32122806,0
531,8.85,170.86261,0.04853573,-2.6878307,-0.0028477807,0.000114509545,0.32122675,0
532,8.866667,170.86252,0.048545394,-2.6879327,-0.002847438,0.00011454654,0.32122537,0
533,8.883333,170.86243,0.04855506,-2.688036,-0.0028471714,0.00011459178,0.32122406,0
534,8.9,170.86234,0.048564732,-2.6881363,-0.0028468957,0.000114642964,0.32122275,0
535,8.916667,170.86223,0.048574407,-2.688241,-0.002846577,0.00011466574,0.32122138,0
536,8.933333,170.86214,0.04858408,-2.688346,-0.0028463982,0.00011486703,0.32122004,0
537,8.95,170.86205,0.04859376,-2.6884482,-0.0028463162,0.00011477439,0.32121867,0
538,8.966666,170.86195,0.048603445,-2.6885514,-0.002846035,0.00011479143,0.3212174,0
539,8.983334,170.86186,0.04861313,-2.6886556,-0.002845804,0.000114860966,0.321216,0
540,9,170.86177,0.04862282,-2.688757,-0.00284564,0.00011486933,0.32121468,0
541,9.016666,170.86168,0.04863251,-2.6888592,-0.0028452543,0.00011489832,0.32121336,0
542,9.033334,170.86157,0.048642207,-2.688967,-0.002844928,0.00011500711,0.321212,0
543,9.05,170.86148,0.048651904,-2.6890721,-0.0028446077,0.00011500878,0.32121065,0
544,9.066667,170.86139,0.048661605,-2.6891773,-0.0028443413,0.000115013616,0.3212093,0
545,9.083333,170.8613,0.04867131,-2.6892793,-0.0028440284,0.00011507224,0.32120797,0
546,9.1,170.8612,0.048681017,-2.6893847,-0.002843939,0.00011511115,0.32120657,0
547,9.116667,170.86111,0.04869073,-2.6894855,-0.0028436873,0.00011514991,0.3212053,0
548,9.133333,170.86101,0.04870044,-2.6895883,-0.0028433816,0.000115472365,0.32120392,0
549,9.15,170.86092,0.048710156,-2.6896935,-0.0028431076,0.00011570903,0.32120258,0
550,9.166667,170.86082,0.048719835,-2.6897953,-0.0028428691,0.000113569884,0.32120126,0
551,9.183333,170.86073,0.04872931,-2.689901,-0.002842558,0.00011227594,0.3211999,0
552,9.2,170.86064,0.048738744,-2.690004,-0.0028423048,0.000111838024,0.32119855,0
553,9.216666,170.86055,0.048748177,-2.690106,-0.002842059,0.00011187782,0.3211972,0
554,9.233334,170.86044,0.048757613,-2.6902092,-0.0028417998,0.00011196396,0.3211959,0
555,9.25,170.86035,0.048767056,-2.690313,-0.0028415762,0.0001119495,0.32119453,0
556,9.266666,170.86026,0.04877649,-2.690416,-0.00284125,0.00011161112,0.3211932,0
557,9.283334,170.86017,0.048785906,-2.6905212,-0.0028410861,0.00011201966,0.32119182,0
558,9.3,170.86008,0.04879535,-2.6906204,-0.00284087,0.00011189248,0.3211905,0
559,9.316667,170.85999,0.048804782,-2.6907215,-0.0028407006,0.0001118172,0.3211891,0
560,9.333333,170.8599,0.04881421,-2.6908228,-0.0028404547,0.00011183795,0.32118782,0
561,9.35,170.8598,0.04882364,-2.6909244,-0.0028400987,0.00011069287,0.32118648,0
562,9.366667,170.85971,0.048833065,-2.6910238,-0.0028397634,0.000111774374,0.32118514,0
563,9.383333,170.85962,0.04884249,-2.6911244,-0.0028394298,0.00011173246,0.3211838,0
564,9.4,170.85953,0.048851572,-2.6912265,-0.0028391764,0.000104688144,0.32118243,0
565,9.416667,170.85944,0.048860457,-2.6913245,-0.0028389995,0.00010626164,0.32118112,0
566,9.433333,170.85934,0.048869498,-2.6914258,-0.0028386866,0.000109413726,0.32117975,0
567,9.45,170.85925,0.04887862,-2.6915257,-0.0028385003,0.000107503845,0.3211784,0
568,9.466666,170.85916,0.048887543,-2.6916263,-0.0028381965,0.00010390156,0.32117704,0
569,9.483334,170.85907,0.04889644,-2.6917264,-0.0028378314,0.000104864484,0.32117575,0
570,9.5,170.85898,0.048905373,-2.691828,-0.0028375871,0.00010475085,0.3211744,0
571,9.516666,170.85889,0.048914343,-2.691927,-0.0028372519,0.00010224422,0.32117307,0
572,9.533334,170.8588,0.048923213,-2.6920295,-0.0028369632,0.00010495536,0.3211718,0
573,9.55,170.8587,0.04893233,-2.6921291,-0.002836613,0.000103077975,0.32117045,0
574,9.566667,170.85861,0.048941303,-2.692233,-0.0028362197,0.000108810505,0.32116908,0
575,9.583333,170.85852,0.04895047,-2.6923316,-0.0028360484,0.000104560626,0.32116777,0
576,9.6,170.85843,0.048959397,-2.6924298,-0.0028358935,0.00010422353,0.32116646,0
577,9.616667,170.85834,0.0489683,-2.6925285,-0.0028355806,0.000102942664,0.3211651,0
578,9.633333,170.85825,0.04897739,-2.69263,-0.002835344,0.00010726678,0.32116377,0
579,9.65,170.85815,0.048986517,-2.6927319,-0.0028350758,0.00010564541,0.3211624,0
580,9.666667,170.85806,0.048995387,-2.6928284,-0.0028347927,0.00010470836,0.32116112,0
581,9.683333,170.85797,0.049004357,-2.692929,-0.0028344218,0.00010517387,0.32115978,0
582,9.7,170.8579,0.049013488,-2.6930285,-0.0028342505,0.000109208915,0.32115844,0
583,9.716666,170.8578,0.04902255,-2.6931274,-0.0028339766,0.000105082836,0.3211571,0
584,9.733334,170.85771,0.04903162,-2.693227,-0.0028337755,0.0001064793,0.3211558,0
585,9.75,170.85762,0.04904071,-2.6933281,-0.0028335685,0.00010564741,0.32115445,0
586,9.766666,170.85753,0.049049646,-2.6934278,-0.0028332854,0.00010615104,0.32115313,0
587,9.783334,170.85744,0.04905861,-2.6935282,-0.0028328921,0.00011082309,0.3211518,0
588,9.8,170.85735,0.04906759,-2.6936264,-0.002832691,0.000104015635,0.32115048,0
589,9.816667,170.85725,0.04907645,-2.693728,-0.0028325121,0.000103705264,0.3211491,0
590,9.833333,170.85716,0.049085494,-2.6938293,-0.0028322681,0.000107272666,0.32114777,0
591,9.85,170.85707,0.049094696,-2.6939259,-0.0028320223,0.00010997306,0.32114646,0
592,9.866667,170.85698,0.049103677,-2.6940272,-0.002831851,0.000105562256,0.3211451,0
593,9.883333,170.85689,0.049112663,-2.6941257,-0.0028317035,0.00010623115,0.32114378,0
594,9.9,170.8568,0.049121592,-2.6942258,-0.002831376,0.00010604757,0.3211424,0
595,9.916667,170.8567,0.049130715,-2.6943233,-0.0028311168,0.00011126627,0.32114112,0
596,9.933333,170.85661,0.04913994,-2.6944237,-0.0028308113,0.0001073888,0.32113978,0
597,9.95,170.85652,0.049148962,-2.6945248,-0.0028305952,0.000105131854,0.3211384,0
598,9.966666,170.85643,0.0491579,-2.6946244,-0.0028302171,0.00010593411,0.3211371,0
599,9.983334,170.85634,0.049167097,-2.6947265,-0.0028299505,0.00010635629,0.32113576,0
600,10,170.85626,0.04917612,-2.6948237,-0.0028297047,0.00010589368,0.32113445,0
601,10.016666,170.85616,0.049185075,-2.6949246,-0.0028295184,0.00010707012,0.32113308,0
602,10.033334,170.85606,0.049194116,-2.6950252,-0.0028293412,0.0001091188,0.32113174,0
603,10.05,170.85599,0.0492031,-2.6951249,-0.0028290208,0.00010522468,0.32113037,0
604,10.066667,170.8559,0.049212087,-2.6952245,-0.002828747,0.00010488911,0.32112905,0
605,10.083333,170.8558,0.049220994,-2.6953235,-0.0028284937,0.00010612204,0.32112774,0
606,10.1,170.85571,0.049230076,-2.6954212,-0.0028282478,0.00010658546,0.32112643,0
607,10.116667,170.85562,0.049239125,-2.6955214,-0.002827959,0.00011081596,0.3211251,0
608,10.133333,170.85553,0.049248144,-2.695621,-0.0028276385,0.00010695937,0.32112378,0
609,10.15,170.85544,0.049256746,-2.6957161,-0.0028270737,0.00010412113,0.32112253,0
610,10.166667,170.85536,0.049265202,-2.6957984,-0.0028263754,9.535503e-05,0.32112166,0
611,10.183333,170.8553,0.049275033,-2.695881,-0.0028249722,0.0001177564,0.32112128,0
612,10.2,170.85522,0.04928471,-2.6959572,-0.0028240872,0.00011334119,0.32112098,0
613,10.216666,170.85516,0.049292766,-2.6960368,-0.002823204,9.406792e-05,0.32112068,0
614,10.233334,170.85509,0.049300484,-2.696115,-0.0028224606,9.3675786e-05,0.32112038,0
615,10.25,170.85501,0.049308155,-2.6961925,-0.0028216727,8.83457e-05,0.32112005,0
616,10.266666,170.85495,0.049316004,-2.696275,-0.0028207968,9.3727e-05,0.32111967,0
617,10.283334,170.85487,0.04932399,-2.6963577,-0.0028199493,9.5377436e-05,0.32111928,0
618,10.3,170.8548,0.049331807,-2.696443,-0.0028190585,9.2878676e-05,0.3211188,0
619,10.316667,170.8547,0.0493397,-2.696537,-0.0028181216,9.602001e-05,0.32111827,0
620,10.333333,170.85463,0.04934771,-2.6966243,-0.0028172755,9.549049e-05,0.32111767,0
621,10.35,170.85454,0.049355634,-2.6967158,-0.002816428,9.2274786e-05,0.32111707,0
622,10.366667,170.85446,0.049363356,-2.696803,-0.0028155951,9.357698e-05,0.32111645,0
623,10.383333,170.85439,0.04937132,-2.6968951,-0.002814727,9.76746e-05,0.32111582,0
624,10.4,170.8543,0.04937936,-2.6969838,-0.0028138196,9.7110074e-05,0.3211152,0
625,10.416667,170.85422,0.049387585,-2.697077,-0.002812914,9.704362e-05,0.3211145,0
626,10.433333,170.85413,0.049395606,-2.6971684,-0.0028120887,9.631645e-05,0.32111385,0
627,10.45,170.85405,0.049403768,-2.6972637,-0.0028111457,9.9148376e-05,0.32111314,0
628,10.466666,170.85396,0.04941195,-2.6973557,-0.0028103427,9.914652e-05,0.32111242,0
629,10.483334,170.85387,0.049420286,-2.6974566,-0.0028095548,0.00010037982,0.32111153,0
630,10.5,170.85378,0.04942851,-2.6975515,-0.002808597,9.25567e-05,0.32111073,0
631,10.516666,170.85368,0.049436674,-2.697656,-0.002807876,0.00010095318,0.32110974,0
632,10.533334,170.85359,0.04944503,-2.6977577,-0.0028070523,9.776905e-05,0.3211088,0
633,10.55,170.85349,0.049453262,-2.697864,-0.0028061229,9.695295e-05,0.32110772,0
634,10.566667,170.8534,0.04946157,-2.697972,-0.002805372,0.00010045567,0.32110658,0
635,10.583333,170.85329,0.049469955,-2.69808,-0.0028045485,0.00010247373,0.32110542,0
636,10.6,170.8532,0.049478494,-2.6981924,-0.002803738,0.00010063653,0.32110423,0
637,10.616667,170.85309,0.049487043,-2.6983032,-0.002802907,0.000102186765,0.32110304,0
638,10.633333,170.85298,0.049495567,-2.6984131,-0.0028020744,0.00010239695,0.32110184,0
639,10.65,170.85289,0.049504273,-2.6985233,-0.002801167,0.000104008745,0.32110065,0
640,10.666667,170.85274,0.049512643,-2.6986742,-0.0028007815,0.00011549919,0.32109815,0
641,10.683333,170.8526,0.04952078,-2.698818,-0.0028009529,7.518044e-05,0.3210958,0
642,10.7,170.85248,0.049528748,-2.6989522,-0.002801182,8.9031164e-05,0.32109368,0
643,10.716666,170.85236,0.049536776,-2.6990857,-0.0028012788,0.00011688339,0.32109162,0
644,10.733334,170.85222,0.049544644,-2.6992254,-0.002801562,9.4052346e-05,0.3210894,0
645,10.75,170.8521,0.04955256,-2.6993604,-0.0028016663,0.00010025678,0.32108724,0
646,10.766666,170.85196,0.049560513,-2.699499,-0.002802052,8.989785e-05,0.32108504,0
647,10.783334,170.85184,0.0495683,-2.6996334,-0.002802238,0.00010132218,0.32108295,0
648,10.8,170.85172,0.049576256,-2.6997664,-0.0028023631,6.0508635e-05,0.32108077,0
649,10.816667,170.8516,0.049584236,-2.6999,-0.002802475,8.4482985e-05,0.3210787,0
650,10.833333,170.85146,0.04959212,-2.700037,-0.0028028772,0.000111443595,0.32107648,0
651,10.85,170.85132,0.049600072,-2.7001767,-0.0028029573,0.00012759118,0.3210743,0
652,10.866667,170.8512,0.049611043,-2.7003183,-0.0028025643,0.00013485276,0.3210723,0
653,10.883333,170.85106,0.04962221,-2.7004616,-0.0028021561,0.0001330337,0.32107022,0
654,10.9,170.85094,0.0496332,-2.700605,-0.002801754,0.00010365727,0.32106817,0
655,10.916667,170.8508,0.049644444,-2.700746,-0.0028011522,0.00017293206,0.32106617,0
656,10.933333,170.85066,0.049655456,-2.700889,-0.0028008337,0.00013651124,0.32106405,0
657,10.95,170.85052,0.04966663,-2.7010372,-0.0028003734,0.00011576918,0.32106197,0
658,10.966666,170.8504,0.049677707,-2.7011795,-0.002800053,0.00013385387,0.3210599,0
659,10.983334,170.85027,0.049688745,-2.7013235,-0.002799682,0.00014098812,0.32105783,0
660,11,170.85013,0.04969994,-2.7014682,-0.002799155,0.00013516675,0.3210557,0
661,11.016666,170.85,0.049710926,-2.7016063,-0.0027988048,0.00014505045,0.3210537,0
662,11.033334,170.84987,0.049722143,-2.701751,-0.0027983147,0.00014100902,0.32105166,0
663,11.05,170.84973,0.049733218,-2.7018993,-0.0027978693,0.000113944836,0.32104948,0
664,11.066667,170.84961,0.049744386,-2.7020414,-0.002797549,0.00014731623,0.3210474,0
665,11.083333,170.84947,0.049755685,-2.702184,-0.0027969547,0.00013153613,0.32104537,0
666,11.1,170.84933,0.049766798,-2.702328,-0.002796621,0.00016076463,0.32104328,0
667,11.116667,170.84921,0.049777944,-2.7024717,-0.0027960269,0.00011673531,0.32104123,0
668,11.133333,170.84908,0.04978918,-2.7026174,-0.0027956113,0.00013403625,0.3210391,0
669,11.15,170.84894,0.049800225,-2.702758,-0.0027952685,0.0001333641,0.32103708,0
670,11.166667,170.84882,0.049811363,-2.7029035,-0.0027948008,0.00016246803,0.32103497,0
671,11.183333,170.84868,0.049822647,-2.7030454,-0.0027943032,0.00012887099,0.3210329,0
672,11.2,170.84854,0.049833722,-2.7031913,-0.0027937759,0.00015031219,0.3210308,0
673,11.216666,170.84842,0.04984473,-2.7033331,-0.0027933812,0.00013860001,0.32102874,0
674,11.233334,170.84828,0.04985586,-2.7034757,-0.0027930324,0.00014197815,0.32102668,0
675,11.25,170.84814,0.04986704,-2.7036204,-0.0027924755,0.00011091138,0.3210246,0
676,11.266666,170.84802,0.049878202,-2.7037642,-0.0027917768,0.00014107641,0.32102254,0
677,11.283334,170.84789,0.049889475,-2.7039046,-0.0027913388,0.0001213259,0.3210205,0
678,11.3,170.84775,0.0499006,-2.7040496,-0.002790907,0.00014343369,0.3210184,0
679,11.316667,170.84763,0.049911786,-2.704192,-0.0027906403,0.00016825658,0.32101634,0
680,11.333333,170.84749,0.049922768,-2.7043335,-0.002790277,0.00013672432,0.3210142,0
681,11.35,170.84735,0.04993418,-2.7044785,-0.002789696,0.00014833633,0.32101214,0
682,11.366667,170.84723,0.049945317,-2.7046237,-0.0027892876,0.00014449634,0.32101002,0
683,11.383333,170.84709,0.049956437,-2.7047665,-0.0027888499,0.00011190064,0.32100794,0
684,11.4,170.84697,0.04996767,-2.7049031,-0.0027882033,0.00015709162,0.3210059,0
685,11.416667,170.84685,0.04997878,-2.7050347,-0.0027876312,0.0001479191,0.3210038,0
686,11.433333,170.84673,0.04999008,-2.7051659,-0.0027869998,0.0001366251,0.3210017,0
687,11.45,170.8466,0.050001424,-2.7052972,-0.002786316,0.00012729902,0.3209997,0
688,11.466666,170.84648,0.050012533,-2.7054298,-0.0027858482,0.0001352828,0.3209976,0
689,11.483334,170.84637,0.05002357,-2.7055583,-0.0027852915,0.00016973978,0.32099557,0
690,11.5,170.84624,0.0500348,-2.705693,-0.0027847344,0.00013605367,0.32099333,0
691,11.516666,170.84612,0.05004595,-2.705826,-0.0027842517,0.00010803576,0.3209912,0
692,11.533334,170.84601,0.050056957,-2.7059546,-0.002783635,0.00015563508,0.32098916,0
693,11.55,170.84589,0.050068185,-2.7060878,-0.0027829362,0.00012817606,0.32098705,0
694,11.566667,170.84576,0.050079267,-2.7062178,-0.0027824016,0.00012464612,0.32098493,0
695,11.583333,170.84564,0.050090328,-2.7063498,-0.0027817998,0.00015381063,0.3209828,0
696,11.6,170.84552,0.05010179,-2.7064831,-0.0027811383,0.0001305596,0.32098073,0
697,11.616667,170.8454,0.050112832,-2.7066164,-0.002780684,0.00013733837,0.32097852,0
698,11.633333,170.84528,0.05012403,-2.7067468,-0.0027799944,0.00014430196,0.32097644,0
699,11.65,170.84515,0.050135,-2.7068787,-0.0027794954,0.00013986671,0.32097426,0
700,11.666667,170.84505,0.050146256,-2.707008,-0.0027788058,0.00013931718,0.32097217,0
701,11.683333,170.84492,0.050157312,-2.707142,-0.0027782621,0.00013745927,0.32096997,0
702,11.7,170.8448,0.05016866,-2.7072737,-0.0027774456,0.00011352995,0.32096788,0
703,11.716666,170.84468,0.05017992,-2.7074041,-0.0027769036,0.00015852116,0.32096574,0
704,11.733334,170.84456,0.05019098,-2.7075388,-0.0027763539,0.00012946872,0.32096356,0
705,11.75,170.84444,0.050202,-2.7076695,-0.0027758698,0.00011795786,0.32096133,0
706,11.766666,170.84431,0.050213102,-2.7078047,-0.0027751802,8.85804e-05,0.32095918,0
707,11.783334,170.8442,0.05022405,-2.7079391,-0.002774608,0.00011479244,0.32095698,0
708,11.8,170.84407,0.050235063,-2.70807,-0.0027739168,9.257027e-05,0.32095486,0
709,11.816667,170.84395,0.050246168,-2.7082021,-0.002773427,0.00017159904,0.3209527,0
710,11.833333,170.84383,0.050257154,-2.7083373,-0.0027727357,0.00012704913,0.3209505,0
711,11.85,170.8437,0.050268196,-2.7084715,-0.0027722516,0.00012440066,0.32094833,0
712,11.866667,170.84358,0.050279357,-2.7086053,-0.0027715175,0.00012885341,0.32094616,0
713,11.883333,170.84346,0.05029035,-2.7087395,-0.0027710558,0.0001463149,0.320944,0
714,11.9,170.84332,0.050301455,-2.7088747,-0.0027703661,0.00013269385,0.3209419,0
715,11.916667,170.8432,0.050312527,-2.7090094,-0.0027696823,0.00012875556,0.32093972,0
716,11.933333,170.84308,0.05032336,-2.709144,-0.0027691848,0.0001247847,0.32093757,0
717,11.95,170.84296,0.050334442,-2.7092774,-0.0027685384,0.0001285672,0.32093552,0
718,11.966666,170.84283,0.05034537,-2.70941,-0.0027678024,0.00016626452,0.32093346,0
719,11.983334,170.84271,0.050356265,-2.7095509,-0.0027672453,0.00010186333,0.3209312,0
720,12,170.84259,0.050367385,-2.7096808,-0.0027666586,0.00015270385,0.32092914,0
721,12.016666,170.86351,0.0725733,-2.7109692,-0.0010508683,0.15007481,0.321318,0
722,12.033334,170.87627,0.08571196,-2.7113545,0.0014519116,0.15020229,0.32188615,0
723,12.05,170.88895,0.098736204,-2.711691,0.0039551994,0.1501982,0.32245317,0
724,12.066667,170.90158,0.1116861,-2.7120013,0.0064581768,0.15019296,0.32301944,0
725,12.083333,170.91422,0.124578774,-2.7122638,0.008961343,0.15022695,0.323585,0
726,12.1,170.92677,0.13736583,-2.7124894,0.011464506,0.15021712,0.3241501,0
727,12.116667,170.93925,0.15000848,-2.712651,0.013967454,0.15017715,0.32471508,0
728,12.133333,170.95164,0.16254523,-2.7127972,0.016470183,0.15017259,0.32528043,0
729,12.15,170.96399,0.17500879,-2.7129283,0.018973267,0.15018639,0.3258465,0
730,12.166667,170.97604,0.18717699,-2.7130342,0.021475773,0.15020894,0.3264135,0
731,12.183333,170.98808,0.19934838,-2.7131608,0.023978047,0.15020026,0.32698196,0
732,12.2,171.0001,0.21147527,-2.713273,0.026480407,0.15019074,0.32755175,0
733,12.216666,171.0121,0.22358319,-2.713386,0.028983226,0.15019317,0.32812303,0
734,12.233334,171.02406,0.2356748,-2.7135148,0.03148574,0.15018097,0.32869563,0
735,12.25,171.03593,0.2476482,-2.713621,0.033988964,0.15019538,0.32926962,0
736,12.266666,171.04776,0.2596116,-2.7137542,0.036492012,0.15019664,0.32984474,0
737,12.283334,171.05952,0.27150184,-2.7138846,0.038994808,0.15019296,0.330421,0
738,12.3,171.07118,0.2833082,-2.7140281,0.041497916,0.15019289,0.33099836,0
739,12.316667,171.08275,0.29503056,-2.7141912,0.044001356,0.15019356,0.3315765,0
740,12.333333,171.0942,0.30667147,-2.7143748,0.04650446,0.15019351,0.33215508,0
741,12.35,171.10556,0.31823117,-2.714574,0.049007647,0.15019187,0.33273402,0
742,12.366667,171.1168,0.32971054,-2.714808,0.051510964,0.15018956,0.33331284,0
743,12.383333,171.12796,0.34111103,-2.7150543,0.054013707,0.1501868,0.33389136,0
744,12.4,171.13898,0.3524334,-2.7153592,0.05651666,0.15018499,0.33446914,0
745,12.416667,171.14993,0.36368018,-2.7156518,0.059019875,0.1501824,0.3350463,0
746,12.433333,171.16075,0.3748656,-2.7160134,0.061522692,0.15022074,0.3356223,0
747,12.45,171.17148,0.38595954,-2.7163837,0.06402599,0.15020792,0.33619723,0
748,12.466666,171.18207,0.39698073,-2.716809,0.06652913,0.15017813,0.3367709,0
749,12.483334,171.1926,0.40793484,-2.7172472,0.069031924,0.15017477,0.33734342,0
750,12.5,171.203,0.4188227,-2.717725,0.07153453,0.15017284,0.3379148,0
751,12.516666,171.21332,0.4296402,-2.7182243,0.07403719,0.15015616,0.33848527,0
752,12.533334,171.22356,0.44040352,-2.7187426,0.07654063,0.15018171,0.33905533,0
753,12.55,171.23373,0.45110115,-2.7192752,0.07904358,0.15019205,0.33962488,0
754,12.566667,171.24376,0.4617208,-2.7198658,0.08154618,0.15016736,0.3401939,0
755,12.583333,171.25375,0.47228643,-2.7204373,0.084048994,0.15016416,0.34076324,0
756,12.6,171.26366,0.4827893,-2.721037,0.08655156,0.15016076,0.3413329,0
757,12.616667,171.2735,0.49322945,-2.721633,0.089053966,0.1501533,0.34190312,0
758,12.633333,171.28326,0.5036072,-2.7222383,0.09155652,0.15015122,0.34247434,0
759,12.65,171.29298,0.5139215,-2.7228332,0.09405848,0.15014389,0.3430463,0
760,12.666667,171.30264,0.52417755,-2.723435,0.09656011,0.15016346,0.34361947,0
761,12.683333,171.31226,0.5343615,-2.7240107,0.09906181,0.15014854,0.34419385,0
762,12.7,171.3219,0.5447551,-2.724763,0.1015632,0.1498523,0.34477207,0
763,12.716666,171.33156,0.555249,-2.7256002,0.10406473,0.14985481,0.345358,0
764,12.733334,171.3412,0.5656637,-2.7263668,0.10656549,0.14984381,0.34594226,0
765,12.75,171.35107,0.57609695,-2.7269204,0.10906948,0.15015662,0.34652865,0
766,12.766666,171.36098,0.5864337,-2.7273612,0.111574374,0.15020771,0.34711394,0
767,12.783334,171.3708,0.59664464,-2.727736,0.11407883,0.15014863,0.34769666,0
768,12.8,171.38063,0.6067784,-2.7280514,0.1165826,0.1501436,0.34827703,0
769,12.816667,171.39043,0.6168327,-2.7283037,0.11908654,0.15013957,0.34885553,0
770,12.833333,171.40012,0.62672836,-2.7285197,0.12158936,0.15012594,0.34943268,0
771,12.85,171.40933,0.6361454,-2.728711,0.124092594,0.15010907,0.35001013,0
772,12.866667,171.41853,0.6455231,-2.7288918,0.12659577,0.15014517,0.3505892,0
773,12.883333,171.4277,0.6548484,-2.729047,0.12909913,0.15012679,0.35116953,0
774,12.9,171.43681,0.6641289,-2.7292178,0.13160257,0.15011133,0.35175124,0
775,12.916667,171.44589,0.67335147,-2.7293684,0.13410635,0.15010436,0.35233414,0
776,12.933333,171.4549,0.68253917,-2.7295425,0.13661033,0.15010403,0.35291818,0
777,12.95,171.46388,0.6916895,-2.7297082,0.1391145,0.15011226,0.35350347,0
778,12.966666,171.47284,0.7008016,-2.7298653,0.14161827,0.1501116,0.35409,0
779,12.983334,171.48175,0.7098757,-2.730034,0.14412226,0.15011817,0.35467792,0
780,13,171.4906,0.7188941,-2.7301953,0.14662622,0.1501459,0.35526693,0
781,13.016666,171.4994,0.72785646,-2.730359,0.14912967,0.15013726,0.35585722,0
782,13.033334,171.50815,0.7367809,-2.730535,0.15163329,0.15013367,0.35644862,0
783,13.05,171.51683,0.74565905,-2.7307372,0.15413675,0.1501374,0.357041,0
784,13.066667,171.52545,0.75450796,-2.7309568,0.15664111,0.15016332,0.35763422,0
785,13.083333,171.53398,0.76327795,-2.7311983,0.15914516,0.15012972,0.35822827,0
786,13.1,171.54243,0.7719794,-2.7314487,0.16164893,0.15015483,0.3588231,0
787,13.116667,171.5508,0.7805965,-2.731709,0.16415276,0.15014695,0.35941872,0
788,13.133333,171.55904,0.7891417,-2.7320015,0.16665654,0.15014878,0.3600147,0
789,13.15,171.56723,0.7976061,-2.7322829,0.16916041,0.15013164,0.36061057,0
790,13.166667,171.57527,0.806002,-2.7326384,0.17166474,0.15015994,0.36120585,0
791,13.183333,171.58324,0.8143192,-2.73299,0.17416942,0.15015513,0.36180067,0
792,13.2,171.59108,0.8225613,-2.7333834,0.17667384,0.15014632,0.36239427,0
793,13.216666,171.59883,0.83073425,-2.7338045,0.17917798,0.150152,0.36298656,0
794,13.233334,171.60648,0.8388342,-2.7342553,0.18168248,0.15015124,0.36357725,0
795,13.25,171.61404,0.8468587,-2.734722,0.18418619,0.15015453,0.36416623,0
796,13.266666,171.62149,0.8548197,-2.7352273,0.18668999,0.150132,0.3647533,0
797,13.283334,171.62886,0.86271423,-2.735749,0.18919383,0.15012951,0.36533856,0
798,13.3,171.63617,0.8705471,-2.736286,0.19169724,0.15015711,0.36592212,0
799,13.316667,171.64337,0.87830573,-2.736842,0.19420113,0.15015115,0.36650404,0
800,13.333333,171.65048,0.8859995,-2.737413,0.19670501,0.15015133,0.36708462,0
801,13.35,171.65756,0.89361876,-2.7379656,0.19920865,0.15011363,0.36766407,0
802,13.366667,171.66454,0.90118057,-2.738546,0.2017116,0.15011497,0.3682427,0
803,13.383333,171.67145,0.9086755,-2.7391229,0.20421502,0.15011421,0.36882088,0
804,13.4,171.67834,0.9161012,-2.7396586,0.20671606,0.15011258,0.3693995,0
805,13.416667,171.68518,0.9234597,-2.740179,0.20921701,0.15011524,0.36997852,0
806,13.433333,171.69194,0.9307449,-2.740702,0.21171807,0.15010959,0.37055779,0
807,13.45,171.69865,0.93795985,-2.7412083,0.2142189,0.15011165,0.37113777,0
808,13.466666,171.70529,0.94510055,-2.741715,0.21672016,0.15011258,0.37171856,0
809,13.483334,171.71185,0.95216334,-2.7422109,0.21922156,0.1501055,0.3723003,0
810,13.5,171.71835,0.95915055,-2.742699,0.22172303,0.15011169,0.37288305,0
811,13.516666,171.72481,0.96605694,-2.7431557,0.22422425,0.15011317,0.37346688,0
812,13.533334,171.73117,0.9728809,-2.7436078,0.22672527,0.15011233,0.37405172,0
813,13.55,171.73749,0.979624,-2.7440434,0.2292264,0.15012217,0.37463734,0
814,13.566667,171.74371,0.986278,-2.744464,0.23172703,0.15010941,0.37522367,0
815,13.583333,171.74992,0.99285215,-2.7448359,0.23422821,0.150123,0.37581077,0
816,13.6,171.75603,0.9993367,-2.7452173,0.23672949,0.15012175,0.3763982,0
817,13.616667,171.76207,1.005731,-2.7455633,0.23923081,0.15010644,0.37698588,0
818,13.633333,171.76804,1.0120344,-2.7458968,0.24173176,0.15009838,0.3775735,0
819,13.65,171.77397,1.0182614,-2.7461984,0.24423322,0.15010816,0.3781611,0
820,13.666667,171.77982,1.0244011,-2.7464893,0.24673419,0.15011115,0.3787484,0
821,13.683333,171.7856,1.030455,-2.7467604,0.24923475,0.15010755,0.37933528,0
822,13.7,171.79132,1.0364295,-2.7470129,0.25173545,0.15011905,0.3799219,0
823,13.716666,171.79697,1.042317,-2.7472503,0.25423622,0.15010616,0.3805083,0
824,13.733334,171.80255,1.0481268,-2.7474737,0.25673723,0.15010591,0.38109463,0
825,13.75,171.80807,1.0538592,-2.7476907,0.25923842,0.15011302,0.38168094,0
826,13.766666,171.81352,1.0595105,-2.7478828,0.26173973,0.15010461,0.38226733,0
827,13.783334,171.8189,1.0650842,-2.7480953,0.2642407,0.15010269,0.3828539,0
828,13.8,171.8242,1.0705922,-2.7482934,0.26674172,0.15011472,0.38344097,0
829,13.816667,171.82944,1.076018,-2.748485,0.26924267,0.15010287,0.38402867,0
830,13.833333,171.8346,1.0813723,-2.7486775,0.27174363,0.15010332,0.38461718,0
831,13.85,171.83969,1.0866606,-2.7488737,0.2742445,0.15010844,0.3852065,0
832,13.866667,171.8447,1.0918753,-2.7490804,0.27674568,0.15010658,0.3857968,0
833,13.883333,171.84964,1.0970211,-2.7492785,0.27924684,0.15010665,0.386388,0
834,13.9,171.85449,1.1020986,-2.7495012,0.2817477,0.15010637,0.38698,0
835,13.916667,171.85928,1.1071085,-2.7497222,0.28424856,0.15010576,0.3875728,0
836,13.933333,171.864,1.1120514,-2.749949,0.28674936,0.15010408,0.38816613,0
837,13.95,171.86864,1.1169277,-2.7501974,0.28925017,0.15010527,0.38875973,0
838,13.966666,171.87318,1.1217378,-2.7504635,0.29175112,0.15010478,0.3893534,0
839,13.983334,171.87766,1.1264819,-2.7507274,0.29425228,0.1501046,0.3899469,0
840,14,171.88205,1.1311598,-2.7510185,0.29675326,0.15010422,0.3905397,0
841,14.016666,171.87012,1.1199541,-2.7517357,0.2972812,8.969082e-05,0.39067227,0
842,14.033334,171.87,1.1199566,-2.7518578,0.29728118,8.890529e-05,0.39067397,0
843,14.05,171.86992,1.1199596,-2.7519383,0.2972815,9.913391e-05,0.390673,0
844,14.066667,171.86983,1.1199626,-2.7520359,0.29728204,0.000100338846,0.39067057,0
845,14.083333,171.86972,1.1199657,-2.7521472,0.29728213,9.680464e-05,0.3906668,0
846,14.1,171.86958,1.1199685,-2.7522895,0.29728225,9.196808e-05,0.39066184,0
847,14.116667,171.86943,1.1199713,-2.7524424,0.29728216,9.106994e-05,0.39065585,0
848,14.133333,171.86926,1.119974,-2.7526128,0.29728225,9.097358e-05,0.39064905,0
849,14.15,171.8691,1.1199769,-2.752784,0.29728216,9.1339934e-05,0.39064184,0
850,14.166667,171.86891,1.1199796,-2.7529774,0.29728228,9.154083e-05,0.39063424,0
851,14.183333,171.86871,1.1199824,-2.7531781,0.29728225,9.177613e-05,0.39062667,0
852,14.2,171.8685,1.1199852,-2.7533834,0.2972824,9.197648e-05,0.3906193,0
853,14.216666,171.86829,1.119988,-2.7536025,0.29728252,9.219932e-05,0.3906122,0
854,14.233334,171.86807,1.1199907,-2.753822,0.2972827,9.256861e-05,0.39060584,0
855,14.25,171.86784,1.1199936,-2.75405,0.2972827,9.251587e-05,0.3906001,0
856,14.266666,171.86761,1.1199963,-2.7542849,0.29728267,9.316506e-05,0.3905951,0
857,14.283334,171.86739,1.1199992,-2.7545135,0.2972827,8.9329704e-05,0.3905909,0
858,14.3,171.86717,1.120002,-2.7547343,0.2972827,9.379082e-05,0.39058754,0
859,14.316667,171.86696,1.1200048,-2.7549472,0.29728276,9.235122e-05,0.39058492,0
860,14.333333,171.86676,1.1200075,-2.7551482,0.29728273,9.263098e-05,0.39058304,0
861,14.35,171.86658,1.1200103,-2.7553353,0.29728276,9.2512586e-05,0.3905817,0
862,14.366667,171.86641,1.1200131,-2.7555125,0.29728276,9.262211e-05,0.39058077,0
863,14.383333,171.86624,1.1200159,-2.755673,0.29728284,9.268803e-05,0.39058024,0
864,14.4,171.8661,1.1200186,-2.755817,0.29728296,9.21486e-05,0.39057985,0
865,14.416667,171.86597,1.1200213,-2.755958,0.29728287,9.151928e-05,0.39057952,0
866,14.433333,171.86584,1.1200242,-2.756081,0.29728293,8.900099e-05,0.3905792,0
867,14.45,171.86574,1.1200268,-2.7561867,0.29728296,8.5711225e-05,0.39057887,0
868,14.466666,171.86565,1.1200292,-2.7562835,0.29728305,8.771347e-05,0.39057845,0
869,14.483334,171.86555,1.120032,-2.756372,0.29728332,9.79062e-05,0.39057827,0
870,14.5,171.86546,1.1200348,-2.756468,0.2972834,9.6755524e-05,0.3905779,0
871,14.516666,171.86537,1.1200376,-2.7565627,0.29728356,9.6568336e-05,0.3905776,0
872,14.533334,171.86528,1.1200404,-2.7566597,0.2972836,9.881314e-05,0.39057723,0
873,14.55,171.86519,1.1200433,-2.7567515,0.29728365,0.00010128657,0.39057693,0
874,14.566667,171.86511,1.1200461,-2.7568426,0.29728395,0.000101800324,0.3905767,0
875,14.583333,171.86502,1.120049,-2.7569373,0.29728416,9.9882374e-05,0.3905764,0
876,14.6,171.86493,1.1200519,-2.7570314,0.29728428,9.716323e-05,0.3905761,0
877,14.616667,171.86484,1.1200546,-2.7571266,0.29728442,9.754179e-05,0.39057577,0
878,14.633333,171.86475,1.1200573,-2.7572136,0.2972846,9.534892e-05,0.3905754,0
879,14.65,171.86465,1.1200601,-2.7573063,0.2972847,9.4926785e-05,0.39057517,0
880,14.666667,171.86456,1.1200628,-2.7573972,0.29728487,9.462663e-05,0.39057487,0
881,14.683333,171.86447,1.1200656,-2.7574933,0.29728514,9.751386e-05,0.3905745,0
882,14.7,171.86438,1.1200684,-2.757586,0.2972855,9.951146e-05,0.3905743,0
883,14.716666,171.86429,1.1200713,-2.7576792,0.29728577,0.000100146506,0.39057392,0
884,14.733334,171.86421,1.1200742,-2.7577693,0.29728585,0.00010023243,0.39057368,0
885,14.75,171.86412,1.120077,-2.7578592,0.2972859,0.000100759404,0.39057347,0
886,14.766666,171.86403,1.1200799,-2.7579477,0.29728606,9.859925e-05,0.39057338,0
887,14.783334,171.86395,1.1200827,-2.7580316,0.29728606,9.921852e-05,0.3905733,0
888,14.8,171.86388,1.1200856,-2.758115,0.29728636,9.988542e-05,0.39057314,0
889,14.816667,171.8638,1.1200885,-2.758197,0.29728645,9.863096e-05,0.390573,0
890,14.833333,171.86371,1.1200913,-2.7582865,0.29728657,9.9169265e-05,0.39057288,0
891,14.85,171.86362,1.1200942,-2.7583723,0.29728672,0.0001016708,0.3905728,0
892,14.866667,171.86354,1.120097,-2.7584593,0.297287,0.00010074479,0.39057267,0
893,14.883333,171.86345,1.1200999,-2.7585464,0.29728705,9.940474e-05,0.39057255,0
894,14.9,171.86337,1.1201028,-2.7586343,0.29728708,9.898901e-05,0.39057234,0
895,14.916667,171.86328,1.1201055,-2.7587223,0.2972872,9.8738856e-05,0.39057225,0
896,14.933333,171.8632,1.1201084,-2.758811,0.29728726,9.9661505e-05,0.39057207,0
897,14.95,171.86313,1.1201112,-2.7588925,0.29728723,9.8333374e-05,0.39057192,0
898,14.966666,171.86304,1.120114,-2.7589808,0.29728743,9.979006e-05,0.39057183,0
899,14.983334,171.86296,1.1201168,-2.7590656,0.29728755,9.817513e-05,0.39057174,0
900,15,171.86287,1.1201197,-2.7591565,0.29728767,9.922211e-05,0.3905716,0
901,15.016666,171.86278,1.1201226,-2.7592428,0.29728794,9.955185e-05,0.39057148,0
902,15.033334,171.86269,1.1201253,-2.7593343,0.29728815,9.8956225e-05,0.3905713,0
903,15.05,171.86261,1.1201282,-2.759421,0.29728818,0.000100915626,0.3905712,0
904,15.066667,171.86253,1.120131,-2.759495,0.29728827,0.00010042621,0.39057115,0
905,15.083333,171.86246,1.1201339,-2.759581,0.29728857,9.666109e-05,0.39057097,0
906,15.1,171.86238,1.1201367,-2.7596653,0.2972886,0.00010047862,0.39057088,0
907,15.116667,171.86229,1.1201397,-2.7597456,0.2972887,0.000102096936,0.3905707,0
908,15.133333,171.86221,1.1201426,-2.7598283,0.29728884,0.000103004,0.39057052,0
909,15.15,171.86214,1.1201454,-2.7599106,0.297289,0.00010175647,0.39057046,0
910,15.166667,171.86206,1.1201484,-2.7599885,0.29728922,0.000101125865,0.3905703,0
911,15.183333,171.86198,1.1201513,-2.7600722,0.29728928,0.00010146365,0.39057022,0
912,15.2,171.86191,1.1201541,-2.760156,0.29728958,0.000100351004,0.3905701,0
913,15.216666,171.86183,1.120157,-2.7602296,0.29728958,9.9446836e-05,0.39056998,0
914,15.233334,171.86174,1.1201599,-2.760318,0.29728952,9.7164084e-05,0.39056984,0
915,15.25,171.86166,1.1201626,-2.7604043,0.2972895,9.388921e-05,0.3905697,0
916,15.266666,171.86159,1.1201655,-2.7604823,0.29728958,9.7309305e-05,0.39056954,0
917,15.283334,171.86151,1.1201682,-2.7605662,0.29728958,9.675894e-05,0.39056942,0
918,15.3,171.86142,1.1201711,-2.7606487,0.29728976,0.00010069534,0.39056936,0
919,15.316667,171.86134,1.1201739,-2.7607336,0.2972899,0.00010106518,0.39056918,0
920,15.333333,171.86127,1.1201768,-2.7608113,0.29729003,0.00010000419,0.3905691,0
921,15.35,171.86119,1.1201797,-2.7608974,0.29729018,9.92119e-05,0.39056903,0
922,15.366667,171.86111,1.1201824,-2.7609744,0.2972903,9.948952e-05,0.39056882,0
923,15.383333,171.86102,1.1201853,-2.7610571,0.29729053,9.717662e-05,0.3905688,0
924,15.4,171.86095,1.1201881,-2.7611423,0.29729065,9.869813e-05,0.39056867,0
925,15.416667,171.86087,1.120191,-2.761223,0.29729065,9.816154e-05,0.39056855,0
926,15.433333,171.86078,1.1201937,-2.7613106,0.29729077,9.992866e-05,0.3905684,0
927,15.45,171.8607,1.1201966,-2.761394,0.29729104,9.9469195e-05,0.39056832,0
928,15.466666,171.86063,1.1201994,-2.7614708,0.29729104,9.978617e-05,0.3905681,0
929,15.483334,171.86055,1.1202023,-2.7615561,0.2972911,9.955084e-05,0.390568,0
930,15.5,171.86046,1.120205,-2.7616427,0.2972913,0.0001012648,0.39056787,0
931,15.516666,171.86038,1.1202079,-2.7617233,0.29729137,0.00010052745,0.39056778,0
932,15.533334,171.8603,1.1202108,-2.761802,0.29729143,0.00010053938,0.3905676,0
933,15.55,171.86023,1.1202136,-2.7618852,0.29729164,0.00010091298,0.39056748,0
934,15.566667,171.86015,1.1202165,-2.7619705,0.29729173,0.00010129478,0.3905674,0
935,15.583333,171.86008,1.1202193,-2.762043,0.29729193,9.990067e-05,0.39056733,0
936,15.6,171.86,1.1202222,-2.7621245,0.29729193,0.000101194724,0.39056718,0
937,15.616667,171.85991,1.1202251,-2.7622142,0.29729202,0.000102232094,0.390567,0
938,15.633333,171.85983,1.1202279,-2.762295,0.2972923,9.983188e-05,0.3905669,0
939,15.65,171.85976,1.1202308,-2.7623742,0.29729253,9.868654e-05,0.3905668,0
940,15.666667,171.85968,1.1202328,-2.7624474,0.29729223,-2.3459188e-05,0.3905666,0
941,15.683333,171.85965,1.1202322,-2.7624872,0.29729134,-2.194457e-05,0.39056623,0
942,15.7,171.85962,1.1202315,-2.762513,0.29729053,-2.5407855e-05,0.390566,0
943,15.716666,171.85959,1.1202307,-2.7625437,0.2972897,-2.5750274e-05,0.3905657,0
944,15.733334,171.85956,1.12023,-2.7625785,0.29728875,-2.5895939e-05,0.39056528,0
945,15.75,171.85953,1.1202292,-2.7626095,0.2972879,-2.3661041e-05,0.39056498,0
946,15.766666,171.8595,1.1202286,-2.7626338,0.2972873,-2.794691e-05,0.39056465,0
947,15.783334,171.85947,1.1202279,-2.7626638,0.2972864,-2.2996823e-05,0.39056438,0
948,15.8,171.85944,1.1202272,-2.762691,0.29728583,-2.340773e-05,0.39056408,0
949,15.816667,171.85942,1.1202266,-2.7627141,0.2972852,-2.3663943e-05,0.3905638,0
950,15.833333,171.85939,1.1202259,-2.7627451,0.29728448,-2.3440338e-05,0.39056343,0
951,15.85,171.85936,1.1202252,-2.7627726,0.29728365,-2.2692857e-05,0.39056313,0
952,15.866667,171.85933,1.1202246,-2.762805,0.29728296,-2.4508581e-05,0.39056286,0
953,15.883333,171.8593,1.1202239,-2.7628329,0.2972823,-2.3512677e-05,0.39056256,0
954,15.9,171.85927,1.1202233,-2.7628522,0.29728162,-2.291737e-05,0.39056233,0
955,15.916667,171.85924,1.1202226,-2.762883,0.2972809,-2.2997294e-05,0.39056197,0
956,15.933333,171.85922,1.120222,-2.7629056,0.2972804,-2.2664235e-05,0.39056167,0
957,15.95,171.85919,1.1202213,-2.7629316,0.2972796,-2.3346869e-05,0.39056137,0
958,15.966666,171.85916,1.1202207,-2.762968,0.29727888,-2.2793343e-05,0.39056107,0
959,15.983334,171.85913,1.1202201,-2.7629876,0.29727817,-2.2932822e-05,0.39056084,0
960,16,171.85912,1.1202193,-2.7630134,0.2972776,-2.2463566e-05,0.39056054,0
961,16.016666,171.86821,1.1302572,-2.763945,0.29530963,-0.15005995,0.39010674,0
962,16.033333,171.86392,1.1263536,-2.7643409,0.29280707,-0.15004927,0.38952288,0
963,16.05,171.85954,1.1222705,-2.7646308,0.2903038,-0.1500443,0.38893756,0
964,16.066668,171.85512,1.1181077,-2.7648854,0.28780085,-0.15003951,0.38835227,0
965,16.083334,171.85059,1.1138288,-2.7651398,0.28529826,-0.15003863,0.38776702,0
966,16.1,171.84602,1.1094579,-2.7653377,0.2827959,-0.15003192,0.38718197,0
967,16.116667,171.84132,1.104928,-2.7655005,0.28029382,-0.15004139,0.3865971,0
968,16.133333,171.83649,1.1002474,-2.7656655,0.27779138,-0.15004013,0.3860123,0
969,16.15,171.83159,1.0955021,-2.7658217,0.2752886,-0.15003765,0.38542756,0
970,16.166666,171.82663,1.0906949,-2.7659729,0.27278578,-0.15003759,0.38484302,0
971,16.183332,171.8216,1.0858223,-2.7661297,0.27028352,-0.15003526,0.38425854,0
972,16.2,171.8165,1.080884,-2.7662866,0.26778153,-0.15002494,0.3836743,0
973,16.216667,171.81136,1.0758854,-2.7664318,0.26527923,-0.15002592,0.38309005,0
974,16.233334,171.80615,1.0708219,-2.7665784,0.2627767,-0.15002078,0.38250569,0
975,16.25,171.80084,1.0656967,-2.7667568,0.2602744,-0.15002823,0.3819212,0
976,16.266666,171.79549,1.0605044,-2.7669268,0.25777206,-0.15001974,0.38133666,0
977,16.283333,171.79005,1.0552541,-2.767102,0.2552697,-0.15003295,0.38075173,0
978,16.3,171.78455,1.0499257,-2.7672813,0.25276744,-0.1500213,0.38016647,0
979,16.316668,171.77895,1.0445288,-2.7674778,0.25026542,-0.15002736,0.37958094,0
980,16.333334,171.77327,1.0390521,-2.7676847,0.24776347,-0.15003558,0.37899473,0
981,16.35,171.7675,1.0334913,-2.767894,0.24526161,-0.15003635,0.37840813,0
982,16.366667,171.76161,1.0278485,-2.768139,0.24275964,-0.15003838,0.37782085,0
983,16.383333,171.75565,1.0221225,-2.768383,0.240257,-0.15003808,0.37723285,0
984,16.4,171.74956,1.0163145,-2.7686615,0.23775432,-0.1500383,0.3766442,0
985,16.416666,171.7434,1.010422,-2.7689316,0.23525156,-0.15003529,0.37605506,0
986,16.433332,171.7371,1.0044507,-2.7692435,0.23274939,-0.15003498,0.3754655,0
987,16.45,171.73076,0.99840385,-2.7695525,0.23024742,-0.15004188,0.37487546,0
988,16.466667,171.72429,0.9922776,-2.7698925,0.2277455,-0.15004493,0.37428504,0
989,16.483334,171.71773,0.98607063,-2.7702506,0.2252434,-0.15003635,0.3736942,0
990,16.5,171.71106,0.97979313,-2.7706347,0.2227414,-0.15004621,0.37310326,0
991,16.516666,171.70432,0.97343576,-2.7710302,0.22023949,-0.15003529,0.37251207,0
992,16.533333,171.69748,0.96700865,-2.7714243,0.21773717,-0.1500359,0.3719208,0
993,16.55,171.69057,0.9605102,-2.7718472,0.21523441,-0.15003765,0.37132946,0
994,16.566668,171.68356,0.9539414,-2.7722862,0.21273199,-0.15003999,0.37073827,0
995,16.583334,171.6765,0.9473053,-2.7727141,0.2102297,-0.15005101,0.37014732,0
996,16.6,171.66934,0.9405927,-2.7731538,0.20772788,-0.1500311,0.36955664,0
997,16.616667,171.66211,0.9338182,-2.7736084,0.20522574,-0.15003905,0.36896616,0
998,16.633333,171.65482,0.9269768,-2.774061,0.20272373,-0.15004966,0.36837587,0
999,16.65,171.64746,0.92005956,-2.7745004,0.20022142,-0.1500246,0.36778578,0
1000,16.666666,171.64005,0.91308177,-2.7749407,0.19771941,-0.15002885,0.36719602,0
1001,16.683332,171.63258,0.9060369,-2.7753577,0.1952172,-0.15003835,0.36660644,0
1002,16.7,171.62503,0.89891857,-2.7757936,0.19271511,-0.15002066,0.36601704,0
1003,16.716667,171.61746,0.8917409,-2.7761872,0.19021314,-0.15004617,0.3654278,0
1004,16.733334,171.60982,0.88449025,-2.776576,0.18771118,-0.15005396,0.36483872,0
1005,16.75,171.60211,0.8771607,-2.7769465,0.18520924,-0.15002348,0.3642497,0
1006,16.766666,171.59436,0.8697689,-2.777307,0.18270762,-0.15002835,0.36366075,0
1007,16.783333,171.58658,0.86230636,-2.7776258,0.18020555,-0.15003897,0.36307177,0
1008,16.8,171.57872,0.8547729,-2.7779493,0.1777036,-0.15005411,0.3624828,0
1009,16.816668,171.5708,0.84716225,-2.778257,0.1752018,-0.15003058,0.3618938,0
1010,16.833334,171.56285,0.8394814,-2.778538,0.17269948,-0.15003553,0.36130476,0
1011,16.85,171.55489,0.8319718,-2.7789845,0.17019552,-0.15037745,0.36071497,0
1012,16.866667,171.547,0.824572,-2.7794816,0.16768953,-0.15037835,0.36012498,0
1013,16.883333,171.53917,0.81708914,-2.7798266,0.1651808,-0.15035984,0.35953483,0
1014,16.9,171.53136,0.8094894,-2.7800388,0.16267,-0.15024836,0.35894522,0
1015,16.916666,171.5233,0.80146027,-2.780061,0.16016681,-0.15003964,0.35836032,0
1016,16.933332,171.51508,0.79329145,-2.7801156,0.15766509,-0.15002635,0.3577763,0
1017,16.95,171.50682,0.7850959,-2.7801745,0.1551632,-0.15003887,0.35719344,0
1018,16.966667,171.4985,0.7768525,-2.780243,0.15266149,-0.15003143,0.35661188,0
1019,16.983334,171.49019,0.7685654,-2.7802856,0.15015976,-0.15003401,0.35603157,0
1020,17,171.4818,0.7602326,-2.7803383,0.14765805,-0.15003234,0.35545242,0
1021,17.016666,171.47337,0.75186235,-2.7803962,0.14515628,-0.15005268,0.3548744,0
1022,17.033333,171.46487,0.74344707,-2.7804685,0.14265427,-0.15006483,0.35429752,0
1023,17.05,171.45634,0.73498505,-2.780538,0.14015123,-0.15011695,0.35372144,0
1024,17.066668,171.44774,0.7264783,-2.7806408,0.13764587,-0.15018135,0.3531456,0
1025,17.083334,171.43906,0.7179172,-2.7807636,0.13513885,-0.15022206,0.35257027,0
1026,17.1,171.43033,0.70931727,-2.7808957,0.13263172,-0.15025397,0.35199597,0
1027,17.116667,171.42151,0.7006626,-2.7810497,0.13012272,-0.15031068,0.35142192,0
1028,17.133333,171.41263,0.6919658,-2.7812436,0.12761202,-0.15034947,0.35084832,0
1029,17.15,171.40366,0.68318886,-2.7814415,0.12510099,-0.15035404,0.3502756,0
1030,17.166666,171.39456,0.67433274,-2.7816663,0.1225903,-0.1503499,0.34970337,0
1031,17.183332,171.3854,0.66540694,-2.7819085,0.12007998,-0.1503696,0.34913138,0
1032,17.2,171.3761,0.6564025,-2.7822049,0.11757026,-0.15035786,0.34855917,0
1033,17.216667,171.36668,0.6473251,-2.7825496,0.1150618,-0.15035138,0.34798628,0
1034,17.233334,171.35713,0.63817614,-2.7829452,0.11255382,-0.15034178,0.34741247,0
1035,17.25,171.34746,0.62896305,-2.7834032,0.11004708,-0.15036015,0.34683707,0
1036,17.266666,171.33766,0.61967444,-2.7839184,0.10754172,-0.15035604,0.34625992,0
1037,17.283333,171.32773,0.61031705,-2.7844892,0.10503749,-0.15035333,0.34568062,0
1038,17.3,171.31764,0.6008907,-2.7851484,0.10253449,-0.15035337,0.34509894,0
1039,17.316668,171.30746,0.59140563,-2.7858455,0.10003212,-0.15035693,0.34451506,0
1040,17.333334,171.29715,0.5818332,-2.7865827,0.09752991,-0.15035619,0.3439292,0
1041,17.35,171.28677,0.5721991,-2.7873209,0.095027775,-0.15035172,0.34334132,0
1042,17.366667,171.27629,0.5624963,-2.7881005,0.09252558,-0.15035112,0.3427517,0
1043,17.383333,171.26575,0.5527237,-2.7888865,0.09002345,-0.15035062,0.34216046,0
1044,17.4,171.25523,0.5428813,-2.7895474,0.08751506,-0.1503509,0.34157038,0
1045,17.416666,171.2448,0.5329769,-2.7900827,0.08500417,-0.1503481,0.34098107,0
1046,17.433332,171.23427,0.52298415,-2.7906153,0.08249301,-0.15034908,0.34039092,0
1047,17.45,171.22366,0.512927,-2.7911654,0.079982154,-0.15033713,0.33980015,0
1048,17.466667,171.21298,0.5028039,-2.7917252,0.077471234,-0.1503502,0.33920923,0
1049,17.483334,171.20232,0.4925386,-2.7921286,0.07496985,-0.15000683,0.33862314,0
1050,17.5,171.19156,0.4822931,-2.792631,0.07246888,-0.14999388,0.3380368,0
1051,17.516666,171.18077,0.47198147,-2.7931092,0.06996821,-0.14999977,0.3374513,0
1052,17.533333,171.1699,0.461603,-2.7935915,0.06746756,-0.15001377,0.33686683,0
1053,17.55,171.15901,0.45114976,-2.7940373,0.06496664,-0.15000756,0.33628356,0
1054,17.566668,171.14804,0.44063127,-2.7944903,0.06246567,-0.15001525,0.33570153,0
1055,17.583334,171.13701,0.4300411,-2.7949383,0.059965122,-0.15001602,0.33512086,0
1056,17.6,171.12592,0.4193801,-2.7953713,0.057464637,-0.15001337,0.33454147,0
1057,17.616667,171.11476,0.40864894,-2.7957857,0.05496395,-0.15000938,0.3339633,0
1058,17.633333,171.10356,0.39784807,-2.796189,0.05246361,-0.15000752,0.33338615,0
1059,17.65,171.09233,0.38697755,-2.7965548,0.04996322,-0.15000926,0.33281004,0
1060,17.666666,171.08101,0.37603852,-2.7969277,0.047462836,-0.15001674,0.33223462,0
1061,17.683332,171.06967,0.36502674,-2.7972608,0.04496254,-0.1500191,0.33165982,0
1062,17.7,171.05824,0.3539394,-2.7975938,0.04246185,-0.15000916,0.33108532,0
1063,17.716667,171.04678,0.34278083,-2.7978938,0.039961252,-0.15000959,0.33051112,0
1064,17.733334,171.03526,0.33154738,-2.7981906,0.03746081,-0.15001811,0.3299372,0
1065,17.75,171.0237,0.3202418,-2.798447,0.034960147,-0.15002452,0.32936338,0
1066,17.766666,171.01205,0.3088566,-2.7986972,0.0324593,-0.15001793,0.32878962,0
1067,17.783333,171.00038,0.297397,-2.7989204,0.029958721,-0.15001702,0.32821614,0
1068,17.8,170.98862,0.28586078,-2.7991502,0.027458083,-0.15001866,0.3276428,0
1069,17.816668,170.97679,0.27424744,-2.7993596,0.024957264,-0.15001963,0.32707003,0
1070,17.833334,170.9649,0.26255578,-2.7995605,0.022456253,-0.1500205,0.32649773,0
1071,17.85,170.95294,0.25078815,-2.7997549,0.019955477,-0.15002763,0.32592627,0
1072,17.866667,170.94089,0.23893788,-2.7999566,0.017454442,-0.15001898,0.32535568,0
1073,17.883333,170.92877,0.22701308,-2.8001425,0.014953846,-0.15002221,0.32478616,0
1074,17.9,170.91655,0.21500899,-2.800357,0.012453355,-0.15002143,0.3242179,0
1075,17.916666,170.90428,0.20292789,-2.8005452,0.009952519,-0.1500217,0.32365087,0
1076,17.933332,170.89192,0.19077198,-2.8007598,0.0074522467,-0.15002733,0.32308534,0
1077,17.95,170.87947,0.17853813,-2.8009672,0.0049516517,-0.15002947,0.32252103,0
1078,17.966667,170.86694,0.1662249,-2.8011818,0.0024509667,-0.15002233,0.321958,0
1079,17.983334,170.85432,0.1538387,-2.8014143,-4.9203718e-05,-0.15002038,0.3213961,0
1080,18,170.84163,0.14137822,-2.8016515,-0.0025495526,-0.15002589,0.32083508,0
1081,18.016666,170.82425,0.12523785,-2.802898,-0.0033257296,-2.0927382e-06,0.3206687,0
1082,18.033333,170.82404,0.12523758,-2.8031058,-0.0033259678,-3.471073e-06,0.32067826,0
1083,18.05,170.82385,0.12523715,-2.8032806,-0.0033263166,-6.0359243e-06,0.32068557,0
1084,18.066668,170.82373,0.12523665,-2.8034124,-0.0033266367,-4.678618e-06,0.32069007,0
1085,18.083334,170.82362,0.1252361,-2.803509,-0.0033268142,-1.2318299e-05,0.32069135,0
1086,18.1,170.82356,0.12523587,-2.8035808,-0.0033269334,-1.8397058e-06,0.3206904,0
1087,18.116667,170.82347,0.12523574,-2.8036683,-0.0033270153,-1.1431464e-06,0.32068822,0
1088,18.133333,170.82336,0.12523565,-2.8037665,-0.0033271792,-1.0591926e-06,0.32068494,0
1089,18.15,170.82326,0.12523556,-2.8038743,-0.003327386,-9.3213725e-07,0.3206806,0
1090,18.166666,170.82315,0.12523548,-2.8039885,-0.0033275425,-8.1665445e-07,0.32067537,0
1091,18.183332,170.82303,0.12523541,-2.8041053,-0.003327699,-5.0108576e-07,0.32066944,0
1092,18.2,170.8229,0.1252354,-2.8042321,-0.0033277287,8.757558e-08,0.32066292,0
1093,18.216667,170.82277,0.12523542,-2.804361,-0.0033279655,1.0975381e-06,0.32065603,0
1094,18.233334,170.82265,0.1252356,-2.8044941,-0.0033281443,5.161342e-06,0.3206489,0
1095,18.25,170.82251,0.12523654,-2.8046274,-0.0033281667,1.27784415e-05,0.32064176,0
1096,18.266666,170.82239,0.12523763,-2.8047588,-0.0033282784,1.3011077e-05,0.32063487,0
1097,18.283333,170.82225,0.12523872,-2.804892,-0.0033281741,1.3082381e-05,0.32062837,0
1098,18.3,170.82211,0.12523982,-2.8050308,-0.0033280847,1.3127839e-05,0.3206222,0
1099,18.316668,170.82198,0.12524092,-2.805167,-0.0033282412,1.31576e-05,0.32061657,0
1100,18.333334,170.82184,0.12524202,-2.8052995,-0.0033281294,1.3395168e-05,0.32061157,0
1101,18.35,170.82172,0.12524316,-2.8054276,-0.003328107,1.3713614e-05,0.32060722,0
1102,18.366667,170.8216,0.1252443,-2.8055542,-0.0033280698,1.3782424e-05,0.32060337,0
1103,18.383333,170.82147,0.12524545,-2.8056703,-0.0033280773,1.3832178e-05,0.32060018,0
1104,18.4,170.82137,0.1252465,-2.8057833,-0.0033280624,7.508651e-06,0.32059747,0
1105,18.416666,170.82126,0.12524752,-2.8058841,-0.0033280698,1.2490573e-05,0.32059526,0
1106,18.433332,170.82118,0.12524858,-2.8059716,-0.0033280698,1.3343446e-05,0.32059354,0
1107,18.45,170.8211,0.12524962,-2.8060474,-0.0033279283,1.7810671e-05,0.32059222,0
1108,18.466667,170.82104,0.1252507,-2.8061116,-0.0033278181,1.0285577e-05,0.3205911,0
1109,18.483334,170.82098,0.12525173,-2.8061635,-0.0033279283,1.0635878e-05,0.3205902,0
1110,18.5,170.82095,0.12525274,-2.8061945,-0.0033280028,1.4429729e-05,0.32058963,0
1111,18.516666,170.82092,0.1252534,-2.8062258,-0.003327958,5.0945555e-06,0.32058907,0
1112,18.533333,170.8209,0.12525369,-2.8062487,-0.0033280922,2.8110157e-06,0.32058862,0
1113,18.55,170.82088,0.12525399,-2.8062735,-0.0033281592,3.5621201e-06,0.3205881,0
1114,18.566668,170.82086,0.12525436,-2.8062987,-0.0033283157,3.7727796e-06,0.3205876,0
1115,18.583334,170.82083,0.12525468,-2.8063235,-0.0033284125,3.5391781e-06,0.32058713,0
1116,18.6,170.82082,0.12525497,-2.8063474,-0.0033286791,3.2909668e-06,0.32058662,0
1117,18.616667,170.82079,0.12525527,-2.8063736,-0.0033287536,3.4018567e-06,0.3205861,0
1118,18.633333,170.82076,0.12525566,-2.8064013,-0.0033288356,4.276128e-06,0.32058558,0
1119,18.65,170.82074,0.12525597,-2.8064241,-0.0033288952,3.4401082e-06,0.32058513,0
1120,18.666666,170.82071,0.12525627,-2.806448,-0.0033290663,3.1387542e-06,0.3205846,0
1121,18.683332,170.8207,0.12525658,-2.806471,-0.0033290812,3.2098737e-06,0.32058418,0
1122,18.7,170.82066,0.125257,-2.806498,-0.0033291243,4.1596513e-06,0.32058364,0
1123,18.716667,170.82063,0.12525733,-2.806524,-0.0033291169,3.4889424e-06,0.32058313,0
1124,18.733334,170.82062,0.12525764,-2.8065474,-0.0033291765,3.8212897e-06,0.32058266,0
1125,18.75,170.82059,0.12525797,-2.8065739,-0.0033292212,3.3316517e-06,0.32058215,0
1126,18.766666,170.82056,0.1252583,-2.806599,-0.0033291765,3.7308282e-06,0.32058164,0
1127,18.783333,170.82054,0.12525868,-2.8066227,-0.0033292659,6.009653e-06,0.3205812,0
1128,18.8,170.82051,0.12525907,-2.8066506,-0.0033293702,3.3786134e-06,0.32058063,0
1129,18.816668,170.8205,0.1252594,-2.806673,-0.0033294447,3.5977253e-06,0.32058018,0
1130,18.833334,170.82047,0.12525973,-2.806701,-0.0033297113,4.0246423e-06,0.32057968,0
1131,18.85,170.82043,0.12526004,-2.8067262,-0.003329756,7.4477834e-06,0.32057914,0
1132,18.866667,170.82042,0.1252605,-2.8067503,-0.0033298677,4.3645773e-06,0.32057866,0
1133,18.883333,170.82039,0.12526084,-2.8067753,-0.0033299944,4.5797387e-06,0.3205782,0
1134,18.9,170.82036,0.12526126,-2.8068018,-0.003330121,5.7492384e-06,0.32057765,0
1135,18.916666,170.82034,0.12526165,-2.8068259,-0.0033303727,4.0947803e-06,0.3205771,0
1136,18.933332,170.82031,0.12526199,-2.806852,-0.003330343,4.1821368e-06,0.32057658,0
1137,18.95,170.82028,0.12526233,-2.8068771,-0.0033303727,3.981532e-06,0.3205761,0
1138,18.966667,170.82027,0.12526268,-2.8069022,-0.003330544,3.7170337e-06,0.3205756,0
1139,18.983334,170.82024,0.12526304,-2.8069267,-0.0033306335,3.821593e-06,0.3205751,0
1140,19,170.82022,0.12526347,-2.806952,-0.0033306708,5.4654256e-06,0.32057458,0
1141,19.016666,170.82019,0.12526385,-2.8069773,-0.0033307006,4.0426125e-06,0.32057407,0
1142,19.033333,170.82016,0.12526421,-2.8070023,-0.0033308347,4.134016e-06,0.3205736,0
1143,19.05,170.82014,0.12526457,-2.8070245,-0.0033309893,4.4248295e-06,0.3205731,0
1144,19.066668,170.82011,0.12526503,-2.807049,-0.0033310414,4.612304e-06,0.32057258,0
1145,19.083334,170.8201,0.1252654,-2.8070757,-0.003331168,4.520354e-06,0.32057208,0
1146,19.1,170.82007,0.12526576,-2.8071008,-0.0033312426,3.790236e-06,0.32057157,0
1147,19.116667,170.82004,0.12526622,-2.807124,-0.0033312128,5.3936405e-06,0.3205711,0
1148,19.133333,170.82002,0.12526661,-2.807151,-0.0033313618,4.171264e-06,0.32057056,0
1149,19.15,170.81999,0.12526698,-2.8071766,-0.0033313097,5.093791e-06,0.32057005,0
1150,19.166666,170.81996,0.12526736,-2.8072004,-0.003331466,5.1321094e-06,0.32056955,0
1151,19.183332,170.81995,0.12526776,-2.807227,-0.0033313916,6.563197e-06,0.32056904,0
1152,19.2,170.81992,0.1252682,-2.807252,-0.0033314289,4.122721e-06,0.32056856,0
1153,19.216667,170.81989,0.1252686,-2.8072789,-0.0033313767,4.7158037e-06,0.32056805,0
1154,19.233334,170.81987,0.12526898,-2.8073025,-0.0033314214,4.532173e-06,0.32056758,0
1155,19.25,170.81984,0.12526944,-2.8073287,-0.0033314289,5.9615554e-06,0.3205671,0
1156,19.266666,170.81982,0.12526986,-2.807351,-0.0033314512,4.2785477e-06,0.32056665,0
1157,19.283333,170.8198,0.12527025,-2.807375,-0.0033316358,5.0494764e-06,0.32056615,0
1158,19.3,170.81978,0.12527063,-2.8073995,-0.0033316358,4.584354e-06,0.3205657,0
1159,19.316668,170.81975,0.12527102,-2.807425,-0.0033315613,5.654264e-06,0.32056516,0
1160,19.333334,170.81972,0.12527142,-2.807453,-0.0033314587,4.654916e-06,0.32056466,0
1161,19.35,170.8197,0.12527183,-2.8074746,-0.0033316284,3.1393688e-06,0.32056424,0
1162,19.366667,170.81967,0.12527232,-2.8074992,-0.0033315837,4.61278e-06,0.32056373,0
1163,19.383333,170.81966,0.12527272,-2.8075244,-0.003331673,5.2446144e-06,0.32056323,0
1164,19.4,170.81963,0.12527312,-2.807548,-0.0033315986,5.3336476e-06,0.32056275,0
1165,19.416666,170.8196,0.12527362,-2.8075743,-0.0033316656,5.4300185e-06,0.32056227,0
1166,19.433332,170.81958,0.12527405,-2.8075967,-0.0033316656,4.6225414e-06,0.3205618,0
1167,19.45,170.81955,0.12527452,-2.8076212,-0.0033316433,6.4741175e-06,0.32056135,0
1168,19.466667,170.81953,0.12527496,-2.8076437,-0.003331606,4.57207e-06,0.32056087,0
1169,19.483334,170.8195,0.12527537,-2.8076684,-0.003331688,-7.593276e-07,0.3205604,0
1170,19.5,170.81949,0.1252759,-2.8076944,-0.0033315986,4.9333216e-06,0.3205599,0
1171,19.516666,170.81946,0.12527631,-2.8077161,-0.0033315837,5.0440563e-06,0.32055944,0
1172,19.533333,170.81944,0.12527673,-2.8077404,-0.0033316656,4.901945e-06,0.32055894,0
1173,19.55,170.81941,0.12527722,-2.8077693,-0.0033315392,6.128001e-06,0.32055843,0
1174,19.566668,170.81938,0.12527767,-2.807794,-0.0033316507,4.840117e-06,0.32055795,0
1175,19.583334,170.81937,0.1252781,-2.8078191,-0.0033317998,5.001546e-06,0.32055742,0
1176,19.6,170.81934,0.12527853,-2.807843,-0.0033317849,5.6146187e-06,0.32055694,0
1177,19.616667,170.8193,0.12527896,-2.8078692,-0.0033317253,4.951722e-06,0.3205564,0
1178,19.633333,170.81929,0.1252794,-2.807896,-0.0033318817,8.498642e-06,0.32055593,0
1179,19.65,170.81926,0.12527993,-2.8079216,-0.0033316805,5.1941433e-06,0.32055545,0
1180,19.666666,170.81923,0.12528038,-2.8079484,-0.0033317998,4.324891e-06,0.3205549,0
1181,19.683332,170.81921,0.12528083,-2.8079717,-0.0033318668,5.436432e-06,0.32055444,0
1182,19.7,170.81918,0.12528126,-2.8079987,-0.0033319413,4.6511313e-06,0.32055387,0
1183,19.716667,170.81915,0.12528172,-2.8080244,-0.003332001,5.5128394e-06,0.32055336,0
1184,19.733334,170.81914,0.12528218,-2.8080487,-0.0033320307,5.3295903e-06,0.32055286,0
1185,19.75,170.8191,0.12528273,-2.8080747,-0.0033320158,6.50497e-06,0.3205524,0
1186,19.766666,170.81909,0.12528321,-2.8080986,-0.0033320605,5.486851e-06,0.32055193,0
1187,19.783333,170.81906,0.12528367,-2.8081236,-0.0033322598,5.5640567e-06,0.32055146,0
1188,19.8,170.81905,0.12528414,-2.808148,-0.0033322673,5.52517e-06,0.32055092,0
1189,19.816668,170.81902,0.12528461,-2.8081713,-0.0033322673,5.0699973e-06,0.32055047,0
1190,19.833334,170.819,0.12528509,-2.8081946,-0.0033323641,5.5496876e-06,0.32055,0
1191,19.85,170.81897,0.12528564,-2.808221,-0.003332394,7.3672813e-06,0.3205495,0
1192,19.866667,170.81894,0.12528615,-2.808246,-0.003332595,5.6078657e-06,0.320549,0
1193,19.883333,170.81892,0.12528662,-2.8082712,-0.0033326175,5.1825477e-06,0.32054847,0
1194,19.9,170.8189,0.12528712,-2.808296,-0.0033327502,5.69135e-06,0.32054797,0
1195,19.916666,170.81886,0.12528759,-2.8083208,-0.0033327725,5.9793038e-06,0.3205475,0
1196,19.933332,170.81885,0.12528813,-2.80835,-0.0033327949,5.4285742e-06,0.32054695,0
1197,19.95,170.81882,0.12528867,-2.8083758,-0.0033327725,5.9062913e-06,0.32054648,0
1198,19.966667,170.81879,0.12528916,-2.808398,-0.0033328468,5.6814642e-06,0.320546,0
1199,19.983334,170.81877,0.12528971,-2.8084252,-0.0033329437,6.9602493e-06,0.32054546,0
1200,20,170.81874,0.12529024,-2.8084495,-0.003333033,5.7379416e-06,0.320545,0
1201,20.016666,170.81871,0.12529075,-2.8084753,-0.0033330629,3.8530657e-06,0.32054448,0
1202,20.033333,170.8187,0.12529126,-2.8085024,-0.0033330554,1.0270472e-05,0.32054394,0
1203,20.05,170.81866,0.12529184,-2.8085237,-0.003333264,6.749051e-06,0.32054353,0
1204,20.066668,170.81865,0.12529235,-2.8085492,-0.0033332864,3.999918e-06,0.320543,0
1205,20.083334,170.81862,0.12529285,-2.8085742,-0.003333279,7.126409e-06,0.3205425,0
1206,20.1,170.8186,0.12529337,-2.8085992,-0.0033333222,6.5705417e-06,0.32054198,0
1207,20.116667,170.81857,0.12529388,-2.8086257,-0.0033334934,7.094385e-06,0.3205415,0
1208,20.133333,170.81854,0.12529442,-2.8086493,-0.0033333893,7.3292636e-06,0.320541,0
1209,20.15,170.81853,0.12529501,-2.808673,-0.0033335157,6.029193e-06,0.32054052,0
1210,20.166666,170.8185,0.12529553,-2.8086977,-0.0033335828,7.397251e-06,0.32054004,0
1211,20.183332,170.81847,0.1252961,-2.8087246,-0.0033335753,8.109868e-06,0.32053953,0
1212,20.2,170.81845,0.1252967,-2.8087509,-0.0033335455,5.6987606e-06,0.32053906,0
1213,20.216667,170.81842,0.12529723,-2.808775,-0.0033335083,6.043461e-06,0.32053855,0
1214,20.233334,170.8184,0.12529776,-2.808802,-0.0033335977,9.21036e-06,0.32053807,0
1215,20.25,170.81837,0.1252984,-2.8088243,-0.0033335679,7.637557e-06,0.3205376,0
1216,20.266666,170.81836,0.12529893,-2.8088481,-0.0033336275,5.352852e-06,0.32053712,0
1217,20.283333,170.81833,0.12529947,-2.8088717,-0.0033335902,7.839994e-06,0.3205366,0
1218,20.3,170.8183,0.1253001,-2.808898,-0.003333635,8.1496655e-06,0.32053617,0
1219,20.316668,170.81828,0.12530068,-2.8089254,-0.0033335753,5.914197e-06,0.32053563,0
1220,20.333334,170.81825,0.12530123,-2.8089495,-0.0033336051,6.7227043e-06,0.32053515,0
1221,20.35,170.81822,0.12530176,-2.8089747,-0.0033337243,5.5711034e-06,0.32053462,0
1222,20.366667,170.8182,0.12530231,-2.809001,-0.003333687,6.2191816e-06,0.32053414,0
1223,20.383333,170.81818,0.12530288,-2.8090262,-0.0033336275,5.667384e-06,0.3205336,0
1224,20.4,170.81816,0.1253035,-2.8090506,-0.0033337094,6.100138e-06,0.32053313,0
1225,20.416666,170.81813,0.12530409,-2.8090758,-0.0033336126,7.0001774e-06,0.32053268,0
1226,20.433332,170.81812,0.12530464,-2.809099,-0.0033336573,4.98987e-06,0.32053214,0
1227,20.45,170.81808,0.12530524,-2.8091297,-0.0033336796,8.857961e-06,0.32053158,0
1228,20.466667,170.81805,0.12530589,-2.8091533,-0.0033336051,6.668383e-06,0.32053113,0
1229,20.483334,170.81804,0.12530646,-2.8091774,-0.003333717,6.878578e-06,0.32053065,0
1230,20.5,170.81801,0.12530702,-2.8092053,-0.003333702,6.65565e-06,0.32053012,0
1231,20.516666,170.81798,0.1253076,-2.8092318,-0.0033337392,7.1849836e-06,0.3205296,0
1232,20.533333,170.81795,0.12530817,-2.8092592,-0.0033337094,6.7654373e-06,0.32052907,0
1233,20.55,170.81792,0.12530884,-2.809288,-0.0033336796,5.8691126e-06,0.32052857,0
1234,20.566668,170.8179,0.12530944,-2.8093097,-0.0033336796,6.1084656e-06,0.32052812,0
1235,20.583334,170.81787,0.12531002,-2.8093355,-0.0033336126,6.5496556e-06,0.32052758,0
1236,20.6,170.81786,0.12531061,-2.8093596,-0.0033336126,7.692095e-06,0.32052708,0
1237,20.616667,170.81783,0.1253112,-2.809384,-0.0033337392,1.0162174e-05,0.3205266,0
1238,20.633333,170.81781,0.1253119,-2.8094091,-0.0033337616,7.936529e-06,0.32052612,0
1239,20.65,170.81778,0.12531248,-2.8094356,-0.0033337318,7.4262375e-06,0.32052562,0
1240,20.666666,170.81775,0.12531306,-2.809462,-0.0033337988,3.5554826e-06,0.3205251,0
1241,20.683332,170.81773,0.12531374,-2.8094857,-0.0033337243,7.5713792e-06,0.32052463,0
1242,20.7,170.8177,0.12531434,-2.80951,-0.0033337467,7.6480555e-06,0.32052416,0
1243,20.716667,170.81769,0.12531494,-2.809535,-0.003333717,7.819169e-06,0.32052368,0
1244,20.733334,170.81766,0.12531553,-2.8095596,-0.003333717,6.7468322e-06,0.32052323,0
1245,20.75,170.81763,0.12531614,-2.809587,-0.0033337467,5.4913235e-06,0.3205227,0
1246,20.766666,170.81761,0.12531681,-2.8096097,-0.0033336498,8.392671e-06,0.32052225,0
1247,20.783333,170.81758,0.1253175,-2.8096368,-0.0033336424,7.3527876e-06,0.3205217,0
1248,20.8,170.81757,0.12531812,-2.8096616,-0.0033335977,6.4077185e-06,0.32052127,0
1249,20.816668,170.81754,0.12531875,-2.8096862,-0.0033335902,7.5536113e-06,0.3205208,0
1250,20.833334,170.8175,0.12531947,-2.8097126,-0.0033335753,8.2647775e-06,0.3205203,0
1251,20.85,170.81749,0.1253201,-2.8097374,-0.0033335977,6.7476117e-06,0.3205198,0
1252,20.866667,170.81746,0.12532072,-2.8097591,-0.0033335828,6.198825e-06,0.3205194,0
1253,20.883333,170.81743,0.12532134,-2.8097892,-0.003333486,1.0165461e-05,0.32051885,0
1254,20.9,170.81741,0.12532207,-2.8098116,-0.0033333818,8.790483e-06,0.3205184,0
1255,20.916666,170.81738,0.1253227,-2.809837,-0.0033334042,7.001333e-06,0.3205179,0
1256,20.933332,170.81737,0.12532333,-2.8098588,-0.0033333744,6.981234e-06,0.32051745,0
1257,20.95,170.81734,0.12532397,-2.8098848,-0.0033334412,8.079769e-06,0.32051694,0
1258,20.966667,170.81732,0.1253246,-2.8099082,-0.0033334412,5.6895374e-06,0.32051647,0
1259,20.983334,170.81729,0.12532535,-2.8099349,-0.0033335157,9.274809e-06,0.320516,0
1260,21,170.81726,0.12532601,-2.8099606,-0.0033335157,5.4783295e-06,0.32051548,0
1261,21.016666,170.81725,0.12532665,-2.8099854,-0.0033335083,7.149353e-06,0.32051498,0
1262,21.033333,170.81721,0.12532735,-2.8100088,-0.0033333371,8.8781e-06,0.3205145,0
1263,21.05,170.8172,0.12532806,-2.8100333,-0.0033334263,8.736707e-06,0.32051402,0
1264,21.066668,170.81717,0.12532872,-2.8100595,-0.0033332715,8.345521e-06,0.32051352,0
1265,21.083334,170.81714,0.12532936,-2.8100863,-0.0033333297,8.883374e-06,0.32051304,0
1266,21.1,170.81712,0.12533012,-2.8101091,-0.0033332417,7.0388814e-06,0.3205126,0
1267,21.116667,170.8171,0.12533076,-2.8101344,-0.0033333,8.874841e-06,0.3205121,0
1268,21.133333,170.81708,0.12533139,-2.8101585,-0.0033333073,6.0067555e-06,0.3205116,0
1269,21.15,170.81705,0.12533209,-2.8101852,-0.0033332417,6.221164e-06,0.3205111,0
1270,21.166666,170.81703,0.12533274,-2.8102086,-0.0033332715,7.0915517e-06,0.32051063,0
1271,21.183332,170.817,0.12533337,-2.8102348,-0.0033333297,6.2762406e-06,0.32051012,0
1272,21.2,170.81699,0.12533394,-2.8102577,-0.0033333,7.0151427e-06,0.3205096,0
1273,21.216667,170.81696,0.12533453,-2.8102849,-0.0033333818,5.48001e-06,0.32050908,0
1274,21.233334,170.81693,0.12533523,-2.8103096,-0.003333264,7.715059e-06,0.32050863,0
1275,21.25,170.81691,0.1253358,-2.8103356,-0.0033333222,7.4355553e-06,0.3205081,0
1276,21.266666,170.81688,0.12533635,-2.8103619,-0.003333264,5.320581e-06,0.32050762,0
1277,21.283333,170.81685,0.12533692,-2.8103855,-0.003333279,7.168767e-06,0.32050717,0
1278,21.3,170.81683,0.12533762,-2.8104115,-0.0033332566,6.274241e-06,0.32050663,0
1279,21.316668,170.8168,0.12533818,-2.8104322,-0.003333279,5.4601646e-06,0.3205062,0
1280,21.333334,170.81679,0.12533878,-2.8104594,-0.0033333148,9.433386e-06,0.32050565,0
1281,21.35,170.81676,0.12533945,-2.8104858,-0.0033333,9.495465e-06,0.3205052,0
1282,21.366667,170.81673,0.12534,-2.8105092,-0.0033333595,7.900159e-06,0.32050472,0
1283,21.383333,170.81671,0.12534057,-2.8105338,-0.0033333297,5.538238e-06,0.3205042,0
1284,21.4,170.81668,0.12534113,-2.8105593,-0.0033333967,9.046613e-06,0.32050377,0
1285,21.416666,170.81667,0.12534182,-2.8105834,-0.003333264,8.009873e-06,0.32050326,0
1286,21.433332,170.81664,0.12534237,-2.8106089,-0.0033332491,5.947552e-06,0.32050276,0
1287,21.45,170.81662,0.12534294,-2.8106322,-0.0033333,4.5117836e-06,0.32050228,0
1288,21.466667,170.81659,0.12534362,-2.810657,-0.0033332417,9.05623e-06,0.3205018,0
1289,21.483334,170.81657,0.12534422,-2.8106792,-0.0033332566,8.935122e-06,0.32050133,0
1290,21.5,170.81654,0.12534487,-2.8107054,-0.0033333371,7.126204e-06,0.32050085,0
1291,21.516666,170.81651,0.12534548,-2.8107321,-0.0033333148,7.797177e-06,0.3205003,0
1292,21.533333,170.8165,0.12534606,-2.8107557,-0.003333419,6.800279e-06,0.3204998,0
1293,21.55,170.81647,0.12534663,-2.81078,-0.0033332715,6.448314e-06,0.32049936,0
1294,21.566668,170.81645,0.12534721,-2.8108046,-0.003333279,9.283368e-06,0.32049885,0
1295,21.583334,170.81642,0.12534791,-2.8108282,-0.0033332417,8.121725e-06,0.3204984,0
1296,21.6,170.81639,0.12534851,-2.8108542,-0.003333197,6.0353036e-06,0.32049793,0
1297,21.616667,170.81638,0.12534909,-2.8108766,-0.003333264,8.511803e-06,0.32049745,0
1298,21.633333,170.81635,0.1253497,-2.8109033,-0.0033332342,5.0203844e-06,0.32049695,0
1299,21.65,170.81633,0.12535039,-2.8109303,-0.0033331746,9.2674745e-06,0.32049647,0
1300,21.666666,170.8163,0.125351,-2.8109536,-0.0033331746,6.7860233e-06,0.320496,0
1301,21.683332,170.81627,0.1253516,-2.8109782,-0.003333115,8.473733e-06,0.3204955,0
1302,21.7,170.81625,0.12535226,-2.8110034,-0.0033330554,1.0566983e-05,0.320495,0
1303,21.716667,170.81622,0.12535293,-2.8110254,-0.0033331076,5.801541e-06,0.32049453,0
1304,21.733334,170.81621,0.12535353,-2.8110502,-0.0033332044,7.140324e-06,0.32049406,0
1305,21.75,170.81618,0.12535414,-2.8110754,-0.0033330182,7.0521064e-06,0.3204936,0
1306,21.766666,170.81616,0.12535472,-2.8110964,-0.003332966,6.207837e-06,0.32049316,0
1307,21.783333,170.81613,0.12535533,-2.811124,-0.0033329884,8.199095e-06,0.32049263,0
1308,21.8,170.81612,0.12535606,-2.8111482,-0.0033329213,7.250051e-06,0.32049212,0
1309,21.816668,170.81609,0.12535667,-2.8111742,-0.003332981,8.48999e-06,0.32049164,0
1310,21.833334,170.81606,0.12535729,-2.8111987,-0.0033329362,7.894236e-06,0.32049114,0
1311,21.85,170.81604,0.1253579,-2.8112235,-0.0033330107,9.445672e-06,0.32049063,0
1312,21.866667,170.81601,0.12535863,-2.8112497,-0.0033331076,7.897584e-06,0.32049012,0
1313,21.883333,170.816,0.12535925,-2.8112745,-0.0033331225,8.008529e-06,0.32048962,0
1314,21.9,170.81596,0.12535986,-2.8112974,-0.0033330033,6.926289e-06,0.3204891,0
1315,21.916666,170.81593,0.12536047,-2.8113232,-0.00333313,1.3142048e-05,0.3204887,0
1316,21.933332,170.81592,0.12536123,-2.8113458,-0.0033330256,5.393771e-06,0.32048818,0
1317,21.95,170.8159,0.12536186,-2.811368,-0.0033331001,7.5216217e-06,0.32048777,0
1318,21.966667,170.81587,0.12536259,-2.8113918,-0.0033330927,9.274823e-06,0.3204873,0
1319,21.983334,170.81584,0.12536325,-2.8114183,-0.0033331672,6.1782243e-06,0.32048672,0
1320,22,170.81583,0.12536387,-2.8114426,-0.0033332491,7.944056e-06,0.32048625,0
1321,22.016666,170.83702,0.14672045,-2.811604,-0.0016615061,0.15000436,0.3208675,0
1322,22.033333,170.84976,0.15979384,-2.811936,0.00083747896,0.15000282,0.3214377,0
1323,22.05,170.86244,0.17279553,-2.8122487,0.0033364682,0.1500048,0.3220077,0
1324,22.066668,170.8751,0.18572326,-2.81252,0.0058357217,0.15000246,0.32257754,0
1325,22.083334,170.88773,0.19857588,-2.812751,0.008334882,0.15000035,0.3231473,0
1326,22.1,170.90031,0.21135437,-2.812946,0.010833821,0.15000442,0.32371694,0
1327,22.116667,170.91286,0.22405413,-2.8131063,0.0133329565,0.1500061,0.3242866,0
1328,22.133333,170.9253,0.23663364,-2.8132367,0.015832607,0.15004171,0.32485652,0
1329,22.15,170.93764,0.24910477,-2.8133678,0.01833251,0.15003872,0.325427,0
1330,22.166666,170.94995,0.26151216,-2.81347,0.020832513,0.15004013,0.32599795,0
1331,22.183332,170.96217,0.27385148,-2.8135803,0.02333232,0.15003145,0.32656956,0
1332,22.2,170.97435,0.28612432,-2.813673,0.025832182,0.15002634,0.32714194,0
1333,22.216667,170.98648,0.2983337,-2.8137624,0.028332459,0.15003169,0.32771534,0
1334,22.233334,170.99854,0.31047148,-2.8138413,0.030832617,0.15003015,0.32828972,0
1335,22.25,171.0105,0.3225289,-2.81393,0.033332378,0.15002428,0.32886502,0
1336,22.266666,171.02238,0.3345059,-2.8140194,0.03583217,0.15002424,0.32944134,0
1337,22.283333,171.03418,0.34639013,-2.814116,0.038331654,0.15001589,0.33001846,0
1338,22.3,171.04588,0.3582108,-2.8142226,0.04083104,0.14999928,0.33059645,0
1339,22.316668,171.0575,0.36994302,-2.8143466,0.043330535,0.15000063,0.3311751,0
1340,22.333334,171.06902,0.38159418,-2.8144817,0.045830317,0.1499981,0.33175418,0
1341,22.35,171.08043,0.39316645,-2.8146431,0.048329536,0.14999875,0.33233342,0
1342,22.366667,171.09174,0.40465906,-2.814832,0.050828557,0.14999641,0.33291262,0
1343,22.383333,171.10292,0.41607404,-2.8150523,0.053327646,0.14999431,0.33349156,0
1344,22.4,171.11404,0.42741174,-2.8152738,0.05582659,0.14998758,0.33407012,0
1345,22.416666,171.12503,0.43867603,-2.815553,0.058325477,0.14999063,0.33464807,0
1346,22.433332,171.13593,0.4498659,-2.8158407,0.06082447,0.14999177,0.33522525,0
1347,22.45,171.14671,0.46098283,-2.8161776,0.06332358,0.14999081,0.3358017,0
1348,22.466667,171.1574,0.47202823,-2.81654,0.065822594,0.14998886,0.33637723,0
1349,22.483334,171.16798,0.48300484,-2.816923,0.06832158,0.14998965,0.3369518,0
1350,22.5,171.17848,0.49391243,-2.8173363,0.07082103,0.14999183,0.33752564,0
1351,22.516666,171.18889,0.5047529,-2.8177614,0.073320046,0.14999455,0.33809876,0
1352,22.533333,171.1992,0.51552606,-2.818221,0.07581933,0.14998792,0.33867127,0
1353,22.55,171.20944,0.5262367,-2.8186934,0.07831883,0.14999138,0.33924344,0
1354,22.566668,171.21962,0.53688204,-2.8191683,0.080817536,0.14998884,0.33981535,0
1355,22.583334,171.22969,0.5474654,-2.8196733,0.08331682,0.14999011,0.34038728,0
1356,22.6,171.2397,0.5579848,-2.8201804,0.08581625,0.14998755,0.34095952,0
1357,22.616667,171.24966,0.56844336,-2.820686,0.08831514,0.14999247,0.34153214,0
1358,22.633333,171.25954,0.57883745,-2.8212078,0.09081402,0.14999169,0.3421053,0
1359,22.65,171.26935,0.58917797,-2.8217287,0.093312636,0.15005015,0.34267923,0
1360,22.666666,171.27916,0.59952176,-2.8222642,0.09581205,0.15001866,0.3432541,0
1361,22.683332,171.2889,0.60973066,-2.8227386,0.09831094,0.14999752,0.34382978,0
1362,22.7,171.29854,0.6198676,-2.8232293,0.10081003,0.14999728,0.34440643,0
1363,22.716667,171.30826,0.6302763,-2.82392,0.103308,0.14966498,0.34498793,0
1364,22.733334,171.31796,0.64069223,-2.8246346,0.10580593,0.14966303,0.3455728,0
1365,22.75,171.32767,0.65103376,-2.8252695,0.108303204,0.14966339,0.34615582,0
1366,22.766666,171.33754,0.66138875,-2.8257532,0.11080264,0.14998943,0.34674,0
1367,22.783333,171.34747,0.6716088,-2.8260453,0.11330321,0.15001142,0.34732515,0
1368,22.8,171.35738,0.68174654,-2.8262737,0.11580329,0.15000428,0.3479083,0
1369,22.816668,171.36723,0.69180244,-2.8264701,0.11830357,0.14998785,0.34848958,0
1370,22.833334,171.37709,0.7017894,-2.826603,0.120804295,0.14999932,0.34906983,0
1371,22.85,171.38664,0.7114262,-2.8266885,0.12330492,0.14999184,0.34965017,0
1372,22.866667,171.39595,0.72081184,-2.826766,0.12580542,0.15000655,0.35023156,0
1373,22.883333,171.40524,0.7301591,-2.826826,0.12830573,0.15000068,0.35081437,0
1374,22.9,171.41443,0.7394493,-2.8269212,0.13080655,0.14999054,0.35139838,0
1375,22.916666,171.42363,0.74870044,-2.8269787,0.13330732,0.14998071,0.35198367,0
1376,22.933332,171.43277,0.7579186,-2.82705,0.13580804,0.15000388,0.35257027,0
1377,22.95,171.44186,0.7670939,-2.827126,0.13830887,0.1499986,0.35315794,0
1378,22.966667,171.45091,0.7762324,-2.8272147,0.14080958,0.15000755,0.35374683,0
1379,22.983334,171.45993,0.7853216,-2.827291,0.14331,0.15001939,0.35433683,0
1380,23,171.46886,0.79434735,-2.8273995,0.14581035,0.14999297,0.354928,0
1381,23.016666,171.47777,0.8033446,-2.827485,0.14831063,0.15001652,0.35552022,0
1382,23.033333,171.4866,0.81228054,-2.8275845,0.15081066,0.149995,0.35611355,0
1383,23.05,171.49538,0.821194,-2.827716,0.15331107,0.15001406,0.3567079,0
1384,23.066668,171.5041,0.8300528,-2.8278444,0.15581197,0.15001734,0.35730323,0
1385,23.083334,171.51273,0.8388408,-2.8280132,0.15831278,0.15002087,0.35789946,0
1386,23.1,171.52127,0.84754723,-2.8281736,0.16081372,0.15001167,0.35849658,0
1387,23.116667,171.52971,0.85618097,-2.8283722,0.1633144,0.15001923,0.35909373,0
1388,23.133333,171.53804,0.86474013,-2.8286061,0.16581556,0.15002438,0.35969096,0
1389,23.15,171.54626,0.8732194,-2.82886,0.16831695,0.15001702,0.36028817,0
1390,23.166666,171.55438,0.88162816,-2.8291438,0.17081746,0.1500256,0.36088443,0
1391,23.183332,171.56242,0.8899636,-2.8294423,0.1733182,0.15002592,0.36148015,0
1392,23.2,171.57034,0.8982222,-2.8297856,0.17581931,0.15001696,0.36207455,0
1393,23.216667,171.57819,0.90641516,-2.8301318,0.17832054,0.15001965,0.36266768,0
1394,23.233334,171.58592,0.91453785,-2.830519,0.18082143,0.1500255,0.36325926,0
1395,23.25,171.59357,0.92258316,-2.830917,0.18332203,0.15000193,0.36384904,0
1396,23.266666,171.60115,0.93057257,-2.8313255,0.18582247,0.15002258,0.36443713,0
1397,23.283333,171.60863,0.93849146,-2.8317702,0.18832311,0.1500289,0.36502343,0
1398,23.3,171.61601,0.94633305,-2.8322244,0.19082399,0.14998455,0.365608,0
1399,23.316668,171.62334,0.95412016,-2.8326886,0.19332388,0.14997585,0.36619088,0
1400,23.333334,171.63057,0.96183836,-2.8331773,0.19582388,0.14997323,0.36677244,0
1401,23.35,171.63771,0.96949166,-2.8336816,0.19832459,0.14997321,0.3673529,0
1402,23.366667,171.6448,0.9770798,-2.8341777,0.20082481,0.14997737,0.36793253,0
1403,23.383333,171.65181,0.9845986,-2.8346848,0.20332435,0.14997412,0.3685119,0
1404,23.4,171.65877,0.9920492,-2.8351882,0.20582435,0.1499721,0.36909118,0
1405,23.416666,171.66563,0.9994306,-2.8356936,0.20832427,0.14997634,0.36967057,0
1406,23.433332,171.67244,1.0067422,-2.8362012,0.2108243,0.14998211,0.3702503,0
1407,23.45,171.67918,1.0139798,-2.8367019,0.21332467,0.14998278,0.3708308,0
1408,23.466667,171.68587,1.0211408,-2.8371692,0.21582554,0.14997926,0.37141222,0
1409,23.483334,171.69246,1.0282258,-2.837668,0.21832588,0.14997798,0.37199455,0
1410,23.5,171.699,1.0352318,-2.8381283,0.22082643,0.14997825,0.3725781,0
1411,23.516666,171.70549,1.0421568,-2.8385735,0.22332683,0.14997765,0.37316254,0
1412,23.533333,171.7119,1.0489995,-2.838999,0.22582674,0.14997783,0.37374797,0
1413,23.55,171.71825,1.0557584,-2.839414,0.22832695,0.1499785,0.37433437,0
1414,23.566668,171.72453,1.0624362,-2.8398116,0.23082696,0.14999722,0.37492135,0
1415,23.583334,171.73076,1.0690238,-2.840166,0.23332734,0.14999773,0.37550896,0
1416,23.6,171.7369,1.075523,-2.840529,0.23582774,0.1499977,0.37609667,0
1417,23.616667,171.74298,1.0819321,-2.8408606,0.23832844,0.14999834,0.37668443,0
1418,23.633333,171.74896,1.0882558,-2.8411946,0.24082905,0.14999774,0.37727216,0
1419,23.65,171.7549,1.0944976,-2.841501,0.24332973,0.14999834,0.37785986,0
1420,23.666666,171.76076,1.100657,-2.8417962,0.24583067,0.14999844,0.3784474,0
1421,23.683332,171.76657,1.1067321,-2.84206,0.24833041,0.1499907,0.37903458,0
1422,23.7,171.7723,1.1127248,-2.8423307,0.25083062,0.14997984,0.3796211,0
1423,23.716667,171.77795,1.118643,-2.8425868,0.2533309,0.14999507,0.38020766,0
1424,23.733334,171.78358,1.1244795,-2.8428018,0.25583193,0.14999822,0.38079417,0
1425,23.75,171.78911,1.1302328,-2.8430324,0.2583327,0.1499801,0.38138068,0
1426,23.766666,171.79459,1.135918,-2.8432322,0.26083332,0.1499956,0.38196728,0
1427,23.783333,171.79999,1.1415257,-2.843442,0.26333365,0.14999832,0.38255462,0
1428,23.8,171.80533,1.1470546,-2.8436346,0.26583385,0.14997989,0.38314232,0
1429,23.816668,171.81058,1.1525193,-2.8438375,0.26833436,0.1499955,0.38373074,0
1430,23.833334,171.81578,1.1579105,-2.844034,0.2708348,0.14999823,0.38431987,0
1431,23.85,171.8209,1.1632246,-2.8442223,0.27333516,0.14997278,0.38491005,0
1432,23.866667,171.82594,1.1684754,-2.8444347,0.27583528,0.14997666,0.3855011,0
1433,23.883333,171.8309,1.1736574,-2.8446515,0.27833572,0.14997466,0.38609284,0
1434,23.9,171.8358,1.1787707,-2.8448687,0.28083584,0.14996648,0.38668543,0
1435,23.916666,171.84062,1.1838247,-2.8450997,0.2833357,0.14998549,0.38727885,0
1436,23.933332,171.84537,1.188805,-2.8453336,0.28583553,0.1499768,0.38787252,0
1437,23.95,171.85004,1.1937202,-2.8455904,0.28833556,0.14997509,0.38846633,0
1438,23.966667,171.85463,1.1985736,-2.8458424,0.29083502,0.14998405,0.38906044,0
1439,23.983334,171.85918,1.2033565,-2.8460896,0.29333362,0.14998032,0.38965464,0
1440,24,171.86365,1.2081176,-2.846365,0.29583362,0.15012713,0.39024836,0
1441,24.016666,171.8517,1.1968801,-2.8470805,0.29636315,8.803532e-05,0.39038065,0
1442,24.033333,171.85107,1.196883,-2.8477137,0.29636368,0.000108054104,0.39038232,0
1443,24.05,171.84998,1.1968863,-2.8488193,0.29636398,0.00010535929,0.3903811,0
1444,24.066668,171.84839,1.1968895,-2.8504019,0.29636422,0.000100883546,0.3903784,0
1445,24.083334,171.84384,1.1968931,-2.8549614,0.29636407,8.101565e-05,0.39037433,0
1446,24.1,171.83028,1.1968968,-2.868523,0.29636407,8.464969e-05,0.39036915,0
1447,24.116667,171.80733,1.1969004,-2.891473,0.29636434,8.9427376e-05,0.39036298,0
1448,24.133333,171.7751,1.1969037,-2.923712,0.2963645,9.579256e-05,0.39035612,0
1449,24.15,171.70622,1.1958147,-2.9914923,0.29642123,0.0061914264,0.39036292,0
1450,24.166666,171.70265,1.195795,-2.9950502,0.2964211,6.492338e-05,0.39035442,0
1451,24.183332,171.69977,1.1957968,-2.9979355,0.29642084,8.2538914e-05,0.39034677,0
1452,24.2,171.69063,1.1957953,-3.0070746,0.2964199,5.338891e-05,0.39033917,0
1453,24.216667,171.68777,1.1957968,-3.009932,0.2964195,4.4910048e-05,0.3903322,0
1454,24.233334,171.68513,1.1957979,-3.0125608,0.29641947,3.4824134e-05,0.39032584,0
1455,24.25,171.68407,1.1958,-3.0136333,0.29641998,8.2775834e-05,0.39032036,0
1456,24.266666,171.6829,1.1958023,-3.014799,0.29642022,9.085004e-05,0.3903157,0
1457,24.283333,171.68172,1.195805,-3.0159888,0.29642034,9.473386e-05,0.3903118,0
1458,24.3,171.68068,1.195805,-3.0170312,0.29641905,-1.8208155e-05,0.39030868,0
1459,24.316668,171.67883,1.1958042,-3.0188715,0.29641756,-3.149824e-05,0.39030614,0
1460,24.333334,171.67294,1.1958025,-3.0247574,0.29641718,3.425953e-05,0.39030457,0
1461,24.35,171.67151,1.1958045,-3.026198,0.29641715,7.4488824e-05,0.39030358,0
1462,24.366667,171.67001,1.1958061,-3.02769,0.29641703,7.588687e-05,0.3903031,0
1463,24.383333,171.6688,1.1958078,-3.028913,0.29641697,6.026901e-05,0.39030284,0
1464,24.4,171.66788,1.1958095,-3.0298386,0.29641697,6.95114e-05,0.39030275,0
1465,24.416666,171.66725,1.1958115,-3.0304549,0.29641712,8.235552e-05,0.39030272,0
1466,24.433332,171.66693,1.1958138,-3.0307782,0.29641706,9.0941416e-05,0.3903027,0
1467,24.45,171.66678,1.1958163,-3.0309417,0.29641765,0.000104657986,0.39030257,0
1468,24.466667,171.6665,1.1958189,-3.0312183,0.29641837,0.00012174587,0.39030254,0
1469,24.483334,171.66635,1.1958197,-3.031378,0.29641822,6.6058583e-06,0.39030254,0
1470,24.5,171.66618,1.1958199,-3.031544,0.2964179,2.0915447e-06,0.3903023,0
1471,24.516666,171.66599,1.1958199,-3.031743,0.29641765,-2.4196704e-06,0.3903021,0
1472,24.533333,171.66576,1.19582,-3.031967,0.29641736,4.5085912e-06,0.39030197,0
1473,24.55,171.6655,1.1958201,-3.032225,0.29641718,1.1067914e-05,0.3903017,0
1474,24.566668,171.66522,1.1958202,-3.0324965,0.29641694,7.3255023e-06,0.3903015,0
1475,24.583334,171.66493,1.1958205,-3.0327847,0.29641652,1.0173465e-05,0.39030132,0
1476,24.6,171.66443,1.195821,-3.0332952,0.29641655,2.9283317e-05,0.39030117,0
1477,24.616667,171.66382,1.1958218,-3.033907,0.29641646,4.3093973e-05,0.390301,0
1478,24.633333,171.66348,1.1958225,-3.0342367,0.29641643,2.2907332e-05,0.39030084,0
1479,24.65,171.66327,1.1958234,-3.0344582,0.29641634,4.4990553e-05,0.39030072,0
1480,24.666666,171.66315,1.1958243,-3.0345721,0.29641646,4.2719388e-05,0.3903006,0
1481,24.683332,171.66306,1.195825,-3.0346732,0.2964164,2.2338445e-05,0.39030048,0
1482,24.7,171.66301,1.1958253,-3.0347114,0.29641634,1.9057887e-05,0.3903003,0
1483,24.716667,171.66296,1.1958258,-3.0347612,0.29641607,-3.3910626e-05,0.39030012,0
1484,24.733334,171.66292,1.1958264,-3.0348082,0.29641607,-4.2553853e-05,0.39030004,0
1485,24.75,171.66287,1.1958269,-3.034861,0.29641584,2.513096e-05,0.3902998,0
1486,24.766666,171.66281,1.1958275,-3.0349116,0.29641572,2.1911916e-05,0.39029962,0
1487,24.783333,171.66277,1.1958281,-3.0349617,0.29641554,2.6883345e-05,0.39029947,0
1488,24.8,171.66272,1.1958287,-3.0350127,0.29641548,1.7179766e-05,0.3902993,0
1489,24.816668,171.66267,1.1958293,-3.035062,0.2964152,3.10469e-05,0.39029914,0
1490,24.833334,171.66261,1.1958299,-3.0351136,0.29641515,2.4685001e-05,0.390299,0
1491,24.85,171.66257,1.1958305,-3.0351636,0.29641485,2.026363e-05,0.39029884,0
1492,24.866667,171.66252,1.1958311,-3.0352173,0.2964147,1.6143633e-05,0.3902986,0
1493,24.883333,171.66246,1.1958315,-3.0352674,0.29641452,2.277349e-05,0.39029846,0
1494,24.9,171.66241,1.1958321,-3.0353124,0.29641446,2.7869917e-05,0.3902983,0
1495,24.916666,171.66237,1.1958326,-3.0353668,0.29641446,0.00010513082,0.3902981,0
1496,24.933332,171.66232,1.1958332,-3.0354097,0.29641432,-3.7105445e-05,0.390298,0
1497,24.95,171.66228,1.1958338,-3.0354543,0.29641432,3.962122e-05,0.3902979,0
1498,24.966667,171.66223,1.1958344,-3.0355017,0.29641435,3.8701804e-05,0.3902977,0
1499,24.983334,171.66219,1.195835,-3.035549,0.29641423,2.7431357e-05,0.3902976,0
1500,25,171.66214,1.1958356,-3.0355973,0.2964142,-3.299923e-05,0.3902974,0
1501,25.016666,171.6621,1.1958362,-3.0356402,0.29641393,2.7848715e-05,0.39029732,0
1502,25.033333,171.66205,1.1958368,-3.0356927,0.29641408,0.00011482213,0.39029714,0
1503,25.05,171.662,1.1958374,-3.035738,0.2964139,2.2781242e-05,0.39029697,0
1504,25.066668,171.66196,1.195838,-3.0357828,0.29641345,2.0480406e-05,0.3902968,0
1505,25.083334,171.66191,1.1958386,-3.0358334,0.2964133,0.000106794105,0.39029664,0
1506,25.1,171.66187,1.1958392,-3.035879,0.29641324,2.3641634e-05,0.3902965,0
1507,25.116667,171.66182,1.1958398,-3.03593,0.29641312,2.5319336e-05,0.39029628,0
1508,25.133333,171.66177,1.1958404,-3.0359764,0.29641303,2.244528e-05,0.39029613,0
1509,25.15,171.66171,1.195841,-3.0360267,0.2964129,3.298704e-05,0.39029592,0
1510,25.166666,171.66167,1.1958414,-3.036074,0.29641283,0.000113254115,0.3902958,0
1511,25.183332,171.66162,1.1958421,-3.036122,0.29641283,0.000110037494,0.39029568,0
1512,25.2,171.66158,1.1958426,-3.0361638,0.29641274,2.3738554e-05,0.39029557,0
1513,25.216667,171.66153,1.195843,-3.0362167,0.29641247,9.846822e-05,0.39029536,0
1514,25.233334,171.66148,1.1958432,-3.0362618,0.29641223,2.2402166e-06,0.39029518,0
1515,25.25,171.66144,1.1958433,-3.0363078,0.296412,9.097842e-06,0.390295,0
1516,25.266666,171.66139,1.1958436,-3.0363543,0.29641172,5.252921e-06,0.39029485,0
1517,25.283333,171.66135,1.1958438,-3.036401,0.2964115,1.0198724e-05,0.39029467,0
1518,25.3,171.66129,1.1958439,-3.0364537,0.2964112,9.486728e-05,0.3902944,0
1519,25.316668,171.66125,1.1958442,-3.0364978,0.29641086,4.2710244e-06,0.39029422,0
1520,25.333334,171.6612,1.1958444,-3.0365458,0.29641065,-5.10375e-05,0.3902941,0
1521,25.35,171.66116,1.1958445,-3.0365894,0.29641053,-9.935898e-06,0.39029396,0
1522,25.366667,171.66112,1.1958443,-3.0366364,0.29641014,-8.7667495e-06,0.3902937,0
1523,25.383333,171.66106,1.1958442,-3.036684,0.2964098,-8.405911e-06,0.39029342,0
1524,25.4,171.66101,1.195844,-3.036732,0.2964096,-1.1861012e-05,0.39029327,0
1525,25.416666,171.66098,1.1958438,-3.0367708,0.29640937,-9.192973e-06,0.39029312,0
1526,25.433332,171.66092,1.1958437,-3.0368197,0.29640946,-1.2180122e-05,0.39029288,0
1527,25.45,171.66089,1.1958435,-3.0368505,0.29640928,8.177138e-05,0.39029273,0
1528,25.466667,171.66087,1.1958433,-3.0368798,0.29640928,-8.330622e-06,0.39029258,0
1529,25.483334,171.66084,1.1958431,-3.036906,0.2964087,-7.4048185e-05,0.3902925,0
1530,25.5,171.66081,1.195843,-3.036939,0.29640865,-4.5656916e-06,0.39029223,0
1531,25.516666,171.66078,1.1958427,-3.036966,0.29640839,6.828521e-05,0.39029208,0
1532,25.533333,171.66075,1.1958425,-3.0369992,0.29640812,-9.949987e-06,0.3902918,0
1533,25.55,171.66072,1.1958424,-3.0370307,0.29640794,-1.214784e-05,0.39029166,0
1534,25.566668,171.66069,1.1958421,-3.037059,0.2964076,-8.094733e-06,0.39029148,0
1535,25.583334,171.66066,1.1958418,-3.0370905,0.2964074,7.152038e-05,0.39029127,0
1536,25.6,171.66063,1.1958417,-3.0371172,0.2964074,-7.617147e-06,0.39029112,0
1537,25.616667,171.6606,1.1958414,-3.037147,0.29640716,1.2443667e-05,0.390291,0
1538,25.633333,171.66057,1.1958413,-3.0371776,0.29640707,-8.945331e-06,0.39029083,0
1539,25.65,171.66054,1.1958411,-3.0372033,0.29640684,-1.4396192e-05,0.39029068,0
1540,25.666666,171.6605,1.195841,-3.0372398,0.29640648,-8.738776e-06,0.39029044,0
1541,25.683332,171.66048,1.1958407,-3.037264,0.2964062,-1.6698215e-05,0.3902903,0
1542,25.7,171.66045,1.1958405,-3.0372953,0.29640618,-1.1555858e-05,0.3902901,0
1543,25.716667,171.66042,1.1958402,-3.0373282,0.2964059,-1.425952e-05,0.39028987,0
1544,25.733334,171.66039,1.1958401,-3.0373564,0.29640594,-9.700809e-06,0.39028975,0
1545,25.75,171.66035,1.1958399,-3.037386,0.29640552,-2.3409204e-05,0.39028957,0
1546,25.766666,171.66032,1.1958396,-3.0374177,0.29640526,-9.968765e-06,0.39028937,0
1547,25.783333,171.6603,1.1958395,-3.037446,0.296405,-8.595544e-06,0.3902892,0
1548,25.8,171.66026,1.1958392,-3.037478,0.29640475,8.806382e-05,0.39028898,0
1549,25.816668,171.66023,1.195839,-3.0375075,0.29640457,-1.13055985e-05,0.39028877,0
1550,25.833334,171.6602,1.1958388,-3.037541,0.29640442,8.1149694e-05,0.39028862,0
1551,25.85,171.66017,1.1958387,-3.0375676,0.29640412,-8.664019e-06,0.39028847,0
1552,25.866667,171.66014,1.1958385,-3.0375981,0.29640406,-7.800389e-05,0.39028832,0
1553,25.883333,171.66011,1.1958382,-3.0376291,0.2964038,8.335642e-05,0.39028814,0
1554,25.9,171.66008,1.1958381,-3.0376568,0.2964037,-8.212309e-06,0.39028797,0
1555,25.916666,171.66005,1.1958379,-3.0376837,0.29640347,-6.439697e-06,0.39028782,0
1556,25.933332,171.66003,1.1958376,-3.0377126,0.29640314,-1.0647525e-05,0.39028764,0
1557,25.95,171.65999,1.1958374,-3.0377457,0.29640272,-1.3866558e-05,0.39028737,0
1558,25.966667,171.65997,1.1958371,-3.037773,0.29640263,-6.067905e-06,0.39028722,0
1559,25.983334,171.65993,1.195837,-3.0378048,0.2964025,8.121403e-05,0.39028707,0
1560,26,171.65991,1.1958368,-3.03783,0.29640222,-7.911649e-06,0.39028692,0
1561,26.016666,171.67032,1.2071326,-3.038711,0.29446203,-0.15003824,0.3898384,0
1562,26.033333,171.66731,1.2044247,-3.0390136,0.29196084,-0.1500671,0.38925287,0
1563,26.05,171.66399,1.2013215,-3.0392435,0.28945917,-0.14998539,0.38866687,0
1564,26.066668,171.66026,1.1978118,-3.039451,0.28695795,-0.14999767,0.38808098,0
1565,26.083334,171.6565,1.194247,-3.0396612,0.28445712,-0.14999655,0.3874952,0
1566,26.1,171.65266,1.1906121,-3.039844,0.28195652,-0.14999707,0.38690948,0
1567,26.116667,171.64879,1.1869196,-3.0400314,0.2794559,-0.14999843,0.38632375,0
1568,26.133333,171.64484,1.1831619,-3.0402207,0.27695525,-0.14998996,0.38573813,0
1569,26.15,171.64085,1.1793519,-3.0404031,0.27445444,-0.15000622,0.38515258,0
1570,26.166666,171.63673,1.175427,-3.040588,0.27195373,-0.15007316,0.38456705,0
1571,26.183332,171.63264,1.1715145,-3.0407748,0.26945332,-0.14998552,0.38398156,0
1572,26.2,171.62846,1.1675123,-3.0409563,0.2669531,-0.15000309,0.38339606,0
1573,26.216667,171.62419,1.1634381,-3.0411444,0.26445284,-0.15000136,0.3828106,0
1574,26.233334,171.61987,1.1593055,-3.04133,0.2619527,-0.15000515,0.38222498,0
1575,26.25,171.61546,1.1550994,-3.041533,0.25945255,-0.14998555,0.3816391,0
1576,26.266666,171.61101,1.1508329,-3.041733,0.2569524,-0.14998221,0.38105297,0
1577,26.283333,171.60648,1.1465085,-3.0419421,0.25445214,-0.15000258,0.38046652,0
1578,26.3,171.6018,1.1420751,-3.042169,0.25195152,-0.15004441,0.37987968,0
1579,26.316668,171.59715,1.1376517,-3.042404,0.24945119,-0.14997488,0.37929252,0
1580,26.333334,171.59239,1.1331369,-3.0426435,0.24695086,-0.14998962,0.37870485,0
1581,26.35,171.58757,1.1285458,-3.0428722,0.2444509,-0.14997242,0.3781168,0
1582,26.366667,171.58266,1.1239023,-3.0431464,0.24195021,-0.15001155,0.37752813,0
1583,26.383333,171.5777,1.1191891,-3.0434008,0.23944996,-0.15001288,0.37693915,0
1584,26.4,171.57257,1.1143646,-3.0436897,0.23694976,-0.15004863,0.3763495,0
1585,26.416666,171.56749,1.1095511,-3.0439591,0.2344496,-0.14997539,0.37575957,0
1586,26.433332,171.56229,1.1046427,-3.0442646,0.23194936,-0.15000074,0.37516922,0
1587,26.45,171.557,1.0996643,-3.0445616,0.22944908,-0.15001538,0.3745785,0
1588,26.466667,171.55165,1.094606,-3.044863,0.22694921,-0.14997604,0.3739876,0
1589,26.483334,171.5462,1.0895005,-3.045193,0.22444898,-0.14998579,0.37339634,0
1590,26.5,171.54071,1.0843167,-3.0455136,0.2219492,-0.14996842,0.37280497,0
1591,26.516666,171.53514,1.0790781,-3.0458417,0.21944891,-0.14998432,0.3722135,0
1592,26.533333,171.5295,1.0737623,-3.046163,0.21694863,-0.14996964,0.37162197,0
1593,26.55,171.5238,1.0683872,-3.0464919,0.21444893,-0.14999574,0.37103054,0
1594,26.566668,171.51802,1.0629301,-3.046811,0.21194912,-0.14996971,0.37043923,0
1595,26.583334,171.51213,1.0573775,-3.0471547,0.2094494,-0.15001908,0.36984798,0
1596,26.6,171.50623,1.051798,-3.0474806,0.20694993,-0.15004247,0.369257,0
1597,26.616667,171.50024,1.0461543,-3.0478196,0.20445138,-0.14994077,0.36866638,0
1598,26.633333,171.49414,1.040403,-3.0481572,0.20195264,-0.14987476,0.3680759,0
1599,26.65,171.48796,1.0345563,-3.0484989,0.19945413,-0.14999719,0.3674856,0
1600,26.666666,171.48174,1.0286851,-3.048855,0.1969557,-0.14994164,0.3668955,0
1601,26.683332,171.47536,1.0226685,-3.0492132,0.19445734,-0.15000255,0.36630556,0
1602,26.7,171.46892,1.0166055,-3.0495837,0.1919587,-0.14999935,0.36571565,0
1603,26.716667,171.46242,1.0104727,-3.0499628,0.18945956,-0.15000841,0.3651258,0
1604,26.733334,171.4558,1.0042529,-3.0503597,0.18696067,-0.15000811,0.36453608,0
1605,26.75,171.44913,0.9979864,-3.0507581,0.18446164,-0.14992261,0.36394644,0
1606,26.766666,171.44228,0.99158376,-3.0512152,0.18196388,-0.14997403,0.363357,0
1607,26.783333,171.4354,0.98514515,-3.0516565,0.17946619,-0.14997394,0.36276773,0
1608,26.8,171.42845,0.9786731,-3.0521207,0.17696846,-0.14992192,0.36217847,0
1609,26.816668,171.42137,0.9720561,-3.0525827,0.174471,-0.14996694,0.3615894,0
1610,26.833334,171.41432,0.9657722,-3.053347,0.17197081,-0.1503437,0.36099908,0
1611,26.85,171.40744,0.9595176,-3.0539832,0.16946588,-0.15035354,0.36040846,0
1612,26.866667,171.40053,0.95313996,-3.0545177,0.16695641,-0.15034634,0.3598174,0
1613,26.883333,171.39365,0.94669056,-3.054948,0.16444494,-0.15035863,0.35922667,0
1614,26.9,171.38663,0.93991375,-3.0551963,0.16193806,-0.14999394,0.35864002,0
1615,26.916666,171.37941,0.93293035,-3.0554264,0.1594375,-0.15000828,0.35805562,0
1616,26.933332,171.37216,0.92590886,-3.0556424,0.15693693,-0.14999403,0.35747254,0
1617,26.95,171.36488,0.9188628,-3.0558836,0.1544362,-0.14999054,0.35689074,0
1618,26.966667,171.35757,0.91178894,-3.0561147,0.15193555,-0.14998683,0.3563101,0
1619,26.983334,171.35025,0.90469295,-3.056349,0.14943509,-0.14998823,0.35573074,0
1620,27,171.3429,0.8975639,-3.056574,0.14693454,-0.15001486,0.3551524,0
1621,27.016666,171.3355,0.89040005,-3.0568113,0.14443192,-0.15007472,0.3545747,0
1622,27.033333,171.32802,0.8831729,-3.0570574,0.141928,-0.15009329,0.35399768,0
1623,27.05,171.32053,0.87593096,-3.0573034,0.13942233,-0.15017755,0.35342088,0
1624,27.066668,171.31297,0.86864954,-3.0575843,0.13691473,-0.15024489,0.35284454,0
1625,27.083334,171.3055,0.8615158,-3.0579236,0.13440381,-0.15032859,0.35226798,0
1626,27.1,171.29793,0.85423756,-3.0582175,0.13189173,-0.15034047,0.35169217,0
1627,27.116667,171.2903,0.84684515,-3.0584557,0.12937924,-0.15036157,0.35111728,0
1628,27.133333,171.2825,0.83933395,-3.058728,0.12686795,-0.15027326,0.350543,0
1629,27.15,171.27466,0.83176994,-3.059007,0.12435724,-0.15029497,0.34996894,0
1630,27.166666,171.26672,0.82411444,-3.0592985,0.12184757,-0.15027642,0.34939474,0
1631,27.183332,171.25868,0.8163801,-3.0596035,0.11933886,-0.15027599,0.34882,0
1632,27.2,171.25049,0.80852246,-3.059936,0.11683211,-0.15027715,0.3482442,0
1633,27.216667,171.24219,0.8005797,-3.0602882,0.11432662,-0.15028241,0.3476671,0
1634,27.233334,171.23378,0.79257476,-3.060703,0.11182193,-0.15028284,0.3470882,0
1635,27.25,171.22523,0.78450316,-3.061171,0.10931903,-0.15028268,0.34650704,0
1636,27.266666,171.21657,0.77635515,-3.061695,0.106817245,-0.15027866,0.34592354,0
1637,27.283333,171.20776,0.7681356,-3.062271,0.10431697,-0.1502827,0.3453377,0
1638,27.3,171.19884,0.7598389,-3.0629003,0.10181662,-0.15026599,0.3447496,0
1639,27.316668,171.18985,0.7514837,-3.063541,0.09931625,-0.15029918,0.3441597,0
1640,27.333334,171.18073,0.7430458,-3.0642173,0.09681575,-0.15028651,0.34356794,0
1641,27.35,171.17155,0.7345381,-3.0648875,0.09431472,-0.15028062,0.3429746,0
1642,27.366667,171.16248,0.7259663,-3.0653958,0.09180446,-0.15028487,0.3423837,0
1643,27.383333,171.15334,0.7173066,-3.065875,0.08929494,-0.15026781,0.3417921,0
1644,27.4,171.14409,0.7085855,-3.0663939,0.08678549,-0.15026693,0.34119967,0
1645,27.416666,171.13477,0.69979596,-3.0669262,0.08427598,-0.15026578,0.34060666,0
1646,27.433332,171.12534,0.6909344,-3.0674968,0.08176656,-0.15025637,0.3400134,0
1647,27.45,171.1159,0.6819295,-3.0679283,0.079266496,-0.14990984,0.33942515,0
1648,27.466667,171.10641,0.6729508,-3.068437,0.07676768,-0.14990273,0.33883706,0
1649,27.483334,171.09685,0.6639094,-3.0689578,0.07426815,-0.1499042,0.33824962,0
1650,27.5,171.08719,0.65480334,-3.069521,0.071768895,-0.14990996,0.33766332,0
1651,27.516666,171.07747,0.64563066,-3.0700617,0.06926949,-0.14990188,0.33707824,0
1652,27.533333,171.06767,0.6364003,-3.0706358,0.06676992,-0.14991643,0.3364944,0
1653,27.55,171.0578,0.6271014,-3.0712054,0.064270645,-0.14990835,0.33591196,0
1654,27.566668,171.04787,0.61774284,-3.0717769,0.061771158,-0.14990357,0.33533078,0
1655,27.583334,171.03789,0.6083227,-3.0723424,0.05927158,-0.14990063,0.33475077,0
1656,27.6,171.02785,0.5988483,-3.0728984,0.056772236,-0.14989923,0.33417192,0
1657,27.616667,171.0181,0.5895899,-3.0734,0.054271266,-0.14998756,0.3335937,0
1658,27.633333,171.00827,0.5801859,-3.0738225,0.051770758,-0.14998753,0.3330163,0
1659,27.65,170.99846,0.57076824,-3.0742104,0.04927016,-0.14998259,0.33243933,0
1660,27.666666,170.98863,0.56126773,-3.0745358,0.046769712,-0.14997008,0.3318628,0
1661,27.683332,170.97858,0.55149585,-3.0748236,0.044269897,-0.14996296,0.3312866,0
1662,27.7,170.96844,0.5416571,-3.0751088,0.04176984,-0.14995866,0.33071053,0
1663,27.716667,170.95828,0.53175616,-3.0753696,0.039270144,-0.14995919,0.33013463,0
1664,27.733334,170.94807,0.5217922,-3.0756154,0.036770254,-0.14997335,0.3295588,0
1665,27.75,170.93779,0.5117298,-3.07584,0.034269866,-0.15004055,0.328983,0
1666,27.766666,170.9275,0.50167,-3.0760593,0.03176975,-0.14996876,0.32840747,0
1667,27.783333,170.91718,0.49151778,-3.0762393,0.029269988,-0.14997803,0.3278324,0
1668,27.8,170.90678,0.48129538,-3.0764177,0.026770383,-0.14997475,0.32725793,0
1669,27.816668,170.89633,0.4710098,-3.0765877,0.024270587,-0.14998059,0.32668412,0
1670,27.833334,170.88583,0.4606564,-3.0767279,0.021770753,-0.14999183,0.32611132,0
1671,27.85,170.87527,0.45023245,-3.0768638,0.019271014,-0.14999475,0.3255396,0
1672,27.866667,170.86465,0.43973374,-3.0769827,0.016770743,-0.14999017,0.32496905,0
1673,27.883333,170.85397,0.42916808,-3.0770988,0.01427102,-0.15000133,0.32439983,0
1674,27.9,170.84317,0.41847932,-3.0772154,0.01177103,-0.15004726,0.32383198,0
1675,27.916666,170.83238,0.40779898,-3.0773208,0.009270726,-0.14999771,0.3232655,0
1676,27.933332,170.82146,0.39700016,-3.0774417,0.006770898,-0.14999278,0.32270026,0
1677,27.95,170.81047,0.38612986,-3.0775652,0.0042705764,-0.15000527,0.32213613,0
1678,27.966667,170.79936,0.37516522,-3.0776987,0.0017704526,-0.14996468,0.32157302,0
1679,27.983334,170.7882,0.36413676,-3.0778506,-0.0007294229,-0.14998217,0.32101044,0
1680,28,170.77687,0.352994,-3.0780194,-0.0032298237,-0.15006399,0.32044816,0
1681,28.016666,170.75967,0.33680356,-3.07903,-0.0040090405,7.5308104e-05,0.32028064,0
1682,28.033333,170.7595,0.33680606,-3.0792072,-0.0040090852,-6.4800006e-06,0.32028958,0
1683,28.05,170.75935,0.33680663,-3.079349,-0.0040092045,-7.61722e-06,0.32029518,0
1684,28.066668,170.75925,0.33680716,-3.0794652,-0.004009398,2.5178979e-06,0.32029718,0
1685,28.083334,170.75916,0.33680785,-3.0795598,-0.0040096426,8.617072e-06,0.32029623,0
1686,28.1,170.75903,0.3368088,-3.0796826,-0.004009428,-2.445836e-07,0.3202938,0
1687,28.116667,170.75888,0.3368099,-3.079833,-0.004009346,3.136959e-05,0.3202899,0
1688,28.133333,170.7587,0.33681074,-3.080011,-0.00400948,2.0754022e-05,0.32028463,0
1689,28.15,170.7585,0.33681172,-3.0802083,-0.004009346,0.000114349175,0.32027823,0
1690,28.166666,170.7583,0.3368127,-3.080419,-0.0040094056,7.0201863e-06,0.32027087,0
1691,28.183332,170.75807,0.3368136,-3.0806444,-0.004009361,2.233818e-05,0.32026282,0
1692,28.2,170.75783,0.33681458,-3.0808825,-0.0040093907,1.7665652e-05,0.3202543,0
1693,28.216667,170.75758,0.33681554,-3.0811346,-0.0040093535,6.213035e-06,0.3202456,0
1694,28.233334,170.75732,0.33681646,-3.0813887,-0.004009376,2.1057092e-05,0.32023692,0
1695,28.25,170.75708,0.33681738,-3.081643,-0.0040094056,1.2731745e-05,0.32022843,0
1696,28.266666,170.75684,0.3368183,-3.0818915,-0.004009316,1.0785091e-05,0.32022047,0
1697,28.283333,170.75659,0.33681923,-3.082134,-0.004009398,1.5297013e-05,0.3202131,0
1698,28.3,170.75636,0.33682013,-3.082367,-0.0040095025,2.4686935e-05,0.32020643,0
1699,28.316668,170.75613,0.33682114,-3.082589,-0.0040095397,1.0456184e-05,0.32020053,0
1700,28.333334,170.75594,0.336822,-3.082793,-0.0040095756,1.5757361e-07,0.32019553,0
1701,28.35,170.75574,0.33682278,-3.0829842,-0.0040096426,6.1975234e-06,0.3201913,0
1702,28.366667,170.75557,0.33682373,-3.0831523,-0.004009687,1.6293307e-05,0.32018796,0
1703,28.383333,170.75542,0.3368248,-3.0833151,-0.0040094056,1.5804224e-05,0.3201853,0
1704,28.4,170.75525,0.3368258,-3.0834718,-0.004009495,-1.5645037e-05,0.3201832,0
1705,28.416666,170.75513,0.33682686,-3.0836017,-0.004009361,9.017745e-06,0.32018167,0
1706,28.433332,170.755,0.33682793,-3.0837314,-0.0040093088,1.1266139e-05,0.32018036,0
1707,28.45,170.7549,0.33682892,-3.08384,-0.004009361,7.60334e-06,0.3201793,0
1708,28.466667,170.7548,0.33682996,-3.0839283,-0.004009346,1.0277111e-05,0.32017848,0
1709,28.483334,170.75475,0.33683106,-3.08399,-0.004009361,2.6818994e-05,0.3201779,0
1710,28.5,170.75468,0.33683172,-3.084051,-0.0040094056,-2.928178e-06,0.32017723,0
1711,28.516666,170.75462,0.33683202,-3.0841064,-0.004009443,-1.0774686e-06,0.32017654,0
1712,28.533333,170.75456,0.33683234,-3.0841665,-0.004009687,-3.5496802e-07,0.32017586,0
1713,28.55,170.75452,0.33683273,-3.0842235,-0.0040096794,1.9658046e-06,0.3201752,0
1714,28.566668,170.75446,0.33683312,-3.084278,-0.004009791,-3.0312633e-06,0.3201746,0
1715,28.583334,170.7544,0.33683354,-3.0843377,-0.0040098433,1.2688112e-06,0.32017398,0
1716,28.6,170.75435,0.33683383,-3.0843916,-0.004010185,9.709147e-07,0.32017335,0
1717,28.616667,170.7543,0.33683416,-3.0844402,-0.0040102447,5.681401e-06,0.32017273,0
1718,28.633333,170.75424,0.33683443,-3.0844965,-0.0040106094,1.226666e-05,0.32017207,0
1719,28.65,170.75418,0.33683473,-3.084551,-0.004010995,1.1144868e-06,0.3201714,0
1720,28.666666,170.75414,0.33683506,-3.084605,-0.004011351,1.4864324e-05,0.32017076,0
1721,28.683332,170.75407,0.33683532,-3.084659,-0.004011768,-4.6093473e-06,0.3201701,0
1722,28.7,170.75403,0.3368356,-3.084712,-0.00401205,1.4538425e-05,0.32016942,0
1723,28.716667,170.75397,0.33683592,-3.0847652,-0.0040124147,-1.0690949e-05,0.32016876,0
1724,28.733334,170.75392,0.33683634,-3.08482,-0.0040126145,6.297592e-06,0.32016814,0
1725,28.75,170.75386,0.33683676,-3.084875,-0.004012927,5.204341e-06,0.32016745,0
1726,28.766666,170.75381,0.33683732,-3.0849283,-0.0040131863,9.754711e-06,0.32016683,0
1727,28.783333,170.75375,0.33683783,-3.0849814,-0.004013454,6.4773217e-06,0.32016617,0
1728,28.8,170.75371,0.33683833,-3.0850332,-0.004013751,1.18529615e-05,0.32016557,0
1729,28.816668,170.75365,0.33683908,-3.0850894,-0.004013818,-8.211686e-07,0.32016495,0
1730,28.833334,170.7536,0.33683982,-3.085144,-0.0040142797,1.1397821e-05,0.32016426,0
1731,28.85,170.75354,0.33684066,-3.0852013,-0.00401439,2.3036995e-05,0.32016364,0
1732,28.866667,170.7535,0.3368415,-3.0852509,-0.0040145763,4.9637256e-06,0.32016304,0
1733,28.883333,170.75343,0.3368424,-3.085304,-0.0040146136,3.3590645e-06,0.32016248,0
1734,28.9,170.75339,0.33684322,-3.085362,-0.0040149246,0.00010367877,0.3201618,0
1735,28.916666,170.75333,0.33684418,-3.0854166,-0.004015044,-5.661501e-05,0.3201612,0
1736,28.933332,170.75328,0.33684516,-3.0854714,-0.004015193,5.509112e-06,0.32016057,0
1737,28.95,170.75322,0.33684614,-3.0855246,-0.0040153638,2.759006e-07,0.32015994,0
1738,28.966667,170.75317,0.33684707,-3.0855775,-0.004015534,1.7819168e-05,0.32015938,0
1739,28.983334,170.75311,0.33684793,-3.0856307,-0.00401581,1.7178341e-05,0.32015878,0
1740,29,170.75307,0.33684886,-3.085689,-0.004016033,1.249083e-05,0.32015812,0
1741,29.016666,170.753,0.33684975,-3.0857427,-0.0040162103,2.063899e-05,0.3201575,0
1742,29.033333,170.75296,0.33685073,-3.0857985,-0.0040161656,1.8845094e-05,0.3201569,0
1743,29.05,170.7529,0.3368517,-3.0858498,-0.0040163146,1.9939267e-05,0.3201563,0
1744,29.066668,170.75285,0.33685252,-3.0859008,-0.004016508,1.9647914e-05,0.3201557,0
1745,29.083334,170.75279,0.3368534,-3.08596,-0.0040168045,1.8207655e-05,0.32015502,0
1746,29.1,170.75275,0.33685434,-3.086015,-0.004016745,2.2316623e-05,0.32015443,0
1747,29.116667,170.75269,0.3368553,-3.086074,-0.0040171393,-5.0985977e-06,0.32015374,0
1748,29.133333,170.75262,0.33685628,-3.0861266,-0.004017214,1.363034e-05,0.32015312,0
1749,29.15,170.75258,0.33685717,-3.0861788,-0.004017466,1.283799e-05,0.3201525,0
1750,29.166666,170.75253,0.3368581,-3.0862343,-0.004017563,1.3269356e-05,0.32015193,0
1751,29.183332,170.75247,0.33685908,-3.0862858,-0.0040177414,1.9251202e-05,0.32015136,0
1752,29.2,170.75243,0.33685997,-3.0863395,-0.0040180157,1.9701936e-05,0.32015073,0
1753,29.216667,170.75237,0.33686087,-3.086392,-0.0040181796,-2.771873e-06,0.32015014,0
1754,29.233334,170.75232,0.33686188,-3.0864491,-0.0040182094,3.966306e-07,0.32014954,0
1755,29.25,170.75226,0.33686286,-3.0865,-0.0040183654,-2.681269e-06,0.32014894,0
1756,29.266666,170.75221,0.33686382,-3.0865543,-0.004018565,6.261372e-06,0.32014835,0
1757,29.283333,170.75217,0.33686468,-3.0866053,-0.004018796,1.6934044e-05,0.32014772,0
1758,29.3,170.7521,0.33686566,-3.0866573,-0.0040188334,1.3298398e-05,0.32014713,0
1759,29.316668,170.75206,0.33686656,-3.0867083,-0.004019145,9.9285635e-06,0.32014656,0
1760,29.333334,170.75201,0.33686757,-3.0867631,-0.004019279,2.4515573e-06,0.3201459,0
1761,29.35,170.75195,0.3368685,-3.0868173,-0.00401951,3.3610872e-06,0.32014525,0
1762,29.366667,170.7519,0.33686948,-3.0868673,-0.0040195994,7.045617e-06,0.32014465,0
1763,29.383333,170.75186,0.33687043,-3.0869184,-0.004019739,-9.2727237e-07,0.32014403,0
1764,29.4,170.7518,0.33687142,-3.086972,-0.0040197913,1.44200785e-05,0.32014343,0
1765,29.416666,170.75175,0.33687228,-3.087023,-0.004020074,1.4486878e-05,0.32014284,0
1766,29.433332,170.7517,0.33687323,-3.0870788,-0.0040200814,0.0001183194,0.32014224,0
1767,29.45,170.75165,0.3368743,-3.087126,-0.004020059,9.986935e-06,0.32014167,0
1768,29.466667,170.7516,0.33687535,-3.087177,-0.004020111,1.4623261e-05,0.32014114,0
1769,29.483334,170.75156,0.33687627,-3.0872288,-0.004020422,2.1753804e-05,0.3201405,0
1770,29.5,170.7515,0.33687726,-3.0872796,-0.0040205414,1.892254e-05,0.3201399,0
1771,29.516666,170.75145,0.33687836,-3.0873377,-0.0040205265,1.5818177e-05,0.32013932,0
1772,29.533333,170.75139,0.3368793,-3.0873868,-0.0040207575,1.891767e-05,0.32013866,0
1773,29.55,170.75134,0.3368803,-3.0874407,-0.0040207575,2.2274698e-05,0.32013804,0
1774,29.566668,170.7513,0.33688122,-3.0874922,-0.004021121,1.5865799e-05,0.3201374,0
1775,29.583334,170.75125,0.33688223,-3.08754,-0.004021367,5.3687268e-06,0.32013685,0
1776,29.6,170.75119,0.3368832,-3.0875936,-0.0040215366,2.2989498e-05,0.32013616,0
1777,29.616667,170.75114,0.33688414,-3.0876496,-0.0040217154,-5.0114875e-05,0.32013556,0
1778,29.633333,170.75108,0.33688527,-3.087703,-0.0040218197,2.1087482e-05,0.32013494,0
1779,29.65,170.75104,0.3368863,-3.0877576,-0.0040220567,7.019376e-06,0.3201343,0
1780,29.666666,170.75098,0.33688727,-3.087806,-0.00402225,8.297244e-06,0.32013375,0
1781,29.683332,170.75093,0.33688822,-3.0878568,-0.004022347,1.4264872e-05,0.32013312,0
1782,29.7,170.75089,0.33688936,-3.087912,-0.0040222947,2.06991e-05,0.32013252,0
1783,29.716667,170.75082,0.3368904,-3.087963,-0.0040223617,2.2053971e-05,0.320132,0
1784,29.733334,170.75078,0.33689138,-3.0880136,-0.004022615,2.003487e-05,0.3201314,0
1785,29.75,170.75073,0.3368924,-3.0880637,-0.0040227035,4.085844e-06,0.32013077,0
1786,29.766666,170.75069,0.33689335,-3.0881135,-0.004023001,3.0046438e-06,0.32013014,0
1787,29.783333,170.75063,0.33689442,-3.0881712,-0.004023016,9.450606e-06,0.32012957,0
1788,29.8,170.75058,0.3368955,-3.0882242,-0.0040231426,1.9570289e-05,0.32012898,0
1789,29.816668,170.75052,0.33689642,-3.0882802,-0.004023335,0.00013132198,0.32012838,0
1790,29.833334,170.75047,0.33689737,-3.0883267,-0.0040236474,-4.9436283e-05,0.3201278,0
1791,29.85,170.75043,0.3368985,-3.0883794,-0.0040237666,2.1377713e-05,0.3201272,0
1792,29.866667,170.75037,0.33689955,-3.0884292,-0.004023944,2.0089567e-05,0.32012662,0
1793,29.883333,170.75032,0.3369006,-3.088481,-0.004023966,5.2560777e-06,0.32012603,0
1794,29.9,170.75027,0.3369016,-3.0885308,-0.0040240404,6.166762e-07,0.32012543,0
1795,29.916666,170.75021,0.3369035,-3.0885932,-0.0040241745,2.0770094e-05,0.3201248,0
1796,29.933332,170.75015,0.33690587,-3.0886562,-0.004024249,2.3722363e-05,0.32012418,0
1797,29.95,170.75009,0.3369084,-3.0887148,-0.0040241373,4.6160407e-05,0.32012367,0
1798,29.966667,170.75003,0.33691114,-3.088776,-0.004023959,3.9728013e-05,0.3201231,0
1799,29.983334,170.74998,0.33691365,-3.0888352,-0.0040239366,2.9976074e-05,0.32012257,0
1800,30,170.74992,0.33691606,-3.0888922,-0.004023981,-7.515862e-07,0.320122,0
