frame,time_s,kinetic_J,potential_J,total_J,delta_E_J,ui_total_J,depth_m,contacts,matched,locked,max_speed_m_s,max_spin_rad_s,max_move_m,tip_y_m,broken
1,0.016666668,0.1063752,34.25509,34.36146,-0.0026841382,34.36146,0,122,122,29,0.16347197,0,0.0013964176,0.22860363,0
2,0.033333335,0.36459678,33.970955,34.335552,-0.025910188,34.335552,0,131,131,32,0.32688943,2.6322189e-12,0.004120469,0.22448318,0
3,0.05,0.5475979,33.587624,34.13522,-0.20033172,34.13522,0,148,148,35,0.49025264,0.4688939,0.0068436265,0.21763957,0
4,0.06666667,0.4895302,33.270916,33.760445,-0.37477514,33.760445,0,177,176,39,0.65356153,1.1544049,0.009565905,0.20807366,0
5,0.083333336,0.0016543281,33.20327,33.204926,-0.5555206,33.204926,0,193,193,48,0.027880238,0.69280434,0.0040363404,0.20404625,0
6,0.1,0.0009049957,33.200443,33.201347,-0.0035763339,33.201347,7.7828304e-07,195,195,49,0.025802642,0.40887573,0.00043311605,0.20395169,0
7,0.11666667,0.00063721015,33.19987,33.20051,-0.0008407005,33.20051,3.0994454e-06,197,197,50,0.02402713,0.3129904,0.00041646976,0.20393854,0
8,0.13333334,0.0004271414,33.199436,33.199863,-0.0006426645,33.199863,5.543239e-06,197,197,50,0.021244023,0.24600133,0.00037770523,0.20393261,0
9,0.15,0.00026513208,33.199024,33.19929,-0.0005749869,33.19929,7.748615e-06,197,197,50,0.01785812,0.17215908,0.00032586005,0.20392764,0
10,0.16666667,0.00016767495,33.19861,33.198776,-0.0005144249,33.198776,1.0004114e-05,197,197,50,0.014002702,0.09937742,0.0002651944,0.20392191,0
11,0.18333334,0.00012170222,33.198166,33.198288,-0.00048787874,33.198288,1.2218972e-05,198,198,50,0.0102162,0.033557016,0.00019895365,0.2039145,0
12,0.2,0.00010199636,33.197712,33.197815,-0.0004719197,33.197815,1.4154352e-05,198,198,50,0.00862708,0.022143623,0.00015475118,0.20390615,0
13,0.21666667,8.53421e-05,33.19726,33.197346,-0.0004688681,33.197346,1.6335345e-05,198,198,50,0.007895472,0.020324701,0.00013763233,0.2038978,0
14,0.23333333,6.884621e-05,33.19681,33.19688,-0.00046754593,33.19688,1.8719873e-05,196,196,49,0.0071044154,0.018343886,0.00012485683,0.20388924,0
15,0.25,5.299456e-05,33.19637,33.196423,-0.00045576258,33.196423,2.1080044e-05,198,198,50,0.006231615,0.016202873,0.00011094456,0.20388089,0
16,0.26666668,3.846579e-05,33.19593,33.19597,-0.0004534422,33.19597,2.3477045e-05,198,198,50,0.0053154295,0.013933411,9.609062e-05,0.20387255,0
17,0.28333333,2.6527983e-05,33.195675,33.1957,-0.0002696332,33.1957,2.4328509e-05,198,198,50,0.0044599725,0.01215162,8.09571e-05,0.20386808,0
18,0.3,1.9147043e-05,33.19548,33.1955,-0.00020023683,33.1955,2.6354932e-05,198,198,50,0.0037949446,0.010452294,6.839829e-05,0.2038651,0
19,0.31666666,1.4316852e-05,33.195305,33.19532,-0.00017973053,33.19532,2.7055745e-05,198,198,50,0.0032866723,0.009167924,5.872438e-05,0.20386212,0
20,0.33333334,1.1049966e-05,33.19515,33.19516,-0.00016253925,33.19516,2.8352764e-05,198,198,50,0.0028920413,0.008177834,5.1268344e-05,0.20385914,0
21,0.35,8.788569e-06,33.194996,33.195004,-0.00015521607,33.195004,3.0705716e-05,198,198,50,0.002583289,0.00740303,4.545586e-05,0.20385616,0
22,0.36666667,7.182925e-06,33.19484,33.194847,-0.00015505908,33.194847,3.3048433e-05,198,198,50,0.0023391962,0.0068261283,4.0893254e-05,0.20385313,0
23,0.38333333,6.032127e-06,33.194687,33.19469,-0.00015643305,33.19469,3.527542e-05,198,198,50,0.0021458426,0.0062894193,3.7289003e-05,0.20384988,0
24,0.4,5.1514953e-06,33.194534,33.19454,-0.00015233901,33.19454,3.7235815e-05,198,198,50,0.0019865972,0.0059422664,3.43687e-05,0.20384668,0
25,0.41666666,4.4918543e-06,33.19438,33.194386,-0.00015195177,33.194386,3.915749e-05,198,198,50,0.0018571707,0.0056113424,3.1992116e-05,0.20384346,0
26,0.43333334,3.9753804e-06,33.194233,33.194237,-0.00014981354,33.194237,4.0823317e-05,198,198,50,0.0017490869,0.005393486,3.0030422e-05,0.20384018,0
27,0.45,3.5788212e-06,33.194088,33.19409,-0.00014653477,33.19409,4.232124e-05,196,196,49,0.0016727905,0.0051156706,2.837229e-05,0.20383692,0
28,0.46666667,3.219137e-06,33.19394,33.193943,-0.0001464979,33.193943,4.390041e-05,198,198,50,0.0015774752,0.0049511245,2.6947826e-05,0.20383368,0
29,0.48333332,2.9362557e-06,33.193794,33.193798,-0.00014658735,33.193798,4.5330078e-05,198,198,50,0.0015078478,0.004838309,2.5719439e-05,0.2038304,0
30,0.5,2.6981152e-06,33.19365,33.19365,-0.00014654262,33.19365,4.690048e-05,198,198,50,0.0014462225,0.004674487,2.462681e-05,0.20382713,0
31,0.51666665,2.4869014e-06,33.1935,33.193504,-0.00014651568,33.193504,4.8393817e-05,198,198,50,0.0013898176,0.004556159,2.3646757e-05,0.20382385,0
32,0.53333336,2.3109187e-06,33.193356,33.19336,-0.00014648045,33.19336,4.985643e-05,198,198,50,0.0013398262,0.0043796995,2.2755417e-05,0.20382057,0
33,0.55,2.1405538e-06,33.19321,33.19321,-0.00014647483,33.19321,5.13476e-05,198,198,50,0.0012911906,0.0043244795,2.1936927e-05,0.2038173,0
34,0.56666666,1.993951e-06,33.19306,33.193066,-0.00014645107,33.193066,5.295801e-05,198,198,50,0.0012469981,0.00422665,2.1176695e-05,0.20381401,0
35,0.5833333,1.8609558e-06,33.192917,33.192917,-0.00014643747,33.192917,5.444728e-05,198,198,50,0.001205491,0.0041224738,2.04656e-05,0.20381074,0
36,0.6,1.7410003e-06,33.192772,33.192772,-0.00014642443,33.192772,5.5988436e-05,198,198,50,0.0011666899,0.00396044,1.9796671e-05,0.20380746,0
37,0.6166667,1.6417135e-06,33.192623,33.192623,-0.00014740128,33.192623,5.7449728e-05,198,198,50,0.0011319744,0.003838988,1.9174691e-05,0.20380412,0
38,0.6333333,1.3647277e-06,33.19248,33.19248,-0.00014691397,33.19248,5.903074e-05,198,198,50,0.0010467081,0.0037874873,1.8451174e-05,0.20380084,0
39,0.65,4.839522e-07,33.192326,33.192326,-0.0001506766,33.192326,6.079074e-05,198,198,50,0.0006383776,0.002862764,1.3962531e-05,0.20379752,0
40,0.6666667,7.024349e-07,33.19218,33.19218,-0.00014774853,33.19218,6.233934e-05,198,198,50,0.0006951333,0.0026252703,9.5168825e-06,0.20379412,0
41,0.68333334,1.2706006e-06,33.19203,33.192036,-0.00014507129,33.192036,6.367498e-05,198,198,50,0.00093819667,0.0029745032,1.3935983e-05,0.20379066,0
42,0.7,1.3970918e-06,33.19189,33.19189,-0.00014318539,33.19189,6.487426e-05,198,198,50,0.0009765854,0.0029782415,1.597198e-05,0.20378724,0
43,0.71666664,1.3321261e-06,33.19175,33.19175,-0.00014221306,33.19175,6.60732e-05,198,198,50,0.00095881155,0.0030543273,1.635986e-05,0.20378383,0
44,0.73333335,1.5542756e-06,33.191605,33.191605,-0.000143921,33.191605,6.733236e-05,196,196,49,0.0010410475,0.0030106704,1.6368545e-05,0.20378035,0
45,0.75,1.8201816e-06,33.19146,33.19146,-0.00014470852,33.19146,6.8651876e-05,198,198,50,0.0011136625,0.0031771604,1.7820272e-05,0.20377687,0
46,0.76666665,1.8239155e-06,33.191315,33.191315,-0.00014413943,33.191315,6.9931666e-05,198,198,50,0.0011199192,0.0032332025,1.8613438e-05,0.2037734,0
47,0.78333336,1.8073081e-06,33.19117,33.191174,-0.00014382726,33.191174,7.1160815e-05,198,198,50,0.0011082484,0.003145444,1.847784e-05,0.20376992,0
48,0.8,1.7353025e-06,33.19103,33.19103,-0.00014305138,33.19103,7.23898e-05,198,198,50,0.0010890577,0.003212014,1.82918e-05,0.2037665,0
49,0.81666666,1.4898081e-06,33.190884,33.190887,-0.00014239359,33.190887,7.3578616e-05,198,198,50,0.0010070389,0.0029883694,1.7577084e-05,0.20376308,0
50,0.8333333,1.3461212e-06,33.190742,33.190742,-0.00014279055,33.190742,7.4835785e-05,198,198,50,0.00095528044,0.002904427,1.6345135e-05,0.20375969,0
51,0.85,1.1959895e-06,33.1906,33.1906,-0.00014213198,33.1906,7.601492e-05,196,196,49,0.0009169409,0.0028345347,1.5300313e-05,0.20375626,0
52,0.8666667,1.0203477e-06,33.19046,33.19046,-0.00014115995,33.19046,7.723179e-05,196,196,49,0.00084575464,0.0026840984,1.4104844e-05,0.20375289,0
53,0.8833333,1.0213957e-06,33.190315,33.190315,-0.00014464087,33.190315,7.861109e-05,198,198,50,0.00082810555,0.0027631407,1.3943945e-05,0.20374946,0
54,0.9,1.0722083e-06,33.19017,33.190174,-0.00014375983,33.190174,7.982836e-05,198,198,50,0.00085032097,0.0027268522,1.4045614e-05,0.20374599,0
55,0.9166667,8.434041e-07,33.190044,33.190044,-0.00012724768,33.190044,8.098351e-05,198,198,50,0.00065613014,0.0023819853,1.2185334e-05,0.20374301,0
56,0.93333334,6.18054e-07,33.18992,33.18992,-0.00012657921,33.18992,8.2217106e-05,198,198,50,0.0005549574,0.0021495,1.0043971e-05,0.20374003,0
57,0.95,6.1706265e-07,33.189793,33.189793,-0.00012701987,33.189793,8.3429906e-05,198,198,50,0.00052975677,0.0021836273,8.84912e-06,0.20373705,0
58,0.96666664,7.166827e-07,33.189663,33.189663,-0.00012924684,33.189663,8.464281e-05,198,198,50,0.0005669447,0.0024257132,9.031851e-06,0.20373407,0
59,0.98333335,6.697873e-07,33.189533,33.189533,-0.00012739829,33.189533,8.579649e-05,198,198,50,0.0005589235,0.002166784,9.357418e-06,0.20373109,0
60,1,5.190288e-07,33.189407,33.189407,-0.00012650462,33.189407,8.709819e-05,198,198,50,0.0005090535,0.0021520287,8.970289e-06,0.20372811,0
61,1.0166667,5.4966756e-07,33.18928,33.18928,-0.00012732076,33.18928,8.828089e-05,198,198,50,0.000499942,0.0020858264,8.1828275e-06,0.20372513,0
62,1.0333333,5.108743e-07,33.18915,33.189156,-0.00012705768,33.189156,8.948333e-05,198,198,50,0.0004695588,0.0020354479,8.00981e-06,0.20372215,0
63,1.05,4.2108957e-07,33.189026,33.189026,-0.00012644364,33.189026,9.06843e-05,198,198,50,0.00043698723,0.0020593281,7.675147e-06,0.20371917,0
64,1.0666667,4.4005967e-07,33.1889,33.1889,-0.00012799744,33.1889,9.1856265e-05,198,198,50,0.00042935106,0.0020373485,7.173239e-06,0.20371619,0
65,1.0833334,3.8911554e-07,33.18877,33.188774,-0.00012740234,33.188774,9.30653e-05,198,198,50,0.00040102645,0.002057219,6.8973745e-06,0.20371321,0
66,1.1,4.5029907e-07,33.188644,33.188644,-0.00012828773,33.188644,9.4295014e-05,198,198,50,0.0004255266,0.0020422672,6.731497e-06,0.20371023,0
67,1.1166667,5.4858816e-07,33.188515,33.188515,-0.00012858314,33.188515,9.547719e-05,198,198,50,0.0004791741,0.002263012,7.614355e-06,0.20370725,0
68,1.1333333,4.6924595e-07,33.18839,33.18839,-0.00012776324,33.18839,9.6688564e-05,198,198,50,0.00046535363,0.0020500289,8.242614e-06,0.20370427,0
69,1.15,4.2763872e-07,33.18826,33.18826,-0.00012672797,33.18826,9.791802e-05,198,198,50,0.00042810768,0.0020475846,7.242424e-06,0.20370129,0
70,1.1666666,3.8383996e-07,33.188133,33.188133,-0.00012806022,33.188133,9.910657e-05,198,198,50,0.0003897554,0.0020651077,6.645553e-06,0.2036983,0
71,1.1833333,3.9404483e-07,33.188004,33.188004,-0.00012966876,33.188004,0.00010031615,199,199,50,0.00040861443,0.0020371024,6.5873282e-06,0.20369533,0
72,1.2,1.9874098e-07,33.187862,33.187862,-0.00013984957,33.187862,0.00010031051,199,199,50,0.00036956594,0.0023329048,5.5569103e-06,0.20369235,0
73,1.2166667,4.710352e-07,33.187725,33.187725,-0.00013938197,33.187725,0.0001003004,199,199,50,0.00062383316,0.002880756,8.166662e-06,0.20368937,0
74,1.2333333,8.9743696e-07,33.187584,33.187584,-0.00013922786,33.187584,0.000100230725,199,199,50,0.0008656634,0.0034228738,1.25340275e-05,0.20368639,0
75,1.25,1.3334674e-06,33.187443,33.187447,-0.00013921823,33.187447,0.0001002959,199,199,50,0.0010527523,0.003862897,1.6109483e-05,0.2036834,0
76,1.2666667,1.7117021e-06,33.1873,33.187305,-0.00014060608,33.187305,0.00010023986,199,199,50,0.0011899503,0.0041938433,1.8791075e-05,0.20368043,0
77,1.2833333,1.9879844e-06,33.187164,33.18717,-0.00013871296,33.18717,0.000100215904,199,199,50,0.0012657458,0.004299931,2.0673355e-05,0.20367745,0
78,1.3,2.1530614e-06,33.187023,33.187027,-0.00013948919,33.187027,0.00010019656,199,199,50,0.001318908,0.0044719693,2.1613023e-05,0.20367447,0
79,1.3166667,2.2465504e-06,33.186886,33.186886,-0.0001402258,33.186886,0.00010015984,199,199,50,0.0013482076,0.0045613614,2.2286387e-05,0.20367149,0
80,1.3333334,2.2811698e-06,33.186745,33.18675,-0.00013961965,33.18675,0.00010021208,200,200,50,0.0013591427,0.0045970404,2.2611584e-05,0.2036685,0
81,1.35,2.2695522e-06,33.186604,33.186607,-0.00013966589,33.186607,0.00010020633,200,200,50,0.0013560934,0.0045926915,2.2669075e-05,0.20366552,0
82,1.3666667,2.2232302e-06,33.186466,33.186466,-0.0001403656,33.186466,0.00010023004,200,200,50,0.001342513,0.0045587346,2.2524742e-05,0.20366254,0
83,1.3833333,2.1517678e-06,33.186325,33.18633,-0.00013972573,33.18633,0.00010019541,200,200,50,0.001321049,0.0045027877,2.222823e-05,0.20365956,0
84,1.4,2.0630982e-06,33.186184,33.186188,-0.00014040795,33.186188,0.00010022074,200,200,50,0.0012938298,0.004431416,2.1819335e-05,0.20365658,0
85,1.4166666,1.9634883e-06,33.186047,33.186047,-0.00013908885,33.186047,0.000100196885,200,200,50,0.0012624771,0.0043489966,2.1329015e-05,0.2036536,0
86,1.4333333,1.8577063e-06,33.185905,33.185905,-0.00014042507,33.185905,0.00010031265,200,200,50,0.0012282394,0.0042588906,2.0780528e-05,0.20365062,0
87,1.45,1.7491989e-06,33.185764,33.18577,-0.00013976278,33.18577,0.000100251076,200,200,50,0.0011920541,0.004163903,2.019311e-05,0.20364764,0
88,1.4666667,1.6408201e-06,33.185627,33.185627,-0.00013976265,33.185627,0.0001002191,202,202,50,0.0011547228,0.004066143,1.9580099e-05,0.20364466,0
89,1.4833333,1.5344145e-06,33.185486,33.185486,-0.00014042569,33.185486,0.00010028705,203,203,51,0.001116802,0.003967259,1.8952886e-05,0.20364168,0
90,1.5,1.4313086e-06,33.185345,33.18535,-0.00013975738,33.18535,0.00010025456,203,203,51,0.0010787382,0.0038684725,1.831993e-05,0.2036387,0
91,1.5166667,1.3324906e-06,33.185207,33.185207,-0.00013975309,33.185207,0.000100222074,203,203,51,0.0010408877,0.0037705277,1.7687875e-05,0.20363572,0
92,1.5333333,1.2384564e-06,33.185066,33.185066,-0.0001397483,33.185066,0.000100199686,202,202,51,0.0010034891,0.0036743537,1.7061448e-05,0.20363274,0
93,1.55,1.1495367e-06,33.184925,33.18493,-0.00014040821,33.18493,0.000100256664,202,202,51,0.00096671935,0.0035801094,1.6444155e-05,0.20362976,0
94,1.5666667,1.0658798e-06,33.184788,33.184788,-0.00014040295,33.184788,0.000100263605,202,202,51,0.000930735,0.0034883036,1.5838612e-05,0.20362678,0
95,1.5833334,9.874738e-07,33.184647,33.184647,-0.00013906765,33.184647,0.000100200334,202,202,51,0.00089563546,0.0033993793,1.5247859e-05,0.2036238,0
96,1.6,9.143641e-07,33.18451,33.18451,-0.00013972737,33.18451,0.00010031442,202,202,51,0.0008615395,0.0033133437,1.4672205e-05,0.20362082,0
97,1.6166667,8.462432e-07,33.18437,33.18437,-0.0001403874,33.18437,0.00010028888,202,202,51,0.00082844216,0.0032302567,1.4113704e-05,0.20361784,0
98,1.6333333,7.829704e-07,33.184227,33.18423,-0.00013905251,33.18423,0.00010025414,202,202,51,0.0007963959,0.003150337,1.3572215e-05,0.20361486,0
99,1.65,7.242785e-07,33.184093,33.184093,-0.00013638785,33.184093,0.00010019936,202,202,51,0.00076539104,0.0030733594,1.3048415e-05,0.20361188,0
100,1.6666666,6.6992106e-07,33.18396,33.183964,-0.00013039834,33.183964,0.00010017155,202,202,51,0.00073542696,0.0029994051,1.2541611e-05,0.2036089,0
101,1.6833333,6.196601e-07,33.183834,33.183834,-0.00012740165,33.183834,0.000100191675,202,202,51,0.0007065054,0.0029284447,1.2052315e-05,0.20360592,0
102,1.7,5.7323257e-07,33.18371,33.18371,-0.00012706532,33.18371,0.00010017155,202,202,51,0.0006786181,0.002860467,1.1580839e-05,0.20360294,0
103,1.7166667,5.304529e-07,33.18358,33.18358,-0.00012739417,33.18358,0.00010014705,202,202,51,0.0006517763,0.0027954567,1.1126102e-05,0.20359996,0
104,1.7333333,4.9099054e-07,33.18345,33.18345,-0.00013071595,33.18345,0.00010017983,203,203,51,0.0006259161,0.0027332748,1.068954e-05,0.20359698,0
105,1.75,4.5466896e-07,33.183323,33.183323,-0.00012639018,33.183323,0.0001002103,203,203,51,0.0006010567,0.002673975,1.0268564e-05,0.203594,0
106,1.7666667,4.2129255e-07,33.183197,33.183197,-0.00012638724,33.183197,0.0001001716,203,203,51,0.0005771792,0.0026172893,9.863214e-06,0.20359102,0
107,1.7833333,3.905792e-07,33.183067,33.183067,-0.00012771462,33.183067,0.00010019016,203,203,51,0.0005542025,0.0025631916,9.474841e-06,0.20358804,0
108,1.8,3.6238146e-07,33.18294,33.18294,-0.0001273796,33.18294,0.000100187695,203,203,51,0.00053214544,0.0025115449,9.101353e-06,0.20358506,0
109,1.8166667,3.3649334e-07,33.182816,33.182816,-0.00012770979,33.182816,0.000100155674,203,203,51,0.0005109602,0.0024622448,8.742741e-06,0.20358208,0
110,1.8333334,3.1274533e-07,33.182686,33.182686,-0.0001263776,33.182686,0.00010015074,203,203,51,0.0004906339,0.0024152573,8.39819e-06,0.2035791,0
111,1.85,2.802466e-07,33.182564,33.182564,-0.0001243913,33.182564,0.00010032197,203,203,51,0.00046322972,0.0023591167,8.013526e-06,0.2035762,0
112,1.8666667,5.404165e-07,33.18244,33.182446,-0.00011944349,33.182446,0.00010031935,203,203,51,0.00063362607,0.0026890489,8.768577e-06,0.20357382,0
113,1.8833333,8.32511e-07,33.182323,33.182323,-0.000118746546,33.182323,0.000100281344,203,203,51,0.00078820076,0.00303233,1.1911315e-05,0.20357144,0
114,1.9,1.0223542e-06,33.182205,33.182205,-0.00011984632,33.182205,0.00010032469,203,203,51,0.00087469263,0.0032344614,1.3897279e-05,0.20356905,0
115,1.9166666,1.1234705e-06,33.182083,33.182083,-0.0001215976,33.182083,0.00010034974,203,203,51,0.0009174677,0.0033356494,1.4939196e-05,0.20356667,0
116,1.9333333,1.1666826e-06,33.181965,33.181965,-0.00011932794,33.181965,0.00010033641,203,203,51,0.000934985,0.003375289,1.5418367e-05,0.20356429,0
117,1.95,1.1752787e-06,33.181843,33.181843,-0.0001210251,33.181843,0.00010034312,203,203,51,0.00093810493,0.0033787962,1.557684e-05,0.2035619,0
118,1.9666667,1.1640126e-06,33.18172,33.181725,-0.000119714925,33.181725,0.00010030066,203,203,51,0.0009330003,0.0033609492,1.5552012e-05,0.20355952,0
119,1.9833333,1.1416198e-06,33.181602,33.181602,-0.000120723584,33.181602,0.00010037727,203,203,51,0.00092317426,0.0033306654,1.5422784e-05,0.20355713,0
120,2,1.1132104e-06,33.18148,33.181484,-0.00012039709,33.181484,0.00010032447,203,203,51,0.0009106364,0.0032930363,1.52329485e-05,0.20355475,0
121,2.0166667,1.0818165e-06,33.181362,33.181362,-0.00011940254,33.181362,0.00010034168,203,203,51,0.00089658686,0.0032510608,1.5009301e-05,0.20355237,0
122,2.0333333,1.0492546e-06,33.18124,33.18124,-0.00012106626,33.18124,0.0001003394,203,203,51,0.00088175666,0.0032066817,1.4766703e-05,0.20354998,0
123,2.05,1.016599e-06,33.18112,33.18112,-0.00012040133,33.18112,0.000100295416,203,203,51,0.00086660584,0.003161281,1.4515475e-05,0.2035476,0
124,2.0666666,9.845443e-07,33.181,33.181,-0.00012006822,33.181,0.000100319776,203,203,51,0.00085144007,0.003115533,1.4261469e-05,0.20354521,0
125,2.0833333,9.5343705e-07,33.180878,33.18088,-0.000121064804,33.18088,0.00010036388,204,204,52,0.0008364343,0.0030701174,1.40087595e-05,0.20354283,0
126,2.1,9.235573e-07,33.18076,33.18076,-0.00012039856,33.18076,0.000100309735,204,204,52,0.0008217408,0.0030253532,1.3760096e-05,0.20354044,0
127,2.1166666,8.9499565e-07,33.180637,33.18064,-0.00012006473,33.18064,0.00010033569,207,207,53,0.0008074229,0.0029815289,1.3517351e-05,0.20353806,0
128,2.1333334,8.6779806e-07,33.18052,33.18052,-0.00012006336,33.18052,0.00010034139,207,207,53,0.0007935313,0.0029388475,1.3281201e-05,0.20353568,0
129,2.15,8.419957e-07,33.180397,33.1804,-0.00012039448,33.1804,0.00010034711,210,210,54,0.0007801096,0.0028973313,1.3052585e-05,0.20353329,0
130,2.1666667,8.175747e-07,33.18028,33.18028,-0.00012072561,33.18028,0.00010037254,210,210,54,0.00076717895,0.0028571673,1.2832015e-05,0.20353091,0
131,2.1833334,7.9446374e-07,33.180157,33.180157,-0.00012271936,33.180157,0.00010034022,210,210,54,0.00075472536,0.0028183786,1.267284e-05,0.20352826,0
132,2.2,7.726144e-07,33.180027,33.180027,-0.00012737323,33.180027,0.00010040631,210,210,54,0.000742754,0.0027808836,1.2543195e-05,0.20352527,0
133,2.2166667,7.519401e-07,33.1799,33.1799,-0.00012670705,33.1799,0.000100433725,210,210,54,0.00073125254,0.0027449208,1.23486e-05,0.2035223,0
134,2.2333333,7.323856e-07,33.179775,33.179775,-0.00012703844,33.179775,0.000100342564,210,210,54,0.0007201934,0.0027101722,1.2161621e-05,0.20351931,0
135,2.25,7.1387313e-07,33.17965,33.17965,-0.00012637237,33.17965,0.00010037055,210,210,54,0.00070956966,0.0026767,1.1981862e-05,0.20351633,0
136,2.2666667,6.963506e-07,33.179523,33.179523,-0.00012570637,33.179523,0.00010051706,210,210,54,0.00069937046,0.0026445796,1.1809542e-05,0.20351335,0
137,2.2833333,6.797702e-07,33.179398,33.179398,-0.00012570542,33.179398,0.000100512545,210,210,54,0.0006895803,0.0026136613,1.1644111e-05,0.20351037,0
138,2.3,6.6404897e-07,33.17927,33.179276,-0.00012337699,33.179276,0.000100680365,210,210,54,0.0006801739,0.0025838185,1.1484919e-05,0.2035074,0
139,2.3166666,6.491557e-07,33.179142,33.179142,-0.00013135641,33.179142,0.00010067786,210,210,54,0.00067113095,0.0025546383,1.133254e-05,0.20350441,0
140,2.3333333,6.3500386e-07,33.179012,33.179012,-0.00013035814,33.179012,0.000100654564,210,210,54,0.000662414,0.0025262905,1.1185287e-05,0.20350143,0
141,2.35,6.215616e-07,33.178883,33.178883,-0.0001296924,33.178883,0.00010062188,210,210,54,0.0006540129,0.0024987475,1.1043697e-05,0.20349845,0
142,2.3666666,6.087842e-07,33.17875,33.178753,-0.00013135429,33.178753,0.00010061726,210,210,54,0.00064591604,0.0024722477,1.09072935e-05,0.20349547,0
143,2.3833334,5.966223e-07,33.17862,33.17862,-0.00013135368,33.17862,0.00010068185,210,210,54,0.0006381097,0.0024465278,1.0775468e-05,0.20349249,0
144,2.4,5.8502695e-07,33.17849,33.17849,-0.0001310206,33.17849,0.00010064792,210,210,54,0.00063058385,0.0024216827,1.0648954e-05,0.20348951,0
145,2.4166667,5.739711e-07,33.178356,33.17836,-0.00013002253,33.17836,0.00010071141,210,210,54,0.0006233273,0.0023976015,1.0526411e-05,0.20348653,0
146,2.4333334,5.6339667e-07,33.178226,33.178226,-0.00013201711,33.178226,0.00010069959,210,210,54,0.0006163142,0.0023742768,1.0408466e-05,0.20348355,0
147,2.45,5.5328877e-07,33.178097,33.178097,-0.00013101911,33.178097,0.000100705714,210,210,54,0.00060954335,0.002351754,1.0294811e-05,0.20348057,0
148,2.4666667,5.435909e-07,33.177963,33.177963,-0.00013201623,33.177963,0.000100613186,210,210,54,0.00060299557,0.0023298373,1.0184588e-05,0.20347759,0
149,2.4833333,5.343298e-07,33.177834,33.177834,-0.00012968823,33.177834,0.00010064148,210,210,54,0.0005966952,0.0023089845,1.0078356e-05,0.20347461,0
150,2.5,5.2545437e-07,33.177704,33.177704,-0.00013101788,33.177704,0.00010068891,210,210,54,0.0005906095,0.0022887997,9.976053e-06,0.20347163,0
151,2.5166667,5.1692876e-07,33.17757,33.17757,-0.00013101753,33.17757,0.00010066692,210,210,54,0.0005847147,0.0022693325,9.877011e-06,0.20346865,0
152,2.5333333,5.0871904e-07,33.17744,33.17744,-0.00012968718,33.17744,0.000100664256,210,210,54,0.00057899504,0.002250401,9.781608e-06,0.20346567,0
153,2.55,5.0079746e-07,33.17731,33.17731,-0.00012968689,33.17731,0.00010062978,210,210,54,0.00057343213,0.0022321213,9.6884605e-06,0.20346269,0
154,2.5666666,4.9312814e-07,33.177177,33.17718,-0.00013267923,33.17718,0.000100676116,210,210,54,0.00056801125,0.0022141847,9.597384e-06,0.20345971,0
155,2.5833333,2.2806404e-07,33.177055,33.177055,-0.00012545515,33.177055,0.00010066232,210,210,54,0.00040292036,0.001884348,8.524471e-06,0.20345713,0
156,2.6,1.04499875e-07,33.17693,33.17693,-0.0001254799,33.17693,0.00010066593,210,210,54,0.00024855716,0.0015324014,5.0637104e-06,0.20345475,0
157,2.6166666,7.4339226e-08,33.176804,33.176804,-0.00012372393,33.176804,0.000100646736,210,210,54,0.00018885956,0.001389173,3.3297495e-06,0.20345236,0
158,2.6333334,6.8070776e-08,33.17668,33.17668,-0.00012403257,33.17668,0.0001006083,210,210,54,0.00017104261,0.00132778,2.716071e-06,0.20344998,0
159,2.65,6.769918e-08,33.176556,33.176556,-0.00012602173,33.176556,0.00010067931,210,210,54,0.00016750178,0.0012973361,2.5558018e-06,0.2034476,0
160,2.6666667,6.870566e-08,33.17643,33.176434,-0.00012336027,33.176434,0.0001006503,210,210,54,0.00016795236,0.0012824108,2.5542956e-06,0.20344521,0
161,2.6833334,6.991822e-08,33.176308,33.176308,-0.00012568763,33.176308,0.00010063107,210,210,54,0.00016945094,0.0012736395,2.5863067e-06,0.20344283,0
162,2.7,7.107044e-08,33.17618,33.17618,-0.00012435766,33.17618,0.000100699304,210,210,54,0.0001711442,0.0012677627,2.6134974e-06,0.20344044,0
163,2.7166667,7.212195e-08,33.176056,33.176056,-0.00012469025,33.176056,0.000100648555,210,210,54,0.00017280102,0.0012635731,2.6364658e-06,0.20343806,0
164,2.7333333,7.3080486e-08,33.17593,33.17593,-0.00012568789,33.17593,0.00010064724,210,210,54,0.00017436164,0.0012602332,2.6562307e-06,0.20343567,0
165,2.75,7.395703e-08,33.175804,33.175804,-0.00012535545,33.175804,0.000100625555,210,210,54,0.00017580969,0.0012575117,2.675723e-06,0.20343329,0
166,2.7666667,7.476018e-08,33.175686,33.175686,-0.0001213654,33.175686,0.00010051294,210,210,54,0.00017715633,0.0012550919,2.7015733e-06,0.2034309,0
167,2.7833333,7.550784e-08,33.17557,33.17557,-0.00011438275,33.17557,0.00010053895,210,210,54,0.00017841913,0.0012528618,2.724897e-06,0.20342852,0
168,2.8,7.620771e-08,33.175453,33.175453,-0.00011704288,33.175453,0.000100574376,210,210,54,0.0001796005,0.0012509262,2.7468013e-06,0.20342614,0
169,2.8166666,7.686217e-08,33.17534,33.17534,-0.00011604539,33.17534,0.00010049114,210,210,54,0.00018071175,0.0012489856,2.767608e-06,0.20342375,0
170,2.8333333,7.7486106e-08,33.17522,33.17522,-0.000115712915,33.17522,0.000100546764,211,211,54,0.00018177177,0.001247279,2.7868032e-06,0.20342137,0
171,2.85,7.807434e-08,33.175106,33.175106,-0.000116045456,33.175106,0.0001005817,211,211,54,0.00018277462,0.0012455445,2.806437e-06,0.20341899,0
172,2.8666666,7.863771e-08,33.17499,33.17499,-0.00011371791,33.17499,0.00010051747,211,211,54,0.00018373293,0.001243921,2.8228271e-06,0.2034166,0
173,2.8833334,7.917411e-08,33.174873,33.174873,-0.00011704304,33.174873,0.00010055358,211,211,54,0.00018464633,0.0012423128,2.8409709e-06,0.20341422,0
174,2.9,7.969326e-08,33.17476,33.17476,-0.00011637804,33.17476,0.000100530095,211,211,54,0.00018552871,0.0012407597,2.8562065e-06,0.20341183,0
175,2.9166667,8.019067e-08,33.174644,33.174644,-0.00011504802,33.174644,0.00010052648,211,211,54,0.00018637763,0.0012393293,2.871491e-06,0.20340945,0
176,2.9333334,8.067124e-08,33.174526,33.174526,-0.0001170431,33.174526,0.00010054323,211,211,54,0.00018719709,0.0012377476,2.8877241e-06,0.20340706,0
177,2.95,8.114767e-08,33.17441,33.17441,-0.00011538055,33.17441,0.00010054028,211,211,54,0.00018800278,0.0012362683,2.9019006e-06,0.20340468,0
178,2.9666667,8.160003e-08,33.174294,33.174294,-0.00011704313,33.174294,0.00010051684,211,211,54,0.00018877735,0.0012348708,2.916135e-06,0.2034023,0
179,2.9833333,8.204543e-08,33.17418,33.17418,-0.0001160456,33.17418,0.000100513826,212,212,54,0.00018953247,0.0012335288,2.9298465e-06,0.20339991,0
180,3,8.247289e-08,33.17406,33.17406,-0.00011770817,33.17406,0.000100610356,212,212,54,0.00019025995,0.0012321485,2.9430457e-06,0.20339753,0
181,3.0166667,8.289141e-08,33.173943,33.173943,-0.00011637814,33.173943,0.00010060689,212,212,54,0.00019096724,0.0012307744,2.9561784e-06,0.20339514,0
182,3.0333333,8.3293415e-08,33.173824,33.173824,-0.000118040705,33.173824,0.00010055554,212,212,54,0.00019165067,0.001229466,2.9672838e-06,0.20339276,0
183,3.05,8.367856e-08,33.17371,33.17371,-0.00011704319,33.17371,0.00010054874,212,212,54,0.000192308,0.0012282361,2.9805221e-06,0.20339037,0
184,3.0666666,8.4047414e-08,33.17359,33.17359,-0.000116378185,33.17359,0.00010052432,212,212,54,0.00019293762,0.0012269598,2.9921039e-06,0.20338799,0
185,3.0833333,8.439961e-08,33.173477,33.173477,-0.000116045696,33.173477,0.00010057946,212,212,54,0.000193541,0.0012256299,3.0034482e-06,0.2033856,0
186,3.1,8.47465e-08,33.17336,33.17336,-0.000116045696,33.17336,0.00010052524,212,212,54,0.0001941271,0.0012245174,3.0136307e-06,0.20338322,0
187,3.1166666,8.506831e-08,33.173244,33.173244,-0.000114383176,33.173244,0.00010058091,212,212,54,0.0001946767,0.0012233361,3.0246301e-06,0.20338084,0
188,3.1333334,8.533711e-08,33.17313,33.17313,-0.00011637829,33.17313,0.00010055386,212,212,54,0.0001951988,0.0012177249,3.0334807e-06,0.20337845,0
189,3.15,8.562855e-08,33.17301,33.17301,-0.00011671078,33.17301,0.00010054817,212,212,54,0.00019570073,0.0012165819,3.043166e-06,0.20337607,0
190,3.1666667,8.590927e-08,33.172897,33.172897,-0.000116710784,33.172897,0.000100582685,212,212,54,0.00019618103,0.001215466,3.0521048e-06,0.20337369,0
191,3.1833334,8.617339e-08,33.17278,33.17278,-0.00011770833,33.17278,0.00010054748,212,212,54,0.00019664019,0.0012143487,3.0602303e-06,0.2033713,0
192,3.2,8.6431335e-08,33.17266,33.17266,-0.00011604579,33.17266,0.00010054041,212,212,54,0.00019708491,0.00121321,3.0683616e-06,0.20336892,0
193,3.2166667,8.667151e-08,33.172546,33.172546,-0.000114050745,33.172546,0.000100543606,212,212,54,0.00019750668,0.001212157,3.0760955e-06,0.20336653,0
194,3.2333333,8.6901466e-08,33.172432,33.172432,-0.00011604582,33.172432,0.000100537036,212,212,54,0.00019790833,0.0012110445,3.0837284e-06,0.20336415,0
195,3.25,8.712487e-08,33.172314,33.172314,-0.000117375865,33.172314,0.0001005104,212,212,54,0.00019829228,0.0012100406,3.0907206e-06,0.20336176,0
196,3.2666667,8.733127e-08,33.1722,33.1722,-0.00011604584,33.1722,0.00010050444,212,212,54,0.00019865722,0.0012089453,3.0977856e-06,0.20335938,0
197,3.2833333,8.753337e-08,33.17208,33.17208,-0.00011604584,33.17208,0.000100568584,212,212,54,0.00019901643,0.0012078496,3.1042282e-06,0.203357,0
198,3.3,8.773738e-08,33.171967,33.171967,-0.00011604584,33.171967,0.000100563746,212,212,54,0.00019936383,0.001206808,3.1104262e-06,0.20335461,0
199,3.3166666,8.792005e-08,33.171852,33.171852,-0.00011504834,33.171852,0.00010056745,212,212,54,0.00019969145,0.0012057208,3.1163074e-06,0.20335223,0
200,3.3333333,8.8106646e-08,33.171734,33.171734,-0.00011571335,33.171734,0.00010056312,212,212,54,0.00020001756,0.0012046654,3.122151e-06,0.20334984,0
201,3.35,8.827643e-08,33.17162,33.17162,-0.000117043404,33.17162,0.00010052857,212,212,54,0.00020032145,0.0012035801,3.1283578e-06,0.20334746,0
202,3.3666666,8.844133e-08,33.1715,33.1715,-0.00011837345,33.1715,0.00010050354,212,212,54,0.00020061474,0.0012026081,3.1339948e-06,0.20334508,0
203,3.3833334,8.8592664e-08,33.171383,33.171387,-0.00011538088,33.171387,0.00010056694,212,212,54,0.00020088517,0.00120157,3.1382924e-06,0.20334269,0
204,3.4,8.8734225e-08,33.171272,33.171272,-0.00011405085,33.171272,0.00010060166,212,212,54,0.0002011371,0.0012006024,3.1433924e-06,0.2033403,0
205,3.4166667,8.886177e-08,33.171154,33.171154,-0.00011504839,33.171154,0.00010062654,212,212,54,0.0002013747,0.0011995877,3.148218e-06,0.20333792,0
206,3.4333334,8.897994e-08,33.17104,33.17104,-0.00011671095,33.17104,0.00010050234,212,212,54,0.00020159566,0.0011986201,3.151443e-06,0.20333554,0
207,3.45,8.91037e-08,33.170925,33.170925,-0.00011438337,33.170925,0.000100626516,212,212,54,0.00020182296,0.0011976113,3.1569305e-06,0.20333315,0
208,3.4666667,8.9219505e-08,33.17081,33.17081,-0.00011538091,33.17081,0.00010062115,212,212,54,0.00020203924,0.0011965806,3.1591987e-06,0.20333077,0
209,3.4833333,8.933302e-08,33.170692,33.170692,-0.000117375974,33.170692,0.00010050608,212,212,54,0.00020224648,0.0011955965,3.1650281e-06,0.20332839,0
210,3.5,8.943248e-08,33.170574,33.170574,-0.00011604595,33.170574,0.000100500954,212,212,54,0.00020243775,0.00119464,3.1669451e-06,0.203326,0
211,3.5166667,8.953045e-08,33.17046,33.17046,-0.000114383394,33.17046,0.000100564714,212,212,54,0.00020262705,0.001193688,3.1716827e-06,0.20332362,0
212,3.5333333,8.962026e-08,33.170345,33.170345,-0.000117375996,33.170345,0.000100589445,212,212,54,0.00020279817,0.0011927142,3.1744987e-06,0.20332123,0
213,3.55,8.969831e-08,33.170227,33.170227,-0.00011538095,33.170227,0.000100525016,212,212,54,0.00020294936,0.0011917548,3.1760642e-06,0.20331885,0
214,3.5666666,8.976435e-08,33.170113,33.170113,-0.00011737602,33.170113,0.00010053021,212,212,54,0.00020309142,0.0011908227,3.1818195e-06,0.20331647,0
215,3.5833333,8.982942e-08,33.169994,33.169994,-0.00011571347,33.169994,0.00010052483,212,212,54,0.00020322259,0.0011898327,3.1826823e-06,0.20331408,0
216,3.6,8.987584e-08,33.169872,33.169872,-0.00012203118,33.169872,0.00010046805,212,212,54,0.00020333381,0.0011889433,3.1835104e-06,0.2033117,0
217,3.6166666,8.993234e-08,33.16976,33.16976,-0.00011272089,33.16976,0.00010046357,212,212,54,0.00020345228,0.0011879911,3.1875409e-06,0.20330931,0
218,3.6333334,8.996585e-08,33.169647,33.169647,-0.00011405095,33.169647,0.000100350146,212,212,54,0.00020354292,0.0011870791,3.19049e-06,0.20330693,0
219,3.65,8.9995055e-08,33.169537,33.169537,-0.000112055895,33.169537,0.000100464255,212,212,54,0.0002036218,0.0011862116,3.1911557e-06,0.20330454,0
220,3.6666667,9.00143e-08,33.16942,33.16942,-0.0001150485,33.16942,0.00010046949,212,212,54,0.0002036899,0.0011852197,3.1916927e-06,0.20330216,0
221,3.6833334,9.000713e-08,33.169308,33.169308,-0.00011039338,33.169308,0.00010040409,212,212,54,0.00020371482,0.0011844126,3.192175e-06,0.20329978,0
222,3.7,8.99637e-08,33.169197,33.169197,-0.00011371852,33.169197,0.00010046824,212,212,54,0.00020368528,0.0011835729,3.1927696e-06,0.20329739,0
223,3.7166667,8.9897206e-08,33.169083,33.169083,-0.0001123885,33.169083,0.00010043285,212,212,54,0.00020362006,0.0011826584,3.1927696e-06,0.203295,0
224,3.7333333,8.981316e-08,33.168972,33.168972,-0.000112388516,33.168972,0.00010040798,212,212,54,0.00020352741,0.0011818748,3.1933835e-06,0.20329262,0
225,3.75,8.971695e-08,33.168858,33.168858,-0.000113386064,33.168858,0.0001004624,210,210,53,0.00020341511,0.001181015,3.1882262e-06,0.20329024,0
226,3.7666667,8.9613756e-08,33.168743,33.168743,-0.00011305356,33.168743,0.000100408004,210,210,53,0.00020328902,0.0011801337,3.188091e-06,0.20328785,0
227,3.7833333,8.949525e-08,33.168633,33.168633,-0.000113053575,33.168633,0.000100433084,210,210,53,0.00020314261,0.0011793126,3.1863324e-06,0.20328547,0
228,3.8,8.9372385e-08,33.168518,33.168518,-0.00011238856,33.168518,0.000100467885,210,210,53,0.00020298692,0.0011784696,3.1820696e-06,0.20328309,0
229,3.8166666,8.9239435e-08,33.168407,33.168407,-0.00011139104,33.168407,0.000100373734,210,210,53,0.00020281515,0.0011776788,3.1811294e-06,0.2032807,0
230,3.8333333,8.909574e-08,33.168293,33.168293,-0.00011471615,33.168293,0.00010041784,210,210,53,0.00020263118,0.0011768418,3.1765508e-06,0.20327832,0
231,3.85,8.895588e-08,33.168182,33.168182,-0.000110726025,33.168182,0.000100412006,210,210,53,0.00020244872,0.0011759924,3.1747657e-06,0.20327593,0
232,3.8666666,8.881245e-08,33.168068,33.168068,-0.00011338611,33.168068,0.00010041218,210,210,53,0.000202262,0.001175238,3.1704328e-06,0.20327355,0
233,3.8833334,8.8673495e-08,33.167953,33.167953,-0.0001133861,33.167953,0.000100441226,210,210,53,0.00020207734,0.0011743944,3.16857e-06,0.20327117,0
234,3.9,8.852958e-08,33.167843,33.167843,-0.0001130536,33.167843,0.00010036755,210,210,53,0.00020189524,0.0011735237,3.1643322e-06,0.20326878,0
235,3.9166667,8.840179e-08,33.16773,33.16773,-0.000112056056,33.16773,0.0001004105,210,210,53,0.00020172894,0.0011726904,3.162946e-06,0.2032664,0
236,3.9333334,8.826463e-08,33.167614,33.167614,-0.000114383634,33.167614,0.000100415455,210,210,53,0.00020155401,0.0011718657,3.1582488e-06,0.20326401,0
237,3.95,8.8133255e-08,33.167507,33.167507,-0.000109728484,33.167507,0.00010037959,210,210,53,0.00020138684,0.0011710727,3.157716e-06,0.20326163,0
238,3.9666667,8.800237e-08,33.167393,33.167393,-0.00011504865,33.167393,0.00010047325,210,210,53,0.00020121883,0.0011702401,3.1522577e-06,0.20325924,0
239,3.9833333,8.7871626e-08,33.16728,33.16728,-0.00011105852,33.16728,0.00010046757,210,210,53,0.0002010456,0.0011694193,3.15205e-06,0.20325686,0
240,4,8.774504e-08,33.167168,33.167168,-0.000113718605,33.167168,0.0001003831,210,210,53,0.00020088028,0.001168504,3.14662e-06,0.20325448,0
241,4.016667,8.761724e-08,33.167053,33.167053,-0.000114051116,33.167053,0.00010043728,209,209,53,0.00020072052,0.0011666474,3.1461348e-06,0.20325209,0
242,4.0333333,8.749471e-08,33.166943,33.166943,-0.00011006099,33.166943,0.00010047094,209,209,53,0.00020056122,0.0011652629,3.141517e-06,0.20324971,0
243,4.05,8.737393e-08,33.16683,33.16683,-0.0001137186,33.16683,0.00010037619,209,209,53,0.00020041202,0.0011642618,3.139564e-06,0.20324732,0
244,4.0666666,8.725555e-08,33.166714,33.166714,-0.0001137186,33.166714,0.000100439654,209,209,53,0.00020026191,0.0011632051,3.1381012e-06,0.20324494,0
245,4.0833335,1.0434863e-07,33.16659,33.16659,-0.00012301166,33.16659,0.00010039287,209,209,53,0.00027302292,0.0019364549,3.3618235e-06,0.2032424,0
246,4.1,1.2680789e-07,33.166466,33.166466,-0.00012766145,33.166466,0.000100307676,209,209,53,0.00032350907,0.0023413887,5.2455935e-06,0.20323943,0
247,4.116667,1.4183745e-07,33.16634,33.16634,-0.00012334624,33.16634,0.00010039411,209,209,53,0.0003479182,0.0024175004,5.6790045e-06,0.20323645,0
248,4.133333,1.5406599e-07,33.166218,33.166218,-0.00012334905,33.166218,0.00010034958,209,209,53,0.00036579254,0.002465449,6.018498e-06,0.20323347,0
249,4.15,1.6362569e-07,33.166096,33.166096,-0.00012235418,33.166096,0.00010038698,209,209,53,0.00037886357,0.0024993648,6.2712397e-06,0.20323049,0
250,4.1666665,1.7072625e-07,33.16597,33.16597,-0.00012401919,33.16597,0.000100374535,209,209,53,0.0003881362,0.0025227505,6.4530323e-06,0.2032275,0
251,4.1833334,1.7572236e-07,33.165848,33.165848,-0.0001243538,33.165848,0.00010029678,209,209,53,0.0003944498,0.0025377919,6.580247e-06,0.20322452,0
252,4.2,1.7899029e-07,33.165726,33.165726,-0.000121362944,33.165726,0.00010032589,209,209,53,0.0003984747,0.0025465258,6.6642915e-06,0.20322154,0
253,4.2166667,1.8090505e-07,33.165607,33.165607,-0.000118704214,33.165607,0.00010030856,209,209,53,0.00040077712,0.0025504578,6.7154983e-06,0.20321856,0
254,4.233333,1.8206443e-07,33.165516,33.165516,-8.9776586e-05,33.165516,0.00010072789,209,209,53,0.00040213516,0.0025511081,6.7442325e-06,0.20321558,0
255,4.25,1.8289731e-07,33.165424,33.165424,-9.143946e-05,33.165424,0.00010072531,209,209,53,0.00040307658,0.002550471,6.7627147e-06,0.2032126,0
256,4.266667,1.8346924e-07,33.165333,33.165333,-9.110721e-05,33.165333,0.00010074389,209,209,53,0.00040369434,0.0025489826,6.7762307e-06,0.20320962,0
257,4.2833333,1.8386793e-07,33.16524,33.16524,-9.310245e-05,33.16524,0.00010064353,209,209,53,0.00040409766,0.0025469046,6.781967e-06,0.20320664,0
258,4.3,1.8409723e-07,33.16515,33.16515,-9.1107555e-05,33.16515,0.000100760706,209,209,53,0.00040429842,0.0025443009,6.7921337e-06,0.20320366,0
259,4.3166666,1.8420914e-07,33.165054,33.16506,-9.3767754e-05,33.16506,0.00010072075,209,209,53,0.00040435675,0.0025413493,6.792203e-06,0.20320068,0
260,4.3333335,1.841956e-07,33.164963,33.164963,-9.177282e-05,33.164963,0.00010081911,209,209,53,0.00040426347,0.002537988,6.789209e-06,0.2031977,0
261,4.35,1.8412061e-07,33.16487,33.16487,-9.210539e-05,33.16487,0.00010068951,209,209,53,0.00040409405,0.0025344363,6.790003e-06,0.20319472,0
262,4.366667,1.8399446e-07,33.16478,33.164783,-9.07754e-05,33.164783,0.00010077609,209,209,53,0.0004038617,0.002530617,6.7843275e-06,0.20319174,0
263,4.383333,1.8417416e-07,33.16469,33.16469,-9.177263e-05,33.16469,0.00010067485,209,209,53,0.00040389894,0.0025241708,6.781841e-06,0.20318876,0
264,4.4,1.868678e-07,33.164597,33.164597,-9.376517e-05,33.164597,0.000100694444,209,209,53,0.0004069305,0.0025258763,6.8053346e-06,0.20318578,0
265,4.4166665,1.9192638e-07,33.1645,33.1645,-9.5092844e-05,33.1645,0.000100750156,209,209,53,0.00041265317,0.0025334398,6.7430155e-06,0.20318313,0
266,4.4333334,1.9413221e-07,33.164413,33.164413,-8.778048e-05,33.164413,0.00010073583,209,209,53,0.00041503363,0.0025420222,6.5661347e-06,0.20318122,0
267,4.45,7.381873e-07,33.164265,33.164265,-0.00014775548,33.164265,0.00010081114,209,209,53,0.0006979831,0.0027862373,7.606307e-06,0.20317833,0
268,4.4666667,2.653877e-06,33.163963,33.163963,-0.00030133358,33.163963,0.00010125572,210,210,53,0.0013768834,0.0045306715,1.6972926e-05,0.20317222,0
269,4.483333,4.226634e-06,33.163605,33.16361,-0.0003538806,33.16361,0.00010143147,210,210,53,0.0017811253,0.005847702,2.6035419e-05,0.20316501,0
270,4.5,5.167995e-06,33.16325,33.163254,-0.00035584203,33.163254,0.000101472055,210,210,53,0.0019923917,0.0065793367,3.094871e-05,0.20315774,0
271,4.516667,5.674709e-06,33.16289,33.1629,-0.0003566092,33.1629,0.000101565856,210,210,53,0.0020982828,0.006958484,3.3529883e-05,0.20315047,0
272,4.5333333,5.9067183e-06,33.162537,33.162544,-0.00035488885,33.162544,0.00010149763,209,209,53,0.002145265,0.0071299174,3.474997e-05,0.20314325,0
273,4.55,5.979868e-06,33.162186,33.162193,-0.0003513901,33.162193,0.00010153978,209,209,53,0.0021609054,0.0071961777,3.524073e-05,0.2031361,0
274,4.5666666,5.97625e-06,33.161835,33.16184,-0.00035263065,33.16184,0.00010153195,210,210,54,0.0021608332,0.0072041596,3.536902e-05,0.2031289,0
275,4.5833335,5.9331887e-06,33.16148,33.161488,-0.0003530026,33.161488,0.00010152563,210,210,54,0.0021527396,0.007182736,3.5288253e-05,0.2031217,0
276,4.6,5.869388e-06,33.161125,33.16113,-0.00035601592,33.16113,0.0001015095,210,210,54,0.0021404042,0.0071458365,3.5119578e-05,0.20311445,0
277,4.616667,5.795152e-06,33.160767,33.160774,-0.0003561926,33.160774,0.000101501595,210,210,54,0.0021258534,0.0071007204,3.488645e-05,0.20310718,0
278,4.633333,5.715851e-06,33.160408,33.160416,-0.0003595228,33.160416,0.000101462836,210,210,54,0.0021101583,0.0070513515,3.463011e-05,0.20309988,0
279,4.65,5.6345652e-06,33.16005,33.160053,-0.00035985728,33.160053,0.00010158109,210,210,54,0.0020939293,0.0069998694,3.435862e-05,0.20309255,0
280,4.6666665,5.5528967e-06,33.159687,33.159695,-0.00036052268,33.159695,0.00010156825,210,210,54,0.0020775015,0.0069477656,3.407513e-05,0.20308521,0
281,4.6833334,5.4717093e-06,33.159325,33.159332,-0.00036218474,33.159332,0.00010149531,209,209,54,0.0020610434,0.006895463,3.378997e-05,0.20307788,0
282,4.7,5.3914064e-06,33.158966,33.15897,-0.00036185136,33.15897,0.00010149083,209,209,54,0.0020446416,0.0068433094,3.3504937e-05,0.20307055,0
283,4.7166667,5.312305e-06,33.158604,33.15861,-0.0003601876,33.15861,0.00010157627,210,210,54,0.002028367,0.0067915246,3.3222474e-05,0.20306322,0
284,4.733333,5.2348782e-06,33.158268,33.15827,-0.00033641147,33.15827,0.00010128429,210,210,54,0.0020123103,0.006740484,3.286769e-05,0.2030562,0
285,4.75,5.1625566e-06,33.15798,33.157986,-0.00028702858,33.157986,0.00010143809,210,210,54,0.0019971498,0.006692638,3.2481992e-05,0.20304964,0
286,4.766667,5.094324e-06,33.157692,33.1577,-0.00028802204,33.1577,0.00010143604,210,210,54,0.0019827597,0.006647821,3.2219097e-05,0.20304309,0
287,4.7833333,5.028977e-06,33.157406,33.157413,-0.0002863566,33.157413,0.00010141724,210,210,54,0.0019689174,0.006605074,3.196963e-05,0.20303653,0
288,4.8,4.9659084e-06,33.15712,33.157124,-0.00028735184,33.157124,0.00010140261,210,210,54,0.0019554917,0.006563904,3.1730047e-05,0.20302998,0
289,4.8166666,4.904508e-06,33.156834,33.156837,-0.0002876827,33.156837,0.00010145406,210,210,54,0.0019423609,0.0065238806,3.1496904e-05,0.20302342,0
290,4.8333335,4.8445145e-06,33.156544,33.15655,-0.00028635125,33.15655,0.00010141935,210,210,54,0.0019294701,0.006484826,3.126822e-05,0.20301686,0
291,4.85,4.785687e-06,33.156258,33.15626,-0.00028801264,33.15626,0.00010145209,210,210,54,0.0019167658,0.0064464477,3.1046e-05,0.2030103,0
292,4.866667,4.7279127e-06,33.15597,33.155975,-0.00028801156,33.155975,0.00010148437,210,210,54,0.0019042265,0.0064086737,3.0824824e-05,0.20300375,0
293,4.883333,4.671194e-06,33.15568,33.155685,-0.0002873455,33.155685,0.00010151451,210,210,54,0.001891849,0.0063714357,3.060644e-05,0.2029972,0
294,4.9,4.6160158e-06,33.15539,33.155396,-0.00029150033,33.155396,0.00010143853,210,210,54,0.0018798541,0.006337316,3.0396124e-05,0.20299062,0
295,4.9166665,5.251277e-06,33.15507,33.155075,-0.0003192395,33.155075,0.0001016717,211,211,54,0.0020589065,0.0076811123,3.106048e-05,0.20298347,0
296,4.9333334,7.729141e-06,33.15465,33.15466,-0.00041581993,33.15466,0.000101828125,212,212,54,0.0025573063,0.011508783,3.6201425e-05,0.20297414,0
297,4.95,1.0569931e-05,33.154205,33.154217,-0.00044554917,33.154217,0.00010214283,212,212,54,0.0031493562,0.016849425,4.6885634e-05,0.20296372,0
298,4.9666667,1.2416531e-05,33.15377,33.153786,-0.0004304166,33.153786,0.000102264974,212,212,54,0.003470905,0.018783148,5.432801e-05,0.20295359,0
299,4.983333,1.3516333e-05,33.15335,33.153366,-0.0004193593,33.153366,0.00010215855,213,213,54,0.0036465318,0.019748555,5.850139e-05,0.2029436,0
300,5,1.4058871e-05,33.15294,33.15295,-0.0004137651,33.15295,0.00010218319,212,212,54,0.0037294251,0.02015392,6.063909e-05,0.20293379,0
301,5.016667,1.4235757e-05,33.152527,33.15254,-0.0004121357,33.15254,0.00010213168,212,212,54,0.0037562104,0.020245729,6.1539045e-05,0.20292407,0
302,5.0333333,1.4185868e-05,33.15212,33.152134,-0.00040521353,33.152134,0.00010204434,212,212,54,0.0037492677,0.020152159,6.167999e-05,0.20291446,0
303,5.05,1.4001837e-05,33.15171,33.151726,-0.00040800773,33.151726,0.000102092905,214,214,55,0.0037223715,0.0199501,6.137941e-05,0.20290491,0
304,5.0666666,1.3742425e-05,33.151306,33.15132,-0.0004064206,33.15132,0.00010219384,214,214,55,0.0036840017,0.019686997,6.082331e-05,0.20289536,0
305,5.0833335,1.3443793e-05,33.1509,33.150913,-0.0004049635,33.150913,0.0001021242,214,214,55,0.0036393022,0.019390991,6.0116476e-05,0.20288582,0
306,5.1,1.312726e-05,33.150494,33.150505,-0.000407974,33.150505,0.000102113576,213,213,55,0.0035913158,0.019078694,5.9330676e-05,0.20287628,0
307,5.116667,1.280571e-05,33.150085,33.150097,-0.00040831152,33.150097,0.000102088125,210,210,54,0.0035419194,0.018760383,5.8505106e-05,0.20286675,0
308,5.133333,1.2492008e-05,33.14972,33.149734,-0.0003649111,33.149734,0.0001021148,209,209,54,0.003493501,0.018465523,5.753788e-05,0.20285803,0
309,5.15,1.21907915e-05,33.14937,33.14938,-0.00035326075,33.14938,0.00010199623,214,214,56,0.0034463855,0.018179104,5.6609333e-05,0.20285012,0
310,5.1666665,1.1890497e-05,33.14903,33.14904,-0.00033962692,33.14904,0.00010192088,215,215,56,0.0033983027,0.01787232,5.571886e-05,0.20284274,0
311,5.1833334,1.1594821e-05,33.148693,33.148705,-0.0003354659,33.148705,0.00010190083,215,215,56,0.0033502395,0.017564146,5.489745e-05,0.20283535,0
312,5.2,1.1306207e-05,33.148354,33.148365,-0.00033878395,33.148365,0.00010210778,218,218,57,0.0033026573,0.017259238,5.406883e-05,0.20282802,0
313,5.2166667,1.1026194e-05,33.14802,33.148033,-0.000334619,33.148033,0.00010210572,218,218,57,0.0032558597,0.016960029,5.3256474e-05,0.2028207,0
314,5.233333,1.0754545e-05,33.147682,33.147694,-0.0003369382,33.147694,0.00010214163,218,218,57,0.0032097844,0.016663805,5.2458872e-05,0.20281339,0
315,5.25,1.0490641e-05,33.147346,33.147354,-0.00033942427,33.147354,0.00010234576,219,219,57,0.003164366,0.01637046,5.1683164e-05,0.202806,0
316,5.266667,1.0235141e-05,33.14701,33.147022,-0.00033442822,33.147022,0.00010236886,220,220,58,0.0031197907,0.016082624,5.088664e-05,0.20279875,0
317,5.2833333,9.988138e-06,33.146675,33.146687,-0.0003355835,33.146687,0.000102377475,221,221,58,0.003076136,0.015801394,5.0124076e-05,0.20279153,0
318,5.3,9.749915e-06,33.14633,33.146343,-0.00034239117,33.146343,0.00010245853,221,221,58,0.0030334708,0.015527004,4.938683e-05,0.20278426,0
319,5.3166666,9.5200585e-06,33.146,33.146008,-0.00033490133,33.146008,0.00010241476,222,222,58,0.0029917269,0.015257798,4.8650418e-05,0.20277703,0
320,5.3333335,9.298067e-06,33.14566,33.145668,-0.00033821858,33.145668,0.00010245757,222,222,58,0.0029508653,0.014994099,4.7935846e-05,0.2027698,0
321,5.35,9.082355e-06,33.145325,33.145332,-0.00033754727,33.145332,0.000102497135,222,222,58,0.0029105071,0.014729139,4.723316e-05,0.20276257,0
322,5.366667,8.793588e-06,33.144985,33.144993,-0.00033861786,33.144993,0.000102415186,222,222,58,0.0028564504,0.014401382,4.640298e-05,0.20275535,0
323,5.383333,8.552059e-06,33.144646,33.144657,-0.0003375731,33.144657,0.0001024489,222,222,58,0.0028091397,0.014083823,4.552917e-05,0.20274815,0
324,5.4,8.3295945e-06,33.14431,33.144318,-0.00033921658,33.144318,0.00010242046,222,222,58,0.0027647263,0.013771444,4.4728687e-05,0.20274098,0
325,5.4166665,8.120429e-06,33.14397,33.14398,-0.00033920328,33.14398,0.000102432205,222,222,58,0.0027224415,0.013471633,4.3972548e-05,0.20273381,0
326,5.4333334,7.922939e-06,33.14363,33.14364,-0.00033935785,33.14364,0.000102460326,222,222,58,0.0026819464,0.013183539,4.3254408e-05,0.20272663,0
327,5.45,7.736522e-06,33.14329,33.1433,-0.00033901428,33.1433,0.00010252676,222,222,58,0.0026429074,0.012902031,4.2554973e-05,0.20271948,0
328,5.4666667,7.564503e-06,33.142952,33.14296,-0.0003393324,33.14296,0.000102447964,221,221,58,0.0026070355,0.012664189,4.1894462e-05,0.20271236,0
329,5.483333,7.3165043e-06,33.142616,33.14262,-0.00033807833,33.14262,0.000102450045,221,221,58,0.002555167,0.012323503,4.1094274e-05,0.20270526,0
330,5.5,7.036139e-06,33.14228,33.14229,-0.0003351181,33.14229,0.000102448335,221,221,58,0.0024869586,0.011651434,4.0002422e-05,0.20269823,0
331,5.516667,6.66203e-06,33.141945,33.141953,-0.00033571062,33.141953,0.00010246574,218,218,57,0.0023873143,0.010552686,3.8569997e-05,0.20269124,0
332,5.5333333,6.5191284e-06,33.14161,33.141613,-0.0003369757,33.141613,0.00010235265,218,218,57,0.0023594042,0.0103446795,3.7291782e-05,0.2026843,0
333,5.55,6.4245573e-06,33.14127,33.141277,-0.0003382574,33.141277,0.00010230778,218,218,57,0.0023220347,0.010033406,3.6850797e-05,0.2026773,0
334,5.5666666,6.2750455e-06,33.14093,33.140938,-0.0003396424,33.140938,0.0001024021,218,218,57,0.0022889287,0.0100190425,3.606013e-05,0.20267026,0
335,5.5833335,5.8163805e-06,33.140583,33.14059,-0.00034710052,33.14059,0.00010246245,218,218,57,0.0022074129,0.009729154,3.6073176e-05,0.20266306,0
336,5.6,5.8174983e-06,33.140244,33.14025,-0.00033949176,33.14025,0.00010248544,218,218,57,0.002212616,0.010044352,3.4881246e-05,0.20265606,0
337,5.616667,5.941751e-06,33.139896,33.139904,-0.00034585258,33.139904,0.000102466925,218,218,57,0.0022271709,0.009760769,3.4735596e-05,0.20264898,0
338,5.633333,5.9496742e-06,33.13955,33.139553,-0.00034912775,33.139553,0.00010244478,218,218,57,0.0022369362,0.010049373,3.4724595e-05,0.20264177,0
339,5.65,5.9008144e-06,33.1392,33.139206,-0.00034918453,33.139206,0.00010238891,218,218,57,0.0022248318,0.009987881,3.4523942e-05,0.20263456,0
340,5.6666665,5.8409546e-06,33.13885,33.13886,-0.00034736673,33.13886,0.00010250675,215,215,56,0.0022168213,0.010205873,3.4435117e-05,0.20262745,0
341,5.6833334,5.5537093e-06,33.138504,33.13851,-0.00034825914,33.13851,0.000102513055,215,215,56,0.002164125,0.010138897,3.4219822e-05,0.20262022,0
342,5.7,5.758819e-06,33.13815,33.138157,-0.00035458323,33.138157,0.00010238473,215,215,56,0.0021622637,0.0093456665,3.3766366e-05,0.20261292,0
343,5.7166667,5.676459e-06,33.137794,33.137802,-0.00035437194,33.137802,0.000102475286,215,215,56,0.0021559626,0.009298556,3.347869e-05,0.2026056,0
344,5.733333,5.5664796e-06,33.137436,33.13744,-0.0003597197,33.13744,0.00010246483,215,215,56,0.0021261675,0.008998384,3.2983295e-05,0.20259829,0
345,5.75,5.5617843e-06,33.137077,33.13708,-0.00035928193,33.13708,0.00010246279,213,213,55,0.0021272814,0.009269289,3.2515087e-05,0.20259106,0
346,5.766667,5.531766e-06,33.13671,33.13672,-0.0003636299,33.13672,0.000102475315,214,214,55,0.0021213745,0.009399937,3.247103e-05,0.2025836,0
347,5.7833333,5.5199375e-06,33.136345,33.13635,-0.00036793432,33.13635,0.000102405065,214,214,55,0.0021118163,0.009257313,3.2279695e-05,0.2025761,0
348,5.8,5.5390497e-06,33.135975,33.13598,-0.00037072971,33.13598,0.00010234147,213,213,55,0.002117084,0.009410407,3.2274347e-05,0.2025685,0
349,5.8166666,5.5355486e-06,33.135605,33.135612,-0.00036859102,33.135612,0.000102565886,214,214,56,0.0021161062,0.00941371,3.2245553e-05,0.20256092,0
350,5.8333335,5.567995e-06,33.135235,33.13524,-0.00037055011,33.13524,0.000102654114,214,214,56,0.0021301792,0.009570423,3.2578544e-05,0.20255336,0
351,5.85,5.5535606e-06,33.134865,33.13487,-0.00037159453,33.13487,0.000102667,215,215,56,0.0021301552,0.00958455,3.271126e-05,0.2025458,0
352,5.866667,5.5155847e-06,33.1345,33.134506,-0.00036380408,33.134506,0.00010269164,215,215,56,0.0021226807,0.009544378,3.263021e-05,0.20253836,0
353,5.883333,5.466776e-06,33.134132,33.134136,-0.00036830382,33.134136,0.00010263229,215,215,56,0.0021111968,0.009476115,3.247888e-05,0.20253083,0
354,5.9,5.419079e-06,33.133766,33.13377,-0.00036564263,33.13377,0.000102647966,214,214,55,0.0020989422,0.009398487,3.2251497e-05,0.20252337,0
355,5.9166665,5.3654317e-06,33.1334,33.133404,-0.0003669786,33.133404,0.00010258584,215,215,55,0.00208534,0.009314052,3.2017397e-05,0.2025159,0
356,5.9333334,5.302181e-06,33.133034,33.133038,-0.00036565817,33.133038,0.000102703205,215,215,55,0.0020694733,0.009213513,3.1750806e-05,0.20250843,0
357,5.95,5.2336545e-06,33.132668,33.13267,-0.00036649473,33.13267,0.00010270225,215,215,55,0.0020521544,0.009103072,3.145125e-05,0.20250095,0
358,5.9666667,1.6668737e-05,33.13215,33.132164,-0.0005069483,33.132164,0.00010299738,215,215,55,0.0026033204,0.038746525,3.271615e-05,0.2024905,0
359,5.983333,3.285774e-05,33.131485,33.13152,-0.0006471688,33.13152,0.00010299288,214,214,55,0.0045275902,0.04462358,5.5924076e-05,0.20247783,0
360,6,5.899137e-05,33.130844,33.130905,-0.0006129509,33.130905,0.000103144885,214,214,55,0.006599481,0.049959134,9.1869064e-05,0.20246567,0
361,6.016667,4.03879e-05,33.130466,33.13051,-0.00039650127,33.13051,0.00010261737,217,217,56,0.006288572,0.02959837,0.00011442752,0.20245832,0
362,6.0333333,2.3415196e-05,33.130123,33.130146,-0.0003611207,33.130146,0.000102417114,217,217,56,0.0046106176,0.019681247,8.815531e-05,0.20245102,0
363,6.05,1.34112115e-05,33.129757,33.12977,-0.00037809272,33.12977,0.000102543665,216,216,56,0.003519138,0.015801905,6.586335e-05,0.20244318,0
364,6.0666666,8.998338e-06,33.129356,33.129364,-0.00040375759,33.129364,0.00010235482,216,216,56,0.0028144328,0.012484457,5.0067807e-05,0.20243508,0
365,6.0833335,7.3626975e-06,33.12895,33.128956,-0.00040979186,33.128956,0.00010228769,216,216,56,0.0024549335,0.009948782,4.07825e-05,0.20242654,0
366,6.1,4.930132e-06,33.128696,33.128704,-0.00025231394,33.128704,0.000101791506,216,216,56,0.00211547,0.008802199,3.6264093e-05,0.20242152,0
367,6.116667,3.833233e-06,33.128593,33.128597,-0.00010617011,33.128597,0.000101249425,216,216,56,0.0018809852,0.008083622,3.1765165e-05,0.20241931,0
368,6.133333,3.5381786e-06,33.128433,33.128437,-0.00016089746,33.128437,0.00010104152,216,216,56,0.0018204012,0.007998405,2.99976e-05,0.20241591,0
369,6.15,3.314658e-06,33.128265,33.12827,-0.00016581359,33.12827,0.0001009363,216,216,56,0.0017691616,0.007883821,2.9200128e-05,0.20241237,0
370,6.1666665,3.2134626e-06,33.128098,33.1281,-0.00017051265,33.1281,0.000101058096,217,217,56,0.0017429232,0.007770855,2.8686298e-05,0.20240878,0
371,6.1833334,3.1044337e-06,33.127922,33.127926,-0.00017451061,33.127926,0.00010122225,217,217,56,0.0017125866,0.0076497314,2.8228069e-05,0.2024051,0
372,6.2,6.0934303e-06,33.127724,33.127728,-0.00019718212,33.127728,0.00010116363,217,217,56,0.0021138482,0.023615003,2.838129e-05,0.20240113,0
373,6.2166667,2.1691443e-05,33.12746,33.12748,-0.00024691876,33.12748,0.00010150968,217,217,56,0.004619914,0.031339366,5.62107e-05,0.20239563,0
374,6.233333,4.2454838e-05,33.127213,33.127254,-0.00022529413,33.127254,0.00010138636,217,217,56,0.006662572,0.043112002,9.483559e-05,0.20239,0
375,6.25,6.7349174e-05,33.126965,33.12703,-0.00022498704,33.12703,0.00010160893,217,217,56,0.008429774,0.052108552,0.00012640587,0.2023842,0
376,6.266667,8.749286e-05,33.126755,33.126842,-0.0001871764,33.126842,0.000101303944,216,216,56,0.009406421,0.047882065,0.00015167256,0.20237924,0
377,6.2833333,9.8417564e-05,33.126778,33.126873,3.0875315e-05,33.126873,0.000100642865,216,216,56,0.009888573,0.04620204,0.00015999188,0.2023793,0
378,6.3,0.00011015174,33.126766,33.126877,3.4214254e-06,33.126877,0.00010077666,216,216,56,0.010467787,0.047171574,0.00016983438,0.20237882,0
379,6.3166666,0.00012213859,33.126755,33.126877,-2.3110883e-06,33.126877,0.0001008137,216,216,56,0.010992079,0.04775464,0.00017905464,0.20237847,0
380,6.3333335,0.00013427522,33.126762,33.126896,2.0449384e-05,33.126896,0.00010090183,216,216,56,0.01145453,0.047757782,0.00018726985,0.20237876,0
381,6.35,0.00014629427,33.12679,33.126934,3.9284892e-05,33.126934,0.000101071724,216,216,56,0.011878353,0.04794882,0.00019476842,0.20237957,0
382,6.366667,0.00015680437,33.12682,33.126976,3.9438477e-05,33.126976,0.00010107334,216,216,56,0.012275093,0.049144432,0.00020152608,0.20238052,0
383,6.383333,0.00016285923,33.12686,33.12702,4.7618632e-05,33.12702,0.0001010426,216,216,56,0.012514239,0.050148543,0.0002069044,0.20238169,0
384,6.4,0.00016488301,33.12692,33.127083,6.0711813e-05,33.127083,0.00010092663,216,216,56,0.012589513,0.050470807,0.00020944758,0.20238334,0
385,6.4166665,0.00016285118,33.126972,33.127136,5.1834824e-05,33.127136,0.00010103034,216,216,56,0.012507265,0.05003203,0.00020938543,0.20238501,0
386,6.4333334,0.00015788242,33.12703,33.127186,5.039418e-05,33.127186,0.00010092959,216,216,56,0.012318613,0.049405955,0.00020698037,0.20238678,0
387,6.45,0.000150673,33.127087,33.12724,5.264242e-05,33.12724,0.00010098155,216,216,56,0.012035727,0.048270736,0.00020294386,0.20238875,0
388,6.4666667,0.00014172863,33.12714,33.12728,4.4257235e-05,33.12728,0.00010084984,216,216,56,0.011652461,0.046236653,0.00019739922,0.20239063,0
389,6.483333,0.00013186333,33.127205,33.12734,5.4309177e-05,33.12734,0.000100964215,216,216,56,0.011255077,0.04515653,0.00019079758,0.20239268,0
390,6.5,0.00012134009,33.127254,33.127377,3.8023234e-05,33.127377,0.00010100595,216,216,56,0.010781499,0.042818286,0.00018364844,0.20239459,0
391,6.516667,0.00011055799,33.127304,33.127415,4.0424464e-05,33.127415,0.00010094272,216,216,56,0.0102907065,0.04101947,0.00017561113,0.20239647,0
392,6.5333333,9.979617e-05,33.127357,33.127457,4.027849e-05,33.127457,0.000100841404,216,216,56,0.009781582,0.03905578,0.00016718956,0.20239839,0
393,6.55,8.862845e-05,33.1274,33.127487,3.122733e-05,33.127487,0.00010087625,216,216,56,0.009218945,0.036903743,0.00015821603,0.20240016,0
394,6.5666666,7.770215e-05,33.127438,33.127518,3.030496e-05,33.127518,0.00010092858,216,216,56,0.008637121,0.034718957,0.00014880185,0.20240183,0
395,6.5833335,6.7489236e-05,33.12748,33.12755,3.0187071e-05,33.12755,0.00010083029,215,215,56,0.008052699,0.032713465,0.00013906238,0.20240352,0
396,6.6,5.7614714e-05,33.127518,33.127575,2.7034106e-05,33.127575,0.00010082801,215,215,56,0.0074286186,0.03144002,0.00012900251,0.20240512,0
397,6.616667,4.7425227e-05,33.127537,33.127586,1.1756185e-05,33.127586,0.000100853526,215,215,56,0.006719244,0.03009554,0.00011788064,0.20240638,0
398,6.633333,3.7434664e-05,33.12756,33.127598,1.0458811e-05,33.127598,0.000100896264,214,214,55,0.0059208954,0.029147392,0.00010529321,0.20240758,0
399,6.65,2.8030978e-05,33.127575,33.1276,6.5568024e-06,33.1276,0.00010085066,214,214,55,0.005057255,0.02802156,9.141917e-05,0.2024086,0
400,6.6666665,1.960377e-05,33.127586,33.127605,1.3818423e-06,33.127605,0.00010092136,214,214,55,0.004139388,0.027336227,7.652209e-05,0.20240939,0
401,6.6833334,1.2482831e-05,33.127594,33.127605,2.0230893e-06,33.127605,0.00010086043,214,214,55,0.0031759392,0.02636994,6.082507e-05,0.20241009,0
402,6.7,7.03396e-06,33.127598,33.127605,-4.6121824e-07,33.127605,0.00010089051,213,213,55,0.0021694049,0.02551227,4.4407614e-05,0.20241056,0
403,6.7166667,3.4153009e-06,33.12759,33.12759,-1.3926474e-05,33.12759,0.00010083322,213,213,55,0.0011460317,0.024526177,2.7372756e-05,0.20241071,0
404,6.733333,1.7314842e-06,33.127583,33.127583,-8.00151e-06,33.127583,0.0001008504,214,214,55,0.000762001,0.023478288,1.5517784e-05,0.20241068,0
405,6.75,1.9961642e-06,33.127563,33.127563,-1.8854655e-05,33.127563,0.000100851605,214,214,55,0.00091540866,0.02191617,9.6740905e-06,0.2024104,0
406,6.766667,4.161375e-06,33.12754,33.127544,-2.1443011e-05,33.127544,0.000100811856,214,214,55,0.001876358,0.020342229,2.3447015e-05,0.20240992,0
407,6.7833333,8.1072485e-06,33.127506,33.127514,-2.8473867e-05,33.127514,0.000100755184,214,214,55,0.0027984981,0.019735023,3.918498e-05,0.20240916,0
408,6.8,1.35840755e-05,33.127472,33.127483,-3.0600524e-05,33.127483,0.000100813806,214,214,55,0.0036593294,0.021802697,5.4029857e-05,0.20240825,0
409,6.8166666,2.0453095e-05,33.12743,33.127453,-3.269969e-05,33.127453,0.00010089139,214,214,55,0.0044528693,0.023501268,6.780447e-05,0.20240724,0
410,6.8333335,2.8429475e-05,33.127388,33.127415,-3.6413727e-05,33.127415,0.00010083328,214,214,55,0.005177682,0.024885071,8.046157e-05,0.20240603,0
411,6.85,3.7270194e-05,33.127335,33.127373,-4.286461e-05,33.127373,0.00010077791,214,214,55,0.0058300532,0.026225394,9.193816e-05,0.20240474,0
412,6.866667,4.660517e-05,33.127285,33.12733,-4.2204098e-05,33.12733,0.00010081357,214,214,55,0.00641309,0.026303407,0.00010221643,0.2024034,0
413,6.883333,5.6134977e-05,33.12723,33.12729,-4.0845483e-05,33.12729,0.000100817866,214,214,55,0.0069249077,0.029216476,0.00011130931,0.20240201,0
414,6.9,6.540744e-05,33.127174,33.12724,-4.941558e-05,33.12724,0.000100776575,213,213,55,0.007364255,0.03189424,0.0001192373,0.20240057,0
415,6.9166665,7.412897e-05,33.127117,33.127193,-4.7805202e-05,33.127193,0.00010081459,213,213,55,0.007740853,0.033716723,0.00012601675,0.20239913,0
416,6.9333334,8.195108e-05,33.127052,33.127132,-5.834741e-05,33.127132,0.00010088572,213,213,55,0.008027344,0.037106186,0.00013153537,0.2023975,0
417,6.95,8.824547e-05,33.127,33.127087,-4.840353e-05,33.127087,0.000100928715,213,213,55,0.008281838,0.037556898,0.00013609335,0.20239608,0
418,6.9666667,9.2619266e-05,33.126907,33.127,-8.640148e-05,33.127,0.000100783924,213,213,55,0.008478789,0.038254764,0.00013973759,0.20239393,0
419,6.983333,9.544699e-05,33.126816,33.126915,-8.6118744e-05,33.126915,0.00010069681,213,213,55,0.008606143,0.038354784,0.00014244203,0.20239183,0
420,7,9.612435e-05,33.126728,33.126827,-8.743783e-05,33.126827,0.000100740246,213,213,55,0.008659258,0.03644262,0.0001439183,0.20238972,0
421,7.016667,9.495046e-05,33.126644,33.12674,-8.5631465e-05,33.12674,0.00010081641,213,213,55,0.008644636,0.036105026,0.00014424429,0.20238775,0
422,7.0333333,9.184662e-05,33.126564,33.126656,-8.357131e-05,33.126656,0.00010072323,213,213,55,0.008561989,0.036327142,0.0001434243,0.20238584,0
423,7.05,8.693285e-05,33.126484,33.12657,-8.488246e-05,33.12657,0.00010083222,213,213,55,0.008411638,0.034950063,0.00014147225,0.20238395,0
424,7.0666666,8.0324906e-05,33.126404,33.126484,-8.591162e-05,33.126484,0.00010083221,213,213,55,0.008185303,0.029957285,0.00013834017,0.20238212,0
425,7.0833335,7.2728486e-05,33.126335,33.126408,-7.775606e-05,33.126408,0.00010082978,214,214,55,0.007888961,0.028156996,0.00013395784,0.20238045,0
426,7.1,6.426349e-05,33.126263,33.126328,-7.945592e-05,33.126328,0.00010079843,214,214,55,0.007513587,0.02819792,0.0001282902,0.20237882,0
427,7.116667,5.501326e-05,33.1262,33.12626,-7.1097114e-05,33.12626,0.0001007852,214,214,55,0.007053381,0.027834516,0.00012131299,0.2023774,0
428,7.133333,4.589548e-05,33.12613,33.126175,-8.3101295e-05,33.126175,0.00010085832,214,214,55,0.0065130913,0.027237916,0.0001129288,0.2023758,0
429,7.15,3.656642e-05,33.126064,33.1261,-7.483356e-05,33.1261,0.00010087127,214,214,55,0.005883828,0.025865223,0.00010317234,0.20237437,0
430,7.1666665,2.7738568e-05,33.126,33.126026,-7.300232e-05,33.126026,0.0001008267,214,214,55,0.0051791966,0.023986695,9.2104456e-05,0.20237303,0
431,7.1833334,1.9827488e-05,33.125942,33.12596,-6.327402e-05,33.12596,0.00010076896,214,214,55,0.00440823,0.021506952,7.9775644e-05,0.20237188,0
432,7.2,1.3040645e-05,33.125885,33.125896,-6.58074e-05,33.125896,0.000100889556,211,211,54,0.0035646523,0.019090787,6.625598e-05,0.2023707,0
433,7.2166667,7.3814404e-06,33.12583,33.12584,-5.952585e-05,33.12584,0.00010077172,211,211,54,0.002660209,0.015657831,5.1682386e-05,0.20236966,0
434,7.233333,3.507191e-06,33.125782,33.125786,-5.192197e-05,33.125786,0.00010071442,211,211,54,0.001713475,0.014472208,3.6241527e-05,0.20236875,0
435,7.25,1.1355664e-06,33.125732,33.125736,-5.0918108e-05,33.125736,0.00010076006,211,211,54,0.0007451054,0.012967242,2.0152129e-05,0.20236789,0
436,7.266667,8.0997313e-07,33.125694,33.125694,-4.072558e-05,33.125694,0.00010075936,211,211,54,0.00049114967,0.015050085,6.923642e-06,0.20236713,0
437,7.2833333,2.1630492e-06,33.125645,33.12565,-4.702715e-05,33.12565,0.00010079312,211,211,54,0.0013003537,0.012355986,1.3197551e-05,0.20236628,0
438,7.3,5.7501193e-06,33.125614,33.12562,-2.6338845e-05,33.12562,0.000100820755,211,211,54,0.0022599662,0.017573986,2.972647e-05,0.20236577,0
439,7.3166666,1.0419459e-05,33.12558,33.12559,-3.0909247e-05,33.12559,0.00010076557,211,211,54,0.003205423,0.015442719,4.5868404e-05,0.20236523,0
440,7.3333335,1.6248416e-05,33.125546,33.12556,-2.7920825e-05,33.12556,0.00010078296,211,211,54,0.004002616,0.017752297,6.0598624e-05,0.20236474,0
441,7.35,2.2817543e-05,33.12551,33.125534,-2.9175715e-05,33.125534,0.00010083593,211,211,54,0.004726878,0.020344738,7.302838e-05,0.20236422,0
442,7.366667,2.9229539e-05,33.125477,33.125507,-2.5010217e-05,33.125507,0.000100896126,211,211,54,0.0053109876,0.021820813,8.417681e-05,0.20236388,0
443,7.383333,3.5375673e-05,33.125458,33.125492,-1.4303242e-05,33.125492,0.000100903446,211,211,54,0.0058363695,0.023735277,9.32729e-05,0.20236371,0
444,7.4,3.9183687e-05,33.12543,33.125473,-2.1795266e-05,33.125473,0.000100853926,211,211,54,0.006134525,0.024643261,0.00010001229,0.20236348,0
445,7.4166665,4.1356347e-05,33.125412,33.12545,-2.0271778e-05,33.12545,0.00010078331,211,211,54,0.006298922,0.025249759,0.00010384304,0.20236334,0
446,7.4333334,4.2274758e-05,33.125378,33.12542,-3.0337544e-05,33.12542,0.00010089114,211,211,54,0.0063705966,0.025679866,0.00010555493,0.20236304,0
447,7.45,4.2365147e-05,33.12536,33.1254,-2.2021537e-05,33.1254,0.00010090931,211,211,54,0.0063693477,0.025458276,0.000106345826,0.202363,0
448,7.4666667,4.1689695e-05,33.125336,33.125378,-2.2288614e-05,33.125378,0.00010082489,211,211,54,0.0063184835,0.025297275,0.00010582724,0.20236297,0
449,7.483333,4.0774612e-05,33.125313,33.12535,-2.502207e-05,33.12535,0.000100843674,211,211,54,0.0062596467,0.025238683,0.00010447703,0.20236292,0
450,7.5,3.949367e-05,33.125298,33.125336,-1.5578878e-05,33.125336,0.000100801815,210,210,54,0.006151425,0.024724247,0.00010317432,0.20236304,0
451,7.516667,3.7044036e-05,33.125275,33.12531,-2.5891602e-05,33.12531,0.00010092926,210,210,54,0.005955048,0.023836704,0.000101020916,0.20236306,0
452,7.5333333,3.478269e-05,33.12525,33.125286,-2.3708251e-05,33.125286,0.000100953424,210,210,54,0.005773009,0.023175467,9.753516e-05,0.20236307,0
453,7.55,3.2705295e-05,33.125237,33.125267,-1.8370392e-05,33.125267,0.00010085961,210,210,54,0.0055902656,0.0223753,9.457789e-05,0.2023632,0
454,7.5666666,3.0016909e-05,33.12522,33.12525,-1.7318831e-05,33.12525,0.00010085564,210,210,54,0.005350473,0.02140514,9.112022e-05,0.20236331,0
455,7.5833335,2.7603168e-05,33.1252,33.125225,-2.4193158e-05,33.125225,0.000100883895,210,210,54,0.005142938,0.02079828,8.739061e-05,0.20236339,0
456,7.6,2.5423673e-05,33.125187,33.12521,-1.54799e-05,33.12521,0.00010091239,210,210,54,0.0049115885,0.020721594,8.3535975e-05,0.20236354,0
457,7.616667,2.302763e-05,33.125175,33.1252,-1.270386e-05,33.1252,0.00010076809,210,210,54,0.004665092,0.019668834,7.9768e-05,0.20236377,0
458,7.633333,2.047499e-05,33.125156,33.125175,-2.1838228e-05,33.125175,0.00010086396,210,210,54,0.004358805,0.021127306,7.515719e-05,0.20236386,0
459,7.65,1.7569819e-05,33.125134,33.125153,-2.5017098e-05,33.125153,0.0001008251,210,210,54,0.004012352,0.02003193,6.978684e-05,0.20236382,0
460,7.6666665,1.4801209e-05,33.125114,33.12513,-2.271922e-05,33.12513,0.000100802514,210,210,54,0.0036065779,0.020726157,6.34314e-05,0.20236382,0
461,7.6833334,1.2129203e-05,33.1251,33.12511,-1.8632494e-05,33.12511,0.00010079458,209,209,54,0.0031664209,0.02106105,5.64126e-05,0.20236382,0
462,7.7,9.256979e-06,33.12507,33.12508,-3.2133117e-05,33.12508,0.00010085039,209,209,54,0.0027196049,0.019346833,4.894152e-05,0.20236358,0
463,7.7166667,7.0140513e-06,33.125046,33.125053,-2.4521109e-05,33.125053,0.00010081227,209,209,54,0.0022191824,0.020769732,4.1043186e-05,0.2023634,0
464,7.733333,4.9039804e-06,33.125015,33.12502,-3.286726e-05,33.12502,0.00010083602,209,209,54,0.001720889,0.019830704,3.277711e-05,0.20236303,0
465,7.75,3.3067915e-06,33.124992,33.124992,-2.6701706e-05,33.124992,0.00010075816,209,209,54,0.0012122666,0.019524513,2.4333842e-05,0.20236269,0
466,7.766667,2.0740658e-06,33.12496,33.12496,-3.1657404e-05,33.12496,0.00010081381,209,209,54,0.0010283778,0.017195862,1.8413519e-05,0.20236216,0
467,7.7833333,1.3182428e-06,33.124916,33.12492,-4.4314653e-05,33.12492,0.00010085746,209,209,54,0.0008158297,0.018040251,1.5196421e-05,0.20236145,0
468,7.8,9.356045e-07,33.124878,33.124878,-3.8621307e-05,33.124878,0.00010090927,209,209,54,0.000577879,0.016418708,1.1430349e-05,0.20236073,0
469,7.8166666,1.1034779e-06,33.12484,33.12484,-3.856956e-05,33.12484,0.000100830635,209,209,54,0.00071244984,0.015738318,7.99915e-06,0.20235997,0
470,7.8333335,1.5381047e-06,33.124794,33.124798,-4.4454246e-05,33.124798,0.000100825375,209,209,54,0.0011340855,0.012582322,1.5250221e-05,0.20235908,0
471,7.85,2.4695134e-06,33.124752,33.124756,-4.19624e-05,33.124756,0.00010079072,207,207,54,0.001517345,0.011629013,2.2095464e-05,0.20235819,0
472,7.866667,3.7381149e-06,33.124706,33.12471,-4.4784058e-05,33.12471,0.000100700214,207,207,54,0.0018841426,0.01185994,2.8419288e-05,0.20235719,0
473,7.883333,5.490108e-06,33.12466,33.12467,-4.2305604e-05,33.12467,0.000100802674,207,207,54,0.0022166902,0.0126697235,3.4213906e-05,0.20235619,0
474,7.9,7.2090356e-06,33.12461,33.12462,-4.9986404e-05,33.12462,0.000100803234,210,210,55,0.0025193521,0.011549321,3.9491926e-05,0.2023551,0
475,7.9166665,9.502244e-06,33.124557,33.12457,-4.974463e-05,33.12457,0.000100787904,210,210,55,0.0027905428,0.01501948,4.4239627e-05,0.20235395,0
476,7.9333334,1.1567678e-05,33.124508,33.12452,-4.714607e-05,33.12452,0.00010072794,210,210,55,0.0030333276,0.013322065,4.8519843e-05,0.20235282,0
477,7.95,1.3970632e-05,33.124454,33.124466,-5.312624e-05,33.124466,0.00010077199,210,210,55,0.0032514294,0.017806524,5.235942e-05,0.20235163,0
478,7.9666667,1.605324e-05,33.124405,33.12442,-4.5798854e-05,33.12442,0.00010076997,210,210,55,0.0034423252,0.016819436,5.578873e-05,0.20235053,0
479,7.983333,1.8274945e-05,33.12435,33.12437,-5.2476218e-05,33.12437,0.00010075251,210,210,55,0.0036195642,0.020457298,5.884583e-05,0.20234935,0
480,8,1.992609e-05,33.1243,33.124317,-5.2049247e-05,33.124317,0.00010083557,210,210,55,0.0037626792,0.020920187,6.149896e-05,0.20234817,0
481,8.016666,2.1358366e-05,33.124245,33.124264,-5.1603092e-05,33.124264,0.000100801255,213,210,56,0.0038907714,0.021950364,6.37964e-05,0.20234694,0
482,8.033334,2.2277092e-05,33.12419,33.124214,-5.3114174e-05,33.124214,0.00010079853,213,213,56,0.0039910953,0.022637473,6.569548e-05,0.20234576,0
483,8.05,2.2739423e-05,33.12414,33.12416,-4.9746704e-05,33.12416,0.00010073655,212,212,56,0.0040649786,0.022174088,6.714451e-05,0.2023446,0
484,8.066667,2.2589293e-05,33.124084,33.124107,-5.451554e-05,33.124107,0.00010075401,212,212,56,0.0041108117,0.019553544,6.8181434e-05,0.20234342,0
485,8.083333,2.2218672e-05,33.124035,33.124058,-5.1909694e-05,33.124058,0.00010075494,212,212,56,0.0041323504,0.020993315,6.871925e-05,0.2023422,0
486,8.1,2.1228347e-05,33.123985,33.12401,-4.986932e-05,33.12401,0.00010077091,212,212,56,0.0041161333,0.018012166,6.873562e-05,0.20234112,0
487,8.116667,2.0063479e-05,33.12393,33.123955,-5.2870197e-05,33.123955,0.00010071285,212,212,56,0.004063832,0.01865726,6.814783e-05,0.20233995,0
488,8.133333,1.8410547e-05,33.123882,33.1239,-5.3857028e-05,33.1239,0.00010067411,212,212,56,0.0039711045,0.016326647,6.697314e-05,0.20233878,0
489,8.15,1.6558519e-05,33.123837,33.12385,-4.6907153e-05,33.12385,0.00010066218,212,212,56,0.0038377338,0.015791563,6.506942e-05,0.20233773,0
490,8.166667,1.4665268e-05,33.123783,33.1238,-5.5759898e-05,33.1238,0.00010075447,212,212,56,0.00365856,0.016478905,6.244712e-05,0.20233656,0
491,8.183333,1.2598407e-05,33.12374,33.123753,-4.4461907e-05,33.123753,0.00010077357,212,212,56,0.0034350601,0.015928168,5.9069305e-05,0.2023356,0
492,8.2,1.0512948e-05,33.12369,33.123703,-5.046569e-05,33.123703,0.000100733865,212,212,56,0.0031615475,0.015645878,5.4900946e-05,0.20233454,0
493,8.216666,8.376821e-06,33.123653,33.12366,-4.087356e-05,33.12366,0.00010079569,211,211,56,0.0028422207,0.014419629,4.994769e-05,0.20233366,0
494,8.233334,6.3827742e-06,33.12361,33.12362,-4.2394033e-05,33.12362,0.00010065276,211,211,56,0.0024775492,0.013500716,4.424393e-05,0.20233281,0
495,8.25,4.5921256e-06,33.123573,33.123577,-4.1026848e-05,33.123577,0.000100819685,211,211,56,0.0020767723,0.012323584,3.7845457e-05,0.202332,0
496,8.266666,2.978979e-06,33.123535,33.123535,-4.0849347e-05,33.123535,0.000100823774,211,211,56,0.0016404848,0.010139975,3.0836458e-05,0.2023312,0
497,8.283334,1.799183e-06,33.1235,33.123505,-3.243575e-05,33.123505,0.000100784295,211,211,56,0.0011867306,0.01013417,2.3333983e-05,0.20233057,0
498,8.3,9.743242e-07,33.123466,33.123466,-3.7899743e-05,33.123466,0.00010072774,211,211,56,0.00070922374,0.010527629,1.5522413e-05,0.20232993,0
499,8.316667,5.85515e-07,33.123436,33.123436,-3.0813488e-05,33.123436,0.000100751735,211,211,56,0.00044756953,0.010463491,7.8575e-06,0.20232938,0
500,8.333333,6.4029086e-07,33.12341,33.12341,-2.6379781e-05,33.12341,0.00010077342,211,211,56,0.0004459432,0.010602518,6.9965954e-06,0.20232886,0
501,8.35,1.1452072e-06,33.123383,33.123383,-2.5929641e-05,33.123383,0.00010078292,211,211,56,0.0008794624,0.01062831,1.0606688e-05,0.20232846,0
502,8.366667,2.074304e-06,33.12336,33.12336,-2.2346614e-05,33.12336,0.00010068357,211,211,56,0.0013425787,0.010945888,1.842852e-05,0.2023281,0
503,8.383333,3.2943638e-06,33.123333,33.123337,-2.4881987e-05,33.123337,0.000100720616,211,211,56,0.0017849844,0.011033598,2.6087366e-05,0.20232776,0
504,8.4,4.852764e-06,33.12331,33.123318,-2.038727e-05,33.123318,0.000100798876,211,211,56,0.0022035828,0.012212645,3.3327033e-05,0.20232752,0
505,8.416667,6.4608716e-06,33.12329,33.123295,-1.9506288e-05,33.123295,0.00010073131,211,211,56,0.0025450543,0.012793881,3.9681854e-05,0.20232733,0
506,8.433333,8.152317e-06,33.12327,33.123276,-1.9090441e-05,33.123276,0.00010076487,211,211,56,0.0028538464,0.01364973,4.506626e-05,0.2023271,0
507,8.45,9.836396e-06,33.123245,33.123257,-2.1591632e-05,33.123257,0.0001007703,211,211,56,0.003124058,0.01444653,4.987578e-05,0.20232686,0
508,8.466666,1.14999e-05,33.123226,33.123238,-1.679081e-05,33.123238,0.000100768266,211,211,56,0.003365592,0.01510859,5.41292e-05,0.20232676,0
509,8.483334,1.2965616e-05,33.123207,33.123222,-1.7986129e-05,33.123222,0.00010083081,211,211,56,0.003560794,0.015564176,5.7793593e-05,0.20232663,0
510,8.5,1.4196912e-05,33.12319,33.123207,-1.3565407e-05,33.123207,0.00010080684,211,211,56,0.0037190288,0.015754603,6.0755305e-05,0.20232658,0
511,8.516666,1.51146005e-05,33.12317,33.123184,-2.2191767e-05,33.123184,0.00010087918,211,211,56,0.0038342546,0.016094003,6.305425e-05,0.20232648,0
512,8.533334,1.5695288e-05,33.12315,33.12317,-1.803988e-05,33.12317,0.00010093527,211,211,56,0.0039023228,0.016262578,6.4554355e-05,0.20232642,0
513,8.55,1.5938722e-05,33.12313,33.123146,-2.1037216e-05,33.123146,0.00010081632,211,211,56,0.0039280723,0.0163315,6.532259e-05,0.20232636,0
514,8.566667,1.5848296e-05,33.123123,33.12314,-8.403181e-06,33.12314,0.000100848374,211,211,56,0.003913538,0.016324278,6.540314e-05,0.20232636,0
515,8.583333,1.5604346e-05,33.123116,33.12313,-6.727898e-06,33.12313,0.000100839155,211,211,56,0.003849582,0.016655033,6.472926e-05,0.20232646,0
516,8.6,1.4985909e-05,33.123108,33.123123,-8.931192e-06,33.123123,0.00010077241,211,211,56,0.0037490646,0.016745804,6.3349544e-05,0.20232652,0
517,8.616667,1.411929e-05,33.123104,33.123116,-5.355505e-06,33.123116,0.00010073577,212,212,56,0.0035999103,0.016988005,6.1250816e-05,0.20232663,0
518,8.633333,1.29261725e-05,33.123096,33.12311,-6.014516e-06,33.12311,0.00010077345,212,212,56,0.0034215765,0.016985072,5.8456113e-05,0.20232676,0
519,8.65,1.1434917e-05,33.12309,33.1231,-1.11340505e-05,33.1231,0.00010078019,212,212,56,0.003210927,0.016302532,5.5279183e-05,0.20232673,0
520,8.666667,9.967462e-06,33.123077,33.12309,-1.1941525e-05,33.12309,0.00010083583,213,213,56,0.0029573624,0.016364438,5.1348605e-05,0.20232671,0
521,8.683333,8.502997e-06,33.123074,33.12308,-4.9558207e-06,33.12308,0.00010070615,213,213,56,0.002668484,0.016737873,4.682046e-05,0.20232679,0
522,8.7,6.9294947e-06,33.12306,33.123066,-1.7367734e-05,33.123066,0.00010079681,213,213,56,0.0023687887,0.015973713,4.1879495e-05,0.2023266,0
523,8.716666,5.419271e-06,33.123043,33.12305,-1.4976885e-05,33.12305,0.000100763675,213,213,56,0.0020406195,0.015736496,3.669248e-05,0.20232646,0
524,8.733334,4.109133e-06,33.123028,33.12303,-1.677186e-05,33.12303,0.000100778096,213,213,56,0.0017013669,0.01534811,3.111437e-05,0.20232621,0
525,8.75,2.9683006e-06,33.12301,33.123013,-2.0426422e-05,33.123013,0.000100688216,213,213,56,0.0013462346,0.01486358,2.52691e-05,0.20232591,0
526,8.766666,2.1518626e-06,33.122997,33.123,-1.3285569e-05,33.123,0.00010065409,213,213,56,0.0009825034,0.015017043,1.9242725e-05,0.20232563,0
527,8.783334,1.332228e-06,33.12297,33.12297,-2.8916744e-05,33.12297,0.00010069975,213,213,56,0.00079059904,0.0139469635,1.4580747e-05,0.20232514,0
528,8.8,7.085096e-07,33.12294,33.122944,-2.8388316e-05,33.122944,0.000100725636,213,213,56,0.0005649103,0.01272427,1.0975296e-05,0.2023245,0
529,8.816667,4.7821476e-07,33.122913,33.122917,-2.6997363e-05,33.122917,0.00010066337,213,213,56,0.00039348338,0.011725657,7.6605365e-06,0.20232388,0
530,8.833333,4.7558967e-07,33.122887,33.12289,-2.6603439e-05,33.12289,0.00010069118,213,213,56,0.000401679,0.010845591,4.720969e-06,0.20232323,0
531,8.85,7.397507e-07,33.12286,33.12286,-2.9495499e-05,33.12286,0.00010066039,212,212,55,0.0007082696,0.00987395,9.081857e-06,0.2023225,0
532,8.866667,1.2300136e-06,33.12283,33.12283,-2.9269397e-05,33.12283,0.00010066181,212,212,55,0.0010039556,0.008915067,1.4179715e-05,0.20232177,0
533,8.883333,1.91128e-06,33.122795,33.122795,-3.42323e-05,33.122795,0.000100602876,212,212,55,0.0012782563,0.008119038,1.9003015e-05,0.20232093,0
534,8.9,2.8391567e-06,33.12276,33.122765,-3.09931e-05,33.122765,0.00010063417,212,212,55,0.001549614,0.008650925,2.3504648e-05,0.2023201,0
535,8.916667,3.8810635e-06,33.122723,33.122726,-3.6697995e-05,33.122726,0.00010063843,212,212,55,0.001797001,0.009753584,2.788721e-05,0.20231919,0
536,8.933333,5.0296185e-06,33.12269,33.122692,-3.5593817e-05,33.122692,0.00010055364,212,212,55,0.0020213628,0.010790165,3.186364e-05,0.20231825,0
537,8.95,6.2776908e-06,33.12265,33.122658,-3.516179e-05,33.122658,0.000100644655,212,212,55,0.0022201296,0.012090823,3.5367462e-05,0.20231725,0
538,8.966666,7.524294e-06,33.12261,33.122616,-4.031717e-05,33.122616,0.000100619254,212,212,55,0.0024019026,0.012781102,3.8487247e-05,0.20231627,0
539,8.983334,8.745233e-06,33.12257,33.122578,-4.001032e-05,33.122578,0.000100590456,212,212,55,0.0025619643,0.014116222,4.13398e-05,0.20231517,0
540,9,9.874268e-06,33.122528,33.122536,-3.993597e-05,33.122536,0.00010059342,212,212,55,0.0027053945,0.014615696,4.3887296e-05,0.20231411,0
541,9.016666,1.0858812e-05,33.122482,33.122494,-4.207552e-05,33.122494,0.00010059407,212,212,55,0.002826707,0.015501125,4.6091805e-05,0.20231302,0
542,9.033334,1.1645739e-05,33.122444,33.122456,-4.0943098e-05,33.122456,0.00010051019,212,212,55,0.002929425,0.0154495975,4.7961574e-05,0.20231193,0
543,9.05,1.2224951e-05,33.1224,33.12241,-4.3145872e-05,33.12241,0.00010058718,212,212,55,0.0030099673,0.015643777,4.948749e-05,0.20231079,0
544,9.066667,1.2547392e-05,33.122353,33.122364,-4.5563964e-05,33.122364,0.00010052909,214,214,56,0.0030682716,0.01589649,5.064654e-05,0.2023096,0
545,9.083333,1.2600887e-05,33.122307,33.12232,-4.5500397e-05,33.12232,0.00010053417,214,214,56,0.0031049459,0.015314795,5.1430914e-05,0.20230843,0
546,9.1,1.2397439e-05,33.122265,33.122276,-4.3596025e-05,33.122276,0.00010059534,214,214,56,0.0031131757,0.014850821,5.179597e-05,0.20230728,0
547,9.116667,1.1999567e-05,33.12222,33.12223,-4.4289212e-05,33.12223,0.00010053974,214,214,56,0.0031002865,0.014162011,5.1746294e-05,0.20230615,0
548,9.133333,1.1367863e-05,33.122177,33.12219,-4.3359258e-05,33.12219,0.00010052988,214,214,56,0.0030574962,0.013336914,5.1250285e-05,0.202305,0
549,9.15,1.0535761e-05,33.12213,33.122143,-4.5887227e-05,33.122143,0.00010053194,215,215,56,0.0029826541,0.01292399,5.0287228e-05,0.20230386,0
550,9.166667,9.57991e-06,33.12209,33.122097,-4.4514683e-05,33.122097,0.00010048014,215,215,56,0.0028811584,0.011945389,4.882164e-05,0.20230272,0
551,9.183333,8.473913e-06,33.122047,33.122055,-4.183849e-05,33.122055,0.00010048573,215,215,56,0.0027441029,0.011797559,4.683452e-05,0.20230167,0
552,9.2,7.324891e-06,33.122,33.12201,-4.5539127e-05,33.12201,0.00010054859,215,215,56,0.0025747993,0.011694019,4.4305812e-05,0.20230058,0
553,9.216666,6.1669607e-06,33.121964,33.12197,-4.039413e-05,33.12197,0.000100493904,215,215,56,0.002383066,0.011221485,4.124395e-05,0.20229954,0
554,9.233334,4.982631e-06,33.121925,33.12193,-4.0919294e-05,33.12193,0.00010050004,215,215,56,0.0021525954,0.010504979,3.7715483e-05,0.2022985,0
555,9.25,3.8710896e-06,33.12188,33.121883,-4.649918e-05,33.121883,0.00010044983,215,215,56,0.0018935485,0.009893679,3.3624347e-05,0.20229745,0
556,9.266666,2.8557313e-06,33.12184,33.121845,-3.9087772e-05,33.121845,0.00010049807,215,215,56,0.0016094869,0.008841438,2.9066296e-05,0.20229648,0
557,9.283334,1.937363e-06,33.121803,33.121803,-4.0653333e-05,33.121803,0.00010044633,215,215,56,0.0012992735,0.007985555,2.4099416e-05,0.20229557,0
558,9.3,1.2312659e-06,33.121765,33.121765,-3.7282214e-05,33.121765,0.00010050994,215,215,56,0.0009834942,0.0072432426,1.8846999e-05,0.2022947,0
559,9.316667,7.175858e-07,33.12173,33.12173,-3.642478e-05,33.12173,0.00010045715,215,215,56,0.0006616061,0.007476923,1.3392582e-05,0.20229381,0
560,9.333333,3.9862135e-07,33.121696,33.121696,-3.2738706e-05,33.121696,0.000100465855,215,215,56,0.00036774288,0.007552997,8.0698355e-06,0.20229308,0
561,9.35,3.6001617e-07,33.121666,33.121666,-3.0795796e-05,33.121666,0.00010053311,215,215,56,0.00031822472,0.007890605,5.5146847e-06,0.20229238,0
562,9.366667,5.4813654e-07,33.121635,33.121635,-3.15666e-05,33.121635,0.000100507976,215,215,56,0.0005644001,0.008082192,6.796305e-06,0.20229171,0
563,9.383333,9.59866e-07,33.121605,33.12161,-2.7186614e-05,33.12161,0.00010051349,215,215,56,0.0008834704,0.0082265595,1.1888888e-05,0.20229115,0
564,9.4,1.5271645e-06,33.121574,33.12158,-3.018989e-05,33.12158,0.00010056168,215,215,56,0.0011962346,0.008212977,1.728968e-05,0.20229053,0
565,9.416667,2.3237997e-06,33.121555,33.12156,-1.9486484e-05,33.12156,0.00010043384,215,215,56,0.0015057692,0.008750615,2.2549455e-05,0.20229009,0
566,9.433333,3.2318233e-06,33.121532,33.121536,-2.2866452e-05,33.121536,0.00010049351,214,214,55,0.0017936702,0.009212086,2.7531258e-05,0.20228963,0
567,9.45,4.1592757e-06,33.121506,33.12151,-2.5174595e-05,33.12151,0.00010052018,214,214,55,0.0020427562,0.010344492,3.2044412e-05,0.20228913,0
568,9.466666,5.1055954e-06,33.121483,33.121487,-2.2828157e-05,33.121487,0.0001004339,214,214,55,0.0022485803,0.010569228,3.5776837e-05,0.20228873,0
569,9.483334,5.996192e-06,33.121456,33.121464,-2.4712686e-05,33.121464,0.000100431884,214,214,55,0.002434919,0.011122553,3.9104718e-05,0.20228831,0
570,9.5,6.6963735e-06,33.121433,33.12144,-2.257553e-05,33.12144,0.00010047492,214,214,55,0.002567645,0.011543339,4.1741303e-05,0.2022879,0
571,9.516666,7.359374e-06,33.12141,33.121414,-2.3443987e-05,33.121414,0.000100509096,214,214,55,0.0026918966,0.011933143,4.3849184e-05,0.20228752,0
572,9.533334,7.88872e-06,33.121387,33.121395,-2.158258e-05,33.121395,0.000100526224,214,214,55,0.002774519,0.01202307,4.553039e-05,0.20228718,0
573,9.55,8.341422e-06,33.121365,33.121376,-1.9664163e-05,33.121376,0.00010049351,214,214,55,0.0028435348,0.012069286,4.6844278e-05,0.2022869,0
574,9.566667,8.57443e-06,33.121346,33.121353,-2.0881387e-05,33.121353,0.00010049347,211,211,54,0.002888905,0.012267506,4.7813992e-05,0.20228659,0
575,9.583333,8.612511e-06,33.12132,33.12133,-2.5565201e-05,33.12133,0.000100510326,211,211,54,0.0028883726,0.012316357,4.81915e-05,0.20228623,0
576,9.6,8.4535e-06,33.121296,33.121304,-2.5097273e-05,33.121304,0.000100446516,211,211,54,0.0028554066,0.011982848,4.7869635e-05,0.20228587,0
577,9.616667,8.131673e-06,33.12127,33.121277,-2.7421405e-05,33.121277,0.00010053373,211,211,54,0.002801976,0.012001231,4.706526e-05,0.20228547,0
578,9.633333,7.665462e-06,33.12124,33.121246,-2.8397064e-05,33.121246,0.00010054782,211,211,54,0.0026992077,0.011761447,4.57944e-05,0.20228502,0
579,9.65,7.0175197e-06,33.12121,33.121216,-3.0407602e-05,33.121216,0.000100605015,211,211,54,0.0025797223,0.011768589,4.3931075e-05,0.20228456,0
580,9.666667,6.3040766e-06,33.121185,33.12119,-2.7148e-05,33.12119,0.0001004821,211,211,54,0.0024149618,0.011679787,4.1558556e-05,0.20228413,0
581,9.683333,5.5167325e-06,33.12115,33.121155,-3.4537126e-05,33.121155,0.00010057129,211,211,54,0.0022343234,0.011695348,3.8683418e-05,0.20228358,0
582,9.7,4.665482e-06,33.121117,33.12112,-3.3936012e-05,33.12112,0.00010049534,211,211,54,0.0020263554,0.011631852,3.5401597e-05,0.202283,0
583,9.716666,4.058996e-06,33.12106,33.121063,-5.9128273e-05,33.121063,0.00010096882,211,211,54,0.0017866368,0.014239712,3.1556345e-05,0.2022818,0
584,9.733334,3.40455e-06,33.121002,33.121006,-5.7513684e-05,33.121006,0.00010094821,211,211,54,0.0015699115,0.014232166,2.778768e-05,0.20228061,0
585,9.75,2.8463198e-06,33.12095,33.120953,-5.159854e-05,33.120953,0.000100855184,211,211,54,0.0013331878,0.014639754,2.3997714e-05,0.2022795,0
586,9.766666,2.3666212e-06,33.120895,33.1209,-5.5343877e-05,33.1209,0.00010079304,211,211,54,0.0010986015,0.015040187,2.0079178e-05,0.20227833,0
587,9.783334,1.941366e-06,33.12084,33.12084,-5.8448277e-05,33.12084,0.000100884405,211,211,54,0.0009123227,0.014855825,1.6414686e-05,0.2022771,0
588,9.8,1.5278966e-06,33.120785,33.120785,-5.477888e-05,33.120785,0.000100822224,211,211,54,0.0008267051,0.014448044,1.4274015e-05,0.20227589,0
589,9.816667,1.1935166e-06,33.120724,33.120724,-6.1349994e-05,33.120724,0.00010086893,211,211,54,0.00071376306,0.013767982,1.2740167e-05,0.20227447,0
590,9.833333,9.657797e-07,33.12067,33.12067,-5.2764342e-05,33.12067,0.00010091072,211,211,54,0.00059619837,0.013238191,1.0717327e-05,0.20227322,0
591,9.85,8.049229e-07,33.12061,33.12061,-6.0345195e-05,33.12061,0.00010081902,211,211,54,0.00055686926,0.012363927,8.641041e-06,0.20227185,0
592,9.866667,7.181548e-07,33.120552,33.120552,-5.7611025e-05,33.120552,0.00010074658,211,211,54,0.00061692717,0.011207435,9.283389e-06,0.20227048,0
593,9.883333,7.9256677e-07,33.120487,33.120487,-6.3601285e-05,33.120487,0.000100785204,213,213,54,0.00071317324,0.010195511,1.0724467e-05,0.20226897,0
594,9.9,9.851989e-07,33.120422,33.120422,-6.5478125e-05,33.120422,0.00010085594,213,213,54,0.0008235896,0.008999753,1.2468867e-05,0.20226747,0
595,9.916667,1.3366397e-06,33.120358,33.120358,-6.498681e-05,33.120358,0.0001007895,213,213,54,0.00094176474,0.008315835,1.43994885e-05,0.20226593,0
596,9.933333,1.8327539e-06,33.12029,33.120293,-6.667094e-05,33.120293,0.000100794794,213,213,54,0.0010593355,0.0099306535,1.6406311e-05,0.20226435,0
597,9.95,2.461637e-06,33.120224,33.120228,-6.470936e-05,33.120228,0.00010076393,213,213,54,0.0011812844,0.011472116,1.8432424e-05,0.20226276,0
598,9.966666,3.2597554e-06,33.120155,33.12016,-6.853025e-05,33.12016,0.000100851736,213,213,54,0.0013084615,0.013084988,2.046327e-05,0.20226116,0
599,9.983334,3.9524966e-06,33.120087,33.12009,-6.780435e-05,33.12009,0.000100815916,213,213,54,0.0014253934,0.013795886,2.2471446e-05,0.20225956,0
600,10,4.733053e-06,33.12001,33.120014,-7.6195545e-05,33.120014,0.00010083625,213,213,54,0.0015345417,0.014505956,2.4484152e-05,0.20225775,0
601,10.016666,5.4424554e-06,33.119938,33.119946,-7.011526e-05,33.119946,0.00010079575,211,211,53,0.0016631578,0.015838513,2.650233e-05,0.20225605,0
602,10.033334,6.0816096e-06,33.119865,33.119873,-7.301185e-05,33.119873,0.00010086378,210,210,53,0.001783322,0.01613059,2.858683e-05,0.20225434,0
603,10.05,6.586125e-06,33.11979,33.119797,-7.597282e-05,33.119797,0.00010082297,210,210,53,0.0019012531,0.01586209,3.0498606e-05,0.20225249,0
604,10.066667,6.854369e-06,33.11972,33.119728,-6.856136e-05,33.119728,0.00010081023,210,210,53,0.0020113653,0.015521258,3.2398442e-05,0.20225076,0
605,10.083333,7.079489e-06,33.119644,33.11965,-7.691724e-05,33.11965,0.0001008932,210,210,53,0.002115965,0.015165066,3.435439e-05,0.20224895,0
606,10.1,7.1269305e-06,33.119564,33.11957,-7.992125e-05,33.11957,0.00010082473,210,210,53,0.0022006747,0.01437918,3.5862697e-05,0.20224702,0
607,10.116667,7.158199e-06,33.119484,33.11949,-7.7942364e-05,33.11949,0.000101029946,210,210,53,0.0022804816,0.013852171,3.7259775e-05,0.20224513,0
608,10.133333,6.961405e-06,33.119434,33.119442,-5.0738337e-05,33.119442,0.00010098753,210,210,53,0.0023487036,0.012432065,3.8438477e-05,0.20224385,0
609,10.15,6.7366846e-06,33.119392,33.119396,-4.378355e-05,33.119396,0.00010095305,210,210,53,0.0023992264,0.010984429,3.948556e-05,0.20224263,0
610,10.166667,6.443718e-06,33.11934,33.119347,-5.0668255e-05,33.119347,0.00010102549,210,210,53,0.0024127453,0.011827537,4.0024366e-05,0.2022413,0
611,10.183333,6.0692882e-06,33.11929,33.119293,-5.274478e-05,33.119293,0.00010098502,210,210,53,0.0023936976,0.012357854,3.9959206e-05,0.20223995,0
612,10.2,5.623873e-06,33.119244,33.119247,-4.56668e-05,33.119247,0.00010101017,210,210,53,0.0023414532,0.01290259,3.9388357e-05,0.2022387,0
613,10.216666,5.1118564e-06,33.119194,33.119198,-5.0887305e-05,33.119198,0.00010102929,213,213,54,0.0022555918,0.012378798,3.8166356e-05,0.20223743,0
614,10.233334,4.501106e-06,33.119144,33.11915,-4.9157235e-05,33.11915,0.00010105049,213,213,54,0.0021215703,0.012501693,3.629969e-05,0.20223618,0
615,10.25,3.7920342e-06,33.1191,33.119102,-4.5764198e-05,33.119102,0.000100953206,213,213,54,0.0019514102,0.011636834,3.378964e-05,0.20223494,0
616,10.266666,3.1127815e-06,33.11905,33.119053,-5.1220795e-05,33.119053,0.000101047706,213,213,54,0.0017455044,0.010744643,3.0646133e-05,0.20223366,0
617,10.283334,2.4461986e-06,33.119003,33.119007,-4.6220473e-05,33.119007,0.00010104267,213,213,54,0.001512357,0.010040534,2.6973974e-05,0.2022325,0
618,10.3,1.8098272e-06,33.11896,33.11896,-4.2366395e-05,33.11896,0.000101061545,213,213,54,0.0012506294,0.008908898,2.278003e-05,0.2022314,0
619,10.316667,1.3867801e-06,33.1189,33.1189,-6.077364e-05,33.1189,0.000101170794,213,213,54,0.0009912569,0.0075255414,1.8213514e-05,0.20223005,0
620,10.333333,9.571855e-07,33.11886,33.118862,-4.116209e-05,33.118862,0.00010109014,213,213,54,0.00070145493,0.0082766535,1.3554569e-05,0.20222896,0
621,10.35,7.7224587e-07,33.118813,33.118813,-4.7733894e-05,33.118813,0.000101101046,213,213,55,0.0005373413,0.008784593,8.821245e-06,0.2022278,0
622,10.366667,6.9869463e-07,33.118767,33.118767,-4.529493e-05,33.118767,0.00010117,213,213,55,0.00056769233,0.009139945,9.277179e-06,0.20222673,0
623,10.383333,6.939715e-07,33.118725,33.118725,-4.33973e-05,33.118725,0.00010111548,213,213,55,0.0005706428,0.008919909,9.7773e-06,0.20222564,0
624,10.4,9.162884e-07,33.11868,33.11868,-4.483281e-05,33.11868,0.000101164056,213,213,55,0.00064773264,0.009122508,9.824114e-06,0.20222461,0
625,10.416667,9.943402e-07,33.11864,33.11864,-3.8825638e-05,33.11864,0.00010110972,213,213,55,0.0008099718,0.008259332,1.1521334e-05,0.20222372,0
626,10.433333,1.2316503e-06,33.118603,33.118607,-3.517502e-05,33.118607,0.000101109144,213,213,55,0.0009974432,0.0080349045,1.4980749e-05,0.20222281,0
627,10.45,2.5798715e-06,33.118313,33.118317,-0.00028843438,33.118317,0.00010156293,213,213,55,0.0013362261,0.008827651,1.8509692e-05,0.20221716,0
628,10.466666,2.9329808e-06,33.118126,33.118126,-0.00018967644,33.118126,0.00010219316,213,213,55,0.0014855837,0.008843971,2.0821679e-05,0.20221277,0
629,10.483334,3.2972193e-06,33.117966,33.11797,-0.0001579106,33.11797,0.00010243282,214,214,55,0.0016310173,0.008867945,2.4008254e-05,0.20220904,0
630,10.5,3.525964e-06,33.11785,33.117855,-0.0001158173,33.117855,0.000102462414,214,214,55,0.001717588,0.009120707,2.5941366e-05,0.20220636,0
631,10.516666,3.7340833e-06,33.11776,33.117764,-9.04009e-05,33.117764,0.00010253053,213,213,55,0.0017872041,0.009293715,2.7359732e-05,0.20220408,0
632,10.533334,3.923317e-06,33.117672,33.117676,-8.8092216e-05,33.117676,0.00010242053,213,213,55,0.0018466872,0.009421228,2.8540677e-05,0.20220174,0
633,10.55,4.078687e-06,33.117584,33.117588,-8.679604e-05,33.117588,0.000102380036,213,213,55,0.0018914404,0.00953204,2.9446359e-05,0.20219964,0
634,10.566667,4.1951594e-06,33.1175,33.117504,-8.5837404e-05,33.117504,0.000102493235,213,213,55,0.0019220173,0.009608292,3.0118383e-05,0.2021975,0
635,10.583333,4.2666634e-06,33.117413,33.117416,-8.621488e-05,33.117416,0.00010242667,213,213,55,0.001940518,0.009643462,3.05602e-05,0.20219535,0
636,10.6,4.2643906e-06,33.11733,33.117332,-8.3296065e-05,33.117332,0.0001024946,213,213,55,0.0019357931,0.009792335,3.069477e-05,0.20219336,0
637,10.616667,4.18635e-06,33.117245,33.11725,-8.436936e-05,33.11725,0.00010247763,213,213,55,0.001905105,0.010057351,3.0379651e-05,0.20219123,0
638,10.633333,4.036855e-06,33.11716,33.117165,-8.2612016e-05,33.117165,0.000102442275,213,213,55,0.0018470982,0.010387699,2.9586057e-05,0.20218912,0
639,10.65,3.8376884e-06,33.11708,33.117085,-8.2827944e-05,33.117085,0.00010241057,213,213,55,0.0017691448,0.010758223,2.8368451e-05,0.20218717,0
640,10.666667,3.6055562e-06,33.116997,33.117,-8.4357205e-05,33.117,0.00010242085,213,213,55,0.0016744888,0.011132738,2.6832815e-05,0.20218502,0
641,10.683333,3.3583929e-06,33.116913,33.116917,-8.137964e-05,33.116917,0.00010246704,213,213,55,0.001569536,0.011486336,2.4991863e-05,0.20218308,0
642,10.7,3.0976696e-06,33.116833,33.116833,-8.322201e-05,33.116833,0.00010242061,213,213,55,0.0014569268,0.011763976,2.3000353e-05,0.20218095,0
643,10.716666,2.8118907e-06,33.116745,33.11675,-8.690468e-05,33.11675,0.00010247658,213,213,55,0.0013407854,0.011849366,2.0885582e-05,0.20217879,0
644,10.733334,2.5253435e-06,33.11666,33.11666,-8.507664e-05,33.11666,0.00010244488,213,213,55,0.0012232955,0.0118098445,1.8662213e-05,0.20217668,0
645,10.75,2.251534e-06,33.116573,33.116577,-8.722521e-05,33.116577,0.000102323575,213,213,55,0.0011056302,0.011697883,1.6382215e-05,0.20217451,0
646,10.766666,2.0102768e-06,33.116486,33.11649,-8.686016e-05,33.11649,0.0001023567,213,213,55,0.0009999583,0.0115366755,1.4091261e-05,0.20217235,0
647,10.783334,1.8077859e-06,33.116398,33.1164,-8.848394e-05,33.1164,0.00010242937,213,213,55,0.00090677105,0.011340614,1.2440543e-05,0.20217004,0
648,10.8,1.6343179e-06,33.11631,33.11631,-8.895368e-05,33.11631,0.00010240406,213,213,55,0.0008305395,0.011056176,1.126129e-05,0.20216775,0
649,10.816667,1.4914789e-06,33.116222,33.116222,-8.859054e-05,33.116222,0.00010237787,212,212,55,0.0007809032,0.01064951,1.013992e-05,0.2021656,0
650,10.833333,1.3774523e-06,33.11613,33.116135,-8.872798e-05,33.116135,0.0001024282,212,212,55,0.00074951607,0.01012419,9.101656e-06,0.20216323,0
651,10.85,1.3101364e-06,33.116047,33.116047,-8.618745e-05,33.116047,0.000102383434,212,212,55,0.0007419525,0.009488248,8.272751e-06,0.20216091,0
652,10.866667,1.3017731e-06,33.115955,33.11596,-8.928734e-05,33.11596,0.000102414364,212,212,55,0.00075781316,0.008762833,7.857021e-06,0.20215857,0
653,10.883333,1.3565672e-06,33.115868,33.11587,-8.80604e-05,33.11587,0.00010250835,212,212,55,0.0007907085,0.007974884,7.938095e-06,0.20215622,0
654,10.9,1.4863699e-06,33.11578,33.115784,-8.8151646e-05,33.115784,0.00010246146,210,210,55,0.00084600854,0.0071573993,9.120872e-06,0.20215406,0
655,10.916667,1.6868313e-06,33.115692,33.115692,-8.9078516e-05,33.115692,0.00010241582,210,210,55,0.0009092198,0.0065923585,1.0690353e-05,0.20215172,0
656,10.933333,1.8830486e-06,33.11562,33.115623,-7.046219e-05,33.115623,0.000102419086,210,210,55,0.00096728344,0.0074812165,1.2279432e-05,0.2021497,0
657,10.95,2.2102531e-06,33.11554,33.115543,-8.030651e-05,33.115543,0.000102260885,210,210,55,0.0010495613,0.008310749,1.4007684e-05,0.20214754,0
658,10.966666,2.5728884e-06,33.11546,33.115463,-8.027108e-05,33.115463,0.00010243051,210,210,55,0.00113488,0.009066642,1.5720441e-05,0.20214538,0
659,10.983334,2.9538778e-06,33.115376,33.11538,-8.1582766e-05,33.11538,0.00010228352,208,208,54,0.0012209743,0.0097152395,1.7416136e-05,0.20214322,0
660,11,4.448574e-06,33.115295,33.1153,-8.1300335e-05,33.1153,0.00010226627,211,211,55,0.0016947637,0.022672895,2.680206e-05,0.20214072,0
661,11.016666,4.7676526e-06,33.115208,33.11521,-8.7796114e-05,33.11521,0.00010216499,211,211,55,0.0017582085,0.022273412,2.9909525e-05,0.20213774,0
662,11.033334,5.045146e-06,33.115112,33.115116,-9.332412e-05,33.115116,0.0001020117,211,211,55,0.0018057589,0.022572681,3.076628e-05,0.20213471,0
663,11.05,5.423277e-06,33.11502,33.115025,-9.3223476e-05,33.115025,0.00010210334,211,211,55,0.001861931,0.02241384,3.187432e-05,0.20213172,0
664,11.066667,5.865036e-06,33.114925,33.11493,-9.498866e-05,33.11493,0.00010205271,211,211,55,0.0019174013,0.02196721,3.2856675e-05,0.20212868,0
665,11.083333,6.3146153e-06,33.114826,33.114834,-9.614462e-05,33.114834,0.00010203105,211,211,55,0.0019641267,0.02126878,3.3764933e-05,0.20212574,0
666,11.1,6.7286574e-06,33.114727,33.114735,-9.800897e-05,33.114735,0.00010198201,211,211,55,0.0019982199,0.020401089,3.4458404e-05,0.20212267,0
667,11.116667,7.0812434e-06,33.114635,33.11464,-9.457907e-05,33.11464,0.0001020316,211,211,55,0.0020181607,0.01945022,3.4942408e-05,0.20211974,0
668,11.133333,7.3508427e-06,33.11454,33.114548,-9.349827e-05,33.114548,0.00010209408,211,211,55,0.0020220731,0.01850948,3.5199137e-05,0.20211688,0
669,11.15,7.5137227e-06,33.114445,33.114452,-9.526754e-05,33.114452,0.00010203285,210,210,55,0.0020104132,0.018404072,3.505628e-05,0.20211402,0
670,11.166667,7.5455823e-06,33.11435,33.114357,-9.506605e-05,33.114357,0.00010202939,206,206,54,0.0019834354,0.018921936,3.473233e-05,0.20211104,0
671,11.183333,7.4383966e-06,33.114254,33.11426,-9.387505e-05,33.11426,0.000101990656,206,206,54,0.0019415538,0.019326108,3.415693e-05,0.20210823,0
672,11.2,7.1851564e-06,33.114162,33.11417,-9.2358554e-05,33.11417,0.00010197838,206,206,54,0.001884761,0.01955132,3.3334418e-05,0.20210543,0
673,11.216666,6.798988e-06,33.11407,33.11408,-9.382152e-05,33.11408,0.00010208521,209,209,55,0.0018142259,0.019613305,3.223413e-05,0.20210263,0
674,11.233334,6.3064704e-06,33.113976,33.113983,-9.376162e-05,33.113983,0.00010204084,209,209,55,0.0017327057,0.01948209,3.093636e-05,0.20209982,0
675,11.25,5.741396e-06,33.113884,33.11389,-9.267039e-05,33.11389,0.00010197915,208,208,55,0.0016387751,0.01925764,2.9220608e-05,0.20209719,0
676,11.266666,5.14589e-06,33.113792,33.113796,-9.369835e-05,33.113796,0.000102029495,208,208,55,0.0015358414,0.018929794,2.7548489e-05,0.20209454,0
677,11.283334,4.5633255e-06,33.1137,33.113705,-9.169035e-05,33.113705,0.000102129685,205,205,54,0.0014285465,0.018484648,2.5691794e-05,0.20209195,0
678,11.3,4.031558e-06,33.11361,33.113613,-9.180581e-05,33.113613,0.00010204319,205,205,54,0.0013178212,0.01800122,2.3774573e-05,0.20208919,0
679,11.316667,3.5868215e-06,33.113518,33.11352,-9.288256e-05,33.11352,0.00010209107,207,207,55,0.0012094222,0.017511925,2.1836324e-05,0.20208669,0
680,11.333333,3.254337e-06,33.113426,33.11343,-9.077525e-05,33.11343,0.00010203917,204,204,54,0.0011943766,0.017119706,1.9994304e-05,0.20208406,0
681,11.35,3.0537396e-06,33.11333,33.11333,-9.712731e-05,33.11333,0.00010207307,204,204,54,0.0012025832,0.017294519,1.8333236e-05,0.20208134,0
682,11.366667,2.9705486e-06,33.11324,33.113243,-9.052595e-05,33.113243,0.00010206356,204,204,54,0.0012336586,0.017144924,1.8636229e-05,0.20207886,0
683,11.383333,2.9918158e-06,33.113148,33.11315,-9.058775e-05,33.11315,0.000102004255,204,204,54,0.0012960628,0.017107608,1.9530959e-05,0.20207635,0
684,11.4,3.0799656e-06,33.113064,33.113064,-8.6031985e-05,33.113064,0.00010205394,204,204,54,0.0013799615,0.01772377,2.0867124e-05,0.2020739,0
685,11.416667,3.2284072e-06,33.112976,33.112976,-8.796675e-05,33.112976,0.00010203568,204,204,54,0.0014825247,0.018415334,2.2548531e-05,0.20207152,0
686,11.433333,3.4316222e-06,33.11289,33.112892,-8.425437e-05,33.112892,0.00010209075,204,204,54,0.0015965131,0.019120444,2.4479425e-05,0.20206916,0
687,11.45,3.6847907e-06,33.112804,33.11281,-8.570071e-05,33.11281,0.00010201834,202,202,53,0.0017198499,0.019804046,2.6584996e-05,0.2020668,0
688,11.466666,3.9775387e-06,33.11272,33.112724,-8.300105e-05,33.112724,0.000102015896,202,202,53,0.0018455788,0.020483568,2.875653e-05,0.20206448,0
689,11.483334,4.276937e-06,33.112637,33.112644,-8.1830614e-05,33.112644,0.0001020607,205,205,54,0.0019692504,0.021249652,3.0917083e-05,0.20206234,0
690,11.5,4.5824954e-06,33.112553,33.112556,-8.548206e-05,33.112556,0.00010199059,205,205,54,0.00208101,0.021890221,3.294164e-05,0.20206007,0
691,11.516666,4.88593e-06,33.11247,33.112473,-8.332287e-05,33.112473,0.0001020679,205,205,54,0.002185347,0.022458892,3.4810273e-05,0.2020578,0
692,11.533334,5.1672664e-06,33.112392,33.112396,-7.7027275e-05,33.112396,0.0001020713,205,205,54,0.0022773843,0.022866,3.649437e-05,0.20205575,0
693,11.55,5.4134453e-06,33.11232,33.112328,-7.041223e-05,33.112328,0.00010199232,205,205,54,0.0023554321,0.023239084,3.7965634e-05,0.20205386,0
694,11.566667,5.61047e-06,33.112247,33.112255,-7.278896e-05,33.112255,0.00010192567,205,205,54,0.002417593,0.023487004,3.9192335e-05,0.20205188,0
695,11.583333,4.435519e-06,33.11217,33.112175,-7.815105e-05,33.112175,0.0001020192,205,205,54,0.0020138484,0.008933348,3.4778903e-05,0.2020499,0
696,11.6,4.4785725e-06,33.112103,33.112106,-7.028285e-05,33.112106,0.00010218919,205,205,54,0.002012331,0.009221708,3.2370837e-05,0.2020483,0
697,11.616667,4.485631e-06,33.11204,33.112045,-5.8514728e-05,33.112045,0.00010218323,205,205,54,0.001990324,0.009714198,3.2199696e-05,0.20204699,0
698,11.633333,4.3978926e-06,33.11198,33.111988,-6.0105824e-05,33.111988,0.00010207516,204,204,54,0.0019495434,0.01012769,3.169767e-05,0.20204552,0
699,11.65,4.1838225e-06,33.111904,33.111908,-7.9185236e-05,33.111908,0.00010222855,203,203,53,0.0018802641,0.010661393,3.0749456e-05,0.20204383,0
700,11.666667,3.7652812e-06,33.11184,33.111843,-6.5424276e-05,33.111843,0.00010225346,203,203,53,0.0017821013,0.010332534,2.917629e-05,0.20204242,0
701,11.683333,3.4143463e-06,33.11178,33.111782,-5.903898e-05,33.111782,0.00010224229,203,203,53,0.0016928171,0.009968629,2.7654769e-05,0.20204091,0
702,11.7,3.0459785e-06,33.11171,33.111713,-7.0361755e-05,33.111713,0.000102227714,203,203,53,0.0015942841,0.009505283,2.6016816e-05,0.20203935,0
703,11.716666,2.6695925e-06,33.111637,33.11164,-7.136731e-05,33.11164,0.00010233052,203,203,53,0.001481213,0.00903823,2.4139328e-05,0.20203766,0
704,11.733334,2.305471e-06,33.11156,33.111565,-7.700772e-05,33.111565,0.00010225524,203,203,53,0.001353495,0.0086282985,2.1947579e-05,0.20203592,0
705,11.75,1.9464337e-06,33.11149,33.111492,-7.251374e-05,33.111492,0.000102343816,203,203,53,0.001210805,0.008312561,1.9463498e-05,0.20203416,0
706,11.766666,1.6345913e-06,33.11141,33.111412,-8.028054e-05,33.111412,0.00010228739,203,203,53,0.0010647507,0.007984944,1.6744814e-05,0.20203224,0
707,11.783334,1.3829433e-06,33.111332,33.111332,-7.839154e-05,33.111332,0.00010237948,203,203,53,0.00091883494,0.0076891207,1.3825247e-05,0.20203027,0
708,11.8,1.1797395e-06,33.111248,33.111248,-8.482704e-05,33.111248,0.00010238859,204,204,53,0.0007835826,0.0074769286,1.0777383e-05,0.20202835,0
709,11.816667,1.065692e-06,33.11116,33.11116,-8.606792e-05,33.11116,0.00010238711,204,204,53,0.0006817794,0.0072227446,7.853088e-06,0.20202622,0
710,11.833333,1.0322742e-06,33.111073,33.111073,-8.831487e-05,33.111073,0.00010249736,204,204,53,0.0006381118,0.0070316116,5.541076e-06,0.20202382,0
711,11.85,1.0985343e-06,33.11098,33.11098,-9.253782e-05,33.11098,0.00010241728,204,204,53,0.00066673744,0.0068261963,5.5440423e-06,0.20202157,0
712,11.866667,1.2702342e-06,33.110886,33.11089,-9.3596165e-05,33.11089,0.00010256296,204,204,53,0.00076861685,0.0066185687,6.7375618e-06,0.20201913,0
713,11.883333,1.4964596e-06,33.110786,33.11079,-9.819678e-05,33.11079,0.000102503815,204,204,53,0.0008998164,0.006434284,9.629575e-06,0.20201665,0
714,11.9,1.832191e-06,33.11069,33.11069,-9.808728e-05,33.11069,0.000102563274,204,204,53,0.001062466,0.0062096976,1.2838707e-05,0.20201403,0
715,11.916667,2.2028787e-06,33.110588,33.11059,-9.921611e-05,33.11059,0.00010255059,204,204,53,0.0012226677,0.0059934817,1.6029047e-05,0.20201139,0
716,11.933333,2.6620633e-06,33.11049,33.11049,-0.00010245271,33.11049,0.00010259916,204,204,53,0.0013906583,0.005995251,1.9108995e-05,0.2020087,0
717,11.95,3.1043949e-06,33.110382,33.110386,-0.00010280207,33.110386,0.0001026557,204,204,53,0.0015370816,0.0066025546,2.1990742e-05,0.20200594,0
718,11.966666,3.5885705e-06,33.110275,33.11028,-0.00010641784,33.11028,0.000102727034,204,204,53,0.0016777712,0.0071154633,2.462013e-05,0.20200315,0
719,11.983334,4.0783466e-06,33.11017,33.110172,-0.00010923858,33.110172,0.00010272877,204,204,53,0.001803281,0.0074948715,2.6973466e-05,0.2020002,0
720,12,4.5649062e-06,33.110058,33.11006,-0.00010874303,33.11006,0.0001027819,204,204,53,0.0019139125,0.0077815927,2.8989944e-05,0.20199724,0
721,12.016666,4.9619084e-06,33.109947,33.109955,-0.000109331355,33.109955,0.000102817285,205,205,53,0.0019976434,0.007968462,3.0664076e-05,0.20199426,0
722,12.033334,5.334247e-06,33.10984,33.109844,-0.00010835849,33.109844,0.00010274952,204,204,53,0.0020798466,0.00825427,3.2151955e-05,0.2019913,0
723,12.05,5.6500894e-06,33.10973,33.109734,-0.000110908804,33.109734,0.00010277945,204,204,53,0.0021407155,0.008376576,3.3385535e-05,0.20198828,0
724,12.066667,5.8621035e-06,33.10962,33.109623,-0.00010984885,33.109623,0.00010276602,204,204,53,0.0021783742,0.008402224,3.4226956e-05,0.20198527,0
725,12.083333,6.00536e-06,33.109505,33.109512,-0.00011307645,33.109512,0.00010278885,204,204,53,0.0021958149,0.008492244,3.4692745e-05,0.20198222,0
726,12.1,6.064632e-06,33.109398,33.1094,-0.00010784028,33.1094,0.00010273826,204,204,53,0.0021910262,0.0086855395,3.4776534e-05,0.20197922,0
727,12.116667,6.014856e-06,33.109283,33.10929,-0.00011376825,33.10929,0.00010281454,204,204,53,0.002166304,0.0088626845,3.450893e-05,0.20197618,0
728,12.133333,5.8881096e-06,33.109173,33.10918,-0.00010935633,33.10918,0.000102777616,205,205,53,0.0021221729,0.008975082,3.3895907e-05,0.20197316,0
729,12.15,5.675909e-06,33.109062,33.109066,-0.00011343191,33.109066,0.00010280291,205,205,53,0.002062018,0.0090529425,3.2957214e-05,0.20197016,0
730,12.166667,5.399652e-06,33.10895,33.108955,-0.00011133465,33.108955,0.00010283532,205,205,53,0.0019868326,0.009047593,3.1728887e-05,0.20196712,0
731,12.183333,5.04846e-06,33.108837,33.108845,-0.00011207461,33.108845,0.00010285248,205,205,53,0.0018950396,0.008976195,3.0220848e-05,0.20196411,0
732,12.2,4.6591426e-06,33.10873,33.108734,-0.00010995142,33.108734,0.00010282,205,205,53,0.0017907403,0.008819316,2.8287646e-05,0.20196117,0
733,12.216666,4.2203897e-06,33.108616,33.108624,-0.000111497146,33.108624,0.00010284352,205,205,53,0.0016782916,0.008614345,2.6467944e-05,0.20195816,0
734,12.233334,3.76438e-06,33.108505,33.10851,-0.00011367572,33.10851,0.00010280081,205,205,53,0.0015566082,0.008299086,2.4271085e-05,0.20195517,0
735,12.25,3.3288036e-06,33.108395,33.1084,-0.00011049644,33.1084,0.0001028882,204,204,53,0.0014299322,0.007897879,2.1803908e-05,0.20195225,0
736,12.266666,2.8822249e-06,33.10828,33.108284,-0.00011333378,33.108284,0.00010286899,204,204,53,0.0013014366,0.007457023,1.9440213e-05,0.20194928,0
737,12.283334,2.4854317e-06,33.10817,33.108173,-0.000111455185,33.108173,0.00010288411,204,204,53,0.0011749519,0.0069178613,1.682669e-05,0.2019464,0
738,12.3,2.1229794e-06,33.108063,33.108063,-0.00010876077,33.108063,0.00010282958,204,204,53,0.0010501243,0.00639068,1.39180165e-05,0.20194353,0
739,12.316667,1.8567107e-06,33.10795,33.107952,-0.00011365223,33.107952,0.0001028761,204,204,53,0.00094517076,0.005762563,1.142484e-05,0.20194061,0
740,12.333333,1.6284664e-06,33.107838,33.107838,-0.000110954126,33.107838,0.00010283589,204,204,53,0.0008536815,0.005648563,8.756121e-06,0.20193775,0
741,12.35,1.5056481e-06,33.107727,33.107727,-0.00011068245,33.107727,0.00010277936,201,201,52,0.000802079,0.006206169,7.31643e-06,0.2019349,0
742,12.366667,1.4535291e-06,33.107616,33.107616,-0.00011177553,33.107616,0.00010287983,200,200,52,0.00078474067,0.0067419787,6.67869e-06,0.20193204,0
743,12.383333,1.531929e-06,33.107506,33.10751,-0.00010881868,33.10751,0.000102784725,200,200,52,0.0008212616,0.007308246,7.0157557e-06,0.20192932,0
744,12.4,1.6374236e-06,33.1074,33.1074,-0.00010879158,33.1074,0.00010279137,201,201,52,0.00087624585,0.007844243,8.090903e-06,0.20192653,0
745,12.416667,1.8530686e-06,33.10729,33.107292,-0.000108348926,33.107292,0.0001028153,201,201,52,0.000975555,0.008307562,9.592152e-06,0.20192377,0
746,12.433333,2.1303683e-06,33.107178,33.107178,-0.00011161237,33.107178,0.000102837585,201,201,52,0.00108841,0.008728136,1.1752567e-05,0.20192099,0
747,12.45,2.4127298e-06,33.107067,33.10707,-0.00010911348,33.10707,0.00010279825,207,207,54,0.0012020379,0.008855511,1.42694e-05,0.2019183,0
748,12.466666,2.691358e-06,33.10696,33.10696,-0.000108452194,33.10696,0.000102674996,207,207,54,0.0013145142,0.008989616,1.6771935e-05,0.20191571,0
749,12.483334,2.996615e-06,33.106865,33.10687,-9.2797585e-05,33.10687,0.00010265869,208,208,54,0.0014291389,0.008995688,1.904822e-05,0.20191377,0
750,12.5,3.2678647e-06,33.106773,33.106777,-9.083653e-05,33.106777,0.00010256439,208,208,54,0.0015202446,0.009121839,2.0918507e-05,0.20191202,0
751,12.516666,3.507286e-06,33.10668,33.106686,-9.1699636e-05,33.106686,0.000102675906,208,208,54,0.0016093737,0.008927218,2.2675747e-05,0.20191024,0
752,12.533334,3.6845602e-06,33.106594,33.106598,-8.926796e-05,33.106598,0.00010262879,208,208,54,0.0016837524,0.008624745,2.429278e-05,0.20190848,0
753,12.55,3.8340904e-06,33.106503,33.106506,-9.129076e-05,33.106506,0.000102666905,204,204,53,0.0017396284,0.008478771,2.5497846e-05,0.20190676,0
754,12.566667,3.926987e-06,33.10641,33.106415,-9.1513655e-05,33.106415,0.00010270157,204,204,53,0.0017687771,0.0083992565,2.6265323e-05,0.20190504,0
755,12.583333,3.967637e-06,33.10632,33.106323,-9.189841e-05,33.106323,0.0001026263,204,204,53,0.0017805677,0.0083688,2.663001e-05,0.2019033,0
756,12.6,3.9659612e-06,33.106228,33.10623,-9.044444e-05,33.10623,0.000102713646,204,204,53,0.0017788439,0.008224707,2.6665617e-05,0.20190163,0
757,12.616667,3.9335864e-06,33.10614,33.106144,-8.9643865e-05,33.106144,0.00010271256,204,204,53,0.0017654174,0.00781174,2.6404814e-05,0.20189992,0
758,12.633333,3.7718437e-06,33.106052,33.106056,-8.628188e-05,33.106056,0.00010273715,205,205,53,0.0017300386,0.0072715096,2.5823385e-05,0.20189822,0
759,12.65,3.64372e-06,33.105965,33.10597,-8.924085e-05,33.10597,0.00010270237,205,205,53,0.0016578548,0.008912275,2.4903045e-05,0.20189652,0
760,12.666667,3.3953233e-06,33.105873,33.105877,-8.902861e-05,33.105877,0.000102724895,205,205,53,0.0015824796,0.008718806,2.367061e-05,0.20189479,0
761,12.683333,3.1538523e-06,33.10578,33.105785,-9.267929e-05,33.105785,0.000102766346,202,202,52,0.0014972342,0.008666281,2.2149945e-05,0.20189303,0
762,12.7,2.899125e-06,33.10569,33.105694,-9.186128e-05,33.105694,0.0001027286,202,202,52,0.0014033411,0.008660296,2.0393158e-05,0.20189126,0
763,12.716666,2.6504176e-06,33.105602,33.105602,-8.9860194e-05,33.105602,0.00010265818,202,202,52,0.001305789,0.0086955065,1.8443907e-05,0.20188949,0
764,12.733334,2.413207e-06,33.105507,33.10551,-9.284129e-05,33.10551,0.00010273677,202,202,52,0.0012060042,0.008648426,1.6367612e-05,0.20188765,0
765,12.75,2.1407977e-06,33.105415,33.105415,-9.487155e-05,33.105415,0.00010270194,202,202,52,0.0011403871,0.003656967,1.42455065e-05,0.20188576,0
766,12.766666,1.9002416e-06,33.105293,33.105297,-0.00011911294,33.105297,0.00010266748,202,202,52,0.0010432433,0.0026704166,9.2933815e-06,0.20188321,0
767,12.783334,2.4286776e-06,33.105164,33.105167,-0.0001299818,33.105167,0.00010276288,202,202,52,0.0012097316,0.0031006264,1.2241825e-05,0.20188037,0
768,12.8,2.8752895e-06,33.105026,33.10503,-0.00013787762,33.10503,0.00010283728,202,202,52,0.0013307264,0.0033747267,1.5294265e-05,0.20187739,0
769,12.816667,3.21499e-06,33.10489,33.10489,-0.00013831703,33.10489,0.00010283117,202,202,52,0.0014407567,0.0039643575,1.7504244e-05,0.2018744,0
770,12.833333,3.5330252e-06,33.10475,33.104755,-0.00013601113,33.104755,0.00010297697,203,203,52,0.001547379,0.004576494,1.9638877e-05,0.20187142,0
771,12.85,3.6145568e-06,33.104637,33.10464,-0.000115299496,33.10464,0.00010285997,203,203,52,0.0016207813,0.005259882,2.1746104e-05,0.2018686,0
772,12.866667,3.763615e-06,33.10453,33.104534,-0.00010359411,33.104534,0.00010277257,203,203,52,0.0016994849,0.005884981,2.3720242e-05,0.20186627,0
773,12.883333,4.0031823e-06,33.104424,33.104427,-0.000108325,33.104427,0.00010278437,203,203,52,0.0017832723,0.0064193388,2.55872e-05,0.20186375,0
774,12.9,4.1446715e-06,33.10433,33.104336,-9.312761e-05,33.104336,0.00010270372,203,203,52,0.0018467963,0.006885691,2.7145465e-05,0.20186177,0
775,12.916667,4.380889e-06,33.10422,33.104225,-0.000108494605,33.104225,0.00010259767,203,203,52,0.0019124674,0.007253566,2.8543614e-05,0.20185912,0
776,12.933333,4.55212e-06,33.104107,33.10411,-0.00011437852,33.10411,0.00010240675,203,203,52,0.0019597467,0.007516874,2.9542261e-05,0.20185657,0
777,12.95,4.708313e-06,33.103992,33.103996,-0.000113728536,33.103996,0.000102563565,203,203,52,0.001994227,0.0076527833,3.0240613e-05,0.20185402,0
778,12.966666,4.7539456e-06,33.10388,33.103886,-0.00011250906,33.103886,0.00010249235,203,203,52,0.0020049678,0.0076931254,3.0617517e-05,0.20185132,0
779,12.983334,4.7057606e-06,33.103767,33.10377,-0.00011443168,33.10377,0.00010255499,203,203,52,0.0019944124,0.0076407483,3.062525e-05,0.20184876,0
780,13,4.629745e-06,33.103653,33.10366,-0.000111300666,33.10366,0.00010247852,203,203,52,0.0019701577,0.0074684555,3.0342027e-05,0.20184603,0
781,13.016666,4.490932e-06,33.10354,33.103542,-0.00011668362,33.103542,0.000102523954,203,203,52,0.0019274717,0.0071943086,2.9679572e-05,0.20184346,0
782,13.033334,4.242769e-06,33.103424,33.103428,-0.000113135364,33.103428,0.000102612445,203,203,52,0.0018617862,0.0068326583,2.869335e-05,0.20184097,0
783,13.05,3.993903e-06,33.10331,33.103313,-0.0001159624,33.103313,0.00010255675,203,203,52,0.0017865477,0.006379986,2.7468397e-05,0.20183823,0
784,13.066667,3.7425857e-06,33.1032,33.103203,-0.00011214099,33.103203,0.000102589314,203,203,52,0.0017028762,0.005851494,2.5921876e-05,0.20183583,0
785,13.083333,3.421892e-06,33.10308,33.103085,-0.00011570172,33.103085,0.00010258568,203,203,52,0.0016012753,0.0052753408,2.4172332e-05,0.20183326,0
786,13.1,3.116112e-06,33.102974,33.102974,-0.00010986788,33.102974,0.00010257099,203,203,52,0.0014971425,0.004679031,2.2216298e-05,0.20183083,0
787,13.116667,2.843389e-06,33.10286,33.102863,-0.000112827416,33.102863,0.00010248186,203,203,52,0.0013954698,0.004104475,2.0231057e-05,0.20182829,0
788,13.133333,2.6082632e-06,33.102745,33.10275,-0.000114286115,33.10275,0.00010252332,203,203,52,0.00129907,0.0035875833,1.8160223e-05,0.20182584,0
789,13.15,2.4125184e-06,33.102634,33.10264,-0.000110422865,33.10264,0.00010247713,203,203,52,0.0012355451,0.0033792467,1.6429507e-05,0.20182332,0
790,13.166667,2.2764714e-06,33.102528,33.102528,-0.00010903313,33.102528,0.00010251076,203,203,52,0.0011994696,0.003331191,1.5419453e-05,0.20182095,0
791,13.183333,2.2222773e-06,33.102417,33.102417,-0.00011061382,33.102417,0.0001025527,199,199,51,0.0011810109,0.003234521,1.4999215e-05,0.20181862,0
792,13.2,2.220932e-06,33.10231,33.10231,-0.00010657085,33.10231,0.00010248251,199,199,51,0.0011819535,0.0032866232,1.4769258e-05,0.20181619,0
793,13.216666,2.1878698e-06,33.102203,33.102203,-0.000107766355,33.102203,0.000102495535,199,199,51,0.0011757765,0.0033249566,1.456806e-05,0.20181392,0
794,13.233334,2.1732471e-06,33.102093,33.102097,-0.000109077955,33.102097,0.000102486,198,198,51,0.001167678,0.0032310158,1.4529983e-05,0.20181136,0
795,13.25,2.1058506e-06,33.101982,33.101986,-0.00010929698,33.101986,0.00010252701,198,198,51,0.001143867,0.0031146477,1.4193556e-05,0.20180914,0
796,13.266666,2.0652953e-06,33.10188,33.10188,-0.0001061113,33.10188,0.00010242731,198,198,51,0.0011356774,0.0031621086,1.3953445e-05,0.20180687,0
797,13.283334,2.7787273e-06,33.101715,33.10172,-0.00016188403,33.10172,0.00010274998,198,198,51,0.00131586,0.0036374456,1.4687918e-05,0.20180365,0
798,13.3,4.308395e-06,33.101437,33.10144,-0.00027861015,33.10144,0.000102815495,198,198,51,0.0015760079,0.0038204875,1.687599e-05,0.201798,0
799,13.316667,5.295012e-06,33.101154,33.10116,-0.00027998447,33.10116,0.00010351503,198,198,51,0.0017885622,0.004796582,1.8068817e-05,0.2017922,0
800,13.333333,5.631095e-06,33.10096,33.100964,-0.00019534615,33.100964,0.000103697595,198,198,51,0.0018820819,0.0049786526,2.1272834e-05,0.20178804,0
801,13.35,5.9808644e-06,33.100796,33.100803,-0.00016058514,33.100803,0.000104000734,201,201,52,0.0019666478,0.005578479,2.3807928e-05,0.20178452,0
802,13.366667,6.4324868e-06,33.100685,33.100693,-0.00011044052,33.100693,0.00010376016,201,201,52,0.002068561,0.009823583,2.6730504e-05,0.20178206,0
803,13.383333,6.8050394e-06,33.10057,33.10058,-0.000115673494,33.10058,0.000103723745,201,201,52,0.002147953,0.010383055,2.9065322e-05,0.2017798,0
804,13.4,6.793738e-06,33.10045,33.100456,-0.00012004747,33.100456,0.00010356911,201,201,52,0.0021745428,0.0099413805,3.03715e-05,0.20177709,0
805,13.416667,6.774104e-06,33.100327,33.100334,-0.00012321465,33.100334,0.00010344685,201,201,52,0.002184717,0.009222025,3.1006508e-05,0.20177487,0
806,13.433333,6.7919837e-06,33.10021,33.100216,-0.000118189484,33.100216,0.000103401595,199,199,51,0.0021942207,0.010051489,3.14092e-05,0.20177253,0
807,13.45,6.5183553e-06,33.10009,33.100098,-0.000118647244,33.100098,0.00010333628,199,199,51,0.002168204,0.009630413,3.147024e-05,0.2017702,0
808,13.466666,6.6361563e-06,33.099964,33.09997,-0.00012490602,33.09997,0.000103393664,202,202,52,0.0021812576,0.010094759,3.1496704e-05,0.2017677,0
809,13.483334,6.790178e-06,33.09984,33.099842,-0.00012869366,33.099842,0.00010334924,203,203,52,0.0022164064,0.010250897,3.1928674e-05,0.20176515,0
810,13.5,6.928934e-06,33.099712,33.09972,-0.00012455255,33.09972,0.000103347134,203,203,52,0.0022525415,0.009763305,3.257394e-05,0.20176288,0
811,13.516666,7.1722097e-06,33.099583,33.09959,-0.00012943569,33.09959,0.00010336748,203,203,52,0.0022976883,0.010452557,3.338036e-05,0.20176038,0
812,13.533334,7.408109e-06,33.099453,33.09946,-0.00012794677,33.09946,0.00010332313,204,204,52,0.0023530757,0.00974264,3.4281493e-05,0.20175795,0
813,13.55,7.5402804e-06,33.09934,33.099346,-0.00011707766,33.099346,0.00010342222,202,202,51,0.0023795245,0.010719257,3.5100617e-05,0.20175561,0
814,13.566667,7.682652e-06,33.09926,33.099266,-7.8828794e-05,33.099266,0.00010351049,202,202,51,0.0024191425,0.010622832,3.5779296e-05,0.20175408,0
815,13.583333,7.763343e-06,33.09919,33.099197,-6.8915164e-05,33.099197,0.00010347112,202,202,51,0.002435455,0.010763921,3.6316935e-05,0.20175269,0
816,13.6,7.75788e-06,33.09912,33.09913,-6.817005e-05,33.09913,0.00010352192,202,202,51,0.002439785,0.01069726,3.6521793e-05,0.20175123,0
817,13.616667,7.6554015e-06,33.099052,33.09906,-6.9098336e-05,33.09906,0.00010346326,202,202,51,0.002421381,0.010636447,3.6394078e-05,0.20174976,0
818,13.633333,7.511018e-06,33.098984,33.09899,-6.664642e-05,33.09899,0.00010355177,201,201,51,0.0023975577,0.009822834,3.5945308e-05,0.2017483,0
819,13.65,7.249229e-06,33.09892,33.098927,-6.7096335e-05,33.098927,0.000103483,201,201,51,0.0023363887,0.010779256,3.515405e-05,0.20174696,0
820,13.666667,6.9361427e-06,33.098854,33.09886,-6.448755e-05,33.09886,0.00010344036,201,201,51,0.0022780602,0.009701751,3.4033033e-05,0.20174564,0
821,13.683333,6.542745e-06,33.098785,33.098793,-6.9888025e-05,33.098793,0.000103491744,201,201,51,0.002188426,0.0102336,3.2615008e-05,0.20174418,0
822,13.7,6.184903e-06,33.098717,33.098724,-6.769115e-05,33.098724,0.000103418504,201,201,51,0.0020919712,0.010743714,3.093017e-05,0.20174277,0
823,13.716666,5.7762195e-06,33.09865,33.098656,-6.6245695e-05,33.098656,0.00010351672,201,201,51,0.0019890561,0.0107355835,2.9057604e-05,0.20174125,0
824,13.733334,5.3773942e-06,33.098583,33.09859,-6.7399626e-05,33.09859,0.000103505125,201,201,51,0.001884261,0.010733406,2.6944323e-05,0.2017401,0
825,13.75,4.9727973e-06,33.09852,33.098522,-6.674037e-05,33.098522,0.000103493214,201,201,51,0.0017742054,0.0106296325,2.4796787e-05,0.20173863,0
826,13.766666,4.589588e-06,33.09845,33.098454,-6.821528e-05,33.098454,0.0001033903,199,199,50,0.0016682873,0.010490662,2.2521139e-05,0.2017371,0
827,13.783334,4.2362008e-06,33.09838,33.098385,-7.018052e-05,33.098385,0.000103460094,199,199,50,0.0015622564,0.010358228,2.0195046e-05,0.20173559,0
828,13.8,3.93004e-06,33.09831,33.098312,-7.229461e-05,33.098312,0.00010350139,201,201,51,0.0014712862,0.010205706,1.7922399e-05,0.20173396,0
829,13.816667,3.6756294e-06,33.098236,33.09824,-7.2076604e-05,33.09824,0.00010354323,201,201,51,0.0013905768,0.010060442,1.5751553e-05,0.2017323,0
830,13.833333,3.4696227e-06,33.098164,33.098167,-7.186195e-05,33.098167,0.00010346075,201,201,51,0.0013255053,0.009887134,1.3819869e-05,0.20173061,0
831,13.85,3.3230688e-06,33.09809,33.098095,-7.562636e-05,33.098095,0.00010352893,201,201,51,0.0012832535,0.009737645,1.2317918e-05,0.20172882,0
832,13.866667,3.228577e-06,33.09801,33.098015,-7.923191e-05,33.098015,0.000103481,201,201,51,0.0012648619,0.009561679,1.1291471e-05,0.20172703,0
833,13.883333,3.1861546e-06,33.097935,33.09794,-7.718478e-05,33.09794,0.000103460174,201,201,51,0.0012619564,0.009391855,1.0912366e-05,0.20172524,0
834,13.9,3.1827715e-06,33.097855,33.09786,-7.9805824e-05,33.09786,0.000103443905,201,201,51,0.0012790541,0.009205651,1.1149121e-05,0.20172337,0
835,13.916667,3.2191924e-06,33.097775,33.097775,-8.0597296e-05,33.097775,0.000103422426,200,200,50,0.0013090675,0.009025156,1.1835462e-05,0.20172144,0
836,13.933333,3.2763082e-06,33.09769,33.097694,-8.1740385e-05,33.097694,0.0001035138,200,200,50,0.0013466283,0.008843596,1.2785699e-05,0.20171948,0
837,13.95,3.3429649e-06,33.09761,33.09761,-8.239586e-05,33.09761,0.00010355199,200,200,50,0.0013857658,0.008651622,1.3818772e-05,0.20171745,0
838,13.966666,3.4197135e-06,33.097523,33.097527,-8.521211e-05,33.097527,0.0001034675,200,200,50,0.0014244599,0.008474748,1.4820831e-05,0.20171541,0
839,13.983334,3.4874163e-06,33.09744,33.097443,-8.372486e-05,33.097443,0.00010344712,200,200,50,0.0014581084,0.008274813,1.5706853e-05,0.20171332,0
840,14,3.540488e-06,33.097355,33.09736,-8.606706e-05,33.09736,0.00010348528,200,200,50,0.0014833229,0.0081019495,1.639814e-05,0.20171124,0
841,14.016666,3.5820747e-06,33.097267,33.09727,-8.790735e-05,33.09727,0.000103459715,200,200,50,0.0015031509,0.007924869,1.687615e-05,0.20170908,0
842,14.033334,3.5820485e-06,33.097176,33.09718,-8.944526e-05,33.09718,0.00010354979,200,200,50,0.001507203,0.007830296,1.709746e-05,0.2017069,0
843,14.05,3.5547057e-06,33.09709,33.097095,-8.4651176e-05,33.097095,0.00010352472,200,200,50,0.0015005039,0.0077413525,1.7058923e-05,0.20170477,0
844,14.066667,3.499402e-06,33.097004,33.097008,-8.783799e-05,33.097008,0.00010346897,200,200,50,0.0014787778,0.0075396476,1.6716775e-05,0.20170262,0
845,14.083333,3.429325e-06,33.096916,33.096916,-8.934906e-05,33.096916,0.00010355936,200,200,50,0.0014530923,0.007313913,1.6096821e-05,0.20170046,0
846,14.1,3.3392178e-06,33.09682,33.096825,-9.286044e-05,33.096825,0.00010355945,199,199,49,0.0014165392,0.0071683936,1.5252991e-05,0.2016982,0
847,14.116667,3.234837e-06,33.096733,33.096737,-8.805332e-05,33.096737,0.00010359059,199,199,49,0.0013707723,0.007034604,1.4156702e-05,0.20169601,0
848,14.133333,3.1320637e-06,33.09664,33.096645,-9.121056e-05,33.096645,0.000103588085,199,199,49,0.0013269965,0.00691517,1.2877118e-05,0.20169383,0
849,14.15,3.0256713e-06,33.096554,33.096554,-9.071541e-05,33.096554,0.000103597915,199,199,49,0.0012761952,0.0068088374,1.1439606e-05,0.20169164,0
850,14.166667,2.9383975e-06,33.096466,33.09647,-8.703868e-05,33.09647,0.00010356347,199,199,49,0.0012318119,0.006714768,9.872998e-06,0.20168951,0
851,14.183333,2.867263e-06,33.096375,33.09638,-9.0846406e-05,33.09638,0.00010359229,199,199,49,0.0011958816,0.006635405,8.285549e-06,0.20168734,0
852,14.2,2.9176842e-06,33.096268,33.09627,-0.000105854066,33.09627,0.00010363206,198,198,48,0.0011907786,0.005975198,6.8717945e-06,0.20168488,0
853,14.216666,3.232815e-06,33.096146,33.09615,-0.00012337865,33.09615,0.00010385975,198,198,48,0.0012361126,0.006383748,6.249496e-06,0.2016821,0
854,14.233334,3.157222e-06,33.09605,33.096054,-9.434223e-05,33.096054,0.00010380639,198,198,48,0.0012180358,0.006562643,5.9101717e-06,0.20167986,0
855,14.25,3.1882196e-06,33.095955,33.09596,-9.573193e-05,33.09596,0.00010373648,197,197,48,0.0012235972,0.0065685683,6.3346447e-06,0.20167765,0
856,14.266666,3.6878212e-06,33.095837,33.09584,-0.00011587895,33.09584,0.00010379356,197,197,48,0.0013864997,0.004475051,8.206524e-06,0.20167503,0
857,14.283334,4.4494554e-06,33.0957,33.095703,-0.00013839387,33.095703,0.00010406053,197,197,48,0.0015635383,0.005317371,1.2849423e-05,0.20167197,0
858,14.3,4.550324e-06,33.095592,33.095596,-0.000107632426,33.095596,0.00010402422,197,197,48,0.0016015876,0.0061251596,1.5875577e-05,0.20166956,0
859,14.316667,4.5883876e-06,33.09549,33.095493,-0.00010237507,33.095493,0.00010405645,197,197,48,0.0016133898,0.0063863685,1.6622045e-05,0.20166726,0
860,14.333333,4.675823e-06,33.095383,33.09539,-0.00010465326,33.09539,0.00010400096,197,197,48,0.0016447833,0.00638089,1.720575e-05,0.20166491,0
861,14.35,4.7476146e-06,33.09528,33.095284,-0.00010450265,33.095284,0.00010406946,197,197,48,0.0016636979,0.00651104,1.7825087e-05,0.20166257,0
862,14.366667,4.781745e-06,33.095173,33.095177,-0.00010587036,33.095177,0.00010398698,197,197,48,0.0016765442,0.0065265205,1.8251836e-05,0.20166023,0
863,14.383333,4.79042e-06,33.09507,33.095074,-0.000104399514,33.095074,0.000104088576,197,197,48,0.0016782021,0.006527528,1.8479477e-05,0.20165788,0
864,14.4,4.8086767e-06,33.094967,33.094975,-0.0001015636,33.094975,0.00010403705,197,197,48,0.0016826144,0.0065514925,1.85797e-05,0.20165554,0
865,14.416667,4.7722942e-06,33.094864,33.094868,-0.000104777086,33.094868,0.00010398546,199,199,48,0.0016773787,0.006455069,1.8507677e-05,0.20165324,0
866,14.433333,4.77676e-06,33.094757,33.09476,-0.00010639879,33.09476,0.00010398988,199,199,48,0.001672192,0.006482329,1.8369761e-05,0.20165086,0
867,14.45,4.712537e-06,33.09465,33.094658,-0.00010480492,33.094658,0.00010400164,199,199,48,0.0016593878,0.0063048485,1.8087008e-05,0.20164847,0
868,14.466666,4.7088906e-06,33.094543,33.094547,-0.00010773694,33.094547,0.0001040733,199,199,48,0.0016530767,0.006314794,1.7786051e-05,0.20164609,0
869,14.483334,4.6256905e-06,33.094437,33.09444,-0.00010864777,33.09444,0.00010401362,200,200,48,0.0016377423,0.006078491,1.7451355e-05,0.20164339,0
870,14.5,4.6319074e-06,33.094303,33.09431,-0.00013116904,33.09431,0.00010406346,200,200,48,0.0015192329,0.00510249,1.5110716e-05,0.2016407,0
871,14.516666,4.6853233e-06,33.094173,33.094177,-0.0001327844,33.094177,0.00010416411,200,200,48,0.0015719241,0.007523133,1.1202613e-05,0.20163761,0
872,14.533334,5.1183943e-06,33.094032,33.09404,-0.00013822367,33.09404,0.00010415646,200,200,48,0.0017373045,0.0082347505,1.5453996e-05,0.20163442,0
873,14.55,5.7235625e-06,33.093884,33.093887,-0.00014952317,33.093887,0.000104154686,200,200,48,0.0018971808,0.00871999,1.970692e-05,0.20163092,0
874,14.566667,6.196936e-06,33.09373,33.09374,-0.00014965497,33.09374,0.00010428782,200,200,48,0.0020048688,0.009010843,2.2632988e-05,0.20162739,0
875,14.583333,6.4823435e-06,33.09359,33.093597,-0.00014335898,33.093597,0.00010427526,200,200,48,0.0020668034,0.009220382,2.4309968e-05,0.20162408,0
876,14.6,6.5596164e-06,33.09347,33.09348,-0.000117963835,33.09348,0.000104285224,200,200,48,0.0020835327,0.0091984,2.5019577e-05,0.20162128,0
877,14.616667,6.565523e-06,33.093365,33.093372,-0.00010556607,33.093372,0.00010440884,200,200,48,0.0020886636,0.0089955265,2.5103118e-05,0.20161903,0
878,14.633333,6.4720543e-06,33.09326,33.09327,-0.00010383664,33.09327,0.000104396684,201,201,48,0.0020647834,0.008830429,2.4800747e-05,0.2016167,0
879,14.65,6.365396e-06,33.09316,33.093166,-0.000101356,33.093166,0.00010439371,201,201,48,0.0020389948,0.008594438,2.4235382e-05,0.2016144,0
880,14.666667,6.237633e-06,33.093063,33.093067,-9.855077e-05,33.093067,0.000104388324,201,201,48,0.0020118598,0.008158477,2.3526267e-05,0.20161216,0
881,14.683333,6.218185e-06,33.09296,33.092964,-0.00010259883,33.092964,0.000104386425,201,201,48,0.002010981,0.008093522,2.3302377e-05,0.20160988,0
882,14.7,6.1933556e-06,33.092857,33.092865,-0.00010160668,33.092865,0.00010437829,201,201,48,0.0020050437,0.008205971,2.3192786e-05,0.2016076,0
883,14.716666,6.15641e-06,33.09276,33.092766,-9.978999e-05,33.092766,0.00010437521,201,201,48,0.0020002718,0.00794581,2.3022763e-05,0.20160536,0
884,14.733334,6.0907832e-06,33.09266,33.092667,-9.9319914e-05,33.092667,0.00010443811,201,201,48,0.0019845655,0.0077843205,2.2748478e-05,0.20160314,0
885,14.75,5.6975823e-06,33.092575,33.09258,-8.5349544e-05,33.09258,0.0001044073,201,201,48,0.0018960722,0.007036642,2.1738753e-05,0.20160122,0
886,14.766666,5.4918137e-06,33.092472,33.09248,-0.000101455116,33.09248,0.00010431371,201,201,48,0.0018379155,0.006585358,2.005026e-05,0.201599,0
887,14.783334,5.3308663e-06,33.092377,33.092384,-9.5591364e-05,33.092384,0.000104323524,201,201,48,0.0017923806,0.006311224,1.8667159e-05,0.20159692,0
888,14.8,5.2248274e-06,33.092278,33.092285,-9.902781e-05,33.092285,0.00010442623,202,202,48,0.0017663796,0.006092858,1.7700142e-05,0.20159484,0
889,14.816667,5.14249e-06,33.092186,33.09219,-9.335144e-05,33.09219,0.00010436381,202,202,48,0.0017452873,0.005951766,1.7012664e-05,0.20159286,0
890,14.833333,5.0902204e-06,33.09209,33.092094,-9.498392e-05,33.092094,0.00010428715,202,202,48,0.0017312586,0.0058333157,1.654121e-05,0.20159085,0
891,14.85,5.0460385e-06,33.091995,33.092,-9.497583e-05,33.092,0.00010438421,202,202,48,0.0017203351,0.005697069,1.6190104e-05,0.20158887,0
892,14.866667,5.0152375e-06,33.0919,33.091904,-9.462994e-05,33.091904,0.000104303566,202,202,48,0.0017115284,0.0056027016,1.5906739e-05,0.20158692,0
893,14.883333,4.9887176e-06,33.091805,33.09181,-9.678698e-05,33.09181,0.00010434565,202,202,48,0.0017039741,0.0054993117,1.5670657e-05,0.20158489,0
894,14.9,4.9627156e-06,33.09171,33.091713,-9.445889e-05,33.091713,0.00010427035,202,202,48,0.0016960596,0.005409789,1.5429589e-05,0.20158292,0
895,14.916667,4.9401897e-06,33.091614,33.091618,-9.6782984e-05,33.091618,0.00010436865,202,202,48,0.0016890096,0.0053126854,1.5204639e-05,0.20158093,0
896,14.933333,4.9157206e-06,33.09152,33.091522,-9.395859e-05,33.091522,0.000104294624,202,202,48,0.0016812553,0.005228607,1.49741845e-05,0.20157897,0
897,14.95,4.8937204e-06,33.091423,33.091427,-9.595118e-05,33.091427,0.00010434083,202,202,48,0.0016738427,0.0051615913,1.4753003e-05,0.201577,0
898,14.966666,4.8728953e-06,33.091328,33.09133,-9.595e-05,33.09133,0.000104350955,205,205,49,0.0016671581,0.005073496,1.4527425e-05,0.20157504,0
899,14.983334,4.850972e-06,33.091232,33.091236,-9.545234e-05,33.091236,0.00010433865,205,205,49,0.0016599961,0.0050269663,1.4306884e-05,0.2015731,0
900,15,4.85059e-06,33.091137,33.09114,-9.493203e-05,33.09114,0.00010429683,205,205,49,0.0016634653,0.0051377933,1.4278042e-05,0.20157112,0
901,15.016666,4.842757e-06,33.09104,33.091045,-9.427447e-05,33.091045,0.000104391715,205,205,49,0.0016624946,0.005152267,1.4359142e-05,0.20156917,0
902,15.033334,4.8285747e-06,33.090946,33.09095,-9.6940894e-05,33.09095,0.00010429055,205,205,49,0.0016568279,0.005123286,1.4286898e-05,0.20156722,0
903,15.05,4.8084867e-06,33.09085,33.090855,-9.54505e-05,33.090855,0.00010436748,205,205,49,0.0016493945,0.00506036,1.408165e-05,0.20156525,0
904,15.066667,4.7792537e-06,33.09075,33.090755,-9.811973e-05,33.090755,0.000104291175,205,205,49,0.0016402241,0.004934589,1.3818904e-05,0.20156328,0
905,15.083333,4.749391e-06,33.090656,33.09066,-9.679032e-05,33.09066,0.00010433583,202,202,48,0.001630555,0.0048938203,1.3533251e-05,0.20156126,0
906,15.1,4.7091125e-06,33.090557,33.09056,-9.829703e-05,33.09056,0.000104408115,202,202,48,0.001617741,0.0048240446,1.3208756e-05,0.2015593,0
907,15.116667,4.668168e-06,33.090458,33.09046,-9.8630204e-05,33.09046,0.0001043594,202,202,48,0.0016049751,0.0047318344,1.284522e-05,0.20155732,0
908,15.133333,4.6284404e-06,33.090363,33.090366,-9.5470146e-05,33.090366,0.00010431081,202,202,48,0.0015929801,0.004638161,1.2485873e-05,0.20155536,0
909,15.15,4.584131e-06,33.090267,33.09027,-9.6139745e-05,33.09027,0.000104352934,202,202,48,0.0015798091,0.004540888,1.2121202e-05,0.20155339,0
910,15.166667,4.5423585e-06,33.09017,33.090176,-9.563845e-05,33.090176,0.000104401035,202,202,48,0.0015681973,0.0045224964,1.17862555e-05,0.20155144,0
911,15.183333,4.4951407e-06,33.090073,33.09008,-9.697393e-05,33.09008,0.0001043535,203,203,48,0.0015540269,0.004463203,1.1465716e-05,0.20154949,0
912,15.2,4.4476515e-06,33.089977,33.08998,-9.5810414e-05,33.08998,0.0001042426,203,203,48,0.0015397059,0.004387726,1.1073581e-05,0.20154755,0
913,15.216666,4.3993377e-06,33.08988,33.089886,-9.547873e-05,33.089886,0.00010431322,203,203,48,0.0015253632,0.004312737,1.0682107e-05,0.20154561,0
914,15.233334,4.341849e-06,33.089787,33.08979,-9.5986674e-05,33.08979,0.00010420259,203,203,48,0.0015089721,0.0042373906,1.0286744e-05,0.20154366,0
915,15.25,4.2972833e-06,33.089695,33.0897,-9.1983624e-05,33.0897,0.00010426502,203,203,48,0.0014930675,0.0042884196,9.6890835e-06,0.20154177,0
916,15.266666,4.2111346e-06,33.0896,33.089603,-9.701286e-05,33.089603,0.000104218896,203,203,48,0.0014681958,0.004045449,8.952452e-06,0.20153984,0
917,15.283334,4.2582606e-06,33.089504,33.089508,-9.405325e-05,33.089508,0.00010425311,203,203,48,0.0014680073,0.004550973,8.285207e-06,0.201538,0
918,15.3,4.0787845e-06,33.089413,33.089417,-9.07885e-05,33.089417,0.000104225066,203,203,48,0.0014080623,0.004799987,7.830131e-06,0.2015362,0
919,15.316667,4.0095147e-06,33.089325,33.08933,-8.934825e-05,33.08933,0.00010422344,203,203,48,0.0014083552,0.0039738165,7.3878364e-06,0.20153439,0
920,15.333333,3.9798374e-06,33.08923,33.089233,-9.496133e-05,33.089233,0.00010416472,203,203,48,0.001401965,0.003811607,7.027208e-06,0.20153256,0
921,15.35,3.9695424e-06,33.08913,33.089134,-9.7934535e-05,33.089134,0.00010416629,203,203,48,0.0013709881,0.004687709,6.704675e-06,0.20153064,0
922,15.366667,3.954934e-06,33.089035,33.08904,-9.710758e-05,33.08904,0.000104105915,203,203,48,0.0013827891,0.0036654773,6.6914945e-06,0.20152873,0
923,15.383333,3.997698e-06,33.088936,33.08894,-9.788148e-05,33.08894,0.000104195344,202,202,48,0.0013568517,0.004943056,6.7899864e-06,0.2015268,0
924,15.4,3.935547e-06,33.08884,33.088844,-9.6157586e-05,33.088844,0.000104194616,202,202,48,0.0013668034,0.003582354,6.9270354e-06,0.20152487,0
925,15.416667,3.988125e-06,33.088737,33.08874,-0.00010269306,33.08874,0.0001041681,202,202,48,0.0013438272,0.004990417,7.028914e-06,0.2015229,0
926,15.433333,3.9198208e-06,33.088642,33.088646,-9.433494e-05,33.088646,0.00010416814,202,202,48,0.0013543428,0.0034627267,7.063153e-06,0.20152101,0
927,15.45,3.9190454e-06,33.088543,33.088547,-0.000100418845,33.088547,0.00010419752,202,202,48,0.0013295405,0.0045374692,7.229493e-06,0.20151904,0
928,15.466666,3.9072606e-06,33.08844,33.088444,-0.000101593636,33.088444,0.00010421935,202,202,48,0.0013463163,0.0032734196,7.2304747e-06,0.20151709,0
929,15.483334,3.912795e-06,33.08834,33.088345,-0.00010074505,33.088345,0.00010416173,202,202,48,0.0013288578,0.003910428,7.527338e-06,0.2015151,0
930,15.5,4.0179457e-06,33.08824,33.088245,-9.7819095e-05,33.088245,0.000104154664,202,202,48,0.0013616927,0.003983523,7.179381e-06,0.20151314,0
931,15.516666,3.8989556e-06,33.088142,33.088146,-0.00010086957,33.088146,0.000104129,199,199,47,0.0013314866,0.0032993963,7.5359562e-06,0.20151117,0
932,15.533334,3.980439e-06,33.088043,33.088047,-9.983782e-05,33.088047,0.00010418053,199,199,47,0.0013207021,0.005137463,7.4328746e-06,0.20150922,0
933,15.55,3.8993467e-06,33.087944,33.087948,-9.966789e-05,33.087948,0.00010411569,199,199,47,0.0013340993,0.0030852526,7.453866e-06,0.20150727,0
934,15.566667,3.9216307e-06,33.08784,33.087845,-0.00010239085,33.087845,0.00010423041,202,202,48,0.0013193275,0.0050465604,7.49729e-06,0.20150527,0
935,15.583333,3.8903395e-06,33.087738,33.08774,-0.00010078187,33.08774,0.0001041654,203,203,48,0.00132772,0.003245652,7.4254126e-06,0.2015033,0
936,15.6,3.9372217e-06,33.087635,33.08764,-0.000103696286,33.08764,0.00010416205,203,203,48,0.0013165036,0.00494295,7.4309764e-06,0.20150128,0
937,15.616667,3.8763974e-06,33.087536,33.08754,-9.948136e-05,33.08754,0.000104159,202,202,48,0.0013313894,0.0029665688,7.0582973e-06,0.20149931,0
938,15.633333,3.8815997e-06,33.087437,33.08744,-9.858406e-05,33.08744,0.00010421373,202,202,48,0.0013336167,0.003030577,6.7962783e-06,0.20149739,0
939,15.65,3.890119e-06,33.087337,33.08734,-0.000101240825,33.08734,0.00010415734,202,202,48,0.0013377315,0.0030248547,6.899867e-06,0.20149544,0
940,15.666667,3.895555e-06,33.087234,33.08724,-9.9913865e-05,33.08724,0.00010420801,202,202,48,0.0013403802,0.002986689,6.8239606e-06,0.20149346,0
941,15.683333,3.893383e-06,33.08713,33.087135,-0.00010341283,33.087135,0.000104089675,202,202,48,0.0013423224,0.0030010627,6.748606e-06,0.20149146,0
942,15.7,3.8864664e-06,33.08703,33.087032,-0.000103750084,33.087032,0.000104148,202,202,48,0.0013434412,0.0029952172,6.6237917e-06,0.20148946,0
943,15.716666,3.8856183e-06,33.08693,33.086933,-0.000100917685,33.086933,0.00010409008,202,202,48,0.001346018,0.0030005598,6.3871685e-06,0.20148748,0
944,15.733334,3.879862e-06,33.086826,33.08683,-0.00010208638,33.08683,0.00010418044,202,202,48,0.0013483592,0.0029958999,6.3810194e-06,0.20148551,0
945,15.75,3.874918e-06,33.086723,33.08673,-0.000100755526,33.08673,0.00010418287,202,202,48,0.0013511452,0.003000367,6.318601e-06,0.20148355,0
946,15.766666,3.877058e-06,33.086624,33.086628,-0.00010108095,33.086628,0.00010412422,202,202,48,0.0013549649,0.003043861,6.2731683e-06,0.20148158,0
947,15.783334,3.8843323e-06,33.08652,33.086525,-0.00010207335,33.086525,0.0001042141,202,202,48,0.0013598846,0.0031049442,6.288647e-06,0.20147964,0
948,15.8,3.8898725e-06,33.086422,33.086426,-0.0001012438,33.086426,0.00010416293,202,202,48,0.0013652148,0.0031358113,6.2538384e-06,0.20147769,0
949,15.816667,3.9041142e-06,33.08632,33.086323,-0.00010007132,33.086323,0.00010411395,202,202,48,0.0013735458,0.0032200837,6.2322965e-06,0.20147572,0
950,15.833333,3.9118017e-06,33.08622,33.086224,-0.000102737955,33.086224,0.00010420598,202,202,48,0.0013790635,0.0032327734,6.230551e-06,0.20147379,0
951,15.85,3.9238034e-06,33.086117,33.08612,-0.000102899896,33.08612,0.000104151055,203,203,48,0.0013855612,0.0032894218,6.168919e-06,0.20147184,0
952,15.866667,3.9415922e-06,33.08601,33.086014,-0.00010422415,33.086014,0.0001042131,203,203,48,0.0013940904,0.0033161507,6.423852e-06,0.20146988,0
953,15.883333,3.956836e-06,33.085907,33.08591,-0.000102397884,33.08591,0.00010416169,201,201,47,0.0014010783,0.0033469757,6.7264664e-06,0.20146792,0
954,15.9,3.9780307e-06,33.085804,33.085808,-0.00010388823,33.085808,0.0001041753,201,201,47,0.0014103018,0.0033725596,7.0358556e-06,0.20146593,0
955,15.916667,4.0008877e-06,33.0857,33.085705,-0.00010205776,33.085705,0.00010409775,204,204,48,0.0014183364,0.0034106786,7.3283527e-06,0.201464,0
956,15.933333,4.0184054e-06,33.085598,33.0856,-0.000104723185,33.0856,0.000104169114,204,204,48,0.0014261139,0.0034214149,7.629879e-06,0.20146206,0
957,15.95,4.0386817e-06,33.085495,33.0855,-0.000102392856,33.0855,0.000104205326,204,204,48,0.0014330549,0.0034808016,7.951222e-06,0.20146012,0
958,15.966666,4.052549e-06,33.08539,33.085392,-0.000105724364,33.085392,0.00010422369,204,204,48,0.0014378323,0.0034909784,8.188115e-06,0.20145816,0
959,15.983334,4.0562686e-06,33.08529,33.085293,-0.00010240941,33.085293,0.00010417373,204,204,48,0.0014395611,0.0035040232,8.302004e-06,0.20145619,0
960,16,4.0733307e-06,33.085182,33.085186,-0.00010405862,33.085186,0.00010419188,203,203,48,0.0014425223,0.0034860393,8.350013e-06,0.20145425,0
961,16.016666,4.338746e-06,33.08506,33.085064,-0.00012376088,33.085064,0.000104115024,203,203,48,0.0014834498,0.0034348248,8.416409e-06,0.20145196,0
962,16.033333,4.41583e-06,33.084934,33.084938,-0.00012428172,33.084938,0.000104203194,203,203,48,0.0014886406,0.0031836238,8.116682e-06,0.20144954,0
963,16.05,4.3935747e-06,33.08482,33.084824,-0.00011640081,33.084824,0.00010428904,203,203,48,0.0014811722,0.0031445422,7.6285955e-06,0.20144737,0
964,16.066668,4.358176e-06,33.084705,33.08471,-0.00011225758,33.08471,0.000104336956,199,199,47,0.001477531,0.0037368129,7.3061983e-06,0.20144533,0
965,16.083334,4.4477747e-06,33.084595,33.0846,-0.00011313011,33.0846,0.00010440579,199,199,47,0.0014896243,0.0037205848,7.0797682e-06,0.2014432,0
966,16.1,4.5173315e-06,33.08447,33.084473,-0.00012395674,33.084473,0.00010431237,198,198,47,0.0014929539,0.0031156363,6.9436014e-06,0.20144087,0
967,16.116667,4.527368e-06,33.08435,33.084354,-0.000117199794,33.084354,0.000104396284,197,197,47,0.0014913642,0.0030889255,6.564166e-06,0.20143865,0
968,16.133333,4.4799876e-06,33.08424,33.084244,-0.00011343334,33.084244,0.00010446991,197,197,47,0.0014837028,0.0034946755,6.605614e-06,0.20143656,0
969,16.15,4.438161e-06,33.084126,33.08413,-0.00011243026,33.08413,0.00010439363,197,197,47,0.0014761175,0.0036830164,6.6121215e-06,0.20143451,0
970,16.166666,4.4175654e-06,33.084015,33.08402,-0.00010991521,33.08402,0.0001044049,197,197,47,0.0014710003,0.003505077,6.608191e-06,0.20143244,0
971,16.183332,4.4246162e-06,33.0839,33.083904,-0.000114376446,33.083904,0.00010442172,197,197,47,0.001471265,0.0036140892,6.601934e-06,0.20143032,0
972,16.2,4.329953e-06,33.08379,33.083794,-0.000111319314,33.083794,0.00010443644,197,197,47,0.0014490281,0.0028762885,6.6108914e-06,0.20142822,0
973,16.216667,4.0856926e-06,33.083702,33.083706,-9.018826e-05,33.083706,0.00010429449,197,197,47,0.0014127279,0.003056609,6.5290246e-06,0.20142648,0
974,16.233334,3.9654155e-06,33.083607,33.08361,-9.2558104e-05,33.08361,0.00010423095,195,195,46,0.0013996392,0.00333097,6.389476e-06,0.20142451,0
975,16.25,6.70413e-06,33.08342,33.083427,-0.00018546204,33.083427,0.00010415897,195,195,46,0.0017997351,0.0033315571,7.184892e-06,0.20142129,0
976,16.266666,8.768709e-06,33.083073,33.083084,-0.00034357974,33.083084,0.00010528618,198,198,47,0.002019643,0.005044812,9.613573e-06,0.20141475,0
977,16.283333,1.7857898e-05,33.082703,33.08272,-0.00036049585,33.08272,0.00010637645,198,198,47,0.0028207782,0.0143329315,1.0658143e-05,0.20140776,0
978,16.3,3.7243615e-05,33.082165,33.082203,-0.00051944697,33.082203,0.00010785822,198,198,47,0.0035718884,0.04370722,3.9792703e-05,0.2013977,0
979,16.316668,6.272438e-05,33.081802,33.081867,-0.0003372878,33.081867,0.00010803539,198,198,47,0.0048481137,0.05245637,6.728675e-05,0.20139103,0
980,16.333334,9.1647446e-05,33.081516,33.081608,-0.00025786695,33.081608,0.000108221706,198,198,47,0.0059409547,0.050263416,8.438172e-05,0.2013857,0
981,16.35,0.00011498704,33.081306,33.08142,-0.00018564305,33.08142,0.000108113505,198,198,47,0.007296581,0.03736687,9.8726465e-05,0.20138176,0
982,16.366667,0.00015497179,33.081535,33.08169,0.00026875176,33.08169,0.00010616392,198,198,47,0.010206238,0.03098509,0.00014631465,0.2013867,0
983,16.383333,0.00020911897,33.081482,33.081688,-1.3820243e-06,33.081688,0.000106073065,197,197,47,0.012075516,0.031713877,0.0001832048,0.20138638,0
984,16.4,0.0002695991,33.081375,33.081646,-4.3263008e-05,33.081646,0.000106044754,197,197,47,0.013844195,0.03452122,0.00021456282,0.20138533,0
985,16.416666,0.00033062565,33.08127,33.0816,-4.6706773e-05,33.0816,0.00010606142,197,197,47,0.0156249795,0.044686705,0.00024345999,0.20138453,0
986,16.433332,0.00038865703,33.08118,33.08157,-3.108134e-05,33.08157,0.00010603456,197,197,47,0.016939785,0.045442797,0.00026955767,0.20138435,0
987,16.45,0.00044084748,33.081093,33.081535,-3.392968e-05,33.081535,0.000106123785,197,197,47,0.017994855,0.050389104,0.00028923556,0.20138438,0
988,16.466667,0.00048487048,33.08103,33.081516,-1.848891e-05,33.081516,0.00010629273,197,197,47,0.018681,0.046579875,0.00030412734,0.2013851,0
989,16.483334,0.0005205299,33.080986,33.08151,-7.566871e-06,33.08151,0.00010636859,197,197,47,0.019376349,0.048524387,0.00031563037,0.2013862,0
990,16.5,0.0005467757,33.08096,33.08151,-1.5188496e-06,33.08151,0.00010637167,197,197,47,0.01986462,0.049739074,0.00032544468,0.2013877,0
991,16.516666,0.0005630219,33.08099,33.081554,4.7169677e-05,33.081554,0.0001062691,199,199,48,0.02015895,0.050461747,0.00033191044,0.20139009,0
992,16.533333,0.0005692539,33.081078,33.081646,9.351596e-05,33.081646,0.0001064597,199,199,48,0.020265955,0.05068597,0.00033514874,0.20139329,0
993,16.55,0.00056584383,33.081184,33.08175,0.000100998055,33.08175,0.00010639464,199,199,47,0.020215202,0.050517347,0.0003356964,0.20139654,0
994,16.566668,0.00055359665,33.081303,33.081856,0.0001066252,33.081856,0.00010646102,199,199,47,0.020001797,0.050054386,0.00033333033,0.20140094,0
995,16.583334,0.0005333252,33.081425,33.08196,0.00010209228,33.08196,0.0001063168,202,202,48,0.019624343,0.049055967,0.00032837372,0.20140514,0
996,16.6,0.00050592906,33.08156,33.08206,0.00010510918,33.08206,0.00010637873,202,202,48,0.01910859,0.047747444,0.00032076574,0.20140944,0
997,16.616667,0.00047295165,33.081703,33.082176,0.00011532214,33.082176,0.00010641037,202,202,48,0.018482905,0.046270505,0.00031129317,0.20141406,0
998,16.633333,0.00043575288,33.081852,33.08229,0.00011110076,33.08229,0.000106256724,202,202,48,0.017732289,0.044406764,0.00029974894,0.20141868,0
999,16.65,0.00039520903,33.081997,33.082394,0.000104596824,33.082394,0.00010617696,202,202,48,0.016866015,0.042085122,0.00028613766,0.20142317,0
1000,16.666666,0.00035285924,33.082134,33.08249,9.447813e-05,33.08249,0.000106044674,202,202,48,0.01591769,0.03962358,0.0002708706,0.20142744,0
1001,16.683332,0.0003100649,33.082264,33.082573,8.638587e-05,33.082573,0.000105977466,201,201,48,0.014909048,0.03707666,0.00025440514,0.20143148,0
1002,16.7,0.00026804372,33.082382,33.082653,7.7017474e-05,33.082653,0.00010593229,201,201,48,0.013843181,0.034589645,0.00023698062,0.20143479,0
1003,16.716667,0.0002274882,33.082493,33.082718,6.7842775e-05,33.082718,0.000105883744,201,201,48,0.012725502,0.032276545,0.0002185581,0.20143858,0
1004,16.733334,0.00018907129,33.08259,33.082775,5.734602e-05,33.082775,0.00010597715,201,201,48,0.011568689,0.029941188,0.000199347,0.20144159,0
1005,16.75,0.00015343999,33.08267,33.08282,4.5667435e-05,33.08282,0.000105982384,202,202,49,0.01038203,0.027526047,0.00017949668,0.2014441,0
1006,16.766666,0.000121241435,33.08274,33.08286,3.8626113e-05,33.08286,0.00010598599,202,202,49,0.0091784,0.025162257,0.00015913836,0.20144616,0
1007,16.783333,9.291422e-05,33.08279,33.082886,2.3045603e-05,33.082886,0.00010598502,202,202,49,0.007974209,0.022797821,0.00013851924,0.2014477,0
1008,16.8,6.896346e-05,33.082794,33.082863,-2.1124422e-05,33.082863,0.000106109044,203,203,49,0.006708316,0.02107475,0.00011586628,0.20144795,0
1009,16.816668,4.9427024e-05,33.082794,33.08284,-2.1032733e-05,33.08284,0.00010618766,203,203,49,0.005662268,0.017373014,9.6870666e-05,0.20144796,0
1010,16.833334,3.315979e-05,33.082783,33.082817,-2.5577518e-05,33.082817,0.00010612052,204,204,49,0.004588617,0.012185342,7.705739e-05,0.20144737,0
1011,16.85,9.991752e-06,33.08279,33.0828,-1.535405e-05,33.0828,0.0001060879,204,204,49,0.0021548215,0.0015073275,4.1869884e-05,0.20144744,0
1012,16.866667,1.6499676e-05,33.082684,33.0827,-0.0001022229,33.0827,0.000106615946,204,204,49,0.0029614114,0.0070175002,1.9458084e-05,0.20144416,0
1013,16.883333,2.7744816e-05,33.082577,33.082603,-9.565688e-05,33.082603,0.00010692162,204,204,49,0.004076025,0.013855461,4.7734655e-05,0.20144057,0
1014,16.9,4.2526855e-05,33.08246,33.0825,-0.00010143026,33.0825,0.000107030086,204,204,49,0.00557602,0.015867125,7.425973e-05,0.20143642,0
1015,16.916666,5.78525e-05,33.08234,33.082397,-0.000103713,33.082397,0.000106977466,205,205,49,0.0065704347,0.019979026,9.4784366e-05,0.20143203,0
1016,16.933332,6.851705e-05,33.082214,33.082283,-0.000115356794,33.082283,0.00010677828,204,204,49,0.0069851265,0.023500873,0.000108546454,0.20142756,0
1017,16.95,7.3993164e-05,33.08208,33.082157,-0.00012653043,33.082157,0.00010666942,204,204,49,0.007431158,0.023465022,0.0001166184,0.20142286,0
1018,16.966667,7.733991e-05,33.081932,33.082012,-0.00014511903,33.082012,0.000106759,204,204,49,0.0077616055,0.022551533,0.00012299993,0.20141771,0
1019,16.983334,7.911855e-05,33.081783,33.081863,-0.0001483497,33.081863,0.0001066719,204,204,49,0.007853723,0.022858508,0.00012549436,0.2014124,0
1020,17,7.978254e-05,33.081635,33.081715,-0.00014830056,33.081715,0.000106792046,204,204,49,0.0078805955,0.02289796,0.00012648749,0.20140721,0
1021,17.016666,7.937404e-05,33.08149,33.081566,-0.00014687922,33.081566,0.00010682814,204,204,49,0.0077226544,0.024123969,0.00012568435,0.20140192,0
1022,17.033333,7.8054174e-05,33.081337,33.081413,-0.00015394203,33.081413,0.00010686802,203,203,49,0.007783056,0.022601042,0.00012554419,0.20139647,0
1023,17.05,7.5630436e-05,33.081192,33.08127,-0.0001450706,33.08127,0.00010685973,203,203,49,0.0076527796,0.022196297,0.00012385186,0.20139179,0
1024,17.066668,7.223695e-05,33.081055,33.081127,-0.00014221648,33.081127,0.000106860956,203,203,49,0.0074674576,0.021603825,0.000121111145,0.20138688,0
1025,17.083334,6.802472e-05,33.08092,33.080986,-0.00013821383,33.080986,0.000106816246,204,204,49,0.0072316686,0.020852046,0.0001174398,0.20138206,0
1026,17.1,6.3175896e-05,33.080788,33.080853,-0.0001363566,33.080853,0.00010678901,204,204,49,0.0069506187,0.019953288,0.00011291748,0.20137742,0
1027,17.116667,5.8930273e-05,33.08066,33.08072,-0.0001324283,33.08072,0.00010686543,204,204,49,0.006693316,0.019223262,0.00010803712,0.20137288,0
1028,17.133333,5.5022563e-05,33.080532,33.08059,-0.00013059408,33.08059,0.00010680992,205,205,49,0.0064363605,0.018353451,0.000103428676,0.20136847,0
1029,17.15,5.0927858e-05,33.08041,33.080463,-0.00012562718,33.080463,0.000106897576,205,205,49,0.006181204,0.017634196,9.920066e-05,0.20136416,0
1030,17.166666,4.6730864e-05,33.080296,33.08034,-0.00012157308,33.08034,0.00010681912,205,205,49,0.005895879,0.016726175,9.428747e-05,0.20135999,0
1031,17.183332,4.328831e-05,33.080177,33.08022,-0.00012181617,33.08022,0.00010682532,205,205,49,0.0056478167,0.01600413,8.932336e-05,0.20135584,0
1032,17.2,4.0781724e-05,33.080063,33.0801,-0.00011689008,33.0801,0.00010689513,205,205,49,0.0054584513,0.015322181,8.5397645e-05,0.20135188,0
1033,17.216667,3.849998e-05,33.07995,33.079987,-0.00011566771,33.079987,0.000106942985,205,205,49,0.005282102,0.014700602,8.208586e-05,0.20134795,0
1034,17.233334,3.6164325e-05,33.07984,33.07988,-0.00010890516,33.07988,0.0001070124,205,205,49,0.0050978456,0.014070123,7.87676e-05,0.20134403,0
1035,17.25,3.3809254e-05,33.07974,33.079773,-0.00010609824,33.079773,0.000107017244,205,205,49,0.0049051167,0.013412228,7.525384e-05,0.20134045,0
1036,17.266666,3.1626114e-05,33.079636,33.07967,-0.000102933715,33.07967,0.00010700136,205,205,49,0.004702311,0.013277314,7.1617054e-05,0.20133685,0
1037,17.283333,2.9514807e-05,33.079533,33.079563,-0.00010552197,33.079563,0.000106888714,205,205,49,0.004480359,0.013214452,6.7550216e-05,0.20133252,0
1038,17.3,2.7617216e-05,33.079445,33.07947,-9.1675334e-05,33.07947,0.00010699115,205,205,49,0.0041072243,0.014035928,6.286507e-05,0.2013299,0
1039,17.316668,2.5775109e-05,33.079353,33.079376,-9.427993e-05,33.079376,0.00010700446,205,205,49,0.0039331196,0.01347098,5.7869234e-05,0.2013268,0
1040,17.333334,2.4108374e-05,33.07926,33.079285,-9.327329e-05,33.079285,0.000106985935,205,205,49,0.0037670499,0.012862823,5.4454005e-05,0.2013236,0
1041,17.35,2.2661543e-05,33.07917,33.079193,-8.9894536e-05,33.079193,0.00010693312,205,205,49,0.0036165789,0.012301971,5.121435e-05,0.20132047,0
1042,17.366667,2.1553471e-05,33.07908,33.0791,-9.3213384e-05,33.0791,0.00010706492,205,205,49,0.0036985732,0.010252652,5.009838e-05,0.20131725,0
1043,17.383333,2.068742e-05,33.07899,33.079014,-8.7651206e-05,33.079014,0.00010704977,205,205,49,0.0033956142,0.011435463,4.709953e-05,0.20131415,0
1044,17.4,1.9823307e-05,33.078907,33.078926,-8.71505e-05,33.078926,0.00010697606,205,205,49,0.00330021,0.011108804,4.3880107e-05,0.20131116,0
1045,17.416666,1.8954974e-05,33.078823,33.078842,-8.449464e-05,33.078842,0.00010713457,205,205,49,0.003201388,0.01073893,4.170793e-05,0.20130819,0
1046,17.433332,1.8113884e-05,33.078743,33.07876,-8.180732e-05,33.07876,0.00010708035,206,206,49,0.0031024497,0.010330727,3.9462062e-05,0.20130526,0
1047,17.45,1.7342683e-05,33.07866,33.078674,-8.456376e-05,33.078674,0.0001070229,206,206,49,0.0030086464,0.009925476,3.7225578e-05,0.2013023,0
1048,17.466667,1.6659164e-05,33.07858,33.078594,-8.115098e-05,33.078594,0.00010700246,206,206,49,0.0029232136,0.009540348,3.507916e-05,0.20129947,0
1049,17.483334,1.6065183e-05,33.078495,33.07851,-8.255774e-05,33.07851,0.00010707446,208,208,50,0.0028469192,0.009183201,3.3082375e-05,0.2012966,0
1050,17.5,1.5607433e-05,33.07842,33.078434,-7.676883e-05,33.078434,0.00010702194,208,208,50,0.0029100508,0.007842865,3.144419e-05,0.20129378,0
1051,17.516666,1.5204917e-05,33.078342,33.078358,-7.870866e-05,33.078358,0.00010699797,208,208,50,0.0028604327,0.007443383,3.0462685e-05,0.20129094,0
1052,17.533333,1.4863061e-05,33.078266,33.07828,-7.598792e-05,33.07828,0.000107035565,208,208,50,0.002809116,0.0071801576,2.9061988e-05,0.20128818,0
1053,17.55,1.459383e-05,33.07819,33.078205,-7.674657e-05,33.078205,0.00010701357,208,208,50,0.0027701599,0.006975045,2.7877344e-05,0.20128538,0
1054,17.566668,1.4358215e-05,33.078114,33.07813,-7.438538e-05,33.07813,0.000107017746,207,207,50,0.002735931,0.0067885374,2.687388e-05,0.20128264,0
1055,17.583334,1.4064903e-05,33.07804,33.078056,-7.377806e-05,33.078056,0.00010711331,207,207,50,0.0027729382,0.0048613204,2.6526775e-05,0.2012799,0
1056,17.6,1.3848213e-05,33.07797,33.07798,-7.3701434e-05,33.07798,0.00010703759,203,203,49,0.0027088327,0.0056226566,2.7244052e-05,0.20127718,0
1057,17.616667,1.3677329e-05,33.077896,33.077908,-7.249184e-05,33.077908,0.000107072876,203,203,49,0.0026872682,0.0051306663,2.459153e-05,0.20127451,0
1058,17.633333,1.3521825e-05,33.077824,33.07784,-7.164519e-05,33.07784,0.000107025786,203,203,49,0.0026324582,0.0049399585,2.3767074e-05,0.20127186,0
1059,17.65,1.3329936e-05,33.07775,33.077766,-7.251285e-05,33.077766,0.000107064974,203,203,49,0.0026042524,0.00474406,2.2902721e-05,0.20126925,0
1060,17.666666,1.31468005e-05,33.07768,33.07769,-7.43329e-05,33.07769,0.00010697727,203,203,49,0.0025771053,0.0045453366,2.2118858e-05,0.20126592,0
1061,17.683332,1.29783175e-05,33.07761,33.07762,-6.9496855e-05,33.07762,0.00010708035,203,203,49,0.0025521389,0.0043522106,2.1215377e-05,0.20126384,0
1062,17.7,1.2824748e-05,33.07754,33.077553,-6.6489345e-05,33.077553,0.00010714842,203,203,49,0.002528926,0.00420518,2.057275e-05,0.20126136,0
1063,17.716667,1.2687447e-05,33.077473,33.077484,-6.89669e-05,33.077484,0.00010709611,207,207,50,0.002508122,0.004079762,2.0176403e-05,0.20125882,0
1064,17.733334,1.2565336e-05,33.077404,33.077415,-6.928422e-05,33.077415,0.000107073734,207,207,50,0.0024895277,0.003967482,1.9806115e-05,0.20125626,0
1065,17.75,1.2456692e-05,33.077335,33.077347,-6.976952e-05,33.077347,0.00010713579,207,207,50,0.0024731178,0.003866024,1.9360717e-05,0.20125365,0
1066,17.766666,1.2358986e-05,33.077267,33.07728,-6.6599736e-05,33.07728,0.00010708731,209,209,50,0.0024583396,0.0037732534,1.9088036e-05,0.20125112,0
1067,17.783333,1.2269396e-05,33.077198,33.07721,-6.9251706e-05,33.07721,0.00010718619,209,209,50,0.0024449024,0.0036985313,1.8753164e-05,0.20124856,0
1068,17.8,1.2192356e-05,33.077133,33.077145,-6.657907e-05,33.077145,0.00010710909,209,209,50,0.0024332537,0.0036265568,1.851101e-05,0.20124602,0
1069,17.816668,1.2130201e-05,33.07707,33.07708,-6.2574065e-05,33.07708,0.00010708028,209,209,50,0.0024239535,0.0035641324,1.8302924e-05,0.20124355,0
1070,17.833334,1.2071862e-05,33.077,33.07701,-7.0883005e-05,33.07701,0.00010708565,209,209,50,0.0024151036,0.0035032926,1.8019571e-05,0.20124099,0
1071,17.85,1.2074575e-05,33.07694,33.076954,-5.868533e-05,33.076954,0.00010709706,209,209,50,0.0024178482,0.0034343433,1.7624916e-05,0.20123862,0
1072,17.866667,1.0834871e-05,33.07688,33.076893,-5.942898e-05,33.076893,0.00010704136,209,209,50,0.0022547625,0.0041993954,1.8248791e-05,0.20123635,0
1073,17.883333,1.2185559e-05,33.07682,33.07683,-6.149373e-05,33.07683,0.00010704716,209,209,50,0.002471031,0.0038549113,1.6664228e-05,0.20123385,0
1074,17.9,1.2022053e-05,33.076748,33.076763,-6.965813e-05,33.076763,0.00010703098,205,205,49,0.0023846533,0.003556762,1.773034e-05,0.20123135,0
1075,17.916666,1.1236176e-05,33.076687,33.0767,-6.3962805e-05,33.0767,0.00010697802,205,205,49,0.0023454446,0.003968071,1.6860695e-05,0.2012289,0
1076,17.933332,1.1239087e-05,33.076622,33.076633,-6.3672785e-05,33.076633,0.00010710638,205,205,49,0.0023818216,0.003199349,1.7968432e-05,0.20122638,0
1077,17.95,1.221092e-05,33.07656,33.076572,-6.187259e-05,33.076572,0.00010699895,202,202,48,0.0024787523,0.00318341,1.868594e-05,0.20122388,0
1078,17.966667,1.2206556e-05,33.076496,33.076508,-6.3181295e-05,33.076508,0.000107008156,202,202,48,0.0024452403,0.004465764,1.7637338e-05,0.20122138,0
1079,17.983334,1.08279955e-05,33.07644,33.07645,-5.7905287e-05,33.07645,0.00010693232,202,202,48,0.00230161,0.0034927095,1.6673739e-05,0.20121908,0
1080,18,1.1046462e-05,33.076374,33.076385,-6.511978e-05,33.076385,0.00010700735,201,201,48,0.0023559248,0.0030533746,1.7377435e-05,0.20121656,0
1081,18.016666,1.1717568e-05,33.076313,33.076324,-6.167455e-05,33.076324,0.00010696357,201,201,48,0.0023474242,0.005206134,1.780509e-05,0.20121408,0
1082,18.033333,1.1657181e-05,33.07625,33.07626,-6.3403575e-05,33.07626,0.00010709249,201,201,48,0.0023842766,0.0035651359,1.6250304e-05,0.20121159,0
1083,18.05,1.09962675e-05,33.076187,33.0762,-6.184279e-05,33.0762,0.00010701723,201,201,48,0.0023443163,0.0029526972,1.7117538e-05,0.20120914,0
1084,18.066668,1.20157365e-05,33.076126,33.07614,-5.883236e-05,33.07614,0.00010699676,201,201,48,0.002449544,0.0030214358,1.7726043e-05,0.20120667,0
1085,18.083334,1.078414e-05,33.07607,33.07608,-6.091717e-05,33.07608,0.00010698021,201,201,48,0.0022388797,0.004711604,1.5890464e-05,0.2012043,0
1086,18.1,1.1851181e-05,33.076,33.07601,-6.6598775e-05,33.07601,0.000107116044,201,201,48,0.0023516228,0.005606338,1.6060416e-05,0.20120181,0
1087,18.116667,1.0914437e-05,33.07594,33.07595,-6.228487e-05,33.07595,0.00010706689,201,201,48,0.0022977039,0.0031999701,1.5273044e-05,0.20119938,0
1088,18.133333,1.1472415e-05,33.075874,33.075886,-6.411525e-05,33.075886,0.000107106454,201,201,48,0.0023594762,0.0036306772,1.4811001e-05,0.20119683,0
1089,18.15,1.0971274e-05,33.07582,33.07583,-5.5864082e-05,33.07583,0.00010712403,201,201,48,0.002333701,0.002849794,1.619959e-05,0.20119444,0
1090,18.166666,1.19602955e-05,33.075756,33.075768,-6.18554e-05,33.075768,0.00010708186,201,201,48,0.0024308788,0.0035701308,1.6759817e-05,0.20119196,0
1091,18.183332,1.1051865e-05,33.075695,33.075706,-6.175779e-05,33.075706,0.00010697519,201,201,48,0.0023451417,0.0029123253,1.6871398e-05,0.20118952,0
1092,18.2,1.0853364e-05,33.075634,33.075645,-6.1214116e-05,33.075645,0.0001070548,201,201,48,0.002252631,0.0035594606,1.5379574e-05,0.20118706,0
1093,18.216667,1.18147e-05,33.07557,33.07558,-6.6205714e-05,33.07558,0.000106998385,201,201,48,0.0024115855,0.0026944873,1.5690248e-05,0.20118444,0
1094,18.233334,1.0978644e-05,33.075516,33.075523,-5.4203938e-05,33.075523,0.00010710745,201,201,48,0.0023349754,0.0028874306,1.6500278e-05,0.2011821,0
1095,18.25,1.0623097e-05,33.075455,33.075462,-6.103865e-05,33.075462,0.000107036794,201,201,48,0.0022977593,0.0033138844,1.6810793e-05,0.20117964,0
1096,18.266666,1.1470652e-05,33.075394,33.075405,-6.0666825e-05,33.075405,0.000106966196,201,201,48,0.0023106132,0.0033919697,1.5545098e-05,0.20117716,0
1097,18.283333,1.1779003e-05,33.07533,33.07534,-6.453113e-05,33.07534,0.000107040265,201,201,48,0.002405865,0.002653673,1.5679294e-05,0.2011746,0
1098,18.3,1.0754107e-05,33.075268,33.07528,-5.8549154e-05,33.07528,0.00010708647,203,203,49,0.0022345972,0.004383637,1.45357235e-05,0.20117219,0
1099,18.316668,1.1163117e-05,33.07521,33.075222,-5.7614016e-05,33.075222,0.00010703451,203,203,49,0.0023173806,0.0032913606,1.4533616e-05,0.20116988,0
1100,18.333334,1.0716537e-05,33.07515,33.075157,-6.3956024e-05,33.075157,0.00010705562,203,203,49,0.00222477,0.0039633033,1.399004e-05,0.20116743,0
1101,18.35,1.0013739e-05,33.075127,33.075138,-2.2149705e-05,33.075138,0.00010669504,203,203,49,0.002199598,0.0031996581,1.3167006e-05,0.20116575,0
1102,18.366667,1.0438357e-05,33.075085,33.075092,-4.2302938e-05,33.075092,0.000106460415,203,203,49,0.0022576344,0.0024841616,1.4051427e-05,0.20116374,0
1103,18.383333,9.908201e-06,33.075027,33.075035,-5.722314e-05,33.075035,0.0001065898,203,203,49,0.0022007676,0.0027790766,1.4249927e-05,0.20116134,0
1104,18.4,1.0834126e-05,33.074966,33.074978,-5.8593392e-05,33.074978,0.00010660665,201,201,48,0.0022882558,0.003346037,1.43493935e-05,0.20115887,0
1105,18.416666,1.0124493e-05,33.074917,33.074924,-5.2414962e-05,33.074924,0.000106682484,201,201,48,0.0022186697,0.0030777631,1.4061837e-05,0.20115665,0
1106,18.433332,1.0727935e-05,33.07485,33.07486,-6.523357e-05,33.07486,0.00010679364,201,201,48,0.0022823808,0.002359416,1.37697425e-05,0.20115414,0
1107,18.45,1.0625139e-05,33.0748,33.074806,-5.3304422e-05,33.074806,0.00010672642,201,201,48,0.0022696329,0.0023231397,1.3681245e-05,0.20115182,0
1108,18.466667,1.0033172e-05,33.074738,33.074745,-6.0443796e-05,33.074745,0.000106830674,201,201,48,0.002202589,0.0103277555,1.3915336e-05,0.20114934,0
1109,18.483334,1.1505843e-05,33.074673,33.074684,-6.286804e-05,33.074684,0.00010679065,201,201,48,0.0023471212,0.027479105,1.4185017e-05,0.2011465,0
1110,18.5,1.2656879e-05,33.074608,33.07462,-6.451972e-05,33.07462,0.00010677077,201,201,48,0.002526455,0.035894427,1.9088742e-05,0.2011433,0
1111,18.516666,1.4330581e-05,33.07453,33.074547,-7.430487e-05,33.074547,0.0001068478,201,201,48,0.0027200724,0.040899225,2.3388331e-05,0.20113982,0
1112,18.533333,1.436095e-05,33.074463,33.07448,-6.746919e-05,33.07448,0.00010689222,201,201,48,0.0027554387,0.043240592,2.5833884e-05,0.20113648,0
1113,18.55,1.5250353e-05,33.074394,33.07441,-6.760769e-05,33.07441,0.000106728185,201,201,48,0.0028404202,0.044226043,2.688457e-05,0.20113315,0
1114,18.566668,1.4851927e-05,33.074333,33.07435,-6.291034e-05,33.07435,0.00010683587,201,201,48,0.002813445,0.044090543,2.7227541e-05,0.20112984,0
1115,18.583334,1.50116075e-05,33.07426,33.074276,-7.066498e-05,33.074276,0.00010675643,200,200,48,0.002820201,0.043662436,2.7097218e-05,0.201126,0
1116,18.6,1.484141e-05,33.074196,33.074207,-6.7503504e-05,33.074207,0.00010684281,203,203,49,0.002792635,0.042821437,2.6225147e-05,0.20112303,0
1117,18.616667,1.3796898e-05,33.07413,33.074146,-6.422144e-05,33.074146,0.0001067967,203,203,49,0.002700479,0.04132359,2.5613428e-05,0.20111984,0
1118,18.633333,1.3248024e-05,33.074066,33.074078,-6.555461e-05,33.074078,0.000106757936,203,203,49,0.0026396983,0.040032607,2.4736553e-05,0.20111658,0
1119,18.65,1.3885931e-05,33.073997,33.074013,-6.603038e-05,33.074013,0.00010673777,203,203,49,0.002663804,0.038563464,2.367132e-05,0.20111334,0
1120,18.666666,1.2815098e-05,33.073936,33.073948,-6.3749e-05,33.073948,0.00010675912,205,205,50,0.0025647962,0.036994986,2.2547161e-05,0.20111017,0
1121,18.683332,1.3402163e-05,33.073868,33.07388,-6.990509e-05,33.07388,0.0001067175,205,205,50,0.002610609,0.036080487,2.1758464e-05,0.20110689,0
1122,18.7,1.321242e-05,33.073803,33.07382,-6.220289e-05,33.07382,0.00010673217,205,205,50,0.0025901706,0.034664825,2.085855e-05,0.2011038,0
1123,18.716667,1.3005694e-05,33.073734,33.073746,-7.0532624e-05,33.073746,0.00010675051,205,205,50,0.002559979,0.034064993,2.0384015e-05,0.20110051,0
1124,18.733334,1.2160798e-05,33.073673,33.073685,-6.119549e-05,33.073685,0.00010671319,205,205,50,0.002478948,0.032628205,1.9577452e-05,0.20109746,0
1125,18.75,1.0831838e-05,33.073635,33.073647,-4.0232648e-05,33.073647,0.000106500156,205,205,50,0.0022206856,0.030325858,1.5134316e-05,0.20109493,0
1126,18.766666,1.0218574e-05,33.07359,33.073597,-4.6665922e-05,33.073597,0.000106493826,201,201,49,0.0021281096,0.026743393,8.191593e-06,0.20109238,0
1127,18.783333,1.0072001e-05,33.073544,33.073555,-4.5367953e-05,33.073555,0.00010641815,201,201,49,0.0021353883,0.023653526,8.061762e-06,0.2010896,0
1128,18.8,1.0191336e-05,33.0735,33.073513,-4.0613162e-05,33.073513,0.000106431326,201,201,49,0.0021938093,0.021073926,1.1762617e-05,0.20108742,0
1129,18.816668,1.0372075e-05,33.07346,33.07347,-4.138303e-05,33.07347,0.000106324675,201,201,49,0.002259364,0.01903019,1.5503998e-05,0.20108518,0
1130,18.833334,1.0562543e-05,33.07342,33.07343,-4.1040792e-05,33.07343,0.00010639722,199,199,48,0.0023194132,0.017426368,1.841663e-05,0.20108294,0
1131,18.85,1.0735505e-05,33.07338,33.07339,-3.8896982e-05,33.07339,0.00010635526,199,199,48,0.0023682707,0.016394652,2.0572113e-05,0.20108081,0
1132,18.866667,1.086257e-05,33.073345,33.073353,-3.7114074e-05,33.073353,0.0001063672,199,199,48,0.0024023405,0.01572153,2.2055367e-05,0.20107873,0
1133,18.883333,1.0938623e-05,33.073303,33.073315,-3.93264e-05,33.073315,0.00010640916,199,199,48,0.0024228916,0.01527776,2.2985176e-05,0.2010766,0
1134,18.9,1.0967563e-05,33.073265,33.073277,-3.9207258e-05,33.073277,0.00010639592,199,199,48,0.0024320662,0.014979131,2.3489274e-05,0.20107448,0
1135,18.916666,1.0956091e-05,33.073223,33.073235,-4.0743966e-05,33.073235,0.00010641316,199,199,48,0.0024323273,0.014763004,2.3728817e-05,0.20107235,0
1136,18.933332,1.092639e-05,33.073185,33.073193,-4.0762196e-05,33.073193,0.00010640009,199,199,48,0.002426034,0.014649027,2.3598162e-05,0.20107019,0
1137,18.95,1.0869012e-05,33.073143,33.073154,-3.9459832e-05,33.073154,0.00010638716,199,199,48,0.0024139492,0.01460962,2.3323486e-05,0.20106806,0
1138,18.966667,1.0796052e-05,33.0731,33.073112,-4.1137966e-05,33.073112,0.00010643415,199,199,48,0.0023984266,0.014565938,2.2911132e-05,0.20106587,0
1139,18.983334,1.0712257e-05,33.073063,33.07307,-4.1980074e-05,33.07307,0.000106390704,199,199,48,0.002380219,0.014553238,2.2384815e-05,0.2010637,0
1140,19,1.0657882e-05,33.073017,33.07303,-4.411197e-05,33.07303,0.00010643957,199,199,48,0.0023661368,0.014644441,2.2266591e-05,0.20106144,0
1141,19.016666,1.0556127e-05,33.072975,33.072987,-4.282931e-05,33.072987,0.00010642483,200,200,48,0.0023444495,0.014619563,2.1289174e-05,0.20105919,0
1142,19.033333,1.0468323e-05,33.07293,33.07294,-4.514293e-05,33.07294,0.000106382344,200,200,48,0.0023239718,0.01463046,2.0603673e-05,0.20105688,0
1143,19.05,1.0394327e-05,33.072887,33.0729,-4.1970277e-05,33.0729,0.00010645611,200,200,48,0.002306989,0.014635975,2.0325597e-05,0.20105462,0
1144,19.066668,1.03003895e-05,33.07284,33.072853,-4.631285e-05,33.072853,0.00010641743,200,200,48,0.0022856072,0.0146639785,1.9312509e-05,0.20105226,0
1145,19.083334,1.1157383e-05,33.07279,33.0728,-5.1180847e-05,33.0728,0.000106438776,200,200,48,0.0023689433,0.01717081,1.8767876e-05,0.20104998,0
1146,19.1,1.2034221e-05,33.072716,33.072727,-7.3605435e-05,33.072727,0.00010665746,200,200,48,0.0023630457,0.028833183,1.7482422e-05,0.20104748,0
1147,19.116667,1.2399202e-05,33.072647,33.072662,-6.530577e-05,33.072662,0.00010668077,200,200,48,0.0023816242,0.033190485,1.7140783e-05,0.20104425,0
1148,19.133333,1.248029e-05,33.072605,33.072617,-4.5472803e-05,33.072617,0.0001067682,200,200,48,0.0023872245,0.03479029,1.6763675e-05,0.20104273,0
1149,19.15,1.2437735e-05,33.072556,33.072567,-4.792402e-05,33.072567,0.00010672823,199,199,48,0.0023815483,0.035124958,1.6556083e-05,0.20104052,0
1150,19.166666,1.2322937e-05,33.072506,33.072517,-5.065634e-05,33.072517,0.00010671544,199,199,48,0.0023678336,0.03474578,1.6187045e-05,0.20103829,0
1151,19.183332,1.2193844e-05,33.072453,33.072464,-5.2166935e-05,33.072464,0.00010669941,199,199,48,0.002351425,0.03413108,1.5629153e-05,0.20103598,0
1152,19.2,1.2044975e-05,33.072407,33.07242,-4.803033e-05,33.07242,0.00010668993,199,199,48,0.0023332096,0.033328354,1.5059407e-05,0.20103377,0
1153,19.216667,1.1924859e-05,33.072353,33.072365,-5.066166e-05,33.072365,0.0001067063,199,199,48,0.002316909,0.032565016,1.430747e-05,0.2010315,0
1154,19.233334,1.1799291e-05,33.072304,33.072315,-5.0667113e-05,33.072315,0.000106637395,199,199,48,0.002300752,0.031752486,1.3820933e-05,0.20102933,0
1155,19.25,1.1665139e-05,33.072254,33.072266,-4.91794e-05,33.072266,0.00010677661,199,199,48,0.0022839962,0.030902913,1.3054228e-05,0.20102714,0
1156,19.266666,1.1549135e-05,33.072205,33.072216,-4.9826274e-05,33.072216,0.00010676408,199,199,48,0.0022696855,0.030085098,1.2530094e-05,0.20102498,0
1157,19.283333,1.1439638e-05,33.072155,33.072166,-4.9487255e-05,33.072166,0.000106718595,199,199,48,0.0022560249,0.029280374,1.203402e-05,0.20102285,0
1158,19.3,1.1340643e-05,33.07211,33.07212,-4.7647947e-05,33.07212,0.00010679976,199,199,48,0.0022433633,0.028517924,1.1547057e-05,0.20102076,0
1159,19.316668,1.1254249e-05,33.072056,33.072067,-5.162547e-05,33.072067,0.00010676387,199,199,48,0.0022323078,0.027843118,1.0919802e-05,0.20101862,0
1160,19.333334,1.1169868e-05,33.072006,33.072018,-5.012716e-05,33.072018,0.0001067824,199,199,48,0.0022222532,0.02712403,1.0544491e-05,0.20101658,0
1161,19.35,1.1092595e-05,33.071957,33.071968,-4.8956266e-05,33.071968,0.00010674331,199,199,48,0.0022129426,0.026468625,9.95768e-06,0.20101452,0
1162,19.366667,1.1012787e-05,33.07191,33.071922,-4.8460035e-05,33.071922,0.00010676071,199,199,48,0.0022036806,0.025765084,9.555219e-06,0.20101248,0
1163,19.383333,1.0950078e-05,33.07186,33.071873,-4.927421e-05,33.071873,0.000106777596,199,199,48,0.00219653,0.02512399,9.1570755e-06,0.20101045,0
1164,19.4,1.08916975e-05,33.07181,33.07182,-5.0267416e-05,33.07182,0.0001067976,199,199,48,0.0021895287,0.024561765,8.688225e-06,0.20100845,0
1165,19.416666,1.08266795e-05,33.071762,33.071774,-4.8112735e-05,33.071774,0.00010681909,199,199,48,0.0021827566,0.023901995,8.267119e-06,0.20100647,0
1166,19.433332,1.076265e-05,33.071712,33.071724,-4.927553e-05,33.071724,0.000106869375,199,199,48,0.0021757337,0.023325797,8.00297e-06,0.20100436,0
1167,19.45,1.0710445e-05,33.071663,33.071674,-4.992873e-05,33.071674,0.00010682864,199,199,48,0.0021704165,0.022737242,7.597147e-06,0.20100245,0
1168,19.466667,1.0653646e-05,33.071613,33.071625,-4.7772006e-05,33.071625,0.00010681675,199,199,48,0.002164745,0.02213529,7.777759e-06,0.20100044,0
1169,19.483334,1.0616895e-05,33.071568,33.07158,-4.7918213e-05,33.07158,0.00010677784,201,201,49,0.0021604858,0.021645436,7.271462e-06,0.20099856,0
1170,19.5,1.0556971e-05,33.071518,33.07153,-4.9770195e-05,33.07153,0.00010674108,201,201,49,0.0021546595,0.021029733,7.5063076e-06,0.20099664,0
1171,19.516666,1.05122435e-05,33.07147,33.07148,-4.859121e-05,33.07148,0.00010675649,201,201,49,0.0021501249,0.020489069,7.488547e-06,0.20099476,0
1172,19.533333,1.0473359e-05,33.07142,33.07143,-5.0081664e-05,33.07143,0.00010677247,201,201,49,0.0021482615,0.019930473,7.412444e-06,0.20099272,0
1173,19.55,1.0436314e-05,33.07137,33.07138,-4.9082293e-05,33.07138,0.000106696505,201,201,49,0.0021477903,0.019441955,7.361241e-06,0.20099077,0
1174,19.566668,1.0389435e-05,33.071323,33.07133,-4.8260852e-05,33.07133,0.00010668441,197,197,48,0.0021457195,0.018928552,7.238781e-06,0.20098904,0
1175,19.583334,1.0354765e-05,33.07127,33.07128,-5.1573745e-05,33.07128,0.0001067671,197,197,48,0.0021452645,0.01840154,7.5624416e-06,0.2009868,0
1176,19.6,1.0326655e-05,33.07122,33.07123,-4.907336e-05,33.07123,0.0001067485,197,197,48,0.0021452217,0.017986085,6.9753905e-06,0.20098518,0
1177,19.616667,1.0304536e-05,33.07117,33.071182,-5.0064897e-05,33.071182,0.00010668089,197,197,48,0.0021454548,0.017536826,7.2376306e-06,0.20098329,0
1178,19.633333,1.0270963e-05,33.07112,33.07113,-5.0741375e-05,33.07113,0.000106749074,197,197,48,0.0021441374,0.017069183,7.5167777e-06,0.20098121,0
1179,19.65,1.0244565e-05,33.07107,33.071083,-4.790786e-05,33.071083,0.00010674484,197,197,48,0.0021437882,0.0166679,7.001318e-06,0.2009796,0
1180,19.666666,1.0229141e-05,33.071022,33.071033,-5.1055733e-05,33.071033,0.000106727675,197,197,48,0.0021441977,0.016270498,7.0704245e-06,0.20097771,0
1181,19.683332,1.0199769e-05,33.07097,33.07098,-5.17347e-05,33.07098,0.0001067789,197,197,48,0.0021428831,0.015889848,7.0906144e-06,0.20097582,0
1182,19.7,1.0178451e-05,33.070923,33.07093,-4.873406e-05,33.07093,0.000106794076,197,197,48,0.0021428966,0.01548824,7.2870885e-06,0.20097405,0
1183,19.716667,1.0172949e-05,33.070866,33.070877,-5.353964e-05,33.070877,0.000106778316,197,197,48,0.0021443258,0.01512168,7.4693908e-06,0.20097175,0
1184,19.733334,1.01499e-05,33.07082,33.07083,-4.6740726e-05,33.07083,0.00010679673,197,197,48,0.002143584,0.014714808,7.211954e-06,0.20097028,0
1185,19.75,1.0281873e-05,33.070766,33.070778,-5.3402164e-05,33.070778,0.00010678714,197,197,48,0.0021391907,0.015477416,9.236828e-06,0.20096858,0
1186,19.766666,1.0357558e-05,33.070717,33.07073,-4.8969563e-05,33.07073,0.00010683344,197,197,48,0.0021543694,0.01574089,9.8405135e-06,0.20096695,0
1187,19.783333,1.0311961e-05,33.070667,33.07068,-4.958961e-05,33.07068,0.000106799125,197,197,48,0.0021590048,0.015186048,9.816563e-06,0.20096532,0
1188,19.8,1.070392e-05,33.07062,33.07063,-4.832078e-05,33.07063,0.0001068066,196,196,48,0.0022151356,0.01656305,1.0208172e-05,0.20096375,0
1189,19.816668,1.0968539e-05,33.070564,33.070576,-5.5430835e-05,33.070576,0.00010682099,196,196,48,0.0022588554,0.019254824,1.3655674e-05,0.20096222,0
1190,19.833334,1.109214e-05,33.07051,33.070522,-5.257926e-05,33.070522,0.000106785235,196,196,48,0.002304618,0.019738805,1.7179815e-05,0.20096089,0
1191,19.85,1.1383377e-05,33.07046,33.070473,-4.8587757e-05,33.070473,0.00010679366,196,196,48,0.0023528517,0.02142041,1.7469018e-05,0.20095943,0
1192,19.866667,1.1169026e-05,33.070415,33.070427,-4.892709e-05,33.070427,0.00010679954,197,197,49,0.002345742,0.020190697,1.7826584e-05,0.20095798,0
1193,19.883333,1.1260093e-05,33.070366,33.070377,-4.895418e-05,33.070377,0.00010684288,197,197,49,0.0023760803,0.020412965,1.88917e-05,0.20095663,0
1194,19.9,1.1557246e-05,33.070312,33.070324,-5.0743158e-05,33.070324,0.00010682588,197,197,49,0.0024375154,0.021268686,2.050574e-05,0.20095521,0
1195,19.916666,1.1698407e-05,33.070267,33.07028,-4.541273e-05,33.07028,0.000106849504,197,197,49,0.002479513,0.021668803,2.2141721e-05,0.20095405,0
1196,19.933332,1.1061436e-05,33.07022,33.070232,-4.801967e-05,33.070232,0.000106746236,197,197,49,0.002396346,0.0179732,2.2336459e-05,0.20095281,0
1197,19.95,1.06691e-05,33.07017,33.070183,-4.8772567e-05,33.070183,0.00010669586,197,197,49,0.0023362231,0.015898654,2.0276622e-05,0.20095143,0
1198,19.966667,1.1494709e-05,33.07012,33.070133,-5.0048446e-05,33.070133,0.00010682926,197,197,49,0.0024556255,0.019390255,1.951022e-05,0.20095,0
1199,19.983334,1.1670114e-05,33.070076,33.070087,-4.7041038e-05,33.070087,0.00010672472,197,197,49,0.0024976602,0.020187352,2.3033557e-05,0.20094886,0
1200,20,1.103438e-05,33.070026,33.070038,-4.8849706e-05,33.070038,0.000106743966,197,197,49,0.002401473,0.016687518,2.2065777e-05,0.20094761,0
1201,20.016666,1.1454043e-05,33.069977,33.06999,-4.9955626e-05,33.06999,0.0001067669,199,199,49,0.00245962,0.018835299,2.1098138e-05,0.20094626,0
1202,20.033333,1.1368922e-05,33.069927,33.06994,-4.8964113e-05,33.06994,0.000106778054,198,198,49,0.0024543712,0.018458974,2.2671604e-05,0.20094515,0
1203,20.05,1.1481374e-05,33.06988,33.069893,-4.677148e-05,33.069893,0.00010679465,198,198,49,0.0024702046,0.018989539,2.2609367e-05,0.20094402,0
1204,20.066668,1.11483305e-05,33.06983,33.069843,-4.8048252e-05,33.069843,0.00010684245,199,199,49,0.0024180918,0.017001718,2.215005e-05,0.20094278,0
1205,20.083334,1.128258e-05,33.069782,33.069794,-4.9077255e-05,33.069794,0.0001067645,199,199,49,0.002427221,0.017824315,2.0631172e-05,0.2009415,0
1206,20.1,1.08492195e-05,33.069733,33.069744,-5.0309885e-05,33.069744,0.000106840715,199,199,49,0.0023671903,0.015712496,2.1009226e-05,0.20094028,0
1207,20.116667,1.1032414e-05,33.069683,33.069695,-4.9859587e-05,33.069695,0.000106765896,199,199,49,0.0023786605,0.016442204,1.9861116e-05,0.20093904,0
1208,20.133333,1.1130462e-05,33.069633,33.069645,-5.060975e-05,33.069645,0.00010681038,199,199,49,0.002386091,0.017027186,2.0048163e-05,0.20093781,0
1209,20.15,1.0952161e-05,33.069584,33.06959,-5.0387334e-05,33.06959,0.00010682319,199,199,49,0.0023468242,0.01594112,1.8338937e-05,0.2009365,0
1210,20.166666,1.0769775e-05,33.06953,33.069542,-5.1887717e-05,33.069542,0.0001068419,199,199,49,0.0023176898,0.014738793,1.863268e-05,0.20093523,0
1211,20.183332,1.0892053e-05,33.069477,33.06949,-5.2081818e-05,33.06949,0.00010671013,199,199,49,0.002317705,0.015700586,1.6791137e-05,0.20093383,0
1212,20.2,1.0911099e-05,33.069427,33.06944,-5.2018793e-05,33.06944,0.000106782565,199,199,49,0.0023151513,0.016021822,1.7669412e-05,0.20093259,0
1213,20.216667,1.0842991e-05,33.069374,33.069386,-5.2272204e-05,33.069386,0.00010673883,199,199,49,0.0022971632,0.015779596,1.7211303e-05,0.20093134,0
1214,20.233334,1.0774526e-05,33.06932,33.069332,-5.293758e-05,33.069332,0.000106752836,200,200,49,0.0022788034,0.015489669,1.652504e-05,0.20093003,0
1215,20.25,1.0715269e-05,33.06927,33.069283,-5.1432078e-05,33.069283,0.00010682403,199,199,49,0.0022623704,0.015188485,1.5837133e-05,0.20092876,0
1216,20.266666,1.0535214e-05,33.069218,33.06923,-5.304917e-05,33.06923,0.000106781095,201,201,49,0.0022318473,0.014004781,1.4976942e-05,0.20092745,0
1217,20.283333,1.0614772e-05,33.06916,33.06917,-5.5283384e-05,33.06917,0.000106789616,201,201,49,0.0022312934,0.014517025,1.4377516e-05,0.20092604,0
1218,20.3,1.0560881e-05,33.069107,33.069115,-5.6081855e-05,33.069115,0.00010671776,201,201,49,0.0022138576,0.014063065,1.3093101e-05,0.20092459,0
1219,20.316668,1.0534727e-05,33.069054,33.06906,-5.3726544e-05,33.06906,0.00010675748,199,199,49,0.0022026803,0.013904269,1.3209566e-05,0.2009233,0
1220,20.333334,1.0489469e-05,33.068996,33.069008,-5.640573e-05,33.069008,0.00010672004,199,199,49,0.002188754,0.013624627,1.3175633e-05,0.20092191,0
1221,20.35,1.0443487e-05,33.06894,33.06895,-5.7071473e-05,33.06895,0.00010678777,199,199,49,0.0021752368,0.0133138755,1.3465397e-05,0.20092049,0
1222,20.366667,1.0401087e-05,33.068882,33.068893,-5.5904107e-05,33.068893,0.0001067113,199,199,49,0.0021627415,0.0129978955,1.3292363e-05,0.20091906,0
1223,20.383333,1.0361963e-05,33.068825,33.068836,-5.623334e-05,33.068836,0.00010681046,199,199,49,0.002151191,0.012679848,1.36867575e-05,0.2009176,0
1224,20.4,1.0325935e-05,33.068768,33.06878,-5.8890328e-05,33.06878,0.00010670359,199,199,49,0.0021405444,0.01236553,1.361363e-05,0.20091614,0
1225,20.416666,1.0293657e-05,33.06871,33.068718,-5.9219088e-05,33.068718,0.00010668518,199,199,49,0.00213085,0.01206375,1.385056e-05,0.20091465,0
1226,20.433332,1.0254991e-05,33.06865,33.06866,-5.872671e-05,33.06866,0.00010673157,199,199,49,0.0021208965,0.011750791,1.3817649e-05,0.20091312,0
1227,20.45,1.0197185e-05,33.06859,33.0686,-5.974338e-05,33.0686,0.00010677172,199,199,49,0.0021098137,0.011274919,1.380635e-05,0.20091155,0
1228,20.466667,1.0167391e-05,33.06853,33.068542,-5.8717837e-05,33.068542,0.00010681395,199,199,49,0.00210177,0.010925601,1.3958029e-05,0.20091005,0
1229,20.483334,1.013176e-05,33.06847,33.068478,-6.2547544e-05,33.068478,0.00010668388,199,199,49,0.0020938576,0.01058821,1.3999559e-05,0.20090844,0
1230,20.5,1.0105178e-05,33.068405,33.068417,-6.237224e-05,33.068417,0.00010671663,199,199,49,0.00208758,0.010254626,1.3999846e-05,0.20090681,0
1231,20.516666,1.0090458e-05,33.068344,33.06835,-6.302539e-05,33.06835,0.00010670749,199,199,49,0.0020891395,0.010033171,1.4060774e-05,0.20090516,0
1232,20.533333,1.0079132e-05,33.06828,33.06829,-6.352077e-05,33.06829,0.00010665741,200,200,49,0.0020914234,0.009849164,1.4154823e-05,0.20090355,0
1233,20.55,1.00525085e-05,33.068214,33.068226,-6.4201085e-05,33.068226,0.000106693835,201,201,49,0.002092668,0.00964004,1.4122982e-05,0.20090182,0
1234,20.566668,1.0036611e-05,33.068153,33.06816,-6.319283e-05,33.06816,0.000106738196,201,201,49,0.0020943733,0.0094460305,1.4090056e-05,0.20090015,0
1235,20.583334,1.0029369e-05,33.068085,33.068096,-6.6509274e-05,33.068096,0.00010675055,201,201,49,0.0020961857,0.009302754,1.4080365e-05,0.2008984,0
1236,20.6,1.0020693e-05,33.06802,33.06803,-6.667696e-05,33.06803,0.00010670308,201,201,49,0.0020973948,0.009170305,1.4071136e-05,0.20089659,0
1237,20.616667,1.0009904e-05,33.067955,33.067966,-6.43515e-05,33.067966,0.000106769694,201,201,49,0.0020983214,0.009031963,1.41735945e-05,0.2008949,0
1238,20.633333,9.998521e-06,33.067886,33.067898,-6.717844e-05,33.067898,0.000106754866,201,201,49,0.0020989801,0.008900298,1.4149192e-05,0.20089312,0
1239,20.65,9.973396e-06,33.06782,33.067833,-6.536337e-05,33.067833,0.0001067116,201,201,49,0.0020987592,0.008740384,1.3933199e-05,0.20089138,0
1240,20.666666,9.957136e-06,33.067757,33.067764,-6.768208e-05,33.067764,0.00010672222,202,202,49,0.0020988842,0.008595672,1.3924252e-05,0.20088957,0
1241,20.683332,9.942951e-06,33.067688,33.0677,-6.684873e-05,33.0677,0.000106674765,202,202,49,0.0020986109,0.008485331,1.3816252e-05,0.20088775,0
1242,20.7,9.9295485e-06,33.067623,33.06763,-6.651544e-05,33.06763,0.000106686944,202,202,49,0.0020980597,0.008392382,1.3662231e-05,0.20088585,0
1243,20.716667,9.917755e-06,33.06755,33.067562,-6.9173904e-05,33.067562,0.00010675236,202,202,49,0.002097577,0.008308518,1.358275e-05,0.20088406,0
1244,20.733334,9.905853e-06,33.067482,33.067493,-6.9506525e-05,33.067493,0.00010665033,202,202,49,0.0020970572,0.0082248375,1.3470869e-05,0.200882,0
1245,20.75,9.895373e-06,33.067413,33.067425,-6.983762e-05,33.067425,0.00010666232,202,202,49,0.00209639,0.008142177,1.3520228e-05,0.20088024,0
1246,20.766666,9.8837e-06,33.067345,33.067356,-6.7677494e-05,33.067356,0.000106678955,203,203,49,0.0020958642,0.0080622975,1.3252183e-05,0.20087829,0
1247,20.783333,9.870538e-06,33.067276,33.067284,-7.1004084e-05,33.067284,0.00010674295,203,203,49,0.0020952446,0.00797657,1.3286073e-05,0.20087634,0
1248,20.8,9.856766e-06,33.067204,33.067215,-6.9508395e-05,33.067215,0.00010666946,203,203,49,0.0020946413,0.007892623,1.3195734e-05,0.20087455,0
1249,20.816668,9.843702e-06,33.067135,33.067146,-6.98402e-05,33.067146,0.00010670407,203,203,49,0.0020940152,0.007807889,1.305862e-05,0.20087256,0
1250,20.833334,9.822141e-06,33.067062,33.067074,-7.300754e-05,33.067074,0.0001066536,203,203,49,0.0020929913,0.0077033043,1.3083345e-05,0.20087042,0
1251,20.85,9.808901e-06,33.06699,33.067,-7.05054e-05,33.067,0.00010664078,203,203,49,0.0020925417,0.007604837,1.2897706e-05,0.20086876,0
1252,20.866667,9.798637e-06,33.06692,33.06693,-7.2331226e-05,33.06693,0.000106741936,203,203,49,0.0020921635,0.007523735,1.2667924e-05,0.20086671,0
1253,20.883333,9.788145e-06,33.066845,33.066856,-7.2996474e-05,33.066856,0.000106660045,203,203,49,0.0020916539,0.007448614,1.2722648e-05,0.20086461,0
1254,20.9,9.777672e-06,33.066776,33.066784,-7.13339e-05,33.066784,0.000106667736,203,203,49,0.0020910855,0.007376068,1.2645264e-05,0.20086263,0
1255,20.916666,9.767069e-06,33.0667,33.06671,-7.349535e-05,33.06671,0.00010662581,202,202,49,0.0020904678,0.0073056803,1.2714538e-05,0.2008606,0
1256,20.933332,9.756377e-06,33.066628,33.06664,-7.366169e-05,33.06664,0.000106688065,202,202,49,0.0020898168,0.0072363745,1.2359957e-05,0.2008582,0
1257,20.95,9.745691e-06,33.066555,33.066566,-7.1666625e-05,33.066566,0.000106701154,202,202,49,0.002089146,0.007168456,1.2433906e-05,0.20085655,0
1258,20.966667,9.735213e-06,33.066483,33.06649,-7.499152e-05,33.06649,0.00010670904,202,202,49,0.002088471,0.0071016517,1.2345405e-05,0.20085451,0
1259,20.983334,9.724715e-06,33.066406,33.066418,-7.416026e-05,33.066418,0.00010666039,202,202,49,0.0020877728,0.0070363907,1.2392855e-05,0.2008524,0
1260,21,9.7170105e-06,33.066334,33.06634,-7.465624e-05,33.06634,0.00010666917,203,203,49,0.0020873367,0.006972228,1.2134879e-05,0.20085038,0
1261,21.016666,9.709536e-06,33.066257,33.066265,-7.5321026e-05,33.066265,0.00010670783,203,203,49,0.0020863877,0.0069578364,1.2059582e-05,0.20084813,0
1262,21.033333,9.699752e-06,33.06618,33.066193,-7.532333e-05,33.066193,0.0001065998,203,203,49,0.00208546,0.0069120396,1.2205304e-05,0.20084615,0
1263,21.05,9.689354e-06,33.066105,33.066113,-7.731901e-05,33.066113,0.00010672494,203,203,49,0.0020845416,0.00686064,1.1937629e-05,0.20084396,0
1264,21.066668,9.6790445e-06,33.06603,33.066036,-7.715267e-05,33.066036,0.00010661344,203,203,49,0.0020836787,0.0068062395,1.1830349e-05,0.20084181,0
1265,21.083334,9.668818e-06,33.06595,33.06596,-7.715258e-05,33.06596,0.000106620864,201,201,48,0.0020828447,0.0067513357,1.1773939e-05,0.20083958,0
1266,21.1,9.658712e-06,33.065872,33.065884,-7.765123e-05,33.065884,0.00010663177,202,202,48,0.00208205,0.0066950964,1.1808314e-05,0.20083742,0
1267,21.116667,9.648949e-06,33.065796,33.065807,-7.598833e-05,33.065807,0.00010666615,202,202,48,0.0020813176,0.006637578,1.1601356e-05,0.20083523,0
1268,21.133333,9.639517e-06,33.06572,33.065727,-7.848183e-05,33.065727,0.00010656109,203,203,48,0.0020806326,0.006579907,1.1564554e-05,0.200833,0
1269,21.15,9.63033e-06,33.06564,33.06565,-7.7317796e-05,33.06565,0.00010662972,203,203,48,0.0020799853,0.00652194,1.1507244e-05,0.20083077,0
1270,21.166666,9.621251e-06,33.06556,33.06557,-8.0975304e-05,33.06557,0.000106666805,202,202,48,0.0020793597,0.0064631966,1.1414714e-05,0.20082855,0
1271,21.183332,9.612422e-06,33.06548,33.06549,-7.9478756e-05,33.06549,0.00010658821,202,202,48,0.002078765,0.0064040995,1.1331701e-05,0.20082626,0
1272,21.2,9.603851e-06,33.065403,33.06541,-7.9312245e-05,33.06541,0.00010665256,202,202,48,0.0020782012,0.0063456623,1.1274143e-05,0.200824,0
1273,21.216667,9.595336e-06,33.065323,33.06533,-7.96447e-05,33.06533,0.00010660417,203,203,48,0.0020776426,0.006286963,1.1184462e-05,0.2008217,0
1274,21.233334,9.585762e-06,33.06524,33.065247,-8.363588e-05,33.065247,0.000106726824,203,203,48,0.002077565,0.006185667,1.1234433e-05,0.20081939,0
1275,21.25,9.577477e-06,33.065155,33.065166,-8.147328e-05,33.065166,0.000106677275,203,203,48,0.002077236,0.006111451,1.1002833e-05,0.20081703,0
1276,21.266666,9.57001e-06,33.065075,33.065086,-8.030867e-05,33.065086,0.00010668055,203,203,48,0.0020769075,0.0060465983,1.1075794e-05,0.20081472,0
1277,21.283333,9.562836e-06,33.064995,33.065002,-8.24697e-05,33.065002,0.00010666009,203,203,48,0.0020765613,0.0059854677,1.0907404e-05,0.20081234,0
1278,21.3,9.555532e-06,33.06491,33.06492,-8.413237e-05,33.06492,0.00010664096,203,203,48,0.0020761758,0.005925769,1.08372515e-05,0.20080978,0
1279,21.316668,9.548114e-06,33.064827,33.064835,-8.396623e-05,33.064835,0.000106674604,203,203,48,0.0020757366,0.0058666933,1.0924737e-05,0.20080747,0
1280,21.333334,9.540871e-06,33.064743,33.06475,-8.429857e-05,33.06475,0.00010662211,202,202,48,0.0020752992,0.0058105504,1.0870726e-05,0.20080504,0
1281,21.35,9.533442e-06,33.064655,33.064663,-8.646007e-05,33.064663,0.000106569285,202,202,48,0.00207483,0.005758186,1.06986745e-05,0.20080253,0
1282,21.366667,9.523844e-06,33.064568,33.06458,-8.546471e-05,33.06458,0.00010663251,202,202,48,0.002074383,0.0056643537,1.0619071e-05,0.20079985,0
1283,21.383333,9.5168225e-06,33.064484,33.064495,-8.562839e-05,33.064495,0.000106640015,202,202,48,0.0020739785,0.005607488,1.074333e-05,0.20079754,0
1284,21.4,9.510421e-06,33.064396,33.064407,-8.712406e-05,33.064407,0.00010655646,202,202,48,0.0020736186,0.005554372,1.0636776e-05,0.20079495,0
1285,21.416666,9.503776e-06,33.064312,33.06432,-8.5461754e-05,33.06432,0.00010662741,202,202,48,0.0020732118,0.0055039963,1.0618129e-05,0.20079257,0
1286,21.433332,9.49751e-06,33.064224,33.06423,-8.8287714e-05,33.06423,0.0001066311,202,202,48,0.0020728312,0.005455915,1.0448985e-05,0.20078996,0
1287,21.45,9.491399e-06,33.064133,33.06414,-9.061513e-05,33.06414,0.000106516825,202,202,48,0.0020724505,0.00540497,1.04375495e-05,0.2007872,0
1288,21.466667,9.485168e-06,33.06404,33.064053,-8.945147e-05,33.064053,0.00010655544,202,202,48,0.0020720393,0.0053569856,1.0562767e-05,0.20078473,0
1289,21.483334,9.478533e-06,33.063953,33.06396,-9.011689e-05,33.06396,0.0001066173,203,203,48,0.0020715727,0.005310744,1.043479e-05,0.20078208,0
1290,21.5,9.472283e-06,33.063866,33.063873,-8.762268e-05,33.063873,0.0001066236,204,204,48,0.002071135,0.0052646804,1.0267661e-05,0.20077947,0
1291,21.516666,9.465339e-06,33.063774,33.063786,-8.995094e-05,33.063786,0.00010662524,205,205,49,0.002070598,0.0052200225,1.0422906e-05,0.20077683,0
1292,21.533333,9.459499e-06,33.063686,33.063694,-9.0614856e-05,33.063694,0.000106629326,205,205,49,0.0020701906,0.005175662,1.019269e-05,0.20077416,0
1293,21.55,9.453353e-06,33.06359,33.063602,-9.294273e-05,33.063602,0.0001066395,205,205,49,0.002069727,0.0051332596,1.034077e-05,0.20077147,0
1294,21.566668,9.446853e-06,33.0635,33.06351,-9.177931e-05,33.06351,0.00010649431,205,205,49,0.0020692148,0.0050922413,1.0175635e-05,0.20076872,0
1295,21.583334,9.441402e-06,33.063408,33.063416,-9.377332e-05,33.063416,0.00010652648,205,205,49,0.0020688125,0.0050488138,1.0124503e-05,0.20076598,0
1296,21.6,9.434363e-06,33.063313,33.063324,-9.19461e-05,33.063324,0.00010659249,205,205,49,0.0020682123,0.005007808,1.018655e-05,0.20076326,0
1297,21.616667,9.428277e-06,33.06322,33.06323,-9.377395e-05,33.06323,0.00010656093,205,205,49,0.0020677082,0.004969158,1.0038153e-05,0.20076045,0
1298,21.633333,9.422289e-06,33.063126,33.063137,-9.427262e-05,33.063137,0.00010656716,205,205,49,0.0020672078,0.0049312846,9.991612e-06,0.2007577,0
1299,21.65,9.416348e-06,33.06303,33.06304,-9.443883e-05,33.06304,0.00010657274,205,205,49,0.0020667093,0.004893344,1.003189e-05,0.20075487,0
1300,21.666666,9.410524e-06,33.062935,33.062946,-9.626751e-05,33.062946,0.00010651942,205,205,49,0.0020662192,0.004856215,9.913596e-06,0.20075202,0
1301,21.683332,9.404832e-06,33.06284,33.06285,-9.51036e-05,33.06285,0.000106523425,205,205,49,0.0020657382,0.004842844,9.913589e-06,0.20074919,0
1302,21.7,9.399427e-06,33.062744,33.06275,-9.693212e-05,33.06275,0.00010655439,205,205,49,0.0020652793,0.0048399274,9.865499e-06,0.20074628,0
1303,21.716667,9.393948e-06,33.062645,33.062656,-9.693219e-05,33.062656,0.00010658372,205,205,49,0.0020648025,0.0048368615,9.778387e-06,0.20074344,0
1304,21.733334,9.388588e-06,33.06255,33.062557,-9.7763346e-05,33.062557,0.00010650244,205,205,49,0.0020643363,0.0048334715,9.729371e-06,0.20074058,0
1305,21.75,9.383286e-06,33.06245,33.062458,-9.909333e-05,33.062458,0.00010650769,205,205,49,0.0020638704,0.004830936,9.778005e-06,0.2007376,0
1306,21.766666,9.378054e-06,33.06235,33.06236,-9.876075e-05,33.06236,0.00010650854,205,205,49,0.0020634094,0.0048288107,9.7442e-06,0.20073462,0
1307,21.783333,9.372906e-06,33.062252,33.062263,-9.82619e-05,33.062263,0.00010654556,205,205,49,0.0020629517,0.0048264065,9.577529e-06,0.20073171,0
1308,21.8,9.367847e-06,33.062153,33.06216,-0.00010009062,33.06216,0.00010657884,205,205,49,0.0020625023,0.004823666,9.6459835e-06,0.20072876,0
1309,21.816668,9.362855e-06,33.062054,33.06206,-0.0001002568,33.06206,0.000106550266,205,205,49,0.002062058,0.004821307,9.610665e-06,0.2007257,0
1310,21.833334,9.35784e-06,33.061947,33.061954,-0.00010557699,33.061954,0.00010648773,205,205,49,0.002061605,0.004819168,9.384198e-06,0.20072226,0
1311,21.85,9.353087e-06,33.061848,33.061855,-9.909278e-05,33.061855,0.00010649781,205,205,49,0.0020611824,0.0048169186,9.667605e-06,0.20071961,0
1312,21.866667,9.3482795e-06,33.061745,33.061756,-0.00010258419,33.061756,0.00010649608,205,205,49,0.0020607503,0.0048149303,9.2965065e-06,0.20071656,0
1313,21.883333,9.343567e-06,33.061638,33.06165,-0.00010690673,33.06165,0.00010646869,205,205,49,0.0020603267,0.004813601,9.529293e-06,0.20071329,0
1314,21.9,9.339047e-06,33.061535,33.061546,-0.00010175263,33.061546,0.000106508305,205,205,49,0.002059919,0.0048111887,9.387792e-06,0.20071031,0
1315,21.916666,9.334559e-06,33.06143,33.06144,-0.000105243955,33.06144,0.00010656793,205,205,49,0.0020595149,0.0048097754,9.363173e-06,0.20070717,0
1316,21.933332,9.329999e-06,33.061325,33.061337,-0.000104579005,33.061337,0.00010648638,206,206,49,0.002059113,0.004809796,9.326748e-06,0.20070393,0
1317,21.95,9.3248655e-06,33.06122,33.061226,-0.000109899745,33.061226,0.00010647728,206,206,49,0.0020586648,0.0048124692,9.143191e-06,0.20070028,0
1318,21.966667,9.320285e-06,33.061115,33.061123,-0.00010158643,33.061123,0.000106485866,206,206,49,0.0020584224,0.0048657893,9.340128e-06,0.20069762,0
1319,21.983334,9.3133785e-06,33.06101,33.061016,-0.00010724144,33.061016,0.00010651212,206,206,49,0.0020577752,0.0048621465,9.141104e-06,0.20069438,0
1320,22,9.309319e-06,33.060898,33.060905,-0.00011156122,33.060905,0.00010645635,206,206,49,0.0020573514,0.0048558554,9.053142e-06,0.20069082,0
1321,22.016666,9.306072e-06,33.060787,33.0608,-0.00010806905,33.0608,0.00010649165,206,206,49,0.002057012,0.004848893,9.067388e-06,0.20068784,0
1322,22.033333,9.3028e-06,33.060677,33.060688,-0.00011039664,33.060688,0.000106474385,206,206,49,0.0020566783,0.004843826,9.077468e-06,0.20068447,0
1323,22.05,9.299446e-06,33.06057,33.060577,-0.000109066685,33.060577,0.00010653076,206,206,49,0.0020563393,0.004839735,8.870008e-06,0.20068125,0
1324,22.066668,9.295924e-06,33.06046,33.06047,-0.00010939936,33.06047,0.0001064464,206,206,49,0.002056003,0.004837731,8.99411e-06,0.20067783,0
1325,22.083334,9.292529e-06,33.06035,33.060356,-0.00011172681,33.060356,0.000106446285,206,206,49,0.0020556846,0.0048355055,8.8701145e-06,0.20067452,0
1326,22.1,9.289209e-06,33.060234,33.060246,-0.00011205924,33.060246,0.000106482905,206,206,49,0.0020553884,0.0048350533,8.929578e-06,0.20067118,0
1327,22.116667,9.283356e-06,33.06012,33.06013,-0.00011505437,33.06013,0.00010645618,207,207,49,0.0020547004,0.0048266044,8.935962e-06,0.20066772,0
1328,22.133333,9.320191e-06,33.06001,33.060017,-0.00011168658,33.060017,0.000106453655,207,207,49,0.0020561183,0.0056283153,8.886618e-06,0.20066412,0
1329,22.15,9.263541e-06,33.059895,33.059906,-0.0001127776,33.059906,0.00010642999,207,207,49,0.0020521928,0.0047267107,8.804663e-06,0.2006609,0
1330,22.166666,9.2618675e-06,33.059784,33.05979,-0.00011272262,33.05979,0.00010643649,207,207,49,0.0020521006,0.0047144433,8.808764e-06,0.20065744,0
1331,22.183332,9.261417e-06,33.05967,33.059677,-0.000115381474,33.059677,0.00010652564,207,207,49,0.002052078,0.004707061,8.867944e-06,0.20065399,0
1332,22.2,9.262435e-06,33.05955,33.05956,-0.000116876305,33.05956,0.00010638885,207,207,49,0.0020521532,0.0046877027,8.717133e-06,0.20065051,0
1333,22.216667,9.260708e-06,33.059437,33.05945,-0.00011355395,33.05945,0.00010644874,208,208,49,0.0020519276,0.00467924,8.669109e-06,0.20064704,0
1334,22.233334,9.25873e-06,33.059322,33.05933,-0.00011554926,33.05933,0.0001064476,208,208,49,0.0020517153,0.0046746703,8.7708295e-06,0.20064354,0
1335,22.25,9.256642e-06,33.059204,33.05921,-0.000118708216,33.05921,0.000106453794,207,207,49,0.0020515209,0.0046733757,8.637798e-06,0.20064005,0
1336,22.266666,9.2530845e-06,33.059082,33.059093,-0.00011970722,33.059093,0.000106451575,208,208,50,0.002052249,0.004688683,8.596881e-06,0.20063636,0
1337,22.283333,9.254009e-06,33.058968,33.058975,-0.000117873926,33.058975,0.000106424995,208,208,50,0.0020521258,0.004684743,8.652096e-06,0.20063283,0
1338,22.3,9.241783e-06,33.05885,33.058857,-0.00011805333,33.058857,0.000106464235,208,208,50,0.0020512568,0.004332172,8.746571e-06,0.20062928,0
1339,22.316668,9.234668e-06,33.058727,33.05874,-0.00012004328,33.05874,0.00010643767,209,209,50,0.0020502063,0.004384772,8.675015e-06,0.20062558,0
1340,22.333334,9.232381e-06,33.058605,33.058613,-0.00012336356,33.058613,0.000106387466,209,209,50,0.002050061,0.0043074097,8.611816e-06,0.2006218,0
1341,22.35,9.229084e-06,33.058483,33.058495,-0.00012053823,33.058495,0.00010644383,209,209,50,0.0020496678,0.004301855,8.691227e-06,0.20061824,0
1342,22.366667,9.226043e-06,33.05836,33.058372,-0.00012103674,33.058372,0.00010641539,209,209,50,0.0020493488,0.0043005496,8.557288e-06,0.20061457,0
1343,22.383333,9.222899e-06,33.05824,33.05825,-0.00012286565,33.05825,0.0001063582,209,209,50,0.00204906,0.0043024556,8.555712e-06,0.20061074,0
1344,22.4,9.219989e-06,33.058117,33.05813,-0.00012220039,33.05813,0.000106357686,209,209,50,0.0020488375,0.0043062093,8.523674e-06,0.20060712,0
1345,22.416666,9.217243e-06,33.05799,33.058002,-0.00012619035,33.058002,0.000106358704,208,208,50,0.0020486533,0.004312809,8.515039e-06,0.20060323,0
1346,22.433332,9.214467e-06,33.057865,33.057873,-0.0001265229,33.057873,0.00010632167,208,208,50,0.0020484885,0.0043210792,8.486094e-06,0.20059896,0
1347,22.45,9.211717e-06,33.057743,33.05775,-0.00012220023,33.05775,0.000106394065,208,208,50,0.0020483413,0.0043319473,8.478587e-06,0.20059572,0
1348,22.466667,9.209283e-06,33.057617,33.057625,-0.00012635629,33.057625,0.000106425825,208,208,50,0.0020482466,0.0043424945,8.574516e-06,0.20059182,0
1349,22.483334,9.206927e-06,33.057487,33.0575,-0.00012735375,33.0575,0.000106344196,208,208,50,0.002048163,0.0043546176,8.505039e-06,0.20058809,0
1350,22.5,9.204569e-06,33.05736,33.05737,-0.00012768626,33.05737,0.00010645998,208,208,50,0.0020480826,0.0043676263,8.419674e-06,0.20058413,0
1351,22.516666,9.202291e-06,33.05723,33.05724,-0.00013117754,33.05724,0.00010646452,208,208,50,0.00204801,0.004381448,8.59639e-06,0.20058024,0
1352,22.533333,9.19806e-06,33.057102,33.05711,-0.00012802065,33.05711,0.00010640536,208,208,50,0.0020476643,0.004385281,8.349486e-06,0.2005763,0
1353,22.55,9.195662e-06,33.056973,33.05698,-0.00012968136,33.05698,0.00010634636,209,209,51,0.0020475253,0.0043964037,8.506624e-06,0.20057237,0
1354,22.566668,9.193361e-06,33.05684,33.05685,-0.00013167632,33.05685,0.00010637988,209,209,51,0.0020473993,0.0044084303,8.5001975e-06,0.20056835,0
1355,22.583334,9.190862e-06,33.05671,33.05672,-0.00013117776,33.05672,0.00010632166,209,209,51,0.0020472517,0.004421689,8.484242e-06,0.20056437,0
1356,22.6,9.188612e-06,33.056576,33.056583,-0.00013433635,33.056583,0.00010635606,209,209,51,0.0020471278,0.0044357637,8.398482e-06,0.20056032,0
1357,22.616667,9.186354e-06,33.056446,33.056454,-0.0001305125,33.056454,0.00010635273,209,209,51,0.0020469835,0.0044513647,8.493237e-06,0.20055631,0
1358,22.633333,9.18383e-06,33.05631,33.05632,-0.00013466914,33.05632,0.00010635462,209,209,51,0.002046748,0.004472184,8.439517e-06,0.20055223,0
1359,22.65,9.180115e-06,33.056175,33.056187,-0.00013383906,33.056187,0.000106358566,209,209,51,0.0020461683,0.004509441,8.47454e-06,0.2005481,0
1360,22.666666,9.178893e-06,33.056038,33.05605,-0.00013732792,33.05605,0.00010630153,209,209,51,0.0020462475,0.004513951,8.388104e-06,0.20054404,0
1361,22.683332,9.179451e-06,33.0559,33.055912,-0.00013666112,33.055912,0.00010635854,209,209,51,0.0020464547,0.0045210826,8.476541e-06,0.20053981,0
1362,22.7,9.179493e-06,33.055767,33.055775,-0.00013682789,33.055775,0.00010636487,209,209,51,0.0020465835,0.0045295055,8.46505e-06,0.20053557,0
1363,22.716667,9.178904e-06,33.055626,33.055637,-0.0001391561,33.055637,0.00010627923,209,209,51,0.0020466314,0.0045392485,8.550928e-06,0.2005315,0
1364,22.733334,9.177698e-06,33.05549,33.0555,-0.00013633037,33.0555,0.00010633681,209,209,51,0.0020466053,0.004546602,8.10258e-06,0.20052736,0
1365,22.75,9.176011e-06,33.055355,33.055363,-0.00013566583,33.055363,0.0001064012,209,209,51,0.0020465148,0.0045529855,7.96407e-06,0.20052327,0
1366,22.766666,9.174102e-06,33.055214,33.055225,-0.00013882491,33.055225,0.00010637076,209,209,51,0.002046395,0.004558294,7.971872e-06,0.20051897,0
1367,22.783333,9.172146e-06,33.05508,33.055088,-0.00013549985,33.055088,0.000106253734,209,209,51,0.0020462607,0.0045630904,7.917539e-06,0.20051493,0
1368,22.8,9.169915e-06,33.05494,33.05495,-0.000139324,33.05495,0.00010634716,209,209,51,0.002046176,0.004556082,7.8953535e-06,0.20051064,0
1369,22.816668,9.167746e-06,33.054802,33.05481,-0.00013899141,33.05481,0.00010630948,209,209,51,0.0020460277,0.004560847,7.920539e-06,0.20050599,0
1370,22.833334,9.165939e-06,33.054665,33.054672,-0.000136996,33.054672,0.000106323496,209,209,51,0.0020459036,0.0045714485,8.0139625e-06,0.20050226,0
1371,22.85,9.1640995e-06,33.054523,33.054535,-0.00013982237,33.054535,0.000106292195,209,209,51,0.002045761,0.004590842,7.995055e-06,0.20049796,0
1372,22.866667,9.16227e-06,33.054382,33.05439,-0.00014314745,33.05439,0.00010623924,211,211,52,0.0020456123,0.004611212,8.022195e-06,0.20049368,0
1373,22.883333,9.159872e-06,33.054245,33.054253,-0.00013816037,33.054253,0.00010632372,211,211,52,0.0020453872,0.0046347,8.069172e-06,0.20048949,0
1374,22.9,9.15757e-06,33.0541,33.054108,-0.00014497673,33.054108,0.00010629584,211,211,52,0.0020451485,0.0046586385,8.060177e-06,0.20048499,0
1375,22.916666,9.155435e-06,33.05396,33.053967,-0.00014065394,33.053967,0.000106210835,213,213,53,0.0020449269,0.004682004,8.1268945e-06,0.20048088,0
1376,22.933332,9.153338e-06,33.053814,33.053825,-0.00014314771,33.053825,0.0001062956,213,213,53,0.002044707,0.004705332,8.128532e-06,0.20047642,0
1377,22.95,9.151483e-06,33.053673,33.05368,-0.00014198369,33.05368,0.0001062671,213,213,53,0.0020446351,0.00472849,8.167333e-06,0.20047207,0
1378,22.966667,9.149702e-06,33.053528,33.053535,-0.00014630625,33.053535,0.00010627056,214,214,53,0.0020445765,0.0047519975,8.188414e-06,0.20046769,0
1379,22.983334,9.146445e-06,33.05338,33.05339,-0.00014614148,33.05339,0.00010632594,214,214,53,0.002044354,0.0047856583,8.221752e-06,0.2004633,0
1380,23,9.398353e-06,33.053226,33.053238,-0.00015286902,33.053238,0.00010635328,214,214,53,0.002081043,0.006163762,8.680662e-06,0.20045869,0
1381,23.016666,9.70758e-06,33.053074,33.05308,-0.000154308,33.05308,0.00010639078,214,214,53,0.0021421763,0.0070212325,1.1056687e-05,0.20045404,0
1382,23.033333,9.956019e-06,33.052917,33.05293,-0.0001547013,33.05293,0.00010629615,213,213,53,0.002205276,0.007557833,1.3092229e-05,0.20044915,0
1383,23.05,9.387269e-06,33.052788,33.052795,-0.00013224277,33.052795,0.00010616878,213,213,53,0.00214459,0.008103102,1.564646e-05,0.20044501,0
1384,23.066668,9.5085e-06,33.052658,33.052666,-0.0001282277,33.052666,0.0001060238,211,211,52,0.0021701977,0.008315461,1.6928969e-05,0.2004409,0
1385,23.083334,9.62398e-06,33.05251,33.05252,-0.00014818406,33.05252,0.000105860374,211,211,52,0.0021997357,0.008649731,1.7970146e-05,0.20043613,0
1386,23.1,9.761441e-06,33.05236,33.05237,-0.00015048964,33.05237,0.00010583423,211,211,52,0.002233741,0.008963753,1.8842627e-05,0.20043169,0
1387,23.116667,9.885654e-06,33.052204,33.052216,-0.00015465927,33.052216,0.000105860905,211,211,52,0.0022630887,0.009184291,1.9983183e-05,0.20042688,0
1388,23.133333,1.0062344e-05,33.052048,33.05206,-0.00015427428,33.05206,0.000105933985,211,211,52,0.0023457685,0.009422578,2.242156e-05,0.20042206,0
1389,23.15,1.0258555e-05,33.0519,33.05191,-0.00015092966,33.05191,0.00010586553,211,211,52,0.0023915868,0.009736999,2.3954926e-05,0.20041713,0
1390,23.166666,1.038998e-05,33.051743,33.05175,-0.00015681337,33.05175,0.000105803345,211,211,52,0.002418416,0.00982078,2.4894243e-05,0.20041227,0
1391,23.183332,1.0437957e-05,33.051582,33.051594,-0.00015889188,33.051594,0.00010577572,211,211,52,0.0024272024,0.009827288,2.5354944e-05,0.2004073,0
1392,23.2,1.0430491e-05,33.051422,33.051434,-0.00016094238,33.051434,0.00010577552,211,211,52,0.002424954,0.009796881,2.5417019e-05,0.20040217,0
1393,23.216667,1.0391739e-05,33.05126,33.05127,-0.00016064115,33.05127,0.000105691055,211,211,52,0.0024166643,0.009745261,2.5244844e-05,0.20039707,0
1394,23.233334,1.03359e-05,33.0511,33.051113,-0.0001593282,33.051113,0.00010563117,211,211,52,0.0024050248,0.009678637,2.4975245e-05,0.20039204,0
1395,23.25,1.0270627e-05,33.05094,33.050953,-0.00015900513,33.050953,0.00010563037,211,211,52,0.0023914496,0.009601253,2.467302e-05,0.20038688,0
1396,23.266666,1.02002905e-05,33.05078,33.050793,-0.00016050649,33.050793,0.000105571045,211,211,52,0.0023767445,0.009516486,2.4203251e-05,0.20038195,0
1397,23.283333,1.0127592e-05,33.05062,33.05063,-0.0001621714,33.05063,0.000105568266,211,211,52,0.00236141,0.009428394,2.3830107e-05,0.20037684,0
1398,23.3,1.0054248e-05,33.050457,33.05047,-0.00016250456,33.05047,0.00010562723,211,211,52,0.0023458675,0.009338091,2.3463734e-05,0.20037158,0
1399,23.316668,9.981648e-06,33.050297,33.050304,-0.00016200505,33.050304,0.00010565266,211,211,52,0.0023304145,0.009246442,2.292113e-05,0.20036663,0
1400,23.333334,9.910614e-06,33.050133,33.050144,-0.00016183723,33.050144,0.000105591906,211,211,52,0.0023152127,0.0091553,2.2522214e-05,0.20036161,0
1401,23.35,9.841795e-06,33.04997,33.04998,-0.00016432884,33.04998,0.000105592226,211,211,52,0.002300413,0.009065476,2.2105954e-05,0.20035645,0
1402,23.366667,9.775573e-06,33.04981,33.04982,-0.0001614999,33.04982,0.00010562039,211,211,52,0.0022861254,0.008977704,2.1685719e-05,0.20035137,0
1403,23.383333,9.712134e-06,33.049644,33.049656,-0.0001641572,33.049656,0.00010564313,211,211,52,0.0022723724,0.008892443,2.1277549e-05,0.20034626,0
1404,23.4,9.651312e-06,33.049477,33.049488,-0.0001659834,33.049488,0.00010561381,211,211,52,0.00225915,0.008808417,2.0868909e-05,0.2003411,0
1405,23.416666,9.593092e-06,33.049316,33.049324,-0.00016282195,33.049324,0.00010561232,211,211,52,0.0022464558,0.008726699,2.0473426e-05,0.20033602,0
1406,23.433332,9.537514e-06,33.04915,33.04916,-0.00016547939,33.04916,0.000105522,212,212,52,0.0022342957,0.008647665,2.0098903e-05,0.20033091,0
1407,23.45,9.48453e-06,33.048985,33.048996,-0.00016564304,33.048996,0.00010560375,212,212,52,0.002222678,0.008570766,1.9739698e-05,0.20032576,0
1408,23.466667,9.434188e-06,33.04882,33.04883,-0.0001653079,33.04883,0.0001056294,212,212,52,0.0022116161,0.008495995,1.9372905e-05,0.20032057,0
1409,23.483334,9.386113e-06,33.04865,33.04866,-0.00016979451,33.04866,0.00010562632,212,212,52,0.0022010186,0.008423993,1.9055358e-05,0.20031534,0
1410,23.5,9.340328e-06,33.04848,33.048492,-0.00016729839,33.048492,0.000105623185,212,212,52,0.0021909133,0.008353858,1.8704372e-05,0.20031019,0
1411,23.516666,9.296679e-06,33.048317,33.048325,-0.00016629873,33.048325,0.00010564755,212,212,52,0.0021812732,0.008286122,1.8374783e-05,0.20030503,0
1412,23.533333,9.255089e-06,33.048145,33.048157,-0.00016928927,33.048157,0.00010563833,212,212,52,0.0021720775,0.008220161,1.808731e-05,0.20029978,0
1413,23.55,9.215521e-06,33.047977,33.047985,-0.00016928725,33.047985,0.000105545965,211,211,52,0.0021633066,0.008156448,1.7773877e-05,0.20029457,0
1414,23.566668,9.177162e-06,33.04781,33.04782,-0.00016745723,33.04782,0.00010559434,211,211,52,0.0021549985,0.008100733,1.7490327e-05,0.20028934,0
1415,23.583334,9.1398815e-06,33.047638,33.04765,-0.0001709475,33.04765,0.00010558437,211,211,52,0.0021468417,0.008039509,1.7209077e-05,0.2002841,0
1416,23.6,9.105249e-06,33.04747,33.047478,-0.00016944855,33.047478,0.0001056087,211,211,52,0.0021391253,0.007980702,1.693386e-05,0.20027883,0
1417,23.616667,9.07262e-06,33.0473,33.047306,-0.00017194038,33.047306,0.000105599094,211,211,52,0.0021318437,0.007923917,1.6672464e-05,0.20027356,0
1418,23.633333,9.011745e-06,33.047127,33.04714,-0.00017030608,33.04714,0.0001056176,212,212,52,0.002120002,0.0078617055,1.6383448e-05,0.20026834,0
1419,23.65,8.909293e-06,33.04696,33.046967,-0.00016968264,33.046967,0.000105636536,213,213,52,0.0021015354,0.0075989757,1.5862708e-05,0.20026307,0
1420,23.666666,9.062346e-06,33.046783,33.04679,-0.00017624359,33.04679,0.00010548,215,215,53,0.0021322027,0.008483036,1.5671956e-05,0.20025766,0
1421,23.683332,1.0087385e-05,33.0466,33.04661,-0.00018052552,33.04661,0.000105561,216,216,53,0.0023738812,0.010526482,1.9838397e-05,0.200252,0
1422,23.7,3.6007466e-05,33.04643,33.046463,-0.00014615394,33.046463,0.000105058156,216,216,53,0.0054008476,0.052841123,4.5869765e-05,0.20024519,0
1423,23.716667,9.0874484e-05,33.046158,33.04625,-0.00021612876,33.04625,0.00010487401,216,216,53,0.0091930935,0.07090966,0.00011888276,0.20023362,0
1424,23.733334,0.00013933012,33.045826,33.045967,-0.00028089568,33.045967,0.000104809726,215,215,52,0.011835131,0.07521074,0.00017420549,0.20022029,0
1425,23.75,0.00018624497,33.045437,33.045624,-0.00034494838,33.045624,0.00010478332,215,215,52,0.013751524,0.097750634,0.00021233241,0.20020418,0
1426,23.766666,0.00022156916,33.045017,33.04524,-0.0003833061,33.04524,0.00010522944,216,216,53,0.015102332,0.10611994,0.00023903485,0.2001869,0
1427,23.783333,0.00024761248,33.044586,33.044834,-0.00040389234,33.044834,0.00010532837,216,216,53,0.016055463,0.1111621,0.00025835136,0.20016916,0
1428,23.8,0.00026642365,33.04416,33.044426,-0.00040896313,33.044426,0.000105439605,215,215,52,0.016661335,0.117254905,0.00027108472,0.20015147,0
1429,23.816668,0.00026487117,33.043743,33.044006,-0.00041918523,33.044006,0.00010549577,214,214,51,0.016915897,0.10533277,0.00027876752,0.20013422,0
1430,23.833334,0.000254888,33.043354,33.04361,-0.00039719124,33.04361,0.00010530375,214,214,51,0.01656356,0.09915955,0.000276976,0.20011856,0
1431,23.85,0.00024251596,33.042984,33.04323,-0.00038145832,33.04323,0.000105233215,214,214,51,0.016141117,0.0971295,0.0002710516,0.20010413,0
1432,23.866667,0.00022618136,33.042618,33.042843,-0.0003854209,33.042843,0.000105237894,214,214,51,0.015565639,0.09398437,0.00026268934,0.20008983,0
1433,23.883333,0.00020555456,33.04226,33.042465,-0.0003762464,33.042465,0.00010523792,214,214,51,0.014813004,0.089817,0.0002514728,0.20007616,0
1434,23.9,0.00018294026,33.041924,33.042107,-0.0003594471,33.042107,0.00010517488,214,214,51,0.013946086,0.08502166,0.00023777982,0.20006326,0
1435,23.916666,0.00019752514,33.041607,33.041805,-0.00030362737,33.041805,0.000105413885,215,215,51,0.014499273,0.10091543,0.00022744277,0.20005146,0
1436,23.933332,0.00022861848,33.04131,33.04154,-0.00026583823,33.04154,0.000105315805,215,215,51,0.01559461,0.09784218,0.00025008924,0.20003995,0
1437,23.95,0.00025216336,33.04099,33.041245,-0.00029499986,33.041245,0.00010516617,215,215,51,0.01639699,0.10099554,0.00026619405,0.20002785,0
1438,23.966667,0.00026288384,33.04067,33.04093,-0.00031081683,33.04093,0.000105352454,213,213,50,0.01675982,0.102399155,0.0002757336,0.20001581,0
1439,23.983334,0.0002633781,33.040367,33.04063,-0.0002997624,33.04063,0.0001055743,212,212,50,0.01678238,0.10247196,0.00027871405,0.20000458,0
1440,24,0.0002569796,33.040085,33.04034,-0.00029019595,33.04034,0.00010563743,212,212,50,0.016571863,0.10147893,0.00027691564,0.1999938,0
1441,24.016666,0.00017790597,33.039894,33.040073,-0.00027026696,33.040073,0.0001051,212,212,50,0.013270926,0.06080359,0.0002554278,0.19998555,0
1442,24.033333,9.886036e-05,33.039833,33.03993,-0.00014139127,33.03993,0.0001045422,212,212,50,0.009767984,0.050155737,0.00018835209,0.19998142,0
1443,24.05,4.800907e-05,33.039707,33.039757,-0.0001737138,33.039757,0.00010473087,215,215,51,0.006830048,0.04003523,0.00013418186,0.19997652,0
1444,24.066668,2.777038e-05,33.039536,33.039566,-0.00019181393,33.039566,0.00010558876,215,215,51,0.0049990932,0.033618294,9.196149e-05,0.19997106,0
1445,24.083334,2.1520891e-05,33.039402,33.03942,-0.00014274492,33.03942,0.00010579149,215,215,51,0.0042177816,0.030385984,7.025247e-05,0.19996667,0
1446,24.1,1.7143166e-05,33.039303,33.039318,-0.00010213571,33.039318,0.00010591639,215,215,51,0.003577462,0.025363833,5.7907055e-05,0.19996324,0
1447,24.116667,1.4101324e-05,33.03922,33.039234,-8.5338106e-05,33.039234,0.0001059089,215,215,51,0.0030805732,0.021343645,4.678016e-05,0.1999601,0
1448,24.133333,1.2206938e-05,33.039146,33.039158,-7.6044154e-05,33.039158,0.00010598326,214,214,51,0.002756187,0.01844504,3.860956e-05,0.19995804,0
1449,24.15,1.1450113e-05,33.039085,33.039097,-6.343499e-05,33.039097,0.00010596883,214,214,51,0.002637488,0.017400775,3.3733802e-05,0.19995606,0
1450,24.166666,1.1341107e-05,33.039024,33.039036,-6.0293343e-05,33.039036,0.00010596894,216,216,52,0.0026319611,0.017125446,3.2696254e-05,0.19995415,0
1451,24.183332,1.0189781e-05,33.03897,33.038982,-5.2524145e-05,33.038982,0.000105940584,216,216,52,0.0025307033,0.016951352,3.2541226e-05,0.19995247,0
1452,24.2,9.83167e-06,33.03896,33.03897,-1.2494733e-05,33.03897,0.00010549811,214,214,52,0.0024600655,0.01592733,3.1626336e-05,0.19995102,0
1453,24.216667,9.54318e-06,33.038918,33.03893,-4.151975e-05,33.03893,0.000105363564,214,214,52,0.0023926692,0.015713688,2.9786048e-05,0.19995013,0
1454,24.233334,9.3554445e-06,33.038868,33.03888,-5.0563023e-05,33.03888,0.000105335006,214,214,52,0.0023521464,0.01565815,2.887822e-05,0.1999485,0
1455,24.25,9.219705e-06,33.03882,33.038826,-5.1009793e-05,33.038826,0.00010532086,214,214,52,0.0023234105,0.015594818,2.8098118e-05,0.19994687,0
1456,24.266666,9.110876e-06,33.03877,33.038776,-5.0151608e-05,33.038776,0.00010524299,214,214,52,0.0023008843,0.015520584,2.7394826e-05,0.19994524,0
1457,24.283333,9.015746e-06,33.03871,33.038723,-5.3961776e-05,33.038723,0.00010518238,214,214,52,0.0022814136,0.01543705,2.7116263e-05,0.19994351,0
1458,24.3,8.928624e-06,33.038662,33.03867,-5.145994e-05,33.03867,0.000105103885,214,214,52,0.0022638564,0.01534739,2.6571648e-05,0.19994189,0
1459,24.316668,8.846631e-06,33.03861,33.038616,-5.328362e-05,33.038616,0.00010506612,214,214,52,0.0022473477,0.015256908,2.6301466e-05,0.19994019,0
1460,24.333334,8.757901e-06,33.03856,33.038567,-4.9632745e-05,33.038567,0.0001050454,214,214,52,0.002229122,0.01508385,2.5762394e-05,0.19993864,0
1461,24.35,8.667322e-06,33.03851,33.038517,-5.0465867e-05,33.038517,0.000105086416,216,216,53,0.0022106837,0.014944263,2.5459532e-05,0.19993702,0
1462,24.366667,8.584592e-06,33.038456,33.038467,-5.1621806e-05,33.038467,0.00010500876,217,217,53,0.0021941648,0.014830308,2.4912582e-05,0.19993544,0
1463,24.383333,1.0264155e-05,33.038372,33.038383,-8.294427e-05,33.038383,0.00010579876,217,217,53,0.0025292821,0.014135354,2.7190123e-05,0.1999331,0
1464,24.4,1.13608685e-05,33.038322,33.038334,-4.911232e-05,33.038334,0.00010610296,217,217,53,0.0027741017,0.01516272,3.2940487e-05,0.19993149,0
1465,24.416666,1.2506035e-05,33.038292,33.038307,-2.8448238e-05,33.038307,0.00010599742,217,217,53,0.0030041172,0.016590608,3.7946855e-05,0.1999303,0
1466,24.433332,1.3715513e-05,33.03826,33.038277,-3.0378988e-05,33.038277,0.00010601161,217,217,53,0.0032185283,0.017847337,4.282651e-05,0.19992928,0
1467,24.45,1.2793977e-05,33.038227,33.038242,-3.3673787e-05,33.038242,0.000105990046,217,217,53,0.003065123,0.019303286,4.558088e-05,0.19992828,0
1468,24.466667,9.957345e-06,33.0382,33.038208,-3.193127e-05,33.038208,0.00010591462,217,217,53,0.0024677766,0.016561817,3.5813984e-05,0.1999277,0
1469,24.483334,8.8490415e-06,33.038174,33.03818,-2.7210352e-05,33.03818,0.00010578803,217,217,53,0.0021361893,0.013297675,2.4287121e-05,0.19992709,0
1470,24.5,8.786889e-06,33.038143,33.038155,-2.8491771e-05,33.038155,0.000105784995,217,217,53,0.002083988,0.014568336,1.989111e-05,0.19992627,0
1471,24.516666,8.98181e-06,33.038113,33.03812,-3.189231e-05,33.03812,0.00010580563,217,217,53,0.0021212609,0.015426535,2.0048456e-05,0.19992527,0
1472,24.533333,9.175788e-06,33.038082,33.03809,-3.1061976e-05,33.03809,0.000105741376,217,217,53,0.0021661073,0.015926657,2.1281532e-05,0.19992432,0
1473,24.55,9.308637e-06,33.038048,33.03806,-3.2619402e-05,33.03806,0.00010582289,217,217,53,0.002198565,0.01617311,2.2147775e-05,0.19992329,0
1474,24.566668,9.374971e-06,33.038013,33.038025,-3.4182212e-05,33.038025,0.000105874205,217,217,53,0.0022155477,0.016251363,2.2915345e-05,0.19992216,0
1475,24.583334,9.374215e-06,33.037983,33.037994,-3.1256714e-05,33.037994,0.00010583891,216,216,53,0.0022236442,0.016169917,2.3406696e-05,0.19992127,0
1476,24.6,9.309139e-06,33.037952,33.03796,-3.1154774e-05,33.03796,0.00010588936,216,216,53,0.0022244172,0.015521705,2.3121649e-05,0.1999203,0
1477,24.616667,9.21586e-06,33.03792,33.037933,-2.885541e-05,33.037933,0.0001058092,213,213,52,0.0021898902,0.015715642,2.2791324e-05,0.19991939,0
1478,24.633333,9.090627e-06,33.03789,33.037903,-3.0882424e-05,33.037903,0.00010579099,213,213,52,0.0021614376,0.01545807,2.1903814e-05,0.19991842,0
1479,24.65,8.95632e-06,33.037857,33.03787,-3.4382854e-05,33.03787,0.000105769526,213,213,52,0.0021330535,0.015160692,2.100261e-05,0.19991744,0
1480,24.666666,8.809471e-06,33.037827,33.037838,-3.0904037e-05,33.037838,0.000105741216,213,213,52,0.002098006,0.014862102,1.9904923e-05,0.19991656,0
1481,24.683332,8.673924e-06,33.0378,33.037807,-2.9895207e-05,33.037807,0.00010578718,213,213,52,0.002069249,0.014547133,1.9192521e-05,0.19991568,0
1482,24.7,8.549676e-06,33.03777,33.037777,-2.8553866e-05,33.037777,0.00010573285,213,213,52,0.0020440058,0.014248448,1.8325958e-05,0.19991483,0
1483,24.716667,8.429477e-06,33.03774,33.037746,-3.0378624e-05,33.037746,0.00010570304,214,214,53,0.0020172973,0.01393373,1.7338734e-05,0.19991396,0
1484,24.733334,8.324751e-06,33.03771,33.03772,-2.9531875e-05,33.03772,0.00010576017,214,214,53,0.0019948687,0.013662021,1.6622773e-05,0.19991311,0
1485,24.75,8.2281385e-06,33.037678,33.037685,-3.1518823e-05,33.037685,0.000105754436,214,214,53,0.001976697,0.0132964365,1.576783e-05,0.19991235,0
1486,24.766666,8.152288e-06,33.03765,33.03766,-2.850547e-05,33.03766,0.00010577647,214,214,53,0.0019547993,0.013264655,1.527018e-05,0.19991153,0
1487,24.783333,8.0857535e-06,33.037624,33.037632,-2.7332368e-05,33.037632,0.00010565083,215,215,53,0.0019463233,0.013050694,1.45866725e-05,0.19991082,0
1488,24.8,8.028662e-06,33.037594,33.0376,-2.881922e-05,33.0376,0.000105671155,215,215,53,0.0019308842,0.012906885,1.4360365e-05,0.19991003,0
1489,24.816668,7.976795e-06,33.037563,33.03757,-3.0144036e-05,33.03757,0.00010572164,215,215,53,0.0019188294,0.012788338,1.3718414e-05,0.19990927,0
1490,24.833334,8.640528e-06,33.037533,33.03754,-3.1756008e-05,33.03754,0.00010561677,215,215,53,0.0020781006,0.009268714,1.263916e-05,0.19990821,0
1491,24.85,1.0367514e-05,33.03748,33.03749,-5.047711e-05,33.03749,0.00010563668,215,215,53,0.0026370534,0.012311483,2.547362e-05,0.19990622,0
1492,24.866667,1.2500455e-05,33.037434,33.037445,-4.5249755e-05,33.037445,0.00010546209,215,215,53,0.0030564796,0.014282563,3.745561e-05,0.19990432,0
1493,24.883333,1.3304823e-05,33.037376,33.037388,-5.538985e-05,33.037388,0.000105567575,215,215,53,0.0031949733,0.01504329,4.3098196e-05,0.19990218,0
1494,24.9,1.3281326e-05,33.03732,33.03733,-5.7880265e-05,33.03733,0.00010560371,214,214,52,0.003187894,0.015086563,4.4044562e-05,0.19990003,0
1495,24.916666,1.3028793e-05,33.037262,33.037273,-5.6613007e-05,33.037273,0.000105554565,214,214,52,0.0031422877,0.014930885,4.335806e-05,0.1998979,0
1496,24.933332,1.2742276e-05,33.037205,33.037216,-5.664699e-05,33.037216,0.00010558727,214,214,52,0.0030892375,0.014711499,4.2291227e-05,0.19989583,0
1497,24.95,1.2468666e-05,33.03716,33.03717,-4.5661247e-05,33.03717,0.000105563304,213,213,52,0.0030390313,0.014478096,4.1139134e-05,0.19989412,0
1498,24.966667,1.2244004e-05,33.037117,33.03713,-4.4448512e-05,33.03713,0.00010561028,212,212,52,0.0029972494,0.01428734,4.0245715e-05,0.19989236,0
1499,24.983334,1.2047661e-05,33.037075,33.037086,-3.9432543e-05,33.037086,0.00010561185,212,212,52,0.002960267,0.014099367,3.939835e-05,0.19989084,0
1500,25,1.18712605e-05,33.037052,33.037064,-2.4615896e-05,33.037064,0.00010568941,212,212,52,0.0029265361,0.013930542,3.8625723e-05,0.19988963,0
1501,25.016666,1.1714957e-05,33.03703,33.03704,-2.2434486e-05,33.03704,0.00010563655,212,212,52,0.00289636,0.013776696,3.7969916e-05,0.19988868,0
1502,25.033333,1.1578918e-05,33.037006,33.037018,-2.3578004e-05,33.037018,0.00010567551,212,212,52,0.0028698982,0.013640754,3.739882e-05,0.19988759,0
1503,25.05,1.1468836e-05,33.036983,33.036995,-2.3884559e-05,33.036995,0.000105732324,212,212,52,0.002848223,0.013526284,3.6849844e-05,0.19988662,0
1504,25.066668,1.1373323e-05,33.03696,33.036972,-2.2041184e-05,33.036972,0.00010561787,212,212,52,0.0028292774,0.013422464,3.639377e-05,0.1998856,0
1505,25.083334,1.1286354e-05,33.03694,33.036953,-1.8873794e-05,33.036953,0.00010561511,212,212,52,0.0028119048,0.0133253755,3.6068937e-05,0.19988467,0
1506,25.1,1.1204507e-05,33.036922,33.036934,-2.0198711e-05,33.036934,0.00010555331,212,212,52,0.0027955335,0.013233222,3.5658206e-05,0.19988373,0
1507,25.116667,1.1125161e-05,33.036892,33.036903,-2.834271e-05,33.036903,0.00010556873,212,212,52,0.00277963,0.013143866,3.5287514e-05,0.1998826,0
1508,25.133333,1.1049075e-05,33.03687,33.03688,-2.4848094e-05,33.03688,0.00010548847,212,212,52,0.0027642932,0.013057309,3.4989902e-05,0.19988094,0
1509,25.15,1.0972977e-05,33.036846,33.036858,-2.3351808e-05,33.036858,0.000105525854,212,212,52,0.0027488437,0.012963633,3.4620673e-05,0.19988059,0
1510,25.166666,1.0275067e-05,33.036823,33.03683,-2.4139876e-05,33.03683,0.00010553033,213,213,52,0.0026072187,0.012447405,3.342417e-05,0.19987965,0
1511,25.183332,9.622786e-06,33.0368,33.036808,-2.3927993e-05,33.036808,0.000105658626,214,214,52,0.0024322965,0.011709309,2.8539216e-05,0.19987851,0
1512,25.2,8.879969e-06,33.036777,33.036785,-2.1857211e-05,33.036785,0.000105669395,214,214,52,0.0022598256,0.00934652,2.4712464e-05,0.19987775,0
1513,25.216667,8.949727e-06,33.036755,33.036766,-2.1875912e-05,33.036766,0.00010560305,214,214,52,0.0022437603,0.010301937,2.1703549e-05,0.19987683,0
1514,25.233334,8.823627e-06,33.036736,33.036743,-2.107424e-05,33.036743,0.00010556479,214,214,52,0.0022145188,0.009578066,2.0760503e-05,0.19987597,0
1515,25.25,8.670097e-06,33.03671,33.036716,-2.5091793e-05,33.036716,0.00010555258,214,214,52,0.0021999495,0.008940448,2.0816355e-05,0.19987477,0
1516,25.266666,8.639529e-06,33.03669,33.036697,-1.9648667e-05,33.036697,0.00010553361,214,214,52,0.0021719844,0.010425102,1.9774641e-05,0.19987409,0
1517,25.283333,7.873431e-06,33.036663,33.03667,-2.8530696e-05,33.03667,0.000105756655,214,214,52,0.001886001,0.010990806,1.4849669e-05,0.1998733,0
1518,25.3,8.36512e-06,33.036655,33.036663,-5.992259e-06,33.036663,0.00010567957,214,214,52,0.002101656,0.013843307,1.17443105e-05,0.19987331,0
1519,25.316668,9.926515e-06,33.036633,33.03664,-2.2213082e-05,33.03664,0.00010586977,214,214,52,0.0024990554,0.017737685,2.4443385e-05,0.19987309,0
1520,25.333334,9.005033e-06,33.036606,33.036613,-2.7854807e-05,33.036613,0.000105802756,214,214,52,0.002011842,0.0054912893,2.1986343e-05,0.19987231,0
1521,25.35,8.2848255e-06,33.03659,33.0366,-1.5849419e-05,33.0366,0.000105653715,214,214,52,0.0018970254,0.011469108,7.665818e-06,0.19987158,0
1522,25.366667,7.570017e-06,33.036564,33.03657,-2.5486816e-05,33.03657,0.000105904954,213,213,52,0.001864644,0.0070089702,3.7006232e-06,0.19987094,0
1523,25.383333,7.706386e-06,33.036545,33.036552,-1.9647985e-05,33.036552,0.00010580525,213,213,52,0.0018521715,0.00939803,4.6078653e-06,0.1998703,0
1524,25.4,7.740452e-06,33.036522,33.03653,-2.3906665e-05,33.03653,0.00010578549,213,213,52,0.001838805,0.012128157,4.493433e-06,0.19986956,0
1525,25.416666,8.008753e-06,33.036507,33.036514,-1.5692187e-05,33.036514,0.000105751824,213,213,52,0.0019164401,0.0075809546,4.0945874e-06,0.19986899,0
1526,25.433332,8.466142e-06,33.036476,33.036488,-2.7639719e-05,33.036488,0.00010577108,213,213,52,0.0019172603,0.012097866,4.985099e-06,0.1998682,0
1527,25.45,8.483735e-06,33.03646,33.03647,-1.8270466e-05,33.03647,0.00010573832,213,213,52,0.0019137831,0.012518257,5.0253616e-06,0.19986758,0
1528,25.466667,8.306469e-06,33.036434,33.03644,-2.4616764e-05,33.03644,0.00010581307,214,214,52,0.0018984476,0.011847509,4.9236182e-06,0.19986688,0
1529,25.483334,8.2415645e-06,33.036415,33.036423,-1.9516749e-05,33.036423,0.00010570762,214,214,52,0.0018995993,0.010594287,4.917943e-06,0.19986618,0
1530,25.5,8.171624e-06,33.036392,33.0364,-2.301314e-05,33.0364,0.00010574789,214,214,52,0.0018752839,0.012238522,4.7142053e-06,0.19986552,0
1531,25.516666,7.988153e-06,33.036377,33.036385,-1.5811449e-05,33.036385,0.00010553886,214,214,52,0.0018779135,0.009936538,4.992011e-06,0.19986501,0
1532,25.533333,8.158131e-06,33.036358,33.036366,-1.9946887e-05,33.036366,0.00010569087,215,215,52,0.0019334545,0.0050450964,4.543185e-06,0.19986425,0
1533,25.55,8.15184e-06,33.036343,33.03635,-1.5634268e-05,33.03635,0.000105717285,215,215,52,0.0019254633,0.007748777,4.8078177e-06,0.19986375,0
1534,25.566668,8.289362e-06,33.03632,33.036327,-2.2306915e-05,33.036327,0.000105798725,215,215,52,0.0018880041,0.011581032,4.9238474e-06,0.19986308,0
1535,25.583334,8.212322e-06,33.036297,33.036304,-2.1856455e-05,33.036304,0.00010579904,215,215,52,0.0019431866,0.0045913267,4.840549e-06,0.19986235,0
1536,25.6,8.009289e-06,33.03627,33.036278,-2.6305082e-05,33.036278,0.00010583665,215,215,52,0.0018960172,0.0074605066,5.109323e-06,0.19986162,0
1537,25.616667,8.384221e-06,33.036243,33.03625,-2.5727117e-05,33.03625,0.00010588018,215,215,52,0.001927226,0.009019563,4.9464065e-06,0.19986038,0
1538,25.633333,8.355068e-06,33.036232,33.03624,-1.1999518e-05,33.03624,0.00010575033,215,215,52,0.0018921759,0.012594351,4.6328105e-06,0.19986032,0
1539,25.65,8.5609445e-06,33.036217,33.03623,-1.3759551e-05,33.03623,0.000105733074,215,215,52,0.0019339139,0.01083949,4.9211394e-06,0.19985981,0
1540,25.666666,7.720309e-06,33.036198,33.036205,-2.262005e-05,33.036205,0.00010569376,215,215,52,0.0018746568,0.005340549,5.2209703e-06,0.19985911,0
1541,25.683332,7.3846472e-06,33.036163,33.03617,-3.2422893e-05,33.03617,0.00010586404,211,211,51,0.0018419625,0.0035760007,4.6991245e-06,0.19985826,0
1542,25.7,7.996325e-06,33.03614,33.036148,-2.1999014e-05,33.036148,0.00010586042,211,211,51,0.0018775675,0.009201906,5.330565e-06,0.19985755,0
1543,25.716667,7.4798118e-06,33.036125,33.036133,-1.6643255e-05,33.036133,0.00010572856,211,211,51,0.0018538153,0.0055492674,4.524846e-06,0.19985697,0
1544,25.733334,7.883836e-06,33.036106,33.036114,-1.9879097e-05,33.036114,0.000105641004,210,210,51,0.00188951,0.0046947626,4.4778444e-06,0.19985634,0
1545,25.75,7.837545e-06,33.036087,33.036095,-1.8500603e-05,33.036095,0.00010565463,210,210,51,0.0018496864,0.010376702,4.876775e-06,0.19985576,0
1546,25.766666,8.881678e-06,33.03607,33.03608,-1.5082611e-05,33.03608,0.0001056105,210,210,51,0.0018972931,0.022579566,5.3066537e-06,0.19985476,0
1547,25.783333,1.0483826e-05,33.03606,33.036068,-1.0700727e-05,33.036068,0.00010573673,211,211,52,0.002014024,0.044100672,1.0051802e-05,0.19985387,0
1548,25.8,1.2895411e-05,33.036015,33.036026,-4.1812265e-05,33.036026,0.000105679916,211,211,52,0.0023479012,0.0492236,1.8814746e-05,0.19985181,0
1549,25.816668,1.308189e-05,33.035973,33.035988,-4.1044783e-05,33.035988,0.000105903484,211,211,52,0.0024652136,0.050300457,2.3898276e-05,0.19984958,0
1550,25.833334,1.3343077e-05,33.035942,33.035954,-3.2158554e-05,33.035954,0.0001059423,211,211,52,0.002524025,0.0506021,2.544129e-05,0.19984795,0
1551,25.85,1.3892605e-05,33.0359,33.03591,-4.1014242e-05,33.03591,0.00010600232,211,211,52,0.0025693479,0.051275216,2.7298638e-05,0.19984587,0
1552,25.866667,1.3078703e-05,33.035862,33.035873,-3.805504e-05,33.035873,0.00010595246,211,211,52,0.0025215433,0.0503885,2.7016298e-05,0.1998436,0
1553,25.883333,1.2734521e-05,33.035835,33.035847,-2.6944996e-05,33.035847,0.00010595777,211,211,52,0.0024811036,0.0494914,2.7126145e-05,0.19984244,0
1554,25.9,1.2874997e-05,33.035797,33.03581,-3.8763214e-05,33.03581,0.00010607267,211,211,52,0.0024956095,0.048852548,2.6498097e-05,0.19984059,0
1555,25.916666,1.2986988e-05,33.03576,33.035774,-3.679664e-05,33.035774,0.00010602009,211,211,52,0.002449401,0.04853233,2.6412104e-05,0.19983871,0
1556,25.933332,1.3330448e-05,33.035732,33.035748,-2.6589863e-05,33.035748,0.00010593515,211,211,52,0.002518406,0.04718579,2.5267713e-05,0.1998372,0
1557,25.95,1.2596084e-05,33.035698,33.03571,-3.6146695e-05,33.03571,0.000105886684,211,211,52,0.0024412503,0.046182986,2.4851759e-05,0.19983557,0
1558,25.966667,1.2422113e-05,33.035664,33.03568,-3.2427455e-05,33.03568,0.00010582967,211,211,52,0.0024186627,0.045542523,2.4423189e-05,0.19983402,0
1559,25.983334,1.215408e-05,33.03563,33.03564,-3.6677895e-05,33.03564,0.000105994826,213,213,53,0.0023963898,0.044521403,2.3736944e-05,0.19983236,0
1560,26,1.11929685e-05,33.035595,33.035606,-3.371336e-05,33.035606,0.00010599891,213,213,53,0.0022988822,0.04343486,2.2852966e-05,0.19983086,0
1561,26.016666,1.2310594e-05,33.03556,33.035572,-3.3795943e-05,33.035572,0.000106085514,213,213,53,0.002358051,0.04327638,2.2784145e-05,0.19982901,0
1562,26.033333,1.1078805e-05,33.035534,33.035545,-2.7333836e-05,33.035545,0.00010610324,215,215,53,0.0022675146,0.041813713,2.1378246e-05,0.1998278,0
1563,26.05,1.092686e-05,33.0355,33.03551,-3.4566747e-05,33.03551,0.000106060616,217,217,54,0.0022058212,0.0418532,2.1342183e-05,0.19982594,0
1564,26.066668,1.1310976e-05,33.035473,33.035484,-2.7047972e-05,33.035484,0.00010599924,217,217,54,0.0022615364,0.04057867,2.0234265e-05,0.19982474,0
1565,26.083334,1.1541469e-05,33.035442,33.035454,-2.9861678e-05,33.035454,0.00010596595,217,217,54,0.0022809918,0.03992662,2.0083557e-05,0.19982335,0
1566,26.1,1.0913547e-05,33.035404,33.035416,-4.0362887e-05,33.035416,0.00010614271,217,217,54,0.0022224793,0.03963226,1.9791061e-05,0.19982187,0
1567,26.116667,1.0912634e-05,33.035378,33.03539,-2.5936706e-05,33.03539,0.00010597047,217,217,54,0.0022113833,0.03867362,1.9393892e-05,0.19982053,0
1568,26.133333,1.0815761e-05,33.035343,33.035355,-3.36804e-05,33.035355,0.0001060317,216,216,54,0.0022055635,0.03773045,1.8727993e-05,0.19981863,0
1569,26.15,1.12634125e-05,33.035305,33.035316,-3.928731e-05,33.035316,0.000105975676,216,216,54,0.0022041346,0.03767167,1.8332887e-05,0.19981715,0
1570,26.166666,1.0035294e-05,33.03528,33.03529,-2.6831402e-05,33.03529,0.00010588415,216,216,54,0.0021173959,0.036597073,1.7745173e-05,0.1998162,0
1571,26.183332,1.0358023e-05,33.035244,33.035255,-3.292829e-05,33.035255,0.000105993626,216,216,54,0.0021404575,0.036265895,1.73016e-05,0.19981474,0
1572,26.2,1.1096349e-05,33.03521,33.035217,-3.6502814e-05,33.035217,0.00010598385,216,216,54,0.0021848318,0.036155954,1.6575019e-05,0.19981354,0
1573,26.216667,1.04347255e-05,33.03518,33.03519,-2.9590008e-05,33.03519,0.000105886465,213,213,53,0.0021018076,0.035085104,1.6523723e-05,0.19981164,0
1574,26.233334,8.067392e-06,33.035126,33.035137,-5.390641e-05,33.035137,0.0001059845,212,212,53,0.0019122087,0.006663403,1.5701322e-05,0.19980833,0
1575,26.25,8.146119e-06,33.03508,33.035088,-4.6140183e-05,33.035088,0.00010602211,212,212,53,0.0019066143,0.0068114996,5.3994127e-06,0.19980708,0
1576,26.266666,7.650642e-06,33.03506,33.03507,-1.9614812e-05,33.03507,0.00010597229,212,212,53,0.0018387532,0.008446618,4.3212244e-06,0.1998067,0
1577,26.283333,7.3318593e-06,33.035038,33.035046,-2.3927005e-05,33.035046,0.00010595861,212,212,53,0.0018115274,0.008305445,4.4846643e-06,0.19980584,0
1578,26.3,8.012487e-06,33.035015,33.035027,-2.0932534e-05,33.035027,0.00010573786,212,212,53,0.0019182243,0.006591935,4.907572e-06,0.19980527,0
1579,26.316668,8.005252e-06,33.03498,33.03499,-3.541957e-05,33.03499,0.00010602339,212,212,53,0.0019052133,0.009097977,4.4938174e-06,0.19980437,0
1580,26.333334,8.425802e-06,33.03496,33.03497,-2.052759e-05,33.03497,0.000105884166,212,212,53,0.0019243882,0.010271461,4.629869e-06,0.19980365,0
1581,26.35,7.906616e-06,33.034943,33.03495,-1.9638519e-05,33.03495,0.0001057807,212,212,53,0.0018878388,0.006741153,4.610408e-06,0.19980316,0
1582,26.366667,8.448323e-06,33.03491,33.034916,-3.2709308e-05,33.034916,0.00010576799,212,212,53,0.0019737636,0.0058192033,4.944956e-06,0.19980226,0
1583,26.383333,7.675416e-06,33.034885,33.034893,-2.3051087e-05,33.034893,0.00010574091,212,212,53,0.0018705847,0.0041027716,4.372574e-06,0.1998017,0
1584,26.4,8.047961e-06,33.03486,33.034866,-2.6228268e-05,33.034866,0.000105627485,213,213,53,0.0019008933,0.004869506,5.0219946e-06,0.19980092,0
1585,26.416666,7.53675e-06,33.034824,33.034832,-3.4094737e-05,33.034832,0.00010569336,215,215,53,0.0018503348,0.004137997,4.1493904e-06,0.19979958,0
1586,26.433332,7.928141e-06,33.0348,33.03481,-2.3715596e-05,33.03481,0.00010568013,215,215,53,0.0019063412,0.0034183164,4.2191737e-06,0.19979933,0
1587,26.45,7.931712e-06,33.03478,33.034786,-2.393716e-05,33.034786,0.00010562259,215,215,53,0.0018854545,0.008301714,4.0793907e-06,0.19979829,0
1588,26.466667,8.291525e-06,33.03475,33.03476,-2.424594e-05,33.03476,0.00010560359,215,215,53,0.0019242128,0.0046381988,4.5653615e-06,0.19979793,0
1589,26.483334,8.326534e-06,33.03472,33.03473,-3.1719712e-05,33.03473,0.00010568446,215,215,53,0.0019067096,0.010170633,4.779506e-06,0.19979714,0
1590,26.5,8.27504e-06,33.03469,33.0347,-3.0974938e-05,33.0347,0.00010566564,215,215,53,0.0019313596,0.0076635755,4.714596e-06,0.19979627,0
1591,26.516666,7.838829e-06,33.03466,33.034668,-2.8699575e-05,33.034668,0.00010564529,215,215,53,0.0018619238,0.0097631635,3.8761377e-06,0.19979556,0
1592,26.533333,5.587046e-06,33.034756,33.034763,9.3178634e-05,33.034763,0.00010532195,215,215,53,0.0016183123,0.004271559,4.194269e-06,0.1997972,0
1593,26.55,5.763438e-06,33.03478,33.034786,2.2288317e-05,33.034786,0.000105019804,212,212,52,0.0016105355,0.0036297801,4.1336316e-06,0.19979736,0
1594,26.566668,5.9560834e-06,33.034763,33.03477,-1.4936567e-05,33.03477,0.00010494484,212,212,52,0.0016245466,0.0045393184,6.541596e-06,0.1997969,0
1595,26.583334,5.7431735e-06,33.034744,33.034748,-2.1992326e-05,33.034748,0.00010493507,212,212,52,0.0015953105,0.0043273023,6.427227e-06,0.1997962,0
1596,26.6,5.9585464e-06,33.03472,33.03473,-2.0566513e-05,33.03473,0.00010499591,212,212,52,0.001633789,0.0040174616,6.3582715e-06,0.19979556,0
1597,26.616667,5.8351648e-06,33.0347,33.034702,-2.3897857e-05,33.034702,0.00010487131,212,212,52,0.0016163035,0.004296457,6.5360077e-06,0.1997945,0
1598,26.633333,5.785203e-06,33.03467,33.03468,-2.4655714e-05,33.03468,0.000104873274,212,212,52,0.0016109658,0.0036251901,6.5562795e-06,0.1997934,0
1599,26.65,6.313197e-06,33.03465,33.034653,-2.5407799e-05,33.034653,0.000104867635,212,212,52,0.0016879191,0.0039737546,6.792367e-06,0.1997931,0
1600,26.666666,5.9476624e-06,33.034615,33.034622,-3.295153e-05,33.034622,0.000104814295,212,212,52,0.0016382792,0.004260251,7.0793985e-06,0.19979212,0
1601,26.683332,6.023333e-06,33.034584,33.03459,-2.901897e-05,33.03459,0.000104875595,212,212,52,0.0016496881,0.004107114,6.981451e-06,0.1997913,0
1602,26.7,6.0652433e-06,33.034565,33.034573,-2.0739975e-05,33.034573,0.00010482005,212,212,52,0.0016531821,0.0072193947,6.7287183e-06,0.1997906,0
1603,26.716667,5.992922e-06,33.03454,33.034546,-2.7005644e-05,33.034546,0.00010481635,212,212,52,0.0016410807,0.0034780193,7.0138562e-06,0.19978967,0
1604,26.733334,5.794105e-06,33.03452,33.034523,-2.0980702e-05,33.034523,0.000104873114,212,212,52,0.0016203697,0.004564107,6.76098e-06,0.19978909,0
1605,26.75,5.973926e-06,33.034485,33.034492,-3.0743624e-05,33.034492,0.000104818195,212,212,52,0.0016431105,0.007211265,6.690454e-06,0.19978817,0
1606,26.766666,6.104338e-06,33.03446,33.034462,-2.9961759e-05,33.034462,0.000104882114,212,212,52,0.0016477156,0.009445528,6.759642e-06,0.19978729,0
1607,26.783333,5.953918e-06,33.03443,33.03444,-2.3924897e-05,33.03444,0.00010487936,212,212,52,0.0016350899,0.004210304,7.0931796e-06,0.1997865,0
1608,26.8,6.064804e-06,33.034412,33.034416,-2.0837255e-05,33.034416,0.00010488174,212,212,52,0.0016487624,0.006905282,6.7334813e-06,0.19978578,0
1609,26.816668,6.445011e-06,33.034374,33.03438,-3.519838e-05,33.03438,0.00010482187,212,212,52,0.0017095571,0.0038596839,6.690133e-06,0.19978483,0
1610,26.833334,5.9321856e-06,33.034355,33.03436,-2.229224e-05,33.03436,0.00010488201,212,212,52,0.0016364435,0.0048209396,6.5320824e-06,0.19978404,0
1611,26.85,6.0363495e-06,33.034317,33.03432,-3.830076e-05,33.03432,0.00010483085,212,212,52,0.0016576184,0.0033741705,6.5090453e-06,0.19978283,0
1612,26.866667,5.95818e-06,33.034294,33.0343,-2.06938e-05,33.0343,0.000104886116,212,212,52,0.0016398239,0.004747995,6.45541e-06,0.19978176,0
1613,26.883333,6.0274574e-06,33.03427,33.034275,-2.470273e-05,33.034275,0.000104832056,212,212,52,0.0016506905,0.003689111,6.707301e-06,0.19978157,0
1614,26.9,5.917431e-06,33.03424,33.03425,-2.9204666e-05,33.03425,0.00010488406,211,211,51,0.001628904,0.00405137,6.6967714e-06,0.19978063,0
1615,26.916666,5.919305e-06,33.034218,33.03422,-2.4770134e-05,33.03422,0.000104824976,211,211,51,0.0016361116,0.00459475,6.2851823e-06,0.19977978,0
1616,26.933332,6.3866223e-06,33.03418,33.034187,-3.4945013e-05,33.034187,0.000104824074,211,211,51,0.0017001332,0.004594557,6.154734e-06,0.19977893,0
1617,26.95,6.053363e-06,33.034153,33.034157,-2.9926663e-05,33.034157,0.000104825114,211,211,51,0.0016540585,0.004121974,6.2715794e-06,0.19977762,0
1618,26.966667,5.9955883e-06,33.034122,33.03413,-2.8819904e-05,33.03413,0.000104829676,211,211,51,0.0016465723,0.004485871,6.2076547e-06,0.19977725,0
1619,26.983334,5.953799e-06,33.034103,33.03411,-1.8163593e-05,33.03411,0.00010482321,211,211,51,0.0016351428,0.007354877,6.392876e-06,0.1997766,0
1620,27,6.1313112e-06,33.034073,33.03408,-2.9748402e-05,33.03408,0.000104771294,211,211,51,0.001659096,0.009716661,6.3425327e-06,0.19977565,0
1621,27.016666,6.4432056e-06,33.034042,33.03405,-3.0445295e-05,33.03405,0.00010476737,211,211,51,0.0017053369,0.004005726,6.545571e-06,0.19977483,0
1622,27.033333,7.958064e-06,33.03399,33.033997,-5.467936e-05,33.033997,0.00010502242,211,211,51,0.0022373237,0.018368943,9.18318e-06,0.19977361,0
1623,27.05,1.493477e-05,33.033985,33.034,5.6466647e-06,33.034,0.000104897044,211,211,51,0.0036930453,0.027343538,4.2707918e-05,0.19977364,0
1624,27.066668,2.118575e-05,33.033974,33.033997,-5.386876e-06,33.033997,0.00010481244,212,212,52,0.0045827786,0.032473657,6.469792e-05,0.19977453,0
1625,27.083334,2.4294159e-05,33.033962,33.033985,-9.194466e-06,33.033985,0.00010480673,212,212,52,0.0049727727,0.035306524,7.590351e-05,0.19977489,0
1626,27.1,2.521951e-05,33.033947,33.033974,-1.3040077e-05,33.033974,0.00010477039,212,212,52,0.0050873514,0.035660952,7.986493e-05,0.19977513,0
1627,27.116667,2.5249912e-05,33.033924,33.033947,-2.524037e-05,33.033947,0.000104947445,212,212,52,0.0050914856,0.03654898,8.058386e-05,0.19977576,0
1628,27.133333,1.9241214e-05,33.033924,33.033943,-3.6811268e-06,33.033943,0.000104921804,212,212,52,0.0037984708,0.011240755,7.650428e-05,0.19977635,0
1629,27.15,1.0619712e-05,33.033897,33.033905,-3.821491e-05,33.033905,0.00010477875,212,212,52,0.0026467524,0.0096793575,4.501759e-05,0.19977564,0
1630,27.166666,7.841831e-06,33.033855,33.033863,-4.517293e-05,33.033863,0.00010483511,212,212,52,0.0020997175,0.008564927,2.6349118e-05,0.19977485,0
1631,27.183332,8.420049e-06,33.033825,33.033836,-2.6355105e-05,33.033836,0.00010485608,212,212,52,0.0021772394,0.0062528537,2.2665654e-05,0.1997744,0
1632,27.2,8.534785e-06,33.0338,33.033806,-2.9644925e-05,33.033806,0.000104957835,212,212,52,0.0022243776,0.008387571,2.5044137e-05,0.19977391,0
1633,27.216667,8.893432e-06,33.033764,33.033775,-3.1894837e-05,33.033775,0.00010491287,212,212,52,0.002302194,0.009344206,2.7442602e-05,0.19977328,0
1634,27.233334,9.140345e-06,33.033733,33.033745,-2.9346491e-05,33.033745,0.000104966,212,212,52,0.0023807627,0.010447051,2.9435434e-05,0.1997729,0
1635,27.25,9.016548e-06,33.033714,33.033722,-2.2235723e-05,33.033722,0.00010496393,212,212,52,0.002416223,0.007933135,3.0601186e-05,0.19977267,0
1636,27.266666,9.072582e-06,33.033684,33.03369,-2.8706096e-05,33.03369,0.00010496603,212,212,52,0.0023477755,0.0059908754,2.8264958e-05,0.19977209,0
1637,27.283333,9.6510885e-06,33.033653,33.03366,-3.1841235e-05,33.03366,0.00010502916,212,212,52,0.002403308,0.008698907,2.9836337e-05,0.1997716,0
1638,27.3,1.0003353e-05,33.03363,33.033638,-2.2757193e-05,33.033638,0.000105086845,212,212,52,0.002479148,0.0070108026,2.9762936e-05,0.1997712,0
1639,27.316668,9.343226e-06,33.0336,33.03361,-2.9089746e-05,33.03361,0.00010502967,212,212,52,0.002374883,0.008845731,2.9826851e-05,0.19977076,0
1640,27.333334,9.096062e-06,33.033577,33.03359,-2.26916e-05,33.03359,0.00010508378,214,214,53,0.0023654483,0.009201508,2.9565845e-05,0.19977039,0
1641,27.35,9.405432e-06,33.03354,33.033546,-3.9093084e-05,33.033546,0.000105029816,214,214,53,0.0024090547,0.008179029,2.9712492e-05,0.1997696,0
1642,27.366667,8.9088e-06,33.033504,33.033516,-3.341514e-05,33.033516,0.00010508698,214,214,53,0.002306247,0.00906152,2.9300289e-05,0.19976912,0
1643,27.383333,9.369617e-06,33.033485,33.033493,-2.0819833e-05,33.033493,0.00010515276,214,214,53,0.0026244398,0.015307582,2.8739134e-05,0.19976877,0
1644,27.4,9.557045e-06,33.033466,33.033478,-1.5773061e-05,33.033478,0.00010508265,214,214,53,0.00239239,0.0058463207,2.889933e-05,0.19976856,0
1645,27.416666,9.001981e-06,33.033432,33.033443,-3.5634886e-05,33.033443,0.000105013816,214,214,53,0.0023109883,0.006068649,2.8912305e-05,0.19976792,0
1646,27.433332,8.862906e-06,33.033398,33.033405,-3.721396e-05,33.033405,0.0001050248,214,214,53,0.0022844877,0.0066354484,2.7807966e-05,0.19976728,0
1647,27.45,8.871431e-06,33.033375,33.033386,-1.9942085e-05,33.033386,0.00010496356,212,212,52,0.0022866966,0.0070752446,2.8442108e-05,0.19976689,0
1648,27.466667,9.202786e-06,33.033333,33.033344,-4.2229945e-05,33.033344,0.00010501806,212,212,52,0.0023184011,0.007442783,2.8529254e-05,0.19976617,0
1649,27.483334,8.812037e-06,33.03332,33.03333,-1.33586445e-05,33.03333,0.00010503176,212,212,52,0.0022671293,0.008675402,2.7670312e-05,0.19976611,0
1650,27.5,1.1707065e-05,33.033226,33.033237,-9.236913e-05,33.033237,0.000105257255,212,212,52,0.0025375609,0.007524559,2.8576356e-05,0.19976416,0
1651,27.516666,1.127314e-05,33.033108,33.03312,-0.00011947256,33.03312,0.00010597164,212,212,52,0.0024491632,0.0070514446,2.6418626e-05,0.19976187,0
1652,27.533333,1.0773876e-05,33.03305,33.033062,-5.5862205e-05,33.033062,0.00010628103,212,212,52,0.0024457276,0.0049349107,2.6103951e-05,0.19976075,0
1653,27.55,1.1192406e-05,33.033016,33.033028,-3.266623e-05,33.033028,0.000106088024,212,212,52,0.0024848543,0.0071540144,2.645741e-05,0.19976026,0
1654,27.566668,1.0748948e-05,33.032978,33.032986,-4.1840973e-05,33.032986,0.0001060752,212,212,52,0.0024601184,0.008647442,2.6766758e-05,0.19975938,0
1655,27.583334,1.1401363e-05,33.03293,33.03294,-4.8060323e-05,33.03294,0.00010606467,212,212,52,0.0026860659,0.011943282,2.7515272e-05,0.19975823,0
1656,27.6,1.0614908e-05,33.032894,33.032906,-3.3871216e-05,33.032906,0.00010593201,212,212,52,0.0024110738,0.0076047597,2.624165e-05,0.19975795,0
1657,27.616667,1.1697342e-05,33.032856,33.032867,-3.6491212e-05,33.032867,0.000105924206,212,212,52,0.0027360718,0.01463288,2.631898e-05,0.1997573,0
1658,27.633333,1.0898269e-05,33.032818,33.03283,-4.0700295e-05,33.03283,0.00010586949,212,212,52,0.002417878,0.0068844277,2.548831e-05,0.19975655,0
1659,27.65,1.058307e-05,33.032776,33.032787,-4.1712712e-05,33.032787,0.0001058155,212,212,52,0.0025108012,0.01172863,2.4757706e-05,0.19975582,0
1660,27.666666,1.1110068e-05,33.03274,33.032753,-3.4885335e-05,33.032753,0.00010573598,212,212,52,0.002456037,0.0070530544,2.5237752e-05,0.19975506,0
1661,27.683332,1.0743354e-05,33.032696,33.032707,-4.5588095e-05,33.032707,0.0001057843,213,213,52,0.0025790425,0.013609632,2.5209965e-05,0.19975422,0
1662,27.7,1.03806215e-05,33.032665,33.032673,-3.2117452e-05,33.032673,0.00010581207,213,213,52,0.0023797767,0.00713223,2.5443725e-05,0.19975343,0
1663,27.716667,1.0594172e-05,33.032627,33.032635,-3.7858863e-05,33.032635,0.00010578817,213,213,52,0.0024056074,0.0072625866,2.4894402e-05,0.19975297,0
1664,27.733334,1.0396915e-05,33.032574,33.032585,-5.0572547e-05,33.032585,0.00010585923,213,213,52,0.0024984586,0.010860803,2.5011475e-05,0.19975203,0
1665,27.75,1.0562934e-05,33.032536,33.032547,-3.9568946e-05,33.032547,0.00010567161,213,213,52,0.0025089644,0.012306823,2.441416e-05,0.19975094,0
1666,27.766666,1.03620605e-05,33.032497,33.03251,-3.71095e-05,33.03251,0.00010571513,213,213,52,0.0023383554,0.0057752617,2.3763692e-05,0.19975059,0
1667,27.783333,1.1371983e-05,33.032455,33.032467,-4.288142e-05,33.032467,0.000105841376,213,213,52,0.002640194,0.014282992,2.3854025e-05,0.19974978,0
1668,27.8,1.0376337e-05,33.03241,33.032417,-4.6715795e-05,33.032417,0.000105803214,213,213,52,0.0023460137,0.005778883,2.3711647e-05,0.19974896,0
1669,27.816668,1.0185554e-05,33.032375,33.032387,-3.3940563e-05,33.032387,0.00010569329,213,213,52,0.0023393729,0.007873116,2.2947523e-05,0.1997483,0
1670,27.833334,1.0121894e-05,33.032322,33.032333,-5.176899e-05,33.032333,0.00010582723,213,213,52,0.0023351442,0.007906867,2.268911e-05,0.19974732,0
1671,27.85,9.775961e-06,33.032288,33.032295,-3.6423284e-05,33.032295,0.00010580439,213,213,52,0.0024064488,0.009769842,2.3982962e-05,0.19974677,0
1672,27.866667,1.0098877e-05,33.032246,33.032257,-4.007707e-05,33.032257,0.00010574092,213,213,52,0.0023026553,0.0072711296,2.2112095e-05,0.19974592,0
1673,27.883333,9.920008e-06,33.032196,33.032207,-5.0055394e-05,33.032207,0.00010589666,213,213,52,0.002277467,0.005343253,2.2325608e-05,0.19974503,0
1674,27.9,1.01691185e-05,33.032158,33.03217,-3.732454e-05,33.03217,0.000105739775,213,213,52,0.0023115461,0.0070968047,2.303426e-05,0.19974428,0
1675,27.916666,9.987842e-06,33.03212,33.03213,-4.0082497e-05,33.03213,0.0001057377,213,213,52,0.0022803429,0.004779499,2.3088458e-05,0.1997436,0
1676,27.933332,9.758147e-06,33.03207,33.03208,-4.910869e-05,33.03208,0.000105800245,213,213,52,0.002254651,0.006506276,2.1877997e-05,0.19974256,0
1677,27.95,1.0063286e-05,33.032024,33.032032,-4.7243815e-05,33.032032,0.00010586138,211,211,52,0.0024044502,0.011245135,2.2163618e-05,0.19974172,0
1678,27.966667,9.905557e-06,33.03197,33.031982,-5.0366765e-05,33.031982,0.00010588025,211,211,52,0.0024322537,0.010482064,2.1606687e-05,0.19974083,0
1679,27.983334,1.0540103e-05,33.031933,33.031944,-3.743787e-05,33.031944,0.000105853804,211,211,52,0.0023407682,0.006127273,2.0418132e-05,0.19973998,0
1680,28,1.1075993e-05,33.03189,33.031902,-4.269043e-05,33.031902,0.0001058379,211,211,52,0.0024317456,0.0063556735,2.1476018e-05,0.19973926,0
1681,28.016666,1.0712427e-05,33.03184,33.03185,-5.223515e-05,33.03185,0.0001059788,211,211,52,0.0023358166,0.005785755,2.0912963e-05,0.19973816,0
1682,28.033333,9.644359e-06,33.031784,33.031796,-5.6264755e-05,33.031796,0.00010604553,213,213,53,0.0022281085,0.005674766,2.0045414e-05,0.19973709,0
1683,28.05,9.580907e-06,33.031746,33.031754,-4.0130926e-05,33.031754,0.00010585853,213,213,53,0.0022557923,0.008447773,1.8412198e-05,0.19973648,0
1684,28.066668,9.630286e-06,33.031704,33.031715,-3.951933e-05,33.031715,0.000105799416,213,213,53,0.0022255736,0.0064230245,1.8555964e-05,0.1997357,0
1685,28.083334,9.537307e-06,33.03166,33.031666,-4.8140697e-05,33.031666,0.000105806015,213,213,53,0.0022545096,0.007444905,1.7557713e-05,0.19973479,0
1686,28.1,9.818057e-06,33.03161,33.031616,-4.87645e-05,33.031616,0.000105903324,211,211,52,0.0022846567,0.009257803,1.7000208e-05,0.19973376,0
1687,28.116667,9.585166e-06,33.03157,33.03158,-3.5977733e-05,33.03158,0.00010584307,211,211,52,0.0023073873,0.0075926525,1.9811503e-05,0.19973312,0
1688,28.133333,1.076514e-05,33.031525,33.031536,-4.6701487e-05,33.031536,0.0001058011,211,211,52,0.0024327196,0.007376915,2.0493735e-05,0.19973217,0
1689,28.15,1.0159533e-05,33.03149,33.031498,-3.502041e-05,33.031498,0.000105738545,211,211,52,0.002401221,0.010617042,2.110508e-05,0.19973159,0
1690,28.166666,9.837298e-06,33.031452,33.031464,-3.6732097e-05,33.031464,0.000105732055,211,211,52,0.0022694366,0.005593,2.1575735e-05,0.19973077,0
1691,28.183332,9.922556e-06,33.031403,33.031414,-4.9458755e-05,33.031414,0.000105871244,211,211,52,0.0023961177,0.009953729,2.1921916e-05,0.19973005,0
1692,28.2,9.838444e-06,33.031357,33.03137,-4.5139237e-05,33.03137,0.00010578505,210,210,52,0.0022989092,0.006601448,2.1463768e-05,0.19972911,0
1693,28.216667,1.0085454e-05,33.031315,33.031326,-4.381059e-05,33.031326,0.00010568151,210,210,52,0.0022857196,0.005083561,2.0942398e-05,0.19972833,0
1694,28.233334,9.666528e-06,33.031273,33.03128,-4.3645246e-05,33.03128,0.00010578404,210,210,52,0.0023308878,0.0089826835,2.116398e-05,0.19972743,0
1695,28.25,9.908408e-06,33.03122,33.03123,-5.113094e-05,33.03123,0.000105772895,210,210,52,0.0022588107,0.0052470225,2.0707372e-05,0.19972578,0
1696,28.266666,1.0741678e-05,33.03119,33.0312,-3.058894e-05,33.0312,0.000105697785,210,210,52,0.0023669258,0.006359578,2.1061927e-05,0.19972591,0
1697,28.283333,9.78366e-06,33.03113,33.031143,-5.6487217e-05,33.031143,0.00010578919,209,209,52,0.0022967446,0.0063694767,2.026667e-05,0.19972484,0
1698,28.3,9.733334e-06,33.031086,33.031094,-4.759928e-05,33.031094,0.00010579371,208,208,52,0.0023364464,0.009796688,1.9838839e-05,0.199724,0
1699,28.316668,1.2167229e-05,33.03104,33.03105,-4.3951273e-05,33.03105,0.00010587587,208,208,52,0.0024778356,0.0058319247,2.041412e-05,0.19972306,0
1700,28.333334,1.1325436e-05,33.03101,33.03102,-3.1598982e-05,33.03102,0.00010573582,207,207,52,0.0026308205,0.015683714,2.2636747e-05,0.1997226,0
1701,28.35,1.2560748e-05,33.030968,33.03098,-4.066097e-05,33.03098,0.00010576432,207,207,52,0.0030001407,0.019166606,3.452832e-05,0.19972245,0
1702,28.366667,1.3662699e-05,33.030933,33.030945,-3.2315318e-05,33.030945,0.000105719024,207,207,52,0.0032233757,0.021651624,4.160504e-05,0.19972223,0
1703,28.383333,1.4298773e-05,33.0309,33.030914,-3.3944983e-05,33.030914,0.00010573851,208,208,52,0.003339566,0.02249617,4.5075758e-05,0.19972232,0
1704,28.4,1.4867285e-05,33.03086,33.030876,-3.5342586e-05,33.030876,0.0001057269,208,208,52,0.003402497,0.022313325,4.6667607e-05,0.19972226,0
1705,28.416666,1.462481e-05,33.03083,33.030846,-3.282847e-05,33.030846,0.000105678635,208,208,52,0.0033892281,0.02231312,4.715464e-05,0.19972214,0
1706,28.433332,1.4621686e-05,33.030792,33.030804,-3.9239323e-05,33.030804,0.0001057194,208,208,52,0.0033890412,0.022851361,4.7217753e-05,0.19972217,0
1707,28.45,1.45094555e-05,33.030746,33.03076,-4.4502336e-05,33.03076,0.00010578213,208,208,52,0.0033650775,0.022138955,4.688972e-05,0.1997218,0
1708,28.466667,1.4692068e-05,33.030704,33.03072,-4.2212432e-05,33.03072,0.00010585953,207,207,52,0.0033462655,0.021565197,4.6007634e-05,0.19972172,0
1709,28.483334,1.4861696e-05,33.030666,33.03068,-3.6905254e-05,33.03068,0.00010585858,207,207,52,0.003331798,0.020641828,4.5286055e-05,0.19972156,0
1710,28.5,1.4835412e-05,33.03064,33.030655,-2.8622158e-05,33.030655,0.00010572487,207,207,52,0.0032985953,0.021409791,4.4428172e-05,0.19972171,0
1711,28.516666,1.3704031e-05,33.03059,33.030605,-4.884659e-05,33.030605,0.00010585421,207,207,52,0.0032114745,0.020544218,4.343406e-05,0.1997214,0
1712,28.533333,1.4248772e-05,33.03056,33.03057,-3.220751e-05,33.03057,0.000105757994,207,207,52,0.003224487,0.02008892,4.2574706e-05,0.19972165,0
1713,28.55,1.41220535e-05,33.03053,33.03054,-3.0551397e-05,33.03054,0.00010580842,207,207,52,0.0031876774,0.019574687,4.1743475e-05,0.19972172,0
1714,28.566668,1.4245409e-05,33.030487,33.030502,-4.0442883e-05,33.030502,0.00010575977,206,206,52,0.0031725913,0.019514292,4.0962255e-05,0.19972157,0
1715,28.583334,1.3553391e-05,33.030453,33.030468,-3.410929e-05,33.030468,0.000105694155,206,206,52,0.00310214,0.019312015,4.031433e-05,0.19972195,0
1716,28.6,1.33666745e-05,33.030396,33.03041,-5.654719e-05,33.03041,0.00010592111,206,206,52,0.0030695358,0.018436028,3.9403945e-05,0.19972157,0
1717,28.616667,1.33680505e-05,33.03036,33.030373,-3.7239763e-05,33.030373,0.00010576142,206,206,52,0.003038712,0.018403606,3.860629e-05,0.19972152,0
1718,28.633333,1.2718915e-05,33.030327,33.03034,-3.4897683e-05,33.03034,0.00010577,206,206,52,0.0029668752,0.018168624,3.7653142e-05,0.19972154,0
1719,28.65,1.1910551e-05,33.03027,33.03028,-5.5838795e-05,33.03028,0.000105750296,206,206,52,0.0028816822,0.018168146,3.6911035e-05,0.19972105,0
1720,28.666666,1.1889499e-05,33.030224,33.030235,-4.8235026e-05,33.030235,0.00010578399,206,206,52,0.002857101,0.017485216,3.6127505e-05,0.19972055,0
1721,28.683332,1.236432e-05,33.030174,33.03019,-4.6076602e-05,33.03019,0.000105737214,205,205,52,0.0028795032,0.017236408,3.5431338e-05,0.1997204,0
1722,28.7,1.1529212e-05,33.030136,33.030148,-3.9240032e-05,33.030148,0.00010572212,205,205,52,0.0027972762,0.017086167,3.4631743e-05,0.19972011,0
1723,28.716667,1.2021531e-05,33.030087,33.030098,-5.154552e-05,33.030098,0.00010577184,205,205,52,0.0028159546,0.016857611,3.401166e-05,0.19971971,0
1724,28.733334,1.2188547e-05,33.03003,33.03004,-5.569469e-05,33.03004,0.000105777486,205,205,52,0.0028059832,0.016433684,3.313895e-05,0.19971903,0
1725,28.75,1.1229687e-05,33.029976,33.029987,-5.432674e-05,33.029987,0.00010582051,205,205,52,0.002700912,0.01610277,3.2435408e-05,0.1997186,0
1726,28.766666,1.2025175e-05,33.029926,33.029938,-4.8748527e-05,33.029938,0.00010578603,205,205,52,0.0027539514,0.016076338,3.1702566e-05,0.19971797,0
1727,28.783333,1.0861293e-05,33.029877,33.02989,-5.120666e-05,33.02989,0.00010577499,205,205,52,0.0026378972,0.015598609,3.1039224e-05,0.1997175,0
1728,28.8,1.0643623e-05,33.029823,33.029835,-5.292053e-05,33.029835,0.00010585757,205,205,52,0.0026048115,0.015326345,3.0292013e-05,0.19971699,0
1729,28.816668,1.1708958e-05,33.029778,33.02979,-4.6982383e-05,33.02979,0.00010587677,202,202,51,0.0026832675,0.015123065,2.9553452e-05,0.19971646,0
1730,28.833334,1.0432532e-05,33.029724,33.029736,-5.1651714e-05,33.029736,0.00010573605,202,202,51,0.0025461663,0.015071274,2.9019926e-05,0.19971585,0
1731,28.85,1.036246e-05,33.029667,33.02968,-5.759433e-05,33.02968,0.000105802916,202,202,51,0.0025325627,0.014660321,2.8340706e-05,0.19971526,0
1732,28.866667,1.0136769e-05,33.029613,33.02962,-5.5588633e-05,33.02962,0.000105761144,202,202,51,0.0024902602,0.01444324,2.7590357e-05,0.19971462,0
1733,28.883333,1.0872328e-05,33.02955,33.029556,-6.443643e-05,33.029556,0.00010576004,202,202,51,0.002533256,0.014329764,2.6893338e-05,0.19971366,0
1734,28.9,9.684346e-06,33.02949,33.029503,-5.5220884e-05,33.029503,0.00010583577,201,201,50,0.0024161418,0.013990765,2.6173428e-05,0.19971311,0
1735,28.916666,9.859186e-06,33.029434,33.02944,-5.9843245e-05,33.02944,0.00010578175,201,201,50,0.002414623,0.0137856295,2.5530253e-05,0.19971247,0
1736,28.933332,1.0459105e-05,33.029373,33.029385,-5.958442e-05,33.029385,0.00010581887,201,201,50,0.002448356,0.013455178,2.483127e-05,0.1997116,0
1737,28.95,1.00084235e-05,33.029305,33.029316,-6.844901e-05,33.029316,0.00010589394,201,201,50,0.002384189,0.013242116,2.4234601e-05,0.19971061,0
1738,28.966667,1.0135834e-05,33.02926,33.02927,-4.4927718e-05,33.02927,0.00010570102,201,201,50,0.0023936722,0.013096315,2.3574643e-05,0.19971012,0
1739,28.983334,9.860029e-06,33.02919,33.0292,-6.943792e-05,33.0292,0.00010586951,202,202,50,0.0023451378,0.012894721,2.2938808e-05,0.19970904,0
1740,29,9.436134e-06,33.029133,33.02914,-6.010947e-05,33.02914,0.00010575778,202,202,50,0.0022956931,0.012855431,2.23493e-05,0.19970852,0
1741,29.016666,1.0729565e-05,33.029064,33.029076,-6.404481e-05,33.029076,0.0001058732,203,203,50,0.0024163388,0.012485772,2.1795742e-05,0.19970767,0
1742,29.033333,1.0687912e-05,33.02899,33.029003,-7.4357675e-05,33.029003,0.00010576636,203,203,50,0.0023924948,0.012482047,2.126936e-05,0.1997065,0
1743,29.05,9.256091e-06,33.02894,33.028946,-5.47997e-05,33.028946,0.0001058189,203,203,50,0.00224801,0.012006269,2.0651143e-05,0.19970573,0
1744,29.066668,9.026051e-06,33.02886,33.02887,-7.903495e-05,33.02887,0.00010593084,203,203,50,0.002207438,0.012005373,2.0079808e-05,0.19970463,0
1745,29.083334,9.319511e-06,33.02879,33.0288,-6.820363e-05,33.0288,0.000105841056,202,202,50,0.0022226311,0.011887412,1.9589448e-05,0.19970368,0
1746,29.1,9.4691795e-06,33.02873,33.028736,-6.352603e-05,33.028736,0.00010587595,204,204,51,0.002259079,0.01127192,1.9474148e-05,0.1997028,0
1747,29.116667,1.0650946e-05,33.028656,33.028667,-6.831286e-05,33.028667,0.0001059167,204,204,51,0.002424187,0.011748156,2.1226151e-05,0.19970182,0
1748,29.133333,9.671716e-06,33.0286,33.028606,-6.0997314e-05,33.028606,0.00010569005,204,204,51,0.0023465496,0.0121649625,2.2658058e-05,0.19970097,0
1749,29.15,9.870631e-06,33.02853,33.02854,-6.5638094e-05,33.02854,0.00010582884,204,204,51,0.0023695978,0.012016403,2.2897875e-05,0.19970016,0
1750,29.166666,1.0963258e-05,33.028454,33.028465,-7.588348e-05,33.028465,0.000105778425,204,204,51,0.0024705166,0.012051957,2.3038365e-05,0.19969878,0
1751,29.183332,1.0638239e-05,33.0284,33.02841,-5.3859156e-05,33.02841,0.00010568793,207,207,52,0.0024340164,0.012197135,2.2960261e-05,0.19969803,0
1752,29.2,1.0495931e-05,33.028324,33.02833,-7.878096e-05,33.02833,0.00010575615,207,207,52,0.0024068605,0.012187476,2.288753e-05,0.19969685,0
1753,29.216667,1.0388703e-05,33.028248,33.02826,-7.325946e-05,33.02826,0.00010587489,207,207,52,0.0023949537,0.011581004,2.2358568e-05,0.1996959,0
1754,29.233334,9.239437e-06,33.028187,33.0282,-6.3494925e-05,33.0282,0.000105809624,207,207,52,0.0022750052,0.011701697,2.1836326e-05,0.19969508,0
1755,29.25,1.0649659e-05,33.028107,33.028114,-8.055353e-05,33.028114,0.000105805026,208,208,52,0.0024049527,0.011581797,2.1610236e-05,0.1996937,0
1756,29.266666,9.531648e-06,33.028034,33.02804,-7.377148e-05,33.02804,0.00010580212,206,206,52,0.002295696,0.011748089,2.1528733e-05,0.19969267,0
1757,29.283333,9.388793e-06,33.027927,33.027935,-0.000106047344,33.027935,0.00010599933,204,204,51,0.0021504983,0.012833135,1.9459696e-05,0.19969045,0
1758,29.3,9.27266e-06,33.027824,33.027836,-0.00010070046,33.027836,0.00010621463,204,204,51,0.002047385,0.010508607,1.2083862e-05,0.19968948,0
1759,29.316668,8.174168e-06,33.027733,33.02774,-9.370257e-05,33.02774,0.00010634721,203,203,51,0.001886357,0.009049371,7.373256e-06,0.19968791,0
1760,29.333334,9.21274e-06,33.027645,33.027657,-8.5912834e-05,33.027657,0.00010613586,205,205,52,0.0020112249,0.008685092,7.711955e-06,0.19968656,0
1761,29.35,1.017755e-05,33.02753,33.027542,-0.00011541375,33.027542,0.0001062871,205,205,52,0.00212911,0.008249689,8.79718e-06,0.19968447,0
1762,29.366667,9.057278e-06,33.027454,33.027462,-7.776386e-05,33.027462,0.00010627278,205,205,52,0.0020127364,0.007960972,9.067757e-06,0.1996832,0
1763,29.383333,1.0568098e-05,33.02735,33.027363,-9.890725e-05,33.027363,0.00010634826,205,205,52,0.0021846762,0.0077456166,9.955613e-06,0.19968133,0
1764,29.4,1.10002975e-05,33.027267,33.02728,-8.518917e-05,33.02728,0.000106260326,203,203,51,0.0022327672,0.0070811473,1.0025455e-05,0.19967991,0
1765,29.416666,1.0359312e-05,33.027176,33.027184,-9.3245064e-05,33.027184,0.00010634159,203,203,51,0.0021752622,0.0073841745,1.0691133e-05,0.19967835,0
1766,29.433332,9.373151e-06,33.02708,33.027092,-9.492028e-05,33.027092,0.0001062865,203,203,51,0.0020736184,0.0077740266,1.1168537e-05,0.19967663,0
1767,29.45,1.0453843e-05,33.027,33.02701,-7.872175e-05,33.02701,0.000106059844,202,202,51,0.002191221,0.007452991,1.1368072e-05,0.19967505,0
1768,29.466667,1.0428305e-05,33.026894,33.026905,-0.000107592576,33.026905,0.000106169224,202,202,51,0.0021913357,0.0077828714,1.1589017e-05,0.19967319,0
1769,29.483334,1.1350307e-05,33.02678,33.02679,-0.00011445903,33.02679,0.00010622775,203,203,51,0.0022900112,0.007793754,1.1986289e-05,0.19967107,0
1770,29.5,8.661232e-06,33.026688,33.026695,-9.412937e-05,33.026695,0.00010632251,202,202,51,0.002005125,0.00768819,1.1940725e-05,0.19966955,0
1771,29.516666,1.0875334e-05,33.026585,33.026596,-9.8536475e-05,33.026596,0.000106233914,202,202,51,0.0022455947,0.00794718,1.1991761e-05,0.19966762,0
1772,29.533333,9.628287e-06,33.026478,33.026485,-0.0001094791,33.026485,0.0001062773,204,204,51,0.002118639,0.007979303,1.2156208e-05,0.19966567,0
1773,29.55,1.1561393e-05,33.026363,33.026375,-0.0001112866,33.026375,0.00010633371,205,205,51,0.0023164528,0.007658116,1.2577721e-05,0.19966348,0
1774,29.566668,1.042153e-05,33.026264,33.026276,-0.0001005604,33.026276,0.000106210544,205,205,51,0.0022008882,0.008294462,1.2686556e-05,0.19966169,0
1775,29.583334,9.4475645e-06,33.026165,33.026176,-9.956323e-05,33.026176,0.00010628701,205,205,51,0.0021019531,0.0084947515,1.2654576e-05,0.19966,0
1776,29.6,8.780483e-06,33.026047,33.026054,-0.00011987198,33.026054,0.000106404856,205,205,51,0.0020319433,0.008393899,1.3301766e-05,0.19965781,0
1777,29.616667,9.73265e-06,33.02594,33.025948,-0.00010661487,33.025948,0.000106283194,206,206,51,0.0021366451,0.008346293,1.2812361e-05,0.19965574,0
1778,29.633333,1.2280504e-05,33.025833,33.025845,-0.00010585046,33.025845,0.00010620385,206,206,50,0.0023857707,0.0079755075,1.2594347e-05,0.19965363,0
1779,29.65,1.0533766e-05,33.02572,33.02573,-0.000113802664,33.02573,0.000106266045,205,205,50,0.002218967,0.008292406,1.2687495e-05,0.19965157,0
1780,29.666666,1.0332362e-05,33.025593,33.025604,-0.00012638902,33.025604,0.00010631556,205,205,50,0.0021960526,0.008212935,1.2675157e-05,0.19964923,0
1781,29.683332,8.8972265e-06,33.025486,33.025494,-0.00010833715,33.025494,0.00010628135,205,205,50,0.00204163,0.008559118,1.2437632e-05,0.19964728,0
1782,29.7,1.09767425e-05,33.02537,33.025383,-0.00011180522,33.025383,0.00010622845,205,205,50,0.002261699,0.0085352855,1.2388665e-05,0.19964509,0
1783,29.716667,1.0858308e-05,33.02526,33.025272,-0.00011067806,33.025272,0.00010626849,204,204,50,0.0022499359,0.008038357,1.256414e-05,0.19964305,0
1784,29.733334,1.1350843e-05,33.025143,33.025154,-0.000118712356,33.025154,0.00010623657,204,204,50,0.0022997323,0.008184446,1.2661305e-05,0.19964077,0
1785,29.75,1.2207606e-05,33.025024,33.025036,-0.00011618681,33.025036,0.00010630297,204,204,50,0.0023816496,0.008172492,1.2319177e-05,0.19963859,0
1786,29.766666,1.0992937e-05,33.02491,33.024918,-0.0001184245,33.024918,0.000106364685,208,208,51,0.0022647711,0.008611931,1.2587905e-05,0.19963616,0
1787,29.783333,1.1065117e-05,33.02477,33.02478,-0.00014008085,33.02478,0.000106343316,209,209,51,0.002268372,0.008117976,1.2023298e-05,0.1996335,0
1788,29.8,1.0713906e-05,33.02466,33.02467,-0.00010991331,33.02467,0.00010627641,208,208,51,0.0022295679,0.007623699,1.1520301e-05,0.1996314,0
1789,29.816668,1.0789794e-05,33.024525,33.024532,-0.000135422,33.024532,0.00010632369,209,209,51,0.0022385297,0.00780272,1.1582109e-05,0.19962884,0
1790,29.833334,9.370236e-06,33.02441,33.024418,-0.0001141405,33.024418,0.000106415806,210,210,51,0.0020891777,0.00806151,1.1438654e-05,0.19962679,0
1791,29.85,1.0862923e-05,33.02427,33.02428,-0.00013999038,33.02428,0.000106324864,210,210,51,0.0022474756,0.00815675,1.16270685e-05,0.19962415,0
1792,29.866667,1.0787173e-05,33.02417,33.02418,-9.916378e-05,33.02418,0.00010613992,210,210,51,0.002235566,0.007870495,1.1317803e-05,0.19962221,0
1793,29.883333,8.949869e-06,33.024036,33.024048,-0.00013450885,33.024048,0.00010627579,209,209,51,0.0020412763,0.008440027,1.1583439e-05,0.19961962,0
1794,29.9,1.0899295e-05,33.0239,33.02391,-0.00013620855,33.02391,0.0001063278,209,209,51,0.0022472315,0.008469796,1.1212712e-05,0.1996165,0
1795,29.916666,1.038854e-05,33.023773,33.023785,-0.00012453705,33.023785,0.00010626016,209,209,51,0.002193715,0.0074277064,1.1213249e-05,0.19961481,0
1796,29.933332,1.2275766e-05,33.023636,33.02365,-0.00013527322,33.02365,0.00010641257,209,209,51,0.0023841953,0.007796834,1.1222937e-05,0.19961235,0
1797,29.95,1.1334357e-05,33.0235,33.02351,-0.0001415932,33.02351,0.00010627096,209,209,51,0.0022916833,0.007672291,1.12081925e-05,0.19960958,0
1798,29.966667,1.311005e-05,33.023365,33.023376,-0.00013156088,33.023376,0.00010645219,209,209,51,0.0024616206,0.007814699,1.1193729e-05,0.19960707,0
1799,29.983334,1.0967109e-05,33.023243,33.023254,-0.00012384166,33.023254,0.00010636102,209,209,51,0.002255238,0.008109573,1.1055269e-05,0.19960493,0
1800,30,1.0530524e-05,33.0231,33.023113,-0.0001414209,33.023113,0.00010641308,208,208,51,0.002209885,0.0075983307,1.1240437e-05,0.19960222,0
