frame,time_s,kinetic_J,potential_J,total_J,delta_E_J,ui_total_J,depth_m,contacts,matched,locked,max_speed_m_s,max_spin_rad_s,max_move_m,tip_y_m,broken
1,0.016666668,0.1063752,34.25509,34.36146,-0.0026841382,34.36146,0,122,122,29,0.16347197,0,0.0013964176,0.22860363,0
2,0.033333335,0.36459678,33.970955,34.335552,-0.025910188,34.335552,0,131,131,32,0.32688943,2.6322189e-12,0.004120469,0.22448318,0
3,0.05,0.5475979,33.587624,34.13522,-0.20033172,34.13522,0,148,148,35,0.49025264,0.4688939,0.0068436265,0.21763957,0
4,0.06666667,0.4895302,33.270916,33.760445,-0.37477514,33.760445,0,177,176,39,0.65356153,1.1544049,0.009565905,0.20807366,0
5,0.083333336,0.0016543281,33.20327,33.204926,-0.5555206,33.204926,0,193,193,48,0.027880238,0.69280434,0.0040363404,0.20404625,0
6,0.1,0.0009049957,33.200443,33.201347,-0.0035763339,33.201347,7.7828304e-07,195,195,49,0.025802642,0.40887573,0.00043311605,0.20395169,0
7,0.11666667,0.00063721015,33.19987,33.20051,-0.0008407005,33.20051,3.0994454e-06,197,197,50,0.02402713,0.3129904,0.00041646976,0.20393854,0
8,0.13333334,0.0004271414,33.199436,33.199863,-0.0006426645,33.199863,5.543239e-06,197,197,50,0.021244023,0.24600133,0.00037770523,0.20393261,0
9,0.15,0.00026513208,33.199024,33.19929,-0.0005749869,33.19929,7.748615e-06,197,197,50,0.01785812,0.17215908,0.00032586005,0.20392764,0
10,0.16666667,0.00016767495,33.19861,33.198776,-0.0005144249,33.198776,1.0004114e-05,197,197,50,0.014002702,0.09937742,0.0002651944,0.20392191,0
11,0.18333334,0.00012170222,33.198166,33.198288,-0.00048787874,33.198288,1.2218972e-05,198,198,50,0.0102162,0.033557016,0.00019895365,0.2039145,0
12,0.2,0.00010199636,33.197712,33.197815,-0.0004719197,33.197815,1.4154352e-05,198,198,50,0.00862708,0.022143623,0.00015475118,0.20390615,0
13,0.21666667,8.53421e-05,33.19726,33.197346,-0.0004688681,33.197346,1.6335345e-05,198,198,50,0.007895472,0.020324701,0.00013763233,0.2038978,0
14,0.23333333,6.884621e-05,33.19681,33.19688,-0.00046754593,33.19688,1.8719873e-05,196,196,49,0.0071044154,0.018343886,0.00012485683,0.20388924,0
15,0.25,5.299456e-05,33.19637,33.196423,-0.00045576258,33.196423,2.1080044e-05,198,198,50,0.006231615,0.016202873,0.00011094456,0.20388089,0
16,0.26666668,3.846579e-05,33.19593,33.19597,-0.0004534422,33.19597,2.3477045e-05,198,198,50,0.0053154295,0.013933411,9.609062e-05,0.20387255,0
17,0.28333333,2.6527983e-05,33.195675,33.1957,-0.0002696332,33.1957,2.4328509e-05,198,198,50,0.0044599725,0.01215162,8.09571e-05,0.20386808,0
18,0.3,1.9147043e-05,33.19548,33.1955,-0.00020023683,33.1955,2.6354932e-05,198,198,50,0.0037949446,0.010452294,6.839829e-05,0.2038651,0
19,0.31666666,1.4316852e-05,33.195305,33.19532,-0.00017973053,33.19532,2.7055745e-05,198,198,50,0.0032866723,0.009167924,5.872438e-05,0.20386212,0
20,0.33333334,1.1049966e-05,33.19515,33.19516,-0.00016253925,33.19516,2.8352764e-05,198,198,50,0.0028920413,0.008177834,5.1268344e-05,0.20385914,0
21,0.35,8.788569e-06,33.194996,33.195004,-0.00015521607,33.195004,3.0705716e-05,198,198,50,0.002583289,0.00740303,4.545586e-05,0.20385616,0
22,0.36666667,7.182925e-06,33.19484,33.194847,-0.00015505908,33.194847,3.3048433e-05,198,198,50,0.0023391962,0.0068261283,4.0893254e-05,0.20385313,0
23,0.38333333,6.032127e-06,33.194687,33.19469,-0.00015643305,33.19469,3.527542e-05,198,198,50,0.0021458426,0.0062894193,3.7289003e-05,0.20384988,0
24,0.4,5.1514953e-06,33.194534,33.19454,-0.00015233901,33.19454,3.7235815e-05,198,198,50,0.0019865972,0.0059422664,3.43687e-05,0.20384668,0
25,0.41666666,4.4918543e-06,33.19438,33.194386,-0.00015195177,33.194386,3.915749e-05,198,198,50,0.0018571707,0.0056113424,3.1992116e-05,0.20384346,0
26,0.43333334,3.9753804e-06,33.194233,33.194237,-0.00014981354,33.194237,4.0823317e-05,198,198,50,0.0017490869,0.005393486,3.0030422e-05,0.20384018,0
27,0.45,3.5788212e-06,33.194088,33.19409,-0.00014653477,33.19409,4.232124e-05,196,196,49,0.0016727905,0.0051156706,2.837229e-05,0.20383692,0
28,0.46666667,3.219137e-06,33.19394,33.193943,-0.0001464979,33.193943,4.390041e-05,198,198,50,0.0015774752,0.0049511245,2.6947826e-05,0.20383368,0
29,0.48333332,2.9362557e-06,33.193794,33.193798,-0.00014658735,33.193798,4.5330078e-05,198,198,50,0.0015078478,0.004838309,2.5719439e-05,0.2038304,0
30,0.5,2.6981152e-06,33.19365,33.19365,-0.00014654262,33.19365,4.690048e-05,198,198,50,0.0014462225,0.004674487,2.462681e-05,0.20382713,0
31,0.51666665,2.4869014e-06,33.1935,33.193504,-0.00014651568,33.193504,4.8393817e-05,198,198,50,0.0013898176,0.004556159,2.3646757e-05,0.20382385,0
32,0.53333336,2.3109187e-06,33.193356,33.19336,-0.00014648045,33.19336,4.985643e-05,198,198,50,0.0013398262,0.0043796995,2.2755417e-05,0.20382057,0
33,0.55,2.1405538e-06,33.19321,33.19321,-0.00014647483,33.19321,5.13476e-05,198,198,50,0.0012911906,0.0043244795,2.1936927e-05,0.2038173,0
34,0.56666666,1.993951e-06,33.19306,33.193066,-0.00014645107,33.193066,5.295801e-05,198,198,50,0.0012469981,0.00422665,2.1176695e-05,0.20381401,0
35,0.5833333,1.8609558e-06,33.192917,33.192917,-0.00014643747,33.192917,5.444728e-05,198,198,50,0.001205491,0.0041224738,2.04656e-05,0.20381074,0
36,0.6,1.7410003e-06,33.192772,33.192772,-0.00014642443,33.192772,5.5988436e-05,198,198,50,0.0011666899,0.00396044,1.9796671e-05,0.20380746,0
37,0.6166667,1.6417135e-06,33.192623,33.192623,-0.00014740128,33.192623,5.7449728e-05,198,198,50,0.0011319744,0.003838988,1.9174691e-05,0.20380412,0
38,0.6333333,1.3647277e-06,33.19248,33.19248,-0.00014691397,33.19248,5.903074e-05,198,198,50,0.0010467081,0.0037874873,1.8451174e-05,0.20380084,0
39,0.65,4.839522e-07,33.192326,33.192326,-0.0001506766,33.192326,6.079074e-05,198,198,50,0.0006383776,0.002862764,1.3962531e-05,0.20379752,0
40,0.6666667,7.024349e-07,33.19218,33.19218,-0.00014774853,33.19218,6.233934e-05,198,198,50,0.0006951333,0.0026252703,9.5168825e-06,0.20379412,0
41,0.68333334,1.2706006e-06,33.19203,33.192036,-0.00014507129,33.192036,6.367498e-05,198,198,50,0.00093819667,0.0029745032,1.3935983e-05,0.20379066,0
42,0.7,1.3970918e-06,33.19189,33.19189,-0.00014318539,33.19189,6.487426e-05,198,198,50,0.0009765854,0.0029782415,1.597198e-05,0.20378724,0
43,0.71666664,1.3321261e-06,33.19175,33.19175,-0.00014221306,33.19175,6.60732e-05,198,198,50,0.00095881155,0.0030543273,1.635986e-05,0.20378383,0
44,0.73333335,1.5542756e-06,33.191605,33.191605,-0.000143921,33.191605,6.733236e-05,196,196,49,0.0010410475,0.0030106704,1.6368545e-05,0.20378035,0
45,0.75,1.8201816e-06,33.19146,33.19146,-0.00014470852,33.19146,6.8651876e-05,198,198,50,0.0011136625,0.0031771604,1.7820272e-05,0.20377687,0
46,0.76666665,1.8239155e-06,33.191315,33.191315,-0.00014413943,33.191315,6.9931666e-05,198,198,50,0.0011199192,0.0032332025,1.8613438e-05,0.2037734,0
47,0.78333336,1.8073081e-06,33.19117,33.191174,-0.00014382726,33.191174,7.1160815e-05,198,198,50,0.0011082484,0.003145444,1.847784e-05,0.20376992,0
48,0.8,1.7353025e-06,33.19103,33.19103,-0.00014305138,33.19103,7.23898e-05,198,198,50,0.0010890577,0.003212014,1.82918e-05,0.2037665,0
49,0.81666666,1.4898081e-06,33.190884,33.190887,-0.00014239359,33.190887,7.3578616e-05,198,198,50,0.0010070389,0.0029883694,1.7577084e-05,0.20376308,0
50,0.8333333,1.3461212e-06,33.190742,33.190742,-0.00014279055,33.190742,7.4835785e-05,198,198,50,0.00095528044,0.002904427,1.6345135e-05,0.20375969,0
51,0.85,1.1959895e-06,33.1906,33.1906,-0.00014213198,33.1906,7.601492e-05,196,196,49,0.0009169409,0.0028345347,1.5300313e-05,0.20375626,0
52,0.8666667,1.0203477e-06,33.19046,33.19046,-0.00014115995,33.19046,7.723179e-05,196,196,49,0.00084575464,0.0026840984,1.4104844e-05,0.20375289,0
53,0.8833333,1.0213957e-06,33.190315,33.190315,-0.00014464087,33.190315,7.861109e-05,198,198,50,0.00082810555,0.0027631407,1.3943945e-05,0.20374946,0
54,0.9,1.0722083e-06,33.19017,33.190174,-0.00014375983,33.190174,7.982836e-05,198,198,50,0.00085032097,0.0027268522,1.4045614e-05,0.20374599,0
55,0.9166667,8.434041e-07,33.190044,33.190044,-0.00012724768,33.190044,8.098351e-05,198,198,50,0.00065613014,0.0023819853,1.2185334e-05,0.20374301,0
56,0.93333334,6.18054e-07,33.18992,33.18992,-0.00012657921,33.18992,8.2217106e-05,198,198,50,0.0005549574,0.0021495,1.0043971e-05,0.20374003,0
57,0.95,6.1706265e-07,33.189793,33.189793,-0.00012701987,33.189793,8.3429906e-05,198,198,50,0.00052975677,0.0021836273,8.84912e-06,0.20373705,0
58,0.96666664,7.166827e-07,33.189663,33.189663,-0.00012924684,33.189663,8.464281e-05,198,198,50,0.0005669447,0.0024257132,9.031851e-06,0.20373407,0
59,0.98333335,6.697873e-07,33.189533,33.189533,-0.00012739829,33.189533,8.579649e-05,198,198,50,0.0005589235,0.002166784,9.357418e-06,0.20373109,0
60,1,5.190288e-07,33.189407,33.189407,-0.00012650462,33.189407,8.709819e-05,198,198,50,0.0005090535,0.0021520287,8.970289e-06,0.20372811,0
61,1.0166667,4.2021736e-07,33.18928,33.18928,-0.00012778271,33.18928,8.82396e-05,198,198,50,0.00039855146,0.0019394247,7.3376304e-06,0.20372513,0
62,1.0333333,0.010465275,33.18936,33.19983,0.010546818,33.19983,9.028888e-05,200,200,50,0.09884713,1.9699341,0.0010103654,0.20374565,0
63,1.05,0.04599728,33.19053,33.236526,0.036700446,33.236526,9.085547e-05,203,203,53,0.20456946,4.158773,0.0027901537,0.2038502,0
64,1.0666667,0.104854256,33.193943,33.298798,0.062267862,33.298798,9.1713904e-05,203,203,52,0.31431204,5.2108502,0.004566405,0.20409627,0
65,1.0833334,0.18931119,33.20218,33.39149,0.09269355,33.39149,9.330403e-05,205,205,46,0.4219908,6.1377225,0.0064076507,0.20460553,0
66,1.1,0.28337947,33.218704,33.502087,0.110595696,33.502087,9.364653e-05,205,205,46,0.51843554,5.9850583,0.008083471,0.2055233,0
67,1.1166667,0.3878993,33.246887,33.634785,0.13269973,33.634785,9.55987e-05,201,201,45,0.6076875,5.4149857,0.009624245,0.20698194,0
68,1.1333333,0.49269807,33.29006,33.782757,0.14797057,33.782757,9.67085e-05,213,213,47,0.67895925,4.7915654,0.010968229,0.2091242,0
69,1.15,0.5796515,33.349438,33.92909,0.14633274,33.92909,9.7155484e-05,210,210,44,0.72531676,4.2592506,0.011968762,0.21201663,0
70,1.1666666,0.65551656,33.419388,34.074905,0.14581738,34.074905,9.821365e-05,212,212,43,0.75336874,3.8972137,0.012566993,0.2153318,0
71,1.1833333,0.7072451,33.492653,34.199898,0.12499072,34.199898,9.963039e-05,211,211,56,0.7681133,3.0843606,0.013035896,0.21873032,0
72,1.2,0.760846,33.57283,34.333675,0.13377856,34.333675,0.00010051214,200,200,52,0.77560616,3.0017016,0.013066711,0.2222999,0
73,1.2166667,0.7887669,33.661377,34.45014,0.116467215,34.45014,0.000100740355,200,200,49,0.77686524,3.010523,0.013153751,0.22616024,0
74,1.2333333,0.78551906,33.757366,34.542885,0.09274432,34.542885,0.00010087799,199,199,40,0.7707024,2.9576824,0.013103539,0.23027447,0
75,1.25,0.75579995,33.85245,34.60825,0.065363154,34.60825,0.000102273785,206,206,41,0.7610902,3.55698,0.012952589,0.23440355,0
76,1.2666667,0.69617724,33.938454,34.634632,0.026380884,34.634632,0.000103984916,203,203,39,0.72211653,3.884756,0.012580759,0.23839466,0
77,1.2833333,0.6304569,34.042088,34.672543,0.037913814,34.672543,0.00010327312,205,205,40,0.6755702,4.571912,0.0117967855,0.24316366,0
78,1.3,0.564275,34.15206,34.716335,0.04379218,34.716335,0.000102481725,209,209,39,0.6282206,5.2017546,0.010988684,0.24828129,0
79,1.3166667,0.5026599,34.2693,34.771957,0.055622447,34.771957,0.00010085465,213,213,39,0.58978105,5.9151216,0.010244778,0.25374192,0
80,1.3333334,0.4523049,34.392895,34.8452,0.07324203,34.8452,0.00010063756,205,205,30,0.571288,7.0404487,0.009789024,0.25943908,0
81,1.35,0.41560203,34.51296,34.92856,0.08335856,34.92856,0.000100706726,206,206,42,0.56539184,7.9527073,0.009576498,0.2652547,0
82,1.3666667,0.37617153,34.632294,35.008465,0.07990474,35.008465,0.000100745936,208,208,38,0.52929294,8.28171,0.009225813,0.27132848,0
83,1.3833333,0.35743383,34.75655,35.113983,0.10551901,35.113983,0.00010072477,211,211,39,0.5328852,8.380796,0.008936188,0.27781418,0
84,1.4,0.3523924,34.885544,35.237934,0.12395189,35.237934,0.00010060455,209,209,45,0.5563389,8.308959,0.009178867,0.2848875,0
85,1.4166666,0.35674447,35.020935,35.37768,0.13974555,35.37768,0.000100569414,209,209,44,0.5915125,7.9761043,0.009693654,0.29279998,0
86,1.4333333,0.36754522,35.164406,35.53195,0.15427026,35.53195,0.00010065364,207,207,42,0.6279666,7.4207106,0.01030896,0.3016716,0
87,1.45,0.38300675,35.315987,35.698994,0.1670416,35.698994,0.0001005327,212,212,41,0.6642495,6.7165165,0.010928091,0.3113869,0
88,1.4666667,0.40253586,35.47082,35.873356,0.17436445,35.873356,0.00010057185,219,219,41,0.7001761,6.4174557,0.011561351,0.3217504,0
89,1.4833333,0.4250281,35.623783,36.04881,0.17545289,36.04881,0.00010042153,222,219,35,0.7288985,6.1269636,0.012114791,0.33249423,0
90,1.5,0.45315248,35.770638,36.22379,0.17497852,36.22379,0.000100376805,218,218,36,0.7576477,5.721603,0.012582707,0.34328112,0
91,1.5166667,0.48915908,35.90599,36.39515,0.17136118,36.39515,0.000100354926,207,207,34,0.7664229,6.9448557,0.012892036,0.35360432,0
92,1.5333333,0.53870744,36.0243,36.563007,0.1678591,36.563007,0.00010039619,229,229,34,0.777088,7.6499634,0.013033548,0.36262313,0
93,1.55,0.6094494,36.124115,36.733566,0.17055586,36.733566,0.00010036329,224,224,33,0.80784553,8.01847,0.013523755,0.37080795,0
94,1.5666667,0.65375906,36.20791,36.861668,0.12810257,36.861668,0.0001013558,215,215,32,0.7769588,5.574101,0.012861034,0.37754703,0
95,1.5833334,0.77055377,36.285675,37.05623,0.19456083,37.05623,0.00010080908,229,229,30,0.8335775,5.526315,0.013597874,0.38365647,0
96,1.6,0.9041886,36.347576,37.251762,0.19553529,37.251762,0.00010054455,224,224,29,0.90363747,6.2994514,0.014788459,0.38927177,0
97,1.6166667,1.0237498,36.389343,37.41309,0.1613282,37.41309,0.00010053477,234,234,29,0.943895,6.394384,0.015723048,0.39403304,0
98,1.6333333,1.1356676,36.406487,37.542156,0.12906428,37.542156,0.00010218449,222,222,29,0.9724069,6.1526394,0.016198909,0.39751616,0
99,1.65,1.242598,36.395767,37.638367,0.09621038,37.638367,0.000102643244,236,236,28,1.0158913,6.286737,0.016937822,0.39967558,0
100,1.6666666,1.3177036,36.359024,37.676727,0.038361415,37.676727,0.0001022333,258,258,29,1.0387559,5.8891463,0.017457332,0.4002193,0
101,1.6833333,1.3490946,36.301125,37.65022,-0.026506906,37.65022,0.00010257113,256,256,29,0.9937016,7.091153,0.017183851,0.39901695,0
102,1.7,1.4696137,36.216564,37.686176,0.035955988,37.686176,0.00010129714,259,259,29,1.0217426,8.070757,0.017155027,0.3962541,0
103,1.7166667,1.609879,36.106056,37.715935,0.029757258,37.715935,0.0001008071,250,250,24,1.0588317,8.572311,0.017760072,0.39146656,0
104,1.7333333,1.751665,35.976856,37.72852,0.012585862,37.72852,0.00010086659,246,246,22,1.0834614,9.060999,0.018116863,0.3851376,0
105,1.75,1.8945429,35.83297,37.727512,-0.0010071719,37.727512,0.000100763005,240,240,22,1.1179247,8.985801,0.018649265,0.37752992,0
106,1.7666667,2.025628,35.681133,37.70676,-0.020751722,37.70676,0.000101161306,224,224,22,1.1530951,8.596715,0.019218706,0.36879876,0
107,1.7833333,2.1288388,35.530685,37.659527,-0.047235813,37.659527,0.00010190404,222,222,33,1.1817449,9.0968075,0.01976476,0.35904494,0
108,1.8,2.175632,35.39426,37.569893,-0.08963288,37.569893,0.00010216111,234,234,32,1.197103,9.783402,0.02010276,0.34844804,0
109,1.8166667,2.1671183,35.278404,37.445526,-0.124367565,37.445526,0.00010396327,238,238,32,1.206112,10.170483,0.020270238,0.33734527,0
110,1.8333334,2.0864477,35.1989,37.285347,-0.16017811,37.285347,0.000104847706,231,231,32,1.197886,11.460644,0.02026516,0.32639086,0
111,1.85,1.9642774,35.161488,37.125763,-0.15958315,37.125763,0.00010435245,229,229,31,1.1754612,12.125822,0.020032091,0.31598157,0
112,1.8666667,1.7842237,35.155212,36.939438,-0.18632552,36.939438,0.0001022258,241,241,31,1.1363022,12.30601,0.019490547,0.30630666,0
113,1.8833333,1.4877096,35.17056,36.658268,-0.2811706,36.658268,0.000103087536,243,243,35,1.0740515,9.886976,0.01853515,0.29782122,0
114,1.9,1.2276938,35.19593,36.423622,-0.23464401,36.423622,0.00010250029,242,242,32,0.95372015,9.972768,0.016991254,0.29202637,0
115,1.9166666,0.971511,35.207535,36.179047,-0.24457818,36.179047,9.838891e-05,242,242,31,0.8385919,9.026505,0.015038295,0.2865813,0
116,1.9333333,0.70423645,35.202435,35.906673,-0.27237263,35.906673,6.8281355e-05,230,226,32,0.6874376,8.302938,0.012876462,0.28145194,0
117,1.95,0.5024243,35.19473,35.69715,-0.20952073,35.69715,4.40237e-05,214,214,44,0.5408523,7.5993114,0.010220546,0.27717587,0
118,1.9666667,0.36683872,35.171623,35.53846,-0.15869139,35.53846,5.1342697e-05,224,224,43,0.42575118,6.9946585,0.008090817,0.27323452,0
119,1.9833333,0.30029902,35.132343,35.432644,-0.105816804,35.432644,5.8665057e-05,227,227,33,0.36099732,6.9252944,0.0065284497,0.2694348,0
120,2,0.2937957,35.074448,35.368244,-0.064400285,35.368244,6.386653e-05,209,209,40,0.37568167,6.955725,0.0061976556,0.26555586,0
121,2.0166667,0.33155063,35.002144,35.333694,-0.034546755,35.333694,6.352182e-05,209,209,37,0.43117148,8.17649,0.0068402425,0.26138946,0
122,2.0333333,0.39794865,34.928864,35.326813,-0.006885229,35.326813,5.626683e-05,216,216,27,0.52565664,9.415878,0.008200403,0.25750625,0
123,2.05,0.4733745,34.849846,35.32322,-0.003591228,35.32322,5.8114565e-05,222,222,30,0.59132016,10.01494,0.00955475,0.25397816,0
124,2.0666666,0.5612536,34.75878,35.320034,-0.0031857307,35.320034,6.5326734e-05,220,220,33,0.6579804,9.672106,0.010595743,0.25066292,0
125,2.0833333,0.6845286,34.64291,35.32744,0.007403458,35.32744,7.176403e-05,223,223,33,0.7349849,8.69332,0.011842551,0.24717233,0
126,2.1,0.8279185,34.494274,35.322193,-0.0052460483,35.322193,7.7784105e-05,220,219,34,0.7866146,7.408688,0.012957636,0.24307746,0
127,2.1166666,0.98118484,34.32022,35.301403,-0.020786664,35.301403,8.4161795e-05,217,217,33,0.83355206,5.6429925,0.013720482,0.2386372,0
128,2.1333334,1.1359271,34.138706,35.27463,-0.02677253,35.27463,8.642679e-05,214,214,33,0.8739512,3.78665,0.01443711,0.234,0
129,2.15,1.290054,33.961285,35.25134,-0.02329361,35.25134,8.8214925e-05,213,213,33,0.9045227,3.9602938,0.015017318,0.2292819,0
130,2.1666667,1.434962,33.79351,35.228474,-0.022865715,35.228474,9.018189e-05,209,209,33,0.92946446,4.036213,0.015479749,0.22459505,0
131,2.1833334,1.5678186,33.642643,35.21046,-0.018012753,35.21046,9.8526565e-05,212,212,32,0.94884485,4.1448126,0.01584526,0.22019866,0
132,2.2,1.6825907,33.519478,35.20207,-0.008391817,35.20207,0.000103771825,207,207,31,0.97252554,4.1093106,0.01609443,0.2165175,0
133,2.2166667,1.78405,33.42984,35.21389,0.011823274,35.21389,0.00010441389,221,221,31,0.99728316,3.6142786,0.016527701,0.21384415,0
134,2.2333333,1.8579801,33.37245,35.230434,0.0165413,35.230434,0.00010448009,218,218,30,1.0090915,3.2223003,0.01684542,0.21223205,0
135,2.25,1.8911676,33.34452,35.235687,0.0052560144,35.235687,0.00010305548,222,222,30,1.0165619,2.9789262,0.017128792,0.21146941,0
136,2.2666667,1.8863575,33.344822,35.23118,-0.0045105056,35.23118,0.00010163049,230,230,32,1.0171579,2.8539038,0.01719677,0.21151727,0
137,2.2833333,1.8495884,33.374767,35.224358,-0.006822685,35.224358,0.000101617115,230,230,31,1.0058833,2.6151118,0.01713563,0.21238658,0
138,2.3,1.7849689,33.432293,35.21726,-0.007095636,35.21726,0.00010135776,229,229,31,0.9861942,2.446388,0.016861646,0.21387172,0
139,2.3166666,1.699498,33.511967,35.211464,-0.0057950206,35.211464,0.000101451515,229,229,35,0.9678317,2.3360898,0.016498769,0.21562746,0
140,2.3333333,1.5908225,33.613064,35.203884,-0.0075807264,35.203884,0.00010383688,223,223,41,0.9491874,2.810963,0.016188074,0.21763913,0
141,2.35,1.4623737,33.73882,35.20119,-0.0026916806,35.20119,0.00010218445,222,222,40,0.92601967,3.5442631,0.0158388,0.21991275,0
142,2.3666666,1.309034,33.88852,35.197556,-0.003638635,35.197556,0.00010136671,221,221,41,0.895265,3.393941,0.015394987,0.22321315,0
143,2.3833334,1.161097,34.05195,35.213043,0.015490691,35.213043,0.000100957106,217,217,41,0.856452,3.6163116,0.014781632,0.22711287,0
144,2.4,1.0120559,34.22045,35.232506,0.019460943,35.232506,0.000101147365,212,212,40,0.8143692,4.032392,0.014110691,0.23129553,0
145,2.4166667,0.86279386,34.38922,35.252018,0.01951078,35.252018,0.00010122102,213,213,40,0.7662741,4.4243097,0.013336034,0.23570868,0
146,2.4333334,0.7146307,34.554855,35.26949,0.017471155,35.26949,0.000101581805,214,214,40,0.712848,4.8928275,0.012480073,0.24027693,0
147,2.45,0.5761644,34.707752,35.283916,0.0144277,35.283916,0.00010334839,208,208,39,0.6508242,5.599341,0.011517314,0.24470516,0
148,2.4666667,0.4494927,34.844,35.293495,0.009578785,35.293495,0.00010441466,201,201,38,0.5778478,6.4127636,0.010387916,0.24882102,0
149,2.4833333,0.33566085,34.961967,35.297626,0.004133108,35.297626,0.000104244806,202,202,42,0.5026032,6.632866,0.009087288,0.25269008,0
150,2.5,0.24771553,35.06553,35.313244,0.015617978,35.313244,0.0001046763,218,218,43,0.43097192,6.9013047,0.007846071,0.25683466,0
151,2.5166667,9.153765,35.27886,44.432625,9.119379,44.432625,0.00010539615,200,200,44,3.13912,52.42904,0.029538093,0.2747247,0
152,2.5333333,13.070454,35.605125,48.67558,4.2429566,48.67558,0.00010276649,212,208,37,3.8250587,49.73383,0.057309054,0.30376768,0
153,2.55,15.488746,35.876778,51.365524,2.6899443,51.365524,0.00010085181,236,236,26,3.907083,43.052483,0.06808834,0.3205903,0
154,2.5666666,15.280152,36.104385,51.384537,0.019011393,51.384537,9.2772985e-05,259,259,21,3.4068692,34.374092,0.061747957,0.33867493,0
155,2.5833333,13.999538,36.40926,50.4088,-0.97573745,50.4088,9.7772674e-05,266,263,12,2.8807023,25.32452,0.05133887,0.35821092,0
156,2.6,12.374971,36.694633,49.069607,-1.339193,49.069607,0.0001024439,267,267,12,2.6680336,19.511282,0.046363443,0.37437293,0
157,2.6166666,10.534797,36.979298,47.514095,-1.5555117,47.514095,0.00010384643,289,289,11,2.4130883,15.332202,0.042550847,0.3875922,0
158,2.6333334,9.0798645,37.29024,46.370106,-1.1439902,46.370106,0.00010201798,282,282,28,2.173525,11.662981,0.03838162,0.3986828,0
159,2.65,7.3261223,37.578648,44.90477,-1.4653349,44.90477,4.0429462e-05,259,259,29,1.7638738,11.014991,0.033119235,0.4067553,0
160,2.6666667,6.4695597,37.85203,44.32159,-0.58317727,44.32159,5.00304e-05,274,274,30,1.583814,15.724463,0.027560037,0.412976,0
161,2.6833334,6.011592,38.137974,44.149567,-0.17202507,44.149567,6.0711896e-05,256,256,29,1.5181702,18.352274,0.025838723,0.41758642,0
162,2.7,5.6001925,38.435566,44.03576,-0.113808095,44.03576,6.7263114e-05,259,259,27,1.4617712,19.424309,0.024912557,0.4203484,0
163,2.7166667,5.1097755,38.726974,43.83675,-0.19901074,43.83675,8.835482e-05,255,251,25,1.401293,18.406195,0.023638923,0.41935343,0
164,2.7333333,4.603257,38.992867,43.596123,-0.24062605,43.596123,0.00010641627,237,237,13,1.3885112,17.222954,0.02321526,0.41349497,0
165,2.75,3.8448339,39.26226,43.107094,-0.4890271,43.107094,0.00010635723,248,248,8,1.2727581,13.402968,0.022174675,0.40477213,0
166,2.7666667,3.41219,39.534473,42.946663,-0.16043079,42.946663,0.00010621236,240,240,39,1.260574,16.878138,0.021036977,0.39771786,0
167,2.7833333,2.8402107,39.848343,42.688553,-0.2581122,42.688553,0.00010209582,254,254,39,1.0946661,17.191809,0.019783314,0.39081588,0
168,2.8,2.3593085,40.08932,42.44863,-0.23992224,42.44863,0.00010304121,257,257,36,0.86196965,17.403204,0.016102878,0.38416812,0
169,2.8166666,2.0030494,40.20307,42.206123,-0.24250804,42.206123,0.000102284066,259,256,29,0.67855227,17.495146,0.012769414,0.37737608,0
170,2.8333333,1.7736039,40.183315,41.95692,-0.24920082,41.95692,0.00010134947,263,263,26,0.65247035,17.155846,0.010250739,0.37040523,0
171,2.85,1.3386216,40.148605,41.48723,-0.4696944,41.48723,0.00010420111,267,266,39,0.6892832,16.86073,0.01125254,0.36378804,0
172,2.8666666,0.97751945,40.099514,41.07703,-0.4101946,41.07703,6.5010805e-05,274,274,38,0.6567103,14.726212,0.011061569,0.35949838,0
173,2.8833334,0.96611315,39.972775,40.93889,-0.13814284,40.93889,6.976487e-05,268,264,32,0.62808275,12.911368,0.010675173,0.3571329,0
174,2.9,1.1053398,39.747204,40.852543,-0.086346,40.852543,7.6128905e-05,261,260,31,0.6522009,10.655784,0.010283108,0.35581362,0
175,2.9166667,1.3468381,39.430862,40.7777,-0.074844174,40.7777,8.1910126e-05,271,271,24,0.72190255,10.011934,0.011479569,0.35457653,0
176,2.9333334,1.6078665,39.065712,40.67358,-0.10411921,40.67358,8.4455e-05,267,267,24,0.75729877,9.441625,0.012092271,0.353116,0
177,2.95,1.9511311,38.65458,40.605713,-0.06786859,40.605713,8.329544e-05,269,269,26,0.8881496,8.8529415,0.013733279,0.3512936,0
178,2.9666667,2.2954037,38.20998,40.505386,-0.10032642,40.505386,5.686371e-05,262,257,26,1.0016085,8.277151,0.01580152,0.34888586,0
179,2.9833333,2.599184,37.76739,40.366577,-0.13880932,40.366577,6.379582e-05,264,264,26,1.0995684,7.782552,0.017568003,0.34597343,0
180,3,2.8942301,37.35057,40.2448,-0.12177359,40.2448,2.9890934e-05,258,258,24,1.1816971,8.106183,0.018811913,0.34278068,0
181,3.0166667,3.3799686,36.960674,40.34064,0.095840335,40.34064,4.2795768e-05,243,243,23,1.2406632,8.782579,0.020210797,0.33829418,0
182,3.0333333,3.520367,36.576717,40.097084,-0.24355891,40.097084,5.81655e-05,238,237,24,1.2858136,9.203935,0.021125367,0.33149046,0
183,3.05,3.4200125,36.2134,39.633415,-0.46366793,39.633415,7.0594004e-05,224,223,24,1.2888249,7.9077067,0.021563824,0.32443148,0
184,3.0666666,3.3887696,35.894356,39.283123,-0.35029095,39.283123,7.063168e-05,240,240,24,1.2126877,8.816105,0.02103607,0.31966308,0
185,3.0833333,3.336079,35.651043,38.98712,-0.29600415,38.98712,8.135234e-05,265,264,24,1.2131842,13.10873,0.020338487,0.31627247,0
186,3.1,3.2533202,35.488304,38.741627,-0.24549516,38.741627,8.884464e-05,246,246,25,1.1299506,15.095693,0.019410977,0.3128132,0
187,3.1166666,3.0259423,35.294975,38.32092,-0.42070663,38.32092,9.702807e-05,235,235,20,1.1960876,15.7207775,0.019775653,0.30923894,0
188,3.1333334,2.9074237,35.002293,37.909714,-0.41120368,37.909714,0.00010082125,243,243,20,1.1890838,18.670723,0.01986522,0.30566067,0
189,3.15,2.3316848,34.83419,37.165874,-0.7438399,37.165874,9.0821166e-05,243,239,19,1.180105,20.463976,0.01995006,0.30228123,0
190,3.1666667,1.6312703,34.7383,36.369568,-0.79630554,36.369568,7.010218e-05,238,238,19,0.7779045,15.301654,0.01675712,0.29877302,0
191,3.1833334,1.1724373,34.74245,35.91489,-0.45467994,35.91489,4.215617e-05,250,250,19,0.630818,14.220712,0.011526939,0.29655194,0
192,3.2,0.80060685,34.784546,35.58515,-0.32973763,35.58515,4.8955673e-05,255,255,21,0.5091389,10.94921,0.009504588,0.29503432,0
193,3.2166667,0.5064998,34.82253,35.32903,-0.2561214,35.32903,5.5146444e-05,264,264,23,0.40204078,7.0893197,0.007594734,0.2933064,0
194,3.2333333,0.352631,34.81059,35.16322,-0.16580893,35.16322,6.1027415e-05,257,257,45,0.3503945,5.6184306,0.005791331,0.2907693,0
195,3.25,0.26454988,34.766674,35.031223,-0.13199809,35.031223,6.6769826e-05,261,261,44,0.37803614,4.2515216,0.0062800553,0.2873882,0
196,3.2666667,0.27671772,34.68058,34.9573,-0.07392369,34.9573,7.198882e-05,261,261,39,0.4327778,4.0474477,0.006989241,0.2830541,0
197,3.2833333,0.3284558,34.549717,34.878174,-0.07912593,34.878174,7.213394e-05,267,267,39,0.49012846,4.1702623,0.008015861,0.27761295,0
198,3.3,0.41921198,34.38742,34.806633,-0.07153937,34.806633,4.6679233e-05,277,277,39,0.56624174,4.4782553,0.009127626,0.27109662,0
199,3.3166666,0.52139866,34.209984,34.731384,-0.07525039,34.731384,6.0406863e-05,276,276,38,0.6357003,5.0426726,0.010368862,0.26376018,0
200,3.3333333,0.6292389,34.04133,34.670567,-0.060815595,34.670567,6.7974775e-05,277,277,27,0.71554965,6.2502728,0.011586762,0.25624502,0
201,3.35,0.66188663,33.892826,34.55471,-0.115856774,34.55471,4.412259e-05,264,264,27,0.73525226,6.7888083,0.012774957,0.2489822,0
202,3.3666666,0.64080685,33.81565,34.456455,-0.09825457,34.456455,5.049673e-05,265,265,27,0.7190642,5.760989,0.012506998,0.24400854,0
203,3.3833334,0.6215636,33.773693,34.395256,-0.06120018,34.395256,5.0926014e-05,262,262,19,0.68290645,6.703266,0.012042103,0.24049012,0
204,3.4,0.62071335,33.742306,34.363018,-0.03223875,34.363018,5.7277426e-05,262,262,38,0.66817915,8.274738,0.011614996,0.2376183,0
205,3.4166667,0.6040154,33.733448,34.337463,-0.025555506,34.337463,6.213285e-05,262,262,38,0.65226126,10.211302,0.011290048,0.23530628,0
206,3.4333334,0.5595655,33.747784,34.30735,-0.030112239,34.30735,6.729315e-05,268,268,36,0.62696445,12.495885,0.01098347,0.23344845,0
207,3.45,0.49917448,33.77718,34.276352,-0.030996433,34.276352,7.1529226e-05,253,253,34,0.5996033,13.496963,0.010556488,0.23209476,0
208,3.4666667,0.4341427,33.79861,34.232754,-0.043599013,34.232754,7.5465985e-05,254,254,32,0.5698343,13.806804,0.010133355,0.23059,0
209,3.4833333,0.4095527,33.79739,34.20694,-0.02581348,34.20694,7.863471e-05,254,251,41,0.57777804,13.732068,0.00984253,0.22829756,0
210,3.5,0.3777561,33.77223,34.149982,-0.05695715,34.149982,8.3049534e-05,255,255,36,0.5274763,15.059536,0.009522562,0.22543435,0
211,3.5166667,0.2862085,33.743866,34.03007,-0.11991101,34.03007,8.9503774e-05,256,255,41,0.38644996,14.104175,0.0077207796,0.2246414,0
212,3.5333333,0.2646198,33.7201,33.984722,-0.04535139,33.984722,9.607557e-05,254,254,39,0.29142132,12.990159,0.005815192,0.22580895,0
213,3.55,0.2864116,33.704678,33.99109,0.006368642,33.99109,0.000101921585,255,255,33,0.32058373,10.070698,0.005088051,0.22806817,0
214,3.5666666,0.3585573,33.689415,34.047974,0.056881845,34.047974,0.00010306822,256,253,33,0.47231075,7.7766113,0.006817712,0.22991532,0
215,3.5833333,0.37849468,33.695747,34.07424,0.026269184,34.07424,0.00010430225,259,259,44,0.509332,4.974868,0.008081176,0.2322522,0
216,3.6,0.3973916,33.72215,34.11954,0.04529854,34.11954,0.00010407346,254,254,43,0.49428782,4.323627,0.009058984,0.23505779,0
217,3.6166666,0.48362264,33.772163,34.255787,0.1362464,34.255787,0.00010450385,256,256,43,0.5450334,4.8958373,0.008842549,0.23827949,0
218,3.6333334,0.5744219,33.83263,34.40705,0.15126608,34.40705,0.00010397505,256,256,41,0.59846026,5.1614723,0.009750732,0.24127679,0
219,3.65,0.6540359,33.90791,34.561947,0.15489316,34.561947,0.00010361048,259,259,53,0.63716906,5.0780144,0.010357756,0.24455208,0
220,3.6666667,0.6993548,33.996372,34.69573,0.13378288,34.69573,0.000103661216,258,258,54,0.66949797,5.4246554,0.01108579,0.24835503,0
221,3.6833334,0.70617247,34.093452,34.799625,0.10389797,34.799625,0.00010399586,257,257,53,0.6728746,6.058067,0.011362455,0.2525687,0
222,3.7,0.68484294,34.195587,34.88043,0.08080202,34.88043,0.00010424736,256,256,53,0.651281,6.851789,0.011189228,0.25707582,0
223,3.7166667,0.647495,34.30275,34.950245,0.06981768,34.950245,0.00010432989,260,260,46,0.6140252,7.575843,0.010680373,0.26186708,0
224,3.7333333,0.59969676,34.4198,35.019497,0.06924971,35.019497,0.000103907056,258,258,45,0.56775534,7.9268975,0.009921985,0.26712954,0
225,3.75,0.55159974,34.545048,35.096645,0.07715123,35.096645,0.000103299564,263,263,45,0.5336691,8.448507,0.009290184,0.2726985,0
226,3.7666667,0.50773185,34.669403,35.177135,0.08048859,35.177135,0.00010273942,253,253,44,0.5159798,9.354192,0.008861614,0.27812082,0
227,3.7833333,0.41724128,34.799194,35.216434,0.039299436,35.216434,0.00010268895,268,268,44,0.5056374,6.944932,0.008614635,0.28388408,0
228,3.8,0.3712631,34.932686,35.303947,0.08751301,35.303947,0.000102691905,278,278,47,0.49435365,7.3197145,0.008419992,0.2901678,0
229,3.8166666,0.33638817,35.06324,35.39963,0.095681876,35.39963,0.00010269901,274,274,48,0.49471366,7.666311,0.008372498,0.29673517,0
230,3.8333333,0.32040465,35.190258,35.510662,0.11103204,35.510662,0.00010281933,273,273,50,0.49971697,8.24838,0.00838,0.30352256,0
231,3.85,0.32005316,35.31486,35.634914,0.124251045,35.634914,0.00010302018,269,269,53,0.52748,8.503057,0.008673487,0.31069887,0
232,3.8666666,0.3287448,35.44114,35.769886,0.13497269,35.769886,0.000103047605,261,261,53,0.56573695,8.326257,0.009251791,0.31862512,0
233,3.8833334,0.34584406,35.57233,35.918175,0.14828947,35.918175,0.00010336631,265,265,53,0.60495394,7.7741,0.0098992195,0.32731184,0
234,3.9,0.3760894,35.708336,36.084427,0.16625163,36.084427,0.000103201295,270,270,53,0.650506,6.9527774,0.010634331,0.33663392,0
235,3.9166667,0.41796532,35.84658,36.264545,0.18012038,36.264545,0.000103101476,268,268,45,0.6979962,6.9677396,0.011438272,0.34630206,0
236,3.9333334,0.46801066,35.981297,36.449306,0.1847605,36.449306,0.00010290863,261,261,45,0.740427,7.5144477,0.012214932,0.3559905,0
237,3.95,0.5249384,36.1066,36.63154,0.18223153,36.63154,0.00010300899,257,257,45,0.7681072,8.495873,0.012723307,0.36521897,0
238,3.9666667,0.5925114,36.21674,36.80925,0.17771004,36.80925,0.00010343724,244,244,45,0.81352293,9.032035,0.013413496,0.37375402,0
239,3.9833333,0.653852,36.304836,36.95869,0.14944014,36.95869,0.000102771075,247,247,45,0.85728085,9.11525,0.014126435,0.38127932,0
240,4,0.7059751,36.365597,37.07157,0.11288301,37.07157,0.000102518185,250,250,44,0.8826398,9.425971,0.014826604,0.38744804,0
241,4.016667,0.6798446,36.38157,37.061413,-0.010160013,37.061413,0.00010271057,264,264,45,0.825165,8.921585,0.014136159,0.39110836,0
242,4.0333333,0.62924606,36.340065,36.96931,-0.09210118,36.96931,0.000102620106,258,258,45,0.72832155,5.3753357,0.013460767,0.39170367,0
243,4.05,0.6699603,36.25545,36.92541,-0.04389823,36.92541,0.00010339142,245,245,46,0.70962465,3.7224221,0.01181524,0.38939822,0
244,4.0666666,0.7696205,36.132385,36.902004,-0.02340817,36.902004,0.00010342047,244,244,48,0.74789065,3.790249,0.012099572,0.3847844,0
245,4.0833335,0.907774,35.968296,36.876072,-0.025933295,36.876072,0.00010338169,247,247,48,0.80921996,4.7911263,0.012947717,0.37785923,0
246,4.1,1.0727751,35.76662,36.839397,-0.03667525,36.839397,0.00010289966,256,256,41,0.8735086,5.5730243,0.01406161,0.3687125,0
247,4.116667,1.2690759,35.530632,36.79971,-0.039687414,36.79971,0.0001029403,252,252,38,0.9588472,6.4319305,0.01525423,0.35747886,0
248,4.133333,1.488588,35.261036,36.749622,-0.05008547,36.749622,0.000102807586,244,240,36,1.0577064,7.372464,0.016810361,0.34405428,0
249,4.15,1.6888716,34.97473,36.663605,-0.086018905,36.663605,0.00010390742,248,247,34,1.1547717,9.2357855,0.018396903,0.32860026,0
250,4.1666665,1.930134,34.683178,36.61331,-0.050291356,36.61331,0.00010367152,251,251,33,1.2946607,10.201267,0.020433292,0.31079605,0
251,4.1833334,2.147492,34.3824,36.529892,-0.08342058,36.529892,0.00010386696,248,248,27,1.4194711,11.388296,0.022668015,0.29088372,0
252,4.2,2.2700267,34.117855,36.387882,-0.14201102,36.387882,0.00010585013,241,241,33,1.492557,12.827474,0.024506398,0.27011415,0
253,4.2166667,2.3015804,33.91521,36.21679,-0.171091,36.21679,0.00010520587,254,254,30,1.5500361,13.152163,0.025227262,0.25139445,0
254,4.233333,2.2040699,33.760216,35.964287,-0.25250486,35.964287,0.00011302347,241,241,26,1.5785547,12.747393,0.025999673,0.23547086,0
255,4.25,2.030695,33.675686,35.706383,-0.25790346,35.706383,0.000106241954,241,241,27,1.4948683,14.010519,0.025589636,0.22502314,0
256,4.266667,1.9026763,33.659157,35.561836,-0.14454728,35.561836,0.00010516451,239,239,26,1.4558964,13.785575,0.024609944,0.22002505,0
257,4.2833333,1.756935,33.691883,35.44882,-0.11301749,35.44882,0.00010484867,251,251,26,1.4059086,13.075037,0.023883842,0.21885464,0
258,4.3,1.59642,33.76265,35.35907,-0.08974927,35.35907,0.00010424864,239,239,26,1.3348699,11.954799,0.022820149,0.22061132,0
259,4.3166666,1.4422374,33.85889,35.301125,-0.0579417,35.301125,0.00010329507,240,240,26,1.2489498,11.079388,0.021582339,0.22454832,0
260,4.3333335,1.3023357,33.96499,35.267323,-0.033803552,35.267323,0.00010321155,234,234,31,1.1476064,9.930966,0.019958086,0.23000212,0
261,4.35,1.1754755,34.068592,35.24407,-0.023254996,35.24407,0.00010200934,243,243,31,1.0493041,8.551968,0.018290402,0.23576662,0
262,4.366667,1.0566521,34.16213,35.21878,-0.025286088,35.21878,0.00010124525,242,242,31,0.9377348,6.8148403,0.016575074,0.24112202,0
263,4.383333,0.95608276,34.241917,35.197998,-0.020783689,35.197998,0.00010129177,241,241,30,0.8279021,4.6842003,0.014689135,0.24579817,0
264,4.4,0.8837192,34.30214,35.18586,-0.0121384505,35.18586,0.00010113049,246,246,44,0.731259,2.8326685,0.012958204,0.24934785,0
265,4.4166665,0.8336939,34.34196,35.175655,-0.010205702,35.175655,0.00010135661,250,250,43,0.64388776,1.9844599,0.011414432,0.25152317,0
266,4.4333334,0.80124474,34.36352,35.164764,-0.0108878985,35.164764,0.000101633836,238,238,43,0.5603191,2.2420912,0.010001597,0.2523655,0
267,4.45,0.7790617,34.37045,35.14951,-0.015256901,35.14951,0.00010338028,240,240,43,0.5587451,2.4515674,0.009236908,0.25198367,0
268,4.4666667,0.7604351,34.370476,35.13091,-0.01859896,35.13091,0.0001043077,238,238,40,0.5686718,2.5043824,0.009399157,0.2505294,0
269,4.483333,0.7393768,34.369137,35.108513,-0.022395665,35.108513,0.000105025734,245,245,40,0.5722994,3.241456,0.009518999,0.24818987,0
270,4.5,0.7131711,34.372,35.08517,-0.023342565,35.08517,0.000104801504,244,244,39,0.56964475,4.1522937,0.009521466,0.24524541,0
271,4.516667,0.6746089,34.383537,35.058147,-0.02702532,35.058147,0.000102678474,233,233,33,0.5616346,5.0676565,0.009439901,0.24199155,0
272,4.5333333,0.6092227,34.41453,35.023754,-0.034392405,35.023754,0.00010188019,237,237,26,0.53578395,5.232999,0.00918724,0.23904376,0
273,4.55,0.54513705,34.461636,35.00677,-0.016982246,35.00677,0.0001015272,240,240,26,0.48430488,5.538702,0.008497459,0.23678057,0
274,4.5666666,0.4868421,34.508327,34.99517,-0.011601382,34.99517,0.00010140053,239,239,35,0.47202408,5.5239453,0.0075775874,0.23501867,0
275,4.5833335,0.43328378,34.55225,34.985535,-0.009636238,34.985535,0.000101271486,236,236,42,0.52661484,5.167956,0.008357102,0.23395981,0
276,4.6,0.3944561,34.58355,34.97801,-0.0075273435,34.97801,0.00010110843,232,232,48,0.56786776,4.686038,0.009146053,0.23330215,0
277,4.616667,0.36392528,34.599102,34.963028,-0.014980798,34.963028,0.000100864236,228,228,48,0.5950397,3.9649098,0.009734498,0.23291607,0
278,4.633333,0.36698055,34.587452,34.95443,-0.008595546,34.95443,0.0001006988,226,226,47,0.6086545,3.135662,0.010039452,0.23212384,0
279,4.65,0.40539324,34.54364,34.94903,-0.005399023,34.94903,0.0001011313,227,227,55,0.62203676,2.9621058,0.0102572385,0.23066622,0
280,4.6666665,0.47004518,34.470894,34.940937,-0.008093143,34.940937,0.00010086341,224,224,54,0.62715936,2.9595222,0.010438467,0.22870503,0
281,4.6833334,0.5554787,34.377613,34.933094,-0.007846392,34.933094,0.00010119306,225,225,55,0.6314155,2.6697316,0.010494526,0.22667497,0
282,4.7,0.65936714,34.265743,34.92511,-0.007981289,34.92511,0.00010141491,221,221,52,0.6305736,2.7179844,0.0105246175,0.22457027,0
283,4.7166667,0.7753365,34.141083,34.916416,-0.008693008,34.916416,0.00010154296,223,223,52,0.6241079,2.8958323,0.010461095,0.22247314,0
284,4.733333,0.8968352,34.009636,34.90647,-0.009945391,34.90647,0.00010165016,234,234,51,0.6123608,3.042738,0.010312454,0.22050638,0
285,4.75,1.0065856,33.880634,34.88722,-0.01925238,34.88722,0.00010236331,236,236,45,0.6479932,3.0145597,0.010397091,0.21883172,0
286,4.766667,1.1034536,33.76239,34.865845,-0.021375049,34.865845,0.00010527609,240,240,45,0.6913915,3.2031777,0.011183651,0.21752767,0
287,4.7833333,1.1732777,33.66215,34.835426,-0.030417299,34.835426,0.000105163344,246,246,41,0.7183391,2.9953384,0.011775652,0.21669915,0
288,4.8,1.2163676,33.5918,34.808167,-0.027259795,34.808167,0.000105571686,246,246,36,0.73575133,2.4685779,0.012131246,0.2164012,0
289,4.8166666,1.2458434,33.549847,34.795692,-0.012476796,34.795692,0.00010593985,237,237,35,0.7394798,2.4877205,0.012308401,0.21641448,0
290,4.8333335,1.2550625,33.52838,34.783443,-0.012247385,34.783443,0.00010574626,238,238,35,0.7325591,2.432449,0.012278698,0.21654336,0
291,4.85,1.2470541,33.52485,34.7719,-0.011542526,34.7719,0.000105716324,238,238,35,0.7480933,2.3224187,0.01234334,0.2166711,0
292,4.866667,1.224133,33.537224,34.761356,-0.010545583,34.761356,0.00010535048,240,240,34,0.75409395,2.187843,0.012538493,0.2167036,0
293,4.883333,1.1919117,33.55975,34.751663,-0.009692975,34.751663,0.00010521599,236,236,34,0.7868232,2.1673274,0.01274012,0.21655078,0
294,4.9,1.1531854,33.589523,34.742706,-0.008955657,34.742706,0.00010515198,230,230,34,0.8324353,2.138167,0.013502487,0.21619888,0
295,4.9166665,1.1106694,33.623524,34.73419,-0.008513944,34.73419,0.00010504419,230,230,44,0.8752111,2.7080407,0.01424727,0.21568534,0
296,4.9333334,1.0656226,33.66001,34.72563,-0.008561019,34.72563,0.00010486885,232,232,44,0.91182154,3.4350705,0.014907205,0.21513881,0
297,4.95,1.0188222,33.69833,34.717155,-0.008478112,34.717155,0.0001050317,237,237,44,0.9415145,4.1083164,0.015460782,0.2147272,0
298,4.9666667,0.9706182,33.737843,34.70846,-0.008693788,34.70846,0.00010535438,241,241,44,0.96247643,4.718987,0.015883464,0.2146385,0
299,4.983333,0.9193058,33.779,34.698307,-0.010154621,34.698307,0.00010522015,236,236,41,0.9716655,5.2100625,0.016139904,0.21509087,0
300,5,0.8625859,33.824673,34.68726,-0.011045297,34.68726,0.000105210325,233,233,47,0.96539485,5.481936,0.0161588,0.21638316,0
301,5.016667,0.8002758,33.874386,34.674664,-0.0125971595,34.674664,0.00010520971,229,229,41,0.94324505,5.709303,0.015918426,0.21857035,0
302,5.0333333,0.7319831,33.92865,34.660633,-0.01402839,34.660633,0.00010459592,225,225,41,0.90687996,5.7265334,0.015424536,0.22167376,0
303,5.05,0.6548115,33.991226,34.646038,-0.01459849,34.646038,0.00010478734,227,227,41,0.8550551,5.425136,0.014686096,0.22569776,0
304,5.0666666,0.57399815,34.058445,34.632442,-0.013594746,34.632442,0.00010490934,232,232,41,0.79142225,4.986911,0.013719023,0.2303141,0
305,5.0833335,0.4930678,34.126873,34.61994,-0.012500287,34.61994,0.00010514249,236,236,41,0.71830904,4.4600067,0.0125737935,0.23521455,0
306,5.1,0.41454393,34.192898,34.60744,-0.012501142,34.60744,0.00010544077,230,230,40,0.633812,3.6607728,0.011283602,0.2400806,0
307,5.116667,0.34460458,34.252827,34.59743,-0.010010216,34.59743,0.00010478516,236,236,51,0.54384995,2.7330003,0.009765098,0.2444549,0
308,5.133333,0.28516084,34.303135,34.588295,-0.0091354465,34.588295,0.00010454668,239,239,52,0.4618112,2.14813,0.008362919,0.24819168,0
309,5.15,0.23701322,34.342888,34.5799,-0.008394706,34.5799,0.000104287654,238,238,52,0.38242623,1.4776647,0.006990191,0.2511258,0
310,5.1666665,0.20807445,34.364853,34.57293,-0.006971484,34.57293,0.000104379506,238,238,59,0.3216786,0.9861386,0.005799851,0.25296935,0
311,5.1833334,0.19885966,34.36734,34.5662,-0.0067296065,34.5662,0.00010448101,240,240,60,0.30019933,0.9618624,0.0050832843,0.25365078,0
312,5.2,0.20828402,34.352795,34.561077,-0.005120643,34.561077,0.0001042422,237,237,59,0.3153195,0.9123318,0.0050630085,0.25329417,0
313,5.2166667,0.23534615,34.321243,34.55659,-0.004488091,34.55659,0.00010389105,238,238,59,0.3606271,1.034469,0.00558788,0.25191954,0
314,5.233333,0.2780626,34.273636,34.551697,-0.004891194,34.551697,0.00010400306,235,235,59,0.42609605,1.5313935,0.0065382193,0.24957253,0
315,5.25,0.3343232,34.211987,34.54631,-0.0053882687,34.54631,0.00010401801,230,230,57,0.5018222,2.1239865,0.0077330205,0.24635392,0
316,5.266667,0.40141273,34.139397,34.54081,-0.0055026044,34.54081,0.000104000654,226,226,55,0.5810667,2.7127852,0.0090352055,0.24241175,0
317,5.2833333,0.47461253,34.059193,34.533806,-0.0070036394,34.533806,0.000104104416,224,224,54,0.6593649,3.2906215,0.010354003,0.23793991,0
318,5.3,0.54905677,33.976185,34.525238,-0.008564245,34.525238,0.000104425024,225,225,53,0.7324177,3.934861,0.011620725,0.23318566,0
319,5.3166666,0.62340075,33.892536,34.515938,-0.0093021095,34.515938,0.000104250335,233,233,53,0.7991199,4.4687243,0.012786,0.22840735,0
320,5.3333335,0.69608146,33.811096,34.50718,-0.008758693,34.50718,0.00010417786,231,231,54,0.8566498,4.8950086,0.013822005,0.22385478,0
321,5.35,0.76352125,33.734245,34.497765,-0.009412651,34.497765,0.00010452976,235,235,49,0.9020854,5.130597,0.014686387,0.219755,0
322,5.366667,0.8211159,33.666973,34.48809,-0.009677268,34.48809,0.0001046791,239,239,50,0.9317738,5.0525165,0.015303062,0.21643485,0
323,5.383333,0.8694669,33.60842,34.477886,-0.0102018835,34.477886,0.00010517352,240,240,50,0.9487967,4.811621,0.01568969,0.21389657,0
324,5.4,0.91008246,33.55817,34.46825,-0.009636037,34.46825,0.00010647599,235,235,46,0.95314,4.4515457,0.015865572,0.21210238,0
325,5.4166665,0.94141513,33.517097,34.45851,-0.009739681,34.45851,0.00010593879,237,237,45,0.9441987,4.0328913,0.015826257,0.21103394,0
326,5.4333334,0.9640883,33.48565,34.449738,-0.008772947,34.449738,0.00010559239,247,247,47,0.92535716,3.6531255,0.015587515,0.21062309,0
327,5.45,0.9806565,33.46047,34.441128,-0.00861231,34.441128,0.000105920226,252,252,51,0.8975443,3.224675,0.015194977,0.21065237,0
328,5.4666667,0.9912121,33.441193,34.432404,-0.008721334,34.432404,0.00010603609,243,243,49,0.86359686,2.7406309,0.014671256,0.21098004,0
329,5.483333,0.99486613,33.42952,34.424385,-0.00801908,34.424385,0.00010533271,247,247,61,0.82507986,2.134286,0.014069533,0.21149911,0
330,5.5,0.9912912,33.425762,34.417053,-0.007332617,34.417053,0.00010547852,247,247,62,0.7869667,1.7454613,0.013414941,0.2121117,0
331,5.516667,0.9794995,33.43084,34.41034,-0.0067132395,34.41034,0.00010477424,242,242,60,0.74947387,1.759037,0.012793186,0.21278171,0
332,5.5333333,0.95807904,33.44535,34.40343,-0.0069095655,34.40343,0.000104714585,238,238,58,0.71173596,1.8088653,0.012164968,0.21345511,0
333,5.55,0.92651635,33.469696,34.396214,-0.0072184578,34.396214,0.00010467424,236,236,52,0.6746291,1.8270427,0.011539787,0.21410675,0
334,5.5666666,0.88468766,33.50409,34.38878,-0.0074352017,34.38878,0.00010448079,239,239,52,0.6393061,1.815791,0.010935411,0.21473755,0
335,5.5833335,0.832928,33.548313,34.38124,-0.007534963,34.38124,0.000104398074,231,231,51,0.6124835,1.7759969,0.010368606,0.21536347,0
336,5.6,0.7667936,33.603268,34.37006,-0.011182263,34.37006,0.00010286683,228,228,50,0.58945906,1.7924885,0.010018725,0.21603902,0
337,5.616667,0.69120026,33.668346,34.359547,-0.010514295,34.359547,0.00010135743,235,235,49,0.56415844,1.9250796,0.009613597,0.21680677,0
338,5.633333,0.610372,33.73779,34.34816,-0.011384703,34.34816,0.00010262639,234,234,49,0.534404,1.9133778,0.009151008,0.21764313,0
339,5.65,0.5278708,33.810413,34.338284,-0.009876517,34.338284,0.00010240078,231,231,49,0.51583123,1.8687938,0.008725575,0.21857482,0
340,5.6666665,0.44694662,33.88424,34.331184,-0.007099894,34.331184,0.00010134892,223,223,41,0.50311935,1.7970254,0.008480478,0.21963295,0
341,5.6833334,0.3695229,33.95461,34.32413,-0.007051457,34.32413,0.00010158616,226,226,41,0.49064127,1.811961,0.008279098,0.22078757,0
342,5.7,0.29886997,34.018143,34.317013,-0.007119219,34.317013,0.00010138758,231,231,48,0.47662222,1.8125902,0.0080587305,0.22195391,0
343,5.7166667,0.24036482,34.07106,34.311424,-0.005587973,34.311424,0.00010296709,233,233,58,0.4601598,1.7988013,0.0078055905,0.22304735,0
344,5.733333,0.19570726,34.111107,34.306816,-0.0046110298,34.306816,0.000103533326,233,233,58,0.43882495,1.9244876,0.007491854,0.22402179,0
345,5.75,0.16484785,34.137817,34.302666,-0.0041491943,34.302666,0.000103354534,234,234,58,0.411303,1.9388366,0.0070769712,0.22487658,0
346,5.766667,0.14785819,34.15136,34.29922,-0.0034460276,34.29922,0.000102102844,238,238,58,0.3832213,1.9703789,0.0066127437,0.22560866,0
347,5.7833333,0.14362049,34.15186,34.29548,-0.0037397628,34.29548,0.00010186444,232,232,56,0.35966456,2.0744038,0.006174408,0.22621962,0
348,5.8,0.15161456,34.13982,34.291435,-0.004044136,34.291435,0.00010171545,236,236,56,0.3347021,2.0137203,0.0057765776,0.22669846,0
349,5.8166666,0.17088123,34.116627,34.287506,-0.003929074,34.287506,0.00010171545,238,238,56,0.31535202,1.8331248,0.0053917672,0.22703455,0
350,5.8333335,0.20107058,34.08238,34.28345,-0.004056207,34.28345,0.00010192409,239,239,57,0.30708763,1.5929589,0.0051567857,0.22715195,0
351,5.85,0.24112698,34.03806,34.279186,-0.0042623747,34.279186,0.000101745456,232,232,56,0.3179783,1.2972344,0.0051374356,0.2270037,0
352,5.866667,0.28916112,33.984734,34.273895,-0.005293332,34.273895,0.000102996986,237,237,56,0.3586306,1.1211315,0.0056312634,0.22654496,0
353,5.883333,0.34410688,33.92438,34.268486,-0.005407512,34.268486,0.00010278835,234,234,57,0.40071476,1.1456016,0.0063395654,0.22575124,0
354,5.9,0.39732188,33.860172,34.257496,-0.010991706,34.257496,0.00010324935,233,233,47,0.4318035,1.3408159,0.0069614705,0.22463931,0
355,5.9166665,0.45538023,33.7932,34.24858,-0.008915358,34.24858,0.000103650826,242,242,47,0.4753875,1.361037,0.007462337,0.2232047,0
356,5.9333334,0.51568663,33.723923,34.23961,-0.008971741,34.23961,0.000103649305,239,239,47,0.53500414,1.3815231,0.008426674,0.22144121,0
357,5.95,0.57687384,33.65379,34.230663,-0.008944015,34.230663,0.0001035494,251,251,47,0.59473723,1.5299904,0.009427766,0.21940048,0
358,5.9666667,0.6368063,33.58466,34.221466,-0.009197532,34.221466,0.00010340168,247,247,47,0.6517747,1.9354477,0.010401182,0.21716756,0
359,5.983333,0.6938119,33.52018,34.21399,-0.00747598,34.21399,0.00010360382,246,246,45,0.7056836,2.3316216,0.011328967,0.21485434,0
360,6,0.7460602,33.46081,34.20687,-0.007118708,34.20687,0.00010381229,244,244,43,0.7544645,2.634019,0.012187563,0.21255939,0
361,6.016667,0.79164773,33.40807,34.19972,-0.007152716,34.19972,0.00010399225,238,238,43,0.7963987,2.8593614,0.012941235,0.21041554,0
362,6.0333333,0.8289934,33.363117,34.192112,-0.0076070833,34.192112,0.00010424509,240,240,43,0.8316556,3.079492,0.013582479,0.20851585,0
363,6.05,0.8553627,33.327744,34.183105,-0.009006939,34.183105,0.00010459373,241,241,42,0.85888004,3.3389301,0.01410826,0.20698233,0
364,6.0666666,0.8686707,33.303787,34.172455,-0.010648699,34.172455,0.000104549814,239,239,42,0.87563556,3.5648425,0.0144711975,0.20592181,0
365,6.0833335,0.87001985,33.29034,34.16036,-0.012097073,34.16036,0.000104360995,232,232,41,0.8829553,3.6756554,0.014668026,0.20538864,0
366,6.1,0.85907114,33.28812,34.14719,-0.013169037,34.14719,0.00010482872,233,233,41,0.8811267,3.6840508,0.014711853,0.20541711,0
367,6.116667,0.8352343,33.29846,34.133694,-0.01349714,34.133694,0.00010489384,228,228,41,0.8681888,3.5294309,0.014591718,0.20604397,0
368,6.133333,0.79954106,33.3208,34.120342,-0.013352156,34.120342,0.000105142855,223,223,43,0.8451533,3.2938719,0.01428421,0.20720898,0
369,6.15,0.75321203,33.35426,34.10747,-0.01287022,34.10747,0.00010535378,228,228,42,0.8137581,3.0154538,0.013827469,0.20882635,0
370,6.1666665,0.6983602,33.397614,34.095974,-0.011498669,34.095974,0.00010559823,230,230,53,0.7749513,2.7066166,0.013239909,0.21080434,0
371,6.1833334,0.63716376,33.449684,34.086845,-0.009125528,34.086845,0.000106511456,238,238,54,0.7296436,2.3846667,0.012534474,0.21305759,0
372,6.2,0.5713947,33.507877,34.07927,-0.007575785,34.07927,0.00010675278,249,249,57,0.678863,2.1385295,0.011734377,0.21546383,0
373,6.2166667,0.50394636,33.56947,34.073414,-0.0058554453,34.073414,0.00010653488,252,252,57,0.62268466,1.872816,0.010837841,0.21789666,0
374,6.233333,0.43697432,33.631844,34.068817,-0.0045976387,34.068817,0.00010554475,248,248,57,0.56304944,1.6091319,0.009869626,0.22023788,0
375,6.25,0.37222344,33.69274,34.064964,-0.003853327,34.064964,0.00010537689,247,247,58,0.5015015,1.3152785,0.008854372,0.22238788,0
376,6.266667,0.3109596,33.75061,34.06157,-0.0033945697,34.06157,0.00010528635,249,249,58,0.44093135,0.97240514,0.007832207,0.22427346,0
377,6.2833333,0.2543785,33.803894,34.058273,-0.0032960367,34.058273,0.00010533106,247,247,58,0.38359588,0.8996711,0.0068476982,0.2258441,0
378,6.3,0.20360427,33.851368,34.05497,-0.0033032498,34.05497,0.00010532768,247,247,58,0.3328837,0.8432139,0.005944696,0.2270836,0
379,6.3166666,0.1600591,33.891724,34.05178,-0.0031884154,34.05178,0.000105380386,247,247,58,0.28658354,0.7818681,0.0051341094,0.22798488,0
380,6.3333335,0.12335038,33.924477,34.047825,-0.0039556283,34.047825,0.000104148785,247,247,58,0.24957395,0.7045419,0.0044295313,0.2285492,0
381,6.35,0.09390341,33.950455,34.04436,-0.003466958,34.04436,0.00010229826,247,247,58,0.22870882,0.7033694,0.0039475644,0.22881435,0
382,6.366667,0.07549185,33.96607,34.04156,-0.0027980383,34.04156,0.0001019955,245,245,58,0.22381967,0.9517618,0.0037385912,0.2287544,0
383,6.383333,0.06801182,33.97085,34.038864,-0.0026972117,34.038864,0.00010186422,241,241,62,0.22905734,1.0429671,0.0037405414,0.22840652,0
384,6.4,0.07180392,33.96433,34.036133,-0.002731081,34.036133,0.00010197686,236,236,60,0.24851893,1.1150715,0.003957038,0.22778067,0
385,6.4166665,0.08676718,33.94564,34.03241,-0.0037251397,34.03241,0.00010370143,239,239,62,0.27783823,1.1766038,0.004375393,0.22688025,0
386,6.4333334,0.11212668,33.916275,34.0284,-0.0040076314,34.0284,0.00010426683,233,233,58,0.3130611,1.2362621,0.0049197036,0.22574882,0
387,6.45,0.14611004,33.87844,34.02455,-0.0038508133,34.02455,0.00010429731,232,232,59,0.35111195,1.265002,0.0055403546,0.22444183,0
388,6.4666667,0.18800308,33.832672,34.020676,-0.0038751555,34.020676,0.0001046428,233,233,59,0.3877337,1.2278496,0.0061618816,0.22297682,0
389,6.483333,0.23586439,33.780804,34.01667,-0.0040057865,34.01667,0.00010442008,233,233,59,0.42508182,1.2187266,0.0067767156,0.22139889,0
390,6.5,0.28817385,33.724083,34.012257,-0.0044135987,34.012257,0.000105178755,234,234,59,0.46256638,1.2567744,0.0074052415,0.21972035,0
391,6.516667,0.34385878,33.66387,34.00773,-0.004526179,34.00773,0.00010545507,240,240,60,0.4983445,1.2889466,0.008016494,0.21797648,0
392,6.5333333,0.4012333,33.601765,34.003,-0.004730082,34.003,0.00010557044,241,241,60,0.5320555,1.3174826,0.008595665,0.21620587,0
393,6.55,0.45855328,33.53957,33.998123,-0.00487603,33.998123,0.00010563774,241,241,60,0.5634625,1.345865,0.009139275,0.21445808,0
394,6.5666666,0.5140814,33.478992,33.993073,-0.0050505823,33.993073,0.000105799736,239,239,59,0.5923419,1.3768581,0.009641852,0.21276224,0
395,6.5833335,0.56613284,33.421707,33.987843,-0.0052312464,33.987843,0.00010592307,239,239,59,0.6184461,1.4115818,0.01009991,0.21115153,0
396,6.6,0.6131459,33.369595,33.982742,-0.0051004183,33.982742,0.00010611709,239,239,59,0.6415499,1.4506689,0.010509952,0.20966235,0
397,6.616667,0.6536905,33.32398,33.97767,-0.005072319,33.97767,0.000106447624,240,240,58,0.66146827,1.4936242,0.010868164,0.20832692,0
398,6.633333,0.68649596,33.28601,33.972507,-0.005160689,33.972507,0.00010654045,238,238,57,0.6780461,1.5399084,0.011171968,0.20717365,0
399,6.65,0.71053094,33.256706,33.967236,-0.00527083,33.967236,0.000106982705,237,237,57,0.6910672,1.5875999,0.011418369,0.20622683,0
400,6.6666665,0.72489524,33.236546,33.96144,-0.0057953135,33.96144,0.00010767418,238,238,53,0.70020807,1.6273701,0.01160283,0.20550327,0
401,6.6833334,0.729415,33.226376,33.95579,-0.005651348,33.95579,0.00010750422,235,235,52,0.7053461,1.6669086,0.01172118,0.20502622,0
402,6.7,0.72391546,33.22624,33.950153,-0.0056378935,33.950153,0.00010752156,233,233,52,0.70623046,1.6993439,0.011770629,0.20480327,0
403,6.7166667,0.70869535,33.236347,33.94504,-0.0051111286,33.94504,0.00010587624,236,236,53,0.70268637,1.7219402,0.0117475875,0.20484589,0
404,6.733333,0.68147916,33.25833,33.93981,-0.005230776,33.93981,0.00010316153,232,232,52,0.694578,1.7397867,0.011649158,0.20517644,0
405,6.75,0.64576507,33.289524,33.93529,-0.004520304,33.93529,0.00010268777,227,227,52,0.6819024,1.7374697,0.011474021,0.2057496,0
406,6.766667,0.60253114,33.328094,33.930626,-0.0046641235,33.930626,0.00010250406,236,236,53,0.66505164,1.7334064,0.011226561,0.20654666,0
407,6.7833333,0.5510673,33.374676,33.925743,-0.0048836414,33.925743,0.00010276763,233,233,52,0.6443995,1.730847,0.010912194,0.20757814,0
408,6.8,0.49403486,33.425304,33.91934,-0.0064042727,33.91934,0.00010358398,239,239,59,0.62062013,1.7621661,0.010541448,0.20879671,0
409,6.8166666,0.43298593,33.479713,33.9127,-0.00663763,33.9127,0.00010359088,238,238,59,0.59238863,1.8036461,0.010108531,0.21019381,0
410,6.8333335,0.3705581,33.536354,33.906914,-0.0057862126,33.906914,0.00010288369,240,240,58,0.5597627,1.8422703,0.00960022,0.21173353,0
411,6.85,0.30906397,33.592434,33.901497,-0.005415798,33.901497,0.00010354391,241,241,60,0.5225616,1.8633307,0.009017773,0.2133576,0
412,6.866667,0.25029355,33.646564,33.89686,-0.004640751,33.89686,0.00010292774,241,241,60,0.48012525,1.8581076,0.008355752,0.2150282,0
413,6.883333,0.19492204,33.697666,33.89259,-0.0042685233,33.89259,0.00010298519,245,245,61,0.4317211,1.853458,0.007592478,0.21669526,0
414,6.9,0.14558327,33.743263,33.888847,-0.0037418208,33.888847,0.0001031023,246,246,61,0.38001862,1.8157871,0.0067568645,0.21827677,0
415,6.9166665,0.103702426,33.782513,33.886215,-0.0026323462,33.886215,0.0001015214,247,247,62,0.32586607,1.7118279,0.0058707097,0.21972704,0
416,6.9333334,0.07012269,33.813316,33.883442,-0.002774333,33.883442,0.0001024135,245,245,63,0.2711806,1.5204471,0.0049618534,0.22098684,0
417,6.95,0.045757134,33.83526,33.881016,-0.0024237076,33.881016,0.00010225532,247,247,63,0.21742398,1.2950251,0.0040519782,0.2220117,0
418,6.9666667,0.031336114,33.847782,33.879116,-0.0019003467,33.879116,0.00010136153,249,249,63,0.170114,1.0225335,0.0031963948,0.22275187,0
419,6.983333,0.027053464,33.850216,33.87727,-0.001847013,33.87727,0.000101864694,248,248,62,0.13934048,0.70743686,0.0025216157,0.2231556,0
420,7,0.033017706,33.842705,33.875725,-0.0015460005,33.875725,0.000102087244,251,251,64,0.13899279,0.3958807,0.002244689,0.22319886,0
421,7.016667,0.049047828,33.825222,33.87427,-0.0014530972,33.87427,0.000101490514,246,246,62,0.17095868,0.39379114,0.0025343152,0.22285871,0
422,7.0333333,0.074394844,33.798416,33.87281,-0.0014594533,33.87281,0.00010178953,246,246,62,0.21968417,0.49800903,0.0032509523,0.22214773,0
423,7.05,0.10653175,33.763264,33.869797,-0.0030155685,33.869797,0.00010240115,247,247,62,0.27279744,0.74595666,0.0041075414,0.22110806,0
424,7.0666666,0.14333236,33.720688,33.86402,-0.005773828,33.86402,0.00010277903,245,245,61,0.3284552,1.0386449,0.0050190897,0.21977651,0
425,7.0833335,0.18515468,33.672592,33.857746,-0.00627611,33.857746,0.00010293378,244,244,61,0.38366687,1.3039638,0.0059464476,0.21819995,0
426,7.1,0.23087597,33.620174,33.851048,-0.0066967676,33.851048,0.000103244594,245,245,61,0.43690866,1.5709535,0.0068519562,0.21643648,0
427,7.116667,0.27901074,33.56534,33.84435,-0.0067004804,33.84435,0.000103551516,242,242,60,0.48709714,1.8208885,0.0077150133,0.21455902,0
428,7.133333,0.3274354,33.509464,33.8369,-0.0074488395,33.8369,0.00010349364,244,244,60,0.5328153,2.028318,0.008517369,0.21264179,0
429,7.15,0.37410438,33.453842,33.82795,-0.008950997,33.82795,0.00010403773,238,238,59,0.5716915,2.2015154,0.009222941,0.21076487,0
430,7.1666665,0.4184477,33.39962,33.818066,-0.009881267,33.818066,0.000104366736,237,237,58,0.6043255,2.4030309,0.009814128,0.20899376,0
431,7.1833334,0.45932797,33.347885,33.807213,-0.010855013,33.807213,0.00010392954,236,236,58,0.6312864,2.5227876,0.010310421,0.20738265,0
432,7.2,0.4938144,33.30155,33.795364,-0.011847332,33.795364,0.00010314116,234,234,58,0.651688,2.5206082,0.010704007,0.20601918,0
433,7.2166667,0.5216378,33.26132,33.782955,-0.012407672,33.782955,0.00010303616,230,230,56,0.6657599,2.481146,0.010989974,0.2049234,0
434,7.233333,0.54187495,33.228596,33.770473,-0.012485363,33.770473,0.00010312346,227,227,55,0.67348737,2.411056,0.011170277,0.20412385,0
435,7.25,0.5536667,33.204704,33.75837,-0.012100765,33.75837,0.00010300649,231,231,55,0.6724731,2.2239504,0.0112238,0.20365167,0
436,7.266667,0.5582559,33.18936,33.74762,-0.010752478,33.74762,0.00010265263,231,231,56,0.66575897,2.0221465,0.011157871,0.2034688,0
437,7.2833333,0.55612934,33.183384,33.739513,-0.00810458,33.739513,0.000101961676,234,234,56,0.6548926,1.8762952,0.011005339,0.20356424,0
438,7.3,0.54740167,33.186203,33.733604,-0.0059110164,33.733604,0.00010170776,233,233,56,0.64061916,1.7869478,0.010799582,0.20390697,0
439,7.3166666,0.53225994,33.19666,33.72892,-0.0046842513,33.72892,0.00010295927,233,233,56,0.6210341,1.6675457,0.010518377,0.20445623,0
440,7.3333335,0.510451,33.213272,33.72372,-0.005197059,33.72372,0.00010441641,235,235,56,0.5962101,1.504187,0.010143461,0.20515431,0
441,7.35,0.48227623,33.23635,33.718628,-0.005094919,33.718628,0.00010457457,236,236,56,0.56794673,1.3395492,0.009699382,0.20598124,0
442,7.366667,0.44835845,33.265236,33.713596,-0.00503197,33.713596,0.00010469954,240,240,57,0.5390579,1.2045597,0.009212733,0.20690827,0
443,7.383333,0.4092968,33.299202,33.7085,-0.005094051,33.7085,0.000104907005,237,237,51,0.51109636,1.1142192,0.008746921,0.20793824,0
444,7.4,0.36600032,33.33776,33.70376,-0.004740947,33.70376,0.0001060538,240,240,51,0.48078796,1.0412343,0.008260972,0.209049,0
445,7.4166665,0.3200091,33.37966,33.699673,-0.004088122,33.699673,0.000106705775,239,239,51,0.44787472,0.96112156,0.0077328677,0.2102114,0
446,7.4333334,0.27282056,33.4231,33.695923,-0.0037497343,33.695923,0.0001066498,237,237,51,0.41252863,0.8868181,0.007163307,0.21139112,0
447,7.45,0.22589864,33.466602,33.6925,-0.003421456,33.6925,0.000106710686,236,236,51,0.37513417,0.80171156,0.006554213,0.2125567,0
448,7.4666667,0.1806382,33.50877,33.689407,-0.0030911781,33.689407,0.000106401116,237,237,51,0.33807024,0.71495074,0.0059341183,0.21368761,0
449,7.483333,0.13839827,33.548157,33.686558,-0.002853093,33.686558,0.00010626749,237,237,51,0.2983647,0.63289917,0.005298862,0.2147591,0
450,7.5,0.100428134,33.58346,33.68389,-0.002664209,33.68389,0.00010615455,239,239,55,0.25576994,0.55155474,0.0046082893,0.21573068,0
451,7.516667,0.06666622,33.614464,33.68113,-0.0027631554,33.68113,0.00010344757,237,237,59,0.21339639,0.49226788,0.0038965223,0.21659368,0
452,7.5333333,0.039634228,33.638836,33.67847,-0.002659497,33.67847,0.000102553146,235,235,58,0.17004055,0.42998248,0.0031825241,0.21731116,0
453,7.55,0.02032806,33.655487,33.675816,-0.0026535585,33.675816,0.00010259306,237,237,59,0.12708373,0.3626253,0.0024610886,0.21785834,0
454,7.5666666,0.008999539,33.664333,33.673336,-0.002480925,33.673336,0.00010288395,238,238,59,0.08682925,0.27812383,0.0017608393,0.21821795,0
455,7.5833335,0.005423238,33.666065,33.67149,-0.0018462501,33.67149,0.000102833605,238,238,59,0.06375425,0.19525993,0.0011829552,0.21835946,0
456,7.6,0.009625947,33.660114,33.66974,-0.0017477269,33.66974,0.000104196246,238,238,59,0.07985836,0.19220251,0.0011212381,0.21825817,0
457,7.616667,0.021196395,33.64654,33.667736,-0.0020032807,33.667736,0.00010538643,238,238,59,0.11809753,0.26440594,0.0016379638,0.2179175,0
458,7.633333,0.03957842,33.626205,33.665783,-0.0019539644,33.665783,0.00010551533,238,238,59,0.1611819,0.352597,0.002333744,0.21737778,0
459,7.65,0.06414084,33.599525,33.663666,-0.0021188632,33.663666,0.00010555743,241,241,60,0.20477574,0.44480175,0.0030602287,0.21666363,0
460,7.6666665,0.09413435,33.567192,33.661327,-0.0023386064,33.661327,0.000105655134,242,242,60,0.24769509,0.535161,0.0037826262,0.21579452,0
461,7.6833334,0.12863027,33.530075,33.658707,-0.0026210349,33.658707,0.00010588927,242,242,60,0.2893779,0.6252584,0.004488471,0.21479201,0
462,7.7,0.16657999,33.48924,33.65582,-0.002884519,33.65582,0.000105894025,242,242,60,0.32924753,0.71154636,0.0051680966,0.2136823,0
463,7.7166667,0.20682837,33.445847,33.652676,-0.003144359,33.652676,0.000106176456,242,242,60,0.36691296,0.79373074,0.0058145933,0.21249382,0
464,7.733333,0.24609362,33.403305,33.6494,-0.003278267,33.6494,0.00010372256,244,244,61,0.4029248,0.88896465,0.006426619,0.2112849,0
465,7.75,0.28416947,33.362373,33.64654,-0.0028543153,33.64654,0.00010276518,243,243,60,0.43655214,0.99807656,0.0070067183,0.21006404,0
466,7.766667,0.32055822,33.322952,33.64351,-0.0030333279,33.64351,0.000102623766,241,241,60,0.46747604,1.1057843,0.0075443196,0.2088448,0
467,7.7833333,0.35417584,33.286137,33.640312,-0.003196259,33.640312,0.000102496466,244,244,60,0.49543142,1.2117622,0.008034815,0.20765997,0
468,7.8,0.38402674,33.252934,33.63696,-0.0033537266,33.63696,0.00010258483,243,243,60,0.5200256,1.3113002,0.008472522,0.2065455,0
469,7.8166666,0.4092139,33.224236,33.63345,-0.0035099506,33.63345,0.00010250475,243,243,60,0.540926,1.402398,0.008851468,0.20553337,0
470,7.8333335,0.4289668,33.200855,33.62982,-0.003626565,33.62982,0.00010260629,240,240,59,0.55781746,1.4829342,0.00916598,0.20465238,0
471,7.85,0.4426804,33.18346,33.62614,-0.0036848274,33.62614,0.00010267117,241,241,59,0.57044375,1.5517118,0.009411373,0.20392966,0
472,7.866667,0.44994065,33.172695,33.62264,-0.0035019221,33.62264,0.00010278621,240,240,59,0.57857364,1.6067419,0.009583629,0.20338877,0
473,7.883333,0.4505364,33.16894,33.619476,-0.0031604639,33.619476,0.000103123726,240,240,59,0.5820586,1.6470174,0.0096798595,0.2030456,0
474,7.9,0.44448164,33.171963,33.616444,-0.0030339132,33.616444,0.00010286992,240,240,59,0.5808978,1.6746882,0.009698004,0.20290709,0
475,7.9166665,0.4320028,33.181408,33.61341,-0.0030315423,33.61341,0.0001023606,242,242,52,0.5751309,1.6913588,0.009638842,0.20297071,0
476,7.9333334,0.41348985,33.196777,33.610268,-0.003142835,33.610268,0.00010214485,246,246,53,0.56472325,1.6912308,0.00950297,0.20322843,0
477,7.95,0.3894775,33.217632,33.60711,-0.0031586445,33.60711,0.00010192391,240,240,52,0.54936415,1.6577308,0.0092884265,0.20367472,0
478,7.9666667,0.3606644,33.243523,33.604187,-0.0029212006,33.604187,0.000101710335,235,235,52,0.5293274,1.6037431,0.008990746,0.2042975,0
479,7.983333,0.32792187,33.273495,33.601418,-0.0027725615,33.601418,0.00010190514,238,238,53,0.5050717,1.5404018,0.008620518,0.2050665,0
480,8,0.2921704,33.306732,33.598904,-0.0025117414,33.598904,0.00010192357,234,234,53,0.47690466,1.4648852,0.008182502,0.20595473,0
481,8.016666,0.25448212,33.342167,33.59665,-0.002256681,33.59665,0.000101599166,235,235,58,0.44506714,1.3759866,0.0076813046,0.2069284,0
482,8.033334,0.2160076,33.37863,33.59464,-0.002009293,33.59464,0.000101142694,235,235,58,0.40982026,1.2732881,0.0071211336,0.207951,0
483,8.05,0.17750426,33.41517,33.592674,-0.0019644639,33.592674,0.00010128464,237,237,58,0.37146887,1.1578478,0.0065062456,0.20898701,0
484,8.066667,0.13880816,33.451897,33.590706,-0.0019680287,33.590706,0.000101308215,240,240,60,0.33018562,1.0337911,0.0058408417,0.21001868,0
485,8.083333,0.10288927,33.48588,33.58877,-0.00193468,33.58877,0.00010128292,240,240,60,0.28677645,0.91061336,0.0051353616,0.21099316,0
486,8.1,0.07104816,33.515884,33.586933,-0.0018382206,33.586933,0.000101473735,240,240,60,0.24030338,0.8199093,0.00438848,0.21187362,0
487,8.116667,0.044428427,33.540916,33.585342,-0.0015890335,33.585342,0.00010139961,239,239,60,0.19202468,0.7024621,0.003593986,0.2126239,0
488,8.133333,0.023726543,33.560265,33.58399,-0.0013539491,33.58399,0.00010168557,239,239,60,0.14262848,0.55986273,0.0027792577,0.21322374,0
489,8.15,0.009532814,33.573414,33.582947,-0.0010426205,33.582947,0.00010174531,239,239,60,0.092931546,0.40850094,0.0019506367,0.21365173,0
490,8.166667,0.0022867126,33.57996,33.582245,-0.00070213526,33.582245,0.00010166546,239,239,60,0.046611372,0.23630191,0.0011368444,0.21389127,0
491,8.183333,0.0016548386,33.580235,33.58189,-0.00035572436,33.58189,0.00010114998,239,239,60,0.032727137,0.09255023,0.000510241,0.21393229,0
492,8.2,0.006971065,33.57447,33.58144,-0.0004485021,33.58144,0.000101129204,238,238,60,0.06959134,0.17237036,0.00082476914,0.2137789,0
493,8.216666,0.01768063,33.56287,33.58055,-0.0008908825,33.58055,0.00010110277,239,239,60,0.11364133,0.30849105,0.0015326455,0.21345234,0
494,8.233334,0.033431306,33.546017,33.57945,-0.0011007736,33.57945,0.000101290534,239,239,60,0.15806337,0.44530642,0.002273704,0.2129658,0
495,8.25,0.053743068,33.524395,33.57814,-0.0013095457,33.57814,0.000101125246,239,239,60,0.20161876,0.5784894,0.0030079961,0.21233436,0
496,8.266666,0.077998206,33.49861,33.57661,-0.0015298576,33.57661,0.00010119169,240,240,60,0.24368922,0.7056657,0.0037220188,0.21157812,0
497,8.283334,0.10546003,33.46939,33.574852,-0.001757339,33.574852,0.000101250014,241,241,60,0.28380087,0.82492685,0.0044070575,0.21072128,0
498,8.3,0.1353402,33.437523,33.57286,-0.001989938,33.57286,0.000101271435,242,242,60,0.3215205,0.93255657,0.005055829,0.209791,0
499,8.316667,0.16678518,33.40382,33.570606,-0.002257247,33.570606,0.00010139884,242,242,60,0.35655674,1.0286982,0.005661893,0.20881623,0
500,8.333333,0.19879952,33.369354,33.568153,-0.002452005,33.568153,0.00010169138,240,240,60,0.38856757,1.1126198,0.0062203626,0.20782936,0
501,8.35,0.23030646,33.335075,33.565384,-0.0027698723,33.565384,0.000101634556,238,238,59,0.41683692,1.1902033,0.0067253755,0.20686111,0
502,8.366667,0.2600341,33.302216,33.56225,-0.0031338297,33.56225,0.000101816164,238,238,59,0.43940103,1.2879001,0.0071443757,0.20595108,0
503,8.383333,0.28776103,33.271336,33.559097,-0.0031513032,33.559097,0.00010198591,239,239,59,0.45869413,1.3531512,0.0074926172,0.20511587,0
504,8.4,0.31251833,33.243294,33.555813,-0.0032864467,33.555813,0.00010198285,241,241,59,0.4746899,1.3767292,0.0077860514,0.20437667,0
505,8.416667,0.33351484,33.21898,33.552494,-0.00331762,33.552494,0.0001019806,244,244,59,0.4871949,1.3711544,0.008023304,0.2037535,0
506,8.433333,0.35010728,33.19905,33.549156,-0.0033375476,33.549156,0.00010197992,244,244,59,0.49604556,1.3554178,0.008200353,0.20325974,0
507,8.45,0.36175597,33.18406,33.545815,-0.0033413745,33.545815,0.00010209025,241,241,58,0.50139624,1.3310962,0.008317848,0.20290457,0
508,8.466666,0.368076,33.17467,33.542744,-0.0030695586,33.542744,0.000102266866,240,240,58,0.5032976,1.2999382,0.008377461,0.20269391,0
509,8.483334,0.36886683,33.170925,33.539795,-0.0029517487,33.539795,0.00010258729,239,239,58,0.5019554,1.2641407,0.0083805425,0.20263638,0
510,8.5,0.36225292,33.172962,33.535213,-0.00458011,33.535213,0.000103732826,239,238,58,0.49805096,1.2400209,0.008332703,0.20272541,0
511,8.516666,0.34908003,33.180843,33.529922,-0.005290562,33.529922,0.00010433517,239,239,58,0.49176425,1.2160773,0.00825363,0.20296265,0
512,8.533334,0.33135086,33.192596,33.52395,-0.005975419,33.52395,0.00010447351,240,240,58,0.48130733,1.1751758,0.008110455,0.2033205,0
513,8.55,0.30954665,33.207836,33.517384,-0.0065651275,33.517384,0.000104669125,238,238,56,0.4678733,1.1457639,0.007908706,0.20379107,0
514,8.566667,0.28415355,33.226204,33.510357,-0.0070250514,33.510357,0.00010472719,238,238,58,0.45236555,1.1402507,0.0076704607,0.20436972,0
515,8.583333,0.25585696,33.248,33.503857,-0.0065000537,33.503857,0.00010517805,239,239,55,0.43287015,1.1191708,0.0073769023,0.20505278,0
516,8.6,0.22577365,33.272038,33.497814,-0.006044494,33.497814,0.000104745865,236,236,60,0.4096304,1.070922,0.00701974,0.20582117,0
517,8.616667,0.19360694,33.297962,33.49157,-0.0062432284,33.49157,0.00010470713,237,236,60,0.38333222,1.0363771,0.0066054245,0.206656,0
518,8.633333,0.16161531,33.32448,33.486095,-0.005474439,33.486095,0.000104307954,234,234,59,0.35450113,1.0034661,0.006146155,0.20752552,0
519,8.65,0.130441,33.350807,33.481247,-0.0048488234,33.481247,0.00010434896,234,234,59,0.32282373,0.9612219,0.0056408485,0.20840758,0
520,8.666667,0.10105489,33.376076,33.47713,-0.004115326,33.47713,0.000104460945,235,235,59,0.2884365,0.9112985,0.005089977,0.20927423,0
521,8.683333,0.07432535,33.39941,33.473736,-0.0033959753,33.473736,0.000104380015,234,234,59,0.2514729,0.8522589,0.004494486,0.21009779,0
522,8.7,0.05094131,33.41978,33.470722,-0.0030136367,33.470722,0.00010459537,234,234,59,0.21222575,0.78542227,0.0038583535,0.21084858,0
523,8.716666,0.031495783,33.43648,33.46798,-0.002742545,33.46798,0.000104949766,234,234,59,0.17088844,0.7025633,0.0031870233,0.21150307,0
524,8.733334,0.016457407,33.44908,33.465538,-0.002439232,33.465538,0.000105157844,233,233,59,0.12621902,0.5337111,0.002466978,0.21203555,0
525,8.75,0.006368684,33.45743,33.4638,-0.0017410561,33.4638,0.00010620367,233,233,59,0.08136225,0.3813824,0.0017169708,0.21242063,0
526,8.766666,0.0013962695,33.461334,33.46273,-0.0010677477,33.46273,0.000106351,231,231,58,0.03863341,0.23207799,0.0009786673,0.21264456,0
527,8.783334,0.0012333979,33.461227,33.462463,-0.00026927495,33.462463,0.00010500654,231,231,58,0.028318178,0.10378893,0.0003984087,0.21269245,0
528,8.8,0.005658377,33.456654,33.462315,-0.0001478668,33.462315,0.00010364743,231,231,58,0.06490742,0.18326652,0.00076985836,0.21255192,0
529,8.816667,0.014058862,33.44764,33.461697,-0.0006161934,33.461697,0.000103471924,234,234,59,0.101108275,0.25826758,0.0013907328,0.21226418,0
530,8.833333,0.026181802,33.43471,33.46089,-0.0008048875,33.46089,0.000103384824,234,234,59,0.13746732,0.35191453,0.0019971197,0.21185653,0
531,8.85,0.041649852,33.418243,33.459892,-0.0010008486,33.459892,0.00010327466,236,236,60,0.17316945,0.4453694,0.0025982894,0.21133862,0
532,8.866667,0.05998914,33.398712,33.458702,-0.0011898631,33.458702,0.00010327396,236,236,60,0.20775835,0.5366908,0.0031842678,0.2107234,0
533,8.883333,0.080647714,33.37669,33.457336,-0.00136407,33.457336,0.00010324555,237,237,60,0.2408863,0.6241616,0.0037486423,0.21002726,0
534,8.9,0.102989025,33.35278,33.45577,-0.0015693278,33.45577,0.00010338528,236,236,60,0.27228016,0.70723546,0.004286381,0.20926791,0
535,8.916667,0.12637348,33.32771,33.454082,-0.0016878118,33.454082,0.00010315674,234,234,59,0.30166018,0.78473496,0.004792608,0.20846665,0
536,8.933333,0.1500842,33.302177,33.452263,-0.0018180821,33.452263,0.0001031737,235,235,59,0.32879975,0.8560807,0.005263453,0.20764479,0
537,8.95,0.17341165,33.27702,33.450428,-0.0018332592,33.450428,0.00010338927,235,235,59,0.35349008,0.9209072,0.005695374,0.2068272,0
538,8.966666,0.1956564,33.252872,33.44853,-0.0018993152,33.44853,0.00010351762,237,237,59,0.37557313,0.9801586,0.006084925,0.20603229,0
539,8.983334,0.21615742,33.23037,33.446526,-0.0020032688,33.446526,0.00010360343,237,237,59,0.39489794,1.0339552,0.006429549,0.2052791,0
540,9,0.2343017,33.210136,33.44444,-0.0020887947,33.44444,0.000103557795,234,234,58,0.41135228,1.0836451,0.0067273,0.20458606,0
541,9.016666,0.24955103,33.192715,33.442265,-0.0021742098,33.442265,0.0001034471,236,236,58,0.424806,1.1283144,0.006975914,0.20396927,0
542,9.033334,0.2614545,33.178555,33.44001,-0.00225449,33.44001,0.000103418075,236,236,58,0.4351156,1.164911,0.007173526,0.2034427,0
543,9.05,0.26964277,33.1681,33.43774,-0.0022693141,33.43774,0.0001035266,236,236,58,0.4416011,1.1706973,0.0073124752,0.2030222,0
544,9.066667,0.27388534,33.16157,33.43546,-0.002281781,33.43546,0.00010355465,240,240,59,0.44491532,1.1752532,0.0073935105,0.20271549,0
545,9.083333,0.2740531,33.159073,33.433125,-0.0023340513,33.433125,0.0001037099,236,236,58,0.44502866,1.1774232,0.007421446,0.20252532,0
546,9.1,0.27015743,33.160637,33.430798,-0.002328399,33.430798,0.000103853454,235,235,58,0.44191477,1.1742734,0.007395769,0.20245294,0
547,9.116667,0.26233417,33.16614,33.428474,-0.0023198598,33.428474,0.00010379301,236,236,58,0.43557668,1.1629459,0.0073162005,0.20249574,0
548,9.133333,0.25082618,33.175312,33.426136,-0.0023381896,33.426136,0.00010369467,237,237,58,0.4260756,1.1420331,0.0071833245,0.20264742,0
549,9.15,0.23591635,33.188038,33.423954,-0.002184675,33.423954,0.00010318672,238,238,58,0.41361678,1.1180937,0.006999028,0.20290428,0
550,9.166667,0.21809281,33.203804,33.421898,-0.0020545751,33.421898,0.000102966835,238,238,58,0.39838108,1.097042,0.006767794,0.2032538,0
551,9.183333,0.19789138,33.222103,33.419994,-0.0019033913,33.419994,0.00010267147,237,237,57,0.3802356,1.0654806,0.0064890767,0.2036823,0
552,9.2,0.17583515,33.242355,33.41819,-0.0018037145,33.41819,0.000102254206,238,238,58,0.3593166,1.0210986,0.006162606,0.20417485,0
553,9.216666,0.15072206,33.26443,33.415154,-0.0030365824,33.415154,0.00010191566,238,238,58,0.33708426,0.97176665,0.005798871,0.20472334,0
554,9.233334,0.1256009,33.286682,33.41228,-0.0028735504,33.41228,0.00010249562,238,238,58,0.3121191,0.91748756,0.005411703,0.20530175,0
555,9.25,0.101841986,33.307995,33.40984,-0.002443528,33.40984,0.00010235181,233,233,56,0.28392994,0.8499844,0.0049645915,0.20588678,0
556,9.266666,0.08011777,33.328194,33.408314,-0.0015250529,33.408314,0.000102077465,234,234,57,0.2532571,0.7686576,0.0044731335,0.2064599,0
557,9.283334,0.060019713,33.346973,33.406994,-0.0013192125,33.406994,0.000102078746,235,235,58,0.22045517,0.6814853,0.0039438433,0.20700417,0
558,9.3,0.042092618,33.36385,33.405945,-0.0010498762,33.405945,0.00010214509,233,233,57,0.18577757,0.5881983,0.0033803713,0.20750074,0
559,9.316667,0.02664581,33.37826,33.404907,-0.0010363172,33.404907,0.000102241465,235,235,58,0.14961794,0.49454904,0.0027892776,0.20793268,0
560,9.333333,0.014182458,33.389557,33.40374,-0.0011674837,33.40374,0.00010236598,234,234,58,0.112315476,0.40111917,0.0021764527,0.20828603,0
561,9.35,0.005616722,33.3971,33.402718,-0.0010229086,33.402718,0.00010239419,233,233,58,0.074213736,0.31005424,0.0015473614,0.20854491,0
562,9.366667,0.0011742263,33.40085,33.402023,-0.00069344376,33.402023,0.0001026487,233,233,58,0.035844937,0.20566013,0.00090728916,0.20869523,0
563,9.383333,0.00035978877,33.400402,33.40076,-0.0012613311,33.40076,0.00010480158,233,233,58,0.0119852675,0.0622332,0.0002898247,0.20871794,0
564,9.4,0.0029646216,33.396664,33.399628,-0.0011352415,33.399628,0.00010590823,239,239,59,0.04363683,0.09293463,0.00043681214,0.20863059,0
565,9.416667,0.008786097,33.389606,33.398396,-0.0012330604,33.398396,0.000106641804,239,239,59,0.078202285,0.19326945,0.0010212429,0.20844343,0
566,9.433333,0.017635724,33.38019,33.397827,-0.0005665614,33.397827,0.00010455781,239,239,59,0.11252224,0.295033,0.0015969635,0.20817955,0
567,9.45,0.029289432,33.36791,33.397198,-0.0006308797,33.397198,0.00010304814,238,238,59,0.1459472,0.39060527,0.0021620023,0.20783474,0
568,9.466666,0.043360364,33.352844,33.396202,-0.0009924456,33.396202,0.000102829996,242,242,60,0.17827986,0.48275122,0.0027102323,0.20741318,0
569,9.483334,0.05942661,33.33561,33.39504,-0.0011664247,33.39504,0.000102733444,245,245,61,0.20922981,0.57056594,0.0032376826,0.20693032,0
570,9.5,0.07699985,33.31672,33.39372,-0.001320317,33.39372,0.00010278918,244,244,61,0.23852654,0.6530217,0.003739731,0.20640142,0
571,9.516666,0.09555193,33.296707,33.392258,-0.0014595493,33.392258,0.000102797974,246,246,62,0.26594004,0.7294247,0.00421222,0.20584276,0
572,9.533334,0.1145219,33.27614,33.39066,-0.0015964498,33.39066,0.00010300098,246,246,62,0.291215,0.7986671,0.0046511483,0.20527151,0
573,9.55,0.13333817,33.255592,33.388927,-0.0017320209,33.388927,0.00010294257,246,246,62,0.31413993,0.86002994,0.0050525633,0.20470522,0
574,9.566667,0.15143378,33.235573,33.387005,-0.0019239928,33.387005,0.000103305705,245,245,62,0.33451715,0.9129549,0.0054130764,0.2041597,0
575,9.583333,0.16792054,33.21691,33.38483,-0.0021733835,33.38483,0.00010316092,245,245,62,0.3491725,0.9379546,0.005711772,0.20365953,0
576,9.6,0.18258806,33.20005,33.38264,-0.002191577,33.38264,0.00010286458,244,244,62,0.35982352,0.9438406,0.005913914,0.20322062,0
577,9.616667,0.19513343,33.18522,33.380352,-0.0022872363,33.380352,0.00010292445,246,246,62,0.3678818,0.9325453,0.0060691424,0.20284556,0
578,9.633333,0.2051548,33.172913,33.378067,-0.0022858349,33.378067,0.00010301032,246,246,62,0.3734247,0.9078132,0.006181823,0.20254241,0
579,9.65,0.21232386,33.163486,33.375813,-0.0022554423,33.375813,0.00010310881,246,246,62,0.37651458,0.8787546,0.0062531033,0.20231652,0
580,9.666667,0.21639512,33.157207,33.3736,-0.002210517,33.3736,0.00010322741,245,245,62,0.3777696,0.8529287,0.006287022,0.20217118,0
581,9.683333,0.21535668,33.154236,33.36959,-0.0040087574,33.36959,0.00010449679,246,246,62,0.37745792,0.8387349,0.0062943236,0.20210558,0
582,9.7,0.21080494,33.15441,33.36522,-0.0043746857,33.36522,0.00010474251,247,247,62,0.37505195,0.83439004,0.006272526,0.20212318,0
583,9.716666,0.20330498,33.15761,33.360916,-0.004300218,33.360916,0.000104954466,244,244,61,0.37105182,0.8400099,0.006219504,0.20222045,0
584,9.733334,0.19312842,33.16376,33.35689,-0.0040277625,33.35689,0.000105335974,240,240,60,0.36424127,0.8418336,0.0061293715,0.20239846,0
585,9.75,0.1800232,33.172527,33.35255,-0.0043407693,33.35255,0.00010541033,240,240,60,0.3545836,0.83894235,0.0059911236,0.2026512,0
586,9.766666,0.16462815,33.1827,33.347332,-0.0052187373,33.347332,0.0001048863,240,240,60,0.3435503,0.866525,0.0058229435,0.20296235,0
587,9.783334,0.14785658,33.194805,33.342663,-0.004668369,33.342663,0.00010525929,237,237,59,0.3287347,0.85616904,0.0056018676,0.2033326,0
588,9.8,0.12997591,33.20827,33.33825,-0.0044143233,33.33825,0.00010548614,237,237,59,0.3114921,0.84239006,0.0053341268,0.2037518,0
589,9.816667,0.11146148,33.222626,33.334087,-0.004161471,33.334087,0.00010564433,236,236,59,0.29190406,0.82250255,0.005026584,0.20420818,0
590,9.833333,0.09289827,33.237385,33.33028,-0.0038039184,33.33028,0.00010559324,237,237,59,0.27004036,0.79714584,0.0046806815,0.20468858,0
591,9.85,0.07485277,33.252003,33.32686,-0.003425526,33.32686,0.00010549152,236,236,59,0.24597834,0.7673157,0.004297355,0.20517747,0
592,9.866667,0.057867058,33.26598,33.32385,-0.0030083181,33.32385,0.00010527476,239,239,60,0.21980026,0.731958,0.0038782228,0.20565958,0
593,9.883333,0.04240277,33.27882,33.321224,-0.0026254049,33.321224,0.00010529577,238,238,61,0.19158517,0.6883414,0.0034244056,0.2061195,0
594,9.9,0.028860798,33.290062,33.318924,-0.002298471,33.318924,0.00010546572,237,237,61,0.16145252,0.63246024,0.0029374338,0.20654146,0
595,9.916667,0.017625192,33.299225,33.31685,-0.0020762826,33.31685,0.00010583901,238,238,61,0.12965696,0.56374615,0.0024204091,0.20690943,0
596,9.933333,0.009054985,33.305996,33.315052,-0.0017971408,33.315052,0.0001057468,237,237,61,0.09656417,0.48542002,0.0018786628,0.20720974,0
597,9.95,0.0034165578,33.31013,33.31355,-0.0015018345,33.31355,0.00010597162,237,237,61,0.06263883,0.39824343,0.0013186255,0.20743077,0
598,9.966666,0.00076510664,33.311726,33.312492,-0.0010567324,33.312492,0.00010584992,236,236,61,0.029435972,0.30663374,0.00075270585,0.20756187,0
599,9.983334,0.0005872156,33.311314,33.3119,-0.0005916999,33.3119,0.00010512407,237,237,61,0.018266734,0.07525224,0.00023652136,0.20758525,0
600,10,0.0030641188,33.30873,33.311794,-0.00010736586,33.311794,0.0001036164,237,237,61,0.049306765,0.15496555,0.000564754,0.20749885,0
601,10.016666,0.0076917387,33.30345,33.311142,-0.0006513116,33.311142,0.00010382145,237,237,61,0.07728224,0.23044538,0.0010628691,0.20731989,0
602,10.033334,0.014272725,33.296177,33.310448,-0.0006940028,33.310448,0.000103509716,237,237,61,0.10425497,0.3130256,0.0015207555,0.20707703,0
603,10.05,0.022663707,33.286877,33.30954,-0.0009068336,33.30954,0.00010311881,237,237,61,0.12968042,0.37336323,0.0019566407,0.20677622,0
604,10.066667,0.032601103,33.27589,33.30849,-0.0010500695,33.30849,0.00010298599,237,237,61,0.15409857,0.42756242,0.002371952,0.20642741,0
605,10.083333,0.043786477,33.263573,33.30736,-0.0011303041,33.30736,0.00010301035,237,237,61,0.17742144,0.47906744,0.0027698502,0.20604083,0
606,10.1,0.05588512,33.25028,33.306164,-0.0011966085,33.306164,0.00010308972,237,237,61,0.19949436,0.52786374,0.0031481679,0.20562588,0
607,10.116667,0.06852792,33.236366,33.304893,-0.0012694264,33.304893,0.000103080616,236,236,61,0.22016805,0.5740785,0.0035043182,0.20519193,0
608,10.133333,0.08133268,33.22222,33.303555,-0.0013390577,33.303555,0.0001031826,240,240,62,0.23930232,0.61753297,0.0038359063,0.2047491,0
609,10.15,0.093912624,33.208233,33.302143,-0.0014120843,33.302143,0.000103043836,240,240,62,0.25676244,0.65805435,0.0041406807,0.20430797,0
610,10.166667,0.10595864,33.19468,33.30064,-0.0015047689,33.30064,0.000103772596,240,240,62,0.27230778,0.6746757,0.0044152425,0.20387608,0
611,10.183333,0.117021754,33.18215,33.299175,-0.0014655372,33.299175,0.00010404409,240,240,62,0.28647727,0.71014065,0.0046628886,0.20346716,0
612,10.2,0.12679017,33.170868,33.29766,-0.0015139874,33.29766,0.00010409501,238,238,61,0.29859942,0.74629605,0.0048819943,0.20308891,0
613,10.216666,0.1349812,33.161125,33.29611,-0.0015530093,33.29611,0.00010411443,238,238,61,0.3085386,0.77729505,0.0050654355,0.20274992,0
614,10.233334,0.1413515,33.153168,33.29452,-0.0015868268,33.29452,0.00010408214,236,236,61,0.3162606,0.8030474,0.0052121524,0.20245782,0
615,10.25,0.14571245,33.1472,33.29291,-0.001607288,33.29291,0.00010411841,237,237,61,0.32173768,0.82372344,0.005321703,0.2022188,0
616,10.266666,0.14793812,33.14335,33.291286,-0.0016267989,33.291286,0.00010424368,238,238,61,0.32494548,0.83944446,0.0053935987,0.20203748,0
617,10.283334,0.14796397,33.141693,33.289658,-0.0016268886,33.289658,0.000104220526,239,239,61,0.3258571,0.85020334,0.00542745,0.20191722,0
618,10.3,0.14579304,33.14224,33.288033,-0.0016257793,33.288033,0.000104263156,240,240,61,0.3244529,0.8558796,0.0054228506,0.20185944,0
619,10.316667,0.14149566,33.144928,33.286423,-0.0016106956,33.286423,0.0001041813,241,241,61,0.32072562,0.85627234,0.005379532,0.20186388,0
620,10.333333,0.13520119,33.14964,33.28484,-0.0015836308,33.28484,0.00010419183,239,239,60,0.31466734,0.8510405,0.005297474,0.20192833,0
621,10.35,0.12710452,33.156185,33.28329,-0.0015487127,33.28329,0.00010414072,234,234,59,0.3062961,0.83981353,0.005176647,0.20204917,0
622,10.366667,0.11744383,33.16435,33.28179,-0.0014967324,33.28179,0.00010414082,235,235,59,0.29564404,0.82239693,0.00501754,0.2022212,0
623,10.383333,0.10650351,33.173878,33.28038,-0.0014129068,33.28038,0.00010402642,236,236,59,0.28275546,0.79865384,0.0048208237,0.20243831,0
624,10.4,0.09461534,33.18463,33.279247,-0.0011324666,33.279247,0.000103256076,237,237,59,0.26770124,0.7678994,0.0045873118,0.20269646,0
625,10.416667,0.082129635,33.195988,33.278114,-0.0011316466,33.278114,0.00010305078,237,237,59,0.25058013,0.73055017,0.0043185097,0.20298064,0
626,10.433333,0.06941472,33.207615,33.27703,-0.0010862056,33.27703,0.00010297835,237,237,59,0.2314955,0.6865934,0.0040161666,0.2032815,0
627,10.45,0.056845374,33.21918,33.276028,-0.0010029788,33.276028,0.00010294545,237,237,59,0.21057369,0.63603896,0.0036821982,0.20358886,0
628,10.466666,0.044791378,33.230316,33.27511,-0.00091939326,33.27511,0.00010301267,237,237,59,0.18796691,0.5793731,0.0033188013,0.20389217,0
629,10.483334,0.03360642,33.240673,33.27428,-0.0008269334,33.27428,0.00010297491,237,237,59,0.16382308,0.5162085,0.0029286824,0.20418039,0
630,10.5,0.023563856,33.250103,33.273666,-0.00061440427,33.273666,0.00010234325,238,238,59,0.13862403,0.46087274,0.0025153798,0.20444696,0
631,10.516666,0.015062324,33.25803,33.273094,-0.00057382614,33.273094,0.00010201725,238,238,59,0.11214238,0.39630252,0.002086624,0.20467825,0
632,10.533334,0.00829211,33.26429,33.272583,-0.00050888106,33.272583,0.0001017701,238,238,59,0.084411606,0.31582507,0.0016334528,0.20486614,0
633,10.55,0.003462135,33.268734,33.272194,-0.00038913527,33.272194,0.00010186312,238,238,59,0.055984266,0.23209623,0.0011646795,0.20500426,0
634,10.566667,0.0007175908,33.271217,33.271935,-0.00025786707,33.271935,0.000101919,238,238,59,0.027290871,0.15070161,0.00068773597,0.20508754,0
635,10.583333,7.133649e-05,33.27154,33.271614,-0.0003242182,33.271614,0.000102097576,238,238,59,0.0056376327,0.045360077,0.00021613055,0.20510925,0
636,10.6,0.0012869565,33.26988,33.271164,-0.00044693082,33.271164,0.00010248747,241,241,60,0.028904269,0.062158525,0.00027362313,0.20507063,0
637,10.616667,0.004233673,33.266376,33.270607,-0.00055677636,33.270607,0.00010265639,241,241,60,0.052291602,0.13006827,0.00068159046,0.20498207,0
638,10.633333,0.008797778,33.261196,33.269997,-0.0006135777,33.269997,0.00010278914,241,241,60,0.075655915,0.18147752,0.0010714442,0.20485051,0
639,10.65,0.0148403365,33.25445,33.26929,-0.0007039062,33.26929,0.00010280831,241,241,60,0.09857336,0.23381135,0.001457334,0.20467818,0
640,10.666667,0.022176806,33.24631,33.26849,-0.0008020487,33.26849,0.00010294025,243,243,61,0.12089263,0.28584203,0.0018344154,0.204469,0
641,10.683333,0.03058405,33.237003,33.267586,-0.0009033724,33.267586,0.00010311438,244,244,61,0.14245728,0.33787286,0.0022001613,0.20422882,0
642,10.7,0.03980742,33.226776,33.266582,-0.0010014855,33.266582,0.00010313896,244,244,61,0.1631245,0.3894248,0.0025521298,0.20396335,0
643,10.716666,0.049568012,33.21592,33.265488,-0.0010963618,33.265488,0.000103191516,244,244,61,0.18274565,0.44024044,0.0028878292,0.20367971,0
644,10.733334,0.059572343,33.204723,33.264297,-0.0011907882,33.264297,0.00010321414,242,242,61,0.20117305,0.48993245,0.0032048733,0.20338543,0
645,10.75,0.069520056,33.193497,33.263016,-0.0012816507,33.263016,0.00010312427,242,242,61,0.21825941,0.53803116,0.0035007263,0.20308846,0
646,10.766666,0.07887391,33.182724,33.261597,-0.0014173148,33.261597,0.00010271658,241,241,61,0.23013023,0.53839654,0.0037477168,0.20280339,0
647,10.783334,0.08636344,33.173016,33.25938,-0.0022181047,33.25938,0.00010239957,238,238,60,0.2397158,0.5527066,0.0039196545,0.20254476,0
648,10.8,0.09296161,33.164047,33.25701,-0.0023699664,33.25701,0.00010234334,239,239,60,0.24818751,0.5724002,0.00406866,0.20230763,0
649,10.816667,0.09840145,33.155964,33.254368,-0.0026436495,33.254368,0.00010293029,240,240,60,0.2556278,0.593932,0.0042018713,0.20209461,0
650,10.833333,0.10252902,33.148422,33.25095,-0.0034165815,33.25095,0.0001050234,238,238,60,0.26156938,0.6140267,0.0043134713,0.20189981,0
651,10.85,0.10517749,33.1428,33.24798,-0.0029709504,33.24798,0.00010591747,239,239,60,0.2658077,0.632389,0.0043979096,0.20174907,0
652,10.866667,0.10626871,33.138794,33.24506,-0.0029178588,33.24506,0.00010600303,239,239,60,0.26828647,0.6478582,0.0044537084,0.20164086,0
653,10.883333,0.105773106,33.13641,33.242184,-0.0028785395,33.242184,0.00010615592,242,242,61,0.26892725,0.66002226,0.004479387,0.2015743,0
654,10.9,0.1037048,33.13582,33.239525,-0.0026576715,33.239525,0.00010651357,241,241,61,0.2676798,0.668457,0.004473992,0.20155193,0
655,10.916667,0.100128904,33.136765,33.236897,-0.0026297476,33.236897,0.000106594955,241,241,62,0.2645302,0.6729231,0.0044368915,0.20157185,0
656,10.933333,0.09515677,33.139126,33.234283,-0.0026113088,33.234283,0.000106692496,241,241,62,0.25945356,0.6730683,0.004367986,0.201632,0
657,10.95,0.08894604,33.142723,33.23167,-0.0026133042,33.23167,0.00010647798,238,238,61,0.25243476,0.6678088,0.0042667305,0.20172927,0
658,10.966666,0.0813544,33.14755,33.228905,-0.0027665808,33.228905,0.00010624103,238,238,61,0.24350424,0.65645105,0.004133473,0.20186245,0
659,10.983334,0.072031505,33.153297,33.22533,-0.0035732954,33.22533,0.00010520188,238,238,61,0.23352516,0.65453404,0.003974702,0.2020296,0
660,11,0.063208364,33.15922,33.222427,-0.0029019676,33.222427,0.0001058413,236,236,61,0.22093174,0.63625544,0.0037878978,0.2022129,0
661,11.016666,0.054062195,33.165558,33.21962,-0.0028093576,33.21962,0.0001058453,236,236,61,0.20632534,0.61173904,0.003559588,0.20241527,0
662,11.033334,0.04491603,33.172047,33.21696,-0.0026572305,33.21696,0.00010591723,236,236,61,0.18997781,0.5814923,0.003301143,0.20262961,0
663,11.05,0.036027666,33.178467,33.214497,-0.0024664286,33.214497,0.000106046304,236,236,61,0.17196676,0.5448038,0.0030143398,0.20284814,0
664,11.066667,0.027732644,33.184532,33.212265,-0.0022298684,33.212265,0.00010615199,236,236,61,0.152244,0.4926664,0.002699777,0.20306171,0
665,11.083333,0.020266883,33.19016,33.210426,-0.0018393582,33.210426,0.000106541884,237,237,61,0.13126867,0.43644926,0.0023593232,0.20326437,0
666,11.1,0.013739416,33.195103,33.20884,-0.0015858662,33.20884,0.00010680438,237,237,61,0.10912098,0.373293,0.0019995403,0.20344722,0
667,11.116667,0.008334372,33.19914,33.207474,-0.0013677056,33.207474,0.00010673083,235,235,60,0.086035125,0.30517372,0.0016216408,0.20360234,0
668,11.133333,0.0042329133,33.202095,33.206326,-0.0011459426,33.206326,0.00010665382,234,234,60,0.062482227,0.23505001,0.0012320286,0.2037236,0
669,11.15,0.0015664608,33.203907,33.20547,-0.00085427205,33.20547,0.000106597814,232,232,59,0.039012022,0.15651083,0.0008384786,0.20380603,0
670,11.166667,0.00034778338,33.20465,33.204998,-0.00047302336,33.204998,0.00010590197,232,232,59,0.018672237,0.08177544,0.0004581741,0.20384333,0
671,11.183333,0.00036047123,33.204403,33.204765,-0.0002346997,33.204765,0.00010472684,232,232,59,0.017517105,0.07151222,0.00023514092,0.2038382,0
672,11.2,0.0014049638,33.203117,33.20452,-0.00024348557,33.20452,0.00010355476,232,232,59,0.03195987,0.090758905,0.00040625036,0.20379783,0
673,11.216666,0.003359857,33.200783,33.20414,-0.00037982684,33.20414,0.00010303634,232,232,59,0.048295498,0.12554179,0.0006705074,0.2037293,0
674,11.233334,0.0061642947,33.197487,33.20365,-0.0004905716,33.20365,0.00010268074,233,233,59,0.06478696,0.16008613,0.0009465488,0.20363511,0
675,11.25,0.0097257225,33.193314,33.20304,-0.0006105778,33.20304,0.000102585946,233,233,59,0.08088073,0.19354364,0.0012181505,0.20351745,0
676,11.266666,0.013931239,33.188416,33.202347,-0.000693355,33.202347,0.000102580845,233,233,59,0.09642925,0.22593297,0.0014819211,0.20338003,0
677,11.283334,0.018649481,33.182934,33.201584,-0.00076285575,33.201584,0.0001026247,233,233,59,0.111356884,0.25756127,0.0017357758,0.20322604,0
678,11.3,0.023734938,33.17702,33.200756,-0.00082856935,33.200756,0.00010260019,233,233,59,0.12559699,0.2887313,0.0019789222,0.20305906,0
679,11.316667,0.029030884,33.170826,33.199856,-0.00089921715,33.199856,0.00010264923,233,233,59,0.13902694,0.31915826,0.0022093805,0.20288306,0
680,11.333333,0.03437579,33.16452,33.198895,-0.0009616463,33.198895,0.00010273732,233,233,59,0.15160646,0.3492665,0.0024260865,0.20270143,0
681,11.35,0.039608147,33.15827,33.19788,-0.0010141786,33.19788,0.000102962316,232,232,59,0.1632455,0.37873515,0.0026278058,0.20251866,0
682,11.366667,0.044572607,33.15226,33.196835,-0.0010473237,33.196835,0.0001027762,232,232,59,0.17387824,0.4075712,0.002813286,0.20233871,0
683,11.383333,0.04912274,33.14664,33.195763,-0.0010706214,33.195763,0.000102951715,232,232,59,0.18340683,0.43532133,0.0029812076,0.20216559,0
684,11.4,0.053125106,33.141533,33.19466,-0.0011034928,33.19466,0.000103040635,232,232,59,0.1917435,0.46180117,0.0031299612,0.20200297,0
685,11.416667,0.05646298,33.13703,33.193493,-0.0011643142,33.193493,0.000102861486,233,233,60,0.19877344,0.4858966,0.0032579326,0.20185381,0
686,11.433333,0.05903919,33.133232,33.19227,-0.0012250463,33.19227,0.0001028679,234,234,60,0.20443343,0.5080422,0.0033634023,0.20172217,0
687,11.45,0.06077919,33.130215,33.190994,-0.0012753672,33.190994,0.00010281507,232,232,59,0.20862089,0.52710086,0.003445206,0.20161034,0
688,11.466666,0.06163175,33.128048,33.18968,-0.0013147395,33.18968,0.00010275694,232,232,59,0.21131824,0.54338646,0.0035022844,0.20152114,0
689,11.483334,0.06157157,33.126762,33.188335,-0.0013446701,33.188335,0.000102786,233,233,60,0.21247175,0.5565421,0.003534097,0.20145665,0
690,11.5,0.060599584,33.126373,33.18697,-0.0013638493,33.18697,0.00010274608,236,236,61,0.21203136,0.56605864,0.0035397555,0.20141804,0
691,11.516666,0.058708612,33.12692,33.185627,-0.0013448214,33.185627,0.00010256412,235,235,61,0.21005927,0.57630193,0.0035186587,0.20140691,0
692,11.533334,0.05596678,33.12849,33.18446,-0.0011677287,33.18446,0.00010244363,235,235,60,0.20665222,0.59629375,0.003475477,0.20142655,0
693,11.55,0.052507035,33.130825,33.18333,-0.0011266881,33.18333,0.000102574,234,234,60,0.20097788,0.59003425,0.0033985148,0.20147145,0
694,11.566667,0.04839665,33.13395,33.182346,-0.000984623,33.182346,0.000102459315,234,234,60,0.19352016,0.5738704,0.0032882001,0.20154111,0
695,11.583333,0.043754723,33.13771,33.181465,-0.00088057196,33.181465,0.00010204356,234,234,60,0.18442413,0.5515722,0.0031498391,0.20163168,0
696,11.6,0.0387219,33.14189,33.18061,-0.0008548325,33.18061,0.000101813566,235,235,60,0.17376216,0.52314097,0.0029847787,0.2017378,0
697,11.616667,0.033448063,33.146336,33.179783,-0.00082967256,33.179783,0.000101881116,236,236,60,0.16160992,0.48866826,0.002794209,0.20185503,0
698,11.633333,0.02809244,33.1509,33.178993,-0.000786934,33.178993,0.00010171093,237,237,60,0.14806825,0.44847062,0.0025796364,0.20197868,0
699,11.65,0.022818051,33.155445,33.17826,-0.0007329655,33.17826,0.00010180297,237,237,60,0.1332601,0.40305477,0.002342928,0.20210403,0
700,11.666667,0.01778602,33.159817,33.177605,-0.0006590233,33.177605,0.000101590864,237,237,60,0.117323704,0.35295767,0.0020862704,0.20222603,0
701,11.683333,0.013145079,33.163876,33.177017,-0.0005841515,33.177017,0.00010169572,237,237,60,0.1004189,0.2990705,0.0018121279,0.20233968,0
702,11.7,0.008640759,33.167465,33.176105,-0.00091387547,33.176105,0.00010156156,237,237,60,0.08325388,0.26583555,0.0015272909,0.20244247,0
703,11.716666,0.005242724,33.170395,33.175636,-0.00046878683,33.175636,0.000101563324,237,237,60,0.06472995,0.21049216,0.0012309923,0.20252933,0
704,11.733334,0.0026427668,33.17263,33.175274,-0.00036199726,33.175274,0.000101619036,237,237,60,0.045447968,0.14551634,0.0009147193,0.20259514,0
705,11.75,0.0008926384,33.174107,33.175,-0.00027611092,33.175,0.00010162404,237,237,60,0.025917549,0.082451485,0.0005902289,0.20263728,0
706,11.766666,6.759142e-05,33.174736,33.174805,-0.00019410894,33.174805,0.00010146053,237,237,60,0.008009112,0.039371386,0.00027711916,0.20265596,0
707,11.783334,0.00012576209,33.17437,33.174496,-0.00030825552,33.174496,0.000101974016,238,238,60,0.008160638,0.02293978,3.351858e-05,0.20264955,0
708,11.8,0.0008180219,33.17335,33.17417,-0.00032472255,33.17417,0.00010254266,238,238,60,0.022485105,0.056036517,0.00025812336,0.20262542,0
709,11.816667,0.0021018477,33.171757,33.17386,-0.00031139166,33.17386,0.000102552374,238,238,60,0.036118064,0.08355183,0.00049403217,0.20258544,0
710,11.833333,0.003936888,33.169598,33.173534,-0.00032378186,33.173534,0.000102414524,238,238,60,0.04907458,0.1089997,0.00071199454,0.2025317,0
711,11.85,0.0062304344,33.166866,33.173096,-0.00044101704,33.173096,0.00010237444,241,241,61,0.062101603,0.13624302,0.00093076436,0.20246351,0
712,11.866667,0.008697788,33.16317,33.171867,-0.0012261696,33.171867,0.00010447982,241,241,61,0.07420249,0.16446932,0.0011413521,0.20237282,0
713,11.883333,0.011509783,33.159184,33.170692,-0.0011753003,33.170692,0.00010627912,242,242,61,0.08523478,0.19210789,0.0013309122,0.20227383,0
714,11.9,0.014529021,33.155132,33.16966,-0.0010330629,33.16966,0.000106715095,242,242,61,0.0959493,0.21620692,0.0015131817,0.20217149,0
715,11.916667,0.017663043,33.150963,33.168625,-0.0010348245,33.168625,0.00010685712,241,241,61,0.105964616,0.23850735,0.0016859979,0.20206437,0
716,11.933333,0.020773392,33.147552,33.168324,-0.00030020697,33.168324,0.00010394058,239,239,61,0.11517698,0.25791946,0.0018465444,0.20197079,0
717,11.95,0.023813857,33.14382,33.167637,-0.0006894696,33.167637,0.000103076556,238,238,61,0.12351295,0.27670407,0.0019923837,0.20187007,0
718,11.966666,0.026678514,33.140076,33.16675,-0.0008823995,33.16675,0.000102856386,238,238,61,0.13090438,0.2931494,0.0021230283,0.20176856,0
719,11.983334,0.029279796,33.136505,33.165787,-0.00096804736,33.165787,0.00010279066,239,239,61,0.13738962,0.30805063,0.0022387037,0.201671,0
720,12,0.031537004,33.133244,33.16478,-0.0010053827,33.16478,0.00010272175,239,239,61,0.14291634,0.3215163,0.0023384583,0.20157972,0
721,12.016666,0.03338171,33.130363,33.163746,-0.0010336665,33.163746,0.00010272611,238,238,61,0.14739293,0.33357644,0.0024215693,0.20149727,0
722,12.033334,0.034757778,33.127937,33.162693,-0.0010524194,33.162693,0.00010271993,238,238,61,0.15088946,0.3446806,0.0024880406,0.20142502,0
723,12.05,0.03562536,33.126,33.161625,-0.001068125,33.161625,0.000102733495,236,236,60,0.15335654,0.35467574,0.0025375262,0.20136423,0
724,12.066667,0.035959132,33.12458,33.160538,-0.0010870479,33.160538,0.00010272903,237,237,60,0.15478812,0.36354768,0.0025697926,0.20131604,0
725,12.083333,0.035751227,33.123688,33.15944,-0.0011005278,33.15944,0.00010275018,237,237,60,0.15517655,0.37094238,0.0025847475,0.2012811,0
726,12.1,0.035009574,33.123375,33.158382,-0.0010543788,33.158382,0.00010277589,237,237,60,0.15450288,0.37682557,0.002582211,0.20126022,0
727,12.116667,0.033758283,33.12363,33.157387,-0.0009962537,33.157387,0.00010284632,236,236,60,0.15275273,0.3808837,0.0025617825,0.20125352,0
728,12.133333,0.03203705,33.124363,33.1564,-0.0009870525,33.1564,0.00010278469,236,236,60,0.14992204,0.38274488,0.0025233815,0.20126016,0
729,12.15,0.029900253,33.125534,33.155434,-0.0009660284,33.155434,0.000102797574,236,236,60,0.14600143,0.38196635,0.0024668921,0.20127942,0
730,12.166667,0.027347,33.12668,33.154026,-0.0014100827,33.154026,0.00010431121,237,237,60,0.14105551,0.37958518,0.0023925637,0.20130233,0
731,12.183333,0.024431037,33.12802,33.15245,-0.0015737863,33.15245,0.00010613563,237,237,59,0.13510248,0.37572938,0.0023018527,0.20133343,0
732,12.2,0.021358207,33.129818,33.151176,-0.0012739499,33.151176,0.00010656756,237,237,59,0.12802784,0.36816835,0.0021932144,0.20137814,0
733,12.216666,0.018214837,33.131805,33.150017,-0.0011582843,33.150017,0.000106833606,237,237,59,0.119815536,0.35622403,0.002065532,0.20143095,0
734,12.233334,0.015088073,33.133858,33.148945,-0.0010721836,33.148945,0.00010684162,237,237,59,0.110491395,0.33952528,0.0019190882,0.201489,0
735,12.25,0.01206486,33.135883,33.14795,-0.0009982263,33.14795,0.00010695872,233,233,58,0.10010375,0.31782007,0.0017544031,0.20154938,0
736,12.266666,0.00914392,33.137894,33.147038,-0.0009119144,33.147038,0.000106656575,232,232,58,0.0887274,0.292999,0.0015726662,0.2016114,0
737,12.283334,0.006495785,33.139717,33.146214,-0.00082182226,33.146214,0.00010655696,229,229,57,0.07693588,0.2744663,0.0013794851,0.20167358,0
738,12.3,0.0042940076,33.141094,33.14539,-0.0008245205,33.14539,0.00010661228,230,230,57,0.063826546,0.24261387,0.0011720218,0.20172738,0
739,12.316667,0.0025087083,33.142242,33.144753,-0.0006368092,33.144753,0.00010670339,233,233,58,0.049823985,0.20294614,0.0009450417,0.20177399,0
740,12.333333,0.0011977034,33.14307,33.144268,-0.00048554825,33.144268,0.00010635423,233,233,58,0.035197187,0.15654126,0.00070607674,0.20181021,0
741,12.35,0.00037848184,33.143578,33.143955,-0.0003128086,33.143955,0.000105847226,233,233,58,0.02010666,0.10308518,0.00045689984,0.20183259,0
742,12.366667,4.503657e-05,33.143597,33.143642,-0.00031183212,33.143642,0.000105791776,231,231,58,0.007010359,0.05559909,0.00020969252,0.20183635,0
743,12.383333,0.000104657134,33.143555,33.143658,1.5729222e-05,33.143658,0.00010462278,231,231,58,0.009898727,0.04424217,9.545246e-05,0.2018317,0
744,12.4,0.00042216922,33.14325,33.14367,1.1935237e-05,33.14367,0.0001035823,231,231,58,0.019715175,0.07732609,0.00024638113,0.201817,0
745,12.416667,0.00096401235,33.142784,33.143745,7.583014e-05,33.143745,0.00010204523,230,230,58,0.029269746,0.10705725,0.0004112222,0.20179565,0
746,12.433333,0.0017516039,33.141914,33.14367,-7.859746e-05,33.14367,0.00010135691,230,230,58,0.037980292,0.12383083,0.00056245294,0.20176546,0
747,12.45,0.0027548966,33.140682,33.143436,-0.00023098485,33.143436,0.00010085855,230,230,58,0.04647028,0.14066465,0.0007058743,0.2017275,0
748,12.466666,0.0039380495,33.139187,33.143124,-0.0003113143,33.143124,0.00010104063,229,229,58,0.05467002,0.15652287,0.00084493804,0.20168427,0
749,12.483334,0.0052571185,33.137493,33.14275,-0.0003737399,33.14275,0.00010122199,229,229,58,0.06255955,0.17343506,0.0009790559,0.20163679,0
750,12.5,0.006669107,33.135666,33.142334,-0.00041582002,33.142334,0.00010094647,229,229,58,0.070033796,0.1898076,0.0011070835,0.20158634,0
751,12.516666,0.008134238,33.13375,33.141884,-0.00045195626,33.141884,0.00010096742,229,229,58,0.076997586,0.20484197,0.0012274495,0.20153399,0
752,12.533334,0.009609026,33.131783,33.14139,-0.00049234217,33.14139,0.00010088491,228,228,57,0.0834021,0.21936269,0.0013388208,0.20148112,0
753,12.55,0.011048137,33.129814,33.14086,-0.00053018046,33.14086,0.00010092837,227,227,57,0.08918513,0.23198257,0.0014402687,0.20142886,0
754,12.566667,0.012409565,33.127888,33.140297,-0.0005656344,33.140297,0.00010107375,227,227,57,0.09431682,0.24336976,0.0015312047,0.20137842,0
755,12.583333,0.013669799,33.126083,33.13975,-0.0005426359,33.13975,0.00010092394,227,227,57,0.09871101,0.25254688,0.001610587,0.20133184,0
756,12.6,0.014768352,33.124397,33.139168,-0.0005864426,33.139168,0.00010089587,227,227,57,0.102392055,0.2600268,0.0016775489,0.20128912,0
757,12.616667,0.015669145,33.12288,33.13855,-0.00061661797,33.13855,0.000100825295,227,227,57,0.10537761,0.26679862,0.0017330648,0.20125134,0
758,12.633333,0.016338708,33.12158,33.137917,-0.0006342089,33.137917,0.00010078894,227,227,57,0.10764948,0.27252564,0.001776525,0.20121957,0
759,12.65,0.016770814,33.12049,33.137264,-0.0006525415,33.137264,0.000100858466,227,227,57,0.1091566,0.27686545,0.0018080514,0.20119403,0
760,12.666667,0.016970197,33.119633,33.136604,-0.00065865985,33.136604,0.00010075943,228,228,57,0.10983567,0.27928954,0.0018263148,0.20117506,0
761,12.683333,0.016924648,33.119038,33.13596,-0.0006432368,33.13596,0.000100840305,229,229,57,0.10965649,0.27888736,0.0018302262,0.2011633,0
762,12.7,0.016588628,33.1187,33.135284,-0.00067551254,33.135284,0.000100806894,228,228,57,0.108808346,0.2782932,0.0018213394,0.20115884,0
763,12.716666,0.016013268,33.118618,33.134632,-0.0006539986,33.134632,0.00010085399,228,228,57,0.107155874,0.27582893,0.0018000905,0.20116147,0
764,12.733334,0.014772828,33.118397,33.133167,-0.0014630556,33.133167,0.00010239062,233,233,58,0.10592528,0.289078,0.0017715627,0.20116238,0
765,12.75,0.013547998,33.11823,33.13178,-0.0013905864,33.13178,0.00010425351,232,232,58,0.104653895,0.31619745,0.0017561109,0.20116544,0
766,12.766666,0.011883877,33.11855,33.130432,-0.001345742,33.130432,0.00010426638,232,232,58,0.10112925,0.3462429,0.0017198798,0.20118235,0
767,12.783334,0.009997047,33.119194,33.12919,-0.0012430905,33.12919,0.00010450834,232,232,58,0.09522944,0.3669115,0.0016362816,0.20121236,0
768,12.8,0.008249733,33.120064,33.128315,-0.00087530626,33.128315,0.00010414208,232,232,58,0.087595396,0.35517573,0.0015237032,0.20125079,0
769,12.816667,0.006607204,33.12103,33.127636,-0.000676254,33.127636,0.00010372235,233,233,58,0.078494355,0.31917349,0.001383153,0.20129243,0
770,12.833333,0.005036919,33.12191,33.126945,-0.0006917934,33.126945,0.00010371163,233,233,58,0.06841728,0.2765094,0.0012226829,0.20133176,0
771,12.85,0.0036154457,33.12272,33.12633,-0.00061280857,33.12633,0.000103754,233,233,58,0.057503857,0.22658142,0.0010474263,0.20136786,0
772,12.866667,0.0023826172,33.123383,33.125767,-0.00056697684,33.125767,0.0001037261,233,233,58,0.04602682,0.17433447,0.0008596305,0.20139705,0
773,12.883333,0.0013856727,33.123867,33.12525,-0.00051314227,33.12525,0.00010385329,231,231,58,0.0343008,0.12362146,0.00066598435,0.20141797,0
774,12.9,0.00068917114,33.124252,33.124943,-0.0003104573,33.124943,0.00010357183,231,231,58,0.023299908,0.0791994,0.00047168517,0.2014317,0
775,12.916667,0.00029480812,33.124603,33.1249,-4.2733496e-05,33.1249,0.0001029033,230,230,58,0.015450915,0.055466533,0.00031654624,0.20144036,0
776,12.933333,0.000114771254,33.124874,33.124992,9.079264e-05,33.124992,0.000102046746,230,230,58,0.010385699,0.052920643,0.00020737424,0.20144455,0
777,12.95,7.2328716e-05,33.124786,33.12486,-0.00013338406,33.12486,0.000101901736,230,230,58,0.0090475585,0.053336523,0.00014935069,0.20143941,0
778,12.966666,0.000148951,33.12472,33.12487,1.1949067e-05,33.12487,0.00010158551,231,231,58,0.012762537,0.067936674,0.00017753574,0.20143227,0
779,12.983334,0.0002930981,33.124493,33.124786,-8.212608e-05,33.124786,0.00010155124,231,231,58,0.017521592,0.0831516,0.0002524616,0.20141965,0
780,13,0.0004925635,33.124184,33.124676,-0.00011226289,33.124676,0.00010144422,231,231,58,0.022417568,0.09916804,0.0003338564,0.20140354,0
781,13.016666,0.00073421054,33.123825,33.124557,-0.00011679891,33.124557,0.0001013779,231,231,58,0.027179081,0.11564383,0.0004146741,0.20138495,0
782,13.033334,0.0010025651,33.12343,33.124428,-0.00012899506,33.124428,0.000101291575,232,232,58,0.031610694,0.13114768,0.00049136253,0.20136453,0
783,13.05,0.0012823064,33.122993,33.124275,-0.00015351948,33.124275,0.00010128908,234,234,59,0.035658788,0.14591588,0.0005620877,0.20134254,0
784,13.066667,0.0015577072,33.122547,33.124107,-0.00016933148,33.124107,0.00010128763,235,235,59,0.039244425,0.15928632,0.0006256862,0.20131978,0
785,13.083333,0.0018136809,33.122116,33.12393,-0.00017612329,33.12393,0.000101286096,232,232,58,0.04231754,0.17107005,0.0006811727,0.20129709,0
786,13.1,0.0020367093,33.121696,33.123734,-0.00019792939,33.123734,0.00010129334,232,232,58,0.044834577,0.18097267,0.00072768686,0.2012748,0
787,13.116667,0.0022154418,33.12131,33.123528,-0.00020564938,33.123528,0.00010135513,232,232,58,0.046763405,0.18877393,0.00076465023,0.20125379,0
788,13.133333,0.0023411473,33.120968,33.12331,-0.0002161148,33.12331,0.000101358426,231,231,58,0.04807857,0.19424506,0.000791588,0.20123433,0
789,13.15,0.0024079352,33.120678,33.12309,-0.00022316097,33.12309,0.00010144445,231,231,58,0.04876799,0.19731343,0.0008081275,0.20121695,0
790,13.166667,0.0024134,33.12045,33.122864,-0.00022296977,33.122864,0.0001015201,231,231,58,0.04882805,0.19783638,0.00081427133,0.20120199,0
791,13.183333,0.0023583607,33.12028,33.12264,-0.00022611588,33.12264,0.00010151793,229,229,57,0.04827661,0.19605827,0.00081002415,0.20118955,0
792,13.2,0.0022469028,33.120163,33.12241,-0.00023016396,33.12241,0.00010151882,230,230,57,0.04711936,0.19168995,0.00079561514,0.20117947,0
793,13.216666,0.002085441,33.120102,33.122185,-0.00022231118,33.122185,0.00010151522,230,230,57,0.0453965,0.18505809,0.000771502,0.20117193,0
794,13.233334,0.0018828808,33.120083,33.121964,-0.00022034945,33.121964,0.00010151312,230,230,57,0.04313471,0.17622767,0.0007381034,0.20116656,0
795,13.25,0.0016497913,33.12011,33.121758,-0.00020765253,33.121758,0.000101453435,230,230,57,0.040374096,0.16528617,0.00069610856,0.20116326,0
796,13.266666,0.0013594116,33.11992,33.12128,-0.00047774907,33.12128,0.00010218481,230,230,57,0.037374645,0.1658619,0.0006471135,0.2011564,0
797,13.283334,0.0010879542,33.11979,33.120876,-0.00040446152,33.120876,0.0001020145,230,230,57,0.033710312,0.16180089,0.00059352117,0.20115031,0
798,13.3,0.0008790014,33.119656,33.120533,-0.00034262185,33.120533,0.000101799116,230,230,57,0.028880212,0.12769459,0.00052233215,0.20114471,0
799,13.316667,0.0007144359,33.11945,33.120167,-0.00036739671,33.120167,0.00010186007,230,230,57,0.023536617,0.08393344,0.0004352863,0.20113833,0
800,13.333333,0.0005312369,33.119263,33.119797,-0.00037006973,33.119797,0.000102053185,230,230,57,0.019147534,0.054059632,0.0003535085,0.20113282,0
801,13.35,0.00033204493,33.11911,33.119442,-0.00035364294,33.119442,0.00010194584,229,229,57,0.015286049,0.045283195,0.00028593477,0.2011284,0
802,13.366667,0.00017411752,33.118977,33.11915,-0.00029276026,33.11915,0.00010212926,229,229,57,0.011177541,0.03790298,0.0002198702,0.20112444,0
803,13.383333,7.71995e-05,33.118862,33.11894,-0.00020897396,33.11894,0.000101981204,229,229,57,0.0070042755,0.023678174,0.00015004983,0.20112117,0
804,13.4,3.066286e-05,33.118755,33.118786,-0.00015526745,33.118786,0.00010205889,229,229,57,0.0038315172,0.011744192,8.4842424e-05,0.20111807,0
805,13.416667,1.3764135e-05,33.1187,33.11871,-7.458924e-05,33.11871,0.00010203716,229,229,57,0.002657176,0.01334438,5.243844e-05,0.20111617,0
806,13.433333,4.7945737e-06,33.11863,33.118633,-7.5471595e-05,33.118633,0.00010196504,229,229,57,0.0015838753,0.017039835,3.1279695e-05,0.20111406,0
807,13.45,3.8066648e-06,33.118584,33.118587,-4.65418e-05,33.118587,0.000101896585,229,229,57,0.0016663369,0.02121597,1.7651611e-05,0.20111227,0
808,13.466666,5.435913e-06,33.118538,33.11854,-4.542094e-05,33.11854,0.000101889396,229,229,57,0.0023769466,0.024580298,3.3002616e-05,0.20111044,0
809,13.483334,7.086823e-06,33.118496,33.118504,-3.924784e-05,33.118504,0.00010169729,229,229,57,0.002836633,0.02648829,4.2953816e-05,0.20110865,0
810,13.5,8.592317e-06,33.11846,33.118473,-3.1579268e-05,33.118473,0.00010162665,227,227,56,0.0031679138,0.027738068,4.95829e-05,0.2011072,0
811,13.516666,1.0121551e-05,33.118435,33.118443,-2.8562934e-05,33.118443,0.000101566206,227,227,56,0.0034477876,0.028644824,5.475243e-05,0.20110582,0
812,13.533334,1.1651786e-05,33.118393,33.118404,-3.753971e-05,33.118404,0.000101505764,227,227,56,0.0036891084,0.029353045,5.9166894e-05,0.20110431,0
813,13.55,1.3087954e-05,33.118347,33.11836,-4.727657e-05,33.11836,0.00010149352,227,227,56,0.0038948578,0.029920164,6.292625e-05,0.20110251,0
814,13.566667,1.4394914e-05,33.1183,33.118317,-4.191936e-05,33.118317,0.00010148999,227,227,56,0.0040702433,0.030433824,6.611684e-05,0.20110096,0
815,13.583333,1.5556225e-05,33.11826,33.11828,-3.973744e-05,33.11828,0.00010136668,227,227,56,0.0042173997,0.030834638,6.883589e-05,0.20109941,0
816,13.6,1.6546906e-05,33.118217,33.118237,-4.123811e-05,33.118237,0.00010130814,227,227,56,0.004334978,0.03112727,7.107332e-05,0.20109795,0
817,13.616667,1.7304572e-05,33.11817,33.11819,-4.5960012e-05,33.11819,0.000101362704,227,227,56,0.004420071,0.031275276,7.2783994e-05,0.20109642,0
818,13.633333,1.7770972e-05,33.118126,33.118145,-4.5253746e-05,33.118145,0.00010135758,227,227,56,0.004469763,0.031323817,7.390922e-05,0.201095,0
819,13.65,1.7922244e-05,33.11808,33.1181,-4.6233894e-05,33.1181,0.00010135183,227,227,56,0.00448262,0.03127766,7.4430885e-05,0.20109355,0
820,13.666667,1.7746945e-05,33.11803,33.11805,-5.0384333e-05,33.11805,0.000101301666,226,226,56,0.004455589,0.031060273,7.4305644e-05,0.20109206,0
821,13.683333,1.7260429e-05,33.117985,33.118004,-4.4876622e-05,33.118004,0.000101366415,226,226,56,0.004391398,0.030722495,7.353237e-05,0.20109071,0
822,13.7,1.6493677e-05,33.11794,33.117954,-4.748443e-05,33.117954,0.00010136097,226,226,56,0.004292221,0.030274253,7.2156254e-05,0.20108932,0
823,13.716666,1.549094e-05,33.11789,33.117905,-4.9715476e-05,33.117905,0.00010130745,226,226,56,0.0041610748,0.029726844,7.021023e-05,0.20108794,0
824,13.733334,1.2571466e-05,33.11784,33.11785,-5.3128508e-05,33.11785,0.00010130768,225,225,56,0.0036265682,0.01800861,6.7332934e-05,0.2010865,0
825,13.75,9.499333e-06,33.11782,33.11783,-2.3521507e-05,33.11783,0.000101239,225,225,56,0.0030353875,0.012593421,5.2941e-05,0.20108604,0
826,13.766666,8.020769e-06,33.117783,33.11779,-3.9218467e-05,33.11779,0.0001012299,225,225,56,0.0027939363,0.011741606,4.8052465e-05,0.2010852,0
827,13.783334,6.7657766e-06,33.117744,33.117752,-3.716609e-05,33.117752,0.000101232734,225,225,56,0.0025659357,0.01094594,4.4223685e-05,0.20108436,0
828,13.8,5.565346e-06,33.117714,33.117718,-3.3453915e-05,33.117718,0.00010124179,225,225,56,0.0023274515,0.010114093,4.03313e-05,0.2010837,0
829,13.816667,4.4290723e-06,33.11768,33.117687,-3.372227e-05,33.117687,0.000101245736,225,225,56,0.0020748407,0.00921399,3.620912e-05,0.20108299,0
830,13.833333,3.3998926e-06,33.117645,33.11765,-3.5277728e-05,33.11765,0.000101246536,225,225,56,0.0018144,0.008265728,3.1900356e-05,0.20108221,0
831,13.85,2.5160855e-06,33.11762,33.11762,-3.0477211e-05,33.11762,0.000101190366,225,225,56,0.0015546053,0.0073225386,2.7496882e-05,0.20108159,0
832,13.866667,1.7959665e-06,33.11758,33.117584,-3.6631216e-05,33.117584,0.00010119771,224,224,56,0.0013090539,0.0065095,2.3254282e-05,0.20108078,0
833,13.883333,1.2366061e-06,33.117546,33.11755,-3.4641653e-05,33.11755,0.00010120187,224,224,56,0.0010683289,0.005627731,1.9070003e-05,0.20107996,0
834,13.9,8.531277e-07,33.117516,33.117516,-3.1639433e-05,33.117516,0.00010120796,224,224,56,0.0008615704,0.0048744055,1.51554605e-05,0.20107922,0
835,13.916667,6.769566e-07,33.117485,33.117485,-3.026834e-05,33.117485,0.00010121536,224,224,56,0.00074712385,0.0044117128,1.22436195e-05,0.20107852,0
836,13.933333,6.155377e-07,33.11745,33.11745,-3.4309967e-05,33.11745,0.00010117529,224,224,56,0.0006978282,0.004182543,1.0896488e-05,0.20107765,0
837,13.95,5.967432e-07,33.117416,33.117416,-3.6096146e-05,33.117416,0.000101181475,224,224,56,0.0006772404,0.0040494343,1.0301194e-05,0.20107675,0
838,13.966666,5.9438855e-07,33.117382,33.117382,-3.4084645e-05,33.117382,0.000101181584,224,224,56,0.0006705191,0.0039808513,1.0074335e-05,0.20107593,0
839,13.983334,5.951064e-07,33.117348,33.117348,-3.3582808e-05,33.117348,0.00010119466,224,224,56,0.00066764967,0.0039421506,1.0007011e-05,0.20107506,0
840,14,5.967917e-07,33.117313,33.117313,-3.324933e-05,33.117313,0.000101134225,224,224,56,0.0006670857,0.003924718,9.979177e-06,0.20107423,0
841,14.016666,5.955914e-07,33.117283,33.117287,-3.042588e-05,33.117287,0.00010113979,224,224,56,0.00066563877,0.003916925,9.962981e-06,0.20107332,0
842,14.033334,5.8807103e-07,33.11725,33.11725,-3.508734e-05,33.11725,0.000101144586,224,224,56,0.00066013995,0.003840168,9.886078e-06,0.20107253,0
843,14.05,5.812328e-07,33.117218,33.117218,-3.2592834e-05,33.117218,0.000101148944,224,224,56,0.00065521727,0.003823178,9.78483e-06,0.2010717,0
844,14.066667,5.7452803e-07,33.117184,33.117184,-3.3257722e-05,33.117184,0.00010109203,224,224,56,0.0006507115,0.0038097717,9.694904e-06,0.20107089,0
845,14.083333,5.676674e-07,33.11715,33.11715,-3.4587916e-05,33.11715,0.00010109218,224,224,56,0.00064625,0.0037986015,9.620985e-06,0.20106997,0
846,14.1,5.605735e-07,33.11712,33.11712,-3.0764284e-05,33.11712,0.00010104041,224,224,56,0.00064170366,0.0037878035,9.525708e-06,0.20106915,0
847,14.116667,5.531456e-07,33.11708,33.11708,-3.6251036e-05,33.11708,0.00010110423,224,224,56,0.0006369976,0.0037770807,9.435571e-06,0.20106831,0
848,14.133333,5.4570774e-07,33.11705,33.11705,-3.275969e-05,33.11705,0.000101047415,224,224,56,0.00063224154,0.0037671856,9.353302e-06,0.2010674,0
849,14.15,5.381617e-07,33.117016,33.11702,-3.1263502e-05,33.11702,0.000101047764,224,224,56,0.0006274236,0.003757304,9.251772e-06,0.2010666,0
850,14.166667,5.304748e-07,33.11698,33.11698,-3.508751e-05,33.11698,0.000101054684,224,224,56,0.00062338833,0.0037560367,9.167757e-06,0.20106578,0
851,14.183333,5.228113e-07,33.11695,33.11695,-3.3424934e-05,33.11695,0.00010101428,224,224,56,0.000619283,0.0037558968,9.094441e-06,0.20106484,0
852,14.2,5.1531566e-07,33.116917,33.116917,-3.2427237e-05,33.116917,0.00010100254,224,224,56,0.00061571924,0.0037555278,9.006279e-06,0.20106408,0
853,14.216666,5.0840003e-07,33.116886,33.116886,-2.9766576e-05,33.116886,0.000101028,224,224,56,0.0006127442,0.0037620608,8.939571e-06,0.20106329,0
854,14.233334,5.017861e-07,33.11685,33.11685,-3.392265e-05,33.11685,0.00010101805,224,224,56,0.0006099164,0.0037697898,8.884959e-06,0.20106246,0
855,14.25,4.946169e-07,33.116817,33.116817,-3.442197e-05,33.116817,0.000101061414,224,224,56,0.000605821,0.003766696,8.822702e-06,0.20106155,0
856,14.266666,4.877398e-07,33.116787,33.116787,-3.2260363e-05,33.116787,0.00010110487,224,224,56,0.0006014475,0.003759633,8.72537e-06,0.20106077,0
857,14.283334,4.811369e-07,33.116753,33.116753,-3.2426342e-05,33.116753,0.0001010216,224,224,56,0.0005970599,0.0037516772,8.654714e-06,0.20105992,0
858,14.3,4.74875e-07,33.116722,33.116722,-3.3257278e-05,33.116722,0.00010105818,224,224,56,0.0005927698,0.003743598,8.553412e-06,0.20105912,0
859,14.316667,4.6867157e-07,33.116688,33.116688,-3.25922e-05,33.116688,0.0001010417,224,224,56,0.0005885109,0.0037361216,8.473564e-06,0.20105831,0
860,14.333333,4.6262198e-07,33.116657,33.116657,-3.1262003e-05,33.116657,0.000101114994,226,226,57,0.00058431446,0.0037287676,8.392314e-06,0.20105745,0
861,14.35,4.5683296e-07,33.116627,33.116627,-3.0762978e-05,33.116627,0.000101074824,226,226,57,0.00058022275,0.0037216244,8.311385e-06,0.20105666,0
862,14.366667,4.5127175e-07,33.116592,33.116592,-3.4586617e-05,33.116592,0.00010107134,226,226,57,0.00057624036,0.0037145605,8.224146e-06,0.20105582,0
863,14.383333,4.4580517e-07,33.116558,33.116558,-3.425401e-05,33.116558,0.00010115985,226,226,57,0.00057230593,0.0037082066,8.149006e-06,0.20105499,0
864,14.4,4.4062813e-07,33.116528,33.116528,-3.0097346e-05,33.116528,0.00010114499,226,226,57,0.00056852546,0.003701877,8.060431e-06,0.2010542,0
865,14.416667,4.3565902e-07,33.116493,33.116493,-3.4419772e-05,33.116493,0.00010105732,226,226,57,0.0005648571,0.0036962267,8.008744e-06,0.20105329,0
866,14.433333,4.310775e-07,33.116463,33.116463,-2.8932966e-05,33.116463,0.00010108079,226,226,57,0.000561351,0.0036913601,7.898078e-06,0.20105258,0
867,14.45,4.2657862e-07,33.11643,33.11643,-3.674687e-05,33.11643,0.00010113181,226,226,57,0.00055787875,0.0036868565,7.856107e-06,0.20105164,0
868,14.466666,4.2210453e-07,33.116394,33.116394,-3.292298e-05,33.116394,0.00010108278,226,226,57,0.00055443874,0.003681853,7.765601e-06,0.20105086,0
869,14.483334,4.1781254e-07,33.116364,33.116364,-3.092774e-05,33.116364,0.00010118959,226,226,57,0.0005510924,0.0036767554,7.691377e-06,0.20105009,0
870,14.5,4.137031e-07,33.11633,33.11633,-3.275636e-05,33.11633,0.000101183396,226,226,57,0.00054782187,0.0036715362,7.63905e-06,0.20104921,0
871,14.516666,4.0967876e-07,33.1163,33.1163,-3.2590022e-05,33.1163,0.00010124658,226,226,57,0.0005446153,0.0036653315,7.561503e-06,0.20104843,0
872,14.533334,4.0566317e-07,33.11627,33.11627,-3.1426225e-05,33.11627,0.00010124797,226,226,57,0.00054142135,0.0036576842,7.488508e-06,0.20104761,0
873,14.55,4.019955e-07,33.116234,33.116234,-3.142588e-05,33.116234,0.00010117015,226,226,57,0.000538407,0.003648807,7.430502e-06,0.20104682,0
874,14.566667,3.986032e-07,33.1162,33.1162,-3.458445e-05,33.1162,0.00010122793,224,224,56,0.00053556054,0.0036385416,7.3955835e-06,0.20104587,0
875,14.583333,3.954221e-07,33.116173,33.116173,-2.8931565e-05,33.116173,0.00010132239,224,224,56,0.0005328607,0.0036278563,7.3049355e-06,0.20104522,0
876,14.6,3.923755e-07,33.11614,33.11614,-3.3420318e-05,33.11614,0.000101268175,224,224,56,0.0005302553,0.0036167705,7.272307e-06,0.2010444,0
877,14.616667,3.893309e-07,33.116108,33.116108,-3.0095214e-05,33.116108,0.000101269026,224,224,56,0.0005276867,0.0036054596,7.220321e-06,0.20104358,0
878,14.633333,3.8636605e-07,33.116074,33.116074,-3.4085257e-05,33.116074,0.0001012737,224,224,56,0.0005251529,0.0035941869,7.165254e-06,0.20104276,0
879,14.65,3.833843e-07,33.11604,33.116043,-3.3253997e-05,33.116043,0.000101327394,224,224,56,0.00052261766,0.003582676,7.1366235e-06,0.20104189,0
880,14.666667,3.801992e-07,33.116013,33.116013,-2.826655e-05,33.116013,0.00010126281,224,224,56,0.00052000716,0.0035706912,7.055441e-06,0.20104118,0
881,14.683333,3.76999e-07,33.115974,33.115974,-3.7410595e-05,33.115974,0.00010129399,224,224,56,0.0005173839,0.0035583882,7.0372666e-06,0.20104024,0
882,14.7,3.7387926e-07,33.115944,33.115944,-3.04278e-05,33.115944,0.000101338395,224,224,56,0.0005147893,0.003545933,6.975144e-06,0.20103948,0
883,14.716666,3.7057336e-07,33.115913,33.115913,-3.0760497e-05,33.115913,0.00010134145,224,224,56,0.00051211065,0.0035331738,6.933396e-06,0.20103866,0
884,14.733334,3.6728323e-07,33.115883,33.115883,-3.0926734e-05,33.115883,0.00010137535,224,224,56,0.00050943583,0.0035201705,6.8640693e-06,0.20103794,0
885,14.75,3.639153e-07,33.11585,33.11585,-3.508319e-05,33.11585,0.00010142028,224,224,56,0.0005067348,0.0035065287,6.8619092e-06,0.20103703,0
886,14.766666,3.627322e-07,33.11582,33.11582,-2.6269487e-05,33.11582,0.000101382255,224,224,56,0.0005061505,0.0034852335,6.7866026e-06,0.20103635,0
887,14.783334,3.60508e-07,33.115788,33.11579,-3.258822e-05,33.11579,0.00010143521,224,224,56,0.00050432584,0.0034717415,6.78471e-06,0.20103554,0
888,14.8,3.57366e-07,33.11576,33.11576,-3.0095312e-05,33.11576,0.00010139747,224,224,56,0.0005018308,0.00345741,6.759194e-06,0.20103478,0
889,14.816667,3.539577e-07,33.115726,33.115726,-3.109311e-05,33.115726,0.00010141264,224,224,56,0.00049920706,0.0034434856,6.736652e-06,0.20103393,0
890,14.833333,3.5034302e-07,33.1157,33.1157,-2.9098253e-05,33.1157,0.000101480524,224,224,56,0.0004964643,0.0034293407,6.6466055e-06,0.20103323,0
891,14.85,3.4643145e-07,33.115665,33.115665,-3.258991e-05,33.115665,0.00010140144,224,224,56,0.0004935703,0.0034146602,6.6240636e-06,0.20103243,0
892,14.866667,3.4258343e-07,33.11564,33.11564,-2.8932232e-05,33.11564,0.00010138445,224,224,56,0.0004906693,0.003399146,6.5752256e-06,0.20103168,0
893,14.883333,3.3864086e-07,33.11561,33.11561,-2.8932327e-05,33.11561,0.000101375794,224,224,56,0.00048771492,0.003382768,6.5299373e-06,0.20103091,0
894,14.9,3.3465565e-07,33.115578,33.115578,-3.225747e-05,33.115578,0.00010136931,224,224,56,0.0004847215,0.0033670652,6.489356e-06,0.2010301,0
895,14.916667,3.3255643e-07,33.115543,33.115543,-3.175682e-05,33.115543,0.00010148086,224,224,56,0.00048249873,0.0033610095,6.426795e-06,0.20102932,0
896,14.933333,3.3052362e-07,33.115517,33.115517,-2.9429182e-05,33.115517,0.000101436824,224,224,56,0.00048039138,0.0033528355,6.4073643e-06,0.20102853,0
897,14.95,3.2872458e-07,33.115482,33.115482,-3.341907e-05,33.115482,0.00010141205,224,224,56,0.00047850006,0.0033451354,6.349572e-06,0.20102774,0
898,14.966666,3.271853e-07,33.115456,33.115456,-2.6768606e-05,33.115456,0.000101384554,223,223,56,0.00047683134,0.003337521,6.3023735e-06,0.20102704,0
899,14.983334,3.2567172e-07,33.11542,33.11542,-3.4748824e-05,33.11542,0.000101309415,223,223,56,0.00047524142,0.0033309644,6.297795e-06,0.20102616,0
900,15,3.2413988e-07,33.11539,33.11539,-2.7932385e-05,33.11539,0.00010137703,223,223,56,0.00047368585,0.0033250253,6.2330514e-06,0.20102547,0
901,15.016666,3.2281568e-07,33.115356,33.11536,-3.391736e-05,33.11536,0.0001013893,223,223,56,0.00047225782,0.0033185792,6.220874e-06,0.20102467,0
902,15.033334,3.2149143e-07,33.11533,33.11533,-2.8098433e-05,33.11533,0.000101444864,223,223,56,0.00047085033,0.0033123805,6.1888536e-06,0.20102388,0
903,15.05,3.202405e-07,33.1153,33.1153,-3.27535e-05,33.1153,0.00010143545,223,223,56,0.00046948696,0.0033064084,6.170865e-06,0.20102306,0
904,15.066667,3.1888032e-07,33.11527,33.11527,-2.9927274e-05,33.11527,0.00010146867,223,223,56,0.0004680825,0.0033004866,6.1318433e-06,0.20102228,0
905,15.083333,3.1758637e-07,33.115234,33.115234,-3.192227e-05,33.115234,0.000101420635,223,223,56,0.00046666912,0.0032939613,6.0973653e-06,0.20102154,0
906,15.1,3.161553e-07,33.115208,33.115208,-2.8264794e-05,33.115208,0.0001013838,226,226,57,0.00046513637,0.0032858446,6.0659986e-06,0.20102076,0
907,15.116667,3.1480724e-07,33.11518,33.11518,-2.7932201e-05,33.11518,0.000101405996,226,226,57,0.00046367873,0.003279347,6.0289576e-06,0.20102008,0
908,15.133333,3.1347687e-07,33.115147,33.115147,-3.4083623e-05,33.115147,0.00010143111,226,226,57,0.00046220515,0.0032721418,6.029641e-06,0.2010192,0
909,15.15,3.1213082e-07,33.115112,33.115116,-3.1257303e-05,33.115116,0.000101350684,226,226,57,0.00046074286,0.0032652535,5.973451e-06,0.2010184,0
910,15.166667,3.1078866e-07,33.11508,33.115086,-3.0259767e-05,33.115086,0.000101340345,226,226,57,0.00045926822,0.003258945,5.943055e-06,0.20101771,0
911,15.183333,3.094505e-07,33.115055,33.115055,-2.7267171e-05,33.115055,0.000101424244,226,226,57,0.00045779976,0.0032518746,5.9118847e-06,0.20101699,0
912,15.2,3.0820422e-07,33.11502,33.11502,-3.474856e-05,33.11502,0.000101390455,226,226,57,0.00045636776,0.0032451265,5.9057943e-06,0.20101608,0
913,15.216666,3.068078e-07,33.114994,33.114994,-2.8431015e-05,33.114994,0.000101423495,226,226,57,0.00045486333,0.0032384119,5.8546775e-06,0.20101532,0
914,15.233334,3.0554867e-07,33.114964,33.114964,-2.9594663e-05,33.114964,0.0001014073,226,226,57,0.00045342202,0.0032316595,5.8060828e-06,0.20101464,0
915,15.25,3.0418823e-07,33.114933,33.114933,-3.009353e-05,33.114933,0.000101376594,226,226,57,0.00045190158,0.0032256923,5.803517e-06,0.20101385,0
916,15.266666,3.028279e-07,33.114906,33.114906,-2.8929744e-05,33.114906,0.00010133436,226,226,57,0.00045038934,0.0032188222,5.7579837e-06,0.20101313,0
917,15.283334,3.0154212e-07,33.11487,33.11487,-3.5413617e-05,33.11487,0.00010136415,226,226,57,0.00044892044,0.0032117364,5.740117e-06,0.20101225,0
918,15.3,3.0021096e-07,33.11484,33.11484,-2.7599675e-05,33.11484,0.000101447884,226,226,57,0.00044741834,0.0032047266,5.6873164e-06,0.20101154,0
919,15.316667,2.990382e-07,33.114815,33.114815,-2.7433261e-05,33.114815,0.000101406156,226,226,57,0.00044602013,0.0031978905,5.671037e-06,0.20101078,0
920,15.333333,2.97783e-07,33.11478,33.11478,-3.2254742e-05,33.11478,0.00010144223,226,226,57,0.00044460234,0.0031914099,5.6296944e-06,0.20101,0
921,15.35,2.965431e-07,33.11475,33.11475,-3.275349e-05,33.11475,0.00010143627,226,226,57,0.0004431964,0.0031851383,5.6113618e-06,0.20100921,0
922,15.366667,2.9539132e-07,33.11472,33.11472,-3.0259576e-05,33.11472,0.00010145675,226,226,57,0.00044182318,0.0031783676,5.5745354e-06,0.20100844,0
923,15.383333,2.9410378e-07,33.114693,33.114693,-2.7599632e-05,33.114693,0.00010149173,226,226,57,0.0004403759,0.0031720921,5.53774e-06,0.20100772,0
924,15.4,2.929544e-07,33.11466,33.11466,-3.142336e-05,33.11466,0.00010143192,226,226,57,0.0004389986,0.0031656346,5.528061e-06,0.2010069,0
925,15.416667,2.9121162e-07,33.114628,33.114628,-3.192272e-05,33.114628,0.000101497215,226,226,57,0.00043663167,0.0031679964,5.4941274e-06,0.2010061,0
926,15.433333,2.8909184e-07,33.114597,33.114597,-3.009429e-05,33.114597,0.00010143082,226,226,57,0.00043425718,0.0031588275,5.4017873e-06,0.2010054,0
927,15.45,2.8750438e-07,33.114567,33.114567,-3.0426267e-05,33.114567,0.000101329395,226,226,57,0.00043247172,0.0031516782,5.3755894e-06,0.20100461,0
928,15.466666,2.8583818e-07,33.114536,33.11454,-2.9428815e-05,33.11454,0.00010140336,226,226,57,0.0004305115,0.003142586,5.3277554e-06,0.20100385,0
929,15.483334,2.842888e-07,33.11451,33.11451,-2.8929933e-05,33.11451,0.0001014096,226,226,57,0.00042862457,0.003133651,5.3045355e-06,0.20100307,0
930,15.5,2.8304808e-07,33.114475,33.114475,-3.3584765e-05,33.114475,0.00010138931,226,226,57,0.00042701676,0.0031256003,5.256103e-06,0.20100227,0
931,15.516666,2.462163e-07,33.114464,33.114464,-1.0843412e-05,33.114464,0.000101370475,226,226,57,0.00040888012,0.0035907384,5.261737e-06,0.20100193,0
932,15.533334,2.471367e-07,33.11445,33.11445,-1.7622118e-05,33.11445,0.00010124869,226,226,57,0.00041007597,0.003594399,5.373792e-06,0.20100142,0
933,15.55,2.4814588e-07,33.11442,33.11442,-2.709857e-05,33.11442,0.00010124932,226,226,57,0.00041122182,0.0036018954,5.4002885e-06,0.20100075,0
934,15.566667,2.4978678e-07,33.1144,33.1144,-2.161152e-05,33.1144,0.00010130312,226,226,57,0.00041226586,0.0036072251,5.4135326e-06,0.20100018,0
935,15.583333,2.5179975e-07,33.11437,33.11437,-2.9092625e-05,33.11437,0.00010130771,226,226,57,0.00041304732,0.003609907,5.4346465e-06,0.20099945,0
936,15.6,2.4654483e-07,33.114346,33.114346,-2.2283435e-05,33.114346,0.0001012997,226,226,57,0.00040528728,0.0035987187,5.3785607e-06,0.20099889,0
937,15.616667,2.3827045e-07,33.114323,33.114323,-2.5944068e-05,33.114323,0.00010133962,226,226,57,0.00039275133,0.0035528718,5.113941e-06,0.20099823,0
938,15.633333,2.3484193e-07,33.1143,33.1143,-2.3112885e-05,33.1143,0.000101280406,226,226,57,0.00038644898,0.003527513,4.898556e-06,0.20099765,0
939,15.65,2.3367528e-07,33.114273,33.114273,-2.5936959e-05,33.114273,0.00010129899,226,226,57,0.00038451017,0.003509374,4.8307784e-06,0.200997,0
940,15.666667,2.3365939e-07,33.114246,33.114246,-2.6600828e-05,33.114246,0.00010127641,226,226,57,0.0003833729,0.003502602,4.7861613e-06,0.20099637,0
941,15.683333,2.3429075e-07,33.11422,33.11422,-2.4272611e-05,33.11422,0.00010135227,226,226,57,0.000382759,0.0034965002,4.76972e-06,0.20099571,0
942,15.7,2.3498072e-07,33.114193,33.114197,-2.6433869e-05,33.114197,0.00010137057,226,226,57,0.00038224366,0.0034905544,4.7689905e-06,0.20099504,0
943,15.716666,2.3609358e-07,33.11417,33.11417,-2.4438385e-05,33.11417,0.000101407146,226,226,57,0.00038198408,0.003485401,4.722286e-06,0.20099446,0
944,15.733334,2.3741516e-07,33.114143,33.114143,-2.5435706e-05,33.114143,0.0001013145,226,226,57,0.00038187037,0.0034796926,4.7432395e-06,0.20099382,0
945,15.75,2.3908046e-07,33.11412,33.11412,-2.4604087e-05,33.11412,0.00010135055,226,226,57,0.000381981,0.0034746625,4.7351045e-06,0.20099317,0
946,15.766666,2.4125208e-07,33.114094,33.114098,-2.4769835e-05,33.114098,0.000101289064,226,226,57,0.00038241723,0.0034694176,4.7142557e-06,0.20099255,0
947,15.783334,2.4394572e-07,33.11407,33.11407,-2.59331e-05,33.11407,0.00010130866,226,226,57,0.00038320816,0.003464743,4.7380445e-06,0.2009919,0
948,15.8,2.4733973e-07,33.114048,33.114048,-2.1609767e-05,33.114048,0.00010133119,226,226,57,0.0003845044,0.0034607134,4.747904e-06,0.20099133,0
949,15.816667,2.5174901e-07,33.11402,33.11402,-2.7261423e-05,33.11402,0.000101272475,226,226,57,0.00038652492,0.0034570156,4.7924154e-06,0.20099068,0
950,15.833333,3.0463653e-07,33.113995,33.114,-2.4220355e-05,33.114,0.00010129684,225,225,57,0.0004493521,0.0037259816,5.3837152e-06,0.20099008,0
951,15.85,4.2941474e-07,33.113968,33.113968,-2.69748e-05,33.113968,0.00010129423,225,225,57,0.0005623699,0.0041003316,7.3519045e-06,0.20098941,0
952,15.866667,5.3854393e-07,33.11395,33.11395,-2.1171521e-05,33.11395,0.00010127219,225,225,57,0.0006355562,0.0042697405,8.973837e-06,0.20098887,0
953,15.883333,6.274539e-07,33.113922,33.113922,-2.5514373e-05,33.113922,0.00010127941,225,225,57,0.00068676437,0.0043613515,1.014011e-05,0.20098828,0
954,15.9,6.6953316e-07,33.113903,33.113903,-1.9409765e-05,33.113903,0.00010128507,225,225,57,0.00070954335,0.0043724184,1.0823825e-05,0.20098779,0
955,15.916667,6.6265454e-07,33.11388,33.113884,-2.1121274e-05,33.113884,0.00010125933,225,225,57,0.0007045042,0.004311073,1.0931112e-05,0.20098726,0
956,15.933333,6.529412e-07,33.113857,33.113857,-2.444921e-05,33.113857,0.00010122093,225,225,57,0.0006985711,0.004283834,1.0858017e-05,0.20098665,0
957,15.95,6.455375e-07,33.113834,33.113834,-2.477941e-05,33.113834,0.00010122004,225,225,57,0.0006939452,0.0042597167,1.0747137e-05,0.20098607,0
958,15.966666,6.384612e-07,33.11381,33.11381,-2.2451512e-05,33.11381,0.00010120794,225,225,57,0.000689524,0.0042354837,1.0677339e-05,0.20098552,0
959,15.983334,6.3171274e-07,33.11379,33.11379,-2.0622378e-05,33.11379,0.000101214086,225,225,57,0.0006852618,0.004212072,1.0593505e-05,0.20098501,0
960,16,6.2502244e-07,33.11377,33.11377,-2.1619851e-05,33.11377,0.000101155216,225,225,57,0.00068098085,0.0041887183,1.0534918e-05,0.20098448,0
961,16.016666,6.1847953e-07,33.113747,33.113747,-2.1952214e-05,33.113747,0.00010117457,225,225,57,0.0006767465,0.004165134,1.0447224e-05,0.20098394,0
962,16.033333,6.1196323e-07,33.11372,33.11372,-2.660733e-05,33.11372,0.00010103738,225,225,57,0.00067251385,0.0041420255,1.0409638e-05,0.20098329,0
963,16.05,6.054392e-07,33.113697,33.113697,-2.1952195e-05,33.113697,0.00010108988,225,225,57,0.00066832406,0.0041188747,1.0320041e-05,0.20098275,0
964,16.066668,5.990999e-07,33.113678,33.113678,-2.0455715e-05,33.113678,0.0001010247,225,225,57,0.0006641705,0.0040960913,1.0257535e-05,0.20098226,0
965,16.083334,5.9274254e-07,33.113655,33.113655,-2.1287007e-05,33.113655,0.00010106925,225,225,57,0.00066002697,0.004073359,1.0175311e-05,0.20098172,0
966,16.1,5.865935e-07,33.113632,33.113636,-2.2118074e-05,33.113636,0.000101032674,225,225,57,0.0006559216,0.004051073,1.0121534e-05,0.2009812,0
967,16.116667,5.803597e-07,33.113605,33.113605,-2.6939557e-05,33.113605,0.00010092662,225,225,57,0.0006518063,0.0040283133,1.0059681e-05,0.20098054,0
968,16.133333,5.7430907e-07,33.113586,33.113586,-2.1286702e-05,33.113586,0.00010092337,225,225,57,0.0006477549,0.0040061353,9.96994e-06,0.20098004,0
969,16.15,5.6838013e-07,33.113564,33.113564,-2.0787815e-05,33.113564,0.00010090476,225,225,57,0.0006437724,0.003985829,9.893509e-06,0.20097952,0
970,16.166666,5.6291555e-07,33.113544,33.113544,-2.0787349e-05,33.113544,0.00010087966,225,225,57,0.00063994754,0.003969239,9.82596e-06,0.20097902,0
971,16.183332,5.577193e-07,33.11352,33.113525,-2.0620826e-05,33.113525,0.00010092254,225,225,57,0.0006362518,0.0039544036,9.773436e-06,0.20097849,0
972,16.2,5.527445e-07,33.1135,33.1135,-2.4943238e-05,33.1135,0.0001008918,223,223,56,0.0006326727,0.0039423625,9.6910135e-06,0.20097792,0
973,16.216667,5.4806213e-07,33.113476,33.113476,-2.3280394e-05,33.113476,0.000100814825,223,223,56,0.00062919955,0.0039322046,9.624223e-06,0.20097733,0
974,16.233334,5.435317e-07,33.113453,33.113457,-2.062016e-05,33.113457,0.000100777164,223,223,56,0.00062581495,0.0039224904,9.583131e-06,0.20097682,0
975,16.25,5.389223e-07,33.113434,33.113434,-1.995522e-05,33.113434,0.00010080801,223,223,56,0.0006223695,0.003914043,9.500392e-06,0.20097631,0
976,16.266666,5.343077e-07,33.11341,33.11341,-2.4942876e-05,33.11341,0.00010082007,223,223,56,0.00061890774,0.0039105546,9.4123025e-06,0.20097572,0
977,16.283333,5.283751e-07,33.113384,33.113388,-2.34479e-05,33.113388,0.00010080252,223,223,56,0.00061480305,0.0039017757,9.3709405e-06,0.20097513,0
978,16.3,5.22102e-07,33.11336,33.11336,-2.54433e-05,33.11336,0.00010080766,223,223,56,0.00061046646,0.003893395,9.270178e-06,0.20097455,0
979,16.316668,5.156226e-07,33.11334,33.11334,-2.3448445e-05,33.11334,0.000100793615,223,223,56,0.00060603506,0.0038851087,9.174882e-06,0.200974,0
980,16.333334,5.092461e-07,33.11332,33.11332,-1.8626946e-05,33.11332,0.00010082967,223,223,56,0.0006016249,0.0038773748,9.1076e-06,0.2009735,0
981,16.35,5.029862e-07,33.113293,33.113297,-2.4113247e-05,33.113297,0.00010083316,226,226,57,0.0005972585,0.003869346,9.025409e-06,0.20097291,0
982,16.366667,4.968571e-07,33.11327,33.11327,-2.6108177e-05,33.11327,0.00010085668,226,226,57,0.0005929315,0.0038623544,8.939478e-06,0.2009723,0
983,16.383333,4.9086316e-07,33.113247,33.113247,-2.211792e-05,33.113247,0.0001008337,226,226,57,0.0005886888,0.0038553474,8.8552915e-06,0.20097175,0
984,16.4,4.8496634e-07,33.113224,33.113224,-2.1286547e-05,33.113224,0.00010079659,226,226,57,0.00058448786,0.0038479369,8.7742965e-06,0.20097122,0
985,16.416666,4.7932184e-07,33.113197,33.113197,-2.6938967e-05,33.113197,0.00010089358,226,226,57,0.0005804122,0.0038410674,8.699663e-06,0.20097059,0
986,16.433332,4.7371745e-07,33.113174,33.113174,-2.5442632e-05,33.113174,0.00010097595,226,226,57,0.0005763308,0.003834415,8.619708e-06,0.20097001,0
987,16.45,4.6820935e-07,33.11315,33.11315,-2.0953648e-05,33.11315,0.00010090685,226,226,57,0.00057227764,0.0038275688,8.543887e-06,0.20096944,0
988,16.466667,4.6285257e-07,33.11313,33.11313,-2.4777364e-05,33.11313,0.00010094519,226,226,57,0.0005683348,0.0038211253,8.466133e-06,0.20096886,0
989,16.483334,4.5772612e-07,33.1131,33.1131,-2.8102235e-05,33.1131,0.00010092312,226,226,57,0.00056443934,0.0038151313,8.3790155e-06,0.20096822,0
990,16.5,4.5252938e-07,33.113075,33.113075,-2.2948398e-05,33.113075,0.00010099241,226,226,57,0.00056057615,0.0038080749,8.3131e-06,0.20096765,0
991,16.516666,4.476045e-07,33.113056,33.113056,-2.0288046e-05,33.113056,0.00010090831,226,226,57,0.0005567952,0.0038021065,8.229392e-06,0.20096712,0
992,16.533333,4.4258215e-07,33.11303,33.11303,-2.544205e-05,33.11303,0.00010088617,226,226,57,0.0005529805,0.0037954894,8.160378e-06,0.20096654,0
993,16.55,4.3788384e-07,33.113003,33.113003,-2.660551e-05,33.113003,0.000100939906,226,226,57,0.0005493142,0.0037898147,8.095498e-06,0.20096588,0
994,16.566668,4.3317775e-07,33.11298,33.11298,-2.3612927e-05,33.11298,0.00010085958,226,226,57,0.0005456425,0.0037838402,8.032102e-06,0.20096526,0
995,16.583334,4.2854708e-07,33.112953,33.112953,-2.5441657e-05,33.112953,0.00010095979,226,226,57,0.00054201577,0.0037780392,7.914101e-06,0.2009647,0
996,16.6,4.241034e-07,33.11293,33.11293,-2.5940237e-05,33.11293,0.00010093927,226,226,57,0.00053846836,0.00377203,7.90226e-06,0.20096405,0
997,16.616667,4.1966734e-07,33.112907,33.112907,-2.0287556e-05,33.112907,0.0001009185,228,228,58,0.0005349258,0.0037664885,7.792389e-06,0.20096354,0
998,16.633333,4.1530663e-07,33.112885,33.112885,-2.5607644e-05,33.112885,0.00010091314,228,228,58,0.0005314273,0.0037604286,7.732058e-06,0.20096292,0
999,16.65,4.1113515e-07,33.112854,33.112854,-2.7935024e-05,33.112854,0.00010083516,228,228,58,0.0005280012,0.0037550612,7.67962e-06,0.20096226,0
1000,16.666666,4.0698617e-07,33.11283,33.11283,-2.5274921e-05,33.11283,0.000100931706,228,228,58,0.0005246035,0.0037497482,7.5645944e-06,0.20096166,0
1001,16.683332,4.029091e-07,33.112804,33.11281,-2.3113533e-05,33.11281,0.00010091417,227,227,58,0.0005212434,0.0037438187,7.5424628e-06,0.20096108,0
1002,16.7,3.9889892e-07,33.11278,33.112785,-2.3279721e-05,33.112785,0.000100895755,227,227,58,0.0005179124,0.003738636,7.4418444e-06,0.20096049,0
1003,16.716667,3.950927e-07,33.11276,33.11276,-2.6105854e-05,33.11276,0.000100920784,227,227,58,0.00051469676,0.0037330864,7.3848714e-06,0.20095985,0
1004,16.733334,3.9131376e-07,33.112732,33.112732,-2.5607062e-05,33.112732,0.00010103415,227,227,58,0.0005114968,0.0037276538,7.3014794e-06,0.20095925,0
1005,16.75,3.8752106e-07,33.112705,33.112705,-2.743588e-05,33.112705,0.00010098611,227,227,58,0.0005082924,0.0037221673,7.264329e-06,0.20095858,0
1006,16.766666,3.839365e-07,33.112682,33.112682,-2.244802e-05,33.112682,0.00010095167,227,227,58,0.00050519797,0.0037172523,7.1816203e-06,0.200958,0
1007,16.783333,3.8038303e-07,33.11266,33.11266,-2.3611776e-05,33.11266,0.00010094694,227,227,58,0.000502099,0.0037124555,7.120046e-06,0.2009574,0
1008,16.8,3.7688866e-07,33.112633,33.112633,-2.6438052e-05,33.112633,0.000100942256,227,227,58,0.00049904507,0.003707285,7.073661e-06,0.20095673,0
1009,16.816668,3.7355508e-07,33.112606,33.112606,-2.5274107e-05,33.112606,0.000100966805,227,227,58,0.0004960719,0.0037026398,6.9653724e-06,0.20095614,0
1010,16.833334,3.7033658e-07,33.112576,33.112576,-2.9430368e-05,33.112576,0.00010096448,227,227,58,0.000493177,0.0036979963,6.9601283e-06,0.20095544,0
1011,16.85,3.6705796e-07,33.112556,33.112556,-2.1948948e-05,33.112556,0.00010089061,227,227,58,0.0004902395,0.0036931774,6.864659e-06,0.20095487,0
1012,16.866667,3.638045e-07,33.11253,33.11253,-2.6271557e-05,33.11253,0.000100860925,227,227,58,0.0004873053,0.0036879356,6.7923093e-06,0.20095427,0
1013,16.883333,3.6066345e-07,33.1125,33.1125,-2.843276e-05,33.1125,0.0001009448,227,227,58,0.0004844801,0.0036830404,6.7637147e-06,0.20095354,0
1014,16.9,3.5760087e-07,33.112476,33.112476,-2.2281243e-05,33.112476,0.00010093747,227,227,58,0.0004816878,0.003678452,6.6931475e-06,0.20095298,0
1015,16.916666,3.546844e-07,33.11245,33.11245,-2.9097555e-05,33.11245,0.00010091933,228,228,58,0.0004789473,0.003673998,6.6225653e-06,0.2009523,0
1016,16.933332,3.5173804e-07,33.112423,33.112423,-2.4608698e-05,33.112423,0.00010091287,228,228,58,0.0004762311,0.0036692847,6.580367e-06,0.20095165,0
1017,16.95,3.4887057e-07,33.1124,33.1124,-2.5439895e-05,33.1124,0.0001009565,228,228,58,0.0004735484,0.0036648826,6.477877e-06,0.20095107,0
1018,16.966667,3.46076e-07,33.112377,33.112377,-2.244723e-05,33.112377,0.00010095064,228,228,58,0.0004708911,0.0036605503,6.47796e-06,0.20095046,0
1019,16.983334,3.43329e-07,33.112347,33.112347,-2.8266111e-05,33.112347,0.0001009017,228,228,58,0.0004683038,0.0036560793,6.3999887e-06,0.20094974,0
1020,17,3.4066716e-07,33.112324,33.112324,-2.3777138e-05,33.112324,0.00010095966,228,228,58,0.00046572756,0.003652303,6.332989e-06,0.20094916,0
1021,17.016666,3.380941e-07,33.112297,33.112297,-2.5938365e-05,33.112297,0.00010094032,228,228,58,0.00046320134,0.0036480562,6.274347e-06,0.20094854,0
1022,17.033333,3.354542e-07,33.11227,33.11227,-2.8099748e-05,33.11227,0.0001009512,228,228,58,0.00046066038,0.0036436322,6.212863e-06,0.20094787,0
1023,17.05,3.3301686e-07,33.112244,33.112244,-2.693576e-05,33.112244,0.00010093569,228,228,58,0.00045822005,0.0036395758,6.170249e-06,0.20094724,0
1024,17.066668,3.3043887e-07,33.112217,33.112217,-2.494084e-05,33.112217,0.00010103328,228,228,58,0.0004556942,0.00363486,6.12842e-06,0.20094658,0
1025,17.083334,3.2825835e-07,33.112194,33.112194,-2.4607933e-05,33.112194,0.00010098385,228,228,58,0.0004533756,0.003631841,6.039798e-06,0.20094599,0
1026,17.1,3.2583827e-07,33.112167,33.112167,-2.5273192e-05,33.112167,0.00010093716,227,227,58,0.00045094837,0.0036274034,6.004711e-06,0.20094533,0
1027,17.116667,3.235492e-07,33.11214,33.11214,-2.8099397e-05,33.11214,0.000100947735,228,228,58,0.00044860053,0.0036240453,5.9623253e-06,0.20094466,0
1028,17.133333,3.2125817e-07,33.112118,33.112118,-2.4441788e-05,33.112118,0.00010092845,228,228,58,0.00044627587,0.003618967,5.910921e-06,0.20094402,0
1029,17.15,3.1904113e-07,33.11209,33.11209,-2.5439245e-05,33.11209,0.00010092788,228,228,58,0.00044396467,0.00361588,5.8635305e-06,0.20094338,0
1030,17.166666,3.169392e-07,33.112064,33.112064,-2.7600445e-05,33.112064,0.0001009773,228,228,58,0.0004417631,0.00361136,5.8052524e-06,0.20094272,0
1031,17.183332,3.1489446e-07,33.112038,33.112038,-2.3942777e-05,33.112038,0.00010091292,228,228,58,0.00043956007,0.003607081,5.7601624e-06,0.2009421,0
1032,17.2,3.1281593e-07,33.112015,33.112015,-2.427532e-05,33.112015,0.00010086816,228,228,58,0.00043736378,0.0036028125,5.699822e-06,0.20094147,0
1033,17.216667,3.1082007e-07,33.111984,33.111984,-2.992791e-05,33.111984,0.00010091517,228,228,58,0.00043522674,0.0035995499,5.683676e-06,0.2009407,0
1034,17.233334,3.0893892e-07,33.111958,33.111958,-2.6602695e-05,33.111958,0.00010091063,228,228,58,0.00043315312,0.0035960756,5.5896007e-06,0.2009401,0
1035,17.25,3.0700397e-07,33.11193,33.11193,-2.7101512e-05,33.11193,0.000100921694,228,228,58,0.00043108338,0.003592163,5.5710407e-06,0.20093943,0
1036,17.266666,3.0533184e-07,33.111904,33.111904,-2.5604955e-05,33.111904,0.00010092739,228,228,58,0.0004291513,0.0035884301,5.527057e-06,0.20093878,0
1037,17.283333,3.0329457e-07,33.11188,33.11188,-2.5605319e-05,33.11188,0.000100918325,228,228,58,0.00042701478,0.0035840722,5.479811e-06,0.20093812,0
1038,17.3,3.0168704e-07,33.11185,33.11185,-2.9927522e-05,33.11185,0.00010092412,228,228,58,0.0004251085,0.0035815581,5.4509273e-06,0.20093738,0
1039,17.316668,2.9999825e-07,33.111824,33.111824,-2.6602502e-05,33.111824,0.00010091942,228,228,58,0.00042320852,0.0035776973,5.3551576e-06,0.20093678,0
1040,17.333334,2.9825057e-07,33.1118,33.1118,-2.3277458e-05,33.1118,0.000100861886,228,228,58,0.0004212603,0.003574704,5.350319e-06,0.20093615,0
1041,17.35,2.9630343e-07,33.11177,33.11177,-2.9262841e-05,33.11177,0.00010086555,228,228,58,0.0004192329,0.0035664893,5.2915125e-06,0.20093547,0
1042,17.366667,2.937442e-07,33.111744,33.111744,-2.6769627e-05,33.111744,0.00010087321,228,228,58,0.00041686068,0.003553097,5.2647883e-06,0.20093477,0
1043,17.383333,2.911653e-07,33.111717,33.111717,-2.7102156e-05,33.111717,0.0001008275,228,228,58,0.0004144799,0.0035396155,5.2045393e-06,0.2009341,0
1044,17.4,2.8858636e-07,33.11169,33.11169,-2.5273352e-05,33.11169,0.000100876736,228,228,58,0.00041209042,0.0035258352,5.1695565e-06,0.20093344,0
1045,17.416666,2.8606462e-07,33.111664,33.111664,-2.8432141e-05,33.111664,0.00010087691,228,228,58,0.00040972247,0.0035118728,5.114638e-06,0.20093277,0
1046,17.433332,2.8354063e-07,33.111637,33.111637,-2.477453e-05,33.111637,0.00010084935,228,228,58,0.00040735072,0.0034971903,5.0852445e-06,0.2009321,0
1047,17.45,2.8117336e-07,33.111614,33.111614,-2.5439394e-05,33.111614,0.00010090775,228,228,58,0.00040507494,0.0034832933,5.007274e-06,0.20093152,0
1048,17.466667,2.7874128e-07,33.111584,33.111584,-2.8265797e-05,33.111584,0.00010085646,228,228,58,0.00040277652,0.0034695235,5.0161443e-06,0.20093077,0
1049,17.483334,2.7650148e-07,33.11156,33.11156,-2.4441737e-05,33.11156,0.00010087115,231,231,59,0.00040057453,0.0034569104,4.9348055e-06,0.2009302,0
1050,17.5,2.7468968e-07,33.111534,33.111534,-2.543884e-05,33.111534,0.0001008533,231,231,59,0.00039861584,0.0034478751,4.9000955e-06,0.20092955,0
1051,17.516666,2.7288866e-07,33.111507,33.111507,-2.710138e-05,33.111507,0.00010086812,231,231,59,0.00039665788,0.0034400264,4.869924e-06,0.20092885,0
1052,17.533333,2.712823e-07,33.11148,33.111485,-2.5272378e-05,33.111485,0.000100842924,232,232,59,0.00039480417,0.0034337966,4.820567e-06,0.2009282,0
1053,17.55,2.697066e-07,33.111458,33.111458,-2.5937368e-05,33.111458,0.000100863705,232,232,59,0.00039297258,0.0034266254,4.7606545e-06,0.20092757,0
1054,17.566668,2.6808513e-07,33.111427,33.111427,-2.9927536e-05,33.111427,0.00010084711,232,232,59,0.00039113537,0.0034198598,4.7498056e-06,0.20092683,0
1055,17.583334,2.6637136e-07,33.1114,33.1114,-2.7101292e-05,33.1114,0.000100861944,232,232,59,0.00038925413,0.0034133915,4.6763e-06,0.20092618,0
1056,17.6,2.6487683e-07,33.11137,33.111374,-2.7599837e-05,33.111374,0.000100882426,232,232,59,0.0003875045,0.003406849,4.6204673e-06,0.20092553,0
1057,17.616667,2.6324548e-07,33.11135,33.11135,-2.2612323e-05,33.11135,0.00010086128,232,232,59,0.0003856858,0.0034002077,4.5950596e-06,0.20092493,0
1058,17.633333,2.6176667e-07,33.111324,33.111324,-2.5105996e-05,33.111324,0.00010086674,232,232,59,0.00038394844,0.0033933243,4.5722513e-06,0.20092426,0
1059,17.65,2.6026842e-07,33.1113,33.1113,-2.394223e-05,33.1113,0.00010091788,232,232,59,0.00038222462,0.0033862991,4.5069164e-06,0.20092367,0
1060,17.666666,2.5885853e-07,33.111275,33.111275,-2.5770947e-05,33.111275,0.0001009109,232,232,59,0.000380549,0.0033808816,4.4908534e-06,0.200923,0
1061,17.683332,2.5752388e-07,33.111248,33.111248,-2.7599677e-05,33.111248,0.00010088472,232,232,59,0.0003789254,0.0033742469,4.428202e-06,0.20092234,0
1062,17.7,2.5613605e-07,33.11122,33.11122,-2.7100967e-05,33.11122,0.00010098737,232,232,59,0.0003772781,0.0033679025,4.4047556e-06,0.20092164,0
1063,17.716667,2.5466036e-07,33.11119,33.11119,-2.892986e-05,33.11119,0.00010094438,232,232,59,0.0003755848,0.003362447,4.3602695e-06,0.20092098,0
1064,17.733334,2.5333782e-07,33.111168,33.111168,-2.477333e-05,33.111168,0.00010091888,232,232,59,0.00037402188,0.0033552523,4.3275986e-06,0.20092034,0
1065,17.75,2.5212216e-07,33.11114,33.11114,-2.5770752e-05,33.11114,0.000100931145,232,232,59,0.00037251684,0.0033490837,4.277449e-06,0.2009197,0
1066,17.766666,2.508063e-07,33.111115,33.111115,-2.7433403e-05,33.111115,0.00010091763,232,232,59,0.00037095306,0.0033425724,4.269464e-06,0.200919,0
1067,17.783333,2.4952763e-07,33.111088,33.11109,-2.327699e-05,33.11109,0.000100931415,232,232,59,0.00036942007,0.0033369246,4.192681e-06,0.2009184,0
1068,17.8,2.4826812e-07,33.11106,33.11106,-2.9760919e-05,33.11106,0.0001009045,232,232,59,0.0003679099,0.0033322135,4.2000934e-06,0.20091765,0
1069,17.816668,2.4701043e-07,33.111034,33.111034,-2.460701e-05,33.111034,0.000100934754,232,232,59,0.0003663947,0.0033266414,4.1228345e-06,0.20091708,0
1070,17.833334,2.4590943e-07,33.111008,33.111008,-2.8929486e-05,33.111008,0.00010097085,232,232,59,0.00036501206,0.0033200234,4.1273097e-06,0.20091633,0
1071,17.85,2.4487125e-07,33.11098,33.11098,-2.427428e-05,33.11098,0.00010098416,232,232,59,0.00036363184,0.0033153833,4.08769e-06,0.20091565,0
1072,17.866667,2.4363703e-07,33.110954,33.110954,-2.9095874e-05,33.110954,0.00010096897,232,232,59,0.00036219065,0.0033087593,4.049069e-06,0.20091501,0
1073,17.883333,2.426056e-07,33.110928,33.110928,-2.4108018e-05,33.110928,0.000101057536,232,232,59,0.00036084672,0.0033033027,4.014693e-06,0.20091437,0
1074,17.9,2.4147116e-07,33.110905,33.110905,-2.4939396e-05,33.110905,0.00010102915,232,232,59,0.00035946225,0.0032982253,3.9625947e-06,0.20091377,0
1075,17.916666,2.405375e-07,33.110874,33.110874,-2.8763063e-05,33.110874,0.00010109298,232,232,59,0.0003582103,0.0032928407,3.9690644e-06,0.20091301,0
1076,17.933332,2.394329e-07,33.11085,33.11085,-2.311056e-05,33.11085,0.000100987,232,232,59,0.00035686558,0.0032869785,3.891073e-06,0.20091243,0
1077,17.95,2.384575e-07,33.11082,33.11082,-3.1423187e-05,33.11082,0.0001009699,229,229,58,0.00035558903,0.0032821496,3.905019e-06,0.2009117,0
1078,17.966667,2.3735934e-07,33.110798,33.110798,-2.261179e-05,33.110798,0.000101102094,229,229,58,0.00035424216,0.0032767602,3.854491e-06,0.20091107,0
1079,17.983334,2.3643831e-07,33.11077,33.11077,-2.71005e-05,33.11077,0.00010099976,229,229,58,0.00035303604,0.0032705953,3.819983e-06,0.20091043,0
1080,18,2.3550358e-07,33.110744,33.110744,-2.5936728e-05,33.110744,0.00010107128,229,229,58,0.0003518165,0.003265596,3.8074368e-06,0.20090978,0
1081,18.016666,2.3453521e-07,33.110725,33.110725,-1.9951578e-05,33.110725,0.00010109154,229,229,58,0.00035058614,0.0032606006,3.741633e-06,0.20090921,0
1082,18.033333,2.3369294e-07,33.110695,33.110695,-3.0259267e-05,33.110695,0.000101060104,229,229,58,0.00034942993,0.0032556306,3.7619066e-06,0.20090847,0
1083,18.05,2.3266746e-07,33.11067,33.11067,-2.6103073e-05,33.11067,0.00010110183,229,229,58,0.0003481761,0.0032505132,3.710596e-06,0.2009078,0
1084,18.066668,2.3172555e-07,33.11064,33.11064,-2.776554e-05,33.11064,0.00010109268,229,229,58,0.00034697054,0.003245599,3.6797092e-06,0.20090713,0
1085,18.083334,2.309711e-07,33.11061,33.11061,-2.9760415e-05,33.11061,0.00010114138,229,229,58,0.00034589737,0.0032406682,3.6536414e-06,0.20090646,0
1086,18.1,2.3007597e-07,33.110584,33.110584,-2.6767962e-05,33.110584,0.00010105765,229,229,58,0.00034475405,0.0032358302,3.6501938e-06,0.20090573,0
1087,18.116667,2.29275e-07,33.110558,33.110558,-2.5437828e-05,33.110558,0.00010106149,229,229,58,0.00034367037,0.0032312272,3.5968208e-06,0.20090508,0
1088,18.133333,2.2850368e-07,33.110535,33.110535,-2.5604053e-05,33.110535,0.00010112391,229,229,58,0.00034261297,0.0032262977,3.5408268e-06,0.20090449,0
1089,18.15,2.276981e-07,33.110508,33.110508,-2.6435364e-05,33.110508,0.00010113017,229,229,58,0.00034153735,0.003220986,3.5513094e-06,0.20090382,0
1090,18.166666,2.269858e-07,33.11048,33.11048,-2.4606465e-05,33.11048,0.0001011233,229,229,58,0.00034053272,0.0032164296,3.5055443e-06,0.20090316,0
1091,18.183332,2.261624e-07,33.11045,33.11045,-3.0092993e-05,33.11045,0.00010105566,229,229,58,0.00033945384,0.0032118433,3.5263204e-06,0.2009024,0
1092,18.2,2.2539076e-07,33.110428,33.110428,-2.5936564e-05,33.110428,0.000101170306,229,229,58,0.0003384122,0.0032076787,3.4350319e-06,0.20090178,0
1093,18.216667,2.2458363e-07,33.110397,33.110397,-2.726664e-05,33.110397,0.00010114611,229,229,58,0.00033736366,0.003203015,3.4392283e-06,0.20090112,0
1094,18.233334,2.2384796e-07,33.110374,33.110374,-2.3775212e-05,33.110374,0.00010122044,229,229,58,0.00033636528,0.0031980036,3.428012e-06,0.20090045,0
1095,18.25,2.2317005e-07,33.110348,33.110348,-2.8097787e-05,33.110348,0.00010115364,229,229,58,0.0003354254,0.0031932325,3.3700396e-06,0.20089978,0
1096,18.266666,2.2258911e-07,33.11032,33.11032,-2.5271353e-05,33.11032,0.0001011471,229,229,58,0.0003345372,0.0031894026,3.3705298e-06,0.20089912,0
1097,18.283333,2.2185027e-07,33.1103,33.1103,-2.427398e-05,33.1103,0.00010112727,229,229,58,0.0003335817,0.0031839872,3.315839e-06,0.20089853,0
1098,18.3,2.2115304e-07,33.11027,33.11027,-2.5437725e-05,33.11027,0.00010126127,229,229,58,0.00033260844,0.0031805364,3.3168394e-06,0.20089786,0
1099,18.316668,2.2058664e-07,33.110245,33.110245,-2.793142e-05,33.110245,0.0001012133,229,229,58,0.00033176245,0.003176603,3.285109e-06,0.20089717,0
1100,18.333334,2.1980388e-07,33.110214,33.110214,-2.8596656e-05,33.110214,0.00010115003,229,229,58,0.0003307881,0.0031718975,3.244287e-06,0.20089652,0
1101,18.35,2.1928103e-07,33.110188,33.110188,-2.71001e-05,33.110188,0.000101231926,229,229,58,0.00032998167,0.0031680474,3.261431e-06,0.20089579,0
1102,18.366667,2.1862888e-07,33.110165,33.110165,-2.3941384e-05,33.110165,0.00010123554,229,229,58,0.00032907803,0.003163907,3.18979e-06,0.20089519,0
1103,18.383333,2.1804155e-07,33.110138,33.110138,-2.527136e-05,33.110138,0.0001011997,229,229,58,0.0003282455,0.0031589936,3.1871957e-06,0.20089453,0
1104,18.4,2.1742471e-07,33.110107,33.110107,-3.275287e-05,33.110107,0.000101206984,229,229,58,0.0003273704,0.0031560354,3.173933e-06,0.20089377,0
1105,18.416666,2.1685089e-07,33.110085,33.110085,-2.3276285e-05,33.110085,0.000101217964,229,229,58,0.00032655022,0.003151238,3.13848e-06,0.20089315,0
1106,18.433332,2.16336e-07,33.110054,33.110054,-2.7598859e-05,33.110054,0.000101301295,229,229,58,0.00032634722,0.0030818684,3.0974468e-06,0.20089246,0
1107,18.45,2.1465598e-07,33.11003,33.11003,-2.2944881e-05,33.11003,0.00010127149,228,228,58,0.00032318817,0.0030964992,3.0354063e-06,0.20089187,0
1108,18.466667,2.254004e-07,33.109997,33.109997,-3.6897884e-05,33.109997,0.000101268604,228,228,58,0.00033028645,0.0028692698,2.9597463e-06,0.20089097,0
1109,18.483334,2.2479705e-07,33.109962,33.109962,-3.2087835e-05,33.109962,0.00010125609,228,228,58,0.00032874016,0.0028591468,2.849062e-06,0.20089018,0
1110,18.5,2.2415735e-07,33.10994,33.10994,-2.5770178e-05,33.10994,0.000101298116,228,228,58,0.00032751067,0.0028528378,2.7644971e-06,0.20088951,0
1111,18.516666,2.2359207e-07,33.10991,33.10991,-2.9261459e-05,33.10991,0.00010130389,228,228,58,0.00032653662,0.0028469756,2.7535937e-06,0.20088877,0
1112,18.533333,2.2295856e-07,33.109882,33.109882,-2.6601447e-05,33.109882,0.000101296304,228,228,58,0.00032564238,0.0028435588,2.710679e-06,0.20088808,0
1113,18.55,2.2237887e-07,33.10985,33.109856,-2.8430199e-05,33.109856,0.000101350866,228,228,58,0.00032485812,0.0028404088,2.6907398e-06,0.20088735,0
1114,18.566668,2.2187001e-07,33.109825,33.109825,-2.7100086e-05,33.109825,0.000101273465,228,228,58,0.0003241737,0.002836775,2.669548e-06,0.20088665,0
1115,18.583334,2.2120271e-07,33.109795,33.109795,-3.2254153e-05,33.109795,0.00010128437,228,228,58,0.0003233855,0.0028337878,2.7019137e-06,0.20088582,0
1116,18.6,2.208929e-07,33.109764,33.109764,-2.9593713e-05,33.109764,0.00010140115,228,228,58,0.00032287676,0.002830539,2.6333823e-06,0.20088507,0
1117,18.616667,2.2034145e-07,33.109737,33.109737,-2.643511e-05,33.109737,0.00010133826,228,228,58,0.00032219177,0.0028281559,2.590084e-06,0.2008844,0
1118,18.633333,2.2000194e-07,33.109707,33.109707,-3.0425019e-05,33.109707,0.000101368605,228,228,58,0.00032164404,0.0028265703,2.6241453e-06,0.20088361,0
1119,18.65,2.1957351e-07,33.109684,33.109684,-2.4772435e-05,33.109684,0.000101313155,228,228,58,0.00032106508,0.002823148,2.5444954e-06,0.20088297,0
1120,18.666666,2.1908507e-07,33.109657,33.109657,-2.6767557e-05,33.109657,0.00010137931,228,228,58,0.00032045096,0.0028197358,2.5559582e-06,0.20088227,0
1121,18.683332,2.1876212e-07,33.109627,33.109627,-2.9759982e-05,33.109627,0.00010141009,228,228,58,0.00031994507,0.0028172084,2.5202853e-06,0.20088157,0
1122,18.7,2.1838648e-07,33.1096,33.1096,-2.7598719e-05,33.1096,0.000101336394,228,228,58,0.0003193975,0.0028151022,2.5537615e-06,0.2008808,0
1123,18.716667,2.1793579e-07,33.109566,33.10957,-3.142266e-05,33.10957,0.00010136989,228,228,58,0.00031881398,0.002812291,2.5238837e-06,0.20088,0
1124,18.733334,2.1757089e-07,33.10954,33.109543,-2.6767433e-05,33.109543,0.00010134796,228,228,58,0.00031829273,0.0028097483,2.4492565e-06,0.20087937,0
1125,18.75,2.1717088e-07,33.10951,33.10951,-3.075759e-05,33.10951,0.00010138015,228,228,58,0.00031775993,0.002807156,2.5030902e-06,0.20087858,0
1126,18.766666,2.1679904e-07,33.109486,33.109486,-2.3276083e-05,33.109486,0.000101337806,228,228,58,0.0003172334,0.0028049839,2.4337373e-06,0.20087795,0
1127,18.783333,2.1655833e-07,33.10946,33.10946,-2.8263605e-05,33.10946,0.00010132725,228,228,58,0.000316813,0.0028024616,2.435042e-06,0.20087723,0
1128,18.8,2.161404e-07,33.10943,33.10943,-3.0092588e-05,33.10943,0.00010134413,228,228,58,0.00031625686,0.002800116,2.450853e-06,0.20087644,0
1129,18.816668,2.1576847e-07,33.109398,33.109398,-3.175509e-05,33.109398,0.00010134051,228,228,58,0.00031574856,0.0027975969,2.4420685e-06,0.20087565,0
1130,18.833334,2.1543069e-07,33.109375,33.109375,-2.2444774e-05,33.109375,0.0001013281,228,228,58,0.0003152816,0.0027945836,2.360391e-06,0.20087504,0
1131,18.85,2.1602466e-07,33.109352,33.109352,-2.0781292e-05,33.109352,0.0001012866,228,228,58,0.0003161716,0.0027609523,2.3489472e-06,0.20087446,0
1132,18.866667,2.2132274e-07,33.109314,33.109314,-3.790086e-05,33.109314,0.00010132687,228,228,58,0.00032008166,0.0027084092,2.403947e-06,0.20087354,0
1133,18.883333,2.2063641e-07,33.109287,33.109287,-2.6767755e-05,33.109287,0.00010136403,228,228,58,0.00031934035,0.0027012662,2.298941e-06,0.20087287,0
1134,18.9,2.2028476e-07,33.10926,33.10926,-2.9261246e-05,33.10926,0.00010138341,228,228,58,0.00031867882,0.0027252324,2.3241605e-06,0.20087212,0
1135,18.916666,2.1998218e-07,33.109234,33.109234,-2.576984e-05,33.109234,0.000101350684,228,228,58,0.0003183785,0.0027237597,2.2967815e-06,0.20087142,0
1136,18.933332,2.1964846e-07,33.1092,33.1092,-3.2752585e-05,33.1092,0.00010134663,228,228,58,0.00031799905,0.0027222608,2.313332e-06,0.20087063,0
1137,18.95,2.1947066e-07,33.109173,33.109173,-2.6434736e-05,33.109173,0.00010138915,228,228,58,0.0003176881,0.0027211527,2.2864278e-06,0.2008699,0
1138,18.966667,2.1922855e-07,33.109146,33.109146,-2.809735e-05,33.109146,0.00010140442,228,228,58,0.00031733105,0.0027184987,2.258536e-06,0.2008692,0
1139,18.983334,2.1887338e-07,33.10912,33.10912,-2.7931208e-05,33.10912,0.0001013907,228,228,58,0.00031687552,0.002716661,2.2684515e-06,0.20086846,0
1140,19,2.1864854e-07,33.109093,33.109093,-2.6601037e-05,33.109093,0.00010134298,228,228,58,0.00031652942,0.0027138528,2.2353568e-06,0.20086777,0
1141,19.016666,2.1835528e-07,33.109062,33.109062,-2.8928678e-05,33.109062,0.00010133923,228,228,58,0.00031612435,0.0027116102,2.2609968e-06,0.20086697,0
1142,19.033333,2.179873e-07,33.109035,33.109035,-2.8928753e-05,33.109035,0.000101366226,228,228,58,0.0003156631,0.0027095438,2.2031168e-06,0.20086628,0
1143,19.05,2.1781293e-07,33.109005,33.109005,-2.9427323e-05,33.109005,0.00010134219,228,228,58,0.0003153355,0.0027083259,2.234729e-06,0.20086549,0
1144,19.066668,2.1754069e-07,33.10898,33.10898,-2.7266105e-05,33.10898,0.00010138651,228,228,58,0.00031494853,0.0027060152,2.17308e-06,0.2008648,0
1145,19.083334,2.1732849e-07,33.108948,33.108948,-3.0923657e-05,33.108948,0.00010142259,229,229,58,0.00031462417,0.0027030294,2.1973708e-06,0.20086403,0
1146,19.1,2.171444e-07,33.108917,33.108917,-2.7598528e-05,33.108917,0.000101410296,229,229,58,0.0003142991,0.0027023628,2.1546637e-06,0.20086335,0
1147,19.116667,2.1678312e-07,33.108894,33.108894,-2.6268664e-05,33.108894,0.00010139144,229,229,58,0.00031387413,0.0026996026,2.1311023e-06,0.20086266,0
1148,19.133333,2.1653058e-07,33.108864,33.108864,-2.9094892e-05,33.108864,0.000101433805,229,229,58,0.0003135239,0.002698103,2.1731169e-06,0.20086187,0
1149,19.15,2.1629047e-07,33.108837,33.108837,-2.7432328e-05,33.108837,0.00010137768,229,229,58,0.00031318312,0.0026960687,2.129849e-06,0.20086114,0
1150,19.166666,2.1598808e-07,33.108807,33.10881,-2.7598646e-05,33.10881,0.00010137418,229,229,58,0.0003127985,0.0026935833,2.0973414e-06,0.20086046,0
1151,19.183332,2.1574512e-07,33.108776,33.108776,-3.1256197e-05,33.108776,0.00010132996,229,229,58,0.00031245142,0.002692443,2.128735e-06,0.20085968,0
1152,19.2,2.1556214e-07,33.108753,33.108753,-2.5769721e-05,33.108753,0.00010132398,229,229,58,0.00031215433,0.0026903457,2.0763894e-06,0.20085898,0
1153,19.216667,2.1534548e-07,33.108723,33.108723,-2.9261111e-05,33.108723,0.000101365345,229,229,58,0.00031183523,0.0026887977,2.0741284e-06,0.20085827,0
1154,19.233334,2.1518927e-07,33.108696,33.108696,-2.5769694e-05,33.108696,0.00010143802,229,229,58,0.0003115723,0.0026865294,2.0495736e-06,0.2008576,0
1155,19.25,2.1491077e-07,33.108665,33.108665,-2.9427429e-05,33.108665,0.00010127846,229,229,58,0.00031121727,0.0026842903,2.1062067e-06,0.20085678,0
1156,19.266666,2.1471762e-07,33.10864,33.10864,-2.7432281e-05,33.10864,0.000101315694,229,229,58,0.0003109261,0.0026831003,2.0309062e-06,0.20085607,0
1157,19.283333,2.1450285e-07,33.108612,33.108612,-2.8596089e-05,33.108612,0.000101349746,229,229,58,0.00031062926,0.002680981,2.0354628e-06,0.20085533,0
1158,19.3,2.1433068e-07,33.10858,33.108585,-2.7432261e-05,33.108585,0.00010141,229,229,58,0.00031034622,0.0026793398,2.0111836e-06,0.20085463,0
1159,19.316668,2.1410057e-07,33.10855,33.10855,-3.3750013e-05,33.10855,0.000101438185,229,229,58,0.00031002212,0.0026774658,2.0365592e-06,0.20085384,0
1160,19.333334,2.1390083e-07,33.10852,33.10852,-2.8097309e-05,33.10852,0.00010137585,229,229,58,0.0003097279,0.002676539,1.9979832e-06,0.20085311,0
1161,19.35,2.1370425e-07,33.108494,33.108494,-2.793105e-05,33.108494,0.000101355836,229,229,58,0.00030947017,0.0026735798,1.9816237e-06,0.2008524,0
1162,19.366667,2.1348617e-07,33.10847,33.10847,-2.460597e-05,33.10847,0.000101324404,228,228,58,0.0003091718,0.0026720476,1.9460576e-06,0.20085174,0
1163,19.383333,2.1339062e-07,33.10844,33.10844,-3.0092266e-05,33.10844,0.00010134636,228,228,58,0.00030896373,0.0026699938,1.9887118e-06,0.20085098,0
1164,19.4,2.1323287e-07,33.10841,33.10841,-2.9094797e-05,33.10841,0.00010138743,228,228,58,0.00030872496,0.0026686064,1.9835993e-06,0.20085019,0
1165,19.416666,2.12964e-07,33.108387,33.108387,-2.460602e-05,33.108387,0.000101381636,228,228,58,0.00030839597,0.0026672496,1.9290342e-06,0.20084953,0
1166,19.433332,2.12801e-07,33.108356,33.108356,-3.0424842e-05,33.108356,0.000101367485,228,228,58,0.00030815444,0.0026657959,1.9565578e-06,0.20084877,0
1167,19.45,2.1259352e-07,33.108322,33.108322,-3.1422416e-05,33.108322,0.00010140866,228,228,58,0.00030787496,0.0026642294,1.9385018e-06,0.20084801,0
1168,19.466667,2.124459e-07,33.108295,33.108295,-2.9261042e-05,33.108295,0.00010135436,228,228,58,0.000307647,0.0026623886,1.924903e-06,0.20084727,0
1169,19.483334,2.1221835e-07,33.108265,33.108265,-2.8263592e-05,33.108265,0.00010143209,228,228,58,0.0003073609,0.0026608165,1.9407596e-06,0.2008465,0
1170,19.5,2.1200024e-07,33.108242,33.108242,-2.427346e-05,33.108242,0.000101398444,228,228,58,0.00030706733,0.002659872,1.8787754e-06,0.20084584,0
1171,19.516666,2.1198103e-07,33.10821,33.10821,-2.9925934e-05,33.10821,0.00010136122,228,228,58,0.00030695854,0.002657752,1.8777627e-06,0.20084512,0
1172,19.533333,2.1178738e-07,33.10818,33.10818,-3.0258618e-05,33.10818,0.000101370395,228,228,58,0.00030670167,0.0026558917,1.8969042e-06,0.20084438,0
1173,19.55,2.1163136e-07,33.10815,33.10815,-2.9759816e-05,33.10815,0.00010136105,225,225,57,0.00030645938,0.0026543972,1.9193785e-06,0.20084356,0
1174,19.566668,2.1154241e-07,33.108124,33.108124,-2.8595963e-05,33.108124,0.000101408594,225,225,57,0.0003062834,0.002653052,1.8491729e-06,0.20084287,0
1175,19.583334,2.1127347e-07,33.108093,33.108093,-2.9593673e-05,33.108093,0.00010134576,225,225,57,0.00030596147,0.002651729,1.8841793e-06,0.2008421,0
1176,19.6,2.1107392e-07,33.108067,33.108067,-2.7931053e-05,33.108067,0.00010137791,225,225,57,0.000305723,0.0026491685,1.8535054e-06,0.20084138,0
1177,19.616667,2.1109886e-07,33.108036,33.10804,-2.7764574e-05,33.10804,0.00010142669,225,225,57,0.0003056408,0.0026478136,1.8252214e-06,0.20084068,0
1178,19.633333,2.1078016e-07,33.108013,33.108013,-2.3774795e-05,33.108013,0.00010140345,225,225,57,0.00030531266,0.0026456339,1.82264e-06,0.20084001,0
1179,19.65,2.105212e-07,33.107986,33.107986,-2.9261153e-05,33.107986,0.000101371785,225,225,57,0.00030500581,0.0026447566,1.8185812e-06,0.2008393,0
1180,19.666666,2.1058881e-07,33.107952,33.107952,-3.1089632e-05,33.107952,0.00010133547,225,225,57,0.00030497872,0.0026426872,1.8534713e-06,0.2008385,0
1181,19.683332,2.1030746e-07,33.10792,33.10792,-3.0923726e-05,33.10792,0.000101347796,225,225,57,0.0003046637,0.0026417458,1.8408783e-06,0.2008377,0
1182,19.7,2.1032619e-07,33.107895,33.107895,-2.7598324e-05,33.107895,0.00010133798,225,225,57,0.00030456603,0.0026414436,1.8187123e-06,0.20083696,0
1183,19.716667,2.1006204e-07,33.107864,33.107864,-2.9261158e-05,33.107864,0.000101362806,225,225,57,0.00030427353,0.0026395621,1.79376e-06,0.20083624,0
1184,19.733334,2.1002991e-07,33.107838,33.107838,-2.8928416e-05,33.107838,0.000101392856,225,225,57,0.0003041655,0.0026379263,1.8219529e-06,0.20083544,0
1185,19.75,2.1004473e-07,33.10781,33.10781,-2.7432074e-05,33.10781,0.000101358746,225,225,57,0.00030407184,0.0026368077,1.734873e-06,0.20083483,0
1186,19.766666,2.0974187e-07,33.10778,33.10778,-2.8596176e-05,33.10778,0.000101401405,225,225,57,0.00030374966,0.0026347814,1.7964916e-06,0.20083405,0
1187,19.783333,2.0959367e-07,33.107754,33.107754,-2.693347e-05,33.107754,0.000101333455,221,221,56,0.00030353453,0.0026342517,1.7812238e-06,0.2008333,0
1188,19.8,2.0958925e-07,33.107723,33.107723,-3.1754724e-05,33.107723,0.00010132376,221,221,56,0.0003034555,0.002632165,1.7728314e-06,0.20083255,0
1189,19.816668,2.0931995e-07,33.107693,33.107693,-3.042495e-05,33.107693,0.00010136184,221,221,56,0.00030316607,0.0026305234,1.7841552e-06,0.20083173,0
1190,19.833334,2.0919322e-07,33.107666,33.107666,-2.626843e-05,33.107666,0.000101368016,221,221,56,0.00030298633,0.0026289055,1.7228278e-06,0.20083107,0
1191,19.85,2.0910102e-07,33.10764,33.10764,-2.643465e-05,33.10764,0.00010139706,221,221,56,0.00030283505,0.0026279956,1.74715e-06,0.20083034,0
1192,19.866667,2.0893465e-07,33.10761,33.10761,-3.0757357e-05,33.10761,0.0001013431,221,221,56,0.00030263164,0.0026272645,1.7644608e-06,0.20082952,0
1193,19.883333,2.088629e-07,33.107582,33.107582,-2.6600885e-05,33.107582,0.000101424615,221,221,56,0.00030250117,0.0026254219,1.7052367e-06,0.20082887,0
1194,19.9,2.0871009e-07,33.107548,33.107548,-3.291866e-05,33.107548,0.00010134246,221,221,56,0.0003023061,0.0026242323,1.7691968e-06,0.20082803,0
1195,19.916666,2.0860475e-07,33.10752,33.10752,-2.759845e-05,33.10752,0.00010131238,221,221,56,0.00030215716,0.0026230523,1.7039745e-06,0.20082738,0
1196,19.933332,2.0854063e-07,33.107494,33.107494,-2.8429682e-05,33.107494,0.00010141403,221,221,56,0.00030202136,0.0026219646,1.7262411e-06,0.20082662,0
1197,19.95,2.0836826e-07,33.107464,33.107464,-2.9261066e-05,33.107464,0.00010135572,221,221,56,0.00030181903,0.0026205746,1.7200435e-06,0.20082584,0
1198,19.966667,2.0817698e-07,33.10743,33.10743,-3.241993e-05,33.10743,0.00010134456,221,221,56,0.00030160244,0.0026193624,1.7262013e-06,0.20082505,0
1199,19.983334,2.0819094e-07,33.107407,33.107407,-2.5769523e-05,33.107407,0.0001013665,221,221,56,0.00030153806,0.002618101,1.6996983e-06,0.20082438,0
1200,20,2.0798612e-07,33.10738,33.10738,-2.6933529e-05,33.10738,0.00010132407,221,221,56,0.00030130486,0.0026170935,1.6973252e-06,0.2008237,0
1201,20.016666,2.0794698e-07,33.10735,33.10735,-2.9925954e-05,33.10735,0.000101341044,221,221,56,0.00030121897,0.0026145305,1.7152668e-06,0.20082289,0
1202,20.033333,2.0772407e-07,33.10732,33.10732,-3.0591156e-05,33.10732,0.000101346195,221,221,56,0.000300971,0.0026137873,1.7136493e-06,0.20082211,0
1203,20.05,2.0778168e-07,33.10729,33.10729,-2.809705e-05,33.10729,0.00010136868,221,221,56,0.00030094694,0.002612873,1.7082915e-06,0.20082141,0
1204,20.066668,2.0759796e-07,33.107258,33.107258,-3.125614e-05,33.107258,0.00010134307,219,219,55,0.00030073055,0.0026120634,1.7143121e-06,0.20082061,0
1205,20.083334,2.0752971e-07,33.10723,33.10723,-2.8595941e-05,33.10723,0.000101342004,219,219,55,0.0003006223,0.0026096997,1.7226065e-06,0.20081992,0
1206,20.1,2.0735708e-07,33.1072,33.1072,-2.8762302e-05,33.1072,0.00010133483,219,219,55,0.00030041754,0.0026093726,1.7039e-06,0.20081913,0
1207,20.116667,2.0731423e-07,33.10717,33.10717,-2.9759702e-05,33.10717,0.000101403675,219,219,55,0.00030032988,0.002607658,1.7196961e-06,0.20081837,0
1208,20.133333,2.0725412e-07,33.107143,33.107143,-2.7265893e-05,33.107143,0.000101308964,219,219,55,0.00030023372,0.0026060222,1.713255e-06,0.20081766,0
1209,20.15,2.070083e-07,33.107113,33.107113,-3.025867e-05,33.107113,0.000101371836,219,219,55,0.00029997915,0.0026051356,1.706449e-06,0.20081688,0
1210,20.166666,2.0708801e-07,33.107082,33.107082,-3.0258345e-05,33.107082,0.000101325866,219,219,55,0.00029998086,0.002604468,1.7174523e-06,0.20081608,0
1211,20.183332,2.0698795e-07,33.107056,33.107056,-2.6767168e-05,33.107056,0.00010142066,219,219,55,0.0002998475,0.0026038976,1.7013722e-06,0.20081544,0
1212,20.2,2.0686291e-07,33.10703,33.10703,-2.8928509e-05,33.10703,0.00010139387,219,219,55,0.0002997082,0.0026018445,1.7076632e-06,0.20081466,0
1213,20.216667,2.0672759e-07,33.106995,33.106995,-3.1754855e-05,33.106995,0.00010142996,219,219,55,0.00029953464,0.002601226,1.7288656e-06,0.20081387,0
1214,20.233334,2.066023e-07,33.106964,33.106964,-3.1089825e-05,33.106964,0.000101421145,219,219,55,0.00029938144,0.0025999523,1.7291421e-06,0.20081308,0
1215,20.25,2.0646858e-07,33.106934,33.106934,-3.0757325e-05,33.106934,0.00010140718,219,219,55,0.0002992283,0.0025983287,1.7220977e-06,0.2008123,0
1216,20.266666,2.0641798e-07,33.10691,33.10691,-2.4439547e-05,33.10691,0.0001013989,219,219,55,0.00029913147,0.0025970729,1.6985688e-06,0.20081168,0
1217,20.283333,2.0635316e-07,33.10688,33.10688,-3.092351e-05,33.10688,0.00010137797,219,219,55,0.0002990295,0.0025967746,1.7243042e-06,0.20081088,0
1218,20.3,2.0627827e-07,33.106846,33.106846,-3.1754797e-05,33.106846,0.00010137062,219,219,55,0.00029892445,0.0025950884,1.7343408e-06,0.20081009,0
1219,20.316668,2.0615727e-07,33.106823,33.106823,-2.5104639e-05,33.106823,0.00010133845,219,219,55,0.0002987774,0.0025939152,1.6929653e-06,0.20080936,0
1220,20.333334,2.0607851e-07,33.106792,33.106792,-2.9759738e-05,33.106792,0.00010138578,219,219,55,0.00029866808,0.0025923315,1.7233284e-06,0.2008086,0
1221,20.35,2.0593437e-07,33.10676,33.10676,-3.5246223e-05,33.10676,0.00010129783,219,219,55,0.00029849345,0.0025920942,1.7564469e-06,0.20080777,0
1222,20.366667,2.0580187e-07,33.10673,33.10673,-2.410712e-05,33.10673,0.00010140493,219,219,55,0.0002983417,0.002590838,1.6925894e-06,0.20080703,0
1223,20.383333,2.0570576e-07,33.106705,33.106705,-3.0092266e-05,33.106705,0.000101347614,219,219,55,0.00029823623,0.0025894286,1.7240422e-06,0.20080628,0
1224,20.4,2.0574252e-07,33.106674,33.106678,-2.6933287e-05,33.106678,0.000101417994,219,219,55,0.0002982198,0.002589004,1.7078903e-06,0.20080559,0
1225,20.416666,2.0567059e-07,33.106644,33.106644,-3.2253556e-05,33.106644,0.00010135286,219,219,55,0.00029813498,0.0025877398,1.7471596e-06,0.20080478,0
1226,20.433332,2.0548158e-07,33.106613,33.106613,-3.2253676e-05,33.106613,0.000101307116,219,219,55,0.0002979428,0.0025863582,1.7351276e-06,0.20080401,0
1227,20.45,2.0546989e-07,33.106586,33.106586,-2.6933334e-05,33.106586,0.00010137921,220,220,55,0.00029786924,0.0025866327,1.7053682e-06,0.2008032,0
1228,20.466667,2.0532859e-07,33.106552,33.106552,-3.1089843e-05,33.106552,0.00010134511,219,219,55,0.00029773038,0.002584538,1.7384228e-06,0.2008025,0
1229,20.483334,2.0533142e-07,33.106525,33.106525,-2.9094635e-05,33.106525,0.0001014025,219,219,55,0.00029768317,0.0025840926,1.7175755e-06,0.20080172,0
1230,20.5,2.0522405e-07,33.106495,33.106495,-2.9427256e-05,33.106495,0.000101350626,219,219,55,0.00029756248,0.0025828925,1.7172246e-06,0.20080096,0
1231,20.516666,2.052006e-07,33.10647,33.10647,-2.8595898e-05,33.10647,0.000101377744,219,219,55,0.00029750325,0.0025823782,1.7183247e-06,0.20080024,0
1232,20.533333,2.052096e-07,33.106438,33.106438,-2.876212e-05,33.106438,0.000101327445,219,219,55,0.00029748006,0.0025809114,1.7299101e-06,0.20079945,0
1233,20.55,2.0487455e-07,33.106407,33.106407,-2.926123e-05,33.106407,0.00010136539,219,219,55,0.00029717016,0.002579753,1.7162781e-06,0.2007987,0
1234,20.566668,2.0495534e-07,33.106377,33.106377,-3.1920896e-05,33.106377,0.00010136495,219,219,55,0.00029718046,0.002579834,1.7373192e-06,0.2007979,0
1235,20.583334,2.0483333e-07,33.10635,33.10635,-2.6933445e-05,33.10635,0.00010140209,219,219,55,0.00029705834,0.0025783624,1.7281938e-06,0.20079722,0
1236,20.6,2.0484137e-07,33.10632,33.10632,-3.0590927e-05,33.10632,0.00010133994,219,219,55,0.00029702403,0.0025777454,1.7306784e-06,0.20079641,0
1237,20.616667,2.0469622e-07,33.10629,33.10629,-3.12561e-05,33.10629,0.00010139619,219,219,55,0.00029689306,0.002575582,1.7277654e-06,0.2007956,0
1238,20.633333,2.0460975e-07,33.10626,33.10626,-2.8097194e-05,33.10626,0.0001014268,219,219,55,0.0002967716,0.0025759833,1.7217947e-06,0.2007949,0
1239,20.65,2.0458413e-07,33.106228,33.106228,-3.1255982e-05,33.106228,0.00010141655,219,219,55,0.00029672394,0.0025738385,1.7426652e-06,0.2007941,0
1240,20.666666,2.0448884e-07,33.106197,33.106197,-2.926099e-05,33.106197,0.000101415404,219,219,55,0.00029660083,0.002574679,1.7339113e-06,0.20079333,0
1241,20.683332,2.0442266e-07,33.10617,33.10617,-2.7764665e-05,33.10617,0.00010132811,219,219,55,0.00029653136,0.002572119,1.7268923e-06,0.2007926,0
1242,20.7,2.0429681e-07,33.10614,33.10614,-3.0092295e-05,33.10614,0.00010134103,219,219,55,0.00029640197,0.0025721279,1.721929e-06,0.20079184,0
1243,20.716667,2.0425401e-07,33.106113,33.106113,-2.9427192e-05,33.106113,0.00010137556,219,219,55,0.00029632624,0.0025715756,1.7208123e-06,0.20079105,0
1244,20.733334,2.0422438e-07,33.10608,33.10608,-3.241977e-05,33.10608,0.00010138862,220,220,55,0.00029627938,0.002569842,1.754634e-06,0.20079026,0
1245,20.75,2.041722e-07,33.10605,33.10605,-3.1422263e-05,33.10605,0.00010137707,220,220,55,0.0002961977,0.0025699388,1.745194e-06,0.20078947,0
1246,20.766666,2.041595e-07,33.106018,33.106018,-3.1089712e-05,33.106018,0.000101399906,220,220,55,0.00029617015,0.0025677767,1.73433e-06,0.20078868,0
1247,20.783333,2.0395322e-07,33.10599,33.10599,-2.5769743e-05,33.10599,0.000101319114,220,220,55,0.0002959618,0.00256788,1.7196775e-06,0.20078798,0
1248,20.8,2.0396264e-07,33.105965,33.105965,-2.7265824e-05,33.105965,0.0001013909,220,220,55,0.00029595272,0.0025667518,1.7179054e-06,0.20078726,0
1249,20.816668,2.0390847e-07,33.105934,33.105934,-2.9925968e-05,33.105934,0.000101293066,220,220,55,0.0002958741,0.0025663003,1.7340981e-06,0.20078646,0
1250,20.833334,2.0380666e-07,33.105896,33.105896,-3.6409965e-05,33.105896,0.000101383885,220,220,55,0.00029575938,0.00256502,1.7821666e-06,0.2007856,0
1251,20.85,2.037336e-07,33.105873,33.105873,-2.443957e-05,33.105873,0.00010139376,220,220,55,0.00029567722,0.0025642056,1.7122608e-06,0.20078494,0
1252,20.866667,2.0375919e-07,33.105843,33.105843,-3.0424655e-05,33.105843,0.000101328245,220,220,55,0.00029566913,0.0025638675,1.7364664e-06,0.20078415,0
1253,20.883333,2.189082e-07,33.1058,33.1058,-4.3211174e-05,33.1058,0.00010133282,220,220,55,0.00030952107,0.002291103,1.699817e-06,0.20078307,0
1254,20.9,2.2066882e-07,33.105766,33.105766,-3.408053e-05,33.105766,0.00010133099,220,220,55,0.00031029424,0.0022767528,1.7318704e-06,0.2007822,0
1255,20.916666,2.213741e-07,33.105736,33.105736,-3.1088995e-05,33.105736,0.00010141011,220,220,55,0.00031053057,0.0022614554,1.8529598e-06,0.20078135,0
1256,20.933332,2.2172573e-07,33.1057,33.1057,-3.308441e-05,33.1057,0.00010144808,220,220,55,0.00031080752,0.0022544242,1.946574e-06,0.20078047,0
1257,20.95,2.2179587e-07,33.105663,33.105663,-3.624354e-05,33.105663,0.00010136736,220,220,55,0.00031107603,0.0022515892,2.0109705e-06,0.20077957,0
1258,20.966667,2.2181572e-07,33.105637,33.105637,-3.009215e-05,33.105637,0.000101409045,220,220,55,0.00031137295,0.0022511669,1.9725924e-06,0.20077872,0
1259,20.983334,2.2174959e-07,33.105602,33.105602,-3.4082357e-05,33.105602,0.00010141643,220,220,55,0.00031157216,0.0022519892,2.0073676e-06,0.2007779,0
1260,21,2.2154673e-07,33.105568,33.105568,-3.1422413e-05,33.105568,0.00010136766,220,220,55,0.00031162763,0.002252847,1.9549059e-06,0.20077693,0
1261,21.016666,2.2133372e-07,33.105537,33.105537,-3.3251228e-05,33.105537,0.00010134925,220,220,55,0.00031162394,0.0022531482,1.9946872e-06,0.20077616,0
1262,21.033333,2.2101509e-07,33.105503,33.105503,-3.1588785e-05,33.105503,0.00010134679,220,220,55,0.00031148625,0.0022530544,1.9486129e-06,0.2007753,0
1263,21.05,2.2087903e-07,33.105473,33.105473,-3.0591073e-05,33.105473,0.000101304126,220,220,55,0.0003114478,0.0022538458,1.95603e-06,0.20077449,0
1264,21.066668,2.2076134e-07,33.105442,33.105442,-3.2087348e-05,33.105442,0.0001013723,220,220,55,0.00031139565,0.0022552717,1.9365682e-06,0.20077361,0
1265,21.083334,2.2049525e-07,33.105408,33.105408,-3.54126e-05,33.105408,0.000101304504,220,220,55,0.00031122303,0.0022536942,1.9609536e-06,0.2007727,0
1266,21.1,2.2035253e-07,33.105377,33.105377,-2.9261037e-05,33.105377,0.000101350146,220,220,55,0.0003111257,0.002254763,1.9150204e-06,0.20077184,0
1267,21.116667,2.2011848e-07,33.10534,33.10534,-3.7407626e-05,33.10534,0.00010134147,220,220,55,0.00031095042,0.0022566097,1.9802387e-06,0.20077096,0
1268,21.133333,2.1990341e-07,33.105312,33.105312,-2.9094854e-05,33.105312,0.00010139847,222,222,56,0.00031081046,0.0022555192,1.9073914e-06,0.20077014,0
1269,21.15,2.1987444e-07,33.10528,33.10528,-2.8263392e-05,33.10528,0.00010138958,222,222,56,0.00031079468,0.0022569387,1.9072363e-06,0.20076936,0
1270,21.166666,2.197503e-07,33.105247,33.105247,-3.4747434e-05,33.105247,0.00010136969,222,222,56,0.0003107148,0.002256682,1.9379142e-06,0.20076852,0
1271,21.183332,2.194144e-07,33.105213,33.105213,-3.4581393e-05,33.105213,0.000101362435,222,222,56,0.00031047896,0.0022561452,1.9189415e-06,0.20076753,0
1272,21.2,2.193585e-07,33.105183,33.105183,-3.0258481e-05,33.105183,0.00010137088,224,224,57,0.00031043586,0.0022563043,1.9020093e-06,0.20076673,0
1273,21.216667,2.194247e-07,33.105152,33.105152,-3.192091e-05,33.105152,0.00010137706,224,224,57,0.00031048694,0.0022578451,1.9080871e-06,0.2007659,0
1274,21.233334,2.1937569e-07,33.105118,33.105118,-3.441485e-05,33.105118,0.00010129338,224,224,57,0.00031044346,0.0022582533,1.9209747e-06,0.20076501,0
1275,21.25,2.1899159e-07,33.105083,33.105083,-3.158885e-05,33.105083,0.000101384634,225,225,57,0.00031014814,0.0022574766,1.8769579e-06,0.20076415,0
1276,21.266666,2.1905966e-07,33.105053,33.105053,-3.2419674e-05,33.105053,0.00010126301,225,225,57,0.00031018647,0.0022589802,1.9029977e-06,0.20076327,0
1277,21.283333,2.375426e-07,33.10501,33.10501,-4.1212777e-05,33.10501,0.00010118954,224,224,57,0.00033733583,0.002824897,1.867461e-06,0.20076226,0
1278,21.3,2.8407385e-07,33.104992,33.104992,-1.9904079e-05,33.104992,0.00010117458,224,224,57,0.00040757828,0.0026633122,3.584333e-06,0.20076169,0
1279,21.316668,3.8475181e-07,33.104965,33.104965,-2.566886e-05,33.104965,0.00010117234,224,224,57,0.0005023844,0.0027416178,5.9572817e-06,0.20076096,0
1280,21.333334,4.325399e-07,33.104935,33.104935,-2.9213106e-05,33.104935,0.000101166355,224,224,57,0.00054277526,0.002782818,7.4263094e-06,0.20076025,0
1281,21.35,4.3680822e-07,33.104904,33.104908,-3.0420411e-05,33.104908,0.00010114216,224,224,57,0.0005468079,0.002772092,7.846141e-06,0.20075949,0
1282,21.366667,4.2607846e-07,33.10488,33.10488,-2.5614012e-05,33.10488,0.00010116738,224,224,57,0.0005381508,0.002739559,7.778645e-06,0.20075886,0
1283,21.383333,4.1373386e-07,33.104855,33.104855,-2.7444434e-05,33.104855,0.00010115776,224,224,57,0.0005277104,0.0027040946,7.5983594e-06,0.20075816,0
1284,21.4,4.0323826e-07,33.10482,33.10482,-3.2097727e-05,33.10482,0.00010121361,224,224,57,0.00051878876,0.0026713815,7.422608e-06,0.20075737,0
1285,21.416666,3.9542135e-07,33.104794,33.104794,-2.8769946e-05,33.104794,0.00010113198,224,224,57,0.0005120495,0.0026458383,7.2651947e-06,0.20075667,0
1286,21.433332,3.8932248e-07,33.104767,33.104767,-2.5110616e-05,33.104767,0.000101147976,224,224,57,0.00050696026,0.0026252847,7.1502564e-06,0.20075603,0
1287,21.45,3.8481534e-07,33.104736,33.104736,-2.9597912e-05,33.104736,0.00010117063,224,224,57,0.00050320756,0.0026099388,7.0752853e-06,0.20075531,0
1288,21.466667,3.8114516e-07,33.104706,33.104706,-3.0594605e-05,33.104706,0.000101047444,224,224,57,0.0005002404,0.002597726,7.018778e-06,0.20075454,0
1289,21.483334,3.7821832e-07,33.10468,33.104683,-2.5772464e-05,33.104683,0.00010105969,223,223,56,0.00049784995,0.0025886898,6.9668313e-06,0.20075384,0
1290,21.5,3.7561418e-07,33.10465,33.10465,-3.3419874e-05,33.10465,0.000101054095,223,223,56,0.0004957652,0.0025812055,6.9282737e-06,0.20075305,0
1291,21.516666,3.7335516e-07,33.10462,33.10462,-2.5273031e-05,33.10462,0.00010114554,223,223,56,0.0004938807,0.0025750732,6.8735662e-06,0.20075242,0
1292,21.533333,3.7126114e-07,33.104595,33.104595,-2.8431712e-05,33.104595,0.00010100236,223,223,56,0.00049211475,0.0025705018,6.8428117e-06,0.20075169,0
1293,21.55,3.6927037e-07,33.104565,33.104565,-2.9927905e-05,33.104565,0.00010106838,223,223,56,0.00049044605,0.0025661867,6.8124054e-06,0.20075098,0
1294,21.566668,3.6730117e-07,33.104534,33.104534,-2.8431588e-05,33.104534,0.000101060745,223,223,56,0.0004888103,0.0025619445,6.7750702e-06,0.20075028,0
1295,21.583334,3.6564865e-07,33.104504,33.104504,-3.2088883e-05,33.104504,0.00010107944,223,223,56,0.00048732816,0.002558701,6.76509e-06,0.20074943,0
1296,21.6,3.6372177e-07,33.104473,33.104473,-2.9761586e-05,33.104473,0.00010105385,223,223,56,0.00048572,0.0025545661,6.7079254e-06,0.20074873,0
1297,21.616667,3.6190661e-07,33.104446,33.104446,-2.7932669e-05,33.104446,0.00010101108,223,223,56,0.000484165,0.002551202,6.6890975e-06,0.20074798,0
1298,21.633333,3.603191e-07,33.104412,33.104412,-3.3086348e-05,33.104412,0.000100986486,223,223,56,0.0004827419,0.0025484432,6.657097e-06,0.20074719,0
1299,21.65,3.5851485e-07,33.10439,33.10439,-2.4773812e-05,33.10439,0.000101024634,223,223,56,0.0004811616,0.002545813,6.60868e-06,0.20074658,0
1300,21.666666,3.5679273e-07,33.104355,33.104355,-3.458278e-05,33.104355,0.00010100059,223,223,56,0.00047964987,0.0025423078,6.5909667e-06,0.20074578,0
1301,21.683332,3.5514523e-07,33.104324,33.104324,-2.9262541e-05,33.104324,0.00010105382,223,223,56,0.0004781877,0.0025388205,6.5630998e-06,0.200745,0
1302,21.7,3.5355288e-07,33.104294,33.104298,-2.80987e-05,33.104298,0.00010102013,223,223,56,0.0004767707,0.002536456,6.522003e-06,0.2007443,0
1303,21.716667,3.519977e-07,33.104267,33.10427,-2.6768623e-05,33.10427,0.00010104053,223,223,56,0.00047537487,0.002533952,6.4978917e-06,0.20074357,0
1304,21.733334,3.5053588e-07,33.104237,33.104237,-3.2753713e-05,33.104237,0.00010104491,223,223,56,0.0004740399,0.0025309536,6.4627334e-06,0.20074284,0
1305,21.75,3.4891247e-07,33.104206,33.104206,-2.9761282e-05,33.104206,0.00010107396,223,223,56,0.00047261707,0.0025278663,6.437341e-06,0.20074211,0
1306,21.766666,3.4751e-07,33.104176,33.104176,-3.059234e-05,33.104176,0.00010099654,220,220,55,0.00047131974,0.0025254728,6.4140763e-06,0.20074134,0
1307,21.783333,3.460197e-07,33.10415,33.10415,-2.776609e-05,33.10415,0.00010113704,220,220,55,0.0004699693,0.0025231205,6.3805824e-06,0.20074058,0
1308,21.8,3.4470438e-07,33.104115,33.104115,-3.3086075e-05,33.104115,0.00010107162,220,220,55,0.00046871445,0.0025206944,6.3495954e-06,0.20073985,0
1309,21.816668,3.4332749e-07,33.104088,33.104088,-2.6103424e-05,33.104088,0.0001010973,220,220,55,0.0004674402,0.0025187621,6.3217926e-06,0.20073915,0
1310,21.833334,3.419274e-07,33.104057,33.104057,-3.2919907e-05,33.104057,0.00010105979,220,220,55,0.00046614266,0.00251543,6.307647e-06,0.20073831,0
1311,21.85,3.4055932e-07,33.104027,33.104027,-2.8098477e-05,33.104027,0.00010106626,220,220,55,0.00046485628,0.002513777,6.261729e-06,0.20073761,0
1312,21.866667,3.3913562e-07,33.103996,33.103996,-3.0426103e-05,33.103996,0.00010099684,220,220,55,0.00046354716,0.0025106703,6.2384806e-06,0.20073688,0
1313,21.883333,3.3787651e-07,33.10397,33.10397,-2.8264623e-05,33.10397,0.00010098926,220,220,55,0.0004623375,0.0025081888,6.221147e-06,0.20073608,0
1314,21.9,3.36509e-07,33.10394,33.10394,-3.1423577e-05,33.10394,0.00010104223,220,220,55,0.00046109405,0.002506303,6.188015e-06,0.20073532,0
1315,21.916666,3.3528966e-07,33.10391,33.10391,-2.8763348e-05,33.10391,0.000100960395,220,220,55,0.0004599065,0.002504599,6.159393e-06,0.20073459,0
1316,21.933332,3.3404862e-07,33.103878,33.103878,-3.1423453e-05,33.103878,0.00010101946,217,217,54,0.00045869555,0.002502712,6.129317e-06,0.20073386,0
1317,21.95,3.3271414e-07,33.103848,33.103848,-3.025976e-05,33.103848,0.000100986355,217,217,54,0.00045745797,0.0025002307,6.110689e-06,0.20073308,0
1318,21.966667,3.3127307e-07,33.103817,33.10382,-2.876357e-05,33.10382,0.00010107855,217,217,54,0.00045617358,0.0024977904,6.0828634e-06,0.20073229,0
1319,21.983334,3.3028462e-07,33.103786,33.103786,-3.2254473e-05,33.103786,0.00010093383,216,216,54,0.00045509855,0.0024961513,6.0474827e-06,0.20073158,0
1320,22,3.2910268e-07,33.103756,33.103756,-3.142339e-05,33.103756,0.00010103651,216,216,54,0.00045393288,0.002494499,6.034108e-06,0.20073076,0
1321,22.016666,3.2774622e-07,33.103725,33.103725,-2.926225e-05,33.103725,0.00010098101,216,216,54,0.00045269405,0.0024924506,5.996774e-06,0.20073004,0
1322,22.033333,3.265894e-07,33.103695,33.103695,-2.992707e-05,33.103695,0.00010101874,216,216,54,0.0004515448,0.002490337,5.9800664e-06,0.20072924,0
1323,22.05,3.2535237e-07,33.10367,33.10367,-2.793209e-05,33.10367,0.000100979494,216,216,54,0.0004503539,0.0024881037,5.942895e-06,0.20072855,0
1324,22.066668,3.2430668e-07,33.103638,33.103638,-3.1589512e-05,33.103638,0.00010100409,216,216,54,0.00044926305,0.0024868855,5.923087e-06,0.2007278,0
1325,22.083334,3.2316876e-07,33.103603,33.103603,-3.1589603e-05,33.103603,0.00010103277,216,216,54,0.0004481298,0.0024828152,5.906923e-06,0.20072697,0
1326,22.1,3.2201805e-07,33.103577,33.103577,-2.9594556e-05,33.103577,0.00010099047,216,216,54,0.0004469718,0.002481186,5.866148e-06,0.20072626,0
1327,22.116667,3.2075795e-07,33.103546,33.103546,-3.075845e-05,33.103546,0.00010098583,216,216,54,0.0004457848,0.0024785653,5.85282e-06,0.20072544,0
1328,22.133333,3.1960596e-07,33.10351,33.10351,-3.391719e-05,33.10351,0.000101014055,216,216,54,0.000444626,0.0024764615,5.8247006e-06,0.20072463,0
1329,22.15,3.9314241e-07,33.103493,33.103493,-1.6551972e-05,33.103493,0.00010100737,216,216,54,0.0005209246,0.0027690057,6.2025615e-06,0.20072415,0
1330,22.166666,7.8043456e-07,33.10346,33.103462,-3.3528744e-05,33.103462,0.000101003745,216,216,54,0.00077282457,0.0034908706,1.012727e-05,0.20072335,0
1331,22.183332,1.0873908e-06,33.103416,33.103416,-4.3584387e-05,33.103416,0.00010105166,216,216,54,0.0009235548,0.00404596,1.358891e-05,0.20072237,0
1332,22.2,1.3415702e-06,33.103367,33.103367,-4.8624814e-05,33.103367,0.00010107399,216,216,54,0.0010262473,0.0044696205,1.5559406e-05,0.20072126,0
1333,22.216667,1.5601778e-06,33.103317,33.103317,-4.9657916e-05,33.103317,0.000101150734,216,216,54,0.0011086764,0.0048270095,1.7138325e-05,0.2007201,0
1334,22.233334,1.7212341e-06,33.103268,33.10327,-4.8052916e-05,33.10327,0.00010117814,216,216,54,0.0011647855,0.0050936323,1.8207606e-05,0.20071906,0
1335,22.25,1.8730489e-06,33.10322,33.10322,-4.872718e-05,33.10322,0.00010123166,216,216,54,0.0012125104,0.0053090854,1.9032852e-05,0.2007179,0
1336,22.266666,2.0173973e-06,33.10317,33.103172,-5.1062216e-05,33.103172,0.00010137019,216,216,54,0.0012535787,0.0055521145,1.976184e-05,0.20071676,0
1337,22.283333,2.142969e-06,33.103115,33.103115,-5.5071116e-05,33.103115,0.0001014053,216,216,54,0.0012840173,0.005793693,2.0277948e-05,0.20071551,0
1338,22.3,2.2607976e-06,33.103058,33.103058,-5.7073918e-05,33.103058,0.00010144102,216,216,54,0.00130821,0.0060522747,2.0633543e-05,0.20071414,0
1339,22.316668,2.4530666e-06,33.102993,33.102993,-6.464721e-05,33.102993,0.00010160916,216,216,54,0.0013429108,0.006317207,2.0915815e-05,0.20071259,0
1340,22.333334,2.6550817e-06,33.10292,33.102924,-7.128767e-05,33.102924,0.000101717975,216,216,54,0.0013880256,0.00664485,2.1496862e-05,0.20071092,0
1341,22.35,2.850952e-06,33.10284,33.102844,-7.894155e-05,33.102844,0.00010186989,216,216,54,0.0014261059,0.007014598,2.2075483e-05,0.20070907,0
1342,22.366667,3.0515016e-06,33.102757,33.10276,-8.525456e-05,33.10276,0.0001019757,216,216,54,0.0014617019,0.0074109645,2.2524573e-05,0.20070702,0
1343,22.383333,3.1948782e-06,33.102673,33.102673,-8.414795e-05,33.102673,0.00010200255,216,216,54,0.0014854468,0.0077311127,2.2834074e-05,0.20070498,0
1344,22.4,3.283082e-06,33.102592,33.102596,-7.921547e-05,33.102596,0.000102168466,216,216,54,0.0014988827,0.007941811,2.3015516e-05,0.20070308,0
1345,22.416666,3.276566e-06,33.102512,33.102516,-8.080649e-05,33.102516,0.000102271486,215,215,54,0.001492837,0.007998802,2.3019356e-05,0.20070106,0
1346,22.433332,3.1674804e-06,33.10244,33.102444,-7.093375e-05,33.102444,0.00010219537,217,217,55,0.0014648655,0.007928094,2.2633216e-05,0.20069927,0
1347,22.45,3.0300139e-06,33.10237,33.102375,-6.747078e-05,33.102375,0.00010222906,217,217,55,0.0014327914,0.0077825524,2.2124383e-05,0.20069756,0
1348,22.466667,2.9113069e-06,33.10231,33.102314,-6.362815e-05,33.102314,0.00010217196,217,217,55,0.0014037071,0.007635098,2.1621127e-05,0.20069592,0
1349,22.483334,2.8013799e-06,33.10225,33.102253,-6.0460523e-05,33.102253,0.00010216279,217,217,55,0.0013783514,0.0074854973,2.1207608e-05,0.20069432,0
1350,22.5,2.697066e-06,33.102184,33.10219,-6.427878e-05,33.10219,0.00010209013,217,217,55,0.001353521,0.007332317,2.081403e-05,0.20069271,0
1351,22.516666,2.5985962e-06,33.10213,33.10213,-5.51289e-05,33.10213,0.00010199202,217,217,55,0.0013293965,0.0071880952,2.044033e-05,0.20069124,0
1352,22.533333,2.5119436e-06,33.102074,33.102077,-5.5782104e-05,33.102077,0.000101865815,217,217,55,0.0013108524,0.007071764,2.0115169e-05,0.2006898,0
1353,22.55,2.449834e-06,33.10202,33.10202,-5.5923818e-05,33.10202,0.00010186982,217,217,55,0.0013001639,0.0069639944,1.9941119e-05,0.20068833,0
1354,22.566668,2.4110384e-06,33.101963,33.101963,-5.6066758e-05,33.101963,0.000101891805,217,217,55,0.0012956942,0.0069043874,1.988248e-05,0.20068692,0
1355,22.583334,2.232412e-06,33.101917,33.10192,-4.50675e-05,33.10192,0.00010166445,217,217,55,0.0012604824,0.0066226977,1.9700587e-05,0.20068564,0
1356,22.6,2.2594807e-06,33.101875,33.101875,-4.2534233e-05,33.101875,0.00010159853,217,217,55,0.0012776962,0.0064622066,1.9832923e-05,0.20068459,0
1357,22.616667,2.3173031e-06,33.10183,33.10183,-4.6327346e-05,33.10183,0.00010156935,217,217,55,0.001299706,0.006381544,2.0249416e-05,0.20068339,0
1358,22.633333,2.3721557e-06,33.10178,33.101784,-4.849163e-05,33.101784,0.000101507554,217,217,55,0.0013191184,0.006365368,2.0667432e-05,0.2006822,0
1359,22.65,2.4158167e-06,33.101727,33.10173,-5.365673e-05,33.10173,0.00010156914,217,217,55,0.0013322999,0.0063889865,2.0982716e-05,0.2006809,0
1360,22.666666,2.4296814e-06,33.101673,33.101673,-5.3852782e-05,33.101673,0.000101499914,217,217,55,0.0013349149,0.006415947,2.1102403e-05,0.20067959,0
1361,22.683332,2.433485e-06,33.10162,33.10162,-5.4195352e-05,33.10162,0.000101510566,217,217,55,0.0013335857,0.0064484766,2.1085663e-05,0.20067827,0
1362,22.7,2.4364967e-06,33.101562,33.101566,-5.5526187e-05,33.101566,0.00010154341,217,217,55,0.0013314971,0.006488686,2.102617e-05,0.20067693,0
1363,22.716667,2.4417172e-06,33.101505,33.10151,-5.5856486e-05,33.10151,0.00010150372,217,217,55,0.0013298028,0.0065357764,2.0962972e-05,0.20067562,0
1364,22.733334,2.4487188e-06,33.10145,33.101456,-5.435841e-05,33.101456,0.00010150197,217,217,55,0.0013285109,0.0065855933,2.0906753e-05,0.20067427,0
1365,22.75,2.4558972e-06,33.101395,33.1014,-5.6519548e-05,33.1014,0.000101594684,217,217,55,0.0013271103,0.0066349744,2.0851781e-05,0.20067292,0
1366,22.766666,2.4624794e-06,33.10134,33.101345,-5.4192573e-05,33.101345,0.00010147437,217,217,55,0.0013255775,0.0066830222,2.0799658e-05,0.20067152,0
1367,22.783333,2.4679275e-06,33.101284,33.101288,-5.652128e-05,33.101288,0.000101530706,217,217,55,0.0013238003,0.0067272447,2.0737083e-05,0.20067015,0
1368,22.8,2.471729e-06,33.101227,33.10123,-5.801922e-05,33.10123,0.000101563615,217,217,55,0.0013216645,0.0067684525,2.0677919e-05,0.20066874,0
1369,22.816668,2.4734709e-06,33.10117,33.10117,-5.8520047e-05,33.10117,0.00010160071,217,217,55,0.0013190826,0.006805862,2.0613703e-05,0.20066734,0
1370,22.833334,2.4718975e-06,33.101112,33.101112,-5.719332e-05,33.101112,0.00010158396,217,217,55,0.0013156979,0.006838324,2.0531168e-05,0.2006659,0
1371,22.85,2.4563708e-06,33.10105,33.101055,-5.870357e-05,33.101055,0.00010157531,218,218,55,0.0013083351,0.006855215,2.042309e-05,0.20066446,0
1372,22.866667,2.432033e-06,33.100994,33.100998,-5.8712383e-05,33.100998,0.00010166952,218,218,55,0.0012986539,0.006860271,2.0249965e-05,0.20066302,0
1373,22.883333,2.0787043e-06,33.10091,33.100914,-8.3979634e-05,33.100914,0.00010168951,218,218,55,0.0011638144,0.006935904,1.9373854e-05,0.20066112,0
1374,22.9,1.2534645e-06,33.100838,33.10084,-7.2481176e-05,33.10084,0.00010163219,218,218,55,0.00077514624,0.0053408826,1.1114754e-05,0.2006592,0
1375,22.916666,6.2268173e-06,33.100796,33.100803,-3.675667e-05,33.100803,0.000101539794,218,218,55,0.0022488397,0.008251551,2.317744e-05,0.20065773,0
1376,22.933332,5.0104427e-06,33.100803,33.100807,4.9350633e-06,33.100807,0.0001013834,218,218,55,0.0021216115,0.008828579,3.8237737e-05,0.2006572,0
1377,22.95,3.1924483e-06,33.100777,33.100777,-2.9748848e-05,33.100777,0.00010131118,218,218,55,0.0017937782,0.009558604,3.2595257e-05,0.20065598,0
1378,22.966667,2.1240367e-06,33.100723,33.100727,-5.2274976e-05,33.100727,0.00010130917,218,218,55,0.0014100074,0.0075903353,2.5438438e-05,0.20065443,0
1379,22.983334,1.1379932e-06,33.100677,33.100677,-4.8036232e-05,33.100677,0.00010130635,221,221,56,0.0010024944,0.005664643,1.9150371e-05,0.20065302,0
1380,23,2.1422113e-06,33.100616,33.100616,-6.084267e-05,33.100616,0.000101324,221,221,56,0.0014623252,0.007785761,2.2331422e-05,0.20065126,0
1381,23.016666,1.8442879e-06,33.100555,33.10056,-5.8985966e-05,33.10056,0.00010132039,221,221,56,0.001168681,0.006063358,1.7811508e-05,0.20064948,0
1382,23.033333,1.03895e-06,33.100536,33.100536,-2.2085987e-05,33.100536,0.00010126542,221,221,56,0.0009998488,0.00646519,2.0181591e-05,0.20064856,0
1383,23.05,1.2771824e-06,33.100475,33.100475,-5.9779853e-05,33.100475,0.00010126646,221,221,56,0.00085428427,0.00484194,9.692237e-06,0.20064694,0
1384,23.066668,2.0922016e-06,33.10042,33.100426,-5.089031e-05,33.100426,0.000101340804,221,221,56,0.0013789549,0.0065054083,2.1784896e-05,0.2006454,0
1385,23.083334,1.7871427e-06,33.10037,33.100372,-5.4171705e-05,33.100372,0.00010133401,221,221,56,0.0011435648,0.0062352344,1.6527487e-05,0.20064376,0
1386,23.1,8.8493385e-07,33.100346,33.100346,-2.484294e-05,33.100346,0.000101280886,221,221,56,0.00088066066,0.005589171,1.822454e-05,0.20064293,0
1387,23.116667,3.6032998e-07,33.10032,33.10032,-2.9120478e-05,33.10032,0.000101273086,221,221,56,0.00041359692,0.0033522688,7.875499e-06,0.20064197,0
1388,23.133333,3.2968826e-06,33.100212,33.100216,-0.000100141595,33.100216,0.000101352336,221,221,56,0.0016003246,0.0061294865,1.7338483e-05,0.20063944,0
1389,23.15,1.3496485e-06,33.1002,33.100204,-1.4416365e-05,33.100204,0.000101345904,221,221,56,0.0011305821,0.0065911813,2.3834675e-05,0.20063868,0
1390,23.166666,2.5024972e-06,33.100124,33.10013,-7.532449e-05,33.10013,0.00010135349,221,221,56,0.0013938618,0.0061959624,1.6608135e-05,0.20063666,0
1391,23.183332,2.3885439e-06,33.100098,33.100098,-2.8709826e-05,33.100098,0.00010135759,221,221,56,0.0014225753,0.0059625255,2.265458e-05,0.20063573,0
1392,23.2,1.7785321e-06,33.100044,33.100044,-5.2814106e-05,33.100044,0.00010130332,221,221,56,0.001128044,0.006495709,1.7551296e-05,0.20063418,0
1393,23.216667,2.2812242e-06,33.100002,33.100002,-4.1892352e-05,33.100002,0.000101314574,221,221,56,0.0014714326,0.007167606,2.3729468e-05,0.20063286,0
1394,23.233334,1.2058057e-06,33.099964,33.099964,-3.8981576e-05,33.099964,0.0001013012,221,221,56,0.0008760323,0.0028004933,1.6888695e-05,0.20063157,0
1395,23.25,1.3624318e-06,33.099903,33.099903,-6.1025243e-05,33.099903,0.00010132033,221,221,56,0.0011161868,0.00610504,1.8870383e-05,0.20062985,0
1396,23.266666,3.1979027e-07,33.09989,33.09989,-1.3844283e-05,33.09989,0.000101310936,221,221,56,0.0004136462,0.0035184382,1.0499351e-05,0.20062923,0
1397,23.283333,9.4712124e-07,33.099823,33.099827,-6.504342e-05,33.099827,0.00010125893,221,221,56,0.0006629635,0.0039213467,2.1929131e-06,0.2006277,0
1398,23.3,3.5115734e-06,33.09974,33.099743,-8.139436e-05,33.099743,0.00010134364,221,221,56,0.0017109639,0.0065488354,2.0644888e-05,0.20062545,0
1399,23.316668,2.5886243e-06,33.09971,33.09971,-3.3841454e-05,33.09971,0.00010134329,221,221,56,0.0014502945,0.0058883117,2.4774927e-05,0.20062435,0
1400,23.333334,6.178224e-07,33.099697,33.099697,-1.3276147e-05,33.099697,0.00010132808,221,221,56,0.00066694285,0.004302542,1.682184e-05,0.20062363,0
1401,23.35,3.4495017e-07,33.099667,33.099667,-3.0032532e-05,33.099667,0.000101323836,221,221,56,0.00036979045,0.0035051368,4.6452024e-06,0.20062272,0
1402,23.366667,3.4210552e-07,33.099625,33.099625,-4.2231633e-05,33.099625,0.000101326244,221,221,56,0.00037707237,0.0035120158,2.7484214e-06,0.20062165,0
1403,23.383333,3.5790444e-07,33.099583,33.099583,-4.0716695e-05,33.099583,0.00010127961,221,221,56,0.00040006515,0.003687507,3.374551e-06,0.20062065,0
1404,23.4,3.6381036e-07,33.099545,33.099545,-4.0061568e-05,33.099545,0.00010133811,221,221,56,0.00038784015,0.0036096154,3.7018558e-06,0.20061962,0
1405,23.416666,3.6092584e-07,33.099506,33.099506,-3.691151e-05,33.099506,0.00010134381,221,221,56,0.0003815143,0.0036095383,3.1515985e-06,0.2006187,0
1406,23.433332,3.630975e-07,33.09947,33.09947,-3.8569007e-05,33.09947,0.00010134839,222,222,56,0.0003808806,0.0036020416,3.0999595e-06,0.20061769,0
1407,23.45,3.6538043e-07,33.099426,33.09943,-3.9898936e-05,33.09943,0.00010135719,222,222,56,0.00038219694,0.003595707,3.1414638e-06,0.20061667,0
1408,23.466667,3.6666762e-07,33.099392,33.099392,-3.723985e-05,33.099392,0.000101362486,222,222,56,0.00038311418,0.0035924723,3.1342072e-06,0.20061578,0
1409,23.483334,3.6713354e-07,33.099354,33.099354,-3.6409398e-05,33.099354,0.00010136212,222,222,56,0.0003835464,0.003590951,3.2151568e-06,0.20061478,0
1410,23.5,3.6722085e-07,33.09932,33.09932,-3.591101e-05,33.09932,0.00010136546,222,222,56,0.00038382722,0.0035907116,3.2453313e-06,0.2006138,0
1411,23.516666,3.6710472e-07,33.099277,33.09928,-3.907006e-05,33.09928,0.000101369915,222,222,56,0.00038401448,0.0035912164,3.2037883e-06,0.20061289,0
1412,23.533333,3.6753175e-07,33.09924,33.09924,-4.039956e-05,33.09924,0.00010137209,222,222,56,0.00038463026,0.0036037616,3.252151e-06,0.20061189,0
1413,23.55,3.682788e-07,33.0992,33.0992,-3.6741625e-05,33.0992,0.00010131656,222,222,56,0.00038573734,0.0036008877,3.3093295e-06,0.20061089,0
1414,23.566668,3.6773886e-07,33.099163,33.099167,-3.740793e-05,33.099167,0.00010132028,222,222,56,0.00038555116,0.003600917,3.3235626e-06,0.20060992,0
1415,23.583334,3.666332e-07,33.09913,33.09913,-3.7242244e-05,33.09913,0.00010138049,222,222,56,0.00038469228,0.0036009548,3.2940886e-06,0.20060891,0
1416,23.6,3.65413e-07,33.099083,33.099083,-4.3061285e-05,33.099083,0.00010133375,222,222,56,0.00038368301,0.0036001403,3.2665394e-06,0.20060791,0
1417,23.616667,3.6406865e-07,33.09905,33.09905,-3.524742e-05,33.09905,0.00010134192,222,222,56,0.00038261403,0.0035988821,3.1796044e-06,0.20060702,0
1418,23.633333,3.6279096e-07,33.09901,33.09901,-3.9237475e-05,33.09901,0.00010134165,222,222,56,0.0003817172,0.003597034,3.1837762e-06,0.20060603,0
1419,23.65,3.6152602e-07,33.098972,33.098972,-3.740866e-05,33.098972,0.000101399455,222,222,56,0.00038097537,0.0035968951,3.1412592e-06,0.20060503,0
1420,23.666666,3.6020134e-07,33.098934,33.098934,-3.9403778e-05,33.098934,0.000101352016,222,222,56,0.00038019748,0.00359578,3.097373e-06,0.20060404,0
1421,23.683332,3.5885657e-07,33.098892,33.098892,-3.9902563e-05,33.098892,0.000101354635,222,222,56,0.00037940912,0.003594576,3.0788106e-06,0.20060302,0
1422,23.7,3.5759246e-07,33.098854,33.098854,-3.807368e-05,33.098854,0.00010135892,222,222,56,0.00037867384,0.0035932567,3.0403833e-06,0.20060202,0
1423,23.716667,3.562915e-07,33.098816,33.098816,-3.9071245e-05,33.098816,0.000101358804,222,222,56,0.00037790806,0.003592535,2.9986682e-06,0.20060103,0
1424,23.733334,3.5509774e-07,33.09878,33.09878,-3.6078545e-05,33.09878,0.00010136693,222,222,56,0.00037722517,0.0035905195,2.9075566e-06,0.20060012,0
1425,23.75,3.5405213e-07,33.09876,33.09876,-2.2777991e-05,33.09876,0.00010137822,222,222,56,0.0003766198,0.0035900224,2.9408573e-06,0.20059948,0
1426,23.766666,3.5307082e-07,33.09873,33.09873,-2.9594386e-05,33.09873,0.00010143139,222,222,56,0.0003760687,0.003588789,2.9839896e-06,0.20059861,0
1427,23.783333,3.521368e-07,33.098694,33.098698,-3.225442e-05,33.098698,0.00010138996,222,222,56,0.00037554582,0.0035877046,2.9853372e-06,0.20059784,0
1428,23.8,3.5129437e-07,33.098663,33.098663,-3.3085602e-05,33.098663,0.000101389174,222,222,56,0.00037507358,0.0035866443,2.968512e-06,0.20059693,0
1429,23.816668,3.5051383e-07,33.098637,33.098637,-2.7599124e-05,33.098637,0.00010138625,222,222,56,0.00037462765,0.0035860392,2.9471234e-06,0.20059615,0
1430,23.833334,3.4977873e-07,33.098602,33.098602,-3.2254222e-05,33.098602,0.000101400256,222,222,56,0.00037420663,0.003585477,2.9411217e-06,0.20059529,0
1431,23.85,3.4919975e-07,33.09857,33.09857,-3.1589043e-05,33.09857,0.0001014044,222,222,56,0.00037387328,0.003584902,2.9270643e-06,0.2005944,0
1432,23.866667,3.4860597e-07,33.098545,33.098545,-2.4606346e-05,33.098545,0.00010145963,222,222,56,0.00037351163,0.0035849595,2.901651e-06,0.20059371,0
1433,23.883333,3.481499e-07,33.098515,33.098515,-3.3583983e-05,33.098515,0.00010140324,222,222,56,0.0003732357,0.0035845311,2.9015287e-06,0.20059282,0
1434,23.9,3.4766362e-07,33.09848,33.09848,-3.1422696e-05,33.09848,0.00010135502,222,222,56,0.00037293189,0.0035845228,2.8921652e-06,0.20059194,0
1435,23.916666,3.4734694e-07,33.09845,33.09845,-3.158878e-05,33.09845,0.00010136429,222,222,56,0.00037273008,0.0035845072,2.8761174e-06,0.20059113,0
1436,23.933332,3.4716982e-07,33.098423,33.098423,-2.859605e-05,33.098423,0.00010136813,222,222,56,0.00037259737,0.0035852492,2.865557e-06,0.20059033,0
1437,23.95,3.4721748e-07,33.098392,33.098392,-3.0424631e-05,33.098392,0.0001013664,223,223,56,0.00037259297,0.003585787,2.8562454e-06,0.20058945,0
1438,23.966667,3.4795994e-07,33.098362,33.098362,-3.0590192e-05,33.098362,0.00010143091,223,223,56,0.00037296212,0.0035887244,2.8533627e-06,0.20058864,0
1439,23.983334,3.5001838e-07,33.098324,33.098328,-3.4412744e-05,33.098328,0.00010137086,223,223,56,0.0003740558,0.00359382,2.8447685e-06,0.2005877,0
1440,24,3.5455986e-07,33.09829,33.098293,-3.4576515e-05,33.098293,0.00010138749,223,223,56,0.00037613072,0.0035981094,2.8549198e-06,0.20058681,0
1441,24.016666,4.6250605e-07,33.09825,33.09825,-4.0292038e-05,33.09825,0.000101386446,223,223,56,0.00044533503,0.0029795722,2.9437501e-06,0.20058581,0
1442,24.033333,5.364174e-06,33.09814,33.098145,-0.00010549171,33.098145,0.0001014757,223,223,56,0.0020740142,0.007978152,1.9159505e-05,0.20058307,0
1443,24.05,1.2139659e-05,33.098095,33.098106,-3.7780876e-05,33.098106,0.000101555925,223,223,56,0.0031642767,0.010766102,4.3962813e-05,0.20058155,0
1444,24.066668,1.769294e-05,33.098053,33.098072,-3.717427e-05,33.098072,0.000101553625,223,223,56,0.0038261474,0.012622659,5.7988647e-05,0.20057999,0
1445,24.083334,2.1768914e-05,33.09801,33.09803,-3.9649112e-05,33.09803,0.000101558464,223,223,56,0.004254608,0.013710645,6.6919354e-05,0.20057842,0
1446,24.1,2.4395062e-05,33.097965,33.09799,-4.143145e-05,33.09799,0.00010155946,223,223,56,0.004513544,0.014557674,7.280675e-05,0.20057674,0
1447,24.116667,2.5705296e-05,33.09792,33.097946,-4.4243658e-05,33.097946,0.00010156695,223,223,56,0.004638164,0.014930979,7.590818e-05,0.20057507,0
1448,24.133333,2.4851175e-05,33.09788,33.097904,-3.94253e-05,33.097904,0.00010163342,223,223,56,0.004613042,0.015461534,7.712643e-05,0.20057346,0
1449,24.15,1.0282035e-05,33.097805,33.097816,-9.054771e-05,33.097816,0.000101521444,226,226,57,0.0033622899,0.020850796,6.80566e-05,0.20057091,0
1450,24.166666,3.285155e-06,33.097786,33.09779,-2.5783704e-05,33.09779,0.00010152194,226,226,57,0.0019174438,0.013737751,4.2471238e-05,0.20056958,0
1451,24.183332,6.1800705e-07,33.097786,33.097786,-1.8358724e-06,33.097786,0.000101379934,226,226,57,0.0007748954,0.0060494985,2.1005719e-05,0.20056894,0
1452,24.2,1.2139668e-06,33.097706,33.097706,-8.120154e-05,33.097706,0.00010132059,226,226,57,0.00089201384,0.0050152796,7.799883e-06,0.20056686,0
1453,24.216667,4.3588076e-07,33.097694,33.097694,-1.2582197e-05,33.097694,0.00010132833,226,226,57,0.000603944,0.004235191,1.4315657e-05,0.20056625,0
1454,24.233334,3.3421253e-07,33.097683,33.097683,-1.14070135e-05,33.097683,0.00010126067,226,226,57,0.0004146109,0.0033690992,1.7736178e-06,0.20056571,0
1455,24.25,6.55889e-07,33.09766,33.09766,-2.3619055e-05,33.09766,0.00010131708,225,225,57,0.0006640018,0.003692268,7.086304e-06,0.20056503,0
1456,24.266666,7.511271e-07,33.097607,33.097607,-5.1942603e-05,33.097607,0.000101326346,225,225,57,0.00072020723,0.0040162504,1.0621474e-05,0.20056382,0
1457,24.283333,1.0892436e-06,33.09752,33.09752,-8.7610824e-05,33.09752,0.00010133969,223,223,56,0.0006652587,0.004061572,8.657887e-06,0.2005618,0
1458,24.3,1.5686453e-06,33.097477,33.097477,-4.274692e-05,33.097477,0.00010142368,223,223,56,0.0011401523,0.005041573,1.6260623e-05,0.20056038,0
1459,24.316668,3.7071564e-07,33.09749,33.09749,1.27674975e-05,33.09749,0.00010139826,223,223,56,0.00042095128,0.002342872,9.451615e-06,0.20056044,0
1460,24.333334,4.0284414e-07,33.09746,33.09746,-2.773247e-05,33.09746,0.00010133705,223,223,56,0.00047237563,0.0037681756,3.2545452e-06,0.20055959,0
1461,24.35,4.984234e-07,33.09742,33.09742,-4.279823e-05,33.09742,0.00010134181,223,223,56,0.00055500504,0.0037961625,6.540323e-06,0.20055848,0
1462,24.366667,5.497318e-07,33.097378,33.097378,-4.1512463e-05,33.097378,0.00010140919,223,223,56,0.0005883665,0.003867671,7.806995e-06,0.20055744,0
1463,24.383333,1.66246e-06,33.09727,33.097275,-0.00010445925,33.097275,0.000101429,223,223,56,0.0011029831,0.0057826354,5.7958728e-06,0.20055486,0
1464,24.4,4.3784073e-07,33.097294,33.097294,2.2549857e-05,33.097294,0.00010136833,223,223,56,0.0006016491,0.0040677786,1.5877142e-05,0.20055506,0
1465,24.416666,3.3891422e-07,33.09728,33.097282,-1.4895629e-05,33.097282,0.00010135245,223,223,56,0.00039520802,0.003775712,1.6253225e-06,0.20055442,0
1466,24.433332,4.0633878e-07,33.097233,33.097233,-4.6483998e-05,33.097233,0.0001013037,223,223,56,0.00044803176,0.003919648,4.4402286e-06,0.20055325,0
1467,24.45,4.1657475e-07,33.0972,33.0972,-3.606712e-05,33.0972,0.00010136759,223,223,56,0.00045904994,0.0038967151,4.956869e-06,0.20055231,0
1468,24.466667,4.1495196e-07,33.097164,33.097164,-3.292013e-05,33.097164,0.000101318146,223,223,56,0.00046221475,0.0038832186,5.1212223e-06,0.20055142,0
1469,24.483334,4.1242097e-07,33.09713,33.09713,-3.3918568e-05,33.09713,0.000101377,223,223,56,0.00046249246,0.0038844263,5.144327e-06,0.20055062,0
1470,24.5,4.0932764e-07,33.097095,33.0971,-3.358662e-05,33.0971,0.000101381826,224,224,57,0.00046015403,0.0038937284,5.1165557e-06,0.20054972,0
1471,24.516666,4.0682247e-07,33.097065,33.097065,-3.40848e-05,33.097065,0.0001013885,224,224,57,0.00045795963,0.0038897672,5.048829e-06,0.20054881,0
1472,24.533333,4.0456132e-07,33.09703,33.09703,-3.1923235e-05,33.09703,0.000101390775,224,224,57,0.000455734,0.0038861444,4.9874293e-06,0.20054792,0
1473,24.55,4.0242676e-07,33.096996,33.096996,-3.6412e-05,33.096996,0.00010139304,224,224,57,0.0004536008,0.0038818785,4.932847e-06,0.20054698,0
1474,24.566668,4.006344e-07,33.096962,33.096962,-3.3751574e-05,33.096962,0.000101340884,224,224,57,0.0004517939,0.0038772705,4.873372e-06,0.20054607,0
1475,24.583334,3.9897554e-07,33.096928,33.096928,-3.4416462e-05,33.096928,0.00010140503,224,224,57,0.00045003928,0.003874055,4.8047536e-06,0.20054528,0
1476,24.6,3.972293e-07,33.096897,33.096897,-3.1091447e-05,33.096897,0.000101412355,224,224,57,0.00044817734,0.003869579,4.772482e-06,0.20054437,0
1477,24.616667,3.9544884e-07,33.09686,33.09686,-3.5746623e-05,33.09686,0.00010141793,224,224,57,0.00044626856,0.003865706,4.7226226e-06,0.20054343,0
1478,24.633333,3.9379594e-07,33.096825,33.096825,-3.3751436e-05,33.096825,0.00010141422,224,224,57,0.0004444574,0.0038617987,4.6639034e-06,0.20054252,0
1479,24.65,3.9212517e-07,33.096786,33.096786,-3.8240338e-05,33.096786,0.000101425496,221,221,56,0.00044258678,0.003858136,4.6117775e-06,0.2005416,0
1480,24.666666,3.9036283e-07,33.09676,33.09676,-2.8431381e-05,33.09676,0.00010142475,221,221,56,0.0004405952,0.0038543947,4.5469887e-06,0.20054072,0
1481,24.683332,3.885656e-07,33.09672,33.09672,-3.7242935e-05,33.09672,0.00010142774,221,221,56,0.0004385235,0.0038511988,4.4922904e-06,0.2005398,0
1482,24.7,3.8682288e-07,33.096687,33.096687,-3.425029e-05,33.096687,0.000101435864,221,221,56,0.0004364878,0.0038468677,4.423806e-06,0.2005389,0
1483,24.716667,3.8497814e-07,33.096653,33.096653,-3.4749155e-05,33.096653,0.00010143322,221,221,56,0.0004342945,0.0038431112,4.359736e-06,0.200538,0
1484,24.733334,3.8308693e-07,33.09662,33.09662,-3.4915458e-05,33.09662,0.00010144241,221,221,56,0.0004319658,0.0038396288,4.285822e-06,0.2005371,0
1485,24.75,3.8113728e-07,33.096584,33.096584,-3.2587945e-05,33.096584,0.00010138377,221,221,56,0.0004295177,0.0038358,4.206714e-06,0.2005362,0
1486,24.766666,3.7916993e-07,33.09655,33.09655,-3.5248046e-05,33.09655,0.000101388425,221,221,56,0.00042687418,0.0038319267,4.1263843e-06,0.20053528,0
1487,24.783333,3.7692226e-07,33.096516,33.096516,-3.3585773e-05,33.096516,0.00010145171,221,221,56,0.00042372246,0.0038284669,4.018046e-06,0.20053439,0
1488,24.8,3.745134e-07,33.096478,33.09648,-3.74098e-05,33.09648,0.00010139702,221,221,56,0.00041988914,0.003825212,3.9198153e-06,0.20053336,0
1489,24.816668,3.7188863e-07,33.096443,33.096443,-3.4916193e-05,33.096443,0.000101461956,221,221,56,0.00041452952,0.0038204533,3.7001084e-06,0.20053247,0
1490,24.833334,3.7081116e-07,33.096405,33.096405,-3.940353e-05,33.096405,0.000101411344,221,221,56,0.00040389743,0.0038086313,3.3468816e-06,0.20053141,0
1491,24.85,2.0792047e-06,33.096306,33.096306,-9.837717e-05,33.096306,0.00010148727,221,221,56,0.0012324015,0.0054643922,5.310986e-06,0.20052902,0
1492,24.866667,7.47889e-06,33.09625,33.096256,-4.9797003e-05,33.096256,0.00010157047,221,221,56,0.002464143,0.009008275,3.0506078e-05,0.20052747,0
1493,24.883333,1.2334019e-05,33.09621,33.096222,-3.5711113e-05,33.096222,0.000101566504,221,221,56,0.0031787665,0.010570089,4.6849786e-05,0.20052598,0
1494,24.9,1.5598913e-05,33.09617,33.096184,-3.713509e-05,33.096184,0.00010157186,221,221,56,0.00359478,0.011959,5.6111076e-05,0.2005246,0
1495,24.916666,1.05627605e-05,33.096146,33.096157,-2.7480588e-05,33.096157,0.000101455415,221,221,56,0.0032992652,0.017096214,5.88196e-05,0.20052351,0
1496,24.933332,3.8618487e-06,33.096092,33.096096,-5.9902537e-05,33.096096,0.00010145552,221,221,56,0.0020576378,0.014601049,4.419766e-05,0.20052145,0
1497,24.95,8.69751e-07,33.096077,33.09608,-1.812131e-05,33.09608,0.0001014406,221,221,56,0.00090124947,0.0075161364,2.3068145e-05,0.20052052,0
1498,24.966667,3.326223e-07,33.09605,33.09605,-2.7470453e-05,33.09605,0.00010136861,221,221,56,0.00038613373,0.0033107027,5.239944e-06,0.20051962,0
1499,24.983334,5.5999584e-07,33.096012,33.096012,-3.8343805e-05,33.096012,0.00010143009,221,221,56,0.00059884257,0.0037627732,6.081807e-06,0.20051864,0
1500,25,6.3223825e-07,33.095966,33.095966,-4.71442e-05,33.095966,0.00010138135,221,221,56,0.00064373494,0.0040100217,8.947774e-06,0.20051742,0
1501,25.016666,8.1743696e-07,33.09591,33.095913,-5.4512722e-05,33.095913,0.00010139487,221,221,56,0.00066388067,0.0014168923,8.22129e-06,0.20051615,0
1502,25.033333,3.0518122e-06,33.095806,33.095806,-0.000103670114,33.095806,0.00010154311,221,221,56,0.0015446006,0.007069681,1.29191685e-05,0.20051354,0
1503,25.05,7.18776e-07,33.09583,33.09583,2.2605225e-05,33.09583,0.000101409525,221,221,56,0.0007937587,0.0049108597,2.0345811e-05,0.20051351,0
1504,25.066668,2.4404696e-07,33.09582,33.09582,-9.286248e-06,33.09582,0.00010134253,222,222,56,0.000322792,0.0030956585,4.016081e-06,0.20051314,0
1505,25.083334,5.210119e-07,33.09579,33.09579,-3.0480225e-05,33.09579,0.00010139296,222,222,56,0.0005571444,0.0038193366,5.8794e-06,0.20051223,0
1506,25.1,5.6151816e-07,33.095745,33.095745,-4.5845896e-05,33.095745,0.000101338475,222,222,56,0.00058148697,0.0040841005,7.927559e-06,0.20051113,0
1507,25.116667,5.05537e-07,33.095703,33.095707,-3.929218e-05,33.095707,0.00010141137,222,222,56,0.00054550805,0.004033841,7.357778e-06,0.20051017,0
1508,25.133333,4.787095e-07,33.095665,33.095665,-4.042681e-05,33.095665,0.00010141597,222,222,56,0.00052757136,0.004005933,6.7889864e-06,0.20050912,0
1509,25.15,4.6249704e-07,33.095627,33.095627,-3.7756115e-05,33.095627,0.00010141824,222,222,56,0.00051353406,0.0039916066,6.419111e-06,0.20050818,0
1510,25.166666,4.457335e-07,33.09559,33.09559,-3.6759135e-05,33.09559,0.00010147815,222,222,56,0.00049683027,0.003973495,6.014168e-06,0.20050724,0
1511,25.183332,4.2869385e-07,33.09555,33.09555,-3.8421964e-05,33.09555,0.00010142963,222,222,56,0.0004767642,0.0039543267,5.517611e-06,0.20050618,0
1512,25.2,7.8812405e-07,33.09548,33.09548,-6.8802685e-05,33.09548,0.00010143802,222,222,56,0.0005892196,0.0031283177,4.0961513e-06,0.20050463,0
1513,25.216667,4.259649e-06,33.095398,33.0954,-8.015478e-05,33.0954,0.00010153825,222,222,56,0.0018232033,0.006598381,1.7792236e-05,0.2005025,0
1514,25.233334,5.8062865e-06,33.09538,33.095387,-1.8071461e-05,33.095387,0.000101587546,222,222,56,0.0023205478,0.010076532,3.685702e-05,0.20050146,0
1515,25.25,1.656727e-06,33.095356,33.09536,-2.676025e-05,33.09536,0.00010146012,222,222,56,0.001277772,0.010147123,2.9338275e-05,0.20050044,0
1516,25.266666,4.4083356e-07,33.095314,33.095314,-4.5439745e-05,33.095314,0.000101514444,222,222,56,0.0005281425,0.00379546,1.1716279e-05,0.20049904,0
1517,25.283333,1.6760981e-06,33.09523,33.09523,-8.2889805e-05,33.09523,0.00010152622,222,222,56,0.001079516,0.0052101165,7.496906e-06,0.2004969,0
1518,25.3,7.4135073e-07,33.095226,33.095226,-2.5972981e-06,33.095226,0.00010147413,222,222,56,0.000762165,0.0041019805,1.7419958e-05,0.20049651,0
1519,25.316668,2.6674692e-07,33.095226,33.09523,8.5543684e-07,33.09523,0.00010133712,222,222,56,0.00036144065,0.0028603994,3.227476e-06,0.20049627,0
1520,25.333334,7.081489e-07,33.0952,33.095203,-2.6658176e-05,33.095203,0.00010133482,222,222,56,0.0007000403,0.0036977024,7.532965e-06,0.20049545,0
1521,25.35,2.9211135e-06,33.095016,33.09502,-0.0001814989,33.09502,0.00010150719,222,222,56,0.0011426939,0.0069580483,1.1428762e-05,0.20049162,0
1522,25.366667,3.5909989e-06,33.0947,33.094704,-0.00031571352,33.094704,0.00010273647,222,222,56,0.0015980793,0.009256517,1.4921245e-05,0.20048448,0
1523,25.383333,2.749302e-06,33.0946,33.0946,-0.00010192479,33.0946,0.000102603546,222,222,56,0.0014015359,0.009135028,1.9881536e-05,0.20048141,0
1524,25.4,4.0352165e-06,33.094444,33.094448,-0.00015582514,33.094448,0.00010280672,222,222,56,0.0017209963,0.009647883,1.8391818e-05,0.20047708,0
1525,25.416666,4.2726642e-06,33.094345,33.09435,-9.7354285e-05,33.09435,0.00010271718,222,222,56,0.0017619603,0.009920676,2.5627998e-05,0.20047426,0
1526,25.433332,2.7707656e-06,33.094273,33.094276,-7.432162e-05,33.094276,0.00010259693,222,222,56,0.0013866434,0.009333419,2.0757656e-05,0.20047158,0
1527,25.45,3.86249e-06,33.094124,33.094128,-0.00014737406,33.094128,0.000102746686,222,222,56,0.0017749721,0.01044657,1.9812416e-05,0.20046766,0
1528,25.466667,4.863877e-06,33.094006,33.094013,-0.00011570968,33.094013,0.00010282165,222,222,56,0.0019806335,0.011038362,2.4310393e-05,0.20046414,0
1529,25.483334,2.5932852e-06,33.093952,33.093952,-5.8963575e-05,33.093952,0.00010272861,222,222,56,0.0014243625,0.010041708,2.5080548e-05,0.20046204,0
1530,25.5,2.56108e-06,33.09387,33.093872,-8.199596e-05,33.093872,0.00010243089,224,224,57,0.0012433873,0.008692275,1.5270922e-05,0.20045947,0
1531,25.516666,2.5389209e-06,33.093754,33.093754,-0.00011606821,33.093754,0.00010254979,224,224,57,0.0012389765,0.008165829,1.4066894e-05,0.20045619,0
1532,25.533333,2.5422687e-06,33.09364,33.093643,-0.00011188632,33.093643,0.00010275841,224,224,57,0.0012326343,0.008070652,1.4312714e-05,0.2004529,0
1533,25.55,2.5265238e-06,33.093536,33.093536,-0.000105421466,33.093536,0.00010275841,224,224,57,0.0012186572,0.0079758745,1.4026431e-05,0.20044988,0
1534,25.566668,2.5203037e-06,33.09343,33.09343,-0.000106908235,33.09343,0.00010290742,224,224,57,0.0012119166,0.007919133,1.3799924e-05,0.2004468,0
1535,25.583334,2.522957e-06,33.093323,33.093327,-0.00010440554,33.093327,0.000102861624,224,224,57,0.001211035,0.007897484,1.3633715e-05,0.20044388,0
1536,25.6,2.5254308e-06,33.093216,33.09322,-0.000105902014,33.09322,0.000102940656,224,224,57,0.0012114006,0.007885983,1.3698015e-05,0.20044088,0
1537,25.616667,2.523359e-06,33.093113,33.093117,-0.00010357899,33.093117,0.00010290532,224,224,57,0.0012102623,0.0078751175,1.36883355e-05,0.20043783,0
1538,25.633333,2.5172087e-06,33.093006,33.09301,-0.00010657566,33.09301,0.00010291979,224,224,57,0.0012073785,0.007859933,1.3628402e-05,0.20043483,0
1539,25.65,2.5091467e-06,33.092903,33.092903,-0.00010558004,33.092903,0.000102917606,224,224,57,0.0012035688,0.007841854,1.3486969e-05,0.20043187,0
1540,25.666666,2.5009485e-06,33.092796,33.0928,-0.00010574643,33.0928,0.00010285249,224,224,57,0.0011994989,0.007821917,1.3424775e-05,0.20042874,0
1541,25.683332,2.4923922e-06,33.09269,33.092693,-0.00010657806,33.092693,0.00010291419,224,224,57,0.0011952509,0.007801654,1.3333706e-05,0.20042577,0
1542,25.7,2.484151e-06,33.092587,33.092587,-0.000104250175,33.092587,0.000102876016,224,224,57,0.0011910523,0.0077798953,1.317586e-05,0.20042278,0
1543,25.716667,1.237056e-05,33.091873,33.091885,-0.0007016853,33.091885,0.00010481443,225,225,57,0.0026768865,0.0100191785,2.2378537e-05,0.20040794,0
1544,25.733334,1.6994767e-05,33.091537,33.091553,-0.0003328736,33.091553,0.00010561951,225,225,57,0.0034308007,0.013136682,3.7614296e-05,0.20039918,0
1545,25.75,2.48786e-05,33.09131,33.09133,-0.00022171444,33.09133,0.00010555493,225,225,57,0.0043035354,0.016083231,5.5111963e-05,0.20039311,0
1546,25.766666,3.2004613e-05,33.09107,33.0911,-0.00023178254,33.0911,0.00010566009,225,225,57,0.0049739964,0.01814026,6.990234e-05,0.20038624,0
1547,25.783333,3.4414752e-05,33.09085,33.09089,-0.00021289018,33.09089,0.00010562503,225,225,57,0.005180067,0.018767335,7.841047e-05,0.20037985,0
1548,25.8,3.1484928e-05,33.09065,33.09068,-0.0002084211,33.09068,0.00010555985,225,225,57,0.0048215576,0.016931036,7.586443e-05,0.20037398,0
1549,25.816668,2.9490431e-05,33.090427,33.090458,-0.00022244873,33.090458,0.000105619445,223,223,56,0.004540173,0.015123936,6.925255e-05,0.20036763,0
1550,25.833334,2.8189588e-05,33.090187,33.090218,-0.00023921186,33.090218,0.00010585786,223,223,56,0.004447242,0.015501734,6.619584e-05,0.20036118,0
1551,25.85,2.772571e-05,33.089977,33.090004,-0.00021343664,33.090004,0.00010579825,223,223,56,0.004384401,0.01520733,6.361653e-05,0.20035511,0
1552,25.866667,2.9442406e-05,33.08978,33.08981,-0.00019562809,33.08981,0.00010576845,223,223,56,0.00465405,0.015158913,6.821862e-05,0.2003492,0
1553,25.883333,3.273029e-05,33.089645,33.08968,-0.00012821988,33.08968,0.000105711944,223,223,56,0.0050426763,0.018043978,7.2481715e-05,0.20034409,0
1554,25.9,4.0511673e-05,33.089527,33.08957,-0.000111091,33.08957,0.00010576298,223,223,56,0.0057382802,0.021810059,8.351504e-05,0.20033999,0
1555,25.916666,4.3835767e-05,33.0894,33.089447,-0.00012186598,33.089447,0.00010569594,223,223,56,0.005907609,0.020122612,9.128525e-05,0.20033538,0
1556,25.933332,4.410488e-05,33.08926,33.089306,-0.00014121395,33.089306,0.00010570363,223,223,56,0.0057794168,0.017840559,9.167084e-05,0.20033033,0
1557,25.95,4.3687247e-05,33.089127,33.089172,-0.0001337542,33.089172,0.000105655294,223,223,56,0.005743416,0.018053932,9.069521e-05,0.20032604,0
1558,25.966667,4.3176835e-05,33.088978,33.089024,-0.0001489762,33.089024,0.00010566004,223,223,56,0.005747512,0.018607156,9.045157e-05,0.20032126,0
1559,25.983334,4.1557298e-05,33.088833,33.088875,-0.00014825651,33.088875,0.00010561876,223,223,56,0.00571518,0.019349625,8.8410445e-05,0.20031661,0
1560,26,4.0472813e-05,33.08868,33.08872,-0.0001553692,33.08872,0.00010562314,223,223,56,0.0055289436,0.017179884,8.736603e-05,0.20031175,0
1561,26.016666,3.9787672e-05,33.08852,33.08856,-0.00016062253,33.08856,0.00010569719,223,223,56,0.005584303,0.019358393,8.588478e-05,0.20030665,0
1562,26.033333,3.823976e-05,33.088364,33.0884,-0.00015716266,33.0884,0.0001056791,224,224,57,0.0053570755,0.016244,8.463053e-05,0.20030186,0
1563,26.05,3.795525e-05,33.088207,33.088245,-0.00015606552,33.088245,0.00010566551,224,224,57,0.0053834417,0.017811963,8.2867715e-05,0.20029698,0
1564,26.066668,3.686735e-05,33.088043,33.08808,-0.00016501542,33.08808,0.00010567912,224,224,57,0.0053517674,0.018475858,8.2002145e-05,0.200292,0
1565,26.083334,3.5693585e-05,33.087887,33.087925,-0.00015662226,33.087925,0.000105688494,226,226,58,0.0051495,0.015798274,8.029869e-05,0.20028701,0
1566,26.1,3.4949335e-05,33.087738,33.087772,-0.00015103884,33.087772,0.00010569884,226,226,58,0.0050885933,0.01555162,7.8504214e-05,0.20028245,0
1567,26.116667,3.4069748e-05,33.08758,33.087616,-0.0001563281,33.087616,0.00010564683,226,226,58,0.0050165914,0.015296903,7.718505e-05,0.20027749,0
1568,26.133333,3.335355e-05,33.087433,33.087463,-0.00015150955,33.087463,0.00010567917,226,226,58,0.004957193,0.015044592,7.5946315e-05,0.20027307,0
1569,26.15,3.274942e-05,33.087276,33.08731,-0.00015372506,33.08731,0.00010567919,226,226,58,0.0049071037,0.014766244,7.498515e-05,0.20026846,0
1570,26.166666,3.316045e-05,33.087105,33.08714,-0.000172328,33.08714,0.00010567613,224,224,57,0.004913355,0.01450865,7.456153e-05,0.20026329,0
1571,26.183332,3.4309625e-05,33.086906,33.08694,-0.00019752565,33.08694,0.000105699655,224,224,57,0.0049819513,0.014552572,7.5339536e-05,0.20025785,0
1572,26.2,3.4867204e-05,33.086723,33.086758,-0.00018481683,33.086758,0.00010582831,224,224,57,0.0050288043,0.0145477215,7.54716e-05,0.20025265,0
1573,26.216667,3.581059e-05,33.08654,33.086575,-0.00018093968,33.086575,0.000105917636,224,224,57,0.0051116776,0.014650341,7.643058e-05,0.20024729,0
1574,26.233334,3.6872174e-05,33.086365,33.086403,-0.00017350625,33.086403,0.00010597724,224,224,57,0.005183967,0.014853564,7.862866e-05,0.20024207,0
1575,26.25,3.7336737e-05,33.086193,33.08623,-0.00017144319,33.08623,0.000105956395,225,225,57,0.005235548,0.014892439,7.904821e-05,0.2002376,0
1576,26.266666,3.6640085e-05,33.086025,33.086063,-0.00016695174,33.086063,0.00010594718,225,225,57,0.0051602297,0.014797959,7.9055804e-05,0.20023274,0
1577,26.283333,3.5687026e-05,33.08586,33.085896,-0.00016853819,33.085896,0.00010589324,225,225,57,0.005087179,0.014583696,7.7827135e-05,0.20022789,0
1578,26.3,3.4761433e-05,33.08572,33.085754,-0.00013941608,33.085754,0.0001059708,225,225,57,0.0050133076,0.014369366,7.642024e-05,0.20022364,0
1579,26.316668,3.3909877e-05,33.085583,33.085617,-0.00013817825,33.085617,0.0001059226,225,225,57,0.0049449704,0.014163507,7.51911e-05,0.20021935,0
1580,26.333334,3.318261e-05,33.085453,33.085487,-0.00013157002,33.085487,0.000105872736,225,225,57,0.0048883553,0.013972824,7.4104624e-05,0.2002151,0
1581,26.35,3.3718246e-05,33.08529,33.085323,-0.0001625606,33.085323,0.00010601437,225,225,57,0.0048962217,0.013995636,7.350687e-05,0.20021026,0
1582,26.366667,3.3094042e-05,33.085117,33.08515,-0.00017269822,33.08515,0.00010603534,225,225,57,0.004848972,0.013849669,7.350841e-05,0.20020479,0
1583,26.383333,3.2770127e-05,33.08496,33.084995,-0.00015676995,33.084995,0.00010604659,225,225,57,0.0048623346,0.013759963,7.252047e-05,0.20020033,0
1584,26.4,3.1653915e-05,33.084816,33.084846,-0.0001465894,33.084846,0.00010605467,225,225,57,0.00473989,0.01350439,7.138e-05,0.20019567,0
1585,26.416666,3.093634e-05,33.084667,33.084698,-0.00014901711,33.084698,0.000106000516,225,225,57,0.0047239973,0.013907326,7.008969e-05,0.20019102,0
1586,26.433332,3.0074518e-05,33.08452,33.084545,-0.00015132267,33.084545,0.00010600891,225,225,57,0.00463474,0.013163342,6.888796e-05,0.2001863,0
1587,26.45,2.8774144e-05,33.08437,33.0844,-0.00014693983,33.0844,0.00010608042,225,225,57,0.0044963607,0.012876744,6.727766e-05,0.2001818,0
1588,26.466667,2.8135164e-05,33.084248,33.08428,-0.00012350148,33.08428,0.00010609834,225,225,57,0.004489205,0.0134002585,6.563347e-05,0.20017782,0
1589,26.483334,2.674388e-05,33.084126,33.084152,-0.00012408753,33.084152,0.000106099425,224,224,57,0.0043351837,0.012307986,6.388925e-05,0.20017383,0
1590,26.5,2.5406476e-05,33.084,33.084026,-0.00012586245,33.084026,0.000106113905,224,224,57,0.0041976157,0.011904041,6.115959e-05,0.20017026,0
1591,26.516666,2.426264e-05,33.083874,33.083897,-0.00012932651,33.083897,0.00010612103,225,225,57,0.0040830076,0.011599497,5.8821828e-05,0.2001662,0
1592,26.533333,2.3342278e-05,33.08375,33.083775,-0.00012228657,33.083775,0.00010606269,225,225,57,0.0039901366,0.011506934,5.6890414e-05,0.20016205,0
1593,26.55,2.5178284e-05,33.08362,33.083645,-0.00013050305,33.083645,0.00010600958,225,225,57,0.004117645,0.022512402,5.6201618e-05,0.20015833,0
1594,26.566668,2.4482544e-05,33.08346,33.08349,-0.000156643,33.08349,0.00010621556,225,225,57,0.0040885187,0.02540027,5.935808e-05,0.200153,0
1595,26.583334,2.3564991e-05,33.083298,33.08332,-0.00016684012,33.08332,0.00010621555,225,225,57,0.004013465,0.02564065,5.7129608e-05,0.20014778,0
1596,26.6,2.2415463e-05,33.083157,33.08318,-0.00014163507,33.08318,0.000106096326,225,225,57,0.0039467392,0.02552601,5.6503755e-05,0.20014305,0
1597,26.616667,2.0366053e-05,33.08301,33.08303,-0.00014719009,33.08303,0.00010615593,225,225,57,0.0037548074,0.024979675,5.4350305e-05,0.20013806,0
1598,26.633333,1.8472234e-05,33.08287,33.08289,-0.00014204685,33.08289,0.000106215535,225,225,57,0.0035919254,0.024940172,5.0727594e-05,0.2001331,0
1599,26.65,1.702781e-05,33.08273,33.08275,-0.00014259499,33.08275,0.00010609632,225,225,57,0.003437207,0.025049035,4.776035e-05,0.20012844,0
1600,26.666666,1.5900132e-05,33.08259,33.082603,-0.00014493833,33.082603,0.000106096304,225,225,57,0.0032877252,0.02493935,4.4857792e-05,0.20012353,0
1601,26.683332,1.5012059e-05,33.08244,33.082455,-0.00014935386,33.082455,0.00010597722,225,225,57,0.0031421632,0.024683157,4.1846295e-05,0.20011887,0
1602,26.7,1.4346466e-05,33.08229,33.082306,-0.00014713632,33.082306,0.00010598009,225,225,57,0.0030025267,0.024349477,3.8861708e-05,0.20011418,0
1603,26.716667,1.3782585e-05,33.08214,33.082157,-0.00015052597,33.082157,0.00010597708,225,225,57,0.0028620241,0.023950728,3.5773795e-05,0.20010932,0
1604,26.733334,1.3391052e-05,33.081993,33.082005,-0.00015085239,33.082005,0.00010597708,225,225,57,0.0027377387,0.02345015,3.265801e-05,0.20010468,0
1605,26.75,1.3211617e-05,33.081837,33.08185,-0.00015579419,33.08185,0.000105917476,225,225,57,0.0026336778,0.022939613,2.977537e-05,0.20009989,0
1606,26.766666,1.3051695e-05,33.081673,33.081688,-0.00016192612,33.081688,0.00010597707,225,225,57,0.002536084,0.022468062,2.703505e-05,0.2000949,0
1607,26.783333,1.3150044e-05,33.08151,33.081524,-0.00016382916,33.081524,0.00010602655,225,225,57,0.0024685217,0.02198594,2.4403776e-05,0.20009007,0
1608,26.8,1.3136547e-05,33.081345,33.08136,-0.00016493854,33.08136,0.00010609178,225,225,57,0.0023980348,0.021513637,2.210644e-05,0.20008506,0
1609,26.816668,1.3162289e-05,33.08118,33.081196,-0.000163403,33.081196,0.00010603666,225,225,57,0.0023385317,0.021068167,1.9960333e-05,0.20007998,0
1610,26.833334,1.3226421e-05,33.081024,33.081036,-0.00015887573,33.081036,0.00010603667,227,227,58,0.002290736,0.020647557,1.9545047e-05,0.20007542,0
1611,26.85,1.3294224e-05,33.08086,33.08087,-0.00016286218,33.08087,0.000106072446,227,227,58,0.0022818071,0.02025366,2.0177275e-05,0.20007053,0
1612,26.866667,1.3397727e-05,33.0807,33.08071,-0.00016116393,33.08071,0.00010607595,227,227,58,0.0023099617,0.019883852,2.073449e-05,0.20006543,0
1613,26.883333,1.3248336e-05,33.080547,33.08056,-0.0001526053,33.08056,0.00010612713,227,227,58,0.0023143215,0.01964573,2.1194515e-05,0.2000613,0
1614,26.9,1.3380352e-05,33.0804,33.080414,-0.00014716998,33.080414,0.000106054766,227,227,58,0.0023376145,0.019320833,2.1576492e-05,0.20005687,0
1615,26.916666,1.3492584e-05,33.08025,33.08026,-0.0001500161,33.08026,0.000106068874,227,227,58,0.00235778,0.01899715,2.1885466e-05,0.2000522,0
1616,26.933332,1.078832e-05,33.0801,33.080112,-0.00014884248,33.080112,0.00010609627,227,227,58,0.0022794884,0.008176041,1.8188455e-05,0.20004813,0
1617,26.95,1.1388028e-05,33.07999,33.08,-0.00011062494,33.08,0.000105986874,227,227,58,0.002416127,0.008185148,2.0586713e-05,0.2000449,0
1618,26.966667,1.2186049e-05,33.079853,33.07987,-0.00013553114,33.07987,0.00010591501,227,227,58,0.0025188627,0.008411967,2.3973722e-05,0.20004103,0
1619,26.983334,1.2743211e-05,33.079712,33.079723,-0.0001420897,33.079723,0.00010598082,227,227,58,0.0025348791,0.008857327,2.5409632e-05,0.2000373,0
1620,27,1.3516632e-05,33.07957,33.079586,-0.00013954587,33.079586,0.00010597928,227,227,58,0.002541881,0.015071565,2.6606851e-05,0.20003325,0
1621,27.016666,1.3683986e-05,33.079433,33.07945,-0.00013832313,33.07945,0.000106036685,227,227,58,0.0025472797,0.015698565,2.7077858e-05,0.20002998,0
1622,27.033333,1.3842788e-05,33.079296,33.07931,-0.0001356716,33.07931,0.0001060367,227,227,58,0.002594654,0.014497962,2.7412363e-05,0.20002633,0
1623,27.05,1.4082689e-05,33.07917,33.079185,-0.00012727774,33.079185,0.00010597708,228,228,58,0.0026340862,0.01449806,2.8272587e-05,0.20002289,0
1624,27.066668,1.4296148e-05,33.079037,33.079052,-0.00013162682,33.079052,0.000105961386,228,228,58,0.0026648187,0.014557638,2.9132187e-05,0.20001939,0
1625,27.083334,1.4110577e-05,33.07891,33.078926,-0.00012803572,33.078926,0.000106017076,228,228,58,0.0026907749,0.013235585,2.964701e-05,0.20001586,0
1626,27.1,1.3760392e-05,33.078735,33.078747,-0.00017641431,33.078747,0.00010609755,228,228,58,0.0028448887,0.01684927,3.0415855e-05,0.20001131,0
1627,27.116667,1.4765063e-05,33.07858,33.078594,-0.00015294754,33.078594,0.00010623627,228,228,58,0.0030355386,0.018892545,3.6636633e-05,0.20000756,0
1628,27.133333,1.5975493e-05,33.078434,33.07845,-0.00014409651,33.07845,0.00010623413,229,229,58,0.0032580155,0.022496333,4.2061398e-05,0.20000347,0
1629,27.15,1.607262e-05,33.078297,33.078312,-0.00013855961,33.078312,0.00010623375,229,229,58,0.003341595,0.022412144,4.521404e-05,0.19999945,0
1630,27.166666,1.6498578e-05,33.07816,33.078175,-0.00013606946,33.078175,0.00010611931,229,229,58,0.0033407768,0.020622376,4.681836e-05,0.19999574,0
1631,27.183332,1.6700567e-05,33.078022,33.078037,-0.0001382885,33.078037,0.000106119034,229,229,58,0.0034344702,0.023829337,4.7842874e-05,0.19999161,0
1632,27.2,1.6983806e-05,33.07789,33.077908,-0.00013089202,33.077908,0.00010618501,229,229,58,0.0034174495,0.02088215,4.869547e-05,0.19998802,0
1633,27.216667,1.6990323e-05,33.077755,33.07777,-0.0001364889,33.07777,0.00010612547,230,230,59,0.0034832,0.023005316,4.923502e-05,0.19998387,0
1634,27.233334,1.712587e-05,33.07762,33.077637,-0.0001340323,33.077637,0.00010613958,230,230,59,0.0034774258,0.023697821,4.950842e-05,0.19998033,0
1635,27.25,1.7006401e-05,33.077488,33.077503,-0.00013295728,33.077503,0.000106141706,228,228,58,0.0034352469,0.020566586,4.9522725e-05,0.19997638,0
1636,27.266666,1.6810747e-05,33.077354,33.07737,-0.00013303346,33.07737,0.0001060295,228,228,58,0.0034621577,0.023336789,4.9264316e-05,0.19997273,0
1637,27.283333,1.6670727e-05,33.07722,33.07724,-0.00013181404,33.07724,0.00010609639,232,232,59,0.0033921131,0.02035618,4.8832233e-05,0.19996889,0
1638,27.3,1.6502601e-05,33.077087,33.077103,-0.00013549977,33.077103,0.000106102394,232,232,59,0.0033939665,0.023287732,4.819004e-05,0.19996493,0
1639,27.316668,1.608386e-05,33.076954,33.07697,-0.00013325654,33.07697,0.0001061718,232,232,59,0.0033533494,0.021565689,4.7539914e-05,0.1999614,0
1640,27.333334,1.5800179e-05,33.07682,33.076836,-0.00013295523,33.076836,0.00010612615,232,232,59,0.0032661594,0.019061612,4.6332472e-05,0.19995752,0
1641,27.35,1.6177835e-05,33.076687,33.076706,-0.00013246015,33.076706,0.00010607297,236,236,60,0.003279195,0.02212095,4.5015364e-05,0.1999536,0
1642,27.366667,1.47442815e-05,33.076553,33.07657,-0.00013643267,33.07657,0.000106198626,236,236,60,0.0031672106,0.021622669,4.3548134e-05,0.19994979,0
1643,27.383333,1.4492166e-05,33.076424,33.07644,-0.00012943232,33.07644,0.0001061578,236,236,60,0.0030715584,0.01839628,4.227976e-05,0.19994614,0
1644,27.4,1.4618326e-05,33.07629,33.076305,-0.00013304416,33.076305,0.00010617056,236,236,60,0.0030690844,0.021367649,4.0849227e-05,0.1999424,0
1645,27.416666,1.3767575e-05,33.07616,33.076176,-0.00013119473,33.076176,0.000106238374,236,236,60,0.0030027246,0.020737099,3.9677285e-05,0.19993864,0
1646,27.433332,1.3548176e-05,33.076035,33.076046,-0.00012840207,33.076046,0.00010624987,236,236,60,0.0029108627,0.017794456,3.841402e-05,0.19993502,0
1647,27.45,1.3795939e-05,33.075905,33.075916,-0.00012810116,33.075916,0.00010625675,236,236,60,0.0029242842,0.020760758,3.7192192e-05,0.19993135,0
1648,27.466667,1.3047204e-05,33.075783,33.075794,-0.00012361124,33.075794,0.00010633728,236,236,60,0.0028713646,0.020141885,3.634393e-05,0.19992809,0
1649,27.483334,1.2934537e-05,33.075657,33.075672,-0.00012380644,33.075672,0.00010629205,236,236,60,0.0027947577,0.017257212,3.5384193e-05,0.19992451,0
1650,27.5,1.329972e-05,33.07554,33.07555,-0.0001200035,33.07555,0.0001063018,236,236,60,0.0028236143,0.019964643,3.4425946e-05,0.19992085,0
1651,27.516666,1.2564769e-05,33.075428,33.07544,-0.000111294576,33.07544,0.000106377636,236,236,60,0.002777727,0.019762555,3.3847424e-05,0.19991773,0
1652,27.533333,1.2472548e-05,33.075317,33.07533,-0.00010915555,33.07533,0.000106389205,236,236,60,0.00275681,0.019249942,3.314726e-05,0.19991452,0
1653,27.55,1.23853715e-05,33.075207,33.07522,-0.00011131183,33.07522,0.00010633998,236,236,60,0.002737241,0.018811049,3.2642634e-05,0.19991113,0
1654,27.566668,1.2295851e-05,33.075096,33.075108,-0.00010981788,33.075108,0.00010635271,237,237,60,0.0027175646,0.018328773,3.215158e-05,0.19990791,0
1655,27.583334,1.22193915e-05,33.07498,33.074993,-0.00011495872,33.074993,0.00010641981,237,237,60,0.002700632,0.017903663,3.1636482e-05,0.1999043,0
1656,27.6,1.2183284e-05,33.074875,33.074886,-0.00010826816,33.074886,0.00010637719,236,236,60,0.0026412983,0.01614376,3.1187177e-05,0.19990133,0
1657,27.616667,1.2169353e-05,33.07476,33.07477,-0.00011356615,33.07477,0.000106384796,236,236,60,0.0026219566,0.01615928,3.0711366e-05,0.19989792,0
1658,27.633333,1.2640313e-05,33.074642,33.074657,-0.00011574134,33.074657,0.00010633961,235,235,60,0.002656227,0.01709254,3.0190831e-05,0.1998942,0
1659,27.65,1.2973536e-05,33.074528,33.074543,-0.000115214054,33.074543,0.00010640634,234,234,60,0.0026840062,0.018283825,2.9898712e-05,0.19989121,0
1660,27.666666,1.1868858e-05,33.074425,33.074436,-0.00010484785,33.074436,0.000106363994,236,236,61,0.0026272314,0.017602496,2.9682094e-05,0.19988793,0
1661,27.683332,1.1943345e-05,33.07432,33.074333,-0.00010283741,33.074333,0.00010637078,236,236,61,0.0026375025,0.0180005,3.0032637e-05,0.19988503,0
1662,27.7,1.1950481e-05,33.07421,33.074223,-0.00011021998,33.074223,0.00010644019,236,236,61,0.0026366834,0.018338133,3.0107007e-05,0.19988176,0
1663,27.716667,1.1916372e-05,33.074104,33.074116,-0.00010610485,33.074116,0.00010628207,236,236,61,0.0026292303,0.018533792,3.0009393e-05,0.19987881,0
1664,27.733334,1.1870433e-05,33.073994,33.07401,-0.000110106805,33.07401,0.000106350846,236,236,61,0.0026199538,0.018856455,2.9754996e-05,0.19987556,0
1665,27.75,1.1818669e-05,33.073887,33.0739,-0.00010828382,33.0739,0.00010635681,236,236,61,0.0026095754,0.01920839,2.9459861e-05,0.199872,0
1666,27.766666,1.1738872e-05,33.07378,33.07379,-0.000107979344,33.07379,0.000106425854,236,236,61,0.0025921753,0.019107018,2.9119628e-05,0.19986928,0
1667,27.783333,1.1683348e-05,33.07367,33.07368,-0.00010828758,33.07368,0.00010632788,235,235,61,0.002581684,0.019283243,2.8645765e-05,0.19986607,0
1668,27.8,1.1559266e-05,33.07356,33.07357,-0.00011400881,33.07357,0.00010627876,235,235,61,0.0025488483,0.017856985,2.8226386e-05,0.19986266,0
1669,27.816668,1.1241541e-05,33.07344,33.073452,-0.00011653003,33.073452,0.00010635677,234,234,61,0.002500486,0.01791087,2.6490432e-05,0.1998596,0
1670,27.833334,1.1230789e-05,33.073326,33.073338,-0.00011356297,33.073338,0.00010631273,234,234,61,0.0024966765,0.018128345,2.5941792e-05,0.19985616,0
1671,27.85,1.1480806e-05,33.073223,33.073235,-0.00010216311,33.073235,0.000106320156,234,234,61,0.0024815411,0.017803354,2.5579631e-05,0.19985324,0
1672,27.866667,1.1295114e-05,33.073116,33.073128,-0.0001100803,33.073128,0.00010638239,234,234,61,0.002468423,0.018449927,2.5089845e-05,0.19984995,0
1673,27.883333,1.1032791e-05,33.07301,33.07302,-0.00010716434,33.07302,0.00010645412,234,234,61,0.0024447374,0.01732774,2.4503144e-05,0.19984633,0
1674,27.9,1.0961083e-05,33.072903,33.072914,-0.000106308704,33.072914,0.00010641197,234,234,61,0.0024296825,0.016414002,2.4100882e-05,0.19984369,0
1675,27.916666,1.0949294e-05,33.072792,33.072803,-0.0001084101,33.072803,0.00010641955,234,234,61,0.002380051,0.014193943,2.3636034e-05,0.1998402,0
1676,27.933332,1.1153891e-05,33.072685,33.072697,-0.00010885874,33.072697,0.00010643101,234,234,61,0.0024089403,0.01695864,2.3153892e-05,0.19983737,0
1677,27.95,1.0868066e-05,33.072575,33.072586,-0.000108351625,33.072586,0.00010644256,234,234,61,0.0023996595,0.017537666,2.302077e-05,0.19983394,0
1678,27.966667,1.0776847e-05,33.07247,33.072483,-0.00010516443,33.072483,0.000106399646,234,234,61,0.002388321,0.016501958,2.2643228e-05,0.19983105,0
1679,27.983334,1.0728428e-05,33.072365,33.072376,-0.00010528789,33.072376,0.000106350104,234,234,61,0.0023774297,0.015770372,2.2344693e-05,0.19982752,0
1680,28,1.0690809e-05,33.07226,33.072273,-0.0001041133,33.072273,0.00010642179,234,234,61,0.002368005,0.015420272,2.2114966e-05,0.19982478,0
1681,28.016666,1.0754686e-05,33.072155,33.072166,-0.00010683814,33.072166,0.00010643049,234,234,61,0.0023221693,0.013825028,2.1702743e-05,0.1998217,0
1682,28.033333,1.08786635e-05,33.072044,33.072056,-0.000110103145,33.072056,0.0001064436,234,234,61,0.0023405883,0.015745224,2.1448066e-05,0.19981822,0
1683,28.05,1.0873014e-05,33.07194,33.071953,-0.000103915074,33.071953,0.00010639718,234,234,61,0.0023539932,0.01698074,2.1165622e-05,0.1998154,0
1684,28.066668,1.0663487e-05,33.07184,33.071846,-0.000104451465,33.071846,0.000106407,234,234,61,0.0023419054,0.0173325,2.0910396e-05,0.19981235,0
1685,28.083334,1.06291845e-05,33.071728,33.07174,-0.00010743509,33.07174,0.00010642125,234,234,61,0.0023336716,0.017242188,2.0612246e-05,0.19980875,0
1686,28.1,1.0597134e-05,33.071625,33.071636,-0.00010377522,33.071636,0.000106436004,234,234,61,0.0023260037,0.017189912,2.0386811e-05,0.19980606,0
1687,28.116667,1.0566433e-05,33.07152,33.071533,-0.0001032751,33.071533,0.00010645052,234,234,61,0.0023186412,0.017186508,2.006115e-05,0.19980304,0
1688,28.133333,1.0534693e-05,33.07142,33.071426,-0.00010543746,33.071426,0.00010644997,234,234,61,0.0023110048,0.0171171,1.9797291e-05,0.19979946,0
1689,28.15,1.0502657e-05,33.071312,33.071323,-0.0001034427,33.071323,0.00010641132,234,234,61,0.0023032676,0.017035821,1.9572371e-05,0.19979681,0
1690,28.166666,1.0352355e-05,33.071213,33.07122,-0.000102563434,33.07122,0.00010648162,235,235,61,0.0022870495,0.016080935,1.9224442e-05,0.1997938,0
1691,28.183332,1.0648811e-05,33.071106,33.071114,-0.00010677182,33.071114,0.00010643766,235,235,61,0.002302086,0.017877929,1.9046958e-05,0.19979055,0
1692,28.2,1.031418e-05,33.071007,33.07102,-9.6263815e-05,33.07102,0.000106443855,235,235,61,0.002277847,0.015120673,1.9100307e-05,0.19978777,0
1693,28.216667,1.0277132e-05,33.070904,33.070915,-0.00010444524,33.070915,0.000106401305,235,235,61,0.0022705428,0.014827431,1.8862056e-05,0.19978458,0
1694,28.233334,1.0112208e-05,33.0708,33.07081,-0.00010407435,33.07081,0.00010647179,236,236,61,0.0022258912,0.012432629,1.8002702e-05,0.19978143,0
1695,28.25,1.0037933e-05,33.0707,33.07071,-9.966107e-05,33.07071,0.000106364016,236,236,61,0.0022094487,0.012337341,1.6843915e-05,0.19977847,0
1696,28.266666,1.0001085e-05,33.0706,33.070606,-0.000103115,33.070606,0.000106430365,236,236,61,0.0021985061,0.012406652,1.630979e-05,0.19977546,0
1697,28.283333,9.970467e-06,33.07049,33.070503,-0.00010443881,33.070503,0.00010644316,236,236,61,0.0021902504,0.012339601,1.5925461e-05,0.19977188,0
1698,28.3,9.945813e-06,33.070393,33.0704,-0.00010193902,33.0704,0.00010639809,236,236,61,0.0021835621,0.012284923,1.561298e-05,0.19976892,0
1699,28.316668,9.923522e-06,33.07029,33.0703,-0.00010110538,33.0703,0.0001064668,236,236,61,0.0021776557,0.012237095,1.5278476e-05,0.19976594,0
1700,28.333334,9.9090275e-06,33.070187,33.070198,-0.00010276013,33.070198,0.000106477666,236,236,61,0.0021730617,0.012178771,1.5026498e-05,0.19976293,0
1701,28.35,9.891326e-06,33.070084,33.070095,-0.00010176581,33.070095,0.00010643373,236,236,61,0.0021682635,0.012137237,1.4787808e-05,0.19975992,0
1702,28.366667,9.872715e-06,33.069984,33.069996,-9.993791e-05,33.069996,0.00010644712,236,236,61,0.0021634798,0.012093079,1.4547893e-05,0.19975692,0
1703,28.383333,9.849828e-06,33.06988,33.069893,-0.00010276853,33.069893,0.00010640137,236,236,61,0.0021578504,0.012045959,1.4302641e-05,0.19975388,0
1704,28.4,9.830933e-06,33.069782,33.06979,-0.00010126824,33.06979,0.000106352985,236,236,61,0.002152624,0.0120017575,1.4004404e-05,0.19975029,0
1705,28.416666,9.815442e-06,33.06968,33.06969,-0.00010226236,33.06969,0.000106365515,239,239,62,0.00214833,0.01196382,1.3732619e-05,0.1997473,0
1706,28.433332,9.847833e-06,33.069576,33.069588,-0.00010088444,33.069588,0.000106436695,239,239,62,0.0021467537,0.01186698,1.340388e-05,0.19974421,0
1707,28.45,9.820124e-06,33.069477,33.069485,-0.0001026071,33.069485,0.00010644947,239,239,62,0.002135267,0.012139926,1.2965094e-05,0.19974113,0
1708,28.466667,9.889449e-06,33.069374,33.069386,-0.00010068125,33.069386,0.00010646382,239,239,62,0.002133852,0.012634497,1.2409479e-05,0.19973817,0
1709,28.483334,1.0020594e-05,33.069275,33.069286,-9.845812e-05,33.069286,0.00010647527,239,239,62,0.0021360621,0.012135148,1.2050128e-05,0.19973527,0
1710,28.5,1.0176785e-05,33.06918,33.069187,-9.76018e-05,33.069187,0.00010649192,239,239,62,0.002143324,0.011035995,1.181251e-05,0.19973226,0
1711,28.516666,1.03693255e-05,33.06908,33.069088,-9.972676e-05,33.069088,0.000106500665,239,239,62,0.0021658917,0.009539466,1.1648494e-05,0.19972917,0
1712,28.533333,9.741085e-06,33.068985,33.068993,-9.572614e-05,33.068993,0.00010651455,239,239,62,0.0021150592,0.011471417,1.1425974e-05,0.19972616,0
1713,28.55,9.727933e-06,33.068882,33.06889,-0.000102260026,33.06889,0.00010652603,238,238,61,0.0021114904,0.011458824,1.1139818e-05,0.19972317,0
1714,28.566668,9.714527e-06,33.068783,33.068794,-9.793765e-05,33.068794,0.000106417705,238,238,61,0.0021077585,0.011359091,1.1029109e-05,0.19972011,0
1715,28.583334,9.710801e-06,33.068684,33.068695,-9.89255e-05,33.068695,0.000106492014,238,238,61,0.002105535,0.01149892,1.0781134e-05,0.19971712,0
1716,28.6,9.706973e-06,33.06859,33.0686,-9.593301e-05,33.0686,0.00010644371,238,238,61,0.002103041,0.011554072,1.0617849e-05,0.19971412,0
1717,28.616667,9.6977565e-06,33.06849,33.0685,-9.859848e-05,33.0685,0.000106396285,239,239,61,0.0020992667,0.011568032,1.0429298e-05,0.19971125,0
1718,28.633333,9.745529e-06,33.06839,33.0684,-9.837523e-05,33.0684,0.00010640966,239,239,61,0.002100754,0.011908861,1.0390372e-05,0.19970821,0
1719,28.65,9.961746e-06,33.06829,33.0683,-0.000102196915,33.0683,0.00010647954,242,242,62,0.0021152706,0.011614511,1.0145277e-05,0.19970514,0
1720,28.666666,1.0316132e-05,33.068195,33.068207,-9.308097e-05,33.068207,0.000106494335,242,242,62,0.0021600483,0.00921588,1.0120631e-05,0.19970213,0
1721,28.683332,5.7044485e-06,33.0682,33.068203,-1.2865819e-06,33.068203,0.00010619684,243,243,62,0.0016290231,0.009285164,9.619143e-06,0.199701,0
1722,28.7,6.148687e-06,33.068287,33.068295,8.806067e-05,33.068295,0.000105261555,242,242,62,0.0017468674,0.009892856,1.24147455e-05,0.19970179,0
1723,28.716667,6.4057526e-06,33.06825,33.068253,-3.9311642e-05,33.068253,0.00010516672,241,241,62,0.0018317216,0.010545601,1.6138785e-05,0.19970006,0
1724,28.733334,6.554934e-06,33.068184,33.06819,-6.236273e-05,33.06819,0.00010503707,243,243,63,0.0018802907,0.010930346,1.8521103e-05,0.19969818,0
1725,28.75,6.5914455e-06,33.068115,33.06812,-7.0455644e-05,33.06812,0.000105044164,242,242,62,0.0018978209,0.0110720415,1.9610436e-05,0.19969615,0
1726,28.766666,6.5950744e-06,33.068043,33.06805,-7.0821035e-05,33.06805,0.000105111416,238,238,61,0.0019007506,0.011092072,1.9919164e-05,0.19969377,0
1727,28.783333,6.582828e-06,33.06797,33.067978,-7.166819e-05,33.067978,0.00010506178,235,235,60,0.0018975832,0.011062883,1.9963754e-05,0.19969176,0
1728,28.8,6.563925e-06,33.067898,33.0679,-7.4667434e-05,33.0679,0.00010501764,235,235,60,0.0018919455,0.011015941,1.9820916e-05,0.19968924,0
1729,28.816668,6.542586e-06,33.06782,33.06783,-7.4171105e-05,33.06783,0.00010502681,235,235,60,0.0018853748,0.010962623,1.9633544e-05,0.19968733,0
1730,28.833334,6.520801e-06,33.06775,33.067753,-7.450406e-05,33.067753,0.000105036546,235,235,60,0.0018784993,0.010912562,1.9416628e-05,0.19968483,0
1731,28.85,6.4965857e-06,33.067677,33.06768,-7.334271e-05,33.06768,0.000105045256,235,235,60,0.0018709925,0.010857074,1.830911e-05,0.19968311,0
1732,28.866667,6.4697615e-06,33.067604,33.06761,-6.96877e-05,33.06761,0.00010506283,235,235,60,0.0018628107,0.0108014615,1.8052902e-05,0.19968131,0
1733,28.883333,6.4416927e-06,33.067535,33.06754,-7.168401e-05,33.06754,0.00010507108,235,235,60,0.0018541762,0.010745763,1.7604252e-05,0.19967942,0
1734,28.9,6.4119577e-06,33.067467,33.06747,-6.852683e-05,33.06747,0.000105024345,236,236,60,0.0018451109,0.010689397,1.7404323e-05,0.19967715,0
1735,28.916666,6.380616e-06,33.067394,33.067398,-7.251856e-05,33.067398,0.00010498305,236,236,60,0.0018355666,0.010631962,1.6985121e-05,0.19967552,0
1736,28.933332,6.349159e-06,33.06732,33.06733,-7.0689865e-05,33.06733,0.00010505277,236,236,60,0.0018266065,0.0105786,1.6811204e-05,0.19967371,0
1737,28.95,6.330935e-06,33.067253,33.067257,-6.96791e-05,33.067257,0.00010506334,236,236,60,0.0018202699,0.010536228,1.63951e-05,0.19967167,0
1738,28.966667,6.3073157e-06,33.06718,33.06719,-7.184582e-05,33.06719,0.00010507954,236,236,60,0.0018129172,0.010492715,1.634871e-05,0.19966982,0
1739,28.983334,6.278638e-06,33.067112,33.06712,-6.9024536e-05,33.06712,0.00010497657,236,236,60,0.0018045576,0.010458566,1.6045306e-05,0.19966796,0
1740,29,6.2512167e-06,33.067043,33.067047,-6.918953e-05,33.067047,0.000105041705,236,236,60,0.0017961295,0.010418397,1.58082e-05,0.19966608,0
1741,29.016666,6.2233776e-06,33.06697,33.06698,-7.051999e-05,33.06698,0.00010505366,236,236,60,0.0017874603,0.010371927,1.5199863e-05,0.19966409,0
1742,29.033333,6.19552e-06,33.066902,33.066906,-7.085252e-05,33.066906,0.00010500967,236,236,60,0.0017787149,0.010324141,1.52157245e-05,0.19966227,0
1743,29.05,6.168059e-06,33.066837,33.06684,-6.4866945e-05,33.06684,0.00010501772,236,236,60,0.0017700115,0.010275024,1.4864645e-05,0.19966051,0
1744,29.066668,6.1415135e-06,33.066765,33.06677,-7.268001e-05,33.06677,0.00010503157,236,236,60,0.0017615134,0.010223197,1.4434124e-05,0.19965844,0
1745,29.083334,6.23967e-06,33.066685,33.06669,-8.003679e-05,33.06669,0.00010504606,236,236,60,0.0017158372,0.0080435,1.3996462e-05,0.19965635,0
1746,29.1,6.030073e-06,33.06662,33.066628,-6.255525e-05,33.066628,0.00010505831,236,236,60,0.0017272845,0.009540267,1.29013115e-05,0.19965461,0
1747,29.116667,6.0329844e-06,33.066555,33.066563,-6.467031e-05,33.066563,0.000105065614,236,236,60,0.0017282661,0.0097812535,1.3070386e-05,0.19965278,0
1748,29.133333,6.051421e-06,33.066486,33.06649,-7.030746e-05,33.06649,0.00010508334,236,236,60,0.0017314309,0.009944587,1.3240763e-05,0.19965094,0
1749,29.15,6.0498774e-06,33.066418,33.066425,-6.849864e-05,33.066425,0.000105034866,236,236,60,0.0017307433,0.009958023,1.320258e-05,0.1996491,0
1750,29.166666,6.0419775e-06,33.06635,33.066357,-6.8671245e-05,33.066357,0.00010498544,236,236,60,0.0017282405,0.009932818,1.3093827e-05,0.19964688,0
1751,29.183332,6.032875e-06,33.06628,33.066288,-6.684365e-05,33.066288,0.00010505757,236,236,60,0.0017250958,0.0098917745,1.2960712e-05,0.19964515,0
1752,29.2,6.0225243e-06,33.06621,33.06622,-6.850744e-05,33.06622,0.000105069244,236,236,60,0.0017214464,0.00987466,1.3014555e-05,0.19964333,0
1753,29.216667,6.0113166e-06,33.066143,33.066147,-7.083587e-05,33.066147,0.00010501917,236,236,60,0.0017176281,0.009836938,1.273012e-05,0.19964148,0
1754,29.233334,6.001848e-06,33.06608,33.066082,-6.501521e-05,33.066082,0.00010503235,236,236,60,0.0017141072,0.00979176,1.2629277e-05,0.19963968,0
1755,29.25,5.989869e-06,33.06601,33.066013,-6.917409e-05,33.066013,0.00010504507,236,236,60,0.0017101584,0.0097759925,1.24808375e-05,0.1996378,0
1756,29.266666,5.981207e-06,33.06594,33.065945,-6.850575e-05,33.065945,0.00010505325,236,235,60,0.0017066203,0.009734812,1.2117023e-05,0.19963577,0
1757,29.283333,5.968534e-06,33.065872,33.065876,-6.900853e-05,33.065876,0.00010506418,237,237,61,0.0017026009,0.009694453,1.22597e-05,0.19963394,0
1758,29.3,5.95744e-06,33.0658,33.065807,-6.950572e-05,33.065807,0.00010508322,236,236,61,0.0016987241,0.00967135,1.1989944e-05,0.19963206,0
1759,29.316668,5.950525e-06,33.06574,33.065742,-6.4513886e-05,33.065742,0.000105035186,236,236,61,0.0016953908,0.009627132,1.1729826e-05,0.19963036,0
1760,29.333334,5.9403096e-06,33.06567,33.065678,-6.7177265e-05,33.065678,0.000104980136,236,236,61,0.0016917423,0.009580218,1.1484644e-05,0.19962837,0
1761,29.35,5.9304357e-06,33.065598,33.065605,-7.0668284e-05,33.065605,0.00010499251,236,236,61,0.0016880126,0.009557889,1.1482976e-05,0.19962654,0
1762,29.366667,5.9192016e-06,33.065533,33.065536,-6.817582e-05,33.065536,0.00010501234,236,236,61,0.0016841203,0.00951502,1.1296184e-05,0.19962472,0
1763,29.383333,5.9093504e-06,33.065464,33.06547,-6.601312e-05,33.06547,0.00010503562,236,236,61,0.0016804944,0.009464044,1.1043785e-05,0.19962291,0
1764,29.4,5.899344e-06,33.0654,33.065403,-6.617953e-05,33.065403,0.00010503746,236,236,61,0.0016766969,0.009432956,1.0953479e-05,0.19962065,0
1765,29.416666,5.888219e-06,33.06533,33.065334,-6.983826e-05,33.065334,0.00010493552,236,236,61,0.0016727009,0.009386466,1.0635836e-05,0.19961907,0
1766,29.433332,5.8789246e-06,33.065266,33.06527,-6.501503e-05,33.06527,0.00010494885,236,236,61,0.0016690851,0.009334639,1.04947285e-05,0.19961727,0
1767,29.45,5.869424e-06,33.065197,33.065205,-6.5846514e-05,33.065205,0.000104956416,236,236,61,0.0016653172,0.009306776,1.0375987e-05,0.19961545,0
1768,29.466667,5.8596247e-06,33.06513,33.065136,-6.867315e-05,33.065136,0.00010497088,236,236,61,0.0016616329,0.009261777,1.0222996e-05,0.19961365,0
1769,29.483334,5.852155e-06,33.06506,33.065063,-7.0167116e-05,33.065063,0.00010497165,236,236,61,0.001658482,0.009211791,9.800851e-06,0.19961147,0
1770,29.5,5.8446044e-06,33.06499,33.065,-6.734086e-05,33.065,0.00010498438,236,236,61,0.0016552291,0.009185564,9.833157e-06,0.19960967,0
1771,29.516666,5.8367687e-06,33.064926,33.064934,-6.567859e-05,33.064934,0.0001050594,236,236,61,0.0016520695,0.00914303,9.669745e-06,0.19960795,0
1772,29.533333,5.8311957e-06,33.064857,33.064865,-6.883518e-05,33.064865,0.00010501754,236,236,61,0.0016494605,0.009097145,9.544756e-06,0.19960608,0
1773,29.55,5.8254905e-06,33.064793,33.064796,-6.634148e-05,33.064796,0.0001050853,236,236,61,0.0016467422,0.009073847,9.284233e-06,0.1996043,0
1774,29.566668,5.8193377e-06,33.064724,33.064728,-6.850324e-05,33.064728,0.0001050405,236,236,61,0.0016440897,0.009033161,9.041248e-06,0.19960228,0
1775,29.583334,5.815427e-06,33.064655,33.064663,-6.7170964e-05,33.064663,0.00010505772,236,236,61,0.0016419895,0.008990561,9.0339845e-06,0.19960046,0
1776,29.6,5.8111737e-06,33.06459,33.064594,-6.667254e-05,33.064594,0.00010506468,236,236,61,0.0016397116,0.008969273,8.920572e-06,0.19959863,0
1777,29.616667,5.8064725e-06,33.06452,33.064526,-6.767052e-05,33.064526,0.00010514537,237,237,61,0.0016374834,0.008931285,8.785572e-06,0.1995967,0
1778,29.633333,5.813474e-06,33.064453,33.06446,-6.649503e-05,33.06446,0.00010515034,237,237,61,0.0016381626,0.008871873,8.594838e-06,0.19959494,0
1779,29.65,5.81522e-06,33.06439,33.064392,-6.816284e-05,33.064392,0.00010515971,237,237,61,0.001638314,0.008927882,8.595937e-06,0.19959307,0
1780,29.666666,5.8140286e-06,33.06432,33.064327,-6.567195e-05,33.064327,0.000105115585,237,237,61,0.0016382815,0.0089309905,8.728206e-06,0.19959135,0
1781,29.683332,5.8178066e-06,33.06425,33.06426,-6.849332e-05,33.06426,0.000105133084,237,237,61,0.0016388207,0.0088595,8.638093e-06,0.19958948,0
1782,29.7,5.8131563e-06,33.06419,33.064198,-6.251656e-05,33.064198,0.00010508724,237,237,61,0.0016375566,0.008843691,8.558041e-06,0.19958769,0
1783,29.716667,5.817742e-06,33.06412,33.064125,-6.8825015e-05,33.064125,0.00010515437,237,237,61,0.0016382919,0.008792171,8.547761e-06,0.1995854,0
1784,29.733334,5.8219666e-06,33.064053,33.06406,-6.666406e-05,33.06406,0.00010510477,237,237,61,0.0016389368,0.008811328,8.458764e-06,0.1995838,0
1785,29.75,5.8263568e-06,33.063988,33.06399,-6.716266e-05,33.06399,0.000105168976,237,237,61,0.0016398676,0.008795582,8.458861e-06,0.19958195,0
1786,29.766666,5.825217e-06,33.06392,33.063927,-6.7001936e-05,33.063927,0.00010517947,240,240,62,0.0016393774,0.008780902,8.615942e-06,0.19958006,0
1787,29.783333,5.822442e-06,33.063854,33.063858,-6.7336085e-05,33.063858,0.000105143015,240,240,62,0.0016382454,0.008760096,8.434215e-06,0.19957834,0
1788,29.8,5.819524e-06,33.06379,33.063793,-6.4011125e-05,33.063793,0.00010509476,239,239,62,0.0016368936,0.008735841,8.425458e-06,0.19957651,0
1789,29.816668,5.8166365e-06,33.06372,33.06373,-6.633867e-05,33.06373,0.00010510455,240,240,62,0.0016354673,0.008709667,8.163643e-06,0.19957447,0
1790,29.833334,5.8139253e-06,33.063656,33.063663,-6.6338485e-05,33.063663,0.00010506005,241,241,62,0.0016340447,0.008682456,8.071945e-06,0.19957267,0
1791,29.85,5.8113487e-06,33.06359,33.0636,-6.484206e-05,33.0636,0.00010507353,241,241,62,0.0016326505,0.008656069,8.177427e-06,0.19957088,0
1792,29.866667,5.808837e-06,33.063522,33.06353,-6.783458e-05,33.06353,0.00010508786,241,241,62,0.0016312834,0.008629448,7.923898e-06,0.19956909,0
1793,29.883333,5.8065384e-06,33.063454,33.06346,-6.800063e-05,33.06346,0.00010504864,241,241,62,0.0016299627,0.008603153,7.854635e-06,0.19956726,0
1794,29.9,5.803817e-06,33.063393,33.063396,-6.4177184e-05,33.063396,0.000104988205,241,241,62,0.0016287058,0.008566576,7.69137e-06,0.19956544,0
1795,29.916666,5.8062014e-06,33.063324,33.063328,-6.882722e-05,33.063328,0.00010500213,241,241,62,0.0016283034,0.008543149,7.683405e-06,0.19956335,0
1796,29.933332,5.806668e-06,33.063255,33.063263,-6.650157e-05,33.063263,0.00010507269,240,240,61,0.0016278656,0.008527061,7.5261282e-06,0.19956163,0
1797,29.95,5.805715e-06,33.06319,33.063194,-6.733426e-05,33.063194,0.00010503168,241,241,61,0.0016272165,0.008511192,7.629803e-06,0.19955976,0
1798,29.966667,5.8043433e-06,33.063126,33.06313,-6.417583e-05,33.06313,0.0001050433,241,241,61,0.0016263984,0.0084936945,7.565864e-06,0.19955792,0
1799,29.983334,5.8028268e-06,33.063057,33.063065,-6.683606e-05,33.063065,0.000105056955,241,241,61,0.0016255118,0.008474717,7.359469e-06,0.19955616,0
1800,30,5.801421e-06,33.062992,33.063,-6.434212e-05,33.063,0.00010512504,241,241,61,0.0016246289,0.008455113,7.376602e-06,0.19955435,0
