substep,stage,iteration,kinetic_J,potential_J,total_J,predicted_split_U_J,depth_m,contacts,matched,locked,corrected_points,delta_T_J,delta_U_J,delta_E_J
0,start,0,0.00040280886,33.079754,33.08016,0,0.00010167187,207,207,50,16,0,0,0
0,gravity-kick,0,0.0005086693,33.079754,33.080265,0,0.00010167187,207,207,50,16,0.00010586045,0,0.00010586045
0,collide,0,0.0005086693,33.079754,33.080265,0,0.00010165032,207,207,0,0,0,0,0
0,warm-start,0,0.0006806825,33.079754,33.080437,0,0.00010165032,207,207,50,16,0.0001720132,0,0.0001720132
0,contact-iteration,1,0.00045333197,33.079754,33.080208,6.485548e-06,0.00010165032,207,207,50,16,-0.00022735052,0,-0.00022735052
0,contact-iteration,2,0.00042652924,33.079754,33.08018,1.12124035e-05,0.00010165032,207,207,50,16,-2.6802734e-05,0,-2.6802734e-05
0,contact-iteration,3,0.0004207085,33.079754,33.080177,1.5525906e-05,0.00010165032,207,207,50,16,-5.8207324e-06,0,-5.8207324e-06
0,contact-iteration,4,0.00041772975,33.079754,33.080173,1.9600717e-05,0.00010165032,207,207,50,16,-2.9787657e-06,0,-2.9787657e-06
0,contact-iteration,5,0.00041532356,33.079754,33.08017,2.345397e-05,0.00010165032,207,207,50,16,-2.406162e-06,0,-2.406162e-06
0,contact-iteration,6,0.00041324782,33.079754,33.08017,2.7091133e-05,0.00010165032,207,207,50,16,-2.0757511e-06,0,-2.0757511e-06
0,contact-iteration,7,0.0004114021,33.079754,33.080166,3.0516483e-05,0.00010165032,207,207,50,16,-1.8457081e-06,0,-1.8457081e-06
0,contact-iteration,8,0.0004097139,33.079754,33.080166,3.373468e-05,0.00010165032,207,207,50,16,-1.6882321e-06,0,-1.6882321e-06
0,contact-iteration,9,0.00040815884,33.079754,33.080162,3.6750862e-05,0.00010165032,207,207,50,16,-1.5550576e-06,0,-1.5550576e-06
0,contact-iteration,10,0.00040672754,33.079754,33.080162,3.9570532e-05,0.00010165032,207,207,50,16,-1.4312756e-06,0,-1.4312756e-06
0,contact-iteration,11,0.0004054162,33.079754,33.080162,4.2199496e-05,0.00010165032,207,207,50,16,-1.3113306e-06,0,-1.3113306e-06
0,contact-iteration,12,0.0004042206,33.079754,33.08016,4.464386e-05,0.00010165032,207,207,50,16,-1.1956253e-06,0,-1.1956253e-06
0,restitution,0,0.0004042206,33.079754,33.08016,4.464386e-05,0.00010165032,207,207,50,16,0,0,0
0,shock,0,0.0004022267,33.079754,33.08016,4.464386e-05,0.00010165032,207,207,50,16,-1.9939093e-06,0,-1.9939093e-06
0,rest-damping,0,0.0004022267,33.079754,33.08016,4.464386e-05,0.00010165032,207,207,50,16,0,0,0
0,pose-drift,0,0.00040221962,33.07976,33.080162,0,0.00010165032,207,207,50,16,-7.053783e-09,5.4864176e-06,5.479364e-06
0,split-counterfactual,0,0.00040221962,33.07976,33.080162,0,0,0,0,0,0,7.4781e-13,4.4057597e-05,4.4057597e-05
0,finish,0,0.00040221962,33.07976,33.080162,0,0.00010165032,207,207,50,16,0,0,0
1,start,0,0.00040221962,33.07976,33.080162,0,0.00010165032,207,207,50,16,0,0,0
1,gravity-kick,0,0.0005080832,33.07976,33.08027,0,0.00010165032,207,207,50,16,0.00010586359,0,0.00010586359
1,collide,0,0.0005080832,33.07976,33.08027,0,0.00010165844,207,207,0,0,0,0,0
1,warm-start,0,0.00067898154,33.07976,33.08044,0,0.00010165844,207,207,50,15,0.00017089832,0,0.00017089832
1,contact-iteration,1,0.00045273858,33.07976,33.08021,6.642713e-06,0.00010165844,207,207,50,15,-0.00022624295,0,-0.00022624295
1,contact-iteration,2,0.00042598898,33.07976,33.080185,1.1618488e-05,0.00010165844,207,207,50,15,-2.6749593e-05,0,-2.6749593e-05
1,contact-iteration,3,0.00042018294,33.07976,33.08018,1.5997291e-05,0.00010165844,207,207,50,15,-5.8060505e-06,0,-5.8060505e-06
1,contact-iteration,4,0.00041719564,33.07976,33.080177,1.9913994e-05,0.00010165844,207,207,50,15,-2.9873083e-06,0,-2.9873083e-06
1,contact-iteration,5,0.0004147807,33.07976,33.080173,2.3458588e-05,0.00010165844,207,207,50,15,-2.4149483e-06,0,-2.4149483e-06
1,contact-iteration,6,0.00041269884,33.07976,33.080173,2.6695565e-05,0.00010165844,207,207,50,15,-2.0818613e-06,0,-2.0818613e-06
1,contact-iteration,7,0.0004108484,33.07976,33.08017,2.9669498e-05,0.00010165844,207,207,50,15,-1.8504193e-06,0,-1.8504193e-06
1,contact-iteration,8,0.00040915626,33.07976,33.08017,3.2410742e-05,0.00010165844,207,207,50,15,-1.6921513e-06,0,-1.6921513e-06
1,contact-iteration,9,0.00040759786,33.07976,33.08017,3.494034e-05,0.00010165844,207,207,50,15,-1.5583761e-06,0,-1.5583761e-06
1,contact-iteration,10,0.0004061632,33.07976,33.080166,3.727365e-05,0.00010165844,207,207,50,15,-1.4346905e-06,0,-1.4346905e-06
1,contact-iteration,11,0.00040484875,33.07976,33.080166,3.9422728e-05,0.00010165844,207,207,50,15,-1.3144453e-06,0,-1.3144453e-06
1,contact-iteration,12,0.00040365034,33.07976,33.080166,4.1397863e-05,0.00010165844,207,207,50,15,-1.1983906e-06,0,-1.1983906e-06
1,restitution,0,0.00040365034,33.07976,33.080166,4.1397863e-05,0.00010165844,207,207,50,15,0,0,0
1,shock,0,0.00040165216,33.07976,33.080162,4.1397863e-05,0.00010165844,207,207,50,15,-1.9981987e-06,0,-1.9981987e-06
1,rest-damping,0,0.00040165216,33.07976,33.080162,4.1397863e-05,0.00010165844,207,207,50,15,0,0,0
1,pose-drift,0,0.00040164508,33.07976,33.080166,0,0.00010165844,207,207,50,15,-7.0524124e-09,2.1613162e-06,2.1542637e-06
1,split-counterfactual,0,0.00040164508,33.07976,33.080166,0,0,0,0,0,0,-2.7025404e-12,4.0732495e-05,4.073249e-05
1,finish,0,0.00040164508,33.07976,33.080166,0,0.00010165844,207,207,50,15,0,0,0
2,start,0,0.00040164508,33.07976,33.080166,0,0.00010165844,207,207,50,15,0,0,0
2,gravity-kick,0,0.00050755974,33.07976,33.08027,0,0.00010165844,207,207,50,15,0.00010591467,0,0.00010591467
2,collide,0,0.00050755974,33.07976,33.08027,0,0.00010166934,207,207,0,0,0,0,0
2,warm-start,0,0.00067800697,33.07976,33.08044,0,0.00010166934,207,207,50,15,0.00017044722,0,0.00017044722
2,contact-iteration,1,0.00045217102,33.07976,33.080215,6.600248e-06,0.00010166934,207,207,50,15,-0.00022583597,0,-0.00022583597
2,contact-iteration,2,0.00042545228,33.07976,33.08019,1.1588819e-05,0.00010166934,207,207,50,15,-2.6718746e-05,0,-2.6718746e-05
2,contact-iteration,3,0.00041964438,33.07976,33.08018,1.5945483e-05,0.00010166934,207,207,50,15,-5.807897e-06,0,-5.807897e-06
2,contact-iteration,4,0.00041665204,33.07976,33.08018,1.9972766e-05,0.00010166934,207,207,50,15,-2.9923347e-06,0,-2.9923347e-06
2,contact-iteration,5,0.00041422958,33.07976,33.080177,2.3837358e-05,0.00010166934,207,207,50,15,-2.4224578e-06,0,-2.4224578e-06
2,contact-iteration,6,0.00041214295,33.07976,33.080173,2.7489566e-05,0.00010166934,207,207,50,15,-2.0866387e-06,0,-2.0866387e-06
2,contact-iteration,7,0.0004102881,33.07976,33.080173,3.0915053e-05,0.00010166934,207,207,50,15,-1.854838e-06,0,-1.854838e-06
2,contact-iteration,8,0.00040859196,33.07976,33.08017,3.4111457e-05,0.00010166934,207,207,50,15,-1.6961366e-06,0,-1.6961366e-06
2,contact-iteration,9,0.0004070305,33.07976,33.08017,3.7081893e-05,0.00010166934,207,207,50,15,-1.5614672e-06,0,-1.5614672e-06
2,contact-iteration,10,0.00040559258,33.07976,33.08017,3.983256e-05,0.00010166934,207,207,50,15,-1.4379285e-06,0,-1.4379285e-06
2,contact-iteration,11,0.00040427523,33.07976,33.080166,4.2371546e-05,0.00010166934,207,207,50,15,-1.3173332e-06,0,-1.3173332e-06
2,contact-iteration,12,0.00040307426,33.07976,33.080166,4.4708133e-05,0.00010166934,207,207,50,15,-1.2009771e-06,0,-1.2009771e-06
2,restitution,0,0.00040307426,33.07976,33.080166,4.4708133e-05,0.00010166934,207,207,50,15,0,0,0
2,shock,0,0.00040107206,33.07976,33.080162,4.4708137e-05,0.00010166934,207,207,50,15,-2.0022076e-06,0,-2.0022076e-06
2,rest-damping,0,0.00040107206,33.07976,33.080162,4.4708137e-05,0.00010166934,207,207,50,15,0,0,0
2,pose-drift,0,0.00040106502,33.07977,33.08017,0,0.00010166934,207,207,50,15,-7.043649e-09,5.1539073e-06,5.1468637e-06
2,split-counterfactual,0,0.00040106502,33.07977,33.08017,0,0,0,0,0,0,-3.3352407e-12,4.4057597e-05,4.4057593e-05
2,finish,0,0.00040106502,33.07977,33.08017,0,0.00010166934,207,207,50,15,0,0,0
3,start,0,0.00040106502,33.07977,33.08017,0,0.00010166934,207,207,50,15,0,0,0
3,gravity-kick,0,0.0005070261,33.07977,33.080276,0,0.00010166934,207,207,50,15,0.000105961095,0,0.000105961095
3,collide,0,0.0005070261,33.07977,33.080276,0,0.00010162163,207,207,0,0,0,0,0
3,warm-start,0,0.0006777396,33.07977,33.080444,0,0.00010162163,207,207,50,16,0.00017071352,0,0.00017071352
3,contact-iteration,1,0.00045163123,33.07977,33.08022,6.3132666e-06,0.00010162163,207,207,50,16,-0.00022610839,0,-0.00022610839
3,contact-iteration,2,0.00042487407,33.07977,33.080193,1.1057743e-05,0.00010162163,207,207,50,16,-2.675716e-05,0,-2.675716e-05
3,contact-iteration,3,0.00041906373,33.07977,33.080185,1.5219885e-05,0.00010162163,207,207,50,16,-5.810341e-06,0,-5.810341e-06
3,contact-iteration,4,0.00041607025,33.07977,33.080185,1.9201816e-05,0.00010162163,207,207,50,16,-2.9934913e-06,0,-2.9934913e-06
3,contact-iteration,5,0.00041364503,33.07977,33.08018,2.300003e-05,0.00010162163,207,207,50,16,-2.4252154e-06,0,-2.4252154e-06
3,contact-iteration,6,0.00041155634,33.07977,33.08018,2.6601374e-05,0.00010162163,207,207,50,16,-2.0886907e-06,0,-2.0886907e-06
3,contact-iteration,7,0.00040969966,33.07977,33.080177,3.000145e-05,0.00010162163,207,207,50,16,-1.8566816e-06,0,-1.8566816e-06
3,contact-iteration,8,0.000408002,33.07977,33.080177,3.3199514e-05,0.00010162163,207,207,50,16,-1.6976442e-06,0,-1.6976442e-06
3,contact-iteration,9,0.00040643915,33.07977,33.080173,3.6196903e-05,0.00010162163,207,207,50,16,-1.5628668e-06,0,-1.5628668e-06
3,contact-iteration,10,0.00040500023,33.07977,33.080173,3.8996426e-05,0.00010162163,207,207,50,16,-1.4389121e-06,0,-1.4389121e-06
3,contact-iteration,11,0.00040368192,33.07977,33.08017,4.160213e-05,0.00010162163,207,207,50,16,-1.3183211e-06,0,-1.3183211e-06
3,contact-iteration,12,0.00040248,33.07977,33.08017,4.4019125e-05,0.00010162163,207,207,50,16,-1.2019378e-06,0,-1.2019378e-06
3,restitution,0,0.00040248,33.07977,33.08017,4.4019125e-05,0.00010162163,207,207,50,16,0,0,0
3,shock,0,0.00040047633,33.07977,33.08017,4.4019125e-05,0.00010162163,207,207,50,16,-2.0036373e-06,0,-2.0036373e-06
3,rest-damping,0,0.00040047633,33.07977,33.08017,4.4019125e-05,0.00010162163,207,207,50,16,0,0,0
3,pose-drift,0,0.0004004693,33.079773,33.080173,0,0.00010162163,207,207,50,16,-7.0385084e-09,4.655142e-06,4.6481036e-06
3,split-counterfactual,0,0.0004004693,33.079773,33.080173,0,0,0,0,0,0,-6.693275e-13,4.355883e-05,4.355883e-05
3,finish,0,0.0004004693,33.079773,33.080173,0,0.00010162163,207,207,50,16,0,0,0
4,start,0,0.0004004693,33.079773,33.080173,0,0.00010162163,207,207,50,16,0,0,0
4,gravity-kick,0,0.0005064469,33.079773,33.08028,0,0.00010162163,207,207,50,16,0.000105977575,0,0.000105977575
4,collide,0,0.0005064469,33.079773,33.08028,0,0.000101658974,207,207,0,0,0,0,0
4,warm-start,0,0.00067767606,33.079773,33.080452,0,0.000101658974,207,207,50,16,0.00017122919,0,0.00017122919
4,contact-iteration,1,0.0004510673,33.079773,33.080223,6.40537e-06,0.000101658974,207,207,50,16,-0.00022660878,0,-0.00022660878
4,contact-iteration,2,0.00042425736,33.079773,33.080196,1.115164e-05,0.000101658974,207,207,50,16,-2.6809925e-05,0,-2.6809925e-05
4,contact-iteration,3,0.00041844553,33.079773,33.080193,1.5359568e-05,0.000101658974,207,207,50,16,-5.8118067e-06,0,-5.8118067e-06
4,contact-iteration,4,0.00041545377,33.079773,33.08019,1.9362187e-05,0.000101658974,207,207,50,16,-2.9917564e-06,0,-2.9917564e-06
4,contact-iteration,5,0.0004130295,33.079773,33.080185,2.3156546e-05,0.000101658974,207,207,50,16,-2.4242731e-06,0,-2.4242731e-06
4,contact-iteration,6,0.00041094128,33.079773,33.080185,2.674291e-05,0.000101658974,207,207,50,16,-2.0882421e-06,0,-2.0882421e-06
4,contact-iteration,7,0.0004090852,33.079773,33.08018,3.0123632e-05,0.000101658974,207,207,50,16,-1.8560739e-06,0,-1.8560739e-06
4,contact-iteration,8,0.00040738846,33.079773,33.08018,3.3302356e-05,0.000101658974,207,207,50,16,-1.6967408e-06,0,-1.6967408e-06
4,contact-iteration,9,0.00040582608,33.079773,33.080177,3.62835e-05,0.000101658974,207,207,50,16,-1.5623818e-06,0,-1.5623818e-06
4,contact-iteration,10,0.00040438803,33.079773,33.080177,3.907201e-05,0.000101658974,207,207,50,16,-1.4380431e-06,0,-1.4380431e-06
4,contact-iteration,11,0.00040307024,33.079773,33.080177,4.167323e-05,0.000101658974,207,207,50,16,-1.3177797e-06,0,-1.3177797e-06
4,contact-iteration,12,0.0004018688,33.079773,33.080173,4.409288e-05,0.000101658974,207,207,50,16,-1.2014355e-06,0,-1.2014355e-06
4,restitution,0,0.0004018688,33.079773,33.080173,4.409288e-05,0.000101658974,207,207,50,16,0,0,0
4,shock,0,0.0003998661,33.079773,33.080173,4.409288e-05,0.000101658974,207,207,50,16,-2.0027173e-06,0,-2.0027173e-06
4,rest-damping,0,0.0003998661,33.079773,33.080173,4.409288e-05,0.000101658974,207,207,50,16,0,0,0
4,pose-drift,0,0.00039985907,33.079777,33.080177,0,0.000101658974,207,207,50,16,-7.0178694e-09,4.655142e-06,4.6481246e-06
4,split-counterfactual,0,0.00039985907,33.079777,33.080177,0,0,0,0,0,0,2.5256255e-12,4.355883e-05,4.3558834e-05
4,finish,0,0.00039985907,33.079777,33.080177,0,0.000101658974,207,207,50,16,0,0,0
5,start,0,0.00039985907,33.079777,33.080177,0,0.000101658974,207,207,50,16,0,0,0
5,gravity-kick,0,0.00050582486,33.079777,33.080284,0,0.000101658974,207,207,50,16,0.00010596576,0,0.00010596576
5,collide,0,0.00050582486,33.079777,33.080284,0,0.00010166385,207,207,0,0,0,0,0
5,warm-start,0,0.00067741476,33.079777,33.080456,0,0.00010166385,207,207,50,16,0.00017158993,0,0.00017158993
5,contact-iteration,1,0.00045046097,33.079777,33.080227,6.53064e-06,0.00010166385,207,207,50,16,-0.00022695381,0,-0.00022695381
5,contact-iteration,2,0.00042362305,33.079777,33.0802,1.1309029e-05,0.00010166385,207,207,50,16,-2.6837915e-05,0,-2.6837915e-05
5,contact-iteration,3,0.00041781005,33.079777,33.080196,1.5667008e-05,0.00010166385,207,207,50,16,-5.8130036e-06,0,-5.8130036e-06
5,contact-iteration,4,0.00041482068,33.079777,33.080193,1.977961e-05,0.00010166385,207,207,50,16,-2.9893515e-06,0,-2.9893517e-06
5,contact-iteration,5,0.0004123981,33.079777,33.08019,2.3664774e-05,0.00010166385,207,207,50,16,-2.4225847e-06,0,-2.4225847e-06
5,contact-iteration,6,0.00041031136,33.079777,33.08019,2.7329177e-05,0.00010166385,207,207,50,16,-2.086754e-06,0,-2.086754e-06
5,contact-iteration,7,0.00040845692,33.079777,33.080185,3.0778105e-05,0.00010166385,207,207,50,16,-1.8544345e-06,0,-1.8544345e-06
5,contact-iteration,8,0.00040676192,33.079777,33.080185,3.4016975e-05,0.00010166385,207,207,50,16,-1.6950052e-06,0,-1.6950052e-06
5,contact-iteration,9,0.0004052003,33.079777,33.08018,3.7051457e-05,0.00010166385,207,207,50,16,-1.5616309e-06,0,-1.5616309e-06
5,contact-iteration,10,0.00040376344,33.079777,33.08018,3.9887444e-05,0.00010166385,207,207,50,16,-1.4368541e-06,0,-1.4368541e-06
5,contact-iteration,11,0.00040244692,33.079777,33.08018,4.2531014e-05,0.00010166385,207,207,50,16,-1.3165037e-06,0,-1.3165037e-06
5,contact-iteration,12,0.00040124665,33.079777,33.080177,4.4988476e-05,0.00010166385,207,207,50,16,-1.2002771e-06,0,-1.2002771e-06
5,restitution,0,0.00040124665,33.079777,33.080177,4.4988476e-05,0.00010166385,207,207,50,16,0,0,0
5,shock,0,0.0003992493,33.079777,33.080177,4.4988476e-05,0.00010166385,207,207,50,16,-1.9973552e-06,0,-1.9973552e-06
5,rest-damping,0,0.0003992493,33.079777,33.080177,4.4988476e-05,0.00010166385,207,207,50,16,0,0,0
5,pose-drift,0,0.00039924227,33.079784,33.08018,0,0.00010166385,207,207,50,16,-7.0157693e-09,5.4864176e-06,5.479402e-06
5,split-counterfactual,0,0.00039924227,33.079784,33.08018,0,0,0,0,0,0,-2.5215095e-13,4.4390108e-05,4.4390108e-05
5,finish,0,0.00039924227,33.079784,33.08018,0,0.00010166385,207,207,50,16,0,0,0
6,start,0,0.00039924227,33.079784,33.08018,0,0.00010166385,207,207,50,16,0,0,0
6,gravity-kick,0,0.0005051811,33.079784,33.080288,0,0.00010166385,207,207,50,16,0.000105938816,0,0.000105938816
6,collide,0,0.0005051811,33.079784,33.080288,0,0.00010163743,207,207,0,0,0,0,0
6,warm-start,0,0.00067109975,33.079784,33.080452,0,0.00010163743,207,207,50,16,0.00016591867,0,0.00016591867
6,contact-iteration,1,0.00044896244,33.079784,33.08023,6.494304e-06,0.00010163743,207,207,50,16,-0.00022213731,0,-0.00022213731
6,contact-iteration,2,0.00042311227,33.079784,33.080204,1.1189361e-05,0.00010163743,207,207,50,16,-2.5850166e-05,0,-2.5850166e-05
6,contact-iteration,3,0.00041726587,33.079784,33.0802,1.5506666e-05,0.00010163743,207,207,50,16,-5.846408e-06,0,-5.846408e-06
6,contact-iteration,4,0.0004142947,33.079784,33.080196,1.9569154e-05,0.00010163743,207,207,50,16,-2.9711875e-06,0,-2.9711875e-06
6,contact-iteration,5,0.00041186463,33.079784,33.080193,2.3401559e-05,0.00010163743,207,207,50,16,-2.4300432e-06,0,-2.4300432e-06
6,contact-iteration,6,0.0004097746,33.079784,33.080193,2.7012416e-05,0.00010163743,207,207,50,16,-2.0900316e-06,0,-2.0900316e-06
6,contact-iteration,7,0.00040791254,33.079784,33.08019,3.0407824e-05,0.00010163743,207,207,50,16,-1.862086e-06,0,-1.862086e-06
6,contact-iteration,8,0.00040621005,33.079784,33.08019,3.3593744e-05,0.00010163743,207,207,50,16,-1.7024637e-06,0,-1.7024637e-06
6,contact-iteration,9,0.00040464167,33.079784,33.08019,3.657629e-05,0.00010163743,207,207,50,16,-1.5683779e-06,0,-1.5683779e-06
6,contact-iteration,10,0.00040319905,33.079784,33.080185,3.936173e-05,0.00010163743,207,207,50,16,-1.4426171e-06,0,-1.4426171e-06
6,contact-iteration,11,0.00040187748,33.079784,33.080185,4.1956457e-05,0.00010163743,207,207,50,16,-1.3215736e-06,0,-1.3215736e-06
6,contact-iteration,12,0.000400673,33.079784,33.080185,4.436703e-05,0.00010163743,207,207,50,16,-1.2045086e-06,0,-1.2045086e-06
6,restitution,0,0.000400673,33.079784,33.080185,4.436703e-05,0.00010163743,207,207,50,16,0,0,0
6,shock,0,0.00039866834,33.079784,33.08018,4.436703e-05,0.00010163743,207,207,50,16,-2.0046425e-06,0,-2.0046425e-06
6,rest-damping,0,0.00039866834,33.079784,33.08018,4.436703e-05,0.00010163743,207,207,50,16,0,0,0
6,pose-drift,0,0.00039866133,33.07979,33.080185,0,0.00010163743,207,207,50,16,-7.0056325e-09,4.655142e-06,4.648137e-06
6,split-counterfactual,0,0.00039866133,33.07979,33.080185,0,0,0,0,0,0,6.584694e-13,4.355883e-05,4.3558834e-05
6,finish,0,0.00039866133,33.07979,33.080185,0,0.00010163743,207,207,50,16,0,0,0
7,start,0,0.00039866133,33.07979,33.080185,0,0.00010163743,207,207,50,16,0,0,0
7,gravity-kick,0,0.0005046843,33.07979,33.08029,0,0.00010163743,207,207,50,16,0.00010602294,0,0.00010602294
7,collide,0,0.0005046843,33.07979,33.08029,0,0.00010164505,207,207,0,0,0,0,0
7,warm-start,0,0.0006756309,33.07979,33.080463,0,0.00010164505,207,207,50,15,0.00017094659,0,0.00017094659
7,contact-iteration,1,0.00044921745,33.07979,33.08024,6.7167057e-06,0.00010164505,207,207,50,15,-0.00022641341,0,-0.00022641341
7,contact-iteration,2,0.00042244187,33.07979,33.080208,1.1738513e-05,0.00010164505,207,207,50,15,-2.6775588e-05,0,-2.6775588e-05
7,contact-iteration,3,0.00041663498,33.07979,33.080204,1.6150969e-05,0.00010164505,207,207,50,15,-5.8068895e-06,0,-5.8068895e-06
7,contact-iteration,4,0.00041364244,33.07979,33.0802,2.0093028e-05,0.00010164505,207,207,50,15,-2.9925286e-06,0,-2.9925286e-06
7,contact-iteration,5,0.00041121276,33.07979,33.0802,2.3656368e-05,0.00010164505,207,207,50,15,-2.4296808e-06,0,-2.4296808e-06
7,contact-iteration,6,0.0004091093,33.07979,33.080196,2.690661e-05,0.00010164505,207,207,50,15,-2.1034589e-06,0,-2.1034589e-06
7,contact-iteration,7,0.0004072407,33.07979,33.080193,2.988931e-05,0.00010164505,207,207,50,15,-1.868612e-06,0,-1.868612e-06
7,contact-iteration,8,0.00040553277,33.07979,33.080193,3.2635715e-05,0.00010164505,207,207,50,15,-1.7079306e-06,0,-1.7079306e-06
7,contact-iteration,9,0.00040395797,33.07979,33.080193,3.516767e-05,0.00010164505,207,207,50,15,-1.5747876e-06,0,-1.5747876e-06
7,contact-iteration,10,0.00040250862,33.07979,33.08019,3.75012e-05,0.00010164505,207,207,50,15,-1.4493379e-06,0,-1.4493379e-06
7,contact-iteration,11,0.00040118035,33.07979,33.08019,3.9648923e-05,0.00010164505,207,207,50,15,-1.328278e-06,0,-1.328278e-06
7,contact-iteration,12,0.00039996934,33.07979,33.08019,4.1621577e-05,0.00010164505,207,207,50,15,-1.2110168e-06,0,-1.2110168e-06
7,restitution,0,0.00039996934,33.07979,33.08019,4.1621577e-05,0.00010164505,207,207,50,15,0,0,0
7,shock,0,0.0003979545,33.07979,33.080185,4.162158e-05,0.00010164505,207,207,50,15,-2.0148416e-06,0,-2.0148416e-06
7,rest-damping,0,0.0003979545,33.07979,33.080185,4.162158e-05,0.00010164505,207,207,50,15,0,0,0
7,pose-drift,0,0.0003979475,33.07979,33.08019,0,0.00010164505,207,207,50,15,-6.985954e-09,2.1613162e-06,2.15433e-06
7,split-counterfactual,0,0.0003979475,33.07979,33.08019,0,0,0,0,0,0,-7.925334e-13,4.1397514e-05,4.1397514e-05
7,finish,0,0.0003979475,33.07979,33.08019,0,0.00010164505,207,207,50,15,0,0,0
8,start,0,0.0003979475,33.07979,33.08019,0,0.00010164505,207,207,50,15,0,0,0
8,gravity-kick,0,0.00050386833,33.07979,33.08029,0,0.00010164505,207,207,50,15,0.00010592081,0,0.00010592081
8,collide,0,0.00050386833,33.07979,33.08029,0,0.00010159756,207,207,0,0,0,0,0
8,warm-start,0,0.0007008085,33.07979,33.08049,0,0.00010159756,207,207,50,15,0.00019694015,0,0.00019694015
8,contact-iteration,1,0.00045124828,33.07979,33.080242,6.4445203e-06,0.00010159756,207,207,50,15,-0.00024956017,0,-0.00024956017
8,contact-iteration,2,0.0004217222,33.07979,33.08021,1.12587e-05,0.00010159756,207,207,50,15,-2.9526109e-05,0,-2.9526109e-05
8,contact-iteration,3,0.00041523858,33.07979,33.080204,1.5461996e-05,0.00010159756,207,207,50,15,-6.483603e-06,0,-6.483603e-06
8,contact-iteration,4,0.00041214208,33.07979,33.0802,1.943626e-05,0.00010159756,207,207,50,15,-3.0965123e-06,0,-3.0965123e-06
8,contact-iteration,5,0.00040971642,33.07979,33.0802,2.3224738e-05,0.00010159756,207,207,50,15,-2.4256642e-06,0,-2.4256642e-06
8,contact-iteration,6,0.00040765837,33.07979,33.080196,2.6809306e-05,0.00010159756,207,207,50,15,-2.0580499e-06,0,-2.0580499e-06
8,contact-iteration,7,0.00040584616,33.07979,33.080196,3.0186178e-05,0.00010159756,207,207,50,15,-1.812197e-06,0,-1.812197e-06
8,contact-iteration,8,0.00040419397,33.07979,33.080193,3.3356373e-05,0.00010159756,207,207,50,15,-1.6521832e-06,0,-1.6521833e-06
8,contact-iteration,9,0.00040267184,33.07979,33.080193,3.6323057e-05,0.00010159756,207,207,50,15,-1.522129e-06,0,-1.522129e-06
8,contact-iteration,10,0.00040127337,33.07979,33.080193,3.909067e-05,0.00010159756,207,207,50,15,-1.3984709e-06,0,-1.3984709e-06
8,contact-iteration,11,0.0003999968,33.07979,33.08019,4.1664545e-05,0.00010159756,207,207,50,15,-1.2765876e-06,0,-1.2765876e-06
8,contact-iteration,12,0.0003988324,33.07979,33.08019,4.405076e-05,0.00010159756,207,207,50,15,-1.1644034e-06,0,-1.1644034e-06
8,restitution,0,0.0003988324,33.07979,33.08019,4.405076e-05,0.00010159756,207,207,50,15,0,0,0
8,shock,0,0.0003968772,33.07979,33.080185,4.405076e-05,0.00010159756,207,207,50,15,-1.9551694e-06,0,-1.9551694e-06
8,rest-damping,0,0.0003968772,33.07979,33.080185,4.405076e-05,0.00010159756,207,207,50,15,0,0,0
8,pose-drift,0,0.00039687025,33.079796,33.080193,0,0.00010159756,207,207,50,15,-6.979596e-09,5.1539073e-06,5.146928e-06
8,split-counterfactual,0,0.00039687025,33.079796,33.080193,0,0,0,0,0,0,-3.9262807e-12,4.3725086e-05,4.3725082e-05
8,finish,0,0.00039687025,33.079796,33.080193,0,0.00010159756,207,207,50,15,0,0,0
9,start,0,0.00039687025,33.079796,33.080193,0,0.00010159756,207,207,50,15,0,0,0
9,gravity-kick,0,0.0005022865,33.079796,33.080296,0,0.00010159756,207,207,50,15,0.000105416264,0,0.000105416264
9,collide,0,0.0005022865,33.079796,33.080296,0,0.000101669364,207,207,0,0,0,0,0
9,warm-start,0,0.00066239655,33.079796,33.080456,0,0.000101669364,207,207,50,15,0.00016011004,0,0.00016011004
9,contact-iteration,1,0.00044570325,33.079796,33.08024,6.370449e-06,0.000101669364,207,207,50,15,-0.0002166933,0,-0.0002166933
9,contact-iteration,2,0.00042035812,33.079796,33.080215,1.1147723e-05,0.000101669364,207,207,50,15,-2.534512e-05,0,-2.534512e-05
9,contact-iteration,3,0.00041484286,33.079796,33.080208,1.5341193e-05,0.000101669364,207,207,50,15,-5.5152573e-06,0,-5.5152573e-06
9,contact-iteration,4,0.00041194033,33.079796,33.080208,1.933826e-05,0.000101669364,207,207,50,15,-2.9025414e-06,0,-2.9025414e-06
9,contact-iteration,5,0.00040958187,33.079796,33.080204,2.3119677e-05,0.000101669364,207,207,50,15,-2.35844e-06,0,-2.35844e-06
9,contact-iteration,6,0.00040755345,33.079796,33.0802,2.6674932e-05,0.000101669364,207,207,50,15,-2.028443e-06,0,-2.028443e-06
9,contact-iteration,7,0.0004057521,33.079796,33.0802,3.0000598e-05,0.000101669364,207,207,50,15,-1.801347e-06,0,-1.801347e-06
9,contact-iteration,8,0.00040410028,33.079796,33.0802,3.3098295e-05,0.000101669364,207,207,50,15,-1.6518155e-06,0,-1.6518155e-06
9,contact-iteration,9,0.0004025591,33.079796,33.080196,3.597305e-05,0.000101669364,207,207,50,15,-1.5411825e-06,0,-1.5411825e-06
9,contact-iteration,10,0.00040114342,33.079796,33.080196,3.8632123e-05,0.000101669364,207,207,50,15,-1.4156639e-06,0,-1.4156639e-06
9,contact-iteration,11,0.000399851,33.079796,33.080193,4.1084204e-05,0.000101669364,207,207,50,15,-1.2924315e-06,0,-1.2924315e-06
9,contact-iteration,12,0.00039863455,33.079796,33.080193,4.3338892e-05,0.000101669364,207,207,50,15,-1.2164359e-06,0,-1.216436e-06
9,restitution,0,0.00039863455,33.079796,33.080193,4.3338892e-05,0.000101669364,207,207,50,15,0,0,0
9,shock,0,0.00039658774,33.079796,33.080193,4.3338892e-05,0.000101669364,207,207,50,15,-2.046815e-06,0,-2.046815e-06
9,rest-damping,0,0.00039658774,33.079796,33.080193,4.3338892e-05,0.000101669364,207,207,50,15,0,0,0
9,pose-drift,0,0.0003965808,33.079796,33.080193,0,0.000101669364,207,207,50,15,-6.936178e-09,2.9925914e-06,2.9856553e-06
9,split-counterfactual,0,0.0003965808,33.079796,33.080193,0,0,0,0,0,0,-3.2846273e-12,4.2395044e-05,4.2395044e-05
9,finish,0,0.0003965808,33.079796,33.080193,0,0.000101669364,207,207,50,15,0,0,0
10,start,0,0.0003965808,33.079796,33.080193,0,0.000101669364,207,207,50,15,0,0,0
10,gravity-kick,0,0.0005029012,33.079796,33.0803,0,0.000101669364,207,207,50,15,0.000106320396,0,0.000106320396
10,collide,0,0.0005029012,33.079796,33.0803,0,0.0001017067,207,207,0,0,0,0,0
10,warm-start,0,0.0006685038,33.079796,33.080467,0,0.0001017067,207,207,50,17,0.00016560259,0,0.00016560259
10,contact-iteration,1,0.00044687706,33.079796,33.080246,6.4015926e-06,0.0001017067,207,207,50,17,-0.00022162675,0,-0.00022162675
10,contact-iteration,2,0.0004205929,33.079796,33.08022,1.1146587e-05,0.0001017067,207,207,50,17,-2.6284148e-05,0,-2.6284148e-05
10,contact-iteration,3,0.00041480747,33.079796,33.08021,1.5389887e-05,0.0001017067,207,207,50,17,-5.785444e-06,0,-5.785444e-06
10,contact-iteration,4,0.00041177773,33.079796,33.080208,1.9421966e-05,0.0001017067,207,207,50,17,-3.029735e-06,0,-3.029735e-06
10,contact-iteration,5,0.00040933376,33.079796,33.080208,2.3244957e-05,0.0001017067,207,207,50,17,-2.4439594e-06,0,-2.4439594e-06
10,contact-iteration,6,0.000407214,33.079796,33.080204,2.685965e-05,0.0001017067,207,207,50,17,-2.1197895e-06,0,-2.1197895e-06
10,contact-iteration,7,0.0004053271,33.079796,33.080204,3.0267936e-05,0.0001017067,207,207,50,17,-1.8868803e-06,0,-1.8868803e-06
10,contact-iteration,8,0.00040360226,33.079796,33.0802,3.34728e-05,0.0001017067,207,207,50,17,-1.7248514e-06,0,-1.7248514e-06
10,contact-iteration,9,0.0004020133,33.079796,33.0802,3.647807e-05,0.0001017067,207,207,50,17,-1.588929e-06,0,-1.588929e-06
10,contact-iteration,10,0.00040055357,33.079796,33.080196,3.9288243e-05,0.0001017067,207,207,50,17,-1.4597334e-06,0,-1.4597334e-06
10,contact-iteration,11,0.00039921826,33.079796,33.080196,4.1908366e-05,0.0001017067,207,207,50,17,-1.3353093e-06,0,-1.3353093e-06
10,contact-iteration,12,0.00039800044,33.079796,33.080196,4.434401e-05,0.0001017067,207,207,50,17,-1.2178414e-06,0,-1.2178414e-06
10,restitution,0,0.00039800044,33.079796,33.080196,4.434401e-05,0.0001017067,207,207,50,17,0,0,0
10,shock,0,0.0003959664,33.079796,33.080193,4.434401e-05,0.0001017067,207,207,50,17,-2.0340335e-06,0,-2.0340335e-06
10,rest-damping,0,0.0003959664,33.079796,33.080193,4.434401e-05,0.0001017067,207,207,50,17,0,0,0
10,pose-drift,0,0.00039595948,33.079803,33.080196,0,0.0001017067,207,207,50,17,-6.926359e-09,4.3226323e-06,4.3157056e-06
10,split-counterfactual,0,0.00039595948,33.079803,33.080196,0,0,0,0,0,0,2.9967964e-12,4.4390108e-05,4.4390108e-05
10,finish,0,0.00039595948,33.079803,33.080196,0,0.0001017067,207,207,50,17,0,0,0
11,start,0,0.00039595948,33.079803,33.080196,0,0.0001017067,207,207,50,17,0,0,0
11,gravity-kick,0,0.0005023213,33.079803,33.080303,0,0.0001017067,207,207,50,17,0.00010636183,0,0.00010636183
11,collide,0,0.0005023213,33.079803,33.080303,0,0.000101621896,207,207,0,0,0,0,0
11,warm-start,0,0.00067185896,33.079803,33.080475,0,0.000101621896,207,207,50,15,0.00016953766,0,0.00016953766
11,contact-iteration,1,0.0004464994,33.079803,33.08025,6.594381e-06,0.000101621896,207,207,50,15,-0.00022535957,0,-0.00022535957
11,contact-iteration,2,0.00041983838,33.079803,33.080223,1.1517143e-05,0.000101621896,207,207,50,15,-2.6661026e-05,0,-2.6661026e-05
11,contact-iteration,3,0.00041403584,33.079803,33.080215,1.584255e-05,0.000101621896,207,207,50,15,-5.802535e-06,0,-5.802535e-06
11,contact-iteration,4,0.00041102353,33.079803,33.08021,1.9706658e-05,0.000101621896,207,207,50,15,-3.0122958e-06,0,-3.0122958e-06
11,contact-iteration,5,0.000408567,33.079803,33.08021,2.319997e-05,0.000101621896,207,207,50,15,-2.4565356e-06,0,-2.4565356e-06
11,contact-iteration,6,0.00040645906,33.079803,33.080208,2.638733e-05,0.000101621896,207,207,50,15,-2.107956e-06,0,-2.107956e-06
11,contact-iteration,7,0.00040458405,33.079803,33.080208,2.9313662e-05,0.000101621896,207,207,50,15,-1.8749956e-06,0,-1.8749956e-06
11,contact-iteration,8,0.0004028703,33.079803,33.080204,3.2009633e-05,0.000101621896,207,207,50,15,-1.7137559e-06,0,-1.7137559e-06
11,contact-iteration,9,0.0004012913,33.079803,33.080204,3.449656e-05,0.000101621896,207,207,50,15,-1.5789925e-06,0,-1.5789925e-06
11,contact-iteration,10,0.00039984053,33.079803,33.0802,3.6789977e-05,0.000101621896,207,207,50,15,-1.4507809e-06,0,-1.4507809e-06
11,contact-iteration,11,0.00039851243,33.079803,33.0802,3.8902057e-05,0.000101621896,207,207,50,15,-1.3280801e-06,0,-1.3280801e-06
11,contact-iteration,12,0.00039730023,33.079803,33.0802,4.0843122e-05,0.000101621896,207,207,50,15,-1.2122149e-06,0,-1.212215e-06
11,restitution,0,0.00039730023,33.079803,33.0802,4.0843122e-05,0.000101621896,207,207,50,15,0,0,0
11,shock,0,0.00039527813,33.079803,33.080196,4.0843126e-05,0.000101621896,207,207,50,15,-2.0221064e-06,0,-2.0221064e-06
11,rest-damping,0,0.00039527813,33.079803,33.080196,4.0843126e-05,0.000101621896,207,207,50,15,0,0,0
11,pose-drift,0,0.0003952712,33.079803,33.080196,0,0.000101621896,207,207,50,15,-6.9263923e-09,8.3127543e-07,8.24349e-07
11,split-counterfactual,0,0.0003952712,33.079803,33.080196,0,0,0,0,0,0,-2.8844795e-12,4.056624e-05,4.0566236e-05
11,finish,0,0.0003952712,33.079803,33.080196,0,0.000101621896,207,207,50,15,0,0,0
12,start,0,0.0003952712,33.079803,33.080196,0,0.000101621896,207,207,50,15,0,0,0
12,gravity-kick,0,0.0005014722,33.079803,33.080303,0,0.000101621896,207,207,50,15,0.00010620104,0,0.00010620104
12,collide,0,0.0005014722,33.079803,33.080303,0,0.00010168789,207,207,0,0,0,0,0
12,warm-start,0,0.0006745748,33.079803,33.08048,0,0.00010168789,207,207,50,16,0.00017310257,0,0.00017310257
12,contact-iteration,1,0.00044600116,33.079803,33.08025,6.514328e-06,0.00010168789,207,207,50,16,-0.00022857366,0,-0.00022857366
12,contact-iteration,2,0.00041900884,33.079803,33.080223,1.1406285e-05,0.00010168789,207,207,50,16,-2.699232e-05,0,-2.699232e-05
12,contact-iteration,3,0.0004131805,33.079803,33.080215,1.5685035e-05,0.00010168789,207,207,50,16,-5.828324e-06,0,-5.828324e-06
12,contact-iteration,4,0.00041018636,33.079803,33.08021,1.9646708e-05,0.00010168789,207,207,50,16,-2.9941557e-06,0,-2.9941557e-06
12,contact-iteration,5,0.00040775107,33.079803,33.08021,2.3464101e-05,0.00010168789,207,207,50,16,-2.4352976e-06,0,-2.4352976e-06
12,contact-iteration,6,0.00040566115,33.079803,33.080208,2.7096221e-05,0.00010168789,207,207,50,16,-2.0899051e-06,0,-2.0899051e-06
12,contact-iteration,7,0.00040380252,33.079803,33.080208,3.0531846e-05,0.00010168789,207,207,50,16,-1.8586262e-06,0,-1.8586262e-06
12,contact-iteration,8,0.00040210324,33.079803,33.080204,3.3768698e-05,0.00010168789,207,207,50,16,-1.6992979e-06,0,-1.6992979e-06
12,contact-iteration,9,0.00040053768,33.079803,33.080204,3.6808175e-05,0.00010168789,207,207,50,16,-1.565547e-06,0,-1.565547e-06
12,contact-iteration,10,0.00039909894,33.079803,33.0802,3.9653598e-05,0.00010168789,207,207,50,16,-1.4387356e-06,0,-1.4387356e-06
12,contact-iteration,11,0.00039778152,33.079803,33.0802,4.230947e-05,0.00010168789,207,207,50,16,-1.3174181e-06,0,-1.3174181e-06
12,contact-iteration,12,0.00039657915,33.079803,33.0802,4.4781114e-05,0.00010168789,207,207,50,16,-1.2023726e-06,0,-1.2023726e-06
12,restitution,0,0.00039657915,33.079803,33.0802,4.4781114e-05,0.00010168789,207,207,50,16,0,0,0
12,shock,0,0.00039457364,33.079803,33.080196,4.4781114e-05,0.00010168789,207,207,50,16,-2.0055143e-06,0,-2.0055143e-06
12,rest-damping,0,0.00039457364,33.079803,33.080196,4.4781114e-05,0.00010168789,207,207,50,16,0,0,0
12,pose-drift,0,0.00039456674,33.079807,33.080204,0,0.00010168789,207,207,50,16,-6.9123125e-09,4.9876526e-06,4.98074e-06
12,split-counterfactual,0,0.00039456674,33.079807,33.080204,0,0,0,0,0,0,1.7283043e-12,4.389134e-05,4.3891345e-05
12,finish,0,0.00039456674,33.079807,33.080204,0,0.00010168789,207,207,50,16,0,0,0
13,start,0,0.00039456674,33.079807,33.080204,0,0.00010168789,207,207,50,16,0,0,0
13,gravity-kick,0,0.00050057546,33.079807,33.080307,0,0.00010168789,207,207,50,16,0.00010600874,0,0.00010600874
13,collide,0,0.00050057546,33.079807,33.080307,0,0.0001016379,207,207,0,0,0,0,0
13,warm-start,0,0.00067406986,33.079807,33.080482,0,0.0001016379,207,207,50,15,0.00017349438,0,0.00017349438
13,contact-iteration,1,0.00044521436,33.079807,33.080254,6.583263e-06,0.0001016379,207,207,50,15,-0.00022885548,0,-0.00022885548
13,contact-iteration,2,0.00041821392,33.079807,33.080227,1.15093835e-05,0.0001016379,207,207,50,15,-2.700046e-05,0,-2.700046e-05
13,contact-iteration,3,0.00041240227,33.079807,33.08022,1.5812662e-05,0.0001016379,207,207,50,15,-5.811653e-06,0,-5.811653e-06
13,contact-iteration,4,0.00040942183,33.079807,33.080215,1.9860581e-05,0.0001016379,207,207,50,15,-2.980439e-06,0,-2.980439e-06
13,contact-iteration,5,0.00040700418,33.079807,33.080215,2.3730578e-05,0.0001016379,207,207,50,15,-2.4176456e-06,0,-2.4176456e-06
13,contact-iteration,6,0.00040492436,33.079807,33.08021,2.7397577e-05,0.0001016379,207,207,50,15,-2.0798068e-06,0,-2.0798068e-06
13,contact-iteration,7,0.00040307594,33.079807,33.08021,3.085552e-05,0.0001016379,207,207,50,15,-1.8484183e-06,0,-1.8484183e-06
13,contact-iteration,8,0.0004013859,33.079807,33.080208,3.410431e-05,0.0001016379,207,207,50,15,-1.690042e-06,0,-1.6900419e-06
13,contact-iteration,9,0.0003998288,33.079807,33.080208,3.7146434e-05,0.0001016379,207,207,50,15,-1.5571113e-06,0,-1.5571113e-06
13,contact-iteration,10,0.00039839753,33.079807,33.080208,3.9985895e-05,0.0001016379,207,207,50,15,-1.4312722e-06,0,-1.4312722e-06
13,contact-iteration,11,0.00039708667,33.079807,33.080204,4.2627755e-05,0.0001016379,207,207,50,15,-1.310866e-06,0,-1.310866e-06
13,contact-iteration,12,0.00039589047,33.079807,33.080204,4.507795e-05,0.0001016379,207,207,50,15,-1.196204e-06,0,-1.196204e-06
13,restitution,0,0.00039589047,33.079807,33.080204,4.507795e-05,0.0001016379,207,207,50,15,0,0,0
13,shock,0,0.0003938955,33.079807,33.0802,4.507795e-05,0.0001016379,207,207,50,15,-1.994976e-06,0,-1.994976e-06
13,rest-damping,0,0.0003938955,33.079807,33.0802,4.507795e-05,0.0001016379,207,207,50,15,0,0,0
13,pose-drift,0,0.00039388856,33.079815,33.080208,0,0.0001016379,207,207,50,15,-6.9064257e-09,5.818928e-06,5.8120213e-06
13,split-counterfactual,0,0.00039388856,33.079815,33.080208,0,0,0,0,0,0,-2.7044367e-12,4.4390108e-05,4.4390104e-05
13,finish,0,0.00039388856,33.079815,33.080208,0,0.0001016379,207,207,50,15,0,0,0
14,start,0,0.00039388856,33.079815,33.080208,0,0.0001016379,207,207,50,15,0,0,0
14,gravity-kick,0,0.0004997791,33.079815,33.080315,0,0.0001016379,207,207,50,15,0.00010589057,0,0.00010589057
14,collide,0,0.0004997791,33.079815,33.080315,0,0.00010165289,207,207,0,0,0,0,0
14,warm-start,0,0.0006723355,33.079815,33.080486,0,0.00010165289,207,207,50,15,0.00017255639,0,0.00017255639
14,contact-iteration,1,0.000444415,33.079815,33.080257,6.417882e-06,0.00010165289,207,207,50,15,-0.00022792055,0,-0.00022792055
14,contact-iteration,2,0.00041752335,33.079815,33.08023,1.1123585e-05,0.00010165289,207,207,50,15,-2.6891632e-05,0,-2.6891632e-05
14,contact-iteration,3,0.0004117288,33.079815,33.080227,1.5374446e-05,0.00010165289,207,207,50,15,-5.7945435e-06,0,-5.7945435e-06
14,contact-iteration,4,0.00040875285,33.079815,33.080223,1.9386842e-05,0.00010165289,207,207,50,15,-2.9759651e-06,0,-2.9759651e-06
14,contact-iteration,5,0.00040633886,33.079815,33.08022,2.3166787e-05,0.00010165289,207,207,50,15,-2.4139922e-06,0,-2.4139922e-06
14,contact-iteration,6,0.00040426184,33.079815,33.08022,2.6711983e-05,0.00010165289,207,207,50,15,-2.0770203e-06,0,-2.0770203e-06
14,contact-iteration,7,0.00040241625,33.079815,33.080215,3.0022733e-05,0.00010165289,207,207,50,15,-1.8455961e-06,0,-1.8455961e-06
14,contact-iteration,8,0.00040072866,33.079815,33.080215,3.310281e-05,0.00010165289,207,207,50,15,-1.6875688e-06,0,-1.6875688e-06
14,contact-iteration,9,0.00039917388,33.079815,33.08021,3.595862e-05,0.00010165289,207,207,50,15,-1.5548014e-06,0,-1.5548014e-06
14,contact-iteration,10,0.00039774462,33.079815,33.08021,3.859833e-05,0.00010165289,207,207,50,15,-1.4292624e-06,0,-1.4292624e-06
14,contact-iteration,11,0.00039643547,33.079815,33.08021,4.103122e-05,0.00010165289,207,207,50,15,-1.3091231e-06,0,-1.3091231e-06
14,contact-iteration,12,0.00039524102,33.079815,33.080208,4.326725e-05,0.00010165289,207,207,50,15,-1.1944601e-06,0,-1.1944601e-06
14,restitution,0,0.00039524102,33.079815,33.080208,4.326725e-05,0.00010165289,207,207,50,15,0,0,0
14,shock,0,0.00039324918,33.079815,33.080208,4.3267246e-05,0.00010165289,207,207,50,15,-1.9918461e-06,0,-1.9918461e-06
14,rest-damping,0,0.00039324918,33.079815,33.080208,4.3267246e-05,0.00010165289,207,207,50,15,0,0,0
14,pose-drift,0,0.00039324228,33.07982,33.08021,0,0.00010165289,207,207,50,15,-6.902472e-09,3.990122e-06,3.9832194e-06
14,split-counterfactual,0,0.00039324228,33.07982,33.08021,0,0,0,0,0,0,-3.2721907e-12,4.25613e-05,4.2561296e-05
14,finish,0,0.00039324228,33.07982,33.08021,0,0.00010165289,207,207,50,15,0,0,0
15,start,0,0.00039324228,33.07982,33.08021,0,0.00010165289,207,207,50,15,0,0,0
15,gravity-kick,0,0.0004991014,33.07982,33.08032,0,0.00010165289,207,207,50,15,0.00010585913,0,0.00010585913
15,collide,0,0.0004991014,33.07982,33.08032,0,0.0001016919,207,207,0,0,0,0,0
15,warm-start,0,0.000670007,33.07982,33.080486,0,0.0001016919,207,207,50,16,0.00017090562,0,0.00017090562
15,contact-iteration,1,0.0004435724,33.07982,33.08026,6.5271056e-06,0.0001016919,207,207,50,16,-0.00022643463,0,-0.00022643463
15,contact-iteration,2,0.0004169149,33.07982,33.080235,1.1432539e-05,0.0001016919,207,207,50,16,-2.6657506e-05,0,-2.6657506e-05
15,contact-iteration,3,0.00041112953,33.07982,33.080227,1.5760668e-05,0.0001016919,207,207,50,16,-5.785377e-06,0,-5.785377e-06
15,contact-iteration,4,0.00040815235,33.07982,33.080227,1.963832e-05,0.0001016919,207,207,50,16,-2.9771545e-06,0,-2.9771545e-06
15,contact-iteration,5,0.00040573344,33.07982,33.080223,2.3152457e-05,0.0001016919,207,207,50,16,-2.4189148e-06,0,-2.4189148e-06
15,contact-iteration,6,0.00040365386,33.07982,33.08022,2.6365467e-05,0.0001016919,207,207,50,16,-2.079579e-06,0,-2.079579e-06
15,contact-iteration,7,0.00040180562,33.07982,33.08022,2.932015e-05,0.0001016919,207,207,50,16,-1.8482485e-06,0,-1.8482485e-06
15,contact-iteration,8,0.0004001154,33.07982,33.08022,3.2045376e-05,0.0001016919,207,207,50,16,-1.6902261e-06,0,-1.6902261e-06
15,contact-iteration,9,0.00039855816,33.07982,33.080215,3.4561006e-05,0.0001016919,207,207,50,16,-1.5572424e-06,0,-1.5572424e-06
15,contact-iteration,10,0.00039712674,33.07982,33.080215,3.6881524e-05,0.0001016919,207,207,50,16,-1.4314113e-06,0,-1.4314113e-06
15,contact-iteration,11,0.00039581567,33.07982,33.08021,3.901838e-05,0.0001016919,207,207,50,16,-1.3110576e-06,0,-1.3110576e-06
15,contact-iteration,12,0.0003946195,33.07982,33.08021,4.098149e-05,0.0001016919,207,207,50,16,-1.1961663e-06,0,-1.1961663e-06
15,restitution,0,0.0003946195,33.07982,33.08021,4.098149e-05,0.0001016919,207,207,50,16,0,0,0
15,shock,0,0.00039262528,33.07982,33.08021,4.0981493e-05,0.0001016919,207,207,50,16,-1.994236e-06,0,-1.994236e-06
15,rest-damping,0,0.00039262528,33.07982,33.08021,4.0981493e-05,0.0001016919,207,207,50,16,0,0,0
15,pose-drift,0,0.00039261839,33.07982,33.08021,0,0.0001016919,207,207,50,16,-6.8824e-09,1.6625509e-06,1.6556684e-06
15,split-counterfactual,0,0.00039261839,33.07982,33.08021,0,0,0,0,0,0,-2.0765622e-12,4.023373e-05,4.023373e-05
15,finish,0,0.00039261839,33.07982,33.08021,0,0.0001016919,207,207,50,16,0,0,0
16,start,0,0.00039261839,33.07982,33.08021,0,0.0001016919,207,207,50,16,0,0,0
16,gravity-kick,0,0.0004985104,33.07982,33.08032,0,0.0001016919,207,207,50,16,0.000105891966,0,0.000105891966
16,collide,0,0.0004985104,33.07982,33.08032,0,0.00010173106,207,207,0,0,0,0,0
16,warm-start,0,0.00066902715,33.07982,33.080486,0,0.00010173106,207,207,50,15,0.00017051678,0,0.00017051678
16,contact-iteration,1,0.00044301903,33.07982,33.08026,6.4704486e-06,0.00010173106,207,207,50,15,-0.00022600811,0,-0.00022600811
16,contact-iteration,2,0.0004163233,33.07982,33.080235,1.1299705e-05,0.00010173106,207,207,50,15,-2.6695734e-05,0,-2.6695734e-05
16,contact-iteration,3,0.00041054474,33.07982,33.08023,1.5482367e-05,0.00010173106,207,207,50,15,-5.778547e-06,0,-5.778547e-06
16,contact-iteration,4,0.0004075629,33.07982,33.080227,1.9255622e-05,0.00010173106,207,207,50,15,-2.9818416e-06,0,-2.9818416e-06
16,contact-iteration,5,0.00040513853,33.07982,33.080223,2.2863558e-05,0.00010173106,207,207,50,15,-2.4243886e-06,0,-2.4243886e-06
16,contact-iteration,6,0.00040305432,33.07982,33.080223,2.6250576e-05,0.00010173106,207,207,50,15,-2.0841962e-06,0,-2.0841962e-06
16,contact-iteration,7,0.00040120218,33.07982,33.08022,2.9401377e-05,0.00010173106,207,207,50,15,-1.8521488e-06,0,-1.8521488e-06
16,contact-iteration,8,0.00039950837,33.07982,33.08022,3.2312866e-05,0.00010173106,207,207,50,15,-1.6938219e-06,0,-1.6938219e-06
16,contact-iteration,9,0.00039794785,33.07982,33.080215,3.4987508e-05,0.00010173106,207,207,50,15,-1.5604963e-06,0,-1.5604963e-06
16,contact-iteration,10,0.00039651355,33.07982,33.080215,3.743098e-05,0.00010173106,207,207,50,15,-1.4343171e-06,0,-1.4343171e-06
16,contact-iteration,11,0.0003952,33.07982,33.080215,3.96511e-05,0.00010173106,207,207,50,15,-1.3135473e-06,0,-1.3135473e-06
16,contact-iteration,12,0.0003940015,33.07982,33.08021,4.1657237e-05,0.00010173106,207,207,50,15,-1.1985021e-06,0,-1.1985021e-06
16,restitution,0,0.0003940015,33.07982,33.08021,4.1657237e-05,0.00010173106,207,207,50,15,0,0,0
16,shock,0,0.00039200374,33.07982,33.08021,4.1657237e-05,0.00010173106,207,207,50,15,-1.9977585e-06,0,-1.9977585e-06
16,rest-damping,0,0.00039200374,33.07982,33.08021,4.1657237e-05,0.00010173106,207,207,50,15,0,0,0
16,pose-drift,0,0.00039199687,33.079823,33.08021,0,0.00010173106,207,207,50,15,-6.878117e-09,1.6625509e-06,1.6556727e-06
16,split-counterfactual,0,0.00039199687,33.079823,33.08021,0,0,0,0,0,0,-4.652203e-13,4.023373e-05,4.023373e-05
16,finish,0,0.00039199687,33.079823,33.08021,0,0.00010173106,207,207,50,15,0,0,0
17,start,0,0.00039199687,33.079823,33.08021,0,0.00010173106,207,207,50,15,0,0,0
17,gravity-kick,0,0.0004979357,33.079823,33.08032,0,0.00010173106,207,207,50,15,0.000105938816,0,0.000105938816
17,collide,0,0.0004979357,33.079823,33.08032,0,0.000101699174,207,207,0,0,0,0,0
17,warm-start,0,0.0006683154,33.079823,33.08049,0,0.000101699174,207,207,50,16,0.00017037972,0,0.00017037972
17,contact-iteration,1,0.00044241373,33.079823,33.080265,6.427325e-06,0.000101699174,207,207,50,16,-0.00022590168,0,-0.00022590168
17,contact-iteration,2,0.00041572392,33.079823,33.08024,1.1256913e-05,0.000101699174,207,207,50,16,-2.668981e-05,0,-2.668981e-05
17,contact-iteration,3,0.00040994346,33.079823,33.08023,1.5500997e-05,0.000101699174,207,207,50,16,-5.7804596e-06,0,-5.7804596e-06
17,contact-iteration,4,0.0004069586,33.079823,33.080227,1.946308e-05,0.000101699174,207,207,50,16,-2.984869e-06,0,-2.984869e-06
17,contact-iteration,5,0.00040452922,33.079823,33.080227,2.3284132e-05,0.000101699174,207,207,50,16,-2.4293615e-06,0,-2.4293615e-06
17,contact-iteration,6,0.00040244206,33.079823,33.080223,2.692499e-05,0.000101699174,207,207,50,16,-2.087159e-06,0,-2.087159e-06
17,contact-iteration,7,0.00040058696,33.079823,33.080223,3.0373354e-05,0.000101699174,207,207,50,16,-1.8551156e-06,0,-1.8551156e-06
17,contact-iteration,8,0.00039889035,33.079823,33.08022,3.3625598e-05,0.000101699174,207,207,50,16,-1.6965903e-06,0,-1.6965903e-06
17,contact-iteration,9,0.00039732736,33.079823,33.08022,3.668199e-05,0.000101699174,207,207,50,16,-1.5630187e-06,0,-1.5630187e-06
17,contact-iteration,10,0.00039589082,33.079823,33.080215,3.954502e-05,0.000101699174,207,207,50,16,-1.4365112e-06,0,-1.4365112e-06
17,contact-iteration,11,0.00039457533,33.079823,33.080215,4.2218584e-05,0.000101699174,207,207,50,16,-1.3154904e-06,0,-1.3154904e-06
17,contact-iteration,12,0.00039337508,33.079823,33.080215,4.4707616e-05,0.000101699174,207,207,50,16,-1.2002661e-06,0,-1.2002661e-06
17,restitution,0,0.00039337508,33.079823,33.080215,4.4707616e-05,0.000101699174,207,207,50,16,0,0,0
17,shock,0,0.0003913747,33.079823,33.08021,4.4707616e-05,0.000101699174,207,207,50,16,-2.0003922e-06,0,-2.0003922e-06
17,rest-damping,0,0.0003913747,33.079823,33.08021,4.4707616e-05,0.000101699174,207,207,50,16,0,0,0
17,pose-drift,0,0.00039136782,33.079826,33.08022,0,0.000101699174,207,207,50,16,-6.8694024e-09,5.3201625e-06,5.313293e-06
17,split-counterfactual,0,0.00039136782,33.079826,33.08022,0,0,0,0,0,0,6.8985643e-13,4.389134e-05,4.389134e-05
17,finish,0,0.00039136782,33.079826,33.08022,0,0.000101699174,207,207,50,16,0,0,0
18,start,0,0.00039136782,33.079826,33.08022,0,0.000101699174,207,207,50,16,0,0,0
18,gravity-kick,0,0.00049734215,33.079826,33.080322,0,0.000101699174,207,207,50,16,0.0001059743,0,0.0001059743
18,collide,0,0.00049734215,33.079826,33.080322,0,0.00010173868,207,207,0,0,0,0,0
18,warm-start,0,0.0006677947,33.079826,33.080494,0,0.00010173868,207,207,50,15,0.00017045262,0,0.00017045262
18,contact-iteration,1,0.00044180325,33.079826,33.08027,6.385094e-06,0.00010173868,207,207,50,15,-0.00022599148,0,-0.00022599148
18,contact-iteration,2,0.00041510325,33.079826,33.080242,1.1116358e-05,0.00010173868,207,207,50,15,-2.6699992e-05,0,-2.6699992e-05
18,contact-iteration,3,0.00040931915,33.079826,33.080235,1.5387172e-05,0.00010173868,207,207,50,15,-5.784094e-06,0,-5.784094e-06
18,contact-iteration,4,0.0004063326,33.079826,33.08023,1.9452917e-05,0.00010173868,207,207,50,15,-2.9865516e-06,0,-2.9865516e-06
18,contact-iteration,5,0.00040390046,33.079826,33.08023,2.3308938e-05,0.00010173868,207,207,50,15,-2.4321694e-06,0,-2.4321694e-06
18,contact-iteration,6,0.00040181147,33.079826,33.080227,2.6951719e-05,0.00010173868,207,207,50,15,-2.0889784e-06,0,-2.0889784e-06
18,contact-iteration,7,0.00039995476,33.079826,33.080227,3.0381067e-05,0.00010173868,207,207,50,15,-1.8567014e-06,0,-1.8567014e-06
18,contact-iteration,8,0.00039825655,33.079826,33.080223,3.359912e-05,0.00010173868,207,207,50,15,-1.6982248e-06,0,-1.6982248e-06
18,contact-iteration,9,0.00039669167,33.079826,33.080223,3.6609534e-05,0.00010173868,207,207,50,15,-1.5648833e-06,0,-1.5648833e-06
18,contact-iteration,10,0.0003952536,33.079826,33.080223,3.9417006e-05,0.00010173868,207,207,50,15,-1.4380773e-06,0,-1.4380773e-06
18,contact-iteration,11,0.0003939369,33.079826,33.08022,4.2027095e-05,0.00010173868,207,207,50,15,-1.3166755e-06,0,-1.3166755e-06
18,contact-iteration,12,0.00039273567,33.079826,33.08022,4.4446086e-05,0.00010173868,207,207,50,15,-1.2012396e-06,0,-1.2012396e-06
18,restitution,0,0.00039273567,33.079826,33.08022,4.4446086e-05,0.00010173868,207,207,50,15,0,0,0
18,shock,0,0.00039073752,33.079826,33.080215,4.4446086e-05,0.00010173868,207,207,50,15,-1.9981396e-06,0,-1.9981396e-06
18,rest-damping,0,0.00039073752,33.079826,33.080215,4.4446086e-05,0.00010173868,207,207,50,15,0,0,0
18,pose-drift,0,0.00039073068,33.07983,33.080223,0,0.00010173868,207,207,50,15,-6.8493504e-09,4.8213974e-06,4.814548e-06
18,split-counterfactual,0,0.00039073068,33.07983,33.080223,0,0,0,0,0,0,-3.5446147e-12,4.3725086e-05,4.3725082e-05
18,finish,0,0.00039073068,33.07983,33.080223,0,0.00010173868,207,207,50,15,0,0,0
19,start,0,0.00039073068,33.07983,33.080223,0,0.00010173868,207,207,50,15,0,0,0
19,gravity-kick,0,0.00049672165,33.07983,33.080326,0,0.00010173868,207,207,50,15,0.00010599096,0,0.00010599096
19,collide,0,0.00049672165,33.07983,33.080326,0,0.00010165725,207,207,0,0,0,0,0
19,warm-start,0,0.0006614972,33.07983,33.080494,0,0.00010165725,207,207,50,16,0.00016477551,0,0.00016477551
19,contact-iteration,1,0.00044034587,33.07983,33.080273,6.3448783e-06,0.00010165725,207,207,50,16,-0.00022115129,0,-0.00022115129
19,contact-iteration,2,0.00041460205,33.07983,33.080246,1.1024515e-05,0.00010165725,207,207,50,16,-2.5743819e-05,0,-2.5743819e-05
19,contact-iteration,3,0.00040877747,33.07983,33.08024,1.5239961e-05,0.00010165725,207,207,50,16,-5.824573e-06,0,-5.824573e-06
19,contact-iteration,4,0.00040580778,33.07983,33.08024,1.9246481e-05,0.00010165725,207,207,50,16,-2.9696992e-06,0,-2.9696992e-06
19,contact-iteration,5,0.00040336468,33.07983,33.080235,2.3045903e-05,0.00010165725,207,207,50,16,-2.443106e-06,0,-2.443106e-06
19,contact-iteration,6,0.00040126994,33.07983,33.08023,2.663797e-05,0.00010165725,207,207,50,16,-2.0947377e-06,0,-2.0947377e-06
19,contact-iteration,7,0.00039940287,33.07983,33.08023,3.0024046e-05,0.00010165725,207,207,50,16,-1.8670646e-06,0,-1.8670646e-06
19,contact-iteration,8,0.00039769377,33.07983,33.080227,3.3207078e-05,0.00010165725,207,207,50,16,-1.7091024e-06,0,-1.7091024e-06
19,contact-iteration,9,0.00039611995,33.07983,33.080227,3.6191133e-05,0.00010165725,207,207,50,16,-1.5738153e-06,0,-1.5738153e-06
19,contact-iteration,10,0.0003946738,33.07983,33.080227,3.898106e-05,0.00010165725,207,207,50,16,-1.4461452e-06,0,-1.4461452e-06
19,contact-iteration,11,0.00039334976,33.07983,33.080223,4.158228e-05,0.00010165725,207,207,50,16,-1.3240634e-06,0,-1.3240634e-06
19,contact-iteration,12,0.00039214204,33.07983,33.080223,4.400069e-05,0.00010165725,207,207,50,16,-1.2077015e-06,0,-1.2077015e-06
19,restitution,0,0.00039214204,33.07983,33.080223,4.400069e-05,0.00010165725,207,207,50,16,0,0,0
19,shock,0,0.00039013248,33.07983,33.08022,4.400069e-05,0.00010165725,207,207,50,16,-2.0095758e-06,0,-2.0095758e-06
19,rest-damping,0,0.00039013248,33.07983,33.08022,4.400069e-05,0.00010165725,207,207,50,16,0,0,0
19,pose-drift,0,0.00039012564,33.079834,33.080227,0,0.00010165725,207,207,50,16,-6.8418626e-09,4.655142e-06,4.6483005e-06
19,split-counterfactual,0,0.00039012564,33.079834,33.080227,0,0,0,0,0,0,1.4826545e-12,4.4223852e-05,4.4223852e-05
19,finish,0,0.00039012564,33.079834,33.080227,0,0.00010165725,207,207,50,16,0,0,0
20,start,0,0.00039012564,33.079834,33.080227,0,0.00010165725,207,207,50,16,0,0,0
20,gravity-kick,0,0.00049623835,33.079834,33.080334,0,0.00010165725,207,207,50,16,0.000106112704,0,0.000106112704
20,collide,0,0.00049623835,33.079834,33.080334,0,0.00010172803,207,207,0,0,0,0,0
20,warm-start,0,0.00066623767,33.079834,33.0805,0,0.00010172803,207,207,50,14,0.00016999936,0,0.00016999936
20,contact-iteration,1,0.00044058557,33.079834,33.080276,6.7745773e-06,0.00010172803,207,207,50,14,-0.00022565211,0,-0.00022565211
20,contact-iteration,2,0.0004139096,33.079834,33.08025,1.1857973e-05,0.00010172803,207,207,50,14,-2.6675953e-05,0,-2.6675953e-05
20,contact-iteration,3,0.0004081251,33.079834,33.080242,1.6323716e-05,0.00010172803,207,207,50,14,-5.784514e-06,0,-5.784514e-06
20,contact-iteration,4,0.00040513373,33.079834,33.080242,2.0314841e-05,0.00010172803,207,207,50,14,-2.9913756e-06,0,-2.9913756e-06
20,contact-iteration,5,0.0004026983,33.079834,33.08024,2.3912007e-05,0.00010172803,207,207,50,14,-2.4354517e-06,0,-2.4354517e-06
20,contact-iteration,6,0.00040059842,33.079834,33.080235,2.7169932e-05,0.00010172803,207,207,50,14,-2.0998682e-06,0,-2.0998682e-06
20,contact-iteration,7,0.00039873304,33.079834,33.080235,3.0129257e-05,0.00010172803,207,207,50,14,-1.8653734e-06,0,-1.8653734e-06
20,contact-iteration,8,0.00039702674,33.079834,33.080235,3.282173e-05,0.00010172803,207,207,50,14,-1.7063094e-06,0,-1.7063094e-06
20,contact-iteration,9,0.00039545502,33.079834,33.08023,3.5273006e-05,0.00010172803,207,207,50,14,-1.5717208e-06,0,-1.5717208e-06
20,contact-iteration,10,0.00039401083,33.079834,33.08023,3.750448e-05,0.00010172803,207,207,50,14,-1.4441785e-06,0,-1.4441785e-06
20,contact-iteration,11,0.00039268855,33.079834,33.080227,3.953449e-05,0.00010172803,207,207,50,14,-1.3222741e-06,0,-1.3222741e-06
20,contact-iteration,12,0.000391482,33.079834,33.080227,4.1379248e-05,0.00010172803,207,207,50,14,-1.2065507e-06,0,-1.2065507e-06
20,restitution,0,0.000391482,33.079834,33.080227,4.1379248e-05,0.00010172803,207,207,50,14,0,0,0
20,shock,0,0.0003894728,33.079834,33.080227,4.1379248e-05,0.00010172803,207,207,50,14,-2.0091945e-06,0,-2.0091945e-06
20,rest-damping,0,0.0003894728,33.079834,33.080227,4.1379248e-05,0.00010172803,207,207,50,14,0,0,0
20,pose-drift,0,0.00038946597,33.079838,33.080227,0,0.00010172803,207,207,50,14,-6.8405255e-09,2.1613162e-06,2.1544756e-06
20,split-counterfactual,0,0.00038946597,33.079838,33.080227,0,0,0,0,0,0,-5.566328e-12,4.1730025e-05,4.1730018e-05
20,finish,0,0.00038946597,33.079838,33.080227,0,0.00010172803,207,207,50,14,0,0,0
21,start,0,0.00038946597,33.079838,33.080227,0,0.00010172803,207,207,50,14,0,0,0
21,gravity-kick,0,0.00049556344,33.079838,33.080334,0,0.00010172803,207,207,50,14,0.000106097454,0,0.000106097454
21,collide,0,0.00049556344,33.079838,33.080334,0,0.000101673344,207,207,0,0,0,0,0
21,warm-start,0,0.0007261611,33.079838,33.080563,0,0.000101673344,207,207,50,17,0.0002305977,0,0.0002305977
21,contact-iteration,1,0.0004452729,33.079838,33.080284,6.394147e-06,0.000101673344,207,207,50,17,-0.00028088823,0,-0.00028088823
21,contact-iteration,2,0.00041212369,33.079838,33.08025,1.119388e-05,0.000101673344,207,207,50,17,-3.314923e-05,0,-3.314923e-05
21,contact-iteration,3,0.00040578446,33.079838,33.080242,1.5404736e-05,0.000101673344,207,207,50,17,-6.3392113e-06,0,-6.3392113e-06
21,contact-iteration,4,0.00040290193,33.079838,33.080242,1.9323186e-05,0.000101673344,207,207,50,17,-2.8825182e-06,0,-2.8825182e-06
21,contact-iteration,5,0.00040065817,33.079838,33.08024,2.3106439e-05,0.000101673344,207,207,50,17,-2.2437698e-06,0,-2.2437698e-06
21,contact-iteration,6,0.00039868793,33.079838,33.08024,2.6713144e-05,0.000101673344,207,207,50,17,-1.9702538e-06,0,-1.9702538e-06
21,contact-iteration,7,0.00039693806,33.079838,33.080235,3.0130097e-05,0.000101673344,207,207,50,17,-1.7498428e-06,0,-1.7498428e-06
21,contact-iteration,8,0.00039533945,33.079838,33.080235,3.335304e-05,0.000101673344,207,207,50,17,-1.5986205e-06,0,-1.5986205e-06
21,contact-iteration,9,0.00039386816,33.079838,33.08023,3.6381705e-05,0.000101673344,207,207,50,17,-1.4712799e-06,0,-1.4712799e-06
21,contact-iteration,10,0.0003925177,33.079838,33.08023,3.9218092e-05,0.000101673344,207,207,50,17,-1.3505031e-06,0,-1.3505031e-06
21,contact-iteration,11,0.00039128147,33.079838,33.08023,4.1865715e-05,0.000101673344,207,207,50,17,-1.2362116e-06,0,-1.2362116e-06
21,contact-iteration,12,0.00039015285,33.079838,33.080227,4.43292e-05,0.000101673344,207,207,50,17,-1.1286007e-06,0,-1.1286007e-06
21,restitution,0,0.00039015285,33.079838,33.080227,4.43292e-05,0.000101673344,207,207,50,17,0,0,0
21,shock,0,0.00038826934,33.079838,33.080227,4.43292e-05,0.000101673344,207,207,50,17,-1.883513e-06,0,-1.883513e-06
21,rest-damping,0,0.00038826934,33.079838,33.080227,4.43292e-05,0.000101673344,207,207,50,17,0,0,0
21,pose-drift,0,0.00038826253,33.079845,33.08023,0,0.000101673344,207,207,50,17,-6.8194472e-09,6.317693e-06,6.3108737e-06
21,split-counterfactual,0,0.00038826253,33.079845,33.08023,0,0,0,0,0,0,3.3128513e-12,4.389134e-05,4.3891345e-05
21,finish,0,0.00038826253,33.079845,33.08023,0,0.000101673344,207,207,50,17,0,0,0
22,start,0,0.00038826253,33.079845,33.08023,0,0.000101673344,207,207,50,17,0,0,0
22,gravity-kick,0,0.0004928029,33.079845,33.080338,0,0.000101673344,207,207,50,17,0.000104540326,0,0.000104540326
22,collide,0,0.0004928029,33.079845,33.080338,0,0.00010165705,207,207,0,0,0,0,0
22,warm-start,0,0.0007366616,33.079845,33.08058,0,0.00010165705,207,207,50,16,0.00024385873,0,0.00024385873
22,contact-iteration,1,0.00044437023,33.079845,33.080288,6.315343e-06,0.00010165705,207,207,50,16,-0.00029229134,0,-0.00029229134
22,contact-iteration,2,0.0004102436,33.079845,33.080254,1.1059552e-05,0.00010165705,207,207,50,16,-3.4126628e-05,0,-3.4126628e-05
22,contact-iteration,3,0.00040388264,33.079845,33.08025,1.52170405e-05,0.00010165705,207,207,50,16,-6.3609523e-06,0,-6.3609523e-06
22,contact-iteration,4,0.00040109883,33.079845,33.080246,1.9201954e-05,0.00010165705,207,207,50,16,-2.7838237e-06,0,-2.7838237e-06
22,contact-iteration,5,0.000398895,33.079845,33.080242,2.2994287e-05,0.00010165705,207,207,50,16,-2.203827e-06,0,-2.203827e-06
22,contact-iteration,6,0.00039703757,33.079845,33.080242,2.658649e-05,0.00010165705,207,207,50,16,-1.8574243e-06,0,-1.8574243e-06
22,contact-iteration,7,0.0003953863,33.079845,33.08024,2.9976858e-05,0.00010165705,207,207,50,16,-1.6512859e-06,0,-1.6512859e-06
22,contact-iteration,8,0.00039387614,33.079845,33.08024,3.3166736e-05,0.00010165705,207,207,50,16,-1.5101402e-06,0,-1.5101402e-06
22,contact-iteration,9,0.00039248719,33.079845,33.08024,3.6159265e-05,0.00010165705,207,207,50,16,-1.3889698e-06,0,-1.3889698e-06
22,contact-iteration,10,0.00039121095,33.079845,33.080235,3.895872e-05,0.00010165705,207,207,50,16,-1.2762413e-06,0,-1.2762412e-06
22,contact-iteration,11,0.00039004112,33.079845,33.080235,4.1570165e-05,0.00010165705,207,207,50,16,-1.1698011e-06,0,-1.1698011e-06
22,contact-iteration,12,0.0003889732,33.079845,33.080235,4.3999255e-05,0.00010165705,207,207,50,16,-1.0679527e-06,0,-1.0679527e-06
22,restitution,0,0.0003889732,33.079845,33.080235,4.3999255e-05,0.00010165705,207,207,50,16,0,0,0
22,shock,0,0.00038718875,33.079845,33.08023,4.3999255e-05,0.00010165705,207,207,50,16,-1.78445e-06,0,-1.78445e-06
22,rest-damping,0,0.00038718875,33.079845,33.08023,4.3999255e-05,0.00010165705,207,207,50,16,0,0,0
22,pose-drift,0,0.00038718194,33.079853,33.08024,0,0.00010165705,207,207,50,16,-6.8065034e-09,7.647734e-06,7.640927e-06
22,split-counterfactual,0,0.00038718194,33.079853,33.08024,0,0,0,0,0,0,1.3647167e-12,4.4057597e-05,4.4057597e-05
22,finish,0,0.00038718194,33.079853,33.08024,0,0.00010165705,207,207,50,16,0,0,0
23,start,0,0.00038718194,33.079853,33.08024,0,0.00010165705,207,207,50,16,0,0,0
23,gravity-kick,0,0.00049046514,33.079853,33.08034,0,0.00010165705,207,207,50,16,0.000103283186,0,0.000103283186
23,collide,0,0.00049046514,33.079853,33.08034,0,0.00010163326,207,207,0,0,0,0,0
23,warm-start,0,0.0006718341,33.079853,33.080524,0,0.00010163326,207,207,50,15,0.00018136897,0,0.00018136897
23,contact-iteration,1,0.0004372289,33.079853,33.080288,6.407848e-06,0.00010163326,207,207,50,15,-0.00023460519,0,-0.00023460519
23,contact-iteration,2,0.00040976258,33.079853,33.08026,1.1182083e-05,0.00010163326,207,207,50,15,-2.7466338e-05,0,-2.7466338e-05
23,contact-iteration,3,0.00040412717,33.079853,33.080257,1.537906e-05,0.00010163326,207,207,50,15,-5.635382e-06,0,-5.635382e-06
23,contact-iteration,4,0.00040126554,33.079853,33.080254,1.9389381e-05,0.00010163326,207,207,50,15,-2.8616525e-06,0,-2.8616525e-06
23,contact-iteration,5,0.00039899375,33.079853,33.08025,2.3193043e-05,0.00010163326,207,207,50,15,-2.271785e-06,0,-2.271785e-06
23,contact-iteration,6,0.0003970662,33.079853,33.08025,2.6784357e-05,0.00010163326,207,207,50,15,-1.9275478e-06,0,-1.9275478e-06
23,contact-iteration,7,0.00039535316,33.079853,33.080246,3.0163363e-05,0.00010163326,207,207,50,15,-1.7130494e-06,0,-1.7130494e-06
23,contact-iteration,8,0.00039378583,33.079853,33.080246,3.333275e-05,0.00010163326,207,207,50,15,-1.5673243e-06,0,-1.5673243e-06
23,contact-iteration,9,0.0003923425,33.079853,33.080246,3.629662e-05,0.00010163326,207,207,50,15,-1.4433041e-06,0,-1.4433041e-06
23,contact-iteration,10,0.00039101642,33.079853,33.080242,3.9059974e-05,0.00010163326,207,207,50,15,-1.3260866e-06,0,-1.3260866e-06
23,contact-iteration,11,0.0003898022,33.079853,33.080242,4.162853e-05,0.00010163326,207,207,50,15,-1.2142152e-06,0,-1.2142152e-06
23,contact-iteration,12,0.00038869365,33.079853,33.080242,4.4008637e-05,0.00010163326,207,207,50,15,-1.1085627e-06,0,-1.1085627e-06
23,restitution,0,0.00038869365,33.079853,33.080242,4.4008637e-05,0.00010163326,207,207,50,15,0,0,0
23,shock,0,0.00038684224,33.079853,33.08024,4.4008637e-05,0.00010163326,207,207,50,15,-1.8514312e-06,0,-1.8514312e-06
23,rest-damping,0,0.00038684224,33.079853,33.08024,4.4008637e-05,0.00010163326,207,207,50,15,0,0,0
23,pose-drift,0,0.00038683543,33.079857,33.080246,0,0.00010163326,207,207,50,15,-6.8061716e-09,6.317693e-06,6.310887e-06
23,split-counterfactual,0,0.00038683543,33.079857,33.080246,0,0,0,0,0,0,-4.861574e-12,4.355883e-05,4.3558826e-05
23,finish,0,0.00038683543,33.079857,33.080246,0,0.00010163326,207,207,50,15,0,0,0
24,start,0,0.00038683543,33.079857,33.080246,0,0.00010163326,207,207,50,15,0,0,0
24,gravity-kick,0,0.00049102464,33.079857,33.08035,0,0.00010163326,207,207,50,15,0.00010418919,0,0.00010418919
24,collide,0,0.00049102464,33.079857,33.08035,0,0.00010170197,207,207,0,0,0,0,0
24,warm-start,0,0.00071483734,33.079857,33.080574,0,0.00010170197,208,208,50,14,0.00022381275,0,0.00022381275
24,contact-iteration,1,0.00044148637,33.079857,33.0803,6.4864225e-06,0.00010170197,208,208,50,14,-0.000273351,0,-0.000273351
24,contact-iteration,2,0.0004091132,33.079857,33.08027,1.1396935e-05,0.00010170197,208,208,50,14,-3.2373133e-05,0,-3.2373133e-05
24,contact-iteration,3,0.00040293302,33.079857,33.08026,1.5715219e-05,0.00010170197,208,208,50,14,-6.1802148e-06,0,-6.1802148e-06
24,contact-iteration,4,0.00040013567,33.079857,33.080257,1.9574321e-05,0.00010170197,208,208,50,14,-2.7973263e-06,0,-2.797326e-06
24,contact-iteration,5,0.00039795952,33.079857,33.080257,2.30515e-05,0.00010170197,208,208,50,14,-2.17617e-06,0,-2.17617e-06
24,contact-iteration,6,0.00039606215,33.079857,33.080254,2.6199928e-05,0.00010170197,208,208,50,14,-1.8973456e-06,0,-1.8973456e-06
24,contact-iteration,7,0.00039437672,33.079857,33.080254,2.9059263e-05,0.00010170197,208,208,50,14,-1.68545e-06,0,-1.68545e-06
24,contact-iteration,8,0.0003928369,33.079857,33.08025,3.1660446e-05,0.00010170197,208,208,50,14,-1.5398323e-06,0,-1.5398323e-06
24,contact-iteration,9,0.00039141992,33.079857,33.08025,3.402843e-05,0.00010170197,208,208,50,14,-1.4169732e-06,0,-1.4169732e-06
24,contact-iteration,10,0.00039011985,33.079857,33.08025,3.618396e-05,0.00010170197,208,208,50,14,-1.3000713e-06,0,-1.3000713e-06
24,contact-iteration,11,0.00038892982,33.079857,33.080246,3.8144804e-05,0.00010170197,208,208,50,14,-1.1900215e-06,0,-1.1900215e-06
24,contact-iteration,12,0.00038784285,33.079857,33.080246,3.992663e-05,0.00010170197,208,208,50,14,-1.086969e-06,0,-1.086969e-06
24,restitution,0,0.00038784285,33.079857,33.080246,3.992663e-05,0.00010170197,208,208,50,14,0,0,0
24,shock,0,0.00038602634,33.079857,33.080246,3.992663e-05,0.00010170197,208,208,50,14,-1.8165068e-06,0,-1.8165068e-06
24,rest-damping,0,0.00038602634,33.079857,33.080246,3.992663e-05,0.00010170197,208,208,50,14,0,0,0
24,pose-drift,0,0.00038601953,33.07986,33.080246,0,0.00010170197,208,208,50,14,-6.8007586e-09,2.8263364e-06,2.8195357e-06
24,split-counterfactual,0,0.00038601953,33.07986,33.080246,0,0,0,0,0,0,-6.801204e-12,3.956871e-05,3.9568702e-05
24,finish,0,0.00038601953,33.07986,33.080246,0,0.00010170197,208,208,50,14,0,0,0
25,start,0,0.00038601953,33.07986,33.080246,0,0.00010170197,208,208,50,14,0,0,0
25,gravity-kick,0,0.0004897513,33.07986,33.08035,0,0.00010170197,208,208,50,14,0.000103731756,0,0.000103731756
25,collide,0,0.0004897513,33.07986,33.08035,0,0.0001017103,208,208,0,0,0,0,0
25,warm-start,0,0.00072367257,33.07986,33.080585,0,0.0001017103,208,208,50,17,0.00023392124,0,0.00023392124
25,contact-iteration,1,0.00044125406,33.07986,33.080303,6.3783214e-06,0.0001017103,208,208,50,17,-0.00028241848,0,-0.00028241848
25,contact-iteration,2,0.00040791914,33.07986,33.08027,1.1164713e-05,0.0001017103,208,208,50,17,-3.3334916e-05,0,-3.3334916e-05
25,contact-iteration,3,0.00040168452,33.07986,33.08026,1.5358482e-05,0.0001017103,208,208,50,17,-6.2346267e-06,0,-6.2346267e-06
25,contact-iteration,4,0.0003989427,33.07986,33.08026,1.9250612e-05,0.0001017103,208,208,50,17,-2.7418228e-06,0,-2.7418228e-06
25,contact-iteration,5,0.00039677593,33.07986,33.080257,2.3007142e-05,0.0001017103,208,208,50,17,-2.1667856e-06,0,-2.1667856e-06
25,contact-iteration,6,0.00039493266,33.07986,33.080257,2.6587402e-05,0.0001017103,208,208,50,17,-1.843247e-06,0,-1.843247e-06
25,contact-iteration,7,0.0003932947,33.07986,33.080254,2.9978914e-05,0.0001017103,208,208,50,17,-1.6379671e-06,0,-1.637967e-06
25,contact-iteration,8,0.00039179763,33.07986,33.080254,3.317791e-05,0.0001017103,208,208,50,17,-1.4970675e-06,0,-1.4970675e-06
25,contact-iteration,9,0.00039042087,33.07986,33.08025,3.61844e-05,0.0001017103,208,208,50,17,-1.3767676e-06,0,-1.3767676e-06
25,contact-iteration,10,0.0003891554,33.07986,33.08025,3.9000523e-05,0.0001017103,208,208,50,17,-1.2654441e-06,0,-1.2654441e-06
25,contact-iteration,11,0.00038799626,33.07986,33.08025,4.1629806e-05,0.0001017103,208,208,50,17,-1.1591543e-06,0,-1.1591543e-06
25,contact-iteration,12,0.00038693732,33.07986,33.080246,4.407682e-05,0.0001017103,208,208,50,17,-1.0589592e-06,0,-1.0589592e-06
25,restitution,0,0.00038693732,33.07986,33.080246,4.407682e-05,0.0001017103,208,208,50,17,0,0,0
25,shock,0,0.0003851674,33.07986,33.080246,4.407682e-05,0.0001017103,208,208,50,17,-1.769909e-06,0,-1.769909e-06
25,rest-damping,0,0.0003851674,33.07986,33.080246,4.407682e-05,0.0001017103,208,208,50,17,0,0,0
25,pose-drift,0,0.00038516062,33.07987,33.080254,0,0.0001017103,208,208,50,17,-6.7709505e-09,7.980244e-06,7.973473e-06
25,split-counterfactual,0,0.00038516062,33.07987,33.080254,0,0,0,0,0,0,1.9649868e-12,4.4390108e-05,4.4390108e-05
25,finish,0,0.00038516062,33.07987,33.080254,0,0.0001017103,208,208,50,17,0,0,0
26,start,0,0.00038516062,33.07987,33.080254,0,0.0001017103,208,208,50,17,0,0,0
26,gravity-kick,0,0.00048829307,33.07987,33.080357,0,0.0001017103,208,208,50,17,0.00010313242,0,0.00010313242
26,collide,0,0.00048829307,33.07987,33.080357,0,0.000101716105,208,208,0,0,0,0,0
26,warm-start,0,0.0007229594,33.07987,33.080593,0,0.000101716105,208,208,50,16,0.00023466635,0,0.00023466635
26,contact-iteration,1,0.00044020574,33.07987,33.08031,6.104751e-06,0.000101716105,208,208,50,16,-0.00028275367,0,-0.00028275367
26,contact-iteration,2,0.00040683523,33.07987,33.080276,1.0611196e-05,0.000101716105,208,208,50,16,-3.3370503e-05,0,-3.3370503e-05
26,contact-iteration,3,0.00040062034,33.07987,33.08027,1.4672425e-05,0.000101716105,208,208,50,16,-6.2148897e-06,0,-6.2148897e-06
26,contact-iteration,4,0.00039792058,33.07987,33.080265,1.8530498e-05,0.000101716105,208,208,50,16,-2.6997657e-06,0,-2.6997657e-06
26,contact-iteration,5,0.00039577272,33.07987,33.080265,2.2187947e-05,0.000101716105,208,208,50,16,-2.147864e-06,0,-2.147864e-06
26,contact-iteration,6,0.00039396604,33.07987,33.08026,2.5644878e-05,0.000101716105,208,208,50,16,-1.8066688e-06,0,-1.8066688e-06
26,contact-iteration,7,0.00039235837,33.07987,33.08026,2.890287e-05,0.000101716105,208,208,50,16,-1.6076895e-06,0,-1.6076895e-06
26,contact-iteration,8,0.00039089026,33.07987,33.08026,3.1964984e-05,0.000101716105,208,208,50,16,-1.4680995e-06,0,-1.4680995e-06
26,contact-iteration,9,0.00038953836,33.07987,33.080257,3.4835342e-05,0.000101716105,208,208,50,16,-1.351891e-06,0,-1.351891e-06
26,contact-iteration,10,0.0003882954,33.07987,33.080257,3.7518766e-05,0.000101716105,208,208,50,16,-1.242984e-06,0,-1.242984e-06
26,contact-iteration,11,0.00038715676,33.07987,33.080257,4.0020597e-05,0.000101716105,208,208,50,16,-1.1386371e-06,0,-1.1386371e-06
26,contact-iteration,12,0.0003861167,33.07987,33.080254,4.234658e-05,0.000101716105,208,208,50,16,-1.0400429e-06,0,-1.0400429e-06
26,restitution,0,0.0003861167,33.07987,33.080254,4.234658e-05,0.000101716105,208,208,50,16,0,0,0
26,shock,0,0.00038437784,33.07987,33.080254,4.2346575e-05,0.000101716105,208,208,50,16,-1.7388626e-06,0,-1.7388626e-06
26,rest-damping,0,0.00038437784,33.07987,33.080254,4.2346575e-05,0.000101716105,208,208,50,16,0,0,0
26,pose-drift,0,0.0003843711,33.079876,33.08026,0,0.000101716105,208,208,50,16,-6.7644086e-09,6.151438e-06,6.1446735e-06
26,split-counterfactual,0,0.0003843711,33.079876,33.08026,0,0,0,0,0,0,2.1003008e-12,4.2062537e-05,4.2062537e-05
26,finish,0,0.0003843711,33.079876,33.08026,0,0.000101716105,208,208,50,16,0,0,0
27,start,0,0.0003843711,33.079876,33.08026,0,0.000101716105,208,208,50,16,0,0,0
27,gravity-kick,0,0.0004871118,33.079876,33.08036,0,0.000101716105,208,208,50,16,0.00010274073,0,0.00010274073
27,collide,0,0.0004871118,33.079876,33.08036,0,0.00010172483,208,208,0,0,0,0,0
27,warm-start,0,0.00071931025,33.079876,33.080593,0,0.00010172483,208,208,50,16,0.00023219846,0,0.00023219846
27,contact-iteration,1,0.00043903157,33.079876,33.080315,6.3349853e-06,0.00010172483,208,208,50,16,-0.00028027868,0,-0.00028027868
27,contact-iteration,2,0.00040593033,33.079876,33.08028,1.1044928e-05,0.00010172483,208,208,50,16,-3.3101245e-05,0,-3.3101245e-05
27,contact-iteration,3,0.00039976253,33.079876,33.080276,1.5193024e-05,0.00010172483,208,208,50,16,-6.16779e-06,0,-6.16779e-06
27,contact-iteration,4,0.00039708315,33.079876,33.080273,1.9150133e-05,0.00010172483,208,208,50,16,-2.6793969e-06,0,-2.6793969e-06
27,contact-iteration,5,0.00039495926,33.079876,33.08027,2.2905171e-05,0.00010172483,208,208,50,16,-2.1238918e-06,0,-2.1238918e-06
27,contact-iteration,6,0.00039316728,33.079876,33.08027,2.6455347e-05,0.00010172483,208,208,50,16,-1.7919726e-06,0,-1.7919726e-06
27,contact-iteration,7,0.00039157344,33.079876,33.080265,2.980168e-05,0.00010172483,208,208,50,16,-1.593847e-06,0,-1.593847e-06
27,contact-iteration,8,0.00039011793,33.079876,33.080265,3.294723e-05,0.00010172483,208,208,50,16,-1.4555065e-06,0,-1.4555065e-06
27,contact-iteration,9,0.00038877776,33.079876,33.080265,3.5896253e-05,0.00010172483,208,208,50,16,-1.3401636e-06,0,-1.3401636e-06
27,contact-iteration,10,0.00038754556,33.079876,33.08026,3.8653736e-05,0.00010172483,208,208,50,16,-1.2322007e-06,0,-1.2322007e-06
27,contact-iteration,11,0.00038641694,33.079876,33.08026,4.1225147e-05,0.00010172483,208,208,50,16,-1.1286152e-06,0,-1.1286152e-06
27,contact-iteration,12,0.00038538594,33.079876,33.08026,4.3616383e-05,0.00010172483,208,208,50,16,-1.0310075e-06,0,-1.0310075e-06
27,restitution,0,0.00038538594,33.079876,33.08026,4.3616383e-05,0.00010172483,208,208,50,16,0,0,0
27,shock,0,0.0003836616,33.079876,33.080257,4.3616383e-05,0.00010172483,208,208,50,16,-1.7243532e-06,0,-1.7243532e-06
27,rest-damping,0,0.0003836616,33.079876,33.080257,4.3616383e-05,0.00010172483,208,208,50,16,0,0,0
27,pose-drift,0,0.00038365484,33.079884,33.080265,0,0.00010172483,208,208,50,16,-6.741999e-09,7.980244e-06,7.973502e-06
27,split-counterfactual,0,0.00038365484,33.079884,33.080265,0,0,0,0,0,0,7.8659263e-13,4.389134e-05,4.389134e-05
27,finish,0,0.00038365484,33.079884,33.080265,0,0.00010172483,208,208,50,16,0,0,0
28,start,0,0.00038365484,33.079884,33.080265,0,0.00010172483,208,208,50,16,0,0,0
28,gravity-kick,0,0.00048621988,33.079884,33.080368,0,0.00010172483,208,208,50,16,0.000102565034,0,0.000102565034
28,collide,0,0.00048621988,33.079884,33.080368,0,0.00010173355,208,208,0,0,0,0,0
28,warm-start,0,0.00071570964,33.079884,33.080597,0,0.00010173355,208,208,50,13,0.00022948976,0,0.00022948976
28,contact-iteration,1,0.00043799262,33.079884,33.080322,6.4410856e-06,0.00010173355,208,208,50,13,-0.00027771702,0,-0.00027771702
28,contact-iteration,2,0.00040515987,33.079884,33.080288,1.12664875e-05,0.00010173355,208,208,50,13,-3.2832762e-05,0,-3.2832762e-05
28,contact-iteration,3,0.00039902996,33.079884,33.08028,1.5502981e-05,0.00010173355,208,208,50,13,-6.1298997e-06,0,-6.1298997e-06
28,contact-iteration,4,0.00039636128,33.079884,33.08028,1.9284722e-05,0.00010173355,208,208,50,13,-2.668688e-06,0,-2.668688e-06
28,contact-iteration,5,0.00039424648,33.079884,33.080276,2.2685754e-05,0.00010173355,208,208,50,13,-2.1147996e-06,0,-2.1147996e-06
28,contact-iteration,6,0.00039246003,33.079884,33.080276,2.5758074e-05,0.00010173355,208,208,50,13,-1.7864552e-06,0,-1.7864552e-06
28,contact-iteration,7,0.00039087096,33.079884,33.080273,2.8540997e-05,0.00010173355,208,208,50,13,-1.5890423e-06,0,-1.5890423e-06
28,contact-iteration,8,0.00038941955,33.079884,33.080273,3.1065032e-05,0.00010173355,208,208,50,13,-1.4514156e-06,0,-1.4514156e-06
28,contact-iteration,9,0.0003880835,33.079884,33.080273,3.335467e-05,0.00010173355,208,208,50,13,-1.3360425e-06,0,-1.3360425e-06
28,contact-iteration,10,0.00038685507,33.079884,33.08027,3.543047e-05,0.00010173355,208,208,50,13,-1.2284377e-06,0,-1.2284377e-06
28,contact-iteration,11,0.00038572992,33.079884,33.08027,3.7310478e-05,0.00010173355,208,208,50,13,-1.1251498e-06,0,-1.1251498e-06
28,contact-iteration,12,0.00038470232,33.079884,33.08027,3.9011065e-05,0.00010173355,208,208,50,13,-1.0276163e-06,0,-1.0276163e-06
28,restitution,0,0.00038470232,33.079884,33.08027,3.9011065e-05,0.00010173355,208,208,50,13,0,0,0
28,shock,0,0.00038298336,33.079884,33.080265,3.9011065e-05,0.00010173355,208,208,50,13,-1.7189489e-06,0,-1.7189489e-06
28,rest-damping,0,0.00038298336,33.079884,33.080265,3.9011065e-05,0.00010173355,208,208,50,13,0,0,0
28,pose-drift,0,0.0003829766,33.079887,33.08027,0,0.00010173355,208,208,50,13,-6.7467765e-09,2.9925914e-06,2.9858447e-06
28,split-counterfactual,0,0.0003829766,33.079887,33.08027,0,0,0,0,0,0,-9.109856e-12,3.890369e-05,3.890368e-05
28,finish,0,0.0003829766,33.079887,33.08027,0,0.00010173355,208,208,50,13,0,0,0
29,start,0,0.0003829766,33.079887,33.08027,0,0.00010173355,208,208,50,13,0,0,0
29,gravity-kick,0,0.00048548108,33.079887,33.08037,0,0.00010173355,208,208,50,13,0.00010250447,0,0.00010250447
29,collide,0,0.00048548108,33.079887,33.08037,0,0.00010168044,208,208,0,0,0,0,0
29,warm-start,0,0.00071255263,33.079887,33.080597,0,0.00010168044,208,208,50,17,0.00022707152,0,0.00022707152
29,contact-iteration,1,0.00043703135,33.079887,33.080322,6.216926e-06,0.00010168044,208,208,50,17,-0.00027552128,0,-0.00027552128
29,contact-iteration,2,0.0004044552,33.079887,33.08029,1.0907675e-05,0.00010168044,208,208,50,17,-3.2576136e-05,0,-3.2576136e-05
29,contact-iteration,3,0.00039834506,33.079887,33.080284,1.5024805e-05,0.00010168044,208,208,50,17,-6.1101437e-06,0,-6.1101437e-06
29,contact-iteration,4,0.00039568328,33.079887,33.08028,1.878465e-05,0.00010168044,208,208,50,17,-2.6617845e-06,0,-2.6617845e-06
29,contact-iteration,5,0.00039357258,33.079887,33.08028,2.2440263e-05,0.00010168044,208,208,50,17,-2.1107116e-06,0,-2.1107116e-06
29,contact-iteration,6,0.00039178765,33.079887,33.080276,2.5934361e-05,0.00010168044,208,208,50,17,-1.7849286e-06,0,-1.7849286e-06
29,contact-iteration,7,0.00039019983,33.079887,33.080276,2.9249231e-05,0.00010168044,208,208,50,17,-1.5878326e-06,0,-1.5878326e-06
29,contact-iteration,8,0.0003887488,33.079887,33.080276,3.237882e-05,0.00010168044,208,208,50,17,-1.4510174e-06,0,-1.4510174e-06
29,contact-iteration,9,0.00038741346,33.079887,33.080273,3.5321886e-05,0.00010168044,208,208,50,17,-1.3353296e-06,0,-1.3353296e-06
29,contact-iteration,10,0.0003861857,33.079887,33.080273,3.807976e-05,0.00010168044,208,208,50,17,-1.2277465e-06,0,-1.2277465e-06
29,contact-iteration,11,0.00038506155,33.079887,33.080273,4.065544e-05,0.00010168044,208,208,50,17,-1.1241827e-06,0,-1.1241827e-06
29,contact-iteration,12,0.00038403593,33.079887,33.08027,4.305311e-05,0.00010168044,208,208,50,17,-1.0256081e-06,0,-1.0256081e-06
29,restitution,0,0.00038403593,33.079887,33.08027,4.305311e-05,0.00010168044,208,208,50,17,0,0,0
29,shock,0,0.00038232107,33.079887,33.08027,4.305311e-05,0.00010168044,208,208,50,17,-1.7148558e-06,0,-1.7148558e-06
29,rest-damping,0,0.00038232107,33.079887,33.08027,4.305311e-05,0.00010168044,208,208,50,17,0,0,0
29,pose-drift,0,0.00038231438,33.07989,33.080276,0,0.00010168044,208,208,50,17,-6.6916432e-09,6.9827133e-06,6.9760217e-06
29,split-counterfactual,0,0.00038231438,33.07989,33.080276,0,0,0,0,0,0,1.575424e-12,4.289381e-05,4.289381e-05
29,finish,0,0.00038231438,33.07989,33.080276,0,0.00010168044,208,208,50,17,0,0,0
30,start,0,0.00038231438,33.07989,33.080276,0,0.00010168044,208,208,50,17,0,0,0
30,gravity-kick,0,0.00048480197,33.07989,33.08038,0,0.00010168044,208,208,50,17,0.00010248758,0,0.00010248758
30,collide,0,0.00048480197,33.07989,33.08038,0,0.0001015701,208,208,0,0,0,0,0
30,warm-start,0,0.00071051426,33.07989,33.080605,0,0.0001015701,208,208,50,16,0.00022571227,0,0.00022571227
30,contact-iteration,1,0.0004362217,33.07989,33.08033,6.0125453e-06,0.0001015701,208,208,50,16,-0.00027429254,0,-0.00027429254
30,contact-iteration,2,0.00040374877,33.07989,33.080296,1.0534015e-05,0.0001015701,208,208,50,16,-3.247292e-05,0,-3.247292e-05
30,contact-iteration,3,0.0003976608,33.07989,33.08029,1.4493686e-05,0.0001015701,208,208,50,16,-6.087965e-06,0,-6.087965e-06
30,contact-iteration,4,0.0003950038,33.07989,33.080288,1.8256835e-05,0.0001015701,208,208,50,16,-2.6570278e-06,0,-2.6570278e-06
30,contact-iteration,5,0.00039289801,33.07989,33.080284,2.1847784e-05,0.0001015701,208,208,50,16,-2.1057704e-06,0,-2.1057704e-06
30,contact-iteration,6,0.00039111442,33.07989,33.080284,2.525257e-05,0.0001015701,208,208,50,16,-1.7836003e-06,0,-1.7836003e-06
30,contact-iteration,7,0.00038952788,33.07989,33.080284,2.846777e-05,0.0001015701,208,208,50,16,-1.5865323e-06,0,-1.5865323e-06
30,contact-iteration,8,0.00038807772,33.07989,33.08028,3.1494015e-05,0.0001015701,208,208,50,16,-1.4501416e-06,0,-1.4501416e-06
30,contact-iteration,9,0.0003867438,33.07989,33.08028,3.4333978e-05,0.0001015701,208,208,50,16,-1.3339351e-06,0,-1.3339352e-06
30,contact-iteration,10,0.0003855172,33.07989,33.08028,3.6991507e-05,0.0001015701,208,208,50,16,-1.2265997e-06,0,-1.2265997e-06
30,contact-iteration,11,0.00038439414,33.07989,33.080276,3.9471248e-05,0.0001015701,208,208,50,16,-1.1230524e-06,0,-1.1230524e-06
30,contact-iteration,12,0.000383369,33.07989,33.080276,4.177844e-05,0.0001015701,208,208,50,16,-1.0251284e-06,0,-1.0251284e-06
30,restitution,0,0.000383369,33.07989,33.080276,4.177844e-05,0.0001015701,208,208,50,16,0,0,0
30,shock,0,0.00038165433,33.07989,33.080276,4.177844e-05,0.0001015701,208,208,50,16,-1.7146932e-06,0,-1.7146932e-06
30,rest-damping,0,0.00038165433,33.07989,33.080276,4.177844e-05,0.0001015701,208,208,50,16,0,0,0
30,pose-drift,0,0.00038164764,33.0799,33.08028,0,0.0001015701,208,208,50,16,-6.6837513e-09,5.9851827e-06,5.9784993e-06
30,split-counterfactual,0,0.00038164764,33.0799,33.08028,0,0,0,0,0,0,7.3491967e-13,4.189628e-05,4.189628e-05
30,finish,0,0.00038164764,33.0799,33.08028,0,0.0001015701,208,208,50,16,0,0,0
31,start,0,0.00038164764,33.0799,33.08028,0,0.0001015701,208,208,50,16,0,0,0
31,gravity-kick,0,0.0004841202,33.0799,33.080383,0,0.0001015701,208,208,50,16,0.00010247254,0,0.00010247254
31,collide,0,0.0004841202,33.0799,33.080383,0,0.000101580976,208,208,0,0,0,0,0
31,warm-start,0,0.0007092536,33.0799,33.08061,0,0.000101580976,208,208,50,16,0.00022513342,0,0.00022513342
31,contact-iteration,1,0.00043545527,33.0799,33.080334,6.1504074e-06,0.000101580976,208,208,50,16,-0.00027379833,0,-0.00027379833
31,contact-iteration,2,0.00040303782,33.0799,33.080303,1.0734424e-05,0.000101580976,208,208,50,16,-3.241744e-05,0,-3.241744e-05
31,contact-iteration,3,0.00039696216,33.0799,33.080296,1.4758479e-05,0.000101580976,208,208,50,16,-6.075652e-06,0,-6.075652e-06
31,contact-iteration,4,0.00039430894,33.0799,33.08029,1.8600786e-05,0.000101580976,208,208,50,16,-2.6532311e-06,0,-2.6532311e-06
31,contact-iteration,5,0.00039220488,33.0799,33.08029,2.224775e-05,0.000101580976,208,208,50,16,-2.1040807e-06,0,-2.1040807e-06
31,contact-iteration,6,0.0003904247,33.0799,33.080288,2.5695765e-05,0.000101580976,208,208,50,16,-1.7801377e-06,0,-1.7801377e-06
31,contact-iteration,7,0.00038884103,33.0799,33.080288,2.8945491e-05,0.000101580976,208,208,50,16,-1.5836833e-06,0,-1.5836833e-06
31,contact-iteration,8,0.00038739364,33.0799,33.080288,3.199983e-05,0.000101580976,208,208,50,16,-1.4474006e-06,0,-1.4474006e-06
31,contact-iteration,9,0.0003860625,33.0799,33.080284,3.486294e-05,0.000101580976,208,208,50,16,-1.3311491e-06,0,-1.3311491e-06
31,contact-iteration,10,0.00038483835,33.0799,33.080284,3.753973e-05,0.000101580976,208,208,50,16,-1.2241494e-06,0,-1.2241494e-06
31,contact-iteration,11,0.0003837177,33.0799,33.080284,4.0035608e-05,0.000101580976,208,208,50,16,-1.1206301e-06,0,-1.1206301e-06
31,contact-iteration,12,0.00038269488,33.0799,33.08028,4.235637e-05,0.000101580976,208,208,50,16,-1.0228362e-06,0,-1.0228362e-06
31,restitution,0,0.00038269488,33.0799,33.08028,4.235637e-05,0.000101580976,208,208,50,16,0,0,0
31,shock,0,0.00038098285,33.0799,33.08028,4.235637e-05,0.000101580976,208,208,50,16,-1.7120235e-06,0,-1.7120235e-06
31,rest-damping,0,0.00038098285,33.0799,33.08028,4.235637e-05,0.000101580976,208,208,50,16,0,0,0
31,pose-drift,0,0.00038097618,33.079906,33.080288,0,0.000101580976,208,208,50,16,-6.6763257e-09,6.6502034e-06,6.643527e-06
31,split-counterfactual,0,0.00038097618,33.079906,33.080288,0,0,0,0,0,0,1.4867025e-12,4.25613e-05,4.2561303e-05
31,finish,0,0.00038097618,33.079906,33.080288,0,0.000101580976,208,208,50,16,0,0,0
32,start,0,0.00038097618,33.079906,33.080288,0,0.000101580976,208,208,50,16,0,0,0
32,gravity-kick,0,0.00048341916,33.079906,33.080387,0,0.000101580976,208,208,50,16,0.000102443,0,0.000102443
32,collide,0,0.00048341916,33.079906,33.080387,0,0.00010164725,208,208,0,0,0,0,0
32,warm-start,0,0.0007086332,33.079906,33.080616,0,0.00010164725,208,208,50,14,0.00022521404,0,0.00022521404
32,contact-iteration,1,0.0004347874,33.079906,33.08034,6.163007e-06,0.00010164725,208,208,50,14,-0.00027384583,0,-0.00027384583
32,contact-iteration,2,0.0004023249,33.079906,33.080307,1.070359e-05,0.00010164725,208,208,50,14,-3.246249e-05,0,-3.246249e-05
32,contact-iteration,3,0.00039625715,33.079906,33.080303,1.4820598e-05,0.00010164725,208,208,50,14,-6.067751e-06,0,-6.067751e-06
32,contact-iteration,4,0.00039360678,33.079906,33.0803,1.8707904e-05,0.00010164725,208,208,50,14,-2.6503867e-06,0,-2.6503867e-06
32,contact-iteration,5,0.0003915064,33.079906,33.080296,2.2366496e-05,0.00010164725,208,208,50,14,-2.1003884e-06,0,-2.1003884e-06
32,contact-iteration,6,0.00038972916,33.079906,33.080296,2.579229e-05,0.00010164725,208,208,50,14,-1.7772263e-06,0,-1.7772263e-06
32,contact-iteration,7,0.00038814847,33.079906,33.080296,2.898508e-05,0.00010164725,208,208,50,14,-1.5806669e-06,0,-1.580667e-06
32,contact-iteration,8,0.00038670393,33.079906,33.08029,3.1948388e-05,0.00010164725,208,208,50,14,-1.4445598e-06,0,-1.4445598e-06
32,contact-iteration,9,0.0003853755,33.079906,33.08029,3.46884e-05,0.00010164725,208,208,50,14,-1.328447e-06,0,-1.328447e-06
32,contact-iteration,10,0.00038415386,33.079906,33.080288,3.721319e-05,0.00010164725,208,208,50,14,-1.2216259e-06,0,-1.2216259e-06
32,contact-iteration,11,0.00038303563,33.079906,33.080288,3.9532133e-05,0.00010164725,208,208,50,14,-1.1182136e-06,0,-1.1182136e-06
32,contact-iteration,12,0.00038201513,33.079906,33.080288,4.1655483e-05,0.00010164725,208,208,50,14,-1.0205104e-06,0,-1.0205104e-06
32,restitution,0,0.00038201513,33.079906,33.080288,4.1655483e-05,0.00010164725,208,208,50,14,0,0,0
32,shock,0,0.00038030653,33.079906,33.080284,4.1655487e-05,0.00010164725,208,208,50,14,-1.708584e-06,0,-1.708584e-06
32,rest-damping,0,0.00038030653,33.079906,33.080284,4.1655487e-05,0.00010164725,208,208,50,14,0,0,0
32,pose-drift,0,0.00038029987,33.07991,33.08029,0,0.00010164725,208,208,50,14,-6.677051e-09,5.652673e-06,5.6459958e-06
32,split-counterfactual,0,0.00038029987,33.07991,33.08029,0,0,0,0,0,0,-6.521254e-12,4.156377e-05,4.1563762e-05
32,finish,0,0.00038029987,33.07991,33.08029,0,0.00010164725,208,208,50,14,0,0,0
33,start,0,0.00038029987,33.07991,33.08029,0,0.00010164725,208,208,50,14,0,0,0
33,gravity-kick,0,0.00048270557,33.07991,33.080395,0,0.00010164725,208,208,50,14,0.000102405706,0,0.000102405706
33,collide,0,0.00048270557,33.07991,33.080395,0,0.0001016551,208,208,0,0,0,0,0
33,warm-start,0,0.00070692576,33.07991,33.08062,0,0.0001016551,208,208,50,16,0.00022422019,0,0.00022422019
33,contact-iteration,1,0.00043397702,33.07991,33.080345,6.0690113e-06,0.0001016551,208,208,50,16,-0.00027294873,0,-0.00027294873
33,contact-iteration,2,0.00040163664,33.07991,33.080315,1.0639017e-05,0.0001016551,208,208,50,16,-3.2340376e-05,0,-3.2340376e-05
33,contact-iteration,3,0.00039556672,33.07991,33.080307,1.4677959e-05,0.0001016551,208,208,50,16,-6.069945e-06,0,-6.069945e-06
33,contact-iteration,4,0.0003929208,33.07991,33.080303,1.8304292e-05,0.0001016551,208,208,50,16,-2.6458983e-06,0,-2.6458983e-06
33,contact-iteration,5,0.00039082175,33.07991,33.080303,2.159714e-05,0.0001016551,208,208,50,16,-2.099047e-06,0,-2.099047e-06
33,contact-iteration,6,0.00038904688,33.07991,33.0803,2.4612544e-05,0.0001016551,208,208,50,16,-1.7748876e-06,0,-1.7748876e-06
33,contact-iteration,7,0.00038746776,33.07991,33.0803,2.7388693e-05,0.0001016551,208,208,50,16,-1.5791068e-06,0,-1.5791068e-06
33,contact-iteration,8,0.0003860247,33.07991,33.080296,2.9951252e-05,0.0001016551,208,208,50,16,-1.4430578e-06,0,-1.4430578e-06
33,contact-iteration,9,0.0003846977,33.07991,33.080296,3.231791e-05,0.0001016551,208,208,50,16,-1.3270172e-06,0,-1.3270172e-06
33,contact-iteration,10,0.0003834774,33.07991,33.080296,3.4501612e-05,0.0001016551,208,208,50,16,-1.220303e-06,0,-1.220303e-06
33,contact-iteration,11,0.0003823605,33.07991,33.08029,3.6512734e-05,0.0001016551,208,208,50,16,-1.1168761e-06,0,-1.1168761e-06
33,contact-iteration,12,0.0003813413,33.07991,33.08029,3.836035e-05,0.0001016551,208,208,50,16,-1.0192093e-06,0,-1.0192093e-06
33,restitution,0,0.0003813413,33.07991,33.08029,3.836035e-05,0.0001016551,208,208,50,16,0,0,0
33,shock,0,0.00037963476,33.07991,33.08029,3.836035e-05,0.0001016551,208,208,50,16,-1.7065452e-06,0,-1.7065452e-06
33,rest-damping,0,0.00037963476,33.07991,33.08029,3.836035e-05,0.0001016551,208,208,50,16,0,0,0
33,pose-drift,0,0.0003796281,33.079914,33.08029,0,0.0001016551,208,208,50,16,-6.6650765e-09,1.995061e-06,1.988396e-06
33,split-counterfactual,0,0.0003796281,33.079914,33.08029,0,0,0,0,0,0,-9.927893e-14,3.7906157e-05,3.7906157e-05
33,finish,0,0.0003796281,33.079914,33.08029,0,0.0001016551,208,208,50,16,0,0,0
34,start,0,0.0003796281,33.079914,33.08029,0,0.0001016551,208,208,50,16,0,0,0
34,gravity-kick,0,0.00048201426,33.079914,33.080395,0,0.0001016551,208,208,50,16,0.00010238617,0,0.00010238617
34,collide,0,0.00048201426,33.079914,33.080395,0,0.0001016014,208,208,0,0,0,0,0
34,warm-start,0,0.00070569257,33.079914,33.08062,0,0.0001016014,208,208,50,17,0.00022367829,0,0.00022367829
34,contact-iteration,1,0.00043325266,33.079914,33.080345,5.9911613e-06,0.0001016014,208,208,50,17,-0.0002724399,0,-0.0002724399
34,contact-iteration,2,0.00040094933,33.079914,33.080315,1.0499773e-05,0.0001016014,208,208,50,17,-3.230333e-05,0,-3.230333e-05
34,contact-iteration,3,0.0003948823,33.079914,33.080307,1.4451861e-05,0.0001016014,208,208,50,17,-6.067011e-06,0,-6.067011e-06
34,contact-iteration,4,0.00039223811,33.079914,33.080307,1.8125687e-05,0.0001016014,208,208,50,17,-2.644192e-06,0,-2.644192e-06
34,contact-iteration,5,0.00039014104,33.079914,33.080303,2.1667232e-05,0.0001016014,208,208,50,17,-2.097096e-06,0,-2.097096e-06
34,contact-iteration,6,0.0003883673,33.079914,33.080303,2.5039944e-05,0.0001016014,208,208,50,17,-1.7737221e-06,0,-1.7737221e-06
34,contact-iteration,7,0.00038678962,33.079914,33.0803,2.82329e-05,0.0001016014,208,208,50,17,-1.577684e-06,0,-1.577684e-06
34,contact-iteration,8,0.00038534778,33.079914,33.0803,3.1243086e-05,0.0001016014,208,208,50,17,-1.4418501e-06,0,-1.4418501e-06
34,contact-iteration,9,0.0003840218,33.079914,33.080296,3.40709e-05,0.0001016014,208,208,50,17,-1.325958e-06,0,-1.325958e-06
34,contact-iteration,10,0.00038280245,33.079914,33.080296,3.6718637e-05,0.0001016014,208,208,50,17,-1.2193648e-06,0,-1.2193648e-06
34,contact-iteration,11,0.0003816866,33.079914,33.080296,3.918985e-05,0.0001016014,208,208,50,17,-1.1158506e-06,0,-1.1158506e-06
34,contact-iteration,12,0.0003806684,33.079914,33.080296,4.1489035e-05,0.0001016014,208,208,50,17,-1.018177e-06,0,-1.018177e-06
34,restitution,0,0.0003806684,33.079914,33.080296,4.1489035e-05,0.0001016014,208,208,50,17,0,0,0
34,shock,0,0.0003789636,33.079914,33.08029,4.148903e-05,0.0001016014,208,208,50,17,-1.7048133e-06,0,-1.7048133e-06
34,rest-damping,0,0.0003789636,33.079914,33.08029,4.148903e-05,0.0001016014,208,208,50,17,0,0,0
34,pose-drift,0,0.00037895696,33.079918,33.0803,0,0.0001016014,208,208,50,17,-6.6551538e-09,5.4864176e-06,5.4797624e-06
34,split-counterfactual,0,0.00037895696,33.079918,33.0803,0,0,0,0,0,0,2.261179e-12,4.1397514e-05,4.1397518e-05
34,finish,0,0.00037895696,33.079918,33.0803,0,0.0001016014,208,208,50,17,0,0,0
35,start,0,0.00037895696,33.079918,33.0803,0,0.0001016014,208,208,50,17,0,0,0
35,gravity-kick,0,0.0004813301,33.079918,33.0804,0,0.0001016014,208,208,50,17,0.000102373124,0,0.000102373124
35,collide,0,0.0004813301,33.079918,33.0804,0,0.00010151508,208,208,0,0,0,0,0
35,warm-start,0,0.0007045947,33.079918,33.080624,0,0.00010151508,208,208,50,16,0.00022326465,0,0.00022326465
35,contact-iteration,1,0.0004325427,33.079918,33.080353,6.0543684e-06,0.00010151508,208,208,50,16,-0.000272052,0,-0.000272052
35,contact-iteration,2,0.00040026286,33.079918,33.08032,1.0537827e-05,0.00010151508,208,208,50,16,-3.227985e-05,0,-3.227985e-05
35,contact-iteration,3,0.00039419782,33.079918,33.080315,1.4482484e-05,0.00010151508,208,208,50,16,-6.065037e-06,0,-6.065037e-06
35,contact-iteration,4,0.00039155493,33.079918,33.08031,1.8242103e-05,0.00010151508,208,208,50,16,-2.6428827e-06,0,-2.6428827e-06
35,contact-iteration,5,0.0003894591,33.079918,33.080307,2.1807406e-05,0.00010151508,208,208,50,16,-2.095822e-06,0,-2.095822e-06
35,contact-iteration,6,0.0003876866,33.079918,33.080307,2.517651e-05,0.00010151508,208,208,50,16,-1.7725202e-06,0,-1.7725202e-06
35,contact-iteration,7,0.00038611013,33.079918,33.080303,2.8350953e-05,0.00010151508,208,208,50,16,-1.576472e-06,0,-1.576472e-06
35,contact-iteration,8,0.00038466934,33.079918,33.080303,3.1334075e-05,0.00010151508,208,208,50,16,-1.4407708e-06,0,-1.4407708e-06
35,contact-iteration,9,0.00038334445,33.079918,33.080303,3.4130244e-05,0.00010151508,208,208,50,16,-1.3249089e-06,0,-1.3249089e-06
35,contact-iteration,10,0.00038212608,33.079918,33.0803,3.6744404e-05,0.00010151508,208,208,50,16,-1.218375e-06,0,-1.218375e-06
35,contact-iteration,11,0.00038101114,33.079918,33.0803,3.918192e-05,0.00010151508,208,208,50,16,-1.1149348e-06,0,-1.1149348e-06
35,contact-iteration,12,0.0003799939,33.079918,33.0803,4.144847e-05,0.00010151508,208,208,50,16,-1.0172358e-06,0,-1.0172358e-06
35,restitution,0,0.0003799939,33.079918,33.0803,4.144847e-05,0.00010151508,208,208,50,16,0,0,0
35,shock,0,0.0003782908,33.079918,33.080296,4.144847e-05,0.00010151508,208,208,50,16,-1.7030886e-06,0,-1.7030886e-06
35,rest-damping,0,0.0003782908,33.079918,33.080296,4.144847e-05,0.00010151508,208,208,50,16,0,0,0
35,pose-drift,0,0.00037828417,33.079926,33.080303,0,0.00010151508,208,208,50,16,-6.6519674e-09,6.151438e-06,6.144786e-06
35,split-counterfactual,0,0.00037828417,33.079926,33.080303,0,0,0,0,0,0,3.1543756e-13,4.2062537e-05,4.2062537e-05
35,finish,0,0.00037828417,33.079926,33.080303,0,0.00010151508,208,208,50,16,0,0,0
36,start,0,0.00037828417,33.079926,33.080303,0,0.00010151508,208,208,50,16,0,0,0
36,gravity-kick,0,0.00048064435,33.079926,33.080406,0,0.00010151508,208,208,50,16,0.0001023602,0,0.0001023602
36,collide,0,0.00048064435,33.079926,33.080406,0,0.00010161312,208,208,0,0,0,0,0
36,warm-start,0,0.00070356333,33.079926,33.080627,0,0.00010161312,208,208,50,15,0.00022291897,0,0.00022291897
36,contact-iteration,1,0.00043183664,33.079926,33.080357,6.0923803e-06,0.00010161312,208,208,50,15,-0.0002717267,0,-0.0002717267
36,contact-iteration,2,0.00039957344,33.079926,33.080326,1.0565188e-05,0.00010161312,208,208,50,15,-3.2263197e-05,0,-3.2263197e-05
36,contact-iteration,3,0.00039351007,33.079926,33.08032,1.4604299e-05,0.00010161312,208,208,50,15,-6.063398e-06,0,-6.063398e-06
36,contact-iteration,4,0.00039086858,33.079926,33.080315,1.8427723e-05,0.00010161312,208,208,50,15,-2.6414777e-06,0,-2.6414777e-06
36,contact-iteration,5,0.00038877391,33.079926,33.080315,2.2040798e-05,0.00010161312,208,208,50,15,-2.0946568e-06,0,-2.0946568e-06
36,contact-iteration,6,0.00038700277,33.079926,33.08031,2.5445699e-05,0.00010161312,208,208,50,15,-1.7711603e-06,0,-1.7711603e-06
36,contact-iteration,7,0.00038542764,33.079926,33.08031,2.8645709e-05,0.00010161312,208,208,50,15,-1.5751242e-06,0,-1.5751242e-06
36,contact-iteration,8,0.0003839881,33.079926,33.080307,3.164505e-05,0.00010161312,208,208,50,15,-1.4395177e-06,0,-1.4395177e-06
36,contact-iteration,9,0.00038266432,33.079926,33.080307,3.4448538e-05,0.00010161312,208,208,50,15,-1.3238022e-06,0,-1.3238022e-06
36,contact-iteration,10,0.00038144703,33.079926,33.080307,3.706143e-05,0.00010161312,208,208,50,15,-1.2173012e-06,0,-1.2173012e-06
36,contact-iteration,11,0.00038033305,33.079926,33.080307,3.9489423e-05,0.00010161312,208,208,50,15,-1.1139853e-06,0,-1.1139853e-06
36,contact-iteration,12,0.00037931677,33.079926,33.080303,4.17387e-05,0.00010161312,208,208,50,15,-1.0162545e-06,0,-1.0162545e-06
36,restitution,0,0.00037931677,33.079926,33.080303,4.17387e-05,0.00010161312,208,208,50,15,0,0,0
36,shock,0,0.00037761548,33.079926,33.080303,4.17387e-05,0.00010161312,208,208,50,15,-1.7012896e-06,0,-1.7012896e-06
36,rest-damping,0,0.00037761548,33.079926,33.080303,4.17387e-05,0.00010161312,208,208,50,15,0,0,0
36,pose-drift,0,0.00037760884,33.07993,33.080307,0,0.00010161312,208,208,50,15,-6.647794e-09,5.3201625e-06,5.313515e-06
36,split-counterfactual,0,0.00037760884,33.07993,33.080307,0,0,0,0,0,0,-5.0653917e-12,4.123126e-05,4.1231255e-05
36,finish,0,0.00037760884,33.07993,33.080307,0,0.00010161312,208,208,50,15,0,0,0
37,start,0,0.00037760884,33.07993,33.080307,0,0.00010161312,208,208,50,15,0,0,0
37,gravity-kick,0,0.00047995435,33.07993,33.08041,0,0.00010161312,208,208,50,15,0.000102345526,0,0.000102345526
37,collide,0,0.00047995435,33.07993,33.08041,0,0.00010156209,208,208,0,0,0,0,0
37,warm-start,0,0.0007025568,33.07993,33.08063,0,0.00010156209,208,208,50,15,0.00022260241,0,0.00022260241
37,contact-iteration,1,0.00043112886,33.07993,33.08036,5.913789e-06,0.00010156209,208,208,50,15,-0.0002714279,0,-0.0002714279
37,contact-iteration,2,0.0003988806,33.07993,33.08033,1.0215051e-05,0.00010156209,208,208,50,15,-3.2248263e-05,0,-3.2248263e-05
37,contact-iteration,3,0.000392819,33.07993,33.080322,1.4151871e-05,0.00010156209,208,208,50,15,-6.0615907e-06,0,-6.0615907e-06
37,contact-iteration,4,0.000390179,33.07993,33.080322,1.7858336e-05,0.00010156209,208,208,50,15,-2.6400114e-06,0,-2.6400114e-06
37,contact-iteration,5,0.00038808558,33.07993,33.08032,2.1347489e-05,0.00010156209,208,208,50,15,-2.0934074e-06,0,-2.0934074e-06
37,contact-iteration,6,0.00038631595,33.07993,33.080315,2.461894e-05,0.00010156209,208,208,50,15,-1.7696381e-06,0,-1.7696381e-06
37,contact-iteration,7,0.00038474225,33.07993,33.080315,2.7673454e-05,0.00010156209,208,208,50,15,-1.5737113e-06,0,-1.5737113e-06
37,contact-iteration,8,0.00038330414,33.07993,33.080315,3.0514713e-05,0.00010156209,208,208,50,15,-1.4381014e-06,0,-1.4381014e-06
37,contact-iteration,9,0.00038198158,33.07993,33.08031,3.3148757e-05,0.00010156209,208,208,50,15,-1.3225517e-06,0,-1.3225517e-06
37,contact-iteration,10,0.00038076538,33.07993,33.08031,3.5583205e-05,0.00010156209,208,208,50,15,-1.2162101e-06,0,-1.2162101e-06
37,contact-iteration,11,0.0003796524,33.07993,33.08031,3.7826703e-05,0.00010156209,208,208,50,15,-1.1129673e-06,0,-1.1129673e-06
37,contact-iteration,12,0.00037863728,33.07993,33.080307,3.98885e-05,0.00010156209,208,208,50,15,-1.0151333e-06,0,-1.0151333e-06
37,restitution,0,0.00037863728,33.07993,33.080307,3.98885e-05,0.00010156209,208,208,50,15,0,0,0
37,shock,0,0.00037693794,33.07993,33.080307,3.9888495e-05,0.00010156209,208,208,50,15,-1.6993381e-06,0,-1.6993381e-06
37,rest-damping,0,0.00037693794,33.07993,33.080307,3.9888495e-05,0.00010156209,208,208,50,15,0,0,0
37,pose-drift,0,0.00037693133,33.079933,33.08031,0,0.00010156209,208,208,50,15,-6.61366e-09,3.823867e-06,3.8172534e-06
37,split-counterfactual,0,0.00037693133,33.079933,33.08031,0,0,0,0,0,0,-2.8049405e-13,3.9734965e-05,3.9734965e-05
37,finish,0,0.00037693133,33.079933,33.08031,0,0.00010156209,208,208,50,15,0,0,0
38,start,0,0.00037693133,33.079933,33.08031,0,0.00010156209,208,208,50,15,0,0,0
38,gravity-kick,0,0.0004792609,33.079933,33.080414,0,0.00010156209,208,208,50,15,0.00010232958,0,0.00010232958
38,collide,0,0.0004792609,33.079933,33.080414,0,0.00010150633,208,208,0,0,0,0,0
38,warm-start,0,0.0007015538,33.079933,33.080635,0,0.00010150633,208,208,50,17,0.0002222929,0,0.0002222929
38,contact-iteration,1,0.0004304177,33.079933,33.080364,6.0424545e-06,0.00010150633,208,208,50,17,-0.0002711361,0,-0.0002711361
38,contact-iteration,2,0.0003981856,33.079933,33.080334,1.0376191e-05,0.00010150633,208,208,50,17,-3.2232103e-05,0,-3.2232103e-05
38,contact-iteration,3,0.00039212583,33.079933,33.080326,1.4361275e-05,0.00010150633,208,208,50,17,-6.0597904e-06,0,-6.0597904e-06
38,contact-iteration,4,0.0003894874,33.079933,33.080322,1.8116332e-05,0.00010150633,208,208,50,17,-2.6384248e-06,0,-2.6384248e-06
38,contact-iteration,5,0.0003873952,33.079933,33.080322,2.1665408e-05,0.00010150633,208,208,50,17,-2.0921782e-06,0,-2.0921782e-06
38,contact-iteration,6,0.00038562712,33.079933,33.08032,2.5016012e-05,0.00010150633,208,208,50,17,-1.7680851e-06,0,-1.7680851e-06
38,contact-iteration,7,0.0003840549,33.079933,33.08032,2.817274e-05,0.00010150633,208,208,50,17,-1.572235e-06,0,-1.572235e-06
38,contact-iteration,8,0.0003826182,33.079933,33.08032,3.1139814e-05,0.00010150633,208,208,50,17,-1.4367135e-06,0,-1.4367135e-06
38,contact-iteration,9,0.00038129688,33.079933,33.080315,3.3921573e-05,0.00010150633,208,208,50,17,-1.3212998e-06,0,-1.3212998e-06
38,contact-iteration,10,0.00038008188,33.079933,33.080315,3.6522593e-05,0.00010150633,208,208,50,17,-1.21501e-06,0,-1.21501e-06
38,contact-iteration,11,0.00037896997,33.079933,33.080315,3.8947735e-05,0.00010150633,208,208,50,17,-1.1118971e-06,0,-1.1118971e-06
38,contact-iteration,12,0.000377956,33.079933,33.08031,4.120222e-05,0.00010150633,208,208,50,17,-1.0139986e-06,0,-1.0139986e-06
38,restitution,0,0.000377956,33.079933,33.08031,4.120222e-05,0.00010150633,208,208,50,17,0,0,0
38,shock,0,0.00037625854,33.079933,33.08031,4.120222e-05,0.00010150633,208,208,50,17,-1.6974451e-06,0,-1.6974451e-06
38,rest-damping,0,0.00037625854,33.079933,33.08031,4.120222e-05,0.00010150633,208,208,50,17,0,0,0
38,pose-drift,0,0.00037625193,33.07994,33.080315,0,0.00010150633,208,208,50,17,-6.6023187e-09,5.1539073e-06,5.1473053e-06
38,split-counterfactual,0,0.00037625193,33.07994,33.080315,0,0,0,0,0,0,2.4837883e-12,4.1065006e-05,4.1065006e-05
38,finish,0,0.00037625193,33.07994,33.080315,0,0.00010150633,208,208,50,17,0,0,0
39,start,0,0.00037625193,33.07994,33.080315,0,0.00010150633,208,208,50,17,0,0,0
39,gravity-kick,0,0.00047856517,33.07994,33.080418,0,0.00010150633,208,208,50,17,0.00010231323,0,0.00010231323
39,collide,0,0.00047856517,33.07994,33.080418,0,0.00010151459,208,208,0,0,0,0,0
39,warm-start,0,0.00070081494,33.07994,33.08064,0,0.00010151459,208,208,50,15,0.00022224979,0,0.00022224979
39,contact-iteration,1,0.000429757,33.07994,33.080368,6.196892e-06,0.00010151459,208,208,50,15,-0.00027105794,0,-0.00027105794
39,contact-iteration,2,0.00039749063,33.07994,33.080338,1.0811373e-05,0.00010151459,208,208,50,15,-3.2266365e-05,0,-3.2266365e-05
39,contact-iteration,3,0.00039143086,33.07994,33.08033,1.4866303e-05,0.00010151459,208,208,50,15,-6.0597536e-06,0,-6.0597536e-06
39,contact-iteration,4,0.0003887936,33.07994,33.080326,1.848943e-05,0.00010151459,208,208,50,15,-2.637286e-06,0,-2.637286e-06
39,contact-iteration,5,0.00038670268,33.07994,33.080326,2.1765876e-05,0.00010151459,208,208,50,15,-2.0908974e-06,0,-2.0908974e-06
39,contact-iteration,6,0.00038493602,33.07994,33.080322,2.475662e-05,0.00010151459,208,208,50,15,-1.7666729e-06,0,-1.7666729e-06
39,contact-iteration,7,0.00038336526,33.07994,33.080322,2.7503787e-05,0.00010151459,208,208,50,15,-1.5707732e-06,0,-1.5707732e-06
39,contact-iteration,8,0.00038192957,33.07994,33.080322,3.003601e-05,0.00010151459,208,208,50,15,-1.4356791e-06,0,-1.4356791e-06
39,contact-iteration,9,0.000380609,33.07994,33.08032,3.237307e-05,0.00010151459,208,208,50,15,-1.3205447e-06,0,-1.3205447e-06
39,contact-iteration,10,0.00037939489,33.07994,33.08032,3.4529323e-05,0.00010151459,208,208,50,15,-1.2141396e-06,0,-1.2141396e-06
39,contact-iteration,11,0.00037828396,33.07994,33.08032,3.651596e-05,0.00010151459,208,208,50,15,-1.1109314e-06,0,-1.1109314e-06
39,contact-iteration,12,0.0003772729,33.07994,33.080315,3.8342474e-05,0.00010151459,208,208,50,15,-1.0110689e-06,0,-1.0110689e-06
39,restitution,0,0.0003772729,33.07994,33.080315,3.8342474e-05,0.00010151459,208,208,50,15,0,0,0
39,shock,0,0.00037557934,33.07994,33.080315,3.8342474e-05,0.00010151459,208,208,50,15,-1.6935315e-06,0,-1.6935315e-06
39,rest-damping,0,0.00037557934,33.07994,33.080315,3.8342474e-05,0.00010151459,208,208,50,15,0,0,0
39,pose-drift,0,0.00037557274,33.07994,33.08032,0,0.00010151459,208,208,50,15,-6.5995938e-09,2.4938263e-06,2.4872265e-06
39,split-counterfactual,0,0.00037557274,33.07994,33.08032,0,0,0,0,0,0,-2.1579292e-12,3.8404924e-05,3.840492e-05
39,finish,0,0.00037557274,33.07994,33.08032,0,0.00010151459,208,208,50,15,0,0,0
