frame,time_s,kinetic_J,potential_J,total_J,delta_E_J,ui_total_J,depth_m,contacts,matched,locked,max_speed_m_s,max_spin_rad_s,max_move_m,tip_y_m,broken
1,0.016666668,0.1063752,34.25509,34.36146,-0.0026841382,34.36146,0,122,122,29,0.16347197,0,0.0013964176,0.22860363,0
2,0.033333335,0.3645934,33.97075,34.335342,-0.026119737,34.335342,0,133,133,33,0.32688943,4.1051585e-06,0.004120469,0.22448318,0
3,0.05,0.5494303,33.586044,34.135475,-0.19986822,34.135475,0,153,153,32,0.49025264,0.9704709,0.0068436265,0.21763957,0
4,0.06666667,0.48980284,33.268093,33.757896,-0.37757847,33.757896,1.2386878e-06,180,180,35,0.65356153,1.2258307,0.009565905,0.20807366,0
5,0.083333336,0.0048744585,33.19841,33.203285,-0.55461085,33.203285,6.8222707e-06,198,198,39,0.03062135,1.342647,0.004171312,0.2039152,0
6,0.1,0.0017663079,33.198017,33.199783,-0.0035015105,33.199783,8.97414e-06,190,190,47,0.029882701,0.7044775,0.0005143213,0.20391677,0
7,0.11666667,0.0007545809,33.19714,33.197895,-0.001889055,33.197895,1.1294939e-05,194,194,48,0.021957658,0.44133106,0.0004188982,0.2038976,0
8,0.13333334,0.0003574865,33.196526,33.196884,-0.0010105757,33.196884,1.524741e-05,196,196,50,0.01846699,0.2641107,0.00034135312,0.20388928,0
9,0.15,0.0001633853,33.195927,33.19609,-0.0007944483,33.19609,1.7671113e-05,196,196,50,0.013673275,0.11348042,0.00026727325,0.20388116,0
10,0.16666667,9.5225434e-05,33.195396,33.19549,-0.0005965185,33.19549,1.9905267e-05,197,197,50,0.009521928,0.037318878,0.00018955326,0.20387249,0
11,0.18333334,7.000626e-05,33.195194,33.195263,-0.00022854915,33.195263,2.1154428e-05,197,197,50,0.007871964,0.026938835,0.00014473776,0.20386967,0
12,0.2,5.0412134e-05,33.195,33.19505,-0.00021378006,33.19505,2.3375138e-05,197,197,50,0.0061275023,0.016111905,0.000116387346,0.20386669,0
13,0.21666667,3.536849e-05,33.19481,33.194843,-0.00020789953,33.194843,2.553773e-05,197,197,50,0.005093963,0.013165618,9.293022e-05,0.20386371,0
14,0.23333333,2.2508706e-05,33.194614,33.194637,-0.00020571568,33.194637,2.7693239e-05,197,197,50,0.0040732767,0.0106398575,7.623334e-05,0.20386073,0
15,0.25,1.2265158e-05,33.19442,33.194435,-0.00020309944,33.194435,2.9991072e-05,197,197,50,0.0030191508,0.008037672,5.891562e-05,0.20385775,0
16,0.26666668,5.0192434e-06,33.19423,33.194237,-0.00019877177,33.194237,3.2127482e-05,197,197,50,0.0019483771,0.0054115797,4.1156476e-05,0.20385477,0
17,0.28333333,1.0882129e-06,33.19407,33.19407,-0.00016586349,33.19407,3.2225023e-05,197,197,50,0.00093031226,0.002948806,2.3447681e-05,0.20385179,0
18,0.3,4.4629638e-07,33.19391,33.19391,-0.00015991429,33.19391,3.2243017e-05,197,197,50,0.00057642686,0.0018747812,1.0213919e-05,0.20384824,0
19,0.31666666,6.592475e-07,33.19375,33.19375,-0.00015939193,33.19375,3.2250933e-05,197,197,50,0.0006897682,0.0020281426,1.0657569e-05,0.20384467,0
20,0.33333334,7.517013e-07,33.19359,33.193592,-0.00015951242,33.193592,3.2284537e-05,197,197,50,0.0007353995,0.0021131497,1.2027261e-05,0.20384109,0
21,0.35,7.757448e-07,33.19343,33.19343,-0.00015958083,33.19343,3.2276825e-05,197,197,50,0.0007466927,0.002132912,1.2444106e-05,0.20383751,0
22,0.36666667,7.774453e-07,33.19327,33.19327,-0.00015960318,33.19327,3.2322787e-05,197,197,50,0.00074725365,0.0021310963,1.2522431e-05,0.20383394,0
23,0.38333333,7.725709e-07,33.19311,33.19311,-0.00015960976,33.19311,3.2263182e-05,197,197,50,0.00074467645,0.0021228916,1.2499091e-05,0.20383036,0
24,0.4,7.6584735e-07,33.19295,33.19295,-0.0001596116,33.19295,3.357784e-05,197,197,50,0.0007412067,0.0021129155,1.2448412e-05,0.20382679,0
25,0.41666666,7.586483e-07,33.19279,33.19279,-0.00015961207,33.19279,3.595872e-05,197,197,50,0.0007374936,0.002102462,1.2388445e-05,0.20382321,0
26,0.43333334,7.513728e-07,33.19263,33.192635,-0.00015961216,33.192635,3.8418384e-05,197,197,50,0.0007337288,0.0020919181,1.2326202e-05,0.20381963,0
27,0.45,7.441449e-07,33.19247,33.192474,-0.0001596121,33.192474,4.074068e-05,197,197,50,0.0007299766,0.0020811888,1.2264266e-05,0.20381606,0
28,0.46666667,7.369665e-07,33.192314,33.192314,-0.00015961206,33.192314,4.3181317e-05,197,197,50,0.00072622625,0.002070721,1.22021875e-05,0.20381248,0
29,0.48333332,7.5481483e-07,33.192154,33.192154,-0.00015958703,33.192154,4.556192e-05,197,197,50,0.0007598915,0.0024190915,1.2343295e-05,0.2038089,0
30,0.5,7.818678e-07,33.191994,33.191994,-0.00015957783,33.191994,4.7902042e-05,197,197,50,0.0007774346,0.0025532693,1.2862855e-05,0.20380533,0
31,0.51666665,7.882505e-07,33.191833,33.191833,-0.0001595985,33.191833,5.035958e-05,197,197,50,0.0007805717,0.00256213,1.3028091e-05,0.20380175,0
32,0.53333336,7.8363246e-07,33.19167,33.191673,-0.00016276834,33.191673,5.270712e-05,197,197,50,0.0007772621,0.0025368722,1.3082729e-05,0.20379798,0
33,0.55,7.7847466e-07,33.191513,33.191513,-0.00015961003,33.191513,5.5055454e-05,197,197,50,0.0007755786,0.0025478594,1.298964e-05,0.2037944,0
34,0.56666666,7.7127487e-07,33.191353,33.191353,-0.00015961207,33.191353,5.739311e-05,197,197,50,0.000771781,0.0025346496,1.2930956e-05,0.20379083,0
35,0.5833333,7.634191e-07,33.19119,33.19119,-0.00016277158,33.19119,5.971011e-05,197,197,50,0.0007677772,0.0025244304,1.2913977e-05,0.20378706,0
36,0.6,7.560079e-07,33.19103,33.19103,-0.00015961229,33.19103,6.219675e-05,197,197,50,0.0007637329,0.002507799,1.2797334e-05,0.20378348,0
37,0.6166667,7.4857303e-07,33.19087,33.190872,-0.00015961232,33.190872,6.457278e-05,197,197,50,0.0007597895,0.002494758,1.2733052e-05,0.2037799,0
38,0.6333333,7.40875e-07,33.19071,33.19071,-0.00016277142,33.19071,6.691038e-05,197,197,50,0.00075602985,0.002489594,1.271592e-05,0.20377614,0
39,0.65,7.3363077e-07,33.190548,33.190548,-0.00015961211,33.190548,6.92271e-05,197,197,50,0.00075178524,0.0024679992,1.2598296e-05,0.20377256,0
40,0.6666667,7.7126026e-07,33.190384,33.190388,-0.00016239358,33.190388,7.156365e-05,197,197,50,0.00076594704,0.0025453123,1.2583761e-05,0.20376879,0
41,0.68333334,7.188694e-07,33.190224,33.190228,-0.00015998978,33.190228,7.3960575e-05,197,197,50,0.0007435995,0.0024378225,1.24713615e-05,0.20376521,0
42,0.7,7.120524e-07,33.190067,33.190067,-0.00015961169,33.190067,7.635741e-05,197,197,50,0.0007400949,0.0024292837,1.2404183e-05,0.20376164,0
43,0.71666664,8.9167264e-07,33.189903,33.189907,-0.0001607553,33.189907,7.8794e-05,195,195,49,0.0009370684,0.0023600257,1.2385308e-05,0.20375788,0
44,0.73333335,6.977845e-07,33.189743,33.189743,-0.00016162757,33.189743,8.111199e-05,197,197,50,0.0007320661,0.0023997428,1.2284692e-05,0.20375429,0
45,0.75,6.9119204e-07,33.189583,33.189583,-0.00015961147,33.189583,8.3390376e-05,197,197,50,0.0007286094,0.0023909754,1.2212921e-05,0.20375071,0
46,0.76666665,6.844944e-07,33.189423,33.189426,-0.00015961158,33.189426,8.584665e-05,200,200,51,0.0007248797,0.0023784991,1.2152302e-05,0.20374714,0
47,0.78333336,6.775467e-07,33.189262,33.189262,-0.00016277067,33.189262,8.8184715e-05,200,200,51,0.00072143547,0.0023761326,1.2141684e-05,0.20374337,0
48,0.8,6.7103355e-07,33.189102,33.189102,-0.00015961139,33.189102,9.052248e-05,200,200,51,0.0007173245,0.0023532258,1.2025681e-05,0.20373979,0
49,0.81666666,6.6459916e-07,33.188942,33.188942,-0.00015961131,33.188942,9.2989176e-05,200,200,51,0.0007136952,0.0023412658,1.1965872e-05,0.20373622,0
50,0.8333333,6.5714505e-07,33.188778,33.18878,-0.00016277118,33.18878,9.5267154e-05,200,200,51,0.00070926925,0.0023261092,1.1956699e-05,0.20373245,0
51,0.85,6.5151266e-07,33.18862,33.18862,-0.00015961051,33.18862,9.7694014e-05,200,200,51,0.00070625026,0.0023170742,1.184304e-05,0.20372887,0
52,0.8666667,6.453504e-07,33.18846,33.18846,-0.00015994355,33.18846,0.0001000325,200,200,51,0.0007027026,0.0023046182,1.1783044e-05,0.2037253,0
53,0.8833333,6.387451e-07,33.188286,33.188286,-0.00017341065,33.188286,0.000100049336,200,200,51,0.00069618225,0.002232118,1.1786019e-05,0.20372152,0
54,0.9,6.3259364e-07,33.188118,33.188118,-0.00016991884,33.188118,0.0001001067,200,200,51,0.0006953214,0.0022807617,1.1653159e-05,0.20371795,0
55,0.9166667,6.2665276e-07,33.187943,33.187943,-0.00017324374,33.187943,0.000100006044,201,201,51,0.000691856,0.0022683362,1.1602978e-05,0.20371437,0
56,0.93333334,6.2062037e-07,33.18777,33.187775,-0.00017091626,33.187775,0.00010002391,201,201,51,0.00068831706,0.0022564281,1.1544212e-05,0.2037108,0
57,0.95,6.1435287e-07,33.1876,33.1876,-0.00017341031,33.1876,0.00010004214,201,201,51,0.0006848513,0.0022496628,1.154015e-05,0.20370702,0
58,0.96666664,6.085071e-07,33.18743,33.18743,-0.00016825598,33.18743,9.996988e-05,201,201,51,0.0006811652,0.0022325465,1.1424205e-05,0.20370345,0
59,0.98333335,6.027577e-07,33.187263,33.187263,-0.0001685884,33.187263,0.00010004724,201,201,51,0.00067773985,0.0022210318,1.1368249e-05,0.20369987,0
60,1,5.96169e-07,33.187088,33.18709,-0.00017257936,33.18709,0.00010010497,201,201,51,0.0006709538,0.0021457588,1.13680135e-05,0.20369612,0
61,1.0166667,5.909779e-07,33.186916,33.186916,-0.00017424051,33.186916,0.00010000381,201,201,51,0.0006706914,0.0021984882,1.1245751e-05,0.20369254,0
62,1.0333333,5.8547096e-07,33.186745,33.186745,-0.00017124823,33.186745,0.0001000509,201,201,51,0.00066734035,0.0021861407,1.1195113e-05,0.20368896,0
63,1.05,7.6848096e-07,33.186573,33.186573,-0.00017072722,33.186573,0.00010005863,199,199,50,0.00088508014,0.0021126799,1.1188785e-05,0.20368521,0
64,1.0666667,5.7404606e-07,33.186405,33.186405,-0.00016977462,33.186405,0.0001001342,201,201,51,0.00066023454,0.0021600234,1.1084502e-05,0.20368163,0
65,1.0833334,5.687568e-07,33.186234,33.186237,-0.00016858794,33.186237,0.000100031226,201,201,51,0.00065711315,0.002152122,1.1024711e-05,0.20367806,0
66,1.1,5.634455e-07,33.186066,33.186066,-0.00016858797,33.186066,0.000100084384,201,201,51,0.00065384357,0.002140707,1.0970957e-05,0.20367448,0
67,1.1166667,5.578231e-07,33.185894,33.185894,-0.00017124835,33.185894,0.00010004067,201,201,51,0.00065041333,0.0021306528,1.0969828e-05,0.20367073,0
68,1.1333333,5.526811e-07,33.185726,33.185726,-0.0001685878,33.185726,0.00010007591,201,201,51,0.0006471334,0.002118441,1.0858799e-05,0.20366715,0
69,1.15,5.4755196e-07,33.18556,33.18556,-0.00016958531,33.18556,0.00010003112,201,201,51,0.0006439318,0.0021073604,1.0806043e-05,0.20366357,0
70,1.1666666,5.4198574e-07,33.185387,33.185387,-0.00017058328,33.185387,0.00010004613,201,201,51,0.0006409453,0.002109779,1.0806046e-05,0.20365982,0
71,1.1833333,5.3713734e-07,33.185215,33.185215,-0.00017058256,33.185215,0.00010012041,202,202,51,0.00063734245,0.0020854669,1.0697343e-05,0.20365624,0
72,1.2,1.7615987e-07,33.185066,33.185066,-0.00015181936,33.185066,0.00010007116,202,202,51,0.0003155299,0.0013527311,8.373996e-06,0.20365301,0
73,1.2166667,1.2332772e-06,33.18492,33.18492,-0.0001439173,33.18492,0.00010005338,202,202,51,0.00087771984,0.0028353832,9.268191e-06,0.20365003,0
74,1.2333333,2.9096775e-06,33.184765,33.184765,-0.00015460337,33.184765,0.0001000821,202,202,51,0.0013842364,0.004062129,1.9203886e-05,0.20364684,0
75,1.25,4.3459186e-06,33.18461,33.184612,-0.00015367975,33.184612,0.00010009688,202,202,51,0.0017260092,0.0047831386,2.6124324e-05,0.20364363,0
76,1.2666667,5.465944e-06,33.18445,33.184456,-0.00015765357,33.184456,0.00010001238,202,202,51,0.001932087,0.005325213,3.070409e-05,0.20364022,0
77,1.2833333,6.2183685e-06,33.18429,33.1843,-0.0001571899,33.1843,9.999431e-05,202,202,51,0.002074985,0.005621476,3.3582874e-05,0.20363703,0
78,1.3,6.662584e-06,33.18413,33.184135,-0.0001604907,33.184135,0.00010002622,202,202,51,0.0021427504,0.0058139013,3.5282428e-05,0.2036336,0
79,1.3166667,6.876545e-06,33.18397,33.18398,-0.00015839339,33.18398,9.997059e-05,202,202,51,0.0021851994,0.0058817198,3.6189365e-05,0.20363042,0
80,1.3333334,6.9175076e-06,33.183807,33.183815,-0.00016322153,33.183815,9.998122e-05,202,202,51,0.0021944358,0.005885511,3.651307e-05,0.20362702,0
81,1.35,6.848561e-06,33.183647,33.183655,-0.00016133637,33.183655,0.00010004284,202,202,51,0.0021787914,0.0058730254,3.6470505e-05,0.20362383,0
82,1.3666667,6.695121e-06,33.183487,33.183495,-0.0001609221,33.183495,0.00010001511,202,202,51,0.002158792,0.005794172,3.6151047e-05,0.20362042,0
83,1.3833333,6.619221e-06,33.183327,33.183334,-0.00015901576,33.183334,0.000100047735,200,200,50,0.0022177377,0.0055991225,3.5681343e-05,0.20361705,0
84,1.4,5.316752e-06,33.183186,33.183193,-0.0001414555,33.183193,0.0001000817,202,202,51,0.0019176039,0.005330738,3.2873497e-05,0.20361406,0
85,1.4166666,5.2684427e-06,33.18305,33.183052,-0.0001403676,33.183052,0.00010004136,202,202,51,0.0019088521,0.0053541264,3.1775682e-05,0.20361108,0
86,1.4333333,5.3008016e-06,33.182907,33.18291,-0.00014028692,33.18291,0.00010001194,202,202,51,0.0019158329,0.0053885123,3.188418e-05,0.2036081,0
87,1.45,5.26879e-06,33.182766,33.182774,-0.00013968628,33.182774,0.0001001528,202,202,51,0.0019104267,0.005381839,3.1908767e-05,0.20360512,0
88,1.4666667,5.169543e-06,33.18263,33.182632,-0.00014041853,33.182632,9.998545e-05,202,202,51,0.0018921077,0.0053391564,3.170541e-05,0.20360214,0
89,1.4833333,5.0207004e-06,33.182487,33.18249,-0.00013980312,33.18249,0.000100116755,202,202,51,0.0018640048,0.0052707377,3.1312808e-05,0.20359915,0
90,1.5,4.838872e-06,33.182346,33.182354,-0.00013917108,33.182354,0.000100227706,202,202,51,0.0018289844,0.0051847524,3.0782106e-05,0.20359617,0
91,1.5166667,4.636955e-06,33.18221,33.182213,-0.00014052121,33.182213,0.0001001508,202,202,51,0.0017892808,0.005086989,3.015575e-05,0.2035932,0
92,1.5333333,4.4245767e-06,33.182068,33.18207,-0.00013986665,33.18207,0.00010012334,203,203,51,0.0017465438,0.0049816403,2.9466573e-05,0.20359021,0
93,1.55,4.2086767e-06,33.18193,33.181934,-0.00013920515,33.181934,0.00010008648,203,203,51,0.0017020197,0.0048718755,2.8737944e-05,0.20358723,0
94,1.5666667,3.9938996e-06,33.18179,33.181793,-0.00014053406,33.181793,0.00010003087,203,203,51,0.0016565738,0.004759836,2.798701e-05,0.20358425,0
95,1.5833334,3.7834882e-06,33.18165,33.181652,-0.00013986469,33.181652,0.000100064055,203,203,51,0.0016108498,0.0046471204,2.7227072e-05,0.20358127,0
96,1.6,3.5797532e-06,33.18151,33.181515,-0.000139858,33.181515,0.000100078294,203,203,51,0.0015653418,0.004534942,2.6466503e-05,0.2035783,0
97,1.6166667,3.383973e-06,33.18137,33.181374,-0.00014051507,33.181374,0.000100144105,203,203,51,0.0015203803,0.0044241226,2.5712574e-05,0.20357531,0
98,1.6333333,3.1967975e-06,33.18123,33.181232,-0.00013984145,33.181232,0.00010005721,203,203,51,0.0014761512,0.0043150727,2.496932e-05,0.20357233,0
99,1.65,3.0189615e-06,33.181087,33.18109,-0.00014049713,33.18109,0.00010005168,203,203,51,0.001432916,0.0042084437,2.4240822e-05,0.20356935,0
100,1.6666666,2.850285e-06,33.18095,33.180954,-0.00013915793,33.180954,0.00010014474,203,203,51,0.0013907122,0.004104303,2.3529365e-05,0.20356637,0
101,1.6833333,2.6907933e-06,33.18081,33.180813,-0.00014047878,33.180813,0.0001001074,203,203,51,0.0013496451,0.004002948,2.2835698e-05,0.20356339,0
102,1.7,2.5403347e-06,33.18067,33.18067,-0.00013913971,33.18067,0.0001001696,203,203,51,0.0013097726,0.0039045047,2.2162207e-05,0.20356041,0
103,1.7166667,2.3978007e-06,33.180546,33.18055,-0.00012383632,33.18055,0.00010024283,203,203,51,0.0012709147,0.0038082846,2.1507112e-05,0.20355743,0
104,1.7333333,2.2628312e-06,33.18042,33.180424,-0.00012781887,33.180424,0.00010016629,203,203,51,0.0012330405,0.0037145722,2.0867805e-05,0.20355445,0
105,1.75,2.1352464e-06,33.180298,33.1803,-0.000121493795,33.1803,0.00010019751,203,203,51,0.0011961772,0.0036232916,2.0245909e-05,0.20355147,0
106,1.7666667,2.0149494e-06,33.180176,33.180176,-0.00012447909,33.180176,0.000100206984,203,203,51,0.0011604081,0.0035346604,1.9641124e-05,0.20354849,0
107,1.7833333,1.901575e-06,33.180054,33.180058,-0.00011915201,33.180058,0.00010020642,203,203,51,0.0011257083,0.003448566,1.9054343e-05,0.20354551,0
108,1.8,1.7948462e-06,33.17993,33.179935,-0.00012280297,33.179935,0.00010018787,204,204,52,0.0010920876,0.0033650885,1.8485192e-05,0.20354253,0
109,1.8166667,1.7840109e-06,33.17981,33.179813,-0.00012121079,33.179813,0.00010016074,204,204,52,0.0011470285,0.004100996,1.8215966e-05,0.20353968,0
110,1.8333334,1.9612287e-06,33.17969,33.17969,-0.00011985895,33.17969,0.00010021363,205,205,52,0.0012029205,0.0043957867,1.9564573e-05,0.20353676,0
111,1.85,2.065438e-06,33.179573,33.179577,-0.000116606854,33.179577,0.00010014395,205,205,52,0.0012324959,0.0044720583,2.027205e-05,0.20353432,0
112,1.8666667,2.1316732e-06,33.17946,33.179462,-0.0001156473,33.179462,0.00010016651,205,205,52,0.0012537743,0.004516137,2.0728741e-05,0.20353194,0
113,1.8833333,2.1453243e-06,33.179344,33.179348,-0.00011337231,33.179348,0.000100247984,205,205,52,0.0012580125,0.0045263316,2.092981e-05,0.20352955,0
114,1.9,2.1195797e-06,33.17923,33.17923,-0.00011573928,33.17923,0.00010012016,205,205,52,0.0012501463,0.004502324,2.0891965e-05,0.20352717,0
115,1.9166666,2.050755e-06,33.179115,33.17912,-0.00011312228,33.17912,0.00010020036,205,205,52,0.0012223887,0.004409251,2.06194e-05,0.20352478,0
116,1.9333333,1.96719e-06,33.179005,33.179005,-0.00011313702,33.179005,0.000100181634,205,205,52,0.001195497,0.0043297424,2.0125031e-05,0.2035224,0
117,1.95,1.8758835e-06,33.17889,33.178894,-0.00011247974,33.178894,0.00010010715,205,205,52,0.001165672,0.0042418162,1.9650604e-05,0.20352001,0
118,1.9666667,1.7779894e-06,33.178776,33.17878,-0.0001148139,33.17878,0.00010020366,205,205,52,0.0011331385,0.004147565,1.9128674e-05,0.20351763,0
119,1.9833333,1.6771688e-06,33.178665,33.178665,-0.000111159214,33.178665,0.00010015713,205,205,52,0.0010987562,0.0040486,1.8569099e-05,0.20351525,0
120,2,1.576101e-06,33.17854,33.178543,-0.00012479238,33.178543,0.00010013066,205,205,52,0.0010632427,0.0039464063,1.7984885e-05,0.20351286,0
121,2.0166667,1.4765686e-06,33.178417,33.178417,-0.00012512335,33.178417,0.000100149126,205,205,52,0.0010271553,0.0038426814,1.738637e-05,0.20351048,0
122,2.0333333,1.3799344e-06,33.178288,33.17829,-0.00012711552,33.17829,0.000100179175,205,205,52,0.0009909284,0.003738302,1.6782462e-05,0.2035081,0
123,2.05,1.2871575e-06,33.17816,33.17816,-0.00012711166,33.17816,0.00010012532,205,205,52,0.0009549153,0.0036346368,1.617892e-05,0.20350571,0
124,2.0666666,1.1987158e-06,33.178036,33.178036,-0.00012743984,33.178036,0.00010017289,205,205,52,0.00091935083,0.003532445,1.5581036e-05,0.20350333,0
125,2.0833333,1.1149336e-06,33.177906,33.177906,-0.00012909772,33.177906,0.0001001541,205,205,52,0.00088440895,0.0034318517,1.4991913e-05,0.20350094,0
126,2.1,1.03594e-06,33.177776,33.17778,-0.00012709787,33.17778,0.000100111676,205,205,52,0.0008502136,0.0033331423,1.4414307e-05,0.20349856,0
127,2.1166666,9.617353e-07,33.17765,33.177654,-0.00012576305,33.177654,0.000100109086,205,205,52,0.0008168494,0.0032369106,1.38503165e-05,0.20349617,0
128,2.1333334,8.9226313e-07,33.17753,33.17753,-0.0001257583,33.17753,0.00010016277,205,205,52,0.00078442413,0.003143344,1.3300219e-05,0.20349379,0
129,2.15,8.2748585e-07,33.177402,33.177402,-0.00012475609,33.177402,0.00010013528,205,205,52,0.0007530024,0.003052447,1.2766789e-05,0.2034914,0
130,2.1666667,7.6719124e-07,33.177277,33.17728,-0.00012375407,33.17728,0.0001001234,205,205,52,0.00072258955,0.0029643076,1.2250584e-05,0.20348902,0
131,2.1833334,7.1109645e-07,33.177155,33.177155,-0.00012408239,33.177155,0.00010017561,206,206,52,0.000693192,0.0028790901,1.1750367e-05,0.20348664,0
132,2.2,6.589676e-07,33.17703,33.17703,-0.00012540846,33.17703,0.00010012311,206,206,52,0.00066477753,0.0027963836,1.1266673e-05,0.20348425,0
133,2.2166667,6.106548e-07,33.176907,33.176907,-0.00012307707,33.176907,0.00010014154,206,206,52,0.0006373974,0.0027161473,1.0799705e-05,0.20348187,0
134,2.2333333,5.658969e-07,33.17678,33.17678,-0.00012540109,33.17678,0.00010019392,206,206,52,0.000611011,0.002638979,1.0349641e-05,0.20347948,0
135,2.25,5.2443363e-07,33.176655,33.17666,-0.00012406775,33.17666,0.00010014834,210,210,53,0.0005856015,0.0025644035,9.916524e-06,0.2034771,0
136,2.2666667,4.8606495e-07,33.176533,33.176533,-0.00012406465,33.176533,0.00010020374,210,210,53,0.0005611417,0.002492394,9.49763e-06,0.20347472,0
137,2.2833333,4.5053554e-07,33.17641,33.17641,-0.00012339679,33.17641,0.00010015883,210,210,53,0.0005376011,0.002422726,9.0944e-06,0.20347233,0
138,2.3,4.176542e-07,33.176285,33.176285,-0.00012372666,33.176285,0.00010017505,210,210,53,0.0005149451,0.0023555506,8.709441e-06,0.20346995,0
139,2.3166666,3.8698732e-07,33.17616,33.176163,-0.00012472198,33.176163,0.00010017133,210,210,53,0.0004931385,0.0022916654,8.336035e-06,0.20346756,0
140,2.3333333,3.5401087e-07,33.176037,33.176037,-0.00012472429,33.176037,0.000100126446,210,210,53,0.00046936213,0.0022271778,7.959648e-06,0.20346518,0
141,2.35,2.9149427e-07,33.175877,33.175877,-0.00015850361,33.175877,0.00010011842,210,210,53,0.00037857977,0.0024744563,6.9702132e-06,0.203462,0
142,2.3666666,6.106068e-07,33.17564,33.17564,-0.00023759191,33.17564,0.0001001322,210,210,53,0.0006136551,0.001906441,7.987923e-06,0.20345755,0
143,2.3833334,8.5061043e-07,33.1754,33.1754,-0.00024116237,33.1754,0.000100145226,210,210,53,0.0007649182,0.0023744735,1.1761148e-05,0.20345278,0
144,2.4,9.686046e-07,33.17516,33.175163,-0.00023762677,33.175163,0.000100101606,210,210,53,0.0008323804,0.002687629,1.3321961e-05,0.20344858,0
145,2.4166667,9.986143e-07,33.17493,33.174934,-0.00022873699,33.174934,0.000100121804,210,210,53,0.00085212523,0.002809612,1.40246475e-05,0.2034444,0
146,2.4333334,9.906305e-07,33.174713,33.174713,-0.00021846716,33.174713,0.00010014025,210,210,53,0.00085135945,0.002838601,1.4164685e-05,0.20344023,0
147,2.45,9.791235e-07,33.1745,33.1745,-0.0002154781,33.1745,0.00010014349,210,210,53,0.0008467514,0.002835673,1.4110376e-05,0.20343606,0
148,2.4666667,9.722595e-07,33.174282,33.174286,-0.0002138109,33.174286,0.00010010843,210,210,53,0.0008435057,0.0028267547,1.4048598e-05,0.20343189,0
149,2.4833333,9.658663e-07,33.17407,33.17407,-0.000216138,33.17407,0.0001001239,210,210,53,0.0008402604,0.0028149583,1.3994901e-05,0.20342772,0
150,2.5,9.592281e-07,33.173843,33.173847,-0.00022278844,33.173847,0.000100088524,210,210,53,0.0008368087,0.0028014004,1.3938465e-05,0.20342354,0
151,2.5166667,9.524265e-07,33.173626,33.173626,-0.00021979601,33.173626,0.0001000973,210,210,53,0.0008332258,0.0027869677,1.3878986e-05,0.20341937,0
152,2.5333333,9.866626e-07,33.173393,33.173397,-0.00023089407,33.173397,0.00010012312,210,210,53,0.0008443181,0.0028015694,1.3935028e-05,0.20341498,0
153,2.55,1.0021911e-06,33.17315,33.173153,-0.00024371441,33.173153,0.00010010129,210,210,53,0.0008518106,0.002833305,1.4210414e-05,0.20341021,0
154,2.5666666,1.001842e-06,33.172905,33.17291,-0.0002443953,33.17291,0.000100091434,210,210,53,0.0008519911,0.002838081,1.425966e-05,0.20340544,0
155,2.5833333,9.961997e-07,33.17266,33.172665,-0.00024373559,33.172665,0.000100111814,210,210,53,0.0008493516,0.002830336,1.4236115e-05,0.20340067,0
156,2.6,9.881592e-07,33.172417,33.17242,-0.0002440705,33.17242,0.00010011179,210,210,53,0.00084541395,0.0028169479,1.4180148e-05,0.2033959,0
157,2.6166666,9.790916e-07,33.172176,33.172176,-0.00024141144,33.172176,0.00010014677,210,210,53,0.00084089715,0.002800842,1.4109478e-05,0.20339113,0
158,2.6333334,9.695387e-07,33.171932,33.171936,-0.0002437395,33.171936,0.00010010385,210,210,53,0.0008360866,0.0027833672,1.4031711e-05,0.20338637,0
159,2.65,9.59838e-07,33.171688,33.171688,-0.00024506968,33.171688,0.00010013933,210,210,53,0.00083116436,0.0027655126,1.39507865e-05,0.2033816,0
160,2.6666667,9.5010586e-07,33.171444,33.171444,-0.00024506974,33.171444,0.000100102654,210,210,53,0.00082618877,0.0027472132,1.3868778e-05,0.20337683,0
161,2.6833334,9.4040803e-07,33.1712,33.1712,-0.00024440465,33.1712,0.00010014383,210,210,53,0.00082120346,0.0027289204,1.3785912e-05,0.20337206,0
162,2.7,9.308308e-07,33.170956,33.170956,-0.00024373953,33.170956,0.000100153105,210,210,53,0.0008162496,0.0027107713,1.3703353e-05,0.2033673,0
163,2.7166667,9.2145785e-07,33.170715,33.170715,-0.00024107924,33.170715,0.000100080426,210,210,53,0.00081138633,0.0026930147,1.3621784e-05,0.20336252,0
164,2.7333333,9.1224285e-07,33.170467,33.170467,-0.00024573423,33.170467,0.00010010374,210,210,53,0.0008065768,0.002675512,1.3541731e-05,0.20335776,0
165,2.75,9.0313017e-07,33.170227,33.170227,-0.000241744,33.170227,0.000100115016,210,210,53,0.0008017909,0.00265801,1.3461949e-05,0.20335299,0
166,2.7666667,8.941604e-07,33.169987,33.16999,-0.00023841875,33.16999,0.00010020318,210,210,53,0.00079705846,0.0026407707,1.3383167e-05,0.20334822,0
167,2.7833333,8.852974e-07,33.169746,33.169746,-0.00024207626,33.169746,0.00010008346,210,210,53,0.0007923546,0.002623528,1.3304597e-05,0.20334345,0
168,2.8,8.765851e-07,33.169502,33.169502,-0.00024340615,33.169502,0.0001001116,210,210,53,0.0007877093,0.0026066506,1.3227154e-05,0.20333868,0
169,2.8166666,8.6801276e-07,33.169262,33.169262,-0.00024174346,33.169262,0.00010022682,210,210,53,0.00078311114,0.0025898926,1.3150577e-05,0.20333391,0
170,2.8333333,8.595557e-07,33.16902,33.16902,-0.00024107832,33.16902,0.00010014718,210,210,53,0.0007785573,0.0025733106,1.30745375e-05,0.20332915,0
171,2.85,8.5125134e-07,33.16878,33.16878,-0.0002390831,33.16878,0.00010011279,210,210,53,0.00077405904,0.0025570146,1.2999468e-05,0.20332438,0
172,2.8666666,8.430661e-07,33.168537,33.168537,-0.00024373813,33.168537,0.00010011892,210,210,53,0.0007696031,0.0025408836,1.2925364e-05,0.20331961,0
173,2.8833334,8.349822e-07,33.168297,33.168297,-0.00024141047,33.168297,0.00010010738,210,210,53,0.0007651805,0.0025249694,1.2851662e-05,0.20331484,0
174,2.9,8.270524e-07,33.168053,33.168056,-0.0002410778,33.168056,0.000100116784,210,210,53,0.0007608245,0.0025092165,1.2779021e-05,0.20331007,0
175,2.9166667,8.192423e-07,33.167812,33.167812,-0.00024141019,33.167812,0.00010012692,210,210,53,0.00075651024,0.002493641,1.2707081e-05,0.2033053,0
176,2.9333334,8.1156287e-07,33.167572,33.167572,-0.0002424076,33.167572,0.00010008395,210,210,53,0.0007522496,0.0024783395,1.263589e-05,0.20330054,0
177,2.95,8.039801e-07,33.167336,33.16734,-0.00023409474,33.16734,0.00010014937,210,210,53,0.0007480193,0.0024631114,1.2565707e-05,0.20329577,0
178,2.9666667,7.968129e-07,33.16716,33.16716,-0.00017657006,33.16716,0.000100200865,210,210,53,0.00074404955,0.0024492603,1.2497328e-05,0.203291,0
179,2.9833333,7.9038745e-07,33.16699,33.166992,-0.00017058414,33.166992,0.000100145335,210,210,53,0.00074056955,0.0024380973,1.2434861e-05,0.20328623,0
180,3,7.8515853e-07,33.166824,33.166824,-0.00016526278,33.166824,0.000100115336,211,211,53,0.000737831,0.0024304597,1.2384791e-05,0.20328146,0
181,3.0166667,7.8064306e-07,33.16666,33.16666,-0.00016526207,33.16666,0.00010020845,211,211,53,0.00073552923,0.0024249076,1.2342694e-05,0.2032767,0
182,3.0333333,7.765261e-07,33.166496,33.166496,-0.00016459664,33.166496,0.00010014324,211,211,53,0.0007334596,0.0024203258,1.23082045e-05,0.20327193,0
183,3.05,7.7255254e-07,33.16633,33.16633,-0.00016592654,33.16633,0.0001001212,211,211,53,0.0007314735,0.0024162035,1.2274975e-05,0.20326716,0
184,3.0666666,7.6870674e-07,33.166164,33.166164,-0.00016393136,33.166164,0.00010014059,211,211,53,0.0007295603,0.0024123343,1.2242579e-05,0.20326239,0
185,3.0833333,7.6493063e-07,33.166,33.166,-0.00016526133,33.166,0.00010016089,211,211,53,0.0007276829,0.0024086281,1.2211013e-05,0.20325762,0
186,3.1,7.611988e-07,33.165836,33.165836,-0.00016359873,33.165836,0.000100165125,211,211,53,0.0007258245,0.002404969,1.21808125e-05,0.20325285,0
187,3.1166666,7.574881e-07,33.165672,33.165672,-0.00016492874,33.165672,0.00010018246,212,212,54,0.00072397245,0.0024013962,1.21515695e-05,0.20324808,0
188,3.1333334,7.5379216e-07,33.165504,33.165504,-0.00016592626,33.165504,0.00010015293,212,212,54,0.0007221207,0.002397816,1.21204475e-05,0.20324332,0
189,3.15,7.5017334e-07,33.16534,33.16534,-0.00016426363,33.16534,0.00010013279,212,212,54,0.00072031247,0.002394329,1.2089653e-05,0.20323855,0
190,3.1666667,7.4657186e-07,33.165176,33.165176,-0.00016559366,33.165176,0.00010018008,212,212,54,0.0007185057,0.0023908096,1.2060879e-05,0.20323378,0
191,3.1833334,7.430223e-07,33.16501,33.165012,-0.00016459607,33.165012,0.000100179175,212,212,54,0.0007167272,0.0023874606,1.2032186e-05,0.20322901,0
192,3.2,7.39517e-07,33.164845,33.164845,-0.00016526105,33.164845,0.00010012108,212,212,54,0.0007149701,0.0023841662,1.2002379e-05,0.20322424,0
193,3.2166667,7.360748e-07,33.16468,33.16468,-0.00016393095,33.16468,0.000100163816,212,212,54,0.0007132444,0.0023810985,1.1973747e-05,0.20321947,0
194,3.2333333,7.326018e-07,33.164516,33.164516,-0.00016659107,33.164516,0.00010013411,212,212,54,0.0007114878,0.0023776917,1.1946614e-05,0.2032147,0
195,3.25,7.291778e-07,33.164352,33.164352,-0.00016326591,33.164352,0.00010017274,212,212,54,0.00070975843,0.0023744442,1.1917245e-05,0.20320994,0
196,3.2666667,7.25819e-07,33.164185,33.16419,-0.0001652609,33.16419,0.000100122146,212,212,54,0.000708068,0.0023713876,1.1888374e-05,0.20320517,0
197,3.2833333,7.2244023e-07,33.16402,33.16402,-0.00016592594,33.16402,0.00010015167,212,212,54,0.00070635206,0.0023681328,1.1862402e-05,0.2032004,0
198,3.3,7.191021e-07,33.163857,33.163857,-0.0001655934,33.163857,0.00010012848,212,212,54,0.0007046606,0.0023651128,1.1833968e-05,0.20319563,0
199,3.3166666,7.157985e-07,33.16369,33.16369,-0.0001665909,33.16369,0.00010015215,212,212,54,0.00070298155,0.0023620094,1.18055805e-05,0.20319086,0
200,3.3333333,7.125021e-07,33.163525,33.163525,-0.0001639308,33.163525,0.00010017385,212,212,54,0.00070129934,0.0023589374,1.1778299e-05,0.2031861,0
201,3.35,7.092486e-07,33.16336,33.163364,-0.00016226822,33.163364,0.000100134625,212,212,54,0.0006996414,0.002355894,1.1752319e-05,0.20318133,0
202,3.3666666,7.0600333e-07,33.163197,33.163197,-0.00016492828,33.163197,0.000100166566,210,210,53,0.0006979728,0.0023528303,1.1724413e-05,0.20317656,0
203,3.3833334,7.0272216e-07,33.163033,33.163033,-0.00016459581,33.163033,0.00010014493,209,209,53,0.0006962836,0.0023496565,1.169619e-05,0.20317179,0
204,3.4,6.995178e-07,33.16287,33.16287,-0.00016393072,33.16287,0.000100170255,208,208,53,0.00069463905,0.0023466665,1.1668641e-05,0.20316702,0
205,3.4166667,6.9636764e-07,33.1627,33.162704,-0.00016592573,33.162704,0.00010014368,208,208,53,0.00069302047,0.0023437866,1.164418e-05,0.20316225,0
206,3.4333334,6.931719e-07,33.162537,33.162537,-0.00016592577,33.162537,0.000100119905,208,208,53,0.0006913606,0.0023405938,1.1616659e-05,0.20315748,0
207,3.45,6.899902e-07,33.162373,33.162373,-0.00016559324,33.162373,0.00010012389,208,208,53,0.00068970287,0.0023374022,1.1589092e-05,0.20315272,0
208,3.4666667,6.869081e-07,33.162212,33.162212,-0.00015794541,33.162212,0.000100208825,208,208,53,0.0006881106,0.0023346653,1.1562016e-05,0.20314795,0
209,3.4833333,6.8427346e-07,33.162075,33.16208,-0.0001363318,33.16208,0.00010022091,208,208,53,0.00068680994,0.0023333882,1.15386065e-05,0.20314318,0
210,3.5,6.8203866e-07,33.161938,33.161938,-0.00013799395,33.161938,0.00010024073,208,208,53,0.0006857724,0.002333315,1.1519421e-05,0.20313841,0
211,3.5166667,6.80048e-07,33.1618,33.1618,-0.00013832621,33.1618,0.00010023861,208,208,53,0.0006848983,0.0023340408,1.15035655e-05,0.20313364,0
212,3.5333333,6.7814096e-07,33.161667,33.161667,-0.000134336,33.161667,0.00010020046,208,208,53,0.0006840734,0.002334837,1.1489524e-05,0.20312887,0
213,3.55,6.7639525e-07,33.161533,33.161533,-0.00013250705,33.161533,0.00010022936,208,208,53,0.0006833711,0.002336659,1.0993393e-05,0.20312528,0
214,3.5666666,6.749597e-07,33.161407,33.161407,-0.00012702032,33.161407,0.00010023611,208,208,53,0.0006828796,0.002339346,1.0758526e-05,0.20312236,0
215,3.5833333,6.73764e-07,33.161278,33.161278,-0.00012884889,33.161278,0.00010022349,208,208,53,0.000682551,0.0023426488,1.0755536e-05,0.20311943,0
216,3.6,6.726693e-07,33.16115,33.16115,-0.00012685372,33.16115,0.000100131125,208,208,53,0.0006822898,0.0023464588,1.0741463e-05,0.20311652,0
217,3.6166666,6.7157384e-07,33.16102,33.16102,-0.00013184137,33.16102,0.00010019911,208,208,53,0.00068201683,0.0023500635,1.0763982e-05,0.20311353,0
218,3.6333334,6.7047154e-07,33.160892,33.160892,-0.00012768501,33.160892,0.00010022858,208,208,53,0.00068174483,0.0023535292,1.0736825e-05,0.2031106,0
219,3.65,6.694282e-07,33.160767,33.160767,-0.00012585614,33.160767,0.00010020564,208,208,53,0.00068150484,0.0023573607,1.0737143e-05,0.20310767,0
220,3.6666667,6.683751e-07,33.160637,33.160637,-0.0001293475,33.160637,0.00010023593,208,208,53,0.0006812587,0.0023610024,1.0736647e-05,0.20310472,0
221,3.6833334,6.672914e-07,33.160507,33.160507,-0.00012868251,33.160507,0.000100265075,208,208,53,0.00068099087,0.0023645503,1.0725426e-05,0.2031018,0
222,3.7,6.6617366e-07,33.16038,33.16038,-0.00012702,33.16038,0.00010017231,208,208,53,0.0006806951,0.002367857,1.0711368e-05,0.20309891,0
223,3.7166667,6.6507545e-07,33.16025,33.16025,-0.00012884878,33.16025,0.00010014829,208,208,53,0.0006804079,0.0023712819,1.0718724e-05,0.20309597,0
224,3.7333333,6.639663e-07,33.160122,33.160122,-0.00012984633,33.160122,0.00010018322,208,208,53,0.0006801131,0.0023746619,1.071393e-05,0.20309304,0
225,3.75,6.6286185e-07,33.159996,33.159996,-0.00012635496,33.159996,0.00010014179,208,208,53,0.00067981915,0.002377817,1.070434e-05,0.20309012,0
226,3.7666667,6.617508e-07,33.159866,33.159866,-0.00012901505,33.159866,0.000100240046,208,208,53,0.00067951786,0.0023811008,1.0718236e-05,0.20308714,0
227,3.7833333,6.606735e-07,33.159737,33.159737,-0.00012884877,33.159737,0.000100247824,208,208,53,0.0006792395,0.0023843548,1.0699133e-05,0.2030842,0
228,3.8,6.5960467e-07,33.15961,33.159615,-0.00012519115,33.159615,0.00010021222,208,208,53,0.00067896006,0.0023876335,1.0676624e-05,0.20308132,0
229,3.8166666,6.584995e-07,33.15948,33.15948,-0.0001306776,33.15948,0.000100167985,208,208,53,0.0006786517,0.00239073,1.06934485e-05,0.20307837,0
230,3.8333333,6.5734577e-07,33.159355,33.159355,-0.00012735254,33.159355,0.00010019727,208,208,53,0.00067831017,0.002393606,1.068112e-05,0.20307545,0
231,3.85,6.5618593e-07,33.15923,33.15923,-0.00012485872,33.15923,0.000100221034,208,208,53,0.00067796407,0.002396442,1.065919e-05,0.20307258,0
232,3.8666666,6.550831e-07,33.1591,33.1591,-0.00012934755,33.1591,0.00010023149,208,208,53,0.000677649,0.0023994842,1.0686885e-05,0.2030696,0
233,3.8833334,6.5398103e-07,33.15897,33.15897,-0.0001291813,33.15897,0.00010019893,208,208,53,0.00067733374,0.00240242,1.065008e-05,0.20306672,0
234,3.9,6.5282e-07,33.158844,33.158844,-0.00012768507,33.158844,0.00010024823,208,208,53,0.00067697413,0.0024050162,1.0666584e-05,0.20306377,0
235,3.9166667,6.516681e-07,33.158714,33.158714,-0.00012934761,33.158714,0.00010027513,208,208,53,0.0006766215,0.0024077576,1.0661125e-05,0.20306082,0
236,3.9333334,6.505013e-07,33.15859,33.15859,-0.0001253575,33.15859,0.00010024448,208,208,53,0.00067625847,0.00241024,1.0636433e-05,0.20305793,0
237,3.95,1.1838456e-06,33.158443,33.158447,-0.00014360981,33.158447,0.00010021642,208,208,53,0.0010036775,0.0044965893,1.2787835e-05,0.2030547,0
238,3.9666667,1.5571927e-06,33.158295,33.158295,-0.00014925623,33.158295,0.00010023836,208,208,53,0.0011511571,0.0048385556,1.771067e-05,0.20305115,0
239,3.9833333,1.7471467e-06,33.158142,33.158146,-0.0001520997,33.158146,0.00010017746,208,208,53,0.0012457584,0.0058401115,1.9611103e-05,0.2030476,0
240,4,1.8201554e-06,33.15799,33.15799,-0.00015321418,33.15799,0.000100170095,209,209,53,0.001277985,0.0060780994,2.0657473e-05,0.203044,0
241,4.016667,1.8324541e-06,33.15784,33.15784,-0.00014861974,33.15784,0.00010021534,209,209,53,0.001283524,0.00611177,2.0929578e-05,0.20304045,0
242,4.0333333,1.8232341e-06,33.157684,33.157684,-0.000156289,33.157684,0.00010029639,209,209,53,0.001280009,0.0060877935,2.0956048e-05,0.20303679,0
243,4.05,1.8072164e-06,33.157536,33.157536,-0.00014981185,33.157536,0.00010032523,209,209,53,0.0012736289,0.0060467315,2.084784e-05,0.20303322,0
244,4.0666666,1.7892665e-06,33.157383,33.157383,-0.00015247386,33.157383,0.00010022414,209,209,53,0.001266402,0.006000772,2.0736146e-05,0.20302963,0
245,4.0833335,1.7708982e-06,33.157227,33.157227,-0.00015679692,33.157227,0.00010021088,210,210,53,0.0012589529,0.00595346,2.0616137e-05,0.20302601,0
246,4.1,1.7525417e-06,33.157074,33.157078,-0.00014948167,33.157078,0.00010026337,210,210,53,0.0012514628,0.0059059444,2.0483385e-05,0.20302242,0
247,4.116667,1.7343804e-06,33.15692,33.156925,-0.00015397037,33.156925,0.00010026084,210,210,53,0.001244013,0.005858673,2.03585e-05,0.20301881,0
248,4.133333,1.7164796e-06,33.156773,33.156773,-0.00015081126,33.156773,0.000100277204,210,210,53,0.0012366244,0.00581156,2.02283e-05,0.20301522,0
249,4.15,1.6988207e-06,33.15662,33.156624,-0.00014997974,33.156624,0.00010021696,210,210,53,0.001229301,0.00576498,2.0088593e-05,0.2030117,0
250,4.1666665,1.6814289e-06,33.156467,33.156467,-0.00015363708,33.156467,0.00010023649,210,210,53,0.001222053,0.005718896,1.9975332e-05,0.20300813,0
251,4.1833334,1.664066e-06,33.156315,33.15632,-0.00015114323,33.15632,0.00010029362,210,210,53,0.0012147488,0.0056712003,1.9855068e-05,0.20300454,0
252,4.2,1.6461621e-06,33.156162,33.156166,-0.00015330508,33.156166,0.00010023294,210,210,53,0.0012070814,0.005618652,1.9718718e-05,0.20300099,0
253,4.2166667,1.6285901e-06,33.156013,33.156013,-0.0001501459,33.156013,0.0001002474,211,211,53,0.0011995583,0.005568565,1.9590821e-05,0.20299743,0
254,4.233333,1.6113102e-06,33.15586,33.155865,-0.0001513094,33.155865,0.00010023176,211,211,53,0.0011921017,0.00551828,1.9448e-05,0.20299394,0
255,4.25,1.5934418e-06,33.155712,33.155716,-0.00014781863,33.155716,0.00010019623,211,211,53,0.001184225,0.0054614292,1.927879e-05,0.20299065,0
256,4.266667,1.5751547e-06,33.155567,33.155567,-0.00014648901,33.155567,0.0001002402,211,211,53,0.0011760473,0.0054005147,1.914032e-05,0.20298736,0
257,4.2833333,1.5565774e-06,33.15542,33.155422,-0.00014831811,33.155422,0.00010026545,211,211,53,0.0011676386,0.0053369445,1.9001143e-05,0.20298405,0
258,4.3,1.5380567e-06,33.155273,33.155273,-0.00014732052,33.155273,0.000100189616,211,211,53,0.0011591917,0.0052729836,1.8850804e-05,0.20298077,0
259,4.3166666,1.5197792e-06,33.155125,33.15513,-0.00014648901,33.15513,0.000100300575,211,211,53,0.0011507883,0.005208787,1.8715751e-05,0.20297745,0
260,4.3333335,1.5018062e-06,33.154976,33.154976,-0.00014948129,33.154976,0.00010025502,210,210,53,0.0011424798,0.0051454008,1.8559587e-05,0.20297419,0
261,4.35,1.4841881e-06,33.15483,33.15483,-0.00014565708,33.15483,0.000100185964,210,210,53,0.0011342856,0.0050828382,1.8415296e-05,0.20297094,0
262,4.366667,1.466912e-06,33.154682,33.154682,-0.00014898182,33.154682,0.00010024041,210,210,53,0.001126204,0.0050212117,1.828164e-05,0.20296766,0
263,4.383333,1.4499948e-06,33.154533,33.154537,-0.00014698641,33.154537,0.00010022978,210,210,53,0.0011182446,0.004960506,1.8137798e-05,0.20296441,0
264,4.4,1.4333865e-06,33.154385,33.154385,-0.00015130873,33.154385,0.00010024696,210,210,53,0.0011103887,0.00490064,1.8015025e-05,0.2029611,0
265,4.4166665,1.4171464e-06,33.154236,33.15424,-0.0001459882,33.15424,0.00010020809,209,209,53,0.0011026727,0.004842095,1.7874872e-05,0.20295782,0
266,4.4333334,1.4015611e-06,33.154106,33.154106,-0.00013085833,33.154106,0.0001001861,209,209,53,0.0010952418,0.0047861375,1.7646977e-05,0.20295504,0
267,4.45,1.3871189e-06,33.15398,33.153984,-0.00012420698,33.153984,0.00010022087,209,209,53,0.0010883772,0.0047358936,1.7496712e-05,0.2029524,0
268,4.4666667,1.3733861e-06,33.153854,33.15386,-0.00012586883,33.15386,0.00010024902,209,209,53,0.0010818433,0.0046885526,1.7384446e-05,0.20294973,0
269,4.483333,1.3600182e-06,33.15373,33.15373,-0.00012802977,33.15373,0.000100269,209,205,53,0.0010754588,0.0046423776,1.72754e-05,0.20294705,0
270,4.5,1.3469662e-06,33.15361,33.15361,-0.00011888544,33.15361,0.000100253994,205,205,52,0.0010692022,0.0045972695,1.7146971e-05,0.20294447,0
271,4.516667,1.3341827e-06,33.153484,33.153484,-0.00012669916,33.153484,0.00010018267,205,205,52,0.0010630516,0.004553079,1.7052034e-05,0.20294182,0
272,4.5333333,1.3216052e-06,33.153355,33.15336,-0.00012636645,33.15336,0.00010022935,205,205,52,0.0010569688,0.004509287,1.6945314e-05,0.20293917,0
273,4.55,1.3092815e-06,33.153233,33.153233,-0.0001252024,33.153233,0.000100230194,205,205,52,0.0010509926,0.0044665816,1.6838578e-05,0.20293653,0
274,4.5666666,1.2971658e-06,33.153107,33.15311,-0.00012304088,33.15311,0.00010024507,205,205,52,0.0010450878,0.0044241636,1.6731921e-05,0.20293391,0
275,4.5833335,1.2851997e-06,33.15298,33.15298,-0.00012852714,33.15298,0.00010020411,204,204,51,0.0010392236,0.0043818103,1.6642804e-05,0.20293121,0
276,4.6,1.273438e-06,33.152855,33.152855,-0.00012619937,33.152855,0.00010014704,204,204,51,0.0010334369,0.004340139,1.6524351e-05,0.2029286,0
277,4.616667,1.2629869e-06,33.15273,33.15273,-0.00012453551,33.15273,0.000100254256,204,204,51,0.0010290262,0.004325679,1.6425423e-05,0.202926,0
278,4.633333,1.2580848e-06,33.152607,33.152607,-0.00012336618,33.152607,0.00010025198,204,204,51,0.0010279216,0.004353391,1.6386995e-05,0.20292337,0
279,4.65,1.2508448e-06,33.152477,33.15248,-0.00012719238,33.15248,0.000100242934,204,204,51,0.0010242737,0.004325604,1.6347722e-05,0.20292073,0
280,4.6666665,1.2435391e-06,33.15235,33.15235,-0.00012636116,33.15235,0.000100226236,204,204,51,0.001021213,0.0043169106,1.6295242e-05,0.20291808,0
281,4.6833334,1.2361854e-06,33.152225,33.152225,-0.00012802376,33.152225,0.000100195626,205,205,52,0.001018081,0.0043071285,1.6241309e-05,0.20291543,0
282,4.7,1.2288673e-06,33.152103,33.152103,-0.00012187229,33.152103,0.000100219826,205,205,52,0.0010149574,0.0042975405,1.6178376e-05,0.20291282,0
283,4.7166667,1.2216019e-06,33.151978,33.151978,-0.0001253636,33.151978,0.000100245634,205,205,52,0.0010118419,0.0042878417,1.6125294e-05,0.2029102,0
284,4.733333,1.2143875e-06,33.15185,33.15185,-0.00012586231,33.15185,0.00010017397,205,205,52,0.00100874,0.004278249,1.60722e-05,0.20290756,0
285,4.75,1.2072298e-06,33.151722,33.151722,-0.00012918735,33.151722,0.000100225734,206,206,52,0.0010056492,0.0042685787,1.602635e-05,0.2029049,0
286,4.766667,1.2001329e-06,33.151596,33.151596,-0.00012719224,33.151596,0.00010014386,206,206,52,0.001002577,0.0042590466,1.596454e-05,0.20290226,0
287,4.7833333,1.1931108e-06,33.151466,33.15147,-0.00012602838,33.15147,0.00010024928,206,206,52,0.0009995245,0.004249562,1.5920057e-05,0.20289958,0
288,4.8,1.1861524e-06,33.15135,33.151352,-0.00011838057,33.151352,0.00010025704,206,206,52,0.0009964901,0.0042400537,1.5832313e-05,0.20289707,0
289,4.8166666,1.1792565e-06,33.151222,33.151222,-0.00012918709,33.151222,0.000100194025,206,206,52,0.0009934774,0.004230766,1.5817284e-05,0.20289437,0
290,4.8333335,1.1723907e-06,33.151096,33.151096,-0.00012486443,33.151096,0.000100216734,206,206,52,0.000990461,0.0042213025,1.5750427e-05,0.20289174,0
291,4.85,1.1655982e-06,33.15097,33.15097,-0.00012602814,33.15097,0.000100260084,206,206,52,0.0009874715,0.004211999,1.5703828e-05,0.20288908,0
292,4.866667,1.1588677e-06,33.15084,33.15084,-0.00012902067,33.15084,0.0001002346,206,206,52,0.0009844991,0.004202757,1.564886e-05,0.20288643,0
293,4.883333,1.1521797e-06,33.150715,33.150715,-0.00012752434,33.150715,0.00010025457,206,206,52,0.0009815318,0.0041934038,1.558917e-05,0.20288382,0
294,4.9,1.1455329e-06,33.15059,33.15059,-0.00012386669,33.15059,0.00010023668,207,207,52,0.0009785773,0.0041841883,1.5541846e-05,0.20288119,0
295,4.9166665,1.1389551e-06,33.150463,33.150467,-0.0001253629,33.150467,0.00010024302,207,207,52,0.0009756435,0.0041750576,1.548529e-05,0.20287856,0
296,4.9333334,1.1324433e-06,33.150337,33.150337,-0.00012619412,33.150337,0.000100190075,207,207,52,0.00097272923,0.0041659665,1.5436406e-05,0.20287593,0
297,4.95,1.125954e-06,33.150208,33.15021,-0.00012868793,33.15021,0.000100196616,207,207,52,0.0009698145,0.004156854,1.5390764e-05,0.20287327,0
298,4.9666667,1.1194975e-06,33.150078,33.150078,-0.0001308492,33.150078,0.000100218494,207,207,52,0.00096690375,0.0041476586,1.5348154e-05,0.20287058,0
299,4.983333,1.1131364e-06,33.149956,33.14996,-0.000121206314,33.14996,0.000100221885,207,207,52,0.0009640284,0.004138718,1.5278216e-05,0.20286797,0
300,5,1.1068238e-06,33.14983,33.149834,-0.00012636017,33.149834,0.000100203964,207,207,52,0.000961164,0.004129713,1.5224378e-05,0.20286538,0
301,5.016667,1.1005582e-06,33.149704,33.149704,-0.00012702515,33.149704,0.00010021399,208,208,53,0.0009583134,0.004120795,1.5186814e-05,0.20286272,0
302,5.0333333,1.0943245e-06,33.149574,33.149574,-0.00013068273,33.149574,0.00010023065,208,208,53,0.00095546717,0.004111843,1.5142273e-05,0.20286004,0
303,5.05,1.0881538e-06,33.149452,33.149452,-0.00012170489,33.149452,0.000100282574,208,208,53,0.0009526404,0.0041029244,1.5073036e-05,0.20285745,0
304,5.0666666,1.0820505e-06,33.149323,33.149326,-0.00012719123,33.149326,0.00010024274,208,208,53,0.00094984105,0.0040942887,1.5027815e-05,0.20285484,0
305,5.0833335,1.0759708e-06,33.149197,33.149197,-0.00012702496,33.149197,0.00010021517,209,209,54,0.00094703556,0.0040854174,1.4985514e-05,0.20285219,0
306,5.1,1.069921e-06,33.14907,33.14907,-0.0001275237,33.14907,0.00010024239,210,210,54,0.00094423746,0.004076558,1.4940201e-05,0.20284952,0
307,5.116667,1.0639708e-06,33.148945,33.148945,-0.00012469727,33.148945,0.0001002123,210,210,54,0.0009414817,0.004068034,1.4874528e-05,0.20284693,0
308,5.133333,1.0580457e-06,33.14882,33.14882,-0.00012768983,33.14882,0.0001002564,210,210,54,0.00093872356,0.004059343,1.4839563e-05,0.20284428,0
309,5.15,1.052163e-06,33.14869,33.14869,-0.00012785604,33.14869,0.0001001372,210,210,54,0.0009359803,0.004050748,1.4788488e-05,0.20284164,0
310,5.1666665,1.0463278e-06,33.148563,33.148567,-0.00012502966,33.148567,0.00010026061,211,211,54,0.00093324494,0.0040420825,1.4748921e-05,0.20283896,0
311,5.1833334,1.0405641e-06,33.148438,33.14844,-0.00012552836,33.14844,0.00010021289,211,211,54,0.00093054463,0.0040338007,1.4672305e-05,0.20283641,0
312,5.2,1.0348399e-06,33.148308,33.14831,-0.00012935218,33.14831,0.00010018032,211,211,54,0.00092785025,0.0040253275,1.4658973e-05,0.2028337,0
313,5.2166667,1.0291586e-06,33.148182,33.148182,-0.00012719081,33.148182,0.00010024503,211,211,54,0.0009251645,0.0040168082,1.4588188e-05,0.20283109,0
314,5.233333,1.0235416e-06,33.148056,33.148056,-0.0001270245,33.148056,0.00010026898,211,211,54,0.00092250545,0.004008526,1.4552378e-05,0.20282844,0
315,5.25,1.0179863e-06,33.147926,33.14793,-0.00012785572,33.14793,0.000100231984,211,211,54,0.00091986806,0.0040002847,1.4514082e-05,0.20282574,0
316,5.266667,1.0124743e-06,33.147797,33.1478,-0.0001291857,33.1478,0.00010019316,211,211,54,0.0009172444,0.003992083,1.4449059e-05,0.20282313,0
317,5.2833333,1.0069948e-06,33.147675,33.147675,-0.00012453053,33.147675,0.00010019998,211,211,54,0.0009146274,0.0039838743,1.44137575e-05,0.20282046,0
318,5.3,1.0015597e-06,33.147545,33.147545,-0.00012985065,33.147545,0.000100226265,211,211,54,0.00091202604,0.0039758175,1.4355202e-05,0.20281786,0
319,5.3166666,9.961743e-07,33.14742,33.147423,-0.00012403168,33.147423,0.000100182355,211,211,54,0.00090943923,0.00396776,1.4313757e-05,0.20281523,0
320,5.3333335,9.908363e-07,33.14729,33.147293,-0.00012951804,33.147293,0.00010021326,211,211,54,0.00090686773,0.0039596995,1.4269528e-05,0.2028126,0
321,5.35,9.855598e-07,33.147163,33.147167,-0.00012569412,33.147167,0.000100198245,211,211,54,0.0009043204,0.003951823,1.4222114e-05,0.20280997,0
322,5.366667,9.803014e-07,33.147038,33.147038,-0.00012702413,33.147038,0.00010018528,211,211,54,0.0009017725,0.0039438386,1.4189417e-05,0.20280729,0
323,5.383333,9.750921e-07,33.14691,33.14691,-0.00012685783,33.14691,0.00010019754,211,211,54,0.0008992408,0.0039359047,1.41269475e-05,0.20280468,0
324,5.4,9.699513e-07,33.146786,33.146786,-0.00012536148,33.146786,0.000100246965,211,211,54,0.0008967383,0.003928195,1.4100923e-05,0.202802,0
325,5.4166665,9.648493e-07,33.146656,33.146656,-0.0001306816,33.146656,0.000100220226,211,211,54,0.0008942455,0.0039203856,1.4034912e-05,0.20279941,0
326,5.4333334,9.597891e-07,33.14653,33.14653,-0.0001256939,33.14653,0.0001001611,211,211,54,0.0008917695,0.003912739,1.400361e-05,0.20279676,0
327,5.45,9.547625e-07,33.146404,33.146404,-0.0001251951,33.146404,0.00010027259,211,211,54,0.0008892976,0.0039049843,1.395265e-05,0.20279415,0
328,5.4666667,9.4980965e-07,33.146275,33.14628,-0.0001275226,33.14628,0.0001002006,211,211,54,0.00088685984,0.0038974648,1.3921126e-05,0.20279148,0
329,5.483333,9.448854e-07,33.146152,33.146152,-0.00012403121,33.146152,0.00010022782,211,211,54,0.0008844273,0.0038898634,1.3853405e-05,0.20278892,0
330,5.5,9.3999023e-07,33.146023,33.146023,-0.00012985012,33.146023,0.000100248035,210,210,54,0.0008819982,0.0038821823,1.3834562e-05,0.20278625,0
331,5.516667,9.3512256e-07,33.145893,33.145897,-0.00012768876,33.145897,0.00010016507,210,210,54,0.00087958405,0.0038748006,1.3780514e-05,0.20278363,0
332,5.5333333,9.3017263e-07,33.145767,33.145767,-0.00012818762,33.145767,0.00010021638,210,210,54,0.00087707595,0.0038661514,1.3753198e-05,0.20278093,0
333,5.55,9.253973e-07,33.14564,33.14564,-0.00012452983,33.14564,0.000100197096,210,210,54,0.0008746882,0.003858744,1.36762255e-05,0.20277838,0
334,5.5666666,9.206581e-07,33.145515,33.145515,-0.00012752239,33.145515,0.00010022943,210,210,54,0.00087231415,0.0038514058,1.366791e-05,0.20277569,0
335,5.5833335,9.1595047e-07,33.14539,33.14539,-0.00012569355,33.14539,0.00010015334,210,210,54,0.000869948,0.0038439767,1.3595212e-05,0.20277312,0
336,5.6,9.112894e-07,33.14526,33.14526,-0.0001290186,33.14526,0.00010021774,210,210,54,0.00086759956,0.0038366234,1.3586351e-05,0.20277041,0
337,5.616667,9.066869e-07,33.145134,33.145134,-0.00012735599,33.145134,0.0001002022,210,210,54,0.00086527824,0.0038294895,1.35189675e-05,0.20276782,0
338,5.633333,9.021122e-07,33.145004,33.145004,-0.00012802098,33.145004,0.000100291414,210,210,54,0.0008629582,0.0038222554,1.3489131e-05,0.20276517,0
339,5.65,8.975723e-07,33.14488,33.14488,-0.00012619214,33.14488,0.000100258345,210,210,54,0.0008606534,0.0038151452,1.34379725e-05,0.20276256,0
340,5.6666665,8.930726e-07,33.144753,33.144753,-0.00012569335,33.144753,0.000100302655,210,210,54,0.0008583636,0.003808052,1.3402315e-05,0.20275994,0
341,5.6833334,8.886166e-07,33.14462,33.144623,-0.00013201099,33.144623,0.00010017414,210,210,54,0.00085609214,0.0038011435,1.3375904e-05,0.20275725,0
342,5.7,8.841858e-07,33.144497,33.144497,-0.00012436323,33.144497,0.00010023863,210,210,54,0.0008538223,0.0037940636,1.3314676e-05,0.20275466,0
343,5.7166667,8.7981215e-07,33.14437,33.14437,-0.0001265245,33.14437,0.00010022029,210,210,54,0.0008515781,0.0037871187,1.3282334e-05,0.20275202,0
344,5.733333,8.754572e-07,33.14424,33.14424,-0.00012885204,33.14424,0.00010018929,210,210,54,0.00084933604,0.003780103,1.3250569e-05,0.20274936,0
345,5.75,8.711359e-07,33.14411,33.14411,-0.0001303483,33.14411,0.00010020768,210,210,54,0.00084711064,0.0037733773,1.3205897e-05,0.2027467,0
346,5.766667,8.6684923e-07,33.143986,33.143986,-0.0001250281,33.143986,0.00010018101,210,210,54,0.0008448902,0.0037664445,1.3168116e-05,0.20274405,0
347,5.7833333,8.626064e-07,33.14386,33.14386,-0.00012585934,33.14386,0.00010025943,211,211,55,0.00084269274,0.0037597741,1.310402e-05,0.2027415,0
348,5.8,8.583794e-07,33.14373,33.14373,-0.00012901817,33.14373,0.00010018376,211,211,55,0.00084049086,0.0037528225,1.3088729e-05,0.20273885,0
349,5.8166666,8.541963e-07,33.143604,33.143604,-0.00012752182,33.143604,0.00010015335,211,211,55,0.00083831686,0.0037462579,1.3060339e-05,0.20273615,0
350,5.8333335,8.5003313e-07,33.143475,33.143475,-0.00012785432,33.143475,0.00010016454,211,211,55,0.00083613786,0.0037394261,1.3001214e-05,0.20273355,0
351,5.85,8.4590346e-07,33.14335,33.14335,-0.00012685676,33.14335,0.00010019911,211,211,55,0.0008339786,0.0037328121,1.2961622e-05,0.20273094,0
352,5.866667,8.4174707e-07,33.14322,33.14322,-0.00013001563,33.14322,0.000100275596,211,211,55,0.0008318298,0.0037266498,1.2934381e-05,0.20272829,0
353,5.883333,8.3751024e-07,33.143093,33.143097,-0.00012386427,33.143097,0.00010020984,212,212,55,0.00082970876,0.0037216947,1.2899218e-05,0.20272562,0
354,5.9,8.332939e-07,33.142963,33.142967,-0.00012951692,33.142967,0.00010023456,212,212,55,0.00082759466,0.0037166409,1.28418615e-05,0.20272304,0
355,5.9166665,8.291537e-07,33.142838,33.14284,-0.00012619175,33.14284,0.0001002592,210,210,54,0.0008255117,0.0037117542,1.2812817e-05,0.20272043,0
356,5.9333334,8.250506e-07,33.14271,33.142715,-0.0001261917,33.142715,0.000100238874,210,210,54,0.0008234392,0.003706842,1.2782133e-05,0.2027178,0
357,5.95,8.2084904e-07,33.142582,33.142582,-0.00012984942,33.142582,0.00010028055,210,210,54,0.00082126725,0.0037007614,1.2759371e-05,0.2027151,0
358,5.9666667,8.167573e-07,33.142456,33.142456,-0.0001258592,33.142456,0.000100172576,210,210,54,0.00081915536,0.0036953904,1.2692773e-05,0.20271252,0
359,5.983333,8.121522e-07,33.14233,33.14233,-0.00012602596,33.14233,0.00010022708,210,210,54,0.00081686914,0.0036895834,1.2667234e-05,0.2027099,0
360,6,8.072507e-07,33.142204,33.142204,-0.00012852009,33.142204,0.00010028114,210,210,54,0.000813349,0.0036865284,1.2625338e-05,0.20270729,0
361,6.016667,8.041888e-07,33.14208,33.14208,-0.00012452812,33.14208,0.00010027409,208,208,53,0.00081276783,0.003679068,1.2589994e-05,0.20270468,0
362,6.0333333,7.99402e-07,33.141945,33.141945,-0.00013267634,33.141945,0.00010020359,208,208,53,0.0008092559,0.0036757016,1.2566675e-05,0.20270203,0
363,6.05,7.959601e-07,33.141823,33.141823,-0.00012402973,33.141823,0.00010017923,208,208,53,0.0008073247,0.0036697295,1.2516316e-05,0.20269944,0
364,6.0666666,7.927849e-07,33.141697,33.141697,-0.00012585828,33.141697,0.00010020075,208,208,53,0.00080667686,0.0036613443,1.2487903e-05,0.2026968,0
365,6.0833335,7.879729e-07,33.141563,33.141567,-0.00013051505,33.141567,0.000100254176,208,208,53,0.0008030583,0.0036563938,1.2451185e-05,0.20269416,0
366,6.1,7.845661e-07,33.141438,33.14144,-0.000125526,33.14144,0.00010020164,208,208,53,0.0008010613,0.0036492376,1.2406077e-05,0.20269156,0
367,6.116667,7.819098e-07,33.141308,33.14131,-0.00013001413,33.14131,0.00010019517,207,207,53,0.00080055493,0.0036405358,1.2379693e-05,0.2026889,0
368,6.133333,7.7829037e-07,33.141186,33.141186,-0.0001240299,33.141186,0.00010019592,207,207,53,0.0007985334,0.0036339094,1.2329028e-05,0.20268631,0
369,6.15,7.736439e-07,33.14106,33.14106,-0.00012702352,33.14106,0.000100223435,207,207,53,0.0007949729,0.0036292456,1.2299808e-05,0.20268369,0
370,6.1666665,7.6957014e-07,33.14093,33.14093,-0.00012935053,33.14093,0.0001002066,207,207,53,0.0007928071,0.003622266,1.2277861e-05,0.202681,0
371,6.1833334,7.6641663e-07,33.140804,33.140804,-0.00012369694,33.140804,0.00010022511,207,207,53,0.00079095794,0.0036161067,1.2205906e-05,0.20267847,0
372,6.2,7.6292633e-07,33.14068,33.14068,-0.00012818616,33.14068,0.0001002672,207,207,53,0.000789014,0.0036100384,1.2190306e-05,0.20267586,0
373,6.2166667,7.598646e-07,33.140553,33.140553,-0.00012585816,33.140553,0.000100229125,207,207,53,0.00078840833,0.0036011313,1.2167851e-05,0.2026732,0
374,6.233333,7.568358e-07,33.14042,33.14042,-0.00013267458,33.14042,0.00010025547,207,207,53,0.00078659086,0.0035947752,1.2120776e-05,0.20267057,0
375,6.25,7.530643e-07,33.140297,33.140297,-0.00012220125,33.140297,0.00010020171,207,207,53,0.0007845726,0.0035887964,1.2076868e-05,0.202668,0
376,6.266667,7.494991e-07,33.140167,33.140167,-0.00012935002,33.140167,0.00010020956,207,207,53,0.0007825847,0.003582362,1.2058992e-05,0.20266534,0
377,6.2833333,7.454641e-07,33.14004,33.14004,-0.00012619165,33.14004,0.00010022626,207,207,53,0.0007792121,0.0035780743,1.2012492e-05,0.20266274,0
378,6.3,7.421423e-07,33.13991,33.139915,-0.00012785348,33.139915,0.00010019583,207,207,53,0.0007773088,0.0035718288,1.1987082e-05,0.2026601,0
379,6.3166666,7.398302e-07,33.139786,33.139786,-0.00012652243,33.139786,0.00010021965,207,207,53,0.0007769874,0.0035636544,1.19533215e-05,0.20265746,0
380,6.3333335,7.349309e-07,33.139656,33.139656,-0.00012968386,33.139656,0.00010018869,207,207,53,0.0007732909,0.003558663,1.1913279e-05,0.20265484,0
381,6.35,7.320066e-07,33.13953,33.13953,-0.00012801934,33.13953,0.00010026991,207,207,53,0.00077152945,0.0035527016,1.1888549e-05,0.20265219,0
382,6.366667,7.292732e-07,33.139404,33.139404,-0.0001263566,33.139404,0.0001002614,207,207,53,0.000771142,0.0035452226,1.1830387e-05,0.20264962,0
383,6.383333,7.2549597e-07,33.139275,33.139275,-0.00012951648,33.139275,0.00010025797,207,207,53,0.000767815,0.0035408624,1.1825247e-05,0.20264696,0
384,6.4,7.217315e-07,33.139145,33.139145,-0.00012984898,33.139145,0.000100234814,207,207,53,0.0007657547,0.0035341666,1.17762e-05,0.20264435,0
385,6.4166665,7.198406e-07,33.13902,33.13902,-0.00012485946,33.13902,0.00010022416,207,207,53,0.0007655466,0.0035266415,1.1742309e-05,0.20264174,0
386,6.4333334,7.160452e-07,33.138893,33.138893,-0.00012536012,33.138893,0.000100215875,207,207,53,0.0007634366,0.0035189434,1.1717776e-05,0.20263909,0
387,6.45,7.117814e-07,33.138763,33.138763,-0.00012835319,33.138763,0.00010026896,208,208,54,0.0007599274,0.0035146559,1.1668784e-05,0.2026365,0
388,6.4666667,7.086056e-07,33.138638,33.138638,-0.00012752082,33.138638,0.0001002381,209,209,54,0.0007581129,0.0035087978,1.1630403e-05,0.20263392,0
389,6.483333,7.058652e-07,33.138508,33.13851,-0.00012752038,33.13851,0.00010018096,209,209,54,0.0007564054,0.0035028444,1.1606073e-05,0.20263131,0
390,6.5,7.0373125e-07,33.138374,33.13838,-0.00013383747,33.13838,0.00010025535,209,209,54,0.00075617374,0.0034944094,1.1604265e-05,0.20262858,0
391,6.516667,6.995237e-07,33.138252,33.138256,-0.00012153667,33.138256,0.00010016551,209,209,54,0.00075270154,0.0034902901,1.15168805e-05,0.20262606,0
392,6.5333333,6.9645387e-07,33.138126,33.138126,-0.00012702195,33.138126,0.00010019571,209,209,54,0.00075090304,0.0034843404,1.1521385e-05,0.20262341,0
393,6.55,6.928636e-07,33.138,33.138,-0.00012652371,33.138,0.0001002284,209,209,54,0.00074891036,0.0034777967,1.1462799e-05,0.20262086,0
394,6.5666666,6.908225e-07,33.137875,33.137875,-0.00012718717,33.137875,0.000100171936,209,209,54,0.0007487559,0.003469931,1.1444787e-05,0.20261826,0
395,6.5833335,6.8724285e-07,33.13774,33.137745,-0.00013101258,33.137745,0.00010028808,209,209,54,0.0007455007,0.0034662627,1.14498e-05,0.20261551,0
396,6.6,6.8374897e-07,33.13762,33.13762,-0.00012353102,33.13762,0.00010025109,212,212,55,0.0007435398,0.0034597914,1.13419055e-05,0.20261306,0
397,6.616667,6.8114196e-07,33.13749,33.13749,-0.00012901655,33.13749,0.000100226775,212,212,55,0.0007419,0.003454116,1.135417e-05,0.20261043,0
398,6.633333,6.7895127e-07,33.137367,33.137367,-0.00012419473,33.137367,0.000100136065,212,212,55,0.00074166287,0.0034462016,1.1309451e-05,0.20260786,0
399,6.65,6.748878e-07,33.137238,33.13724,-0.00012652417,33.13724,0.00010022594,212,212,55,0.0007381715,0.0034418502,1.1275847e-05,0.20260528,0
400,6.6666665,6.7256616e-07,33.13711,33.13711,-0.00012868375,33.13711,0.00010019033,212,212,55,0.0007379425,0.0034341249,1.1261767e-05,0.20260262,0
401,6.6833334,6.695944e-07,33.136986,33.136986,-0.00012569182,33.136986,0.00010028115,212,212,55,0.0007361555,0.0034280252,1.1214782e-05,0.20260003,0
402,6.7,6.6624375e-07,33.136856,33.136856,-0.00012885104,33.136856,0.00010021769,212,212,55,0.0007329513,0.003424623,1.1203915e-05,0.20259736,0
403,6.7166667,6.6294484e-07,33.136726,33.136726,-0.00012885098,33.136726,0.00010027873,210,210,54,0.0007310597,0.0034186991,1.1140308e-05,0.20259482,0
404,6.733333,6.611746e-07,33.136604,33.136604,-0.00012469308,33.136604,0.000100209276,210,210,54,0.0007310564,0.0034113247,1.11300815e-05,0.2025922,0
405,6.75,6.589745e-07,33.136475,33.136475,-0.00012702108,33.136475,0.00010021139,210,210,54,0.0007295627,0.0034059347,1.10911005e-05,0.2025896,0
406,6.766667,6.552969e-07,33.136345,33.136345,-0.00013001515,33.136345,0.00010020186,210,210,54,0.00072623225,0.0034023745,1.1068817e-05,0.20258698,0
407,6.7833333,6.5377935e-07,33.136223,33.136223,-0.00012352904,33.136223,0.00010023151,210,210,54,0.0007263463,0.0033952808,1.1026507e-05,0.2025844,0
408,6.8,6.5072305e-07,33.136093,33.136093,-0.00012851824,33.136093,0.000100255216,210,210,54,0.0007245852,0.0033898132,1.1005185e-05,0.2025818,0
409,6.8166666,6.4831596e-07,33.135963,33.135967,-0.00012835133,33.135967,0.000100195604,210,210,54,0.0007230364,0.0033844893,1.0979472e-05,0.20257917,0
410,6.8333335,6.4502314e-07,33.135838,33.135838,-0.00012685591,33.135838,0.0001002889,210,210,54,0.00071982754,0.0033810432,1.0937814e-05,0.2025766,0
411,6.85,6.4207313e-07,33.13571,33.13571,-0.00012702183,33.13571,0.0001002227,210,210,54,0.00071806414,0.0033752664,1.0921547e-05,0.20257397,0
412,6.866667,6.394233e-07,33.135582,33.135586,-0.0001275203,33.135586,0.00010025516,210,210,54,0.0007164408,0.003370198,1.0886764e-05,0.20257136,0
413,6.883333,6.367176e-07,33.135456,33.135456,-0.00012918291,33.135456,0.00010024995,210,210,54,0.00071476086,0.0033646894,1.08563945e-05,0.20256875,0
414,6.9,2.159369e-06,33.1353,33.1353,-0.00015475713,33.1353,0.000100336765,210,210,54,0.000996953,0.012499816,1.1108519e-05,0.20256554,0
415,6.9166665,1.12849375e-05,33.13505,33.135063,-0.00023709821,33.135063,0.00010039749,210,210,54,0.0030195664,0.017479775,3.3646233e-05,0.20256081,0
416,6.9333334,2.464615e-05,33.134815,33.13484,-0.00022355228,33.13484,0.00010028806,210,210,54,0.0045044255,0.016509933,6.277659e-05,0.20255603,0
417,6.95,4.3866054e-05,33.13457,33.134613,-0.00022517507,33.134613,0.0001002649,210,210,54,0.005927926,0.019208893,8.718197e-05,0.20255117,0
418,6.9666667,6.7589965e-05,33.134327,33.134396,-0.00022033855,33.134396,0.000100302634,213,213,55,0.007265896,0.021862501,0.00011028788,0.2025462,0
419,6.983333,9.436585e-05,33.134087,33.134182,-0.00021329644,33.134182,0.00010035195,214,214,55,0.008501868,0.024377516,0.00013176013,0.20254125,0
420,7,0.00012288684,33.13385,33.133976,-0.00020672996,33.133976,0.00010023123,214,214,55,0.009629868,0.026703548,0.00015146931,0.20253634,0
421,7.016667,0.00015198908,33.133614,33.133766,-0.00020781124,33.133766,0.00010036318,214,214,55,0.010648009,0.028817687,0.00016934235,0.20253141,0
422,7.0333333,0.00018082216,33.133377,33.13356,-0.0002077479,33.13356,0.000100305304,214,214,55,0.0115738185,0.030948078,0.00018555435,0.20252642,0
423,7.05,0.00020865431,33.133152,33.13336,-0.00019844102,33.13336,0.00010026408,213,213,55,0.012383894,0.032636378,0.00019996359,0.2025217,0
424,7.0666666,0.00023510409,33.132927,33.133163,-0.00019699703,33.133163,0.00010031116,212,212,55,0.013096433,0.034047715,0.00021261782,0.20251699,0
425,7.0833335,0.00025814277,33.132706,33.132965,-0.00019791434,33.132965,0.000100329984,212,212,55,0.0137155345,0.035556786,0.00022375771,0.20251232,0
426,7.1,0.00027569174,33.132496,33.13277,-0.0001945925,33.13277,0.000100283505,212,212,55,0.014178015,0.0368023,0.00023277558,0.20250791,0
427,7.116667,0.00028755065,33.132282,33.13257,-0.0002012801,33.13257,0.00010027799,212,212,55,0.014484645,0.037664477,0.00023913686,0.20250353,0
428,7.133333,0.00029392046,33.132076,33.13237,-0.00019845644,33.13237,0.00010028017,212,212,55,0.014647905,0.038141165,0.00024300633,0.20249933,0
429,7.15,0.00029523033,33.131878,33.132175,-0.00019703245,33.132175,0.00010025998,212,212,55,0.01468292,0.038269073,0.00024460527,0.20249529,0
430,7.1666665,0.00029205182,33.131683,33.131977,-0.00019819572,33.131977,0.000100369696,212,212,55,0.014604829,0.038089942,0.00024420224,0.20249128,0
431,7.1833334,0.00024959273,33.13154,33.13179,-0.00018626974,33.13179,0.0001002371,212,212,55,0.013540602,0.03767355,0.00023977424,0.20248844,0
432,7.2,0.00016051964,33.13144,33.1316,-0.00018965741,33.1316,0.000100202444,212,212,55,0.010476661,0.026295235,0.00019790846,0.20248607,0
433,7.2166667,9.155887e-05,33.13133,33.13142,-0.00017985291,33.13142,0.00010026894,212,212,55,0.007943625,0.020271122,0.00015285476,0.20248358,0
434,7.233333,4.2243828e-05,33.13121,33.131252,-0.0001690187,33.131252,0.000100298144,212,212,55,0.0054578427,0.014679173,0.00011107432,0.20248105,0
435,7.25,1.267347e-05,33.131073,33.131084,-0.00016523451,33.131084,0.0001001962,212,212,55,0.003051577,0.008986256,7.014022e-05,0.20247824,0
436,7.266667,1.3469913e-06,33.130924,33.130928,-0.0001592935,33.130928,0.000100218014,212,212,55,0.0010291156,0.003835262,3.1988224e-05,0.20247523,0
437,7.2833333,7.434835e-07,33.130745,33.130745,-0.00018065776,33.130745,0.000100258665,212,212,55,0.0006824908,0.0023439552,9.457536e-06,0.20247167,0
438,7.3,9.735236e-07,33.13055,33.130554,-0.00019262586,33.130554,0.000100309226,212,212,55,0.00075557386,0.0021896192,9.511837e-06,0.20246786,0
439,7.3166666,1.0100458e-06,33.130356,33.130356,-0.00019730825,33.130356,0.000100276906,212,212,55,0.0007517814,0.0019798295,9.99573e-06,0.20246397,0
440,7.3333335,1.0498869e-06,33.130165,33.130165,-0.000190821,33.130165,0.0001002521,212,212,55,0.0007548381,0.0018693939,1.0241382e-05,0.20246015,0
441,7.35,1.0938321e-06,33.129967,33.129967,-0.0001977996,33.129967,0.000100301695,212,212,55,0.0007623102,0.0018333707,1.0575386e-05,0.20245625,0
442,7.366667,1.130172e-06,33.129772,33.129772,-0.00019564589,33.129772,0.00010034997,212,212,55,0.0007710996,0.00195954,1.0965792e-05,0.20245236,0
443,7.383333,1.2436059e-06,33.12957,33.129574,-0.00019922642,33.129574,0.00010033155,212,212,55,0.00080283167,0.0019252059,1.1381346e-05,0.20244844,0
444,7.4,1.2988987e-06,33.129375,33.129375,-0.00019629196,33.129375,0.00010027609,212,212,55,0.00082020706,0.002097185,1.1789472e-05,0.2024445,0
445,7.4166665,1.3366488e-06,33.129177,33.129177,-0.00019797205,33.129177,0.00010026057,212,212,55,0.00082281994,0.0020307421,1.2061453e-05,0.2024406,0
446,7.4333334,1.4010734e-06,33.12898,33.12898,-0.00019944167,33.12898,0.00010025401,212,212,55,0.000838587,0.0020745574,1.234597e-05,0.20243667,0
447,7.45,1.470917e-06,33.128777,33.128777,-0.00020010128,33.128777,0.00010035722,212,212,55,0.0008586995,0.0021434336,1.2681765e-05,0.20243265,0
448,7.4666667,1.5397844e-06,33.128582,33.128582,-0.00019461583,33.128582,0.00010028571,212,212,55,0.00088058144,0.002212472,1.3015029e-05,0.20242885,0
449,7.483333,1.5965892e-06,33.12838,33.128384,-0.00020077934,33.128384,0.00010029469,212,212,55,0.0008952589,0.0022692285,1.3337245e-05,0.20242491,0
450,7.5,1.6437441e-06,33.128185,33.128185,-0.00019729763,33.128185,0.00010028046,212,212,55,0.00090877677,0.002313348,1.3570706e-05,0.202421,0
451,7.516667,1.6768391e-06,33.127983,33.127987,-0.00020030428,33.127987,0.0001003301,212,212,55,0.00091813016,0.0023444286,1.3766615e-05,0.20241702,0
452,7.5333333,1.6969541e-06,33.127785,33.127785,-0.00019981849,33.127785,0.0001002636,215,215,56,0.00092533114,0.002361927,1.3914331e-05,0.20241311,0
453,7.55,1.6982605e-06,33.12759,33.12759,-0.00019518216,33.12759,0.000100330406,215,215,56,0.0009236894,0.0023655673,1.3911713e-05,0.20240924,0
454,7.5666666,4.7279295e-06,33.127365,33.12737,-0.00022074967,33.12737,0.00010038802,215,215,56,0.0016527771,0.01989286,1.7249975e-05,0.20240474,0
455,7.5833335,8.026975e-06,33.12713,33.127136,-0.00023444572,33.127136,0.00010036421,214,214,56,0.0020305002,0.022704389,3.2888165e-05,0.20239961,0
456,7.6,1.123384e-05,33.126892,33.1269,-0.00023370663,33.1269,0.00010032816,214,214,56,0.0022587446,0.02581827,3.7219997e-05,0.20239444,0
457,7.616667,1.4291004e-05,33.126656,33.12667,-0.00023236003,33.12667,0.00010038354,212,212,55,0.0024046758,0.028105412,4.046102e-05,0.20238943,0
458,7.633333,1.71003e-05,33.12642,33.126434,-0.00023343918,33.126434,0.000100279874,212,212,55,0.0025404517,0.029911043,4.2009902e-05,0.20238438,0
459,7.65,1.7307482e-05,33.126286,33.1263,-0.00013429318,33.1263,0.00010019299,212,212,55,0.002761079,0.03052634,4.4185508e-05,0.20238139,0
460,7.6666665,1.7436849e-05,33.12618,33.126194,-0.00010660639,33.126194,0.00010016443,209,209,54,0.0029656508,0.03001655,4.7746682e-05,0.20237903,0
461,7.6833334,1.7495011e-05,33.12607,33.126083,-0.000111000234,33.126083,0.00010024744,209,209,54,0.003130383,0.029734308,5.0970295e-05,0.20237662,0
462,7.7,1.365447e-05,33.126007,33.126022,-6.2861094e-05,33.126022,0.00010015755,209,209,54,0.0024901289,0.019573236,4.759642e-05,0.20237541,0
463,7.7166667,1.1531272e-05,33.12597,33.12598,-4.0195613e-05,33.12598,0.000100139005,209,209,54,0.002297066,0.01861844,3.9665614e-05,0.20237468,0
464,7.733333,1.0188639e-05,33.125935,33.125942,-3.7087477e-05,33.125942,0.00010019299,209,209,54,0.0021772324,0.017959427,3.7150254e-05,0.20237401,0
465,7.75,9.013103e-06,33.125896,33.125904,-3.858293e-05,33.125904,0.00010010343,209,209,54,0.0020975496,0.017263474,3.5663907e-05,0.20237331,0
466,7.766667,8.068561e-06,33.12586,33.125866,-3.785317e-05,33.125866,0.00010022909,209,209,54,0.002067107,0.016976908,3.468405e-05,0.2023726,0
467,7.7833333,6.908367e-06,33.12582,33.125828,-3.8900096e-05,33.125828,0.00010009432,209,209,54,0.0019989833,0.016186362,3.389373e-05,0.20237193,0
468,7.8,6.0381253e-06,33.125793,33.125797,-3.0463647e-05,33.125797,0.00010017525,209,209,54,0.001953511,0.015794607,3.299418e-05,0.20237133,0
469,7.8166666,4.9346004e-06,33.125755,33.125763,-3.63496e-05,33.125763,0.000100121375,209,209,54,0.0018775995,0.01488396,3.197675e-05,0.20237073,0
470,7.8333335,4.098885e-06,33.125725,33.12573,-3.3920478e-05,33.12573,0.00010016906,209,209,54,0.0018024411,0.013973654,3.062796e-05,0.20237009,0
471,7.85,3.8083795e-06,33.125694,33.125698,-2.9052635e-05,33.125698,0.000100121884,212,212,55,0.0017792387,0.013752013,2.9710462e-05,0.2023696,0
472,7.866667,3.464951e-06,33.12566,33.125664,-3.6587036e-05,33.125664,0.00010013584,212,212,55,0.0017334064,0.013149877,2.904322e-05,0.202369,0
473,7.883333,3.493153e-06,33.125626,33.12563,-3.172652e-05,33.12563,0.00010012264,212,212,55,0.001747244,0.012761889,2.924159e-05,0.20236845,0
474,7.9,3.3871286e-06,33.12559,33.125595,-3.4188317e-05,33.125595,0.00010013066,212,212,55,0.0017072969,0.012762916,2.8771809e-05,0.20236784,0
475,7.9166665,3.2114408e-06,33.12556,33.125565,-3.0434112e-05,33.125565,0.00010014817,213,213,55,0.0016625238,0.012669719,2.8081568e-05,0.20236737,0
476,7.9333334,3.0841513e-06,33.125526,33.125526,-3.7867194e-05,33.125526,0.00010010449,213,213,55,0.001610692,0.012830075,2.7243595e-05,0.20236675,0
477,7.95,2.9119828e-06,33.125492,33.125496,-3.259191e-05,33.125496,0.00010012139,213,213,55,0.0015492879,0.011910201,2.6333239e-05,0.2023662,0
478,7.9666667,2.760363e-06,33.125458,33.12546,-3.5065186e-05,33.12546,0.000100083875,213,213,55,0.0014870323,0.012102108,2.5260813e-05,0.20236564,0
479,7.983333,2.5754869e-06,33.125423,33.125427,-3.3269636e-05,33.125427,0.00010018149,210,210,54,0.0014152742,0.011897039,2.4129635e-05,0.20236506,0
480,8,2.3979378e-06,33.12539,33.125393,-3.3761076e-05,33.125393,0.00010010968,210,210,54,0.0013369177,0.011839458,2.2905011e-05,0.20236449,0
481,8.016666,2.2381416e-06,33.12536,33.12536,-3.291205e-05,33.12536,0.000100174526,212,212,55,0.0012505319,0.011310521,2.153956e-05,0.20236397,0
482,8.033334,2.1091892e-06,33.125324,33.125324,-3.5042518e-05,33.125324,0.00010013585,212,212,55,0.001170032,0.011493803,2.012466e-05,0.2023634,0
483,8.05,1.9616011e-06,33.12529,33.12529,-3.4728644e-05,33.12529,0.00010008467,212,212,55,0.001086436,0.011874869,1.870546e-05,0.2023628,0
484,8.066667,1.8026036e-06,33.12525,33.125256,-3.656886e-05,33.125256,0.000100105404,212,212,55,0.0009894071,0.012312706,1.7176102e-05,0.2023622,0
485,8.083333,1.6980171e-06,33.12522,33.12522,-3.202556e-05,33.12522,0.000100122095,212,212,55,0.0008965896,0.011811034,1.5648146e-05,0.20236166,0
486,8.1,8.8657384e-07,33.125183,33.125187,-3.5891266e-05,33.125187,0.00010009824,212,212,55,0.0007472695,0.008541804,1.4120086e-05,0.20236105,0
487,8.116667,7.391767e-08,33.12512,33.12512,-6.6982175e-05,33.12512,0.000100154284,212,212,55,0.00021437986,0.00071963307,2.4457622e-06,0.20235965,0
488,8.133333,1.4097861e-07,33.125057,33.125057,-6.07823e-05,33.125057,0.000100094956,212,212,55,0.0002768005,0.0008158187,3.5422256e-06,0.20235842,0
489,8.15,2.8654722e-07,33.124996,33.124996,-6.3530126e-05,33.124996,0.000100125944,212,212,55,0.00043593397,0.002296569,5.6958957e-06,0.20235704,0
490,8.166667,3.8460024e-07,33.12493,33.12493,-6.3910156e-05,33.12493,0.00010016912,212,212,55,0.0004980706,0.0015558405,7.632089e-06,0.20235568,0
491,8.183333,4.995014e-07,33.124874,33.124874,-5.591306e-05,33.124874,0.00010013584,212,212,55,0.0005891852,0.0031496251,8.856379e-06,0.20235445,0
492,8.2,6.4341214e-07,33.124805,33.12481,-6.735565e-05,33.12481,0.00010009921,211,211,55,0.00068382913,0.002022809,1.0607555e-05,0.20235305,0
493,8.216666,7.777723e-07,33.12474,33.12474,-6.537014e-05,33.12474,0.000100083744,211,211,55,0.00075304287,0.0031562827,1.1833332e-05,0.20235167,0
494,8.233334,8.8882354e-07,33.124676,33.124676,-6.5892214e-05,33.124676,0.00010012651,211,211,55,0.0008107031,0.002338633,1.2874868e-05,0.20235029,0
495,8.25,1.0406961e-06,33.12461,33.12461,-6.3523825e-05,33.12461,0.00010017297,211,211,55,0.0008786764,0.0035759879,1.3934899e-05,0.2023489,0
496,8.266666,1.1377026e-06,33.124546,33.124546,-6.4742475e-05,33.124546,0.00010011094,211,211,55,0.0009138754,0.0029990477,1.4826557e-05,0.20234753,0
497,8.283334,1.1951045e-06,33.124477,33.124477,-6.87722e-05,33.124477,0.00010012949,211,211,55,0.0009755476,0.0030262317,1.5570819e-05,0.20234607,0
498,8.3,1.275355e-06,33.124413,33.124416,-6.37617e-05,33.124416,0.000100139485,211,211,55,0.0009764913,0.0033048887,1.606118e-05,0.20234467,0
499,8.316667,1.3060314e-06,33.124348,33.124348,-6.5806336e-05,33.124348,0.00010012021,211,211,55,0.0009909534,0.0032442051,1.645281e-05,0.20234324,0
500,8.333333,1.3208263e-06,33.124275,33.12428,-7.1641145e-05,33.12428,0.00010016907,211,211,55,0.0010031868,0.0035415934,1.6499716e-05,0.2023418,0
501,8.35,1.3034788e-06,33.12421,33.12421,-6.585436e-05,33.12421,0.000100091886,211,211,55,0.001010078,0.0029256276,1.6523663e-05,0.20234036,0
502,8.366667,1.2680869e-06,33.124146,33.124146,-6.4874876e-05,33.124146,0.00010016332,211,211,55,0.0009789512,0.002893549,1.6485987e-05,0.20233896,0
503,8.383333,1.210911e-06,33.12408,33.12408,-6.655921e-05,33.12408,0.00010013431,211,211,55,0.0009621126,0.004043857,1.5980693e-05,0.20233756,0
504,8.4,1.1090186e-06,33.124012,33.124016,-6.6271416e-05,33.124016,0.000100092424,211,211,55,0.0009174713,0.0033428185,1.556457e-05,0.20233613,0
505,8.416667,1.0166748e-06,33.12395,33.12395,-6.42668e-05,33.12395,0.000100155456,211,211,55,0.0008682624,0.003216434,1.4613553e-05,0.20233476,0
506,8.433333,8.7962815e-07,33.123886,33.123886,-6.331398e-05,33.123886,0.00010008183,211,211,55,0.0007987576,0.002535453,1.3925383e-05,0.20233345,0
507,8.45,7.7871573e-07,33.12382,33.12382,-6.543916e-05,33.12382,0.00010012281,211,211,55,0.0007620931,0.0024485898,1.3096261e-05,0.20233203,0
508,8.466666,6.526448e-07,33.123756,33.12376,-6.2637984e-05,33.12376,0.00010014066,211,211,55,0.00067760196,0.0024366258,1.1694908e-05,0.20233072,0
509,8.483334,5.313439e-07,33.12369,33.12369,-6.629082e-05,33.12369,0.00010009265,211,211,55,0.00060172856,0.0026796907,1.054477e-05,0.20232935,0
510,8.5,4.1045004e-07,33.123634,33.123634,-5.8310172e-05,33.123634,0.000100082354,211,211,55,0.00052748027,0.00232855,9.182893e-06,0.2023281,0
511,8.516666,2.9870333e-07,33.12357,33.12357,-6.495123e-05,33.12357,0.00010008701,211,211,55,0.0004327156,0.0024550993,7.897424e-06,0.20232673,0
512,8.533334,2.2421666e-07,33.12351,33.12351,-6.075759e-05,33.12351,0.00010009043,212,212,55,0.0003701178,0.0010580118,6.5726167e-06,0.20232543,0
513,8.55,1.6580475e-07,33.12345,33.12345,-5.8081434e-05,33.12345,0.000100104335,212,212,55,0.00030064155,0.001408544,5.374814e-06,0.20232423,0
514,8.566667,1.3124814e-07,33.12339,33.12339,-5.8888854e-05,33.12339,0.000100084624,212,212,55,0.0002495457,0.0017614389,4.259858e-06,0.20232297,0
515,8.583333,1.11432634e-07,33.123337,33.123337,-5.5881523e-05,33.123337,0.000100060504,212,212,55,0.0002629977,0.0014944108,3.710011e-06,0.20232175,0
516,8.6,8.6080185e-08,33.123276,33.123276,-5.8547143e-05,33.123276,0.0001001043,212,212,55,0.00019297643,0.0010195699,3.2202088e-06,0.20232059,0
517,8.616667,7.9303796e-08,33.123222,33.123222,-5.4538443e-05,33.123222,0.00010009219,212,212,55,0.0001816958,0.0014151612,2.8071252e-06,0.20231946,0
518,8.633333,9.081181e-08,33.123173,33.123173,-4.870123e-05,33.123173,0.00010009253,212,212,55,0.00020873931,0.0006883903,2.9862374e-06,0.20231843,0
519,8.65,7.9012885e-08,33.123123,33.123123,-4.9555812e-05,33.123123,0.00010008874,212,212,55,0.00022141899,0.0009954298,2.75155e-06,0.20231745,0
520,8.666667,9.693515e-08,33.123077,33.123077,-4.753103e-05,33.123077,0.00010012401,212,212,55,0.00022233135,0.00065020303,3.3466197e-06,0.2023165,0
521,8.683333,7.5652544e-08,33.12302,33.12302,-5.521797e-05,33.12302,0.00010016436,212,212,55,0.00018648656,0.001182009,2.4737283e-06,0.20231536,0
522,8.7,7.205268e-08,33.12298,33.12298,-4.422745e-05,33.12298,0.000100151534,212,212,55,0.00018161707,0.0010373788,2.0972939e-06,0.20231444,0
523,8.716666,4.2973536e-08,33.122925,33.122925,-5.106939e-05,33.122925,0.00010009436,212,212,55,0.00013693122,0.0009943644,1.9766735e-06,0.20231344,0
524,8.733334,4.6128246e-08,33.122883,33.122883,-4.1893127e-05,33.122883,0.000100109464,212,212,55,0.00013858247,0.0008557043,1.8964971e-06,0.20231257,0
525,8.75,7.0512634e-08,33.122833,33.122833,-5.2345968e-05,33.122833,0.00010007806,212,212,55,0.00019199475,0.00077923224,1.9140473e-06,0.20231155,0
526,8.766666,7.541587e-08,33.122784,33.122784,-4.687903e-05,33.122784,0.0001000815,212,212,55,0.0001915046,0.00060831005,2.5261884e-06,0.20231059,0
527,8.783334,6.507322e-08,33.122734,33.122734,-5.08844e-05,33.122734,0.000100076206,212,212,55,0.00018216413,0.00069460704,2.2751187e-06,0.20230958,0
528,8.8,9.200446e-08,33.12268,33.12268,-5.334095e-05,33.12268,0.0001001174,212,212,55,0.00020953664,0.0012156388,2.6151297e-06,0.20230852,0
529,8.816667,8.0756415e-08,33.12264,33.12264,-4.3736334e-05,33.12264,0.0001000858,212,212,55,0.00023021757,0.0010113291,2.550333e-06,0.20230758,0
530,8.833333,8.6207784e-08,33.12259,33.12259,-4.8707287e-05,33.12259,0.000100097146,212,212,55,0.0002135219,0.0010805707,3.2214275e-06,0.20230661,0
531,8.85,7.2145816e-08,33.122547,33.122547,-4.2242853e-05,33.122547,0.000100115976,212,212,55,0.00018338232,0.0006035925,2.286764e-06,0.20230575,0
532,8.866667,9.0227125e-08,33.122494,33.122494,-5.1853505e-05,33.122494,0.000100159814,212,212,55,0.00022212895,0.0010794101,3.2885719e-06,0.2023047,0
533,8.883333,8.151663e-08,33.122448,33.122448,-4.772392e-05,33.122448,0.00010015479,212,212,55,0.00019226653,0.000996461,2.5699396e-06,0.20230374,0
534,8.9,6.174073e-08,33.1224,33.1224,-4.7901238e-05,33.1224,0.0001000953,212,212,55,0.00018613861,0.00060398085,2.3087994e-06,0.20230275,0
535,8.916667,6.638517e-08,33.122345,33.122345,-5.4194512e-05,33.122345,0.00010011592,212,212,55,0.00019999991,0.0007065531,2.2698914e-06,0.20230171,0
536,8.933333,5.817591e-08,33.122295,33.122295,-4.805593e-05,33.122295,0.000100106176,212,212,55,0.00016338904,0.0012019605,2.593497e-06,0.20230068,0
537,8.95,6.76031e-08,33.122246,33.122246,-5.053212e-05,33.122246,0.00010016341,212,212,55,0.00017461542,0.00092670997,1.9553318e-06,0.20229967,0
538,8.966666,2.9875114e-08,33.12219,33.12219,-5.8060752e-05,33.12219,0.00010012185,212,212,55,0.000104635335,0.0013393483,1.7380821e-06,0.20229855,0
539,8.983334,5.296413e-08,33.122124,33.122124,-6.315384e-05,33.122124,0.000100203,212,212,55,0.00016427484,0.0006186502,1.6897476e-06,0.20229724,0
540,9,7.1691986e-08,33.122047,33.122047,-7.712363e-05,33.122047,0.000100178586,212,212,55,0.00017412518,0.0013885654,1.9892045e-06,0.20229575,0
541,9.016666,7.1641594e-08,33.121983,33.121983,-6.633583e-05,33.121983,0.00010018751,212,212,55,0.00016845092,0.000800362,2.0359942e-06,0.2022944,0
542,9.033334,9.88795e-08,33.121906,33.121906,-7.379002e-05,33.121906,0.00010016628,212,212,55,0.00021411893,0.0008269791,2.211211e-06,0.2022929,0
543,9.05,1.0341279e-07,33.121834,33.121838,-7.1651404e-05,33.121838,0.00010018495,212,212,55,0.00021812032,0.0007711091,2.269653e-06,0.20229143,0
544,9.066667,8.090195e-08,33.12176,33.12176,-7.367351e-05,33.12176,0.000100180034,215,215,56,0.00019595993,0.00060877256,2.6011915e-06,0.20228998,0
545,9.083333,8.20144e-08,33.121696,33.121696,-6.666718e-05,33.121696,0.00010013607,215,215,56,0.00018516829,0.00077324285,2.3940265e-06,0.20228863,0
546,9.1,9.476115e-08,33.12163,33.12163,-6.515924e-05,33.12163,0.000100135265,215,215,56,0.0002101978,0.0007199204,2.296769e-06,0.20228729,0
547,9.116667,1.0669864e-07,33.121555,33.121555,-7.31403e-05,33.121555,0.000100122816,215,215,56,0.00022303984,0.0010106786,2.2964416e-06,0.20228589,0
548,9.133333,7.08884e-08,33.121487,33.121487,-6.853291e-05,33.121487,0.00010016739,215,215,56,0.00018637364,0.0005895263,2.1819292e-06,0.20228449,0
549,9.15,9.434406e-08,33.121418,33.121418,-6.996993e-05,33.121418,0.00010019679,215,215,56,0.00019894795,0.0011110428,2.0471903e-06,0.20228307,0
550,9.166667,7.516868e-08,33.121353,33.121353,-6.701997e-05,33.121353,0.00010017466,215,215,56,0.00017172522,0.00077937846,2.1637081e-06,0.20228165,0
551,9.183333,8.281631e-08,33.121277,33.121277,-7.4640884e-05,33.121277,0.000100159385,215,215,56,0.00018874872,0.0012033377,2.2184188e-06,0.20228021,0
552,9.2,1.0899283e-07,33.121204,33.121204,-7.196228e-05,33.121204,0.00010019562,215,215,56,0.0002191207,0.0011365496,2.2109884e-06,0.20227873,0
553,9.216666,1.2325195e-07,33.121128,33.121128,-7.6795586e-05,33.121128,0.00010016807,215,215,56,0.0002450938,0.00043722484,2.4626931e-06,0.20227724,0
554,9.233334,6.657336e-08,33.12106,33.12106,-6.921879e-05,33.12106,0.00010012722,215,215,56,0.00018206921,0.0010818812,2.3028388e-06,0.20227581,0
555,9.25,6.808095e-08,33.120995,33.120995,-6.3840445e-05,33.120995,0.00010013523,215,215,56,0.00017485111,0.0012070219,2.0849332e-06,0.2022745,0
556,9.266666,6.917789e-08,33.120926,33.120926,-6.949353e-05,33.120926,0.00010019396,215,215,56,0.00017665491,0.0012009142,1.988934e-06,0.20227313,0
557,9.283334,6.3184125e-08,33.120857,33.120857,-6.700679e-05,33.120857,0.00010014703,215,215,56,0.0001844643,0.0011626378,1.9437373e-06,0.20227174,0
558,9.3,1.0242452e-07,33.120792,33.120792,-6.6961555e-05,33.120792,0.00010010884,215,215,56,0.00020382208,0.001701709,1.8402749e-06,0.20227042,0
559,9.316667,7.301997e-08,33.120724,33.120724,-6.7861474e-05,33.120724,0.000100148754,215,215,56,0.00018911638,0.0012657767,1.9975164e-06,0.20226908,0
560,9.333333,1.1560095e-07,33.12065,33.12065,-7.1779614e-05,33.12065,0.000100135956,215,215,56,0.00023069026,0.00046022498,1.99688e-06,0.20226765,0
561,9.35,9.693538e-08,33.120583,33.120583,-6.884827e-05,33.120583,0.00010020635,215,215,56,0.00021060796,0.00066654687,1.9095369e-06,0.20226625,0
562,9.366667,8.032563e-08,33.120518,33.120518,-6.6684894e-05,33.120518,0.0001002253,215,215,56,0.0001920769,0.00075541844,2.0975358e-06,0.20226489,0
563,9.383333,1.0084904e-07,33.120445,33.120445,-7.013912e-05,33.120445,0.00010017424,215,215,56,0.00020998326,0.0011772733,2.243333e-06,0.20226346,0
564,9.4,7.9731734e-08,33.120373,33.120373,-7.2342074e-05,33.120373,0.00010016074,215,215,56,0.00018549163,0.0015890736,2.1420549e-06,0.20226204,0
565,9.416667,8.3874e-08,33.120304,33.120304,-6.816044e-05,33.120304,0.000100095705,215,215,56,0.00019112037,0.0010884629,1.8825814e-06,0.20226061,0
566,9.433333,5.989378e-08,33.120243,33.120243,-6.253589e-05,33.120243,0.00010014615,215,215,56,0.00016672026,0.000788787,1.7128687e-06,0.20225939,0
567,9.45,7.1366664e-08,33.12018,33.12018,-6.565928e-05,33.12018,0.000100174264,215,215,56,0.00016801483,0.0015767944,1.8473372e-06,0.20225807,0
568,9.466666,5.8097317e-08,33.120113,33.120113,-6.3023945e-05,33.120113,0.00010013583,215,215,56,0.00015898995,0.0013802612,1.8900779e-06,0.20225677,0
569,9.483334,8.808489e-08,33.12005,33.12005,-6.730332e-05,33.12005,0.00010012999,214,214,56,0.0002036974,0.001528296,1.8320451e-06,0.20225544,0
570,9.5,6.0145446e-08,33.11998,33.11998,-6.6529974e-05,33.11998,0.00010013593,214,214,56,0.0001522843,0.0007615159,1.7661364e-06,0.2022541,0
571,9.516666,7.4729876e-08,33.11993,33.11993,-5.2189513e-05,33.11993,0.000100146055,214,214,56,0.00018789907,0.0012863888,1.8819176e-06,0.20225294,0
572,9.533334,9.2580734e-08,33.119877,33.119877,-5.3183776e-05,33.119877,0.00010009335,214,214,56,0.00020524535,0.0015147257,1.7877975e-06,0.20225175,0
573,9.55,9.0620745e-08,33.119827,33.119827,-4.838219e-05,33.119827,0.00010017231,214,214,56,0.00020653597,0.0009285754,1.8014642e-06,0.20225054,0
574,9.566667,7.59549e-08,33.11978,33.11978,-4.556856e-05,33.11978,0.000100135076,214,214,56,0.00018068097,0.0014582524,1.8271758e-06,0.20224947,0
575,9.583333,7.610046e-08,33.11973,33.11973,-4.9211358e-05,33.11973,0.00010013592,214,214,56,0.0001841705,0.0013645823,1.863186e-06,0.2022483,0
576,9.6,8.229851e-08,33.119686,33.119686,-4.538144e-05,33.119686,0.00010013673,212,212,55,0.00018744817,0.0012953253,1.7894915e-06,0.20224725,0
577,9.616667,4.7550735e-08,33.119644,33.119644,-4.42586e-05,33.119644,0.000100099925,212,212,55,0.00014324707,0.0011308286,1.768614e-06,0.2022462,0
578,9.633333,6.5935325e-08,33.119602,33.119602,-3.9882834e-05,33.119602,0.00010012818,212,212,55,0.00016761849,0.0012092678,1.7510042e-06,0.20224516,0
579,9.65,5.367693e-08,33.119553,33.119553,-4.9888782e-05,33.119553,0.0001001955,212,212,55,0.00016416439,0.0007524541,1.6923799e-06,0.20224406,0
580,9.666667,8.688478e-08,33.119507,33.119507,-4.4356897e-05,33.119507,0.000100122925,212,212,55,0.00019817766,0.0012092395,1.6184473e-06,0.20224294,0
581,9.683333,7.288064e-08,33.119457,33.119457,-5.2051844e-05,33.119457,0.00010013955,212,212,55,0.00018964504,0.0012994074,1.7046023e-06,0.2022418,0
582,9.7,1.02080605e-07,33.11941,33.11941,-4.6522222e-05,33.11941,0.00010013591,212,212,55,0.00021586084,0.0010312462,1.7875618e-06,0.20224066,0
583,9.716666,8.237748e-08,33.119358,33.119358,-5.2057545e-05,33.119358,0.0001001101,212,212,55,0.00019669413,0.0010667511,1.7097618e-06,0.20223948,0
584,9.733334,9.870808e-08,33.119312,33.119312,-4.520505e-05,33.119312,0.00010013171,212,212,55,0.00020521955,0.0011297297,1.8762993e-06,0.20223838,0
585,9.75,5.8103375e-08,33.11927,33.11927,-4.177063e-05,33.11927,0.00010013588,212,212,55,0.00016213572,0.0011578023,1.7439926e-06,0.20223735,0
586,9.766666,8.514558e-08,33.119225,33.119225,-4.4695575e-05,33.119225,0.00010011331,212,212,55,0.00019011763,0.0012161112,1.6923397e-06,0.20223626,0
587,9.783334,7.324487e-08,33.119183,33.119183,-4.290571e-05,33.119183,0.00010009713,212,212,55,0.00018117575,0.0010715388,1.6157691e-06,0.20223522,0
588,9.8,8.2261224e-08,33.119137,33.119137,-4.737368e-05,33.119137,0.00010013588,212,212,55,0.00019647318,0.0010024682,1.6925451e-06,0.2022341,0
589,9.816667,6.788377e-08,33.119087,33.119087,-4.689831e-05,33.119087,0.000100135876,212,212,55,0.00018045741,0.001158987,1.7230817e-06,0.202233,0
590,9.833333,7.1741916e-08,33.11904,33.11904,-4.9207647e-05,33.11904,0.00010010601,212,212,55,0.00018405961,0.0009787665,1.7251245e-06,0.20223184,0
591,9.85,7.274504e-08,33.11899,33.11899,-4.8711736e-05,33.11899,0.000100118,212,212,55,0.00017864694,0.0014562556,1.7400041e-06,0.20223072,0
592,9.866667,5.4572215e-08,33.118946,33.118946,-4.640334e-05,33.118946,0.00010019548,212,212,55,0.00016784709,0.0010878248,1.8681363e-06,0.20222957,0
593,9.883333,7.767601e-08,33.118896,33.118896,-4.7359594e-05,33.118896,0.00010013587,212,212,55,0.00019020353,0.0012375473,1.7854196e-06,0.20222846,0
594,9.9,8.0766235e-08,33.11885,33.11885,-4.6714587e-05,33.11885,0.00010019548,212,212,55,0.00019087903,0.0011691923,1.7853023e-06,0.20222728,0
595,9.916667,7.478628e-08,33.1188,33.1188,-4.8552465e-05,33.1188,0.00010013585,212,212,55,0.00018933203,0.0013951407,1.7684908e-06,0.2022262,0
596,9.933333,9.512427e-08,33.11876,33.11876,-4.3538494e-05,33.11876,0.0001001363,211,211,55,0.00020663536,0.00088004884,1.6048598e-06,0.20222516,0
597,9.95,7.221178e-08,33.118713,33.118713,-4.441302e-05,33.118713,0.0001001363,211,211,55,0.0001766341,0.0014255949,1.6717428e-06,0.20222405,0
598,9.966666,5.741723e-08,33.118668,33.118668,-4.5568686e-05,33.118668,0.00010010483,211,211,55,0.0001660122,0.0007240873,1.6669601e-06,0.202223,0
599,9.983334,6.583555e-08,33.118618,33.118618,-4.9701852e-05,33.118618,0.000100136276,211,211,55,0.00018407125,0.0015169095,1.7776307e-06,0.20222186,0
600,10,9.9301744e-08,33.11857,33.11857,-4.8845526e-05,33.11857,0.00010013586,211,211,55,0.00021055393,0.0012648323,1.7030688e-06,0.20222072,0
601,10.016666,8.561866e-08,33.118523,33.118523,-4.6731362e-05,33.118523,0.000100123805,211,211,55,0.00020038505,0.0011787637,1.7475484e-06,0.20221955,0
602,10.033334,8.258953e-08,33.11847,33.11847,-5.3537166e-05,33.11847,0.00010013626,211,211,55,0.0001960955,0.0014402445,1.6920053e-06,0.20221835,0
603,10.05,7.195088e-08,33.118427,33.118427,-4.12419e-05,33.118427,0.00010013626,211,211,55,0.00018506186,0.0015618388,1.6921115e-06,0.20221734,0
604,10.066667,6.138198e-08,33.118385,33.118385,-4.3735654e-05,33.118385,0.0001001358,211,211,55,0.00016380029,0.0010475646,1.6578996e-06,0.20221628,0
605,10.083333,5.760463e-08,33.118343,33.118343,-4.1567546e-05,33.118343,0.00010016797,211,211,55,0.00016458367,0.0013750319,1.615504e-06,0.20221527,0
606,10.1,6.6395174e-08,33.118294,33.118294,-5.003399e-05,33.118294,0.00010013585,211,211,55,0.00018025466,0.0013877815,1.665477e-06,0.20221412,0
607,10.116667,8.4055664e-08,33.118244,33.118244,-4.8362566e-05,33.118244,0.000100094585,211,211,55,0.00019193986,0.0012110809,1.6908364e-06,0.20221297,0
608,10.133333,8.181956e-08,33.118195,33.118195,-4.8548718e-05,33.118195,0.00010015922,211,211,55,0.00019516188,0.0013848623,1.7243984e-06,0.20221181,0
609,10.15,6.584398e-08,33.118153,33.118153,-4.5403613e-05,33.118153,0.00010009704,211,211,55,0.00016888749,0.0008864276,1.7621421e-06,0.20221072,0
610,10.166667,9.08514e-08,33.1181,33.1181,-5.1181556e-05,33.1181,0.00010007998,212,212,55,0.00020873272,0.00064523704,1.8814577e-06,0.20220953,0
611,10.183333,6.388115e-08,33.118057,33.118057,-4.258827e-05,33.118057,0.00010009909,212,212,55,0.00017704032,0.0012882337,1.6046075e-06,0.20220849,0
612,10.2,5.0923536e-08,33.118015,33.118015,-4.1576728e-05,33.118015,0.00010013583,212,212,55,0.00015100522,0.0011460959,1.602399e-06,0.20220745,0
613,10.216666,6.744528e-08,33.117973,33.117973,-4.221227e-05,33.117973,0.00010013619,212,212,55,0.00018231335,0.0010692631,1.54178e-06,0.20220646,0
614,10.233334,1.02180714e-07,33.11792,33.11792,-5.283438e-05,33.11792,0.00010014041,212,212,55,0.0002127167,0.0010275078,1.6551554e-06,0.20220521,0
615,10.25,7.755373e-08,33.117874,33.117874,-4.5744775e-05,33.117874,0.000100136174,212,212,55,0.00019285697,0.0008174122,1.6726174e-06,0.20220415,0
616,10.266666,6.999125e-08,33.11783,33.11783,-4.672524e-05,33.11783,0.00010013583,212,212,55,0.000182398,0.0010107049,1.6825312e-06,0.20220307,0
617,10.283334,7.9620044e-08,33.11778,33.11778,-4.903562e-05,33.11778,0.00010014099,212,212,55,0.00019469875,0.0008663218,1.7105536e-06,0.20220186,0
618,10.3,6.3663606e-08,33.117733,33.117733,-4.4073553e-05,33.117733,0.00010013617,212,212,55,0.00018108677,0.0010928126,1.6689947e-06,0.20220077,0
619,10.316667,6.567485e-08,33.117683,33.117683,-5.0872044e-05,33.117683,0.00010011229,212,212,55,0.00018993934,0.001149792,1.5934153e-06,0.20219961,0
620,10.333333,7.836527e-08,33.11764,33.11764,-4.3379885e-05,33.11764,0.00010013614,212,212,55,0.00019918947,0.0016074291,1.5717969e-06,0.20219858,0
621,10.35,6.192345e-08,33.117596,33.117596,-4.673412e-05,33.117596,0.00010009181,212,212,55,0.00018521723,0.0010588497,1.5007074e-06,0.20219749,0
622,10.366667,4.6644512e-08,33.117554,33.117554,-4.1246538e-05,33.117554,0.0001000945,212,212,55,0.0001513146,0.000983652,1.4802274e-06,0.20219651,0
623,10.383333,6.833628e-08,33.117508,33.117508,-4.3703396e-05,33.117508,0.000100139725,212,212,55,0.00017973394,0.0018021155,1.6363842e-06,0.20219539,0
624,10.4,6.820159e-08,33.117462,33.117462,-4.7050322e-05,33.117462,0.00010013582,212,212,55,0.00018421035,0.0011617406,1.5678439e-06,0.20219433,0
625,10.416667,6.1644556e-08,33.11742,33.11742,-4.3232878e-05,33.11742,0.00010013613,212,212,55,0.00018220958,0.0010805205,1.7912548e-06,0.20219323,0
626,10.433333,8.5466716e-08,33.117363,33.117363,-5.633665e-05,33.117363,0.00010020431,212,212,55,0.00020547502,0.0011450028,1.6638796e-06,0.20219196,0
627,10.45,6.0198005e-08,33.117317,33.117317,-4.5080396e-05,33.117317,0.00010009889,212,212,55,0.00016998874,0.0013495726,1.6727301e-06,0.20219088,0
628,10.466666,7.284082e-08,33.11727,33.11727,-4.5707504e-05,33.11727,0.0001001361,212,212,55,0.00019026636,0.0010322432,1.5788919e-06,0.20218982,0
629,10.483334,7.305911e-08,33.11723,33.11723,-4.1896063e-05,33.11723,0.00010013611,212,212,55,0.00018574996,0.0014058548,1.528765e-06,0.20218875,0
630,10.5,4.5292975e-08,33.117188,33.117188,-4.3919106e-05,33.117188,0.00010012439,212,212,55,0.00015020967,0.0006035687,1.5621381e-06,0.2021877,0
631,10.516666,6.819381e-08,33.11714,33.11714,-4.5032226e-05,33.11714,0.000100105986,212,212,55,0.00016594229,0.0008672873,1.6744023e-06,0.20218664,0
632,10.533334,6.6523576e-08,33.117092,33.117092,-4.7051857e-05,33.117092,0.000100086196,212,212,55,0.00017978066,0.0009351054,1.6806862e-06,0.20218547,0
633,10.55,6.480292e-08,33.117043,33.117043,-5.2870837e-05,33.117043,0.000100124504,212,212,55,0.000177666,0.00086859753,1.7911694e-06,0.2021843,0
634,10.566667,5.812552e-08,33.116993,33.116993,-4.7389374e-05,33.116993,0.00010021536,212,212,55,0.00016742334,0.0006685574,1.8329596e-06,0.20218316,0
635,10.583333,5.2793677e-08,33.116943,33.116943,-5.071313e-05,33.116943,0.00010009537,212,212,55,0.00016352821,0.0011781193,1.6774264e-06,0.20218195,0
636,10.6,6.366324e-08,33.1169,33.1169,-4.088788e-05,33.1169,0.00010013581,212,212,55,0.00016390019,0.0014067921,1.5581815e-06,0.20218097,0
637,10.616667,4.223416e-08,33.11686,33.11686,-4.291524e-05,33.11686,0.000100195655,212,212,55,0.00014358017,0.0008549235,1.5404502e-06,0.20217992,0
638,10.633333,4.5927372e-08,33.116817,33.116817,-4.2058844e-05,33.116817,0.00010013582,212,212,55,0.00015258527,0.001046825,1.5457939e-06,0.2021789,0
639,10.65,7.077468e-08,33.116768,33.116768,-4.7856614e-05,33.116768,0.00010014266,212,212,55,0.00019063472,0.0013183276,1.5609623e-06,0.2021778,0
640,10.666667,1.00710174e-07,33.11672,33.11672,-5.0511608e-05,33.11672,0.00010013582,212,212,55,0.00022443058,0.0014007003,1.6975268e-06,0.2021766,0
641,10.683333,6.5780114e-08,33.11667,33.11667,-4.8581413e-05,33.11667,0.00010013604,212,212,55,0.00019425266,0.0011524985,1.8348345e-06,0.2021755,0
642,10.7,9.798636e-08,33.116623,33.116623,-4.535543e-05,33.116623,0.000100099925,212,212,55,0.00022438374,0.0013082965,1.87263e-06,0.20217438,0
643,10.716666,6.691323e-08,33.116573,33.116573,-5.024011e-05,33.116573,0.00010016206,212,212,55,0.00018238412,0.0013052502,1.6414384e-06,0.20217319,0
644,10.733334,5.51751e-08,33.116535,33.116535,-3.8250408e-05,33.116535,0.00010013602,211,211,55,0.00016210377,0.00058668485,1.6126563e-06,0.20217223,0
645,10.75,6.527057e-08,33.11649,33.11649,-4.7705114e-05,33.11649,0.0001001264,211,211,55,0.00017307312,0.0017299232,1.6622186e-06,0.20217112,0
646,10.766666,7.2236396e-08,33.116444,33.116444,-4.538067e-05,33.116444,0.000100136574,211,211,55,0.00019627213,0.0014159997,1.4559403e-06,0.20217,0
647,10.783334,6.161516e-08,33.116398,33.116398,-4.5232002e-05,33.116398,0.00010013602,211,211,55,0.00017428686,0.00082440965,1.4623332e-06,0.20216893,0
648,10.8,9.338704e-08,33.116356,33.116356,-4.352706e-05,33.116356,0.000100136014,211,211,55,0.00021224507,0.0012690384,1.5595201e-06,0.20216785,0
649,10.816667,7.415246e-08,33.11631,33.11631,-4.4575598e-05,33.11631,0.00010016378,211,211,55,0.00019577282,0.0013357842,1.6668922e-06,0.20216678,0
650,10.833333,7.7891585e-08,33.116264,33.116264,-4.5217643e-05,33.116264,0.00010013581,211,211,55,0.0001935427,0.0013472391,1.5650696e-06,0.20216565,0
651,10.85,7.672622e-08,33.116222,33.116222,-4.3393742e-05,33.116222,0.000100195604,211,211,55,0.00019373246,0.0012667794,1.6480925e-06,0.20216456,0
652,10.866667,5.3439916e-08,33.11618,33.116184,-3.8594466e-05,33.116184,0.00010013582,211,211,55,0.00017373504,0.0012907505,1.4806978e-06,0.20216364,0
653,10.883333,7.3335784e-08,33.116142,33.116142,-4.1876385e-05,33.116142,0.000100083584,211,211,55,0.00020830025,0.0015482221,1.6820733e-06,0.2021626,0
654,10.9,4.750644e-08,33.116096,33.116096,-4.258713e-05,33.116096,0.000100076395,211,211,55,0.00015714459,0.0010948926,1.8881587e-06,0.20216155,0
655,10.916667,7.534929e-08,33.116055,33.116055,-4.3198477e-05,33.116055,0.00010009851,211,211,55,0.00019995138,0.0012169698,1.5712642e-06,0.20216048,0
656,10.933333,6.433893e-08,33.11601,33.11601,-4.4401117e-05,33.11601,0.00010010617,211,211,55,0.00018065986,0.00074361556,1.6722746e-06,0.20215939,0
657,10.95,6.048894e-08,33.115967,33.115967,-4.4560213e-05,33.115967,0.000100136,211,211,55,0.00017566486,0.00078055693,1.7625206e-06,0.20215826,0
658,10.966666,7.939281e-08,33.11592,33.11592,-4.536873e-05,33.11592,0.00010013599,211,211,55,0.0001990385,0.00092061254,1.680484e-06,0.20215714,0
659,10.983334,6.1413544e-08,33.115875,33.115875,-4.3743064e-05,33.115875,0.000100106154,211,211,55,0.00017005125,0.0010653416,1.5051709e-06,0.20215608,0
660,11,8.586346e-08,33.115833,33.115833,-4.2370597e-05,33.115833,0.00010013599,211,211,55,0.00020125027,0.001253484,1.5572489e-06,0.20215502,0
661,11.016666,8.941611e-08,33.115795,33.115795,-3.9232647e-05,33.115795,0.000100123216,211,211,55,0.00021591217,0.0010901012,1.5489269e-06,0.20215407,0
662,11.033334,6.5800194e-08,33.11575,33.11575,-4.5411252e-05,33.11575,0.00010013583,211,211,55,0.00018452175,0.00078607316,1.5480971e-06,0.20215295,0
663,11.05,6.2124286e-08,33.11571,33.11571,-3.940613e-05,33.11571,0.00010010794,211,211,55,0.00017428727,0.0005392036,1.6267164e-06,0.20215195,0
664,11.066667,6.1918634e-08,33.115665,33.115665,-4.4722823e-05,33.115665,0.00010011206,211,211,55,0.00018055044,0.000981522,1.6100489e-06,0.20215087,0
665,11.083333,8.335161e-08,33.11562,33.11562,-4.553246e-05,33.11562,0.0001001358,211,211,55,0.00020473581,0.0012577054,1.6481183e-06,0.20214967,0
666,11.1,8.898924e-08,33.11557,33.11557,-4.837459e-05,33.11557,0.00010013584,211,211,55,0.00020598952,0.0010089506,1.6134862e-06,0.2021485,0
667,11.116667,7.744668e-08,33.11553,33.11553,-4.4900415e-05,33.11553,0.00010015441,211,211,55,0.00019224438,0.0012145671,1.603108e-06,0.20214742,0
668,11.133333,6.506546e-08,33.115482,33.115482,-4.5233763e-05,33.115482,0.00010013598,211,211,55,0.00017348606,0.0010927148,1.67412e-06,0.20214632,0
669,11.15,6.9046514e-08,33.11544,33.11544,-4.1726045e-05,33.11544,0.00010019559,211,211,55,0.00017853573,0.00080558786,1.7151268e-06,0.2021453,0
670,11.166667,7.186039e-08,33.115395,33.115395,-4.588359e-05,33.115395,0.00010019541,209,209,54,0.00018509553,0.0008959239,1.6773373e-06,0.20214413,0
671,11.183333,7.233532e-08,33.115345,33.115345,-4.987605e-05,33.115345,0.00010013585,209,209,54,0.00019401868,0.00044272444,1.6032418e-06,0.202143,0
672,11.2,6.8997146e-08,33.115307,33.115307,-3.7410733e-05,33.115307,0.0001001956,209,209,54,0.00018023673,0.0007758324,1.6581029e-06,0.202142,0
673,11.216666,9.612632e-08,33.115257,33.11526,-4.735557e-05,33.11526,0.00010019559,209,209,54,0.00020256476,0.001468977,1.7478341e-06,0.20214085,0
674,11.233334,8.3608214e-08,33.11521,33.115215,-4.5732664e-05,33.115215,0.000100135854,209,209,54,0.00020616413,0.0005664147,1.6565178e-06,0.20213977,0
675,11.25,8.324056e-08,33.115166,33.115166,-4.6385536e-05,33.115166,0.000100135985,209,209,54,0.0001953989,0.0007193648,1.7310291e-06,0.20213862,0
676,11.266666,8.452815e-08,33.11512,33.11512,-4.538635e-05,33.11512,0.0001001099,209,209,54,0.00019589227,0.0009654017,1.6362843e-06,0.2021375,0
677,11.283334,7.847433e-08,33.115078,33.115078,-4.339863e-05,33.115078,0.00010011419,209,209,54,0.00019552607,0.0013421992,1.7198029e-06,0.20213644,0
678,11.3,7.84693e-08,33.115032,33.115032,-4.7050195e-05,33.115032,0.00010013426,209,209,54,0.00019383765,0.0016451797,1.5882956e-06,0.20213526,0
679,11.316667,7.281818e-08,33.114986,33.114986,-4.389699e-05,33.114986,0.000100195415,209,209,54,0.00018142906,0.0012072489,1.6380438e-06,0.20213422,0
680,11.333333,6.6142036e-08,33.11495,33.11495,-4.073917e-05,33.11495,0.000100219426,209,209,54,0.00017648398,0.0013532474,1.6899519e-06,0.2021332,0
681,11.35,7.3591764e-08,33.1149,33.1149,-4.7874015e-05,33.1149,0.0001001358,209,209,54,0.0001858603,0.0009751593,1.6049935e-06,0.20213203,0
682,11.366667,8.5490726e-08,33.114853,33.114853,-4.5541994e-05,33.114853,0.000100135985,209,209,54,0.00020314459,0.0014559616,1.6978217e-06,0.20213096,0
683,11.383333,9.610782e-08,33.11481,33.11481,-4.3548214e-05,33.11481,0.000100135985,209,209,54,0.0002118916,0.0015952046,1.5792644e-06,0.20212986,0
684,11.4,7.500609e-08,33.11477,33.11477,-4.1086107e-05,33.11477,0.00010010172,209,209,54,0.00019225343,0.00084435457,1.5965105e-06,0.20212883,0
685,11.416667,9.46493e-08,33.11472,33.114723,-4.71968e-05,33.114723,0.00010015581,209,209,54,0.00020476096,0.0012136019,1.685063e-06,0.2021277,0
686,11.433333,7.0801256e-08,33.114677,33.114677,-4.3748933e-05,33.114677,0.0001001956,209,209,54,0.00019006382,0.0012212694,1.6234261e-06,0.20212664,0
687,11.45,7.3791284e-08,33.114635,33.114635,-4.156078e-05,33.114635,0.000100162084,210,210,54,0.00019116288,0.00092376943,1.5954232e-06,0.20212556,0
688,11.466666,8.765687e-08,33.11459,33.11459,-4.537377e-05,33.11459,0.00010013598,210,210,54,0.00019479802,0.0012115114,1.6262667e-06,0.20212445,0
689,11.483334,5.559814e-07,33.11448,33.11448,-0.000111421345,33.11448,0.000100375735,210,210,54,0.0005472757,0.0014845938,3.5633252e-06,0.20212187,0
690,11.5,8.449814e-07,33.114365,33.114365,-0.000113761984,33.114365,0.00010037597,210,210,54,0.0007280777,0.002115583,8.110066e-06,0.20211913,0
691,11.516666,9.479781e-07,33.114273,33.114273,-9.266734e-05,33.114273,0.00010031387,210,210,54,0.0007791232,0.0022970072,9.849172e-06,0.20211677,0
692,11.533334,9.66952e-07,33.114193,33.114193,-8.044849e-05,33.114193,0.00010036197,210,210,54,0.00077984727,0.002170097,1.0184558e-05,0.20211475,0
693,11.55,9.606592e-07,33.114113,33.114113,-7.947622e-05,33.114113,0.00010034903,210,210,54,0.0007840031,0.0023289525,1.0234157e-05,0.20211275,0
694,11.566667,9.091665e-07,33.114033,33.114033,-7.918891e-05,33.114033,0.00010027599,210,210,54,0.00077495654,0.0021574756,1.0286506e-05,0.20211075,0
695,11.583333,8.978264e-07,33.113956,33.113956,-7.582366e-05,33.113956,0.000100332465,210,210,54,0.00077218347,0.002195191,1.0441065e-05,0.20210867,0
696,11.6,9.5203853e-07,33.11388,33.11388,-7.658938e-05,33.11388,0.00010029811,210,210,54,0.00079016166,0.0021625725,1.0594075e-05,0.20210677,0
697,11.616667,9.61948e-07,33.1138,33.113804,-7.912751e-05,33.113804,0.00010030825,210,210,54,0.0007949775,0.0021437085,1.0740894e-05,0.20210484,0
698,11.633333,9.562905e-07,33.113724,33.113724,-7.731427e-05,33.113724,0.00010027959,210,210,54,0.0007920783,0.0021291876,1.0714647e-05,0.20210285,0
699,11.65,8.4876166e-07,33.11365,33.11365,-7.242849e-05,33.11365,0.0001003526,210,210,54,0.0007379436,0.0018513944,1.0555323e-05,0.20210096,0
700,11.666667,8.1067475e-07,33.113583,33.113583,-6.886769e-05,33.113583,0.00010024782,210,210,54,0.00072025583,0.0018099401,9.874987e-06,0.20209923,0
701,11.683333,8.037299e-07,33.113514,33.113514,-6.90028e-05,33.113514,0.00010029774,210,210,54,0.00071693794,0.0018072561,9.723461e-06,0.20209743,0
702,11.7,7.9949547e-07,33.11344,33.11344,-7.315647e-05,33.11344,0.00010023735,210,210,54,0.0007131634,0.0018053221,9.6849235e-06,0.20209561,0
703,11.716666,7.9800105e-07,33.113373,33.113373,-6.8166075e-05,33.113373,0.00010026724,210,210,54,0.0007140709,0.0018034397,9.6469075e-06,0.20209385,0
704,11.733334,7.939726e-07,33.1133,33.1133,-7.11612e-05,33.1133,0.00010020829,210,210,54,0.0007103548,0.0018010997,9.627461e-06,0.20209204,0
705,11.75,7.889918e-07,33.11324,33.11324,-6.3514424e-05,33.11324,0.000100291116,210,210,54,0.000709741,0.0017956486,9.571997e-06,0.2020904,0
706,11.766666,7.8181233e-07,33.11317,33.11317,-6.8504276e-05,33.11317,0.000100349265,210,210,54,0.0007042159,0.0017834986,9.5305895e-06,0.20208867,0
707,11.783334,7.795474e-07,33.1131,33.113102,-6.9330636e-05,33.113102,0.00010024201,210,210,54,0.0007030443,0.0017822428,9.479751e-06,0.2020869,0
708,11.8,7.7799837e-07,33.113033,33.113033,-6.7002344e-05,33.113033,0.00010028703,210,210,54,0.0007018421,0.0017754721,9.447588e-06,0.20208518,0
709,11.816667,7.7550993e-07,33.112965,33.112965,-6.8000816e-05,33.112965,0.00010025501,210,210,54,0.00070230797,0.0017693099,9.428219e-06,0.20208347,0
710,11.833333,7.747194e-07,33.112896,33.112896,-6.91629e-05,33.112896,0.000100344994,210,210,54,0.00070162944,0.0017711003,9.405068e-06,0.20208168,0
711,11.85,7.7207847e-07,33.112823,33.112823,-7.199109e-05,33.112823,0.00010032999,213,213,55,0.00070025504,0.0017708995,9.376642e-06,0.20207994,0
712,11.866667,7.6599525e-07,33.112755,33.11276,-6.717313e-05,33.11276,0.00010025517,213,213,55,0.00069595984,0.001769178,9.366386e-06,0.20207812,0
713,11.883333,7.635072e-07,33.11269,33.11269,-6.716954e-05,33.11269,0.000100318866,213,213,55,0.00069471955,0.0017673222,9.357447e-06,0.20207648,0
714,11.9,7.64385e-07,33.11262,33.112625,-6.6833665e-05,33.112625,0.000100310535,213,213,55,0.0006944232,0.0017617774,9.324796e-06,0.20207475,0
715,11.916667,7.5924856e-07,33.112553,33.112553,-7.132856e-05,33.112553,0.00010036832,213,213,55,0.0006921468,0.0017624906,9.30073e-06,0.20207295,0
716,11.933333,7.5614315e-07,33.11248,33.11248,-7.016275e-05,33.11248,0.0001003092,213,213,55,0.0006908067,0.0017613267,9.261793e-06,0.20207119,0
717,11.95,7.575277e-07,33.112415,33.11242,-6.433933e-05,33.11242,0.00010025502,213,213,55,0.00069256447,0.0017538632,9.265049e-06,0.2020695,0
718,11.966666,7.515627e-07,33.11235,33.11235,-6.733927e-05,33.11235,0.00010029514,213,213,55,0.00068809243,0.0017561937,9.227343e-06,0.20206782,0
719,11.983334,7.486796e-07,33.112278,33.112278,-7.0495036e-05,33.112278,0.000100304875,213,213,55,0.0006868368,0.001754328,9.202734e-06,0.202066,0
720,12,7.4876186e-07,33.112213,33.112213,-6.583693e-05,33.112213,0.00010029644,213,213,55,0.00068622397,0.0017479843,9.197956e-06,0.20206437,0
721,12.016666,7.448409e-07,33.11215,33.11215,-6.367962e-05,33.11215,0.00010019555,212,212,55,0.00068624114,0.0017467219,9.175709e-06,0.20206271,0
722,12.033334,7.41748e-07,33.112087,33.112087,-6.284751e-05,33.112087,0.00010025502,212,212,55,0.000683045,0.0017476452,9.145208e-06,0.20206104,0
723,12.05,7.4271287e-07,33.112022,33.112022,-6.4506006e-05,33.112022,0.00010030871,212,212,55,0.0006846588,0.0017396924,9.129794e-06,0.20205931,0
724,12.066667,7.368676e-07,33.111958,33.111958,-6.5344095e-05,33.111958,0.00010031477,212,212,55,0.0006802266,0.0017428781,9.130765e-06,0.20205781,0
725,12.083333,7.35615e-07,33.111897,33.111897,-6.118312e-05,33.111897,0.00010031462,212,212,55,0.00068142125,0.001739224,9.087519e-06,0.20205614,0
726,12.1,7.3462127e-07,33.111828,33.11183,-6.6004264e-05,33.11183,0.00010019542,211,211,55,0.00067852717,0.0017333161,9.06767e-06,0.20205449,0
727,12.116667,7.307734e-07,33.11177,33.11177,-5.9356913e-05,33.11177,0.00010028057,209,209,54,0.00067857245,0.0017321103,9.037056e-06,0.20205289,0
728,12.133333,7.279887e-07,33.111706,33.111706,-6.384474e-05,33.111706,0.00010025501,209,209,54,0.00067735487,0.0017306401,9.015496e-06,0.20205128,0
729,12.15,7.2743916e-07,33.111645,33.111645,-6.0683655e-05,33.111645,0.00010033175,212,212,55,0.0006745815,0.0017252415,8.9984405e-06,0.20204963,0
730,12.166667,7.232087e-07,33.11158,33.11158,-6.484371e-05,33.11158,0.000100214325,212,212,55,0.0006745072,0.0017235229,8.961822e-06,0.20204802,0
731,12.183333,7.1950717e-07,33.111523,33.111523,-5.9689275e-05,33.111523,0.00010026578,212,212,55,0.00067100686,0.0017237421,8.944177e-06,0.20204642,0
732,12.2,7.200356e-07,33.111458,33.111458,-6.384142e-05,33.111458,0.00010026176,212,212,55,0.00067060033,0.0017173074,8.919303e-06,0.20204481,0
733,12.216666,7.151019e-07,33.111397,33.111397,-6.11868e-05,33.111397,0.00010026047,212,212,55,0.0006683829,0.0017195294,8.900171e-06,0.20204315,0
734,12.233334,7.1279214e-07,33.111332,33.111332,-6.33455e-05,33.111332,0.00010025514,212,212,55,0.0006673188,0.0017177645,8.8874e-06,0.20204158,0
735,12.25,7.1504917e-07,33.11127,33.11127,-6.267591e-05,33.11127,0.00010025177,212,212,55,0.00066952995,0.0017105228,8.838213e-06,0.20203984,0
736,12.266666,7.951099e-07,33.11121,33.11121,-6.0603044e-05,33.11121,0.00010023406,212,212,55,0.00072010537,0.0018684536,8.980745e-06,0.20203824,0
737,12.283334,1.0152181e-06,33.11115,33.11115,-5.996423e-05,33.11115,0.00010034237,212,212,55,0.0008464927,0.002449041,1.136956e-05,0.20203672,0
738,12.3,1.0999192e-06,33.111095,33.111095,-5.3781943e-05,33.111095,0.00010027144,212,212,55,0.00088568055,0.0025695772,1.282692e-05,0.20203535,0
739,12.316667,1.1116208e-06,33.11103,33.11103,-6.582531e-05,33.11103,0.00010019966,211,211,55,0.0008891082,0.0025767959,1.3210774e-05,0.20203371,0
740,12.333333,1.1071687e-06,33.110977,33.110977,-5.4203607e-05,33.110977,0.00010021732,211,211,55,0.0008868602,0.0025674212,1.3167353e-05,0.20203231,0
741,12.35,1.099539e-06,33.110916,33.110916,-5.9693204e-05,33.110916,0.00010025507,211,211,55,0.0008836282,0.0025603846,1.314006e-05,0.20203078,0
742,12.366667,1.0931946e-06,33.11085,33.11085,-6.418081e-05,33.11085,0.00010025501,211,211,55,0.00088198343,0.002549114,1.3095795e-05,0.20202914,0
743,12.383333,1.0861553e-06,33.110798,33.110798,-5.3541175e-05,33.110798,0.000100208024,211,211,55,0.00087707106,0.0025374612,1.2992998e-05,0.20202771,0
744,12.4,1.0799606e-06,33.110737,33.110737,-6.06893e-05,33.110737,0.000100290315,211,211,55,0.0008756857,0.0025281513,1.29667005e-05,0.20202608,0
745,12.416667,1.0713809e-06,33.11068,33.11068,-5.8364112e-05,33.11068,0.00010025868,211,211,55,0.00087056286,0.002522443,1.2857681e-05,0.2020247,0
746,12.433333,1.0635456e-06,33.11062,33.11062,-5.9693408e-05,33.11062,0.000100314624,211,211,55,0.0008670579,0.002511992,1.2838928e-05,0.20202307,0
747,12.45,1.044591e-06,33.11056,33.11056,-5.9205762e-05,33.11056,0.00010037434,211,211,55,0.0008535779,0.0024077035,1.270515e-05,0.20202164,0
748,12.466666,1.0134946e-06,33.1105,33.1105,-5.8885395e-05,33.1105,0.000100255136,209,209,54,0.000838786,0.0023761545,1.2381072e-05,0.20202012,0
749,12.483334,1.0027525e-06,33.110443,33.110443,-5.919755e-05,33.110443,0.000100249046,209,209,54,0.0008353666,0.0023634112,1.2231551e-05,0.20201863,0
750,12.5,9.936881e-07,33.110382,33.110382,-6.0525916e-05,33.110382,0.00010025512,211,211,55,0.0008297957,0.0023530757,1.2167747e-05,0.20201705,0
751,12.516666,9.866825e-07,33.110325,33.11033,-5.5702458e-05,33.11033,0.000100277415,211,211,55,0.0008266367,0.0023470004,1.2092309e-05,0.20201555,0
752,12.533334,9.831733e-07,33.11026,33.110264,-6.4344225e-05,33.110264,0.00010031474,211,211,55,0.0008258983,0.0023362546,1.2029466e-05,0.20201404,0
753,12.55,9.774469e-07,33.110203,33.110207,-5.703122e-05,33.110207,0.00010031473,211,211,55,0.00082332833,0.002331864,1.1967397e-05,0.20201254,0
754,12.566667,9.688534e-07,33.110146,33.110146,-5.8530382e-05,33.110146,0.00010025515,211,211,55,0.00081782846,0.0023229993,1.1912606e-05,0.20201102,0
755,12.583333,9.586942e-07,33.11009,33.11009,-5.8864458e-05,33.11009,0.000100195524,211,211,55,0.0008137896,0.0023166456,1.1852316e-05,0.2020095,0
756,12.6,9.538485e-07,33.110027,33.110027,-6.002293e-05,33.110027,0.000100195524,211,211,55,0.00081269024,0.0023084043,1.1797951e-05,0.20200796,0
757,12.616667,9.4556657e-07,33.109962,33.109962,-6.3683976e-05,33.109962,0.00010031473,211,211,55,0.00080736855,0.002297969,1.1764362e-05,0.20200631,0
758,12.633333,9.410977e-07,33.10991,33.10991,-5.50349e-05,33.10991,0.00010021358,211,211,55,0.0008066797,0.0022911204,1.1657831e-05,0.2020049,0
759,12.65,9.362841e-07,33.109844,33.109844,-6.4844295e-05,33.109844,0.00010020279,211,211,55,0.0008037941,0.0022810644,1.1645582e-05,0.20200326,0
760,12.666667,9.2850934e-07,33.10979,33.10979,-5.32094e-05,33.10979,0.000100433936,211,211,55,0.0007988892,0.002276395,1.1528459e-05,0.20200188,0
761,12.683333,9.2453865e-07,33.10973,33.10973,-6.1019586e-05,33.10973,0.00010034384,211,211,55,0.0007981775,0.0022689158,1.1506067e-05,0.20200035,0
762,12.7,9.171651e-07,33.109673,33.109673,-5.7199122e-05,33.109673,0.00010028595,211,211,55,0.00079466216,0.0022589588,1.1440598e-05,0.20199883,0
763,12.716666,9.075719e-07,33.109615,33.109615,-5.8531383e-05,33.109615,0.000100322904,211,211,55,0.00079069607,0.0022534847,1.1394334e-05,0.20199728,0
764,12.733334,9.0012736e-07,33.109554,33.109554,-5.9028e-05,33.109554,0.000100310746,210,210,55,0.00078575726,0.0022476274,1.13256965e-05,0.20199578,0
765,12.75,8.947091e-07,33.109493,33.109493,-6.0854778e-05,33.109493,0.00010031979,213,213,56,0.00078290346,0.002238173,1.1280176e-05,0.2019942,0
766,12.766666,8.8840056e-07,33.109436,33.109436,-5.8694353e-05,33.109436,0.00010021762,213,213,56,0.00077995943,0.0022333437,1.1202844e-05,0.20199272,0
767,12.783334,8.8343387e-07,33.109375,33.109375,-6.118684e-05,33.109375,0.000100314726,213,213,56,0.00077882555,0.0022230481,1.1165716e-05,0.20199114,0
768,12.8,8.7864373e-07,33.10931,33.109314,-6.218419e-05,33.109314,0.00010037422,213,213,56,0.0007747171,0.0022168104,1.1101005e-05,0.20198959,0
769,12.816667,8.0150375e-07,33.109257,33.109257,-5.5440083e-05,33.109257,0.00010024418,213,213,56,0.0007321261,0.0020634641,1.0623507e-05,0.20198815,0
770,12.833333,7.777536e-07,33.109196,33.109196,-6.153813e-05,33.109196,0.00010029995,213,213,56,0.00072039996,0.0020449543,1.0135173e-05,0.2019866,0
771,12.85,7.7453666e-07,33.10914,33.10914,-5.7527475e-05,33.10914,0.00010025502,213,213,56,0.0007196061,0.0020334704,9.995357e-06,0.2019851,0
772,12.866667,7.6589225e-07,33.109077,33.109077,-5.869669e-05,33.109077,0.0001003193,213,213,56,0.00071409723,0.0020304609,9.959335e-06,0.20198354,0
773,12.883333,7.619347e-07,33.109024,33.109024,-5.569941e-05,33.109024,0.00010025511,213,213,56,0.0007136182,0.002025372,9.877424e-06,0.2019821,0
774,12.9,7.6060115e-07,33.10896,33.108963,-6.234699e-05,33.108963,0.000100255114,213,213,56,0.0007121422,0.0020163448,9.870646e-06,0.20198047,0
775,12.916667,9.3814265e-07,33.108883,33.108883,-7.762983e-05,33.108883,0.000100355355,213,213,56,0.0007805735,0.0022859778,1.0160649e-05,0.20197847,0
776,12.933333,9.5110727e-07,33.10881,33.10881,-7.2307994e-05,33.10881,0.000100297184,213,213,56,0.00078539836,0.0022848654,1.0354116e-05,0.2019767,0
777,12.95,9.427322e-07,33.108734,33.108734,-7.598694e-05,33.108734,0.000100329664,213,213,56,0.0007818305,0.0022780984,1.0404588e-05,0.20197469,0
778,12.966666,9.3907835e-07,33.10866,33.108665,-7.16596e-05,33.108665,0.00010028754,213,213,56,0.0007798543,0.0022712315,1.0295937e-05,0.20197292,0
779,12.983334,9.3826577e-07,33.10859,33.108593,-7.198926e-05,33.108593,0.00010029521,213,213,56,0.00077882095,0.0022667178,1.0277281e-05,0.20197102,0
780,13,9.17442e-07,33.108513,33.108513,-7.8326964e-05,33.108513,0.00010031789,212,212,55,0.0007409734,0.0019764074,1.0078758e-05,0.20196901,0
781,13.016666,7.498954e-07,33.108437,33.108437,-7.780867e-05,33.108437,0.00010032629,212,212,55,0.00065175426,0.0016560341,8.407957e-06,0.20196703,0
782,13.033334,7.227465e-07,33.10836,33.10836,-7.367815e-05,33.10836,0.00010026543,212,212,55,0.00063909095,0.0016353839,7.521331e-06,0.20196514,0
783,13.05,7.23717e-07,33.108284,33.108288,-7.531258e-05,33.108288,0.00010037541,212,212,55,0.00063861604,0.001631645,7.4051054e-06,0.20196316,0
784,13.066667,6.9973413e-07,33.10821,33.10821,-7.450626e-05,33.10821,0.00010037096,212,212,55,0.0006306678,0.0013117081,7.393624e-06,0.20196125,0
785,13.083333,1.2421305e-06,33.10813,33.10813,-8.0257574e-05,33.10813,0.00010039516,212,212,55,0.0008020084,0.011062147,8.764003e-06,0.2019591,0
786,13.1,1.5385747e-06,33.108047,33.10805,-8.13348e-05,33.10805,0.00010029056,211,211,55,0.0010596899,0.012900013,1.3661892e-05,0.20195691,0
787,13.116667,2.0235593e-06,33.10797,33.10797,-7.782116e-05,33.10797,0.00010029854,211,211,55,0.0013489281,0.01460828,1.8891951e-05,0.20195475,0
788,13.133333,2.3453674e-06,33.10789,33.107895,-7.781808e-05,33.107895,0.000100288555,211,211,55,0.0015238933,0.01545355,2.314593e-05,0.20195258,0
789,13.15,2.605115e-06,33.10782,33.107822,-7.339125e-05,33.107822,0.00010032711,211,211,55,0.001630876,0.015850503,2.5490033e-05,0.20195065,0
790,13.166667,2.7505425e-06,33.107742,33.107746,-7.483561e-05,33.107746,0.00010035575,211,211,55,0.0016894325,0.016057815,2.6921654e-05,0.20194852,0
791,13.183333,2.742462e-06,33.107666,33.10767,-7.76492e-05,33.10767,0.00010027132,211,211,55,0.0016930657,0.016089208,2.7427488e-05,0.20194654,0
792,13.2,2.7506458e-06,33.107594,33.107597,-7.164776e-05,33.107597,0.00010035461,211,211,55,0.0016863489,0.015957171,2.7352437e-05,0.20194459,0
793,13.216666,2.7034077e-06,33.107513,33.107517,-7.984968e-05,33.107517,0.00010032518,211,211,55,0.0016690609,0.015843809,2.7116743e-05,0.20194253,0
794,13.233334,2.6224604e-06,33.10744,33.107445,-7.373195e-05,33.107445,0.00010035166,211,211,55,0.0016471205,0.015724756,2.6809244e-05,0.20194049,0
795,13.25,2.6071195e-06,33.107365,33.10737,-7.532889e-05,33.10737,0.00010037431,211,211,55,0.0016319946,0.015552177,2.64688e-05,0.20193854,0
796,13.266666,2.5532854e-06,33.107292,33.107292,-7.5533644e-05,33.107292,0.00010028272,211,211,55,0.0016119921,0.015425317,2.614041e-05,0.20193651,0
797,13.283334,2.4710284e-06,33.107216,33.10722,-7.2735726e-05,33.10722,0.00010031653,211,211,55,0.0015891817,0.015293981,2.5803938e-05,0.20193453,0
798,13.3,2.4579522e-06,33.107143,33.107147,-7.4329095e-05,33.107147,0.00010033953,211,211,55,0.0015747297,0.015129548,2.5467056e-05,0.20193261,0
799,13.316667,2.4068834e-06,33.107067,33.10707,-7.553087e-05,33.10707,0.00010036976,211,211,55,0.0015550369,0.015002647,2.515506e-05,0.20193052,0
800,13.333333,2.3259777e-06,33.10699,33.10699,-7.8553305e-05,33.10699,0.00010030172,211,211,55,0.0015318588,0.014870466,2.4817287e-05,0.2019285,0
801,13.35,2.3139455e-06,33.106915,33.106915,-7.59906e-05,33.106915,0.00010035087,211,211,55,0.0015172046,0.014707888,2.4474784e-05,0.20192651,0
802,13.366667,2.2641998e-06,33.10684,33.10684,-7.569581e-05,33.10684,0.000100316465,211,211,55,0.0014971293,0.01457635,2.4140705e-05,0.2019245,0
803,13.383333,2.1840594e-06,33.106766,33.10677,-7.223485e-05,33.10677,0.000100329504,211,211,55,0.0014732382,0.014440974,2.3785886e-05,0.20192263,0
804,13.4,2.1720207e-06,33.10669,33.106693,-7.5824355e-05,33.106693,0.00010035002,211,211,55,0.0014578104,0.014279355,2.3448447e-05,0.20192063,0
805,13.416667,2.1195153e-06,33.106613,33.106617,-7.5033546e-05,33.106617,0.000100366524,211,211,55,0.0014354569,0.014129717,2.3072518e-05,0.20191874,0
806,13.433333,2.0320408e-06,33.10654,33.106544,-7.407099e-05,33.106544,0.00010039259,211,211,55,0.001406792,0.013975754,2.2682292e-05,0.20191675,0
807,13.45,2.0022226e-06,33.10647,33.10647,-7.434584e-05,33.10647,0.000100395315,211,211,55,0.0013818756,0.013775708,2.220536e-05,0.20191486,0
808,13.466666,1.9113145e-06,33.10639,33.106396,-7.3908166e-05,33.106396,0.00010037421,211,211,55,0.0013386571,0.013509143,2.157724e-05,0.20191292,0
809,13.483334,1.768614e-06,33.10632,33.10632,-7.495749e-05,33.10632,0.00010036325,211,211,55,0.0012780048,0.013194687,2.0714808e-05,0.20191096,0
810,13.5,1.6795582e-06,33.10624,33.106243,-7.756392e-05,33.106243,0.000100382764,211,211,55,0.0012165117,0.012784097,1.9631267e-05,0.20190893,0
811,13.516666,1.5425726e-06,33.106167,33.106167,-7.511803e-05,33.106167,0.00010040494,211,211,55,0.0011379281,0.012308074,1.8321556e-05,0.20190701,0
812,13.533334,1.3746615e-06,33.106087,33.10609,-7.697776e-05,33.10609,0.000100303114,211,211,55,0.001045721,0.011804572,1.6864169e-05,0.20190495,0
813,13.55,3.7588518e-06,33.106,33.106003,-8.789232e-05,33.106003,0.00010049342,211,211,55,0.0011522816,0.025133714,1.4845313e-05,0.20190261,0
814,13.566667,8.525604e-06,33.10591,33.10592,-8.1852144e-05,33.10592,0.00010031463,210,210,55,0.0021753046,0.033005394,2.9164705e-05,0.2019,0
815,13.583333,1.2401567e-05,33.105824,33.105835,-8.3740466e-05,33.105835,0.00010043385,210,210,55,0.002464396,0.033741534,3.959343e-05,0.20189746,0
816,13.6,1.6437834e-05,33.105732,33.10575,-8.7071516e-05,33.10575,0.00010034006,210,210,55,0.0028375532,0.03101826,4.2802116e-05,0.20189463,0
817,13.616667,4.9018236e-06,33.10567,33.105675,-7.3549156e-05,33.105675,0.000100353034,210,210,55,0.0014198435,0.019273767,2.6783662e-05,0.20189255,0
818,13.633333,4.5350866e-06,33.10559,33.1056,-7.9171645e-05,33.1056,0.000100351004,210,210,55,0.0015779112,0.012390576,2.4208486e-05,0.20189026,0
819,13.65,4.2919733e-06,33.105507,33.105515,-8.370316e-05,33.105515,0.000100320845,210,210,55,0.0016427693,0.009674931,2.6557873e-05,0.20188779,0
820,13.666667,4.5201473e-06,33.105427,33.10543,-8.173558e-05,33.10543,0.00010030981,210,210,55,0.0016659056,0.010028839,2.6696966e-05,0.20188533,0
821,13.683333,5.074459e-06,33.105343,33.105347,-8.373702e-05,33.105347,0.00010028717,210,210,55,0.0017163376,0.010992342,2.7655855e-05,0.20188299,0
822,13.7,7.059127e-06,33.10526,33.105267,-8.1309125e-05,33.105267,0.00010049793,209,209,55,0.0017377919,0.019261869,2.8212567e-05,0.20188053,0
823,13.716666,6.0299544e-06,33.105183,33.10519,-7.767277e-05,33.10519,0.000100395584,209,209,55,0.0017241158,0.01425336,2.9464387e-05,0.20187846,0
824,13.733334,5.9504905e-06,33.105106,33.105114,-7.456174e-05,33.105114,0.000100289646,209,209,55,0.0018448093,0.012394189,2.974051e-05,0.2018761,0
825,13.75,6.335365e-06,33.105022,33.105026,-8.673279e-05,33.105026,0.00010037139,207,207,54,0.001879173,0.012535031,3.0660573e-05,0.20187375,0
826,13.766666,6.013764e-06,33.104942,33.10495,-7.846149e-05,33.10495,0.00010036329,206,206,53,0.0019060074,0.0094705755,3.0184776e-05,0.20187145,0
827,13.783334,7.168983e-06,33.10486,33.104866,-8.247109e-05,33.104866,0.000100419245,209,209,54,0.0017966965,0.018668018,3.0906802e-05,0.20186894,0
828,13.8,6.7237925e-06,33.104786,33.104794,-7.29324e-05,33.104794,0.00010033808,212,212,55,0.0018003363,0.018035943,3.0208967e-05,0.20186673,0
829,13.816667,6.3186753e-06,33.1047,33.104702,-9.0016605e-05,33.104702,0.000100376594,212,212,55,0.0017557255,0.016170824,2.8955288e-05,0.20186442,0
830,13.833333,6.0795946e-06,33.10462,33.10463,-7.538638e-05,33.10463,0.000100374455,213,213,56,0.0017029115,0.016992638,2.856022e-05,0.20186216,0
831,13.85,5.1709176e-06,33.10454,33.10455,-7.971359e-05,33.10455,0.00010035965,213,213,56,0.0017226738,0.010111168,2.7042757e-05,0.20185986,0
832,13.866667,4.5185357e-06,33.104473,33.104477,-7.047952e-05,33.104477,0.00010030227,213,213,56,0.0016628116,0.009010341,2.6884903e-05,0.20185775,0
833,13.883333,4.2810866e-06,33.104393,33.104397,-7.937487e-05,33.104397,0.00010037642,213,213,56,0.0015515637,0.00910815,2.5271913e-05,0.20185554,0
834,13.9,3.475946e-06,33.104317,33.10432,-7.694997e-05,33.10432,0.00010030431,213,213,56,0.0014601127,0.010307384,2.524332e-05,0.20185336,0
835,13.916667,5.4933757e-06,33.104237,33.10424,-8.07776e-05,33.10424,0.00010042758,213,213,56,0.0014332684,0.019798186,2.2754515e-05,0.20185098,0
836,13.933333,3.2337439e-06,33.104153,33.104156,-8.3392115e-05,33.104156,0.00010026012,213,213,56,0.001395213,0.008675992,2.2898028e-05,0.20184866,0
837,13.95,4.449929e-06,33.104065,33.104073,-8.623399e-05,33.104073,0.000100405516,213,213,56,0.0013050634,0.016303938,2.0202358e-05,0.20184612,0
838,13.966666,2.481709e-06,33.103992,33.103996,-7.428918e-05,33.103996,0.00010039583,212,212,56,0.0011836467,0.009083143,1.9306724e-05,0.20184408,0
839,13.983334,2.9032262e-06,33.103912,33.103912,-8.320479e-05,33.103912,0.000100283156,212,212,56,0.0011770889,0.0119477315,1.7863584e-05,0.2018416,0
840,14,2.5167544e-06,33.103836,33.103836,-7.619879e-05,33.103836,0.00010033934,212,212,56,0.0010563758,0.012668765,1.724612e-05,0.20183957,0
841,14.016666,2.7312706e-06,33.10376,33.103764,-7.393525e-05,33.103764,0.00010033164,212,212,56,0.00096412003,0.015687965,1.5121856e-05,0.20183742,0
842,14.033334,2.1558587e-06,33.10369,33.10369,-7.140008e-05,33.10369,0.0001004029,212,212,56,0.0008986153,0.010858171,1.42543e-05,0.20183542,0
843,14.05,2.9126047e-06,33.10361,33.103615,-7.821442e-05,33.103615,0.00010038816,212,212,56,0.00082093274,0.019118203,1.310168e-05,0.2018332,0
844,14.066667,2.9015328e-06,33.103527,33.10353,-8.463491e-05,33.10353,0.00010029695,212,212,56,0.00085734733,0.017199147,1.2002931e-05,0.20183083,0
845,14.083333,1.5111494e-06,33.103455,33.103455,-7.354509e-05,33.103455,0.000100366735,212,212,56,0.0007921175,0.0075576105,1.187061e-05,0.20182875,0
846,14.1,2.960713e-06,33.103374,33.10338,-7.818662e-05,33.10338,0.00010043393,212,212,56,0.0007914975,0.019842507,1.1547006e-05,0.20182644,0
847,14.116667,2.4614772e-06,33.1033,33.103302,-7.647781e-05,33.103302,0.00010032287,207,207,54,0.00076916866,0.018039092,1.126624e-05,0.20182422,0
848,14.133333,1.0685864e-06,33.103226,33.103226,-7.4545125e-05,33.103226,0.00010032301,207,207,54,0.00073275744,0.008090724,1.0629519e-05,0.20182216,0
849,14.15,1.0048691e-06,33.103153,33.103153,-7.2052164e-05,33.103153,0.00010029504,209,209,55,0.0007658799,0.008496531,1.0530552e-05,0.20182009,0
850,14.166667,1.0637131e-06,33.10307,33.10307,-8.539627e-05,33.10307,0.00010031361,209,209,55,0.00072484714,0.007109632,1.0065292e-05,0.20181777,0
851,14.183333,9.3007964e-07,33.102997,33.102997,-7.27871e-05,33.102997,0.00010039503,209,209,55,0.0007159334,0.009339465,9.830349e-06,0.2018157,0
852,14.2,2.497333e-06,33.102917,33.102917,-7.873395e-05,33.102917,0.00010035864,209,209,55,0.00073240214,0.019349618,9.719174e-06,0.20181353,0
853,14.216666,1.0038427e-06,33.102837,33.10284,-7.8469595e-05,33.10284,0.000100357116,209,209,55,0.0006374442,0.010436812,7.5794414e-06,0.20181137,0
854,14.233334,7.178725e-07,33.102764,33.102764,-7.5433265e-05,33.102764,0.00010029855,209,209,55,0.0004928579,0.009208,1.0356131e-05,0.20180899,0
855,14.25,1.3953429e-06,33.102676,33.102676,-8.6440195e-05,33.102676,0.00010036581,209,209,55,0.0008670783,0.013845651,8.692572e-06,0.20180658,0
856,14.266666,2.7809344e-06,33.102585,33.10259,-8.82259e-05,33.10259,0.00010039191,209,209,55,0.00085414166,0.019132148,7.616495e-06,0.20180406,0
857,14.283334,2.6630066e-06,33.1025,33.102505,-8.557304e-05,33.102505,0.000100382524,209,209,55,0.0007680123,0.018854896,1.0164875e-05,0.20180164,0
858,14.3,1.0746355e-06,33.10242,33.10242,-8.305336e-05,33.10242,0.0001003926,209,209,55,0.000858886,0.00631699,1.0376326e-05,0.20179917,0
859,14.316667,3.7046157e-06,33.10233,33.102333,-8.781278e-05,33.102333,0.000100359925,209,209,55,0.0012778412,0.01818058,1.5490976e-05,0.20179655,0
860,14.333333,3.081217e-06,33.10225,33.102253,-8.109086e-05,33.102253,0.00010031626,209,209,55,0.0011754216,0.018743116,1.7935623e-05,0.20179413,0
861,14.35,1.5473814e-06,33.102177,33.10218,-7.202599e-05,33.10218,0.000100313686,209,209,55,0.0011533911,0.0067018573,1.7713039e-05,0.20179202,0
862,14.366667,2.5858383e-06,33.102093,33.102093,-8.591295e-05,33.102093,0.000100384415,209,209,55,0.0012190758,0.014094075,1.8126184e-05,0.20178959,0
863,14.383333,2.881349e-06,33.102013,33.102016,-7.8509394e-05,33.102016,0.00010039283,209,209,55,0.0012081463,0.017637268,1.796885e-05,0.2017873,0
864,14.4,1.9878275e-06,33.101933,33.101936,-7.886715e-05,33.101936,0.00010033981,209,209,55,0.0012162222,0.009571423,1.7759936e-05,0.20178504,0
865,14.416667,2.5760407e-06,33.101856,33.101856,-7.904797e-05,33.101856,0.000100325866,209,209,55,0.0011193577,0.017848928,1.707657e-05,0.20178285,0
866,14.433333,2.410279e-06,33.101784,33.101788,-7.082417e-05,33.101788,0.000100344856,209,209,55,0.001060843,0.017126715,1.6054884e-05,0.20178093,0
867,14.45,1.1758809e-06,33.101727,33.101727,-5.825989e-05,33.101727,0.00010033139,209,209,55,0.0009778724,0.0060956236,1.5016605e-05,0.20177966,0
868,14.466666,1.048684e-06,33.10166,33.10166,-6.646298e-05,33.10166,0.000100396996,208,208,54,0.0008664239,0.005256644,1.30397175e-05,0.20177804,0
869,14.483334,2.0538425e-06,33.101585,33.10159,-7.297835e-05,33.10159,0.000100385885,211,211,55,0.00078946876,0.017305434,9.921488e-06,0.20177627,0
870,14.5,1.7034057e-06,33.101524,33.10153,-6.0867285e-05,33.10153,0.00010035692,211,211,55,0.0006375681,0.016011046,7.151581e-06,0.20177487,0
871,14.516666,1.2911784e-06,33.101463,33.101467,-6.1594095e-05,33.101467,0.000100362406,212,212,55,0.0006128755,0.011783628,7.1782333e-06,0.2017734,0
872,14.533334,1.6874684e-06,33.101406,33.101406,-6.012056e-05,33.101406,0.000100348654,212,212,55,0.0005497993,0.01677801,5.6305926e-06,0.20177194,0
873,14.55,5.480054e-07,33.101345,33.101345,-6.032627e-05,33.101345,0.00010034844,212,212,55,0.000490801,0.00072673586,6.7735696e-06,0.20177054,0
874,14.566667,5.4522513e-07,33.101284,33.101284,-6.2847204e-05,33.101284,0.00010042943,212,212,55,0.0004886215,0.0010805349,5.8042815e-06,0.20176911,0
875,14.583333,5.921648e-07,33.10122,33.10122,-6.446003e-05,33.10122,0.000100376994,212,212,55,0.0004992395,0.0010860004,5.7308407e-06,0.20176762,0
876,14.6,1.7485459e-06,33.101147,33.101147,-6.9668284e-05,33.101147,0.000100442754,212,212,55,0.00060087576,0.018285284,5.703081e-06,0.20176595,0
877,14.616667,3.7499683e-07,33.101105,33.101105,-4.2106043e-05,33.101105,0.00010025537,212,212,55,0.0004208567,0.0008451457,5.6556337e-06,0.20176496,0
878,14.633333,1.1319688e-06,33.10105,33.10105,-5.4772227e-05,33.10105,0.000100345125,212,212,55,0.00085941335,0.0022108052,8.383735e-06,0.2017638,0
879,14.65,1.3842397e-06,33.100994,33.100994,-5.7438243e-05,33.100994,0.0001004001,212,212,55,0.00096713955,0.0024969364,1.3746185e-05,0.20176256,0
880,14.666667,1.4334425e-06,33.100937,33.100937,-5.7807567e-05,33.100937,0.00010034192,212,212,55,0.000985544,0.00256541,1.4660163e-05,0.20176116,0
881,14.683333,1.4375921e-06,33.100872,33.100876,-6.23415e-05,33.100876,0.000100342564,212,212,55,0.0009857846,0.0025468748,1.4750975e-05,0.20175986,0
882,14.7,1.4989306e-06,33.100807,33.10081,-6.477814e-05,33.10081,0.00010037386,211,211,54,0.0009694869,0.0022088136,1.4276755e-05,0.20175852,0
883,14.716666,2.42557e-06,33.10071,33.100716,-9.350625e-05,33.100716,0.000100394966,211,211,54,0.000930472,0.01905129,1.2555641e-05,0.20175643,0
884,14.733334,3.2312946e-06,33.10066,33.100662,-5.405845e-05,33.100662,0.00010042912,211,211,54,0.001117386,0.0228223,1.6027001e-05,0.20175491,0
885,14.75,4.195802e-06,33.100605,33.10061,-5.2902138e-05,33.10061,0.00010041663,211,211,54,0.0013878808,0.024607314,2.179729e-05,0.20175354,0
886,14.766666,5.200386e-06,33.100544,33.10055,-5.868099e-05,33.10055,0.000100388716,212,212,54,0.0015303617,0.025334813,2.506179e-05,0.201752,0
887,14.783334,6.3715847e-06,33.10049,33.1005,-5.2861702e-05,33.1005,0.0001004142,211,211,54,0.0015868351,0.025315274,2.6628075e-05,0.20175062,0
888,14.8,1.7734602e-06,33.100456,33.100456,-4.0010458e-05,33.100456,0.000100235906,211,211,54,0.0010853149,0.0028068263,2.0313695e-05,0.20174965,0
889,14.816667,1.779907e-06,33.10038,33.10038,-7.6304634e-05,33.10038,0.00010030044,211,211,54,0.0010848908,0.0030145606,1.5803384e-05,0.20174803,0
890,14.833333,2.5656484e-06,33.100315,33.10032,-6.27237e-05,33.10032,0.000100361256,211,211,54,0.0010319774,0.015010431,1.1875967e-05,0.20174654,0
891,14.85,4.255072e-07,33.10029,33.10029,-3.1068525e-05,33.10029,0.00010022726,211,211,54,0.00048415537,0.0010927398,5.404444e-06,0.20174582,0
892,14.866667,1.1374606e-06,33.10023,33.100235,-5.3819713e-05,33.100235,0.00010026865,211,211,54,0.0008672843,0.0022317094,1.0294321e-05,0.2017446,0
893,14.883333,1.3070166e-06,33.100178,33.100178,-5.535964e-05,33.100178,0.00010019934,211,211,54,0.0009336165,0.0023986152,1.3654655e-05,0.20174338,0
894,14.9,1.3479872e-06,33.10012,33.10012,-5.7317033e-05,33.10012,0.00010028793,211,211,54,0.00094788766,0.0024346283,1.4220871e-05,0.20174217,0
895,14.916667,1.3525018e-06,33.100063,33.100063,-5.6189703e-05,33.100063,0.00010025366,211,211,54,0.00094899576,0.0024338576,1.4331158e-05,0.20174086,0
896,14.933333,1.3479137e-06,33.100002,33.100006,-5.935765e-05,33.100006,0.00010021795,211,211,54,0.00094707863,0.0024251244,1.4298745e-05,0.20173965,0
897,14.95,1.3426309e-06,33.09995,33.099953,-5.4038184e-05,33.099953,0.00010028401,211,211,54,0.0009450479,0.002419458,1.4260323e-05,0.20173842,0
898,14.966666,1.3365816e-06,33.099895,33.099895,-5.5036482e-05,33.099895,0.00010030789,211,211,54,0.0009427185,0.002413035,1.4206967e-05,0.2017373,0
899,14.983334,1.3272232e-06,33.09984,33.09984,-5.670234e-05,33.09984,0.000100301026,211,211,54,0.0009391399,0.002401836,1.4172866e-05,0.20173603,0
900,15,1.3183229e-06,33.09978,33.099785,-5.6369372e-05,33.099785,0.000100244026,208,208,53,0.0009356378,0.0023936438,1.4089513e-05,0.20173486,0
901,15.016666,1.3089372e-06,33.099724,33.099724,-5.803241e-05,33.099724,0.00010029666,208,208,53,0.00093205576,0.002383988,1.4033179e-05,0.20173362,0
902,15.033334,1.2991557e-06,33.099667,33.09967,-5.587149e-05,33.09967,0.00010024623,208,208,53,0.00092832936,0.0023741194,1.3971694e-05,0.20173237,0
903,15.05,1.289307e-06,33.099617,33.099617,-5.105016e-05,33.099617,0.00010029478,209,209,53,0.00092456426,0.002364214,1.3890972e-05,0.20173122,0
904,15.066667,1.2832862e-06,33.09956,33.09956,-5.8694066e-05,33.09956,0.00010033479,209,209,53,0.0009223171,0.002366277,1.3839661e-05,0.20172995,0
905,15.083333,1.2729212e-06,33.0995,33.099503,-5.869841e-05,33.099503,0.0001002651,209,209,53,0.0009179138,0.0023517848,1.3776477e-05,0.20172863,0
906,15.1,1.260609e-06,33.099445,33.09945,-5.3380194e-05,33.09945,0.00010027696,208,208,52,0.0009133973,0.0023339777,1.3684017e-05,0.20172751,0
907,15.116667,1.254226e-06,33.099384,33.099384,-6.152076e-05,33.099384,0.000100228746,208,208,52,0.00091107097,0.0023332953,1.36456765e-05,0.2017262,0
908,15.133333,1.2443049e-06,33.099327,33.099327,-5.7700436e-05,33.099327,0.00010020429,208,208,52,0.00090676505,0.0023221052,1.3572752e-05,0.20172493,0
909,15.15,1.2323289e-06,33.099274,33.099274,-5.4377386e-05,33.099274,0.00010025828,208,208,52,0.0009023104,0.0023043833,1.3501224e-05,0.2017237,0
910,15.166667,1.2264219e-06,33.099224,33.099224,-5.0048686e-05,33.099224,0.00010032239,208,208,52,0.0009000842,0.0023072022,1.3411582e-05,0.20172264,0
911,15.183333,1.2150089e-06,33.099163,33.099163,-6.0694518e-05,33.099163,0.0001002555,208,208,52,0.00089535536,0.0022864405,1.3380753e-05,0.20172134,0
912,15.2,1.2047713e-06,33.09911,33.09911,-5.2713098e-05,33.09911,0.00010034483,208,208,52,0.00089142035,0.0022757496,1.3296058e-05,0.2017202,0
913,15.216666,1.1990342e-06,33.099052,33.099052,-5.8195015e-05,33.099052,0.00010023892,208,208,52,0.0008888052,0.0022727968,1.3242905e-05,0.20171894,0
914,15.233334,1.1876043e-06,33.098995,33.098995,-5.720318e-05,33.098995,0.00010025276,208,208,52,0.00088442094,0.0022556575,1.3175507e-05,0.20171772,0
915,15.25,1.1818815e-06,33.09893,33.098934,-6.1520106e-05,33.098934,0.00010029008,208,208,52,0.0008818134,0.0022527599,1.3125607e-05,0.20171641,0
916,15.266666,1.1712661e-06,33.098877,33.098877,-5.6038578e-05,33.098877,0.000100267185,208,208,52,0.0008777058,0.0022373362,1.3043936e-05,0.20171523,0
917,15.283334,1.1661609e-06,33.098827,33.098827,-5.0047885e-05,33.098827,0.00010031666,208,208,52,0.00087564427,0.0022404836,1.2977023e-05,0.20171408,0
918,15.3,1.1556474e-06,33.098774,33.098774,-5.3045886e-05,33.098774,0.00010035818,208,208,52,0.0008710835,0.002220043,1.2927852e-05,0.20171285,0
919,15.316667,1.1454038e-06,33.098717,33.098717,-5.6204462e-05,33.098717,0.00010022602,208,208,52,0.0008670418,0.0022081125,1.2861076e-05,0.20171162,0
920,15.333333,1.1366311e-06,33.09866,33.09866,-5.7366775e-05,33.09866,0.000100381396,208,208,52,0.0008634127,0.002199678,1.27863095e-05,0.20171048,0
921,15.35,1.1292142e-06,33.098602,33.098606,-5.570287e-05,33.098606,0.00010026976,208,208,52,0.0008606462,0.0022000805,1.2742132e-05,0.20170918,0
922,15.366667,1.1171142e-06,33.09855,33.09855,-5.4876276e-05,33.09855,0.00010027393,208,208,52,0.00085570524,0.0021788387,1.264523e-05,0.20170808,0
923,15.383333,1.1108085e-06,33.098495,33.098495,-5.287542e-05,33.098495,0.0001002271,208,208,52,0.0008529617,0.0021757677,1.25809265e-05,0.201707,0
924,15.4,1.0997934e-06,33.098442,33.098442,-5.5041448e-05,33.098442,0.00010028548,208,208,52,0.00084872416,0.002161189,1.2548741e-05,0.20170574,0
925,15.416667,1.0941759e-06,33.098385,33.09839,-5.4869794e-05,33.09839,0.00010030107,208,208,52,0.000846232,0.0021599408,1.2454631e-05,0.20170473,0
926,15.433333,1.0830689e-06,33.098335,33.09834,-4.955512e-05,33.09834,0.000100303834,207,207,52,0.00084196293,0.002145016,1.240262e-05,0.20170365,0
927,15.45,1.0765034e-06,33.098278,33.09828,-5.703206e-05,33.09828,0.000100243975,207,207,52,0.0008390951,0.0021383872,1.2376711e-05,0.20170236,0
928,15.466666,1.0701576e-06,33.09823,33.09823,-5.2210442e-05,33.09823,0.00010028104,207,207,52,0.0008363879,0.0021341033,1.2274945e-05,0.20170137,0
929,15.483334,1.0595513e-06,33.098175,33.098175,-5.1549683e-05,33.098175,0.000100281475,207,207,52,0.0008322744,0.0021205188,1.223657e-05,0.20170027,0
930,15.5,1.0523611e-06,33.09812,33.098125,-5.2543797e-05,33.098125,0.00010028435,207,207,52,0.00082924735,0.0021123826,1.217908e-05,0.2016992,0
931,15.516666,1.0455896e-06,33.098064,33.09807,-5.7697285e-05,33.09807,0.00010026462,207,207,52,0.00082630914,0.0021062093,1.2138053e-05,0.20169802,0
932,15.533334,1.0381258e-06,33.09802,33.09802,-4.8553946e-05,33.09802,0.000100292025,207,207,52,0.0008231839,0.0020979964,1.2055142e-05,0.201697,0
933,15.55,1.0322481e-06,33.09796,33.097965,-5.4038777e-05,33.097965,0.000100237114,207,207,52,0.00082062103,0.0020952586,1.2027075e-05,0.20169583,0
934,15.566667,1.0262718e-06,33.09791,33.09791,-5.1378796e-05,33.09791,0.00010032615,207,207,52,0.0008183425,0.0020910439,1.195404e-05,0.2016948,0
935,15.583333,1.0185018e-06,33.09786,33.097862,-5.1879357e-05,33.097862,0.000100260004,207,207,52,0.00081505603,0.0020850282,1.1916105e-05,0.20169373,0
936,15.6,1.3545499e-06,33.097794,33.097794,-6.5500964e-05,33.097794,0.00010026179,207,207,52,0.0008845646,0.003354249,1.1919856e-05,0.20169242,0
937,15.616667,1.6729814e-06,33.09771,33.097713,-8.314162e-05,33.097713,0.00010036017,207,207,52,0.0010391402,0.0029106587,1.22490865e-05,0.20169072,0
938,15.633333,2.9894436e-06,33.097633,33.097637,-7.615841e-05,33.097637,0.0001003978,207,207,52,0.0014703961,0.0046010143,1.800477e-05,0.20168917,0
939,15.65,4.5170304e-06,33.09756,33.097565,-7.129214e-05,33.097565,0.000100377394,207,207,52,0.0018558231,0.0055838577,2.5962778e-05,0.20168762,0
940,15.666667,5.5643122e-06,33.09749,33.097492,-7.1107424e-05,33.097492,0.000100285426,208,208,53,0.0020793888,0.0061776126,3.127652e-05,0.20168631,0
941,15.683333,6.164821e-06,33.09742,33.097424,-6.9226626e-05,33.097424,0.00010031427,208,208,53,0.0021954682,0.006476582,3.4161596e-05,0.201685,0
942,15.7,6.4091164e-06,33.097347,33.09735,-7.191041e-05,33.09735,0.000100381076,208,208,53,0.0022401635,0.0065824958,3.5543646e-05,0.2016836,0
943,15.716666,6.3856924e-06,33.09728,33.097282,-6.9351794e-05,33.097282,0.000100412246,208,208,53,0.0022336626,0.006576616,3.5813115e-05,0.2016823,0
944,15.733334,6.1561564e-06,33.097206,33.09721,-7.221798e-05,33.09721,0.00010030684,208,208,53,0.002190865,0.006448478,3.5416233e-05,0.20168094,0
945,15.75,5.8932874e-06,33.097137,33.09714,-6.909247e-05,33.09714,0.00010030633,208,208,53,0.0021410643,0.0062936367,3.4576962e-05,0.2016796,0
946,15.766666,5.6864205e-06,33.097065,33.09707,-7.2361574e-05,33.09707,0.00010029484,207,207,53,0.0021007129,0.0061881226,3.379143e-05,0.20167814,0
947,15.783334,5.5871706e-06,33.096992,33.096996,-7.258647e-05,33.096996,0.00010040113,207,207,53,0.002082148,0.0061485367,3.326844e-05,0.2016768,0
948,15.8,5.470101e-06,33.096924,33.096928,-6.9445436e-05,33.096928,0.00010038025,207,207,53,0.0020601794,0.006085531,3.293741e-05,0.20167547,0
949,15.816667,5.320125e-06,33.09685,33.096855,-7.163966e-05,33.096855,0.0001002975,207,207,53,0.0020306846,0.0060019046,3.2491425e-05,0.20167413,0
950,15.833333,5.1521824e-06,33.09678,33.096783,-7.332018e-05,33.096783,0.00010033082,207,207,53,0.0019966878,0.0059218775,3.1940897e-05,0.20167273,0
951,15.85,4.9783444e-06,33.096706,33.09671,-7.049974e-05,33.09671,0.00010041772,207,207,53,0.0019608533,0.0058126557,3.132763e-05,0.20167135,0
952,15.866667,4.805878e-06,33.096638,33.09664,-6.933458e-05,33.09664,0.000100320016,207,207,53,0.0019246903,0.005708247,3.0682244e-05,0.20167013,0
953,15.883333,4.6463742e-06,33.096565,33.09657,-7.248046e-05,33.09657,0.00010031327,207,207,53,0.0018905674,0.005623699,3.0087986e-05,0.20166868,0
954,15.9,4.5023103e-06,33.096493,33.096497,-7.32963e-05,33.096497,0.0001002928,207,207,53,0.0018587261,0.00554225,2.951057e-05,0.20166734,0
955,15.916667,4.365715e-06,33.09642,33.096424,-7.2623814e-05,33.096424,0.00010039178,207,207,53,0.001827855,0.0054639606,2.8963217e-05,0.201666,0
956,15.933333,4.2360793e-06,33.09635,33.096355,-6.796171e-05,33.096355,0.000100357574,207,207,53,0.0017980281,0.005388345,2.8422546e-05,0.20166472,0
957,15.95,4.1127278e-06,33.09628,33.096283,-7.477188e-05,33.096283,0.00010033132,208,208,53,0.0017691507,0.005317188,2.7930146e-05,0.20166327,0
958,15.966666,3.9946626e-06,33.096207,33.09621,-7.1774004e-05,33.09621,0.00010029797,208,208,53,0.0017410546,0.0052458537,2.7425356e-05,0.20166188,0
959,15.983334,3.8811554e-06,33.096134,33.096138,-6.9940645e-05,33.096138,0.000100369,208,208,53,0.0017136239,0.005176339,2.6924763e-05,0.20166057,0
960,16,3.772091e-06,33.09606,33.096066,-7.359381e-05,33.096066,0.00010032218,209,209,53,0.0016868582,0.0051082876,2.6457208e-05,0.20165917,0
961,16.016666,3.6639788e-06,33.09599,33.095993,-7.242907e-05,33.095993,0.000100390265,209,209,53,0.0016607471,0.005039719,2.5992229e-05,0.20165779,0
962,16.033333,3.537561e-06,33.095917,33.09592,-7.16161e-05,33.09592,0.00010040862,209,209,53,0.0016300684,0.0049527306,2.5509473e-05,0.20165642,0
963,16.05,3.3693868e-06,33.09585,33.095856,-6.63377e-05,33.095856,0.000100414414,209,209,53,0.0015904765,0.004833006,2.4946554e-05,0.20165513,0
964,16.066668,3.168953e-06,33.09578,33.095783,-7.218889e-05,33.095783,0.00010034787,209,209,53,0.0015404364,0.0046738405,2.4244742e-05,0.20165378,0
965,16.083334,2.9556004e-06,33.09571,33.095715,-6.854419e-05,33.095715,0.00010033687,209,209,53,0.0014836116,0.004505963,2.3314584e-05,0.20165248,0
966,16.1,2.748688e-06,33.095646,33.09565,-6.670895e-05,33.09565,0.0001003518,209,209,53,0.0014267517,0.004337348,2.2345805e-05,0.2016512,0
967,16.116667,2.5588745e-06,33.095577,33.09558,-6.83544e-05,33.09558,0.00010034382,209,209,53,0.0013718992,0.004177278,2.1391903e-05,0.20164986,0
968,16.133333,2.3944483e-06,33.09551,33.095512,-6.849526e-05,33.095512,0.00010033074,209,209,53,0.0013223476,0.0040347376,2.0478046e-05,0.20164856,0
969,16.15,2.015375e-06,33.095444,33.095444,-6.654859e-05,33.095444,0.000100312915,212,212,54,0.0012064567,0.0035730398,1.8864808e-05,0.20164728,0
970,16.166666,2.0017494e-06,33.095375,33.09538,-6.6515655e-05,33.09538,0.00010037976,212,212,54,0.0011975727,0.0036122017,1.7873934e-05,0.20164588,0
971,16.183332,1.9960933e-06,33.095318,33.095318,-5.969123e-05,33.095318,0.00010030508,212,212,54,0.0011973787,0.0036401052,1.78117e-05,0.20164482,0
972,16.2,1.971832e-06,33.09528,33.09528,-3.8761696e-05,33.09528,0.00010039454,210,210,53,0.0011873497,0.0036188348,1.772726e-05,0.20164394,0
973,16.216667,1.6888966e-06,33.095238,33.09524,-3.8854116e-05,33.09524,0.00010031257,210,210,53,0.0010857274,0.0032172927,1.6555014e-05,0.20164314,0
974,16.233334,1.466818e-06,33.0952,33.0952,-4.0954572e-05,33.0952,0.00010034344,210,210,53,0.0009988792,0.0029615865,1.4831903e-05,0.20164217,0
975,16.25,2.0315845e-06,33.09516,33.09516,-3.76739e-05,33.09516,0.00010028781,210,210,53,0.0008885798,0.013093037,1.311078e-05,0.20164149,0
976,16.266666,1.9748247e-06,33.09509,33.095093,-7.138019e-05,33.095093,0.000100402,212,212,54,0.0010885898,0.0065357573,1.1366439e-05,0.20163995,0
977,16.283333,1.41821265e-05,33.095013,33.095028,-6.310625e-05,33.095028,0.00010047302,212,212,54,0.00247082,0.03124509,3.2232492e-05,0.2016385,0
978,16.3,1.9173413e-05,33.09495,33.09497,-5.6190584e-05,33.09497,0.00010045788,212,212,54,0.0027644874,0.029956969,4.5642813e-05,0.20163746,0
979,16.316668,2.375484e-05,33.094887,33.09491,-6.125559e-05,33.09491,0.00010045544,211,211,54,0.00320065,0.032131556,4.922369e-05,0.20163651,0
980,16.333334,2.4147857e-05,33.09483,33.094856,-5.5634944e-05,33.094856,0.00010047977,211,211,54,0.0033785307,0.032231648,5.2864732e-05,0.2016359,0
981,16.35,2.2748123e-05,33.094772,33.094795,-5.909025e-05,33.094795,0.00010045086,212,212,54,0.003447141,0.029800035,5.5350258e-05,0.20163523,0
982,16.366667,2.2984816e-05,33.09472,33.09474,-5.4627482e-05,33.09474,0.00010049172,212,212,54,0.0036136159,0.02816736,5.765135e-05,0.20163463,0
983,16.383333,2.2738212e-05,33.094677,33.0947,-4.2142885e-05,33.0947,0.00010050391,211,211,53,0.0038297442,0.02685757,6.006959e-05,0.20163421,0
984,16.4,2.1240818e-05,33.094612,33.094635,-6.583811e-05,33.094635,0.00010057232,211,211,53,0.003851305,0.029440273,5.9867827e-05,0.20163321,0
985,16.416666,2.5647567e-05,33.09458,33.09461,-2.5020401e-05,33.09461,0.00010054201,211,211,53,0.004278989,0.0308782,6.62786e-05,0.2016329,0
986,16.433332,3.1049974e-05,33.09455,33.09458,-2.5022273e-05,33.09458,0.00010056088,211,211,53,0.0046967454,0.032254856,7.3527546e-05,0.20163253,0
987,16.45,3.722435e-05,33.09453,33.094563,-1.8930143e-05,33.094563,0.00010049351,211,211,53,0.0050881323,0.031712655,8.012816e-05,0.20163225,0
988,16.466667,4.4881126e-05,33.094498,33.094543,-2.110535e-05,33.094543,0.00010051739,208,208,52,0.005447378,0.03513665,8.656304e-05,0.20163193,0
989,16.483334,5.2524694e-05,33.094475,33.09453,-1.5299633e-05,33.09453,0.00010047146,209,209,52,0.0057900804,0.03575118,9.253131e-05,0.2016317,0
990,16.5,6.0695267e-05,33.09445,33.094513,-1.6435179e-05,33.094513,0.00010048184,209,209,52,0.006108131,0.037486125,9.815887e-05,0.20163128,0
991,16.516666,6.854606e-05,33.09443,33.094498,-1.5591173e-05,33.094498,0.00010048887,208,208,52,0.006416741,0.036896463,0.00010345455,0.20163123,0
992,16.533333,7.645974e-05,33.094414,33.09449,-5.0542126e-06,33.09449,0.00010050758,207,207,52,0.006712764,0.039328024,0.00010852627,0.201631,0
993,16.55,8.360126e-05,33.094402,33.094486,-4.8288484e-06,33.094486,0.00010049685,208,208,53,0.0069875764,0.039902568,0.00011338979,0.20163114,0
994,16.566668,6.574003e-05,33.09442,33.094486,1.5906139e-06,33.094486,0.00010034459,208,208,53,0.0066397074,0.015083346,0.00011711042,0.20163196,0
995,16.583334,2.4287334e-05,33.094414,33.094437,-5.1095492e-05,33.094437,0.000100282916,208,208,53,0.003994733,0.008857433,8.748987e-05,0.20163205,0
996,16.6,4.348371e-06,33.094383,33.094387,-4.9864877e-05,33.094387,0.00010031109,208,208,53,0.001878617,0.0060780104,4.660261e-05,0.20163149,0
997,16.616667,1.0198694e-06,33.09433,33.09433,-5.7527657e-05,33.09433,0.00010040587,208,208,53,0.0007803353,0.0024058362,1.9122857e-05,0.20163038,0
998,16.633333,9.47048e-07,33.094276,33.094276,-5.244317e-05,33.094276,0.000100368175,208,208,53,0.00064314343,0.0020205914,4.0793843e-06,0.20162915,0
999,16.65,1.5546057e-06,33.09423,33.09423,-4.54451e-05,33.09423,0.00010038265,208,208,53,0.00072320807,0.012555796,7.0242363e-06,0.20162815,0
1000,16.666666,8.6962683e-07,33.09419,33.094193,-4.0087434e-05,33.094193,0.000100352685,208,208,53,0.0006392644,0.0015784603,6.103401e-06,0.20162706,0
1001,16.683332,1.725849e-06,33.09415,33.09415,-3.987627e-05,33.09415,0.00010034921,208,208,53,0.00075835444,0.01393462,7.786759e-06,0.20162621,0
1002,16.7,8.605398e-07,33.094112,33.094116,-3.6443897e-05,33.094116,0.00010032572,209,209,53,0.00067919976,0.0018358369,8.471878e-06,0.20162535,0
1003,16.716667,1.5689778e-06,33.09407,33.094074,-4.1187843e-05,33.094074,0.00010038938,207,207,52,0.0007711947,0.012111597,8.939084e-06,0.20162427,0
1004,16.733334,1.0607644e-06,33.09403,33.094032,-4.2737003e-05,33.094032,0.00010033113,207,207,52,0.00075695914,0.005751214,9.48159e-06,0.20162329,0
1005,16.75,1.0070686e-06,33.09399,33.09399,-3.9954914e-05,33.09399,0.000100300625,209,209,52,0.00071831705,0.0027207944,9.417898e-06,0.2016221,0
1006,16.766666,9.644812e-07,33.093952,33.093952,-3.8281258e-05,33.093952,0.00010033031,209,209,52,0.00074674614,0.0022907294,1.0097192e-05,0.20162132,0
1007,16.783333,1.7715647e-06,33.09391,33.093914,-3.9759158e-05,33.093914,0.00010030592,211,211,53,0.00091987645,0.011880258,1.1853254e-05,0.20162025,0
1008,16.8,2.1087249e-06,33.093872,33.093872,-3.9065293e-05,33.093872,0.00010033275,211,211,53,0.0010186837,0.013912171,1.3995147e-05,0.20161934,0
1009,16.816668,2.3282603e-06,33.09383,33.093834,-4.0346706e-05,33.093834,0.000100391684,211,211,53,0.0010897442,0.014630903,1.538993e-05,0.20161833,0
1010,16.833334,2.5894692e-06,33.093792,33.093792,-3.9806266e-05,33.093792,0.00010035115,211,211,53,0.0011722055,0.015359281,1.6895307e-05,0.20161718,0
1011,16.85,2.8133895e-06,33.093754,33.093758,-3.5520923e-05,33.093758,0.000100378114,211,211,53,0.0012434678,0.015831266,1.8309182e-05,0.20161642,0
1012,16.866667,2.9116275e-06,33.09372,33.093723,-3.6311623e-05,33.093723,0.00010037872,211,211,53,0.001282701,0.015924545,1.9205752e-05,0.20161551,0
1013,16.883333,2.8274865e-06,33.09368,33.093685,-3.765779e-05,33.093685,0.00010037368,211,211,53,0.0012938495,0.014948357,1.9894655e-05,0.20161453,0
1014,16.9,2.5637405e-06,33.093643,33.093643,-3.933369e-05,33.093643,0.00010037009,211,211,53,0.0012429273,0.0137598775,1.9530331e-05,0.20161365,0
1015,16.916666,2.2112838e-06,33.093605,33.093605,-3.9256145e-05,33.093605,0.0001003414,211,211,53,0.0011860965,0.011185495,1.8883495e-05,0.20161273,0
1016,16.933332,1.6835937e-06,33.093567,33.09357,-3.560751e-05,33.09357,0.00010036423,211,211,53,0.0011310921,0.004629642,1.8430339e-05,0.20161185,0
1017,16.95,6.642314e-06,33.093487,33.093494,-7.700503e-05,33.093494,0.00010053073,211,211,53,0.00139132,0.024595339,1.4942726e-05,0.20161001,0
1018,16.966667,6.97673e-06,33.09345,33.093456,-3.5742938e-05,33.093456,0.0001005114,211,211,53,0.0013487393,0.024914496,2.3842244e-05,0.20160905,0
1019,16.983334,1.8189893e-06,33.09343,33.093433,-2.5108351e-05,33.093433,0.000100333775,211,211,53,0.0011046282,0.006324385,1.789255e-05,0.20160839,0
1020,17,1.1536131e-06,33.09339,33.09339,-4.0899107e-05,33.09339,0.00010036483,211,211,53,0.000843096,0.0027187536,1.5591042e-05,0.20160761,0
1021,17.016666,1.6743027e-06,33.09334,33.09334,-4.8025795e-05,33.09334,0.000100359306,211,211,53,0.0007486623,0.0137489475,5.6026506e-06,0.20160648,0
1022,17.033333,1.6137104e-06,33.093304,33.093304,-3.9130537e-05,33.093304,0.00010036204,211,211,53,0.0007422149,0.014140393,6.551611e-06,0.20160551,0
1023,17.05,8.670409e-07,33.09326,33.093266,-3.9816612e-05,33.093266,0.000100391764,211,211,53,0.00066322426,0.0020370942,6.8256422e-06,0.20160457,0
1024,17.066668,1.6265786e-06,33.093216,33.09322,-4.5791883e-05,33.09322,0.00010034347,211,211,53,0.00072347507,0.01314186,7.05581e-06,0.20160347,0
1025,17.083334,1.6303701e-06,33.093174,33.093174,-4.2723765e-05,33.093174,0.00010034506,211,211,53,0.0007347335,0.013135205,7.300928e-06,0.20160244,0
1026,17.1,1.2229536e-06,33.093132,33.093132,-4.379999e-05,33.093132,0.00010031992,211,211,53,0.0007081518,0.007668122,7.1831732e-06,0.20160139,0
1027,17.116667,1.5742053e-06,33.093086,33.093086,-4.420511e-05,33.093086,0.00010037743,211,211,53,0.0007406228,0.011789906,7.6282677e-06,0.2016004,0
1028,17.133333,1.7218373e-06,33.093044,33.093044,-4.2912434e-05,33.093044,0.00010038774,211,211,53,0.0007742489,0.013360626,8.477801e-06,0.20159934,0
1029,17.15,1.315046e-06,33.093006,33.093006,-3.764793e-05,33.093006,0.00010038282,211,211,53,0.00083754834,0.0070576235,1.0129437e-05,0.20159842,0
1030,17.166666,1.8750967e-06,33.092964,33.092964,-4.166874e-05,33.092964,0.000100356076,211,211,53,0.000962195,0.011827978,1.2288112e-05,0.20159741,0
1031,17.183332,2.1778092e-06,33.092922,33.092926,-4.0762294e-05,33.092926,0.00010036909,211,211,53,0.0010425418,0.013401313,1.4170825e-05,0.20159644,0
1032,17.2,2.3282553e-06,33.09288,33.092884,-4.22446e-05,33.092884,0.00010040441,211,211,53,0.001108026,0.013663026,1.561308e-05,0.20159544,0
1033,17.216667,2.214455e-06,33.092842,33.092846,-3.718868e-05,33.092846,0.00010039781,211,211,53,0.0011867371,0.010578298,1.745479e-05,0.20159459,0
1034,17.233334,9.845246e-07,33.092815,33.092815,-2.7996999e-05,33.092815,0.00010030162,211,211,53,0.0007477435,0.0034027032,1.21277935e-05,0.20159392,0
1035,17.25,5.3151643e-07,33.09279,33.09279,-2.9547648e-05,33.09279,0.00010027711,211,211,53,0.0004231708,0.0039251028,3.509913e-06,0.20159322,0
1036,17.266666,6.502745e-07,33.09275,33.09275,-3.845242e-05,33.09275,0.00010026318,211,211,53,0.00054394116,0.0015352182,3.830715e-06,0.2015923,0
1037,17.283333,5.9125784e-07,33.092716,33.092716,-3.3476288e-05,33.092716,0.000100268844,211,211,53,0.0005138275,0.0017390832,5.5106725e-06,0.2015915,0
1038,17.3,7.2847865e-07,33.092674,33.092678,-3.9098977e-05,33.092678,0.000100324905,211,211,53,0.0005760897,0.0012732164,5.115087e-06,0.20159064,0
1039,17.316668,7.960623e-07,33.092636,33.092636,-4.1662443e-05,33.092636,0.0001002846,211,211,53,0.0006128533,0.0022257902,5.4011202e-06,0.20158973,0
1040,17.333334,1.0491261e-06,33.092594,33.092598,-3.848437e-05,33.092598,0.000100259975,211,211,53,0.00068639964,0.003990195,5.511762e-06,0.20158891,0
1041,17.35,7.798012e-07,33.09256,33.09256,-3.634668e-05,33.09256,0.000100283294,211,211,53,0.00054642826,0.0058233826,5.427261e-06,0.20158803,0
1042,17.366667,7.8289037e-07,33.09252,33.09252,-3.8900598e-05,33.09252,0.00010032702,211,211,53,0.0006336965,0.0015894885,5.858919e-06,0.20158717,0
1043,17.383333,7.092076e-07,33.092484,33.092484,-3.6151036e-05,33.092484,0.000100308025,211,211,53,0.0005407735,0.00377355,5.830127e-06,0.20158632,0
1044,17.4,9.025789e-07,33.09244,33.09244,-4.303295e-05,33.09244,0.000100289726,211,211,53,0.00056508364,0.006751348,5.3791e-06,0.2015854,0
1045,17.416666,1.1740459e-06,33.092403,33.092403,-3.7967202e-05,33.092403,0.000100289275,211,211,53,0.0006354258,0.009919387,5.121894e-06,0.20158453,0
1046,17.433332,7.1432197e-07,33.09237,33.09237,-3.3544486e-05,33.09237,0.0001003223,211,211,53,0.00056216837,0.0029189743,5.4310103e-06,0.20158371,0
1047,17.45,6.3692687e-07,33.092335,33.092335,-3.6154746e-05,33.092335,0.000100300225,211,211,53,0.0005136678,0.0030645381,5.2942864e-06,0.2015829,0
1048,17.466667,1.0181932e-06,33.092285,33.092285,-4.9661514e-05,33.092285,0.000100291036,210,210,52,0.00066479517,0.0037445482,5.5198525e-06,0.20158187,0
1049,17.483334,7.523663e-07,33.09225,33.09225,-3.3849352e-05,33.09225,0.00010035655,211,211,52,0.0005818313,0.0014521292,5.650617e-06,0.201581,0
1050,17.5,7.865808e-07,33.092205,33.092205,-4.651721e-05,33.092205,0.000100335106,211,211,52,0.00061822275,0.0021308807,6.165601e-06,0.20158002,0
1051,17.516666,1.0958514e-06,33.09216,33.09216,-4.391458e-05,33.09216,0.00010038163,211,211,52,0.0006824117,0.003339714,7.3115243e-06,0.20157897,0
1052,17.533333,1.081242e-06,33.092113,33.092113,-4.739731e-05,33.092113,0.00010027283,211,211,52,0.00074561953,0.0042266306,7.663351e-06,0.20157783,0
1053,17.55,1.024927e-06,33.092075,33.092075,-3.746371e-05,33.092075,0.000100298676,211,211,52,0.0007227142,0.0019317953,8.225471e-06,0.20157698,0
1054,17.566668,1.1287103e-06,33.092026,33.092026,-4.8276444e-05,33.092026,0.00010035554,211,211,52,0.0006958506,0.0022929672,9.034633e-06,0.20157592,0
1055,17.583334,1.2201377e-06,33.09199,33.09199,-3.4988396e-05,33.09199,0.00010035625,211,211,52,0.00077025255,0.0018707891,9.585999e-06,0.20157504,0
1056,17.6,1.4776549e-06,33.091946,33.091946,-4.6626417e-05,33.091946,0.00010032093,211,211,52,0.0007584732,0.004390504,1.0858988e-05,0.20157397,0
1057,17.616667,1.5447068e-06,33.091904,33.091904,-4.182923e-05,33.091904,0.00010034608,210,210,52,0.0007506185,0.0035674153,1.1147659e-05,0.20157295,0
1058,17.633333,1.6721758e-06,33.09185,33.09185,-5.3406668e-05,33.09185,0.00010036774,210,210,52,0.000897505,0.0028192892,1.2050251e-05,0.20157176,0
1059,17.65,1.8769726e-06,33.091812,33.091812,-3.703634e-05,33.091812,0.0001003126,210,210,52,0.0010144523,0.0022337774,1.2993052e-05,0.20157084,0
1060,17.666666,1.7401626e-06,33.09177,33.09177,-4.203309e-05,33.09177,0.00010036901,210,210,52,0.00092569616,0.0024792233,1.36283725e-05,0.2015698,0
1061,17.683332,1.8106599e-06,33.091724,33.09173,-4.3488333e-05,33.09173,0.000100304125,210,210,52,0.0009155074,0.0026945213,1.3832687e-05,0.20156872,0
1062,17.7,1.9093218e-06,33.091682,33.091686,-4.1963875e-05,33.091686,0.000100287856,210,210,52,0.0010406068,0.0022255536,1.3722375e-05,0.20156775,0
1063,17.716667,1.8398549e-06,33.09164,33.091644,-4.296328e-05,33.091644,0.00010030233,210,210,52,0.0009899327,0.002201273,1.4441294e-05,0.20156674,0
1064,17.733334,1.9742938e-06,33.0916,33.091602,-4.2426862e-05,33.091602,0.00010031735,207,207,51,0.0009981887,0.0025552423,1.427343e-05,0.20156567,0
1065,17.75,1.8540222e-06,33.091553,33.091557,-4.5674165e-05,33.091557,0.00010027706,207,207,51,0.0010008676,0.002150985,1.4427232e-05,0.2015645,0
1066,17.766666,1.8176623e-06,33.091507,33.091507,-4.6754038e-05,33.091507,0.00010033083,207,207,51,0.00097025366,0.0024204268,1.4768565e-05,0.20156348,0
1067,17.783333,1.8704314e-06,33.091465,33.091465,-4.2841042e-05,33.091465,0.0001002604,207,207,51,0.0009886296,0.0024571666,1.4491065e-05,0.20156246,0
1068,17.8,1.7306453e-06,33.09142,33.091423,-4.3366108e-05,33.091423,0.00010031053,207,207,51,0.0009530259,0.002897623,1.4216404e-05,0.20156142,0
1069,17.816668,1.5859092e-06,33.091373,33.091377,-4.5199864e-05,33.091377,0.0001003337,207,207,51,0.0009111824,0.0021053103,1.3884344e-05,0.20156036,0
1070,17.833334,1.494757e-06,33.091335,33.09134,-3.832982e-05,33.09134,0.00010034752,207,207,51,0.0009111482,0.0022139924,1.2902342e-05,0.20155935,0
1071,17.85,1.3979093e-06,33.091293,33.091297,-4.265815e-05,33.091297,0.00010032053,207,207,51,0.0008586379,0.002164697,1.2274859e-05,0.2015584,0
1072,17.866667,1.2764943e-06,33.091248,33.091248,-4.6672838e-05,33.091248,0.000100315185,207,207,51,0.0008156016,0.0019908561,1.1495061e-05,0.20155732,0
1073,17.883333,1.5212186e-06,33.091198,33.091198,-4.996431e-05,33.091198,0.00010030106,207,207,51,0.0008261314,0.0043173037,1.0374764e-05,0.20155619,0
1074,17.9,2.1684152e-06,33.091137,33.091137,-6.0368417e-05,33.091137,0.000100369,207,207,51,0.00095050654,0.007675454,1.1705286e-05,0.20155486,0
1075,17.916666,3.869712e-06,33.091057,33.09106,-7.7436125e-05,33.09106,0.00010042725,207,207,51,0.0012392134,0.012195558,1.443776e-05,0.20155308,0
1076,17.933332,5.094099e-06,33.09099,33.090996,-6.710645e-05,33.090996,0.00010042106,207,207,51,0.0015509503,0.013470541,2.0281483e-05,0.20155178,0
1077,17.95,5.1771485e-06,33.090923,33.09093,-6.4091415e-05,33.09093,0.00010042436,207,207,51,0.0016036225,0.01349507,2.321459e-05,0.20155038,0
1078,17.966667,5.968953e-06,33.09085,33.09086,-7.319171e-05,33.09086,0.0001004236,207,207,51,0.0017345421,0.014645336,2.5803827e-05,0.20154864,0
1079,17.983334,6.4958263e-06,33.09079,33.090797,-6.0654995e-05,33.090797,0.000100374,207,207,51,0.0017575086,0.015145701,2.684388e-05,0.2015475,0
1080,18,6.470307e-06,33.090733,33.09074,-5.721727e-05,33.09074,0.00010044193,207,207,51,0.0017044336,0.015011354,2.7883287e-05,0.20154628,0
1081,18.016666,7.5221155e-06,33.090668,33.090675,-6.511771e-05,33.090675,0.00010037099,207,207,51,0.0018211419,0.013547899,2.9377425e-05,0.20154485,0
1082,18.033333,8.427799e-06,33.090607,33.090614,-5.877989e-05,33.090614,0.00010040747,207,207,51,0.0019311808,0.015750147,3.191687e-05,0.20154358,0
1083,18.05,9.400407e-06,33.09055,33.090557,-5.7382924e-05,33.090557,0.00010048839,207,207,51,0.0020006096,0.015408145,3.4129847e-05,0.2015422,0
1084,18.066668,1.0344308e-05,33.090485,33.090496,-6.256554e-05,33.090496,0.000100451754,207,207,51,0.0020084626,0.015022357,3.4487628e-05,0.20154092,0
1085,18.083334,1.1095358e-05,33.090427,33.09044,-5.7271973e-05,33.09044,0.000100423764,207,207,51,0.0021507775,0.014925905,3.583295e-05,0.20153956,0
1086,18.1,9.481317e-06,33.090397,33.09041,-3.104119e-05,33.09041,0.000100297286,207,207,51,0.0020448153,0.008937262,3.6467605e-05,0.20153895,0
1087,18.116667,2.7042622e-06,33.090397,33.0904,-8.107095e-06,33.0904,0.00010025956,207,207,51,0.0012890496,0.002835686,2.9715677e-05,0.20153883,0
1088,18.133333,1.3266321e-06,33.090363,33.090363,-3.6789963e-05,33.090363,0.000100252066,207,207,51,0.00078719907,0.0034820253,1.4285171e-05,0.20153801,0
1089,18.15,1.3192943e-06,33.090324,33.090324,-3.5918434e-05,33.090324,0.00010026996,207,207,51,0.0007722004,0.0027509136,1.1733947e-05,0.20153709,0
1090,18.166666,1.1750507e-06,33.09029,33.090294,-3.3229004e-05,33.090294,0.00010024091,208,208,51,0.00076555146,0.0029268146,1.1241992e-05,0.20153648,0
1091,18.183332,1.0020132e-06,33.090256,33.090256,-3.625039e-05,33.090256,0.0001002148,208,208,51,0.00066790835,0.003369153,1.04141645e-05,0.20153569,0
1092,18.2,7.5411714e-07,33.090225,33.090225,-3.2501383e-05,33.090225,0.0001003069,208,208,51,0.00060693006,0.0031855965,8.753042e-06,0.20153497,0
1093,18.216667,6.1622524e-07,33.09019,33.09019,-3.2391377e-05,33.09019,0.000100267425,208,208,51,0.0005457793,0.0035213507,7.2437138e-06,0.20153429,0
1094,18.233334,5.637048e-07,33.090157,33.090157,-3.3968558e-05,33.090157,0.00010021919,208,208,51,0.0005303505,0.0047101765,5.9717736e-06,0.20153357,0
1095,18.25,4.7606517e-07,33.090126,33.090126,-3.2008615e-05,33.090126,0.00010023595,208,208,51,0.00052571297,0.00370725,5.6984222e-06,0.20153286,0
1096,18.266666,4.9865184e-07,33.09009,33.09009,-3.2729666e-05,33.09009,0.00010030799,208,208,51,0.00054328854,0.004308424,5.9906356e-06,0.20153221,0
1097,18.283333,5.210669e-07,33.09006,33.09006,-3.256358e-05,33.09006,0.00010024919,208,208,51,0.00055371225,0.005022604,6.1450746e-06,0.20153153,0
1098,18.3,4.6021336e-07,33.090027,33.090027,-3.1815573e-05,33.090027,0.00010018145,208,208,51,0.00053929415,0.0032365012,6.110932e-06,0.20153095,0
1099,18.316668,4.6364227e-07,33.09,33.09,-2.8259934e-05,33.09,0.00010025346,208,208,51,0.0005350343,0.0036510106,6.05783e-06,0.20153035,0
1100,18.333334,4.6186787e-07,33.08997,33.08997,-3.1756495e-05,33.08997,0.00010030179,208,208,51,0.00053083623,0.0036616337,6.0202997e-06,0.20152965,0
1101,18.35,4.5995208e-07,33.089935,33.089935,-3.22554e-05,33.089935,0.00010023419,208,208,51,0.0005279945,0.0036479153,5.927273e-06,0.20152912,0
1102,18.366667,4.5921536e-07,33.0899,33.0899,-3.4581793e-05,33.0899,0.00010028894,208,208,51,0.0005275448,0.00361751,5.9027116e-06,0.20152834,0
1103,18.383333,4.5732804e-07,33.08987,33.08987,-3.1091586e-05,33.08987,0.00010025195,208,208,51,0.00052416965,0.0036256472,5.8255696e-06,0.20152776,0
1104,18.4,4.566929e-07,33.08984,33.08984,-3.059157e-05,33.08984,0.00010024254,207,207,51,0.0005224143,0.003588719,5.7533057e-06,0.2015272,0
1105,18.416666,4.3705285e-07,33.08981,33.08981,-3.210687e-05,33.08981,0.00010023106,207,207,51,0.0005125113,0.002950671,5.67329e-06,0.20152652,0
1106,18.433332,4.2865008e-07,33.08978,33.08978,-3.0599338e-05,33.08978,0.00010025044,207,207,51,0.00051133975,0.0026312901,5.5745163e-06,0.2015259,0
1107,18.45,5.017325e-07,33.08974,33.089745,-3.467423e-05,33.089745,0.00010023917,207,207,51,0.0005243042,0.004635912,5.4790917e-06,0.20152523,0
1108,18.466667,4.3185784e-07,33.08971,33.08971,-3.066081e-05,33.08971,0.000100294084,206,206,51,0.0005059637,0.0027190687,5.3956824e-06,0.2015246,0
1109,18.483334,4.2659207e-07,33.08968,33.08968,-3.0596202e-05,33.08968,0.00010027036,206,206,51,0.0005081283,0.0026127505,5.385057e-06,0.20152394,0
1110,18.5,5.081143e-07,33.08965,33.08965,-3.1174433e-05,33.08965,0.00010027641,206,206,51,0.0005213156,0.0049210517,5.3384497e-06,0.20152335,0
1111,18.516666,4.2976782e-07,33.08962,33.08962,-3.2165575e-05,33.08962,0.00010028312,206,206,51,0.0004985078,0.002882118,5.3088993e-06,0.20152268,0
1112,18.533333,4.3093215e-07,33.089584,33.089584,-3.2086067e-05,33.089584,0.00010022638,206,206,51,0.0005007421,0.0028762368,5.275241e-06,0.20152207,0
1113,18.55,4.290236e-07,33.08955,33.089554,-3.3917946e-05,33.089554,0.000100219004,206,206,51,0.0004964777,0.002877526,5.257357e-06,0.20152138,0
1114,18.566668,4.2902107e-07,33.089516,33.089516,-3.624361e-05,33.089516,0.000100234145,206,206,51,0.00049715023,0.0028546054,5.2099863e-06,0.20152064,0
1115,18.583334,4.2823663e-07,33.08949,33.08949,-2.5604068e-05,33.08949,0.00010031105,206,206,51,0.0004944509,0.0028647396,5.1490692e-06,0.2015201,0
1116,18.6,4.2868194e-07,33.08946,33.08946,-3.2086784e-05,33.08946,0.00010030463,207,207,51,0.0004960345,0.0028310157,5.1617258e-06,0.20151943,0
1117,18.616667,4.2521756e-07,33.089424,33.089424,-3.491703e-05,33.089424,0.0001002557,207,207,51,0.0004903694,0.0028048037,5.105003e-06,0.20151871,0
1118,18.633333,4.2533196e-07,33.089386,33.089386,-3.6243495e-05,33.089386,0.00010021097,207,207,51,0.00049160013,0.0028076768,5.055576e-06,0.20151803,0
1119,18.65,4.234718e-07,33.08936,33.08936,-2.6436419e-05,33.08936,0.000100246354,207,207,51,0.00048739114,0.0028034064,4.992124e-06,0.20151748,0
1120,18.666666,4.2395416e-07,33.08933,33.08933,-3.2253003e-05,33.08933,0.00010023252,210,210,52,0.00048697603,0.0028081925,4.9783926e-06,0.20151682,0
1121,18.683332,4.2441718e-07,33.089294,33.089294,-3.3416807e-05,33.089294,0.0001002288,210,210,52,0.00048677993,0.002807709,4.962565e-06,0.20151615,0
1122,18.7,4.2500363e-07,33.089264,33.089264,-3.1255368e-05,33.089264,0.00010026696,210,210,52,0.0004865178,0.0028019552,4.9531636e-06,0.2015155,0
1123,18.716667,4.2309355e-07,33.08923,33.08923,-3.2255397e-05,33.08923,0.00010025568,210,210,52,0.000486213,0.0027801183,4.8930065e-06,0.20151487,0
1124,18.733334,4.1866264e-07,33.0892,33.0892,-3.1260388e-05,33.0892,0.000100252575,210,210,52,0.00047852664,0.0027641398,4.798134e-06,0.20151418,0
1125,18.75,4.2041347e-07,33.08917,33.08917,-3.0921696e-05,33.08917,0.000100235484,210,210,52,0.00047960356,0.0027789637,4.7387875e-06,0.20151356,0
1126,18.766666,4.2159797e-07,33.08913,33.089134,-3.6574933e-05,33.089134,0.000100240235,210,210,52,0.00048242786,0.0027550957,4.779159e-06,0.20151284,0
1127,18.783333,4.197088e-07,33.089104,33.089104,-2.9096529e-05,33.089104,0.000100305355,210,210,52,0.00047821112,0.0027527227,4.7275057e-06,0.20151226,0
1128,18.8,4.1923965e-07,33.08907,33.08907,-3.3916505e-05,33.08907,0.00010024286,211,211,52,0.00047712744,0.0027532247,4.7180984e-06,0.20151158,0
1129,18.816668,4.1013334e-07,33.089035,33.089035,-3.4091398e-05,33.089035,0.00010023668,210,210,52,0.000465984,0.0024959291,4.594935e-06,0.20151085,0
1130,18.833334,3.9851463e-07,33.089005,33.089005,-3.1267573e-05,33.089005,0.000100223995,210,210,52,0.00045658878,0.0021071734,4.0687396e-06,0.20151022,0
1131,18.85,3.9565288e-07,33.08897,33.08897,-3.2256346e-05,33.08897,0.0001002368,210,210,52,0.00045482384,0.0020639135,3.7628106e-06,0.20150957,0
1132,18.866667,3.953762e-07,33.08894,33.08894,-3.0757466e-05,33.08894,0.00010028845,210,210,52,0.00045331396,0.0020512224,3.6694203e-06,0.20150898,0
1133,18.883333,3.9419243e-07,33.08892,33.08892,-2.0949325e-05,33.08892,0.000100308825,210,210,52,0.00045161217,0.0020459306,3.638888e-06,0.20150863,0
1134,18.9,4.2069922e-07,33.088898,33.088898,-2.2085418e-05,33.088898,0.000100218764,210,210,52,0.00042922844,0.0031724353,3.6308934e-06,0.20150822,0
1135,18.916666,4.567602e-07,33.088867,33.08887,-2.8726068e-05,33.08887,0.00010029143,210,210,52,0.00045647332,0.003966894,3.6474717e-06,0.20150767,0
1136,18.933332,3.9418896e-07,33.088844,33.08885,-2.3172028e-05,33.08885,0.000100255034,211,211,53,0.00043632372,0.0022501089,3.6068764e-06,0.2015073,0
1137,18.95,4.184016e-07,33.088818,33.088818,-2.9236682e-05,33.088818,0.00010027088,211,211,53,0.0004534434,0.0025859722,3.582969e-06,0.2015068,0
1138,18.966667,5.424297e-07,33.08879,33.08879,-2.6975551e-05,33.08879,0.00010025908,211,211,53,0.0005083843,0.003017077,3.7387672e-06,0.20150636,0
1139,18.983334,2.927394e-06,33.08875,33.088753,-3.7682512e-05,33.088753,0.00010041167,212,212,53,0.0010654328,0.013642737,8.81199e-06,0.20150551,0
1140,19,4.3107807e-06,33.08872,33.088722,-3.0205078e-05,33.088722,0.000100369114,212,212,53,0.0014330447,0.016045818,1.9090816e-05,0.20150521,0
1141,19.016666,7.73408e-06,33.0887,33.088707,-1.6859822e-05,33.088707,0.00010033656,212,212,53,0.0020101299,0.0199228,2.729562e-05,0.20150521,0
1142,19.033333,7.65264e-07,33.088688,33.08869,-1.5447824e-05,33.08869,0.00010023623,212,212,53,0.0007954956,0.0030303006,1.6693444e-05,0.20150523,0
1143,19.05,2.7496648e-07,33.08867,33.08867,-1.9277122e-05,33.08867,0.00010019543,212,212,53,0.00041827955,0.0019826477,7.950392e-06,0.20150483,0
1144,19.066668,2.4765816e-07,33.088646,33.088646,-2.3469274e-05,33.088646,0.00010015877,212,212,53,0.0003545615,0.0014469298,2.953673e-06,0.2015044,0
1145,19.083334,2.591512e-07,33.088623,33.088623,-2.4760515e-05,33.088623,0.00010031463,212,212,53,0.00036994205,0.0016022405,2.5708791e-06,0.20150399,0
1146,19.1,2.6450968e-07,33.088604,33.088604,-1.6786405e-05,33.088604,0.00010022569,212,212,53,0.00038192698,0.0016652751,2.979224e-06,0.20150359,0
1147,19.116667,2.631895e-07,33.08858,33.088585,-2.2612012e-05,33.088585,0.00010019765,212,212,53,0.0003796816,0.0016258451,3.0622023e-06,0.2015032,0
1148,19.133333,2.612629e-07,33.088566,33.088566,-1.6294924e-05,33.088566,0.00010022399,212,212,53,0.00037456688,0.001588723,2.9934174e-06,0.20150284,0
1149,19.15,2.6306077e-07,33.088543,33.088543,-2.3606424e-05,33.088543,0.00010019524,212,212,53,0.0003766489,0.0015981109,3.0577955e-06,0.20150237,0
1150,19.166666,2.6783007e-07,33.088524,33.088524,-1.8449544e-05,33.088524,0.00010025503,212,212,53,0.0003831868,0.0016185935,3.0893304e-06,0.201502,0
1151,19.183332,2.6955738e-07,33.0885,33.0885,-2.4105258e-05,33.0885,0.000100204394,212,212,53,0.00038440578,0.001635697,3.198921e-06,0.20150153,0
1152,19.2,2.7209893e-07,33.088486,33.088486,-1.5791691e-05,33.088486,0.000100226775,212,212,53,0.00038715967,0.0015869599,3.2452388e-06,0.20150119,0
1153,19.216667,2.7428982e-07,33.08846,33.08846,-2.5102327e-05,33.08846,0.00010024742,212,212,53,0.00038788113,0.0015896317,3.3291099e-06,0.20150073,0
1154,19.233334,2.7313553e-07,33.088436,33.088436,-2.311061e-05,33.088436,0.00010020741,212,212,53,0.0003890056,0.001595,3.384778e-06,0.2015003,0
1155,19.25,2.7532727e-07,33.08842,33.08842,-1.5958296e-05,33.08842,0.00010020351,212,212,53,0.00038825267,0.0016463983,3.502995e-06,0.20149994,0
1156,19.266666,2.8046898e-07,33.088394,33.088394,-2.8091967e-05,33.088394,0.000100257224,212,212,53,0.00039324007,0.0015897042,3.4341301e-06,0.20149942,0
1157,19.283333,2.8355552e-07,33.088375,33.088375,-1.5791145e-05,33.088375,0.00010019581,212,212,53,0.00039585796,0.0016279442,3.5535738e-06,0.20149904,0
1158,19.3,2.8860114e-07,33.08836,33.08836,-1.8116758e-05,33.08836,0.00010023301,212,212,53,0.00039765975,0.0015619029,3.7372804e-06,0.20149864,0
1159,19.316668,2.850122e-07,33.088337,33.088337,-2.261428e-05,33.088337,0.000100261095,212,212,53,0.00039799995,0.0016140015,3.5296378e-06,0.20149823,0
1160,19.333334,2.8612723e-07,33.088318,33.088318,-1.7621924e-05,33.088318,0.00010023291,212,212,53,0.00039928246,0.0016240478,3.6515528e-06,0.20149781,0
1161,19.35,2.8307795e-07,33.088295,33.088295,-2.3777526e-05,33.088295,0.00010028026,212,212,53,0.0003931348,0.0016085046,3.6465174e-06,0.20149726,0
1162,19.366667,2.841285e-07,33.088276,33.088276,-1.8952029e-05,33.088276,0.00010021178,212,212,53,0.00039599894,0.0015929247,3.5829657e-06,0.20149687,0
1163,19.383333,2.8565583e-07,33.088257,33.088257,-1.9117808e-05,33.088257,0.000100266334,212,212,53,0.00039677258,0.0016085397,3.5703e-06,0.20149656,0
1164,19.4,2.8365264e-07,33.088234,33.088234,-2.2113929e-05,33.088234,0.0001001986,212,212,53,0.00039212935,0.0015827005,3.580219e-06,0.20149612,0
1165,19.416666,2.850722e-07,33.08821,33.08821,-2.161174e-05,33.08821,0.00010018233,212,212,53,0.0003958121,0.0016460873,3.5668158e-06,0.2014957,0
1166,19.433332,2.856535e-07,33.088192,33.088192,-2.0781305e-05,33.088192,0.00010023015,212,212,53,0.0003953189,0.0015804915,3.556361e-06,0.20149527,0
1167,19.45,2.8485442e-07,33.088173,33.088173,-1.8288858e-05,33.088173,0.000100181795,212,212,53,0.0003942549,0.0015768472,3.527193e-06,0.20149486,0
1168,19.466667,2.844121e-07,33.088154,33.088154,-1.8787267e-05,33.088154,0.00010017604,212,212,53,0.00039360562,0.0015468808,3.5189437e-06,0.20149446,0
1169,19.483334,2.8526995e-07,33.08813,33.08813,-2.3939874e-05,33.08813,0.000100200705,212,212,53,0.0003937177,0.0015372236,3.5228363e-06,0.20149398,0
1170,19.5,2.8467895e-07,33.088108,33.088108,-2.1780006e-05,33.088108,0.00010025577,212,212,53,0.00039300532,0.0015509622,3.4963546e-06,0.20149358,0
1171,19.516666,2.837007e-07,33.088093,33.088093,-1.7956527e-05,33.088093,0.000100195415,212,212,53,0.00039155417,0.0015243441,3.4728987e-06,0.20149316,0
1172,19.533333,2.845731e-07,33.088066,33.088066,-2.4438625e-05,33.088066,0.00010025603,212,212,53,0.00039178823,0.0015136815,3.4601808e-06,0.20149273,0
1173,19.55,2.8343527e-07,33.088047,33.088047,-2.0450512e-05,33.088047,0.000100224104,212,212,53,0.0003911124,0.0015729704,3.4434606e-06,0.2014923,0
1174,19.566668,2.8376542e-07,33.08803,33.08803,-1.4796372e-05,33.08803,0.00010024725,212,212,53,0.0003904879,0.0015125582,3.438315e-06,0.20149189,0
1175,19.583334,2.84139e-07,33.088005,33.088005,-2.4937888e-05,33.088005,0.000100202065,212,212,53,0.00039037727,0.0014892138,3.4253148e-06,0.20149145,0
1176,19.6,2.8259927e-07,33.08799,33.08799,-1.7790833e-05,33.08799,0.000100221936,212,212,53,0.000388603,0.0014846812,3.3810095e-06,0.20149104,0
1177,19.616667,2.8282545e-07,33.087967,33.087967,-2.3275485e-05,33.087967,0.0001002206,212,212,53,0.00038820624,0.0014706345,3.3836773e-06,0.2014905,0
1178,19.633333,2.8283955e-07,33.087948,33.087948,-1.6459238e-05,33.087948,0.00010020724,212,212,53,0.00038793203,0.001463429,3.3309227e-06,0.20149022,0
1179,19.65,2.82126e-07,33.087925,33.087925,-2.3608934e-05,33.087925,0.00010021391,212,212,53,0.000386765,0.0014431166,3.33293e-06,0.20148978,0
1180,19.666666,2.822949e-07,33.08791,33.08791,-1.6126574e-05,33.08791,0.00010025455,212,212,53,0.0003879663,0.0016008478,3.322257e-06,0.2014894,0
1181,19.683332,2.8299468e-07,33.087883,33.087883,-2.5602583e-05,33.087883,0.00010021735,212,212,53,0.00038668502,0.0014399149,3.3321228e-06,0.2014889,0
1182,19.7,2.815676e-07,33.087868,33.087868,-1.71257e-05,33.087868,0.00010023392,212,212,53,0.0003854817,0.0014300784,3.2829205e-06,0.20148852,0
1183,19.716667,2.8177672e-07,33.087845,33.087845,-2.061542e-05,33.087845,0.000100191086,212,212,53,0.00038513658,0.0014241365,3.2781923e-06,0.2014881,0
1184,19.733334,2.8168532e-07,33.087826,33.087826,-2.1613252e-05,33.087826,0.00010022869,212,212,53,0.00038513474,0.0014591345,3.2732844e-06,0.20148763,0
1185,19.75,2.816434e-07,33.087807,33.087807,-1.662555e-05,33.087807,0.00010021686,212,212,53,0.00038434597,0.001423633,3.2325422e-06,0.20148727,0
1186,19.766666,2.8082664e-07,33.087784,33.087784,-2.2278997e-05,33.087784,0.00010021463,212,212,53,0.00038348668,0.0013908554,3.254654e-06,0.2014868,0
1187,19.783333,2.8063977e-07,33.087765,33.087765,-2.044956e-05,33.087765,0.00010021918,213,213,53,0.00038394265,0.0015913999,3.217911e-06,0.2014864,0
1188,19.8,2.8117793e-07,33.08774,33.08774,-2.1612623e-05,33.08774,0.00010020891,213,213,53,0.00038304974,0.0013820993,3.2169446e-06,0.20148595,0
1189,19.816668,2.8047825e-07,33.087727,33.087727,-1.7789993e-05,33.087727,0.00010020322,213,213,53,0.00038224438,0.0013686409,3.1958732e-06,0.20148554,0
1190,19.833334,2.8041103e-07,33.087704,33.087704,-2.1945738e-05,33.087704,0.000100197154,213,213,53,0.00038194473,0.0014257872,3.1843908e-06,0.20148513,0
1191,19.85,2.7979314e-07,33.087685,33.087685,-1.8288676e-05,33.087685,0.00010024045,213,213,53,0.00038084737,0.0013487343,3.1620261e-06,0.20148474,0
1192,19.866667,2.8107968e-07,33.08766,33.08766,-2.2609405e-05,33.08766,0.00010027659,213,213,53,0.00038236773,0.0014546077,3.167523e-06,0.20148426,0
1193,19.883333,2.8059583e-07,33.087643,33.087643,-1.9286073e-05,33.087643,0.000100273945,213,213,53,0.00038073343,0.0013550097,3.1711277e-06,0.20148382,0
1194,19.9,2.8049996e-07,33.087624,33.087624,-1.911943e-05,33.087624,0.000100254874,213,213,53,0.0003808814,0.0013497462,3.1475126e-06,0.20148344,0
1195,19.916666,2.7976648e-07,33.087605,33.087605,-1.8455048e-05,33.087605,0.00010018825,213,213,53,0.00037746783,0.0013526249,3.1531706e-06,0.20148304,0
1196,19.933332,2.7942434e-07,33.087585,33.087585,-2.0449717e-05,33.087585,0.00010025713,213,213,53,0.0003790391,0.0013245167,3.140534e-06,0.20148261,0
1197,19.95,2.806538e-07,33.087563,33.087563,-2.3274482e-05,33.087563,0.00010024017,213,213,53,0.00038025426,0.0013645735,3.120158e-06,0.20148216,0
1198,19.966667,2.806481e-07,33.087543,33.087543,-1.8620574e-05,33.087543,0.00010018818,213,213,53,0.00037962265,0.0013113294,3.1065808e-06,0.20148174,0
1199,19.983334,2.8153397e-07,33.087517,33.087517,-2.510363e-05,33.087517,0.000100223304,213,213,53,0.00038014146,0.0013217727,3.1112006e-06,0.20148128,0
1200,20,2.811667e-07,33.0875,33.0875,-1.57946e-05,33.0875,0.000100229765,213,213,53,0.0003801978,0.0013538597,3.1182767e-06,0.20148091,0
1201,20.016666,2.8015413e-07,33.087482,33.087482,-2.1115407e-05,33.087482,0.00010021589,213,213,53,0.00038000135,0.0015156643,3.096463e-06,0.20148045,0
1202,20.033333,2.7915814e-07,33.087463,33.087463,-1.7956545e-05,33.087463,0.000100177735,213,213,53,0.00037724138,0.0012894599,3.0817694e-06,0.20148003,0
1203,20.05,2.8004015e-07,33.08744,33.08744,-2.1279768e-05,33.08744,0.00010020149,210,210,52,0.00037814397,0.001281118,3.0734795e-06,0.20147961,0
1204,20.066668,2.809387e-07,33.08742,33.087425,-1.8952182e-05,33.087425,0.00010021897,210,210,52,0.00037883554,0.0012928407,3.0789633e-06,0.2014792,0
1205,20.083334,2.814557e-07,33.087402,33.087402,-2.1113878e-05,33.087402,0.00010022054,210,210,52,0.0003783601,0.0012886507,3.065863e-06,0.20147873,0
1206,20.1,2.809507e-07,33.08738,33.08738,-2.1613665e-05,33.08738,0.00010024256,210,210,52,0.00037736128,0.0012644771,3.0516449e-06,0.20147832,0
1207,20.116667,2.810628e-07,33.087357,33.08736,-2.2111813e-05,33.08736,0.00010020281,210,210,52,0.0003793282,0.0014369306,3.0536899e-06,0.20147789,0
1208,20.133333,2.7895496e-07,33.08734,33.08734,-1.8290166e-05,33.08734,0.0001002341,210,210,52,0.00037704527,0.0014167514,3.05981e-06,0.20147738,0
1209,20.15,2.8161722e-07,33.08732,33.08732,-2.0612968e-05,33.08732,0.000100214405,210,210,52,0.0003772048,0.0012674154,3.0089866e-06,0.20147705,0
1210,20.166666,2.798252e-07,33.087296,33.087296,-2.2279974e-05,33.087296,0.00010019542,209,209,52,0.00037630362,0.0012393957,3.0288554e-06,0.2014766,0
1211,20.183332,2.807788e-07,33.087273,33.087273,-2.3939778e-05,33.087273,0.000100223624,209,209,52,0.00037633258,0.0012411338,3.0321105e-06,0.20147607,0
1212,20.2,2.7988938e-07,33.087254,33.087254,-2.1447795e-05,33.087254,0.000100191304,209,209,52,0.0003771622,0.0014672516,3.006171e-06,0.2014757,0
1213,20.216667,2.7974016e-07,33.08724,33.08724,-1.46305965e-05,33.08724,0.00010025506,209,209,52,0.00037575542,0.001236302,2.9953849e-06,0.2014753,0
1214,20.233334,2.810687e-07,33.08722,33.08722,-1.828673e-05,33.08722,0.000100244695,209,209,52,0.00037562617,0.0012089548,2.9781615e-06,0.20147492,0
1215,20.25,2.8021833e-07,33.0872,33.0872,-1.9785204e-05,33.0872,0.000100195975,209,209,52,0.0003747663,0.0012193127,2.988266e-06,0.20147449,0
1216,20.266666,2.803479e-07,33.087173,33.087173,-2.6933194e-05,33.087173,0.00010021301,209,209,52,0.00037482716,0.0011988371,2.993556e-06,0.20147401,0
1217,20.283333,2.8030846e-07,33.08715,33.08715,-1.9950648e-05,33.08715,0.00010019146,209,209,52,0.00037618747,0.001363415,2.9668063e-06,0.20147356,0
1218,20.3,2.793595e-07,33.087135,33.087135,-1.5795182e-05,33.087135,0.000100234014,209,209,52,0.00037455355,0.0012751647,2.9722069e-06,0.20147319,0
1219,20.316668,2.8004592e-07,33.087112,33.087112,-2.5602596e-05,33.087112,0.00010019542,209,209,52,0.00037541916,0.0013857785,2.9845728e-06,0.20147271,0
1220,20.333334,2.8016441e-07,33.087097,33.087097,-1.4131563e-05,33.087097,0.000100272904,209,209,52,0.0003741407,0.0011704953,2.978212e-06,0.20147231,0
1221,20.35,2.793493e-07,33.087074,33.087074,-2.2278997e-05,33.087074,0.000100226964,209,209,52,0.00037338087,0.0011629444,2.982758e-06,0.20147187,0
1222,20.366667,2.8057306e-07,33.08705,33.08705,-2.3440743e-05,33.08705,0.00010019802,209,209,52,0.00037429703,0.0011462359,2.9988691e-06,0.2014714,0
1223,20.383333,2.8024957e-07,33.087036,33.087036,-1.6625832e-05,33.087036,0.00010019612,209,209,52,0.00037388,0.0011421251,2.9852797e-06,0.20147102,0
1224,20.4,2.812071e-07,33.08701,33.08701,-2.3939774e-05,33.08701,0.00010020245,209,209,52,0.00037427194,0.0011512196,3.0051103e-06,0.20147054,0
1225,20.416666,2.8153866e-07,33.08699,33.086994,-1.8121473e-05,33.086994,0.00010027638,209,209,52,0.00037386557,0.0011437308,2.9616592e-06,0.20147014,0
1226,20.433332,2.8208493e-07,33.08697,33.08697,-2.2277634e-05,33.08697,0.00010019856,209,209,52,0.0003744658,0.0011479675,2.9810717e-06,0.20146972,0
1227,20.45,2.816972e-07,33.086952,33.086952,-1.8454703e-05,33.086952,0.000100224184,209,209,52,0.00037411362,0.0011358768,2.9806308e-06,0.20146929,0
1228,20.466667,2.8079157e-07,33.086926,33.086926,-2.5105423e-05,33.086926,0.00010016535,209,209,52,0.00037361446,0.0011356596,3.039262e-06,0.2014687,0
1229,20.483334,2.8065725e-07,33.086906,33.086906,-2.177955e-05,33.086906,0.00010021039,209,209,52,0.00037324982,0.0011274433,2.9963198e-06,0.20146827,0
1230,20.5,2.8174617e-07,33.08689,33.08689,-1.3465573e-05,33.08689,0.00010021227,209,209,52,0.0003739457,0.0011153262,2.9678897e-06,0.20146796,0
1231,20.516666,2.820631e-07,33.086872,33.086872,-1.7622722e-05,33.086872,0.00010019543,209,209,52,0.00037453824,0.0011529494,2.9898245e-06,0.2014676,0
1232,20.533333,2.8075453e-07,33.086845,33.086845,-2.9760968e-05,33.086845,0.00010019303,209,209,52,0.00037281655,0.0011154916,3.0211584e-06,0.20146702,0
1233,20.55,2.804652e-07,33.086826,33.086826,-1.6792052e-05,33.086826,0.00010021361,209,209,52,0.00037280095,0.0011024543,2.990218e-06,0.20146665,0
1234,20.566668,2.8150095e-07,33.08681,33.08681,-1.51281765e-05,33.08681,0.000100278005,209,209,52,0.0003731252,0.0011006714,2.9878702e-06,0.20146628,0
1235,20.583334,2.8296625e-07,33.08679,33.08679,-2.4770541e-05,33.08679,0.00010020133,209,209,52,0.0003743828,0.0010970931,3.0108972e-06,0.20146582,0
1236,20.6,2.8115795e-07,33.086765,33.086765,-2.2778755e-05,33.086765,0.00010019373,209,209,52,0.00037287938,0.0010896599,3.0427134e-06,0.20146526,0
1237,20.616667,2.8331792e-07,33.086742,33.086742,-2.2109765e-05,33.086742,0.00010024555,210,210,52,0.00037418416,0.001084572,3.0179856e-06,0.20146483,0
1238,20.633333,2.819482e-07,33.086723,33.086727,-1.6959388e-05,33.086727,0.00010019167,210,210,52,0.0003732269,0.0010707029,2.9864148e-06,0.20146447,0
1239,20.65,2.8186832e-07,33.086704,33.086704,-2.1613241e-05,33.086704,0.000100183715,210,210,52,0.00037274038,0.0010836542,3.0038111e-06,0.20146403,0
1240,20.666666,2.8470384e-07,33.086685,33.086685,-1.8783989e-05,33.086685,0.000100195175,210,210,52,0.00037493632,0.0010825025,3.0121407e-06,0.20146362,0
1241,20.683332,2.834988e-07,33.086662,33.086662,-2.2944407e-05,33.086662,0.0001001681,210,210,52,0.00037364083,0.001085394,3.0241247e-06,0.20146315,0
1242,20.7,2.8166687e-07,33.086643,33.086643,-1.8456147e-05,33.086643,0.00010020192,210,210,52,0.0003725439,0.0010691471,3.0179963e-06,0.20146275,0
1243,20.716667,2.8412063e-07,33.086624,33.086624,-2.0280666e-05,33.086624,0.00010026493,210,210,52,0.00037390649,0.0010679691,3.0172912e-06,0.20146227,0
1244,20.733334,2.831437e-07,33.0866,33.0866,-2.1281627e-05,33.0866,0.0001001986,210,210,52,0.00037290045,0.0010673607,3.0134672e-06,0.20146185,0
1245,20.75,2.8338906e-07,33.086582,33.086582,-2.0116619e-05,33.086582,0.00010023875,210,210,52,0.00037312406,0.001065682,2.9958087e-06,0.20146145,0
1246,20.766666,2.8275744e-07,33.086563,33.086563,-1.7956181e-05,33.086563,0.00010020417,210,210,52,0.00037400398,0.0011442964,3.0171384e-06,0.20146097,0
1247,20.783333,2.8273715e-07,33.086544,33.086544,-1.8454335e-05,33.086544,0.00010023339,210,210,52,0.00037274303,0.0010364517,3.0096662e-06,0.20146063,0
1248,20.8,2.8354748e-07,33.08652,33.08652,-2.427243e-05,33.08652,0.0001002234,210,210,52,0.00037358285,0.0010255656,3.0513006e-06,0.20146006,0
1249,20.816668,2.8307866e-07,33.086502,33.086502,-1.8288527e-05,33.086502,0.000100218414,210,210,52,0.00037276465,0.0010319386,3.0288338e-06,0.20145974,0
1250,20.833334,2.831016e-07,33.086483,33.086483,-1.8620545e-05,33.086483,0.00010018388,210,210,52,0.0003731231,0.0010185377,3.0205072e-06,0.20145929,0
1251,20.85,2.8619215e-07,33.08646,33.08646,-2.3605131e-05,33.08646,0.00010021155,210,210,52,0.00037465748,0.0010427348,3.0404394e-06,0.20145881,0
1252,20.866667,2.8533498e-07,33.08644,33.08644,-2.0450232e-05,33.08644,0.00010019716,210,210,52,0.00037575423,0.0011943923,3.032426e-06,0.20145841,0
1253,20.883333,2.8539128e-07,33.08642,33.08642,-2.0615575e-05,33.08642,0.00010018538,210,210,52,0.0003755159,0.0011176683,3.0491187e-06,0.20145793,0
1254,20.9,2.8510155e-07,33.086403,33.086403,-1.6127033e-05,33.086403,0.00010023835,210,210,52,0.00037558065,0.0011884904,3.0718495e-06,0.20145753,0
1255,20.916666,2.8535132e-07,33.086384,33.086384,-2.0947891e-05,33.086384,0.00010032138,210,210,52,0.00037554846,0.0011247502,3.0612061e-06,0.20145714,0
1256,20.933332,2.8406564e-07,33.08636,33.08636,-2.1281936e-05,33.08636,0.00010022274,210,210,52,0.00037346542,0.0009955289,3.0496356e-06,0.20145667,0
1257,20.95,2.8394993e-07,33.08634,33.086346,-1.7623155e-05,33.086346,0.0001002138,210,210,52,0.0003728238,0.0010157281,3.0533263e-06,0.20145628,0
1258,20.966667,2.8711563e-07,33.086323,33.086323,-1.9947443e-05,33.086323,0.00010021271,210,210,52,0.00037517402,0.0010205642,3.0709655e-06,0.20145583,0
1259,20.983334,2.872977e-07,33.0863,33.0863,-2.2444254e-05,33.0863,0.000100204044,210,210,52,0.00037753824,0.0013992259,3.0748095e-06,0.20145534,0
1260,21,2.86943e-07,33.086285,33.086285,-1.7457138e-05,33.086285,0.0001002029,210,210,52,0.00037765756,0.0014164028,3.0814065e-06,0.20145497,0
1261,21.016666,2.8464584e-07,33.08626,33.08626,-2.1615459e-05,33.08626,0.00010027642,210,210,52,0.00037372118,0.0009823577,3.084022e-06,0.20145452,0
1262,21.033333,2.8476887e-07,33.086243,33.086243,-2.0282996e-05,33.086243,0.00010018784,210,210,52,0.00037335983,0.0009994829,3.0768638e-06,0.20145407,0
1263,21.05,2.869759e-07,33.086224,33.086224,-1.9449637e-05,33.086224,0.00010023558,210,210,52,0.00037453172,0.0010009367,3.0849121e-06,0.20145364,0
1264,21.066668,2.8720427e-07,33.086197,33.086197,-2.410676e-05,33.086197,0.00010023411,210,210,52,0.00037543793,0.0010053961,3.0974356e-06,0.20145315,0
1265,21.083334,2.8682575e-07,33.086174,33.086174,-2.36086e-05,33.086174,0.000100162295,210,210,52,0.00037516403,0.0009893135,3.1265467e-06,0.20145261,0
1266,21.1,2.8766482e-07,33.086163,33.086163,-1.3133313e-05,33.086163,0.000100231584,210,210,52,0.00037558263,0.000977526,3.0877761e-06,0.20145233,0
1267,21.116667,2.8824635e-07,33.08614,33.08614,-2.327513e-05,33.08614,0.000100242585,210,210,52,0.00037572888,0.0009940539,3.1224279e-06,0.20145185,0
1268,21.133333,2.8784254e-07,33.08612,33.08612,-1.7789698e-05,33.08612,0.000100194935,210,210,52,0.0003754412,0.000998181,3.1344036e-06,0.20145142,0
1269,21.15,2.882554e-07,33.086098,33.086098,-2.2277767e-05,33.086098,0.00010024718,209,209,52,0.0003771793,0.0010830032,3.122842e-06,0.20145097,0
1270,21.166666,2.8830394e-07,33.08607,33.086075,-2.5436979e-05,33.086075,0.000100208126,209,209,52,0.00037595798,0.00096284883,3.1206548e-06,0.20145048,0
1271,21.183332,2.8666747e-07,33.086052,33.086052,-1.9120971e-05,33.086052,0.000100253084,209,209,52,0.00037469712,0.0009673936,3.1370512e-06,0.20145005,0
1272,21.2,2.8712756e-07,33.08604,33.08604,-1.3798712e-05,33.08604,0.00010024665,209,209,52,0.00037526194,0.00096670433,3.127525e-06,0.2014497,0
1273,21.216667,2.8744782e-07,33.086018,33.086018,-2.1446585e-05,33.086018,0.00010025839,209,209,52,0.00037664975,0.0011410427,3.1417692e-06,0.20144916,0
1274,21.233334,2.8835808e-07,33.085995,33.085995,-2.5436117e-05,33.085995,0.000100155805,209,209,52,0.00037645255,0.0009592425,3.1536042e-06,0.20144872,0
1275,21.25,2.9011395e-07,33.08597,33.08597,-2.0447618e-05,33.08597,0.00010023026,209,209,52,0.0003775044,0.0009671814,3.163534e-06,0.20144829,0
1276,21.266666,2.8834978e-07,33.085953,33.085957,-1.7957313e-05,33.085957,0.000100282334,209,209,52,0.00037698654,0.0010699292,3.1458324e-06,0.2014479,0
1277,21.283333,2.8824866e-07,33.08594,33.08594,-1.4796803e-05,33.08594,0.00010027703,209,209,52,0.0003769269,0.0010534117,3.133281e-06,0.2014475,0
1278,21.3,2.890782e-07,33.085915,33.085915,-2.4771178e-05,33.085915,0.000100189354,212,212,53,0.00037610176,0.0009635225,3.1577335e-06,0.20144701,0
1279,21.316668,2.8764367e-07,33.08589,33.08589,-2.2944636e-05,33.08589,0.000100194346,212,212,53,0.00037444182,0.0009458804,3.1162733e-06,0.20144653,0
1280,21.333334,2.8760658e-07,33.08587,33.085873,-2.1446942e-05,33.085873,0.00010018651,212,212,53,0.00037575528,0.00097225676,3.122821e-06,0.20144601,0
1281,21.35,2.8761775e-07,33.08585,33.08585,-2.094813e-05,33.08585,0.00010024789,212,212,53,0.00037503714,0.0009425179,3.1264983e-06,0.20144565,0
1282,21.366667,2.8928724e-07,33.08583,33.08583,-2.0447706e-05,33.08583,0.00010018486,212,212,53,0.00037829962,0.0013168949,3.1338277e-06,0.20144519,0
1283,21.383333,2.887499e-07,33.08581,33.08581,-1.612728e-05,33.08581,0.00010029817,212,212,53,0.00037642472,0.00095862703,3.1459472e-06,0.20144482,0
1284,21.4,2.8826338e-07,33.085793,33.085793,-2.0449861e-05,33.085793,0.00010021803,212,212,53,0.0003756622,0.0009166443,3.1481977e-06,0.20144436,0
1285,21.416666,2.8909298e-07,33.08577,33.08577,-2.127982e-05,33.08577,0.00010027198,212,212,53,0.00037623203,0.00094478426,3.1644581e-06,0.20144394,0
1286,21.433332,2.905823e-07,33.08575,33.08575,-1.9450355e-05,33.08575,0.00010025421,212,212,53,0.00037826513,0.0010472315,3.1765323e-06,0.20144348,0
1287,21.45,2.9017463e-07,33.085735,33.085735,-1.7623446e-05,33.085735,0.00010020139,212,212,53,0.00037763797,0.0009545119,3.18861e-06,0.20144306,0
1288,21.466667,2.8964783e-07,33.085712,33.085712,-2.1114922e-05,33.085712,0.00010024293,212,212,53,0.0003765591,0.00093836815,3.211393e-06,0.2014426,0
1289,21.483334,2.9096225e-07,33.085686,33.085686,-2.626699e-05,33.085686,0.00010018664,212,212,53,0.00037981977,0.0014101728,3.192662e-06,0.2014421,0
1290,21.5,2.9147e-07,33.08567,33.08567,-1.629249e-05,33.08567,0.00010023541,212,212,53,0.000377756,0.000934683,3.204706e-06,0.2014417,0
1291,21.516666,2.9182658e-07,33.085648,33.085648,-2.244408e-05,33.085648,0.000100207675,211,211,53,0.000377384,0.00093703344,3.2125092e-06,0.20144121,0
1292,21.533333,2.907532e-07,33.085632,33.085632,-1.629407e-05,33.085632,0.00010027003,211,211,53,0.00037851805,0.0010471309,3.214966e-06,0.20144086,0
1293,21.55,2.9181754e-07,33.08561,33.08561,-2.078082e-05,33.08561,0.00010020838,211,211,53,0.00037823737,0.0009123648,3.2166029e-06,0.20144042,0
1294,21.566668,2.918587e-07,33.085587,33.085587,-2.327567e-05,33.085587,0.00010023528,211,211,53,0.0003782218,0.0009265707,3.237901e-06,0.20143992,0
1295,21.583334,2.9320273e-07,33.085567,33.085567,-2.011552e-05,33.085567,0.000100282195,211,211,53,0.00038111454,0.0012220042,3.245953e-06,0.20143943,0
1296,21.6,2.9270652e-07,33.08555,33.08555,-1.9618596e-05,33.08555,0.00010018273,211,211,53,0.00037883804,0.00092177716,3.2562043e-06,0.20143898,0
1297,21.616667,2.9619073e-07,33.085526,33.085526,-2.1277167e-05,33.085526,0.000100199,211,211,53,0.00038426887,0.0015986918,3.2599496e-06,0.20143859,0
1298,21.633333,2.93137e-07,33.0855,33.0855,-2.7102631e-05,33.0855,0.000100299214,211,211,53,0.0003796092,0.0009456364,3.283296e-06,0.20143807,0
1299,21.65,2.936846e-07,33.085487,33.085487,-1.2634839e-05,33.085487,0.00010031167,211,211,53,0.0003797111,0.0009111239,3.2853554e-06,0.20143771,0
1300,21.666666,2.9379808e-07,33.085464,33.085464,-2.4273128e-05,33.085464,0.0001002724,211,211,53,0.0003788757,0.0009251826,3.3130366e-06,0.20143712,0
1301,21.683332,2.937616e-07,33.085438,33.085438,-2.4107023e-05,33.085438,0.00010020408,211,211,53,0.00038092313,0.001020575,3.2739242e-06,0.20143677,0
1302,21.7,2.9404458e-07,33.085415,33.085415,-2.2610408e-05,33.085415,0.00010025014,211,211,53,0.00037976544,0.0009045046,3.3072517e-06,0.20143624,0
1303,21.716667,2.9338645e-07,33.085396,33.085396,-1.9119992e-05,33.085396,0.00010021855,211,211,53,0.00037960336,0.0008931906,3.300924e-06,0.20143586,0
1304,21.733334,2.959054e-07,33.08538,33.08538,-1.6955499e-05,33.08538,0.00010023034,211,211,53,0.00038148768,0.0008999368,3.321531e-06,0.20143548,0
1305,21.75,2.9503514e-07,33.08536,33.085365,-1.6626378e-05,33.085365,0.00010023115,211,211,53,0.00038058544,0.0009043825,3.3343772e-06,0.20143506,0
1306,21.766666,2.9512043e-07,33.08534,33.08534,-2.4439412e-05,33.08534,0.00010022149,211,211,53,0.0003806817,0.0008995834,3.3352715e-06,0.20143457,0
1307,21.783333,2.96191e-07,33.08532,33.08532,-1.8952009e-05,33.08532,0.00010024287,211,211,53,0.00038083704,0.0009122926,3.3448969e-06,0.20143412,0
1308,21.8,2.9667038e-07,33.0853,33.0853,-1.862009e-05,33.0853,0.00010020781,211,211,53,0.00038341348,0.0010271346,3.3590436e-06,0.2014337,0
1309,21.816668,2.959269e-07,33.085278,33.085278,-2.3941475e-05,33.085278,0.00010020198,211,211,53,0.00038125803,0.0009054333,3.382117e-06,0.20143323,0
1310,21.833334,2.995264e-07,33.085262,33.085262,-1.6621909e-05,33.085262,0.00010024871,211,211,53,0.00038698487,0.001535113,3.3746953e-06,0.20143281,0
1311,21.85,2.975705e-07,33.085236,33.085236,-2.6436514e-05,33.085236,0.00010020515,211,211,53,0.00038305775,0.0008914763,3.4080324e-06,0.2014322,0
1312,21.866667,2.9678577e-07,33.085213,33.085213,-2.17802e-05,33.085213,0.00010022285,211,211,53,0.00038198382,0.000908839,3.4025027e-06,0.2014318,0
1313,21.883333,2.961312e-07,33.0852,33.0852,-1.197102e-05,33.0852,0.00010025982,211,211,53,0.00038171935,0.00090072537,3.3759784e-06,0.20143147,0
1314,21.9,2.9673964e-07,33.085175,33.085175,-2.576893e-05,33.085175,0.00010022934,211,211,53,0.00038208722,0.0008985252,3.4162529e-06,0.20143098,0
1315,21.916666,2.9712234e-07,33.08515,33.08515,-2.2610307e-05,33.08515,0.00010017761,211,211,53,0.0003837866,0.0010069374,3.3954211e-06,0.2014305,0
1316,21.933332,2.9745758e-07,33.085136,33.085136,-1.4630112e-05,33.085136,0.00010023311,211,211,53,0.00038290286,0.0009012911,3.4144218e-06,0.20143011,0
1317,21.95,2.9709403e-07,33.08511,33.08511,-2.6268666e-05,33.08511,0.00010022489,211,211,53,0.00038273865,0.00091265235,3.404431e-06,0.2014296,0
1318,21.966667,2.9732956e-07,33.085094,33.085094,-1.8620334e-05,33.085094,0.00010022063,211,211,53,0.00038291933,0.00089535717,3.4005054e-06,0.20142919,0
1319,21.983334,2.9735898e-07,33.085075,33.085075,-1.895305e-05,33.085075,0.00010022434,211,211,53,0.00038547083,0.0014583513,3.401715e-06,0.20142877,0
1320,22,2.9545438e-07,33.085052,33.085052,-2.0285024e-05,33.085052,0.00010025791,211,211,53,0.000383122,0.0011380935,3.4009388e-06,0.2014283,0
1321,22.016666,2.9787452e-07,33.085033,33.085033,-2.127823e-05,33.085033,0.00010019788,211,211,53,0.0003820638,0.0009142763,3.3988763e-06,0.20142782,0
1322,22.033333,2.9548173e-07,33.08501,33.08501,-2.1283044e-05,33.08501,0.000100242054,211,211,53,0.00038152345,0.00088312256,3.3943352e-06,0.20142737,0
1323,22.05,2.9616737e-07,33.08499,33.08499,-1.9284904e-05,33.08499,0.00010023911,211,211,53,0.00038134734,0.0009045776,3.3839383e-06,0.20142698,0
1324,22.066668,2.957227e-07,33.08497,33.084972,-2.1281096e-05,33.084972,0.00010020592,211,211,53,0.00038166984,0.00089650525,3.3953447e-06,0.2014265,0
1325,22.083334,2.9363562e-07,33.084946,33.084946,-2.3277798e-05,33.084946,0.00010027591,210,210,53,0.00038038244,0.00088261504,3.4023665e-06,0.20142603,0
1326,22.1,2.9438408e-07,33.08493,33.08493,-1.828731e-05,33.08493,0.00010021247,209,209,53,0.000381698,0.00087683,3.446036e-06,0.20142558,0
1327,22.116667,2.9611746e-07,33.084908,33.084908,-2.0281386e-05,33.084908,0.00010020568,207,207,52,0.00038408412,0.0010329946,3.4913478e-06,0.20142514,0
1328,22.133333,2.959099e-07,33.08489,33.08489,-1.8620776e-05,33.08489,0.000100256024,207,207,52,0.0003824283,0.00089035626,3.5197838e-06,0.20142472,0
1329,22.15,2.9542042e-07,33.084866,33.084866,-2.5603771e-05,33.084866,0.00010019816,207,207,52,0.0003820472,0.0008935132,3.5178937e-06,0.20142409,0
1330,22.166666,2.9593642e-07,33.084846,33.084846,-1.9285073e-05,33.084846,0.00010024244,207,207,52,0.00038234773,0.00088520296,3.5025832e-06,0.20142376,0
1331,22.183332,2.9585382e-07,33.084824,33.084827,-1.9451927e-05,33.084827,0.00010021054,207,207,52,0.00038223175,0.00089457846,3.5092653e-06,0.20142336,0
1332,22.2,2.957238e-07,33.08481,33.08481,-1.8121933e-05,33.08481,0.00010021576,207,207,52,0.00038259878,0.0008797785,3.5155836e-06,0.20142293,0
1333,22.216667,2.9645233e-07,33.084785,33.084785,-2.1778687e-05,33.084785,0.00010021428,208,208,52,0.0003817047,0.00090412196,3.493814e-06,0.20142247,0
1334,22.233334,2.9493054e-07,33.084763,33.084763,-2.1614682e-05,33.084763,0.000100270896,208,208,52,0.0003824323,0.0008697162,3.5045846e-06,0.2014219,0
1335,22.25,2.9508232e-07,33.084747,33.084747,-1.8454162e-05,33.084747,0.00010028662,208,208,52,0.00038175142,0.0008899526,3.495205e-06,0.20142156,0
1336,22.266666,2.9857387e-07,33.08472,33.08472,-2.5433535e-05,33.08472,0.00010019685,211,211,53,0.00038248635,0.0009216698,3.5197834e-06,0.20142107,0
1337,22.283333,2.941809e-07,33.0847,33.0847,-1.7128667e-05,33.0847,0.000100245226,211,211,53,0.0003810893,0.0008734797,3.483985e-06,0.20142066,0
1338,22.3,2.9517088e-07,33.084682,33.084682,-1.9450854e-05,33.084682,0.00010023867,211,211,53,0.00038185966,0.0008796151,3.4779582e-06,0.20142023,0
1339,22.316668,2.9564563e-07,33.08466,33.08466,-2.2610217e-05,33.08466,0.00010025478,211,211,53,0.00038163087,0.00089248456,3.4995708e-06,0.20141973,0
1340,22.333334,2.9466378e-07,33.08464,33.08464,-1.9120316e-05,33.08464,0.0001002231,211,211,53,0.00038182453,0.0008713903,3.494257e-06,0.2014193,0
1341,22.35,2.9476897e-07,33.084618,33.084618,-2.4106881e-05,33.084618,0.00010022814,211,211,53,0.00038160375,0.0008754812,3.498495e-06,0.2014188,0
1342,22.366667,2.9539635e-07,33.0846,33.084602,-1.7289902e-05,33.084602,0.000100291654,211,211,53,0.00038189543,0.0008801377,3.4867371e-06,0.20141838,0
1343,22.383333,2.9403552e-07,33.08458,33.08458,-2.1448266e-05,33.08458,0.0001002218,211,211,53,0.00038117205,0.0008854903,3.499735e-06,0.20141792,0
1344,22.4,2.952826e-07,33.084557,33.084557,-2.1778169e-05,33.084557,0.00010020679,211,211,53,0.00038063613,0.0008972389,3.465638e-06,0.20141749,0
1345,22.416666,2.9484855e-07,33.084538,33.084538,-2.0449808e-05,33.084538,0.000100234516,211,211,53,0.00038161164,0.00088575174,3.5023177e-06,0.20141703,0
1346,22.433332,2.944783e-07,33.08452,33.08452,-1.8288429e-05,33.08452,0.00010026521,211,211,53,0.00038278583,0.0010661897,3.4702407e-06,0.20141655,0
1347,22.45,2.9376332e-07,33.0845,33.0845,-2.0117579e-05,33.0845,0.000100217854,211,211,53,0.00038040496,0.00087936904,3.467487e-06,0.20141618,0
1348,22.466667,2.943295e-07,33.084476,33.084476,-2.1280084e-05,33.084476,0.0001002154,207,207,52,0.00038149225,0.0008681123,3.4802965e-06,0.2014157,0
1349,22.483334,2.9717276e-07,33.084454,33.084454,-2.1942828e-05,33.084454,0.00010030065,207,207,52,0.00038593472,0.00158371,3.4923514e-06,0.20141526,0
1350,22.5,2.9353077e-07,33.084435,33.084435,-1.8956722e-05,33.084435,0.00010028567,207,207,52,0.0003805353,0.00086752186,3.461741e-06,0.20141478,0
1351,22.516666,2.9374416e-07,33.084415,33.084415,-1.9285377e-05,33.084415,0.000100339246,207,207,52,0.0003819344,0.0009247298,3.4663435e-06,0.20141439,0
1352,22.533333,2.937145e-07,33.084396,33.084396,-1.995064e-05,33.084396,0.00010024355,207,207,52,0.00038046204,0.00087011175,3.4763157e-06,0.20141394,0
1353,22.55,2.929892e-07,33.084366,33.08437,-2.9261619e-05,33.08437,0.00010020303,207,207,52,0.00037994186,0.00087499304,3.4694974e-06,0.20141335,0
1354,22.566668,2.9369676e-07,33.084347,33.084347,-2.2277472e-05,33.084347,0.00010016413,207,207,52,0.00038117453,0.00085937825,3.4642555e-06,0.20141293,0
1355,22.583334,2.9318198e-07,33.084335,33.08434,-8.313269e-06,33.08434,0.000100218276,207,207,52,0.0003801258,0.00088085956,3.4615691e-06,0.20141263,0
1356,22.6,2.9326856e-07,33.084305,33.08431,-3.0258338e-05,33.08431,0.00010023872,208,208,52,0.000380001,0.00087498984,3.4652264e-06,0.20141204,0
1357,22.616667,2.9331414e-07,33.08429,33.08429,-1.8953033e-05,33.08429,0.00010022849,208,208,52,0.00038161196,0.0009257837,3.4607767e-06,0.20141165,0
1358,22.633333,2.932485e-07,33.084267,33.084267,-2.1446971e-05,33.084267,0.000100218684,208,208,52,0.00038018983,0.00086577295,3.4568536e-06,0.20141116,0
1359,22.65,2.937191e-07,33.08425,33.08425,-1.4796232e-05,33.08425,0.00010026892,208,208,52,0.00037993697,0.0008791081,3.4503323e-06,0.20141076,0
1360,22.666666,2.926287e-07,33.084225,33.08423,-2.4939352e-05,33.08423,0.00010020623,208,208,52,0.0003801585,0.00085597875,3.466218e-06,0.20141025,0
1361,22.683332,2.9293247e-07,33.0842,33.0842,-2.4439192e-05,33.0842,0.000100195415,208,208,52,0.00038099982,0.00093765376,3.4588963e-06,0.20140976,0
1362,22.7,2.9356954e-07,33.08419,33.08419,-1.2967259e-05,33.08419,0.000100198915,208,208,52,0.00038008686,0.00086974376,3.452205e-06,0.2014094,0
1363,22.716667,2.9216395e-07,33.084167,33.084167,-2.1282056e-05,33.084167,0.000100166566,208,208,52,0.00037954765,0.00085653836,3.4371553e-06,0.20140895,0
1364,22.733334,2.9394437e-07,33.084145,33.084145,-2.460397e-05,33.084145,0.00010019844,208,208,52,0.0003826906,0.0012248512,3.4513112e-06,0.20140848,0
1365,22.75,2.9328385e-07,33.08412,33.08412,-2.2611352e-05,33.08412,0.00010017193,208,208,52,0.00037908767,0.00088238996,3.4424825e-06,0.201408,0
1366,22.766666,2.9262037e-07,33.084103,33.084103,-1.8454977e-05,33.084103,0.000100219004,208,208,52,0.00037989218,0.00085727,3.4506584e-06,0.20140754,0
1367,22.783333,2.9412547e-07,33.084084,33.084084,-1.9284083e-05,33.084084,0.00010021032,208,208,52,0.0003831224,0.0013685913,3.4299471e-06,0.20140712,0
1368,22.8,2.920357e-07,33.08406,33.08406,-2.194776e-05,33.08406,0.00010024542,208,208,52,0.00037872067,0.00086935406,3.4397253e-06,0.20140664,0
1369,22.816668,2.7509566e-07,33.08404,33.08404,-1.9801295e-05,33.08404,0.000100201156,208,208,52,0.00037704047,0.00079262623,3.4661161e-06,0.20140621,0
1370,22.833334,2.7082382e-07,33.084023,33.084023,-1.8791095e-05,33.084023,0.00010024395,207,207,52,0.00036419535,0.000818038,3.5992718e-06,0.20140578,0
1371,22.85,2.762977e-07,33.084003,33.084003,-1.9945135e-05,33.084003,0.00010018479,207,207,52,0.00037072267,0.00081016624,3.449874e-06,0.20140536,0
1372,22.866667,2.7690527e-07,33.08398,33.08398,-2.2277572e-05,33.08398,0.000100205936,207,207,52,0.00037120952,0.00081327977,3.5299545e-06,0.20140491,0
1373,22.883333,2.765943e-07,33.083958,33.08396,-2.061594e-05,33.08396,0.00010016962,207,207,52,0.00037093274,0.0008107953,3.5235278e-06,0.20140447,0
1374,22.9,2.765234e-07,33.08394,33.08394,-1.961817e-05,33.08394,0.00010020668,207,207,52,0.00037020797,0.00082284666,3.5206006e-06,0.20140393,0
1375,22.916666,2.7492243e-07,33.08392,33.08392,-1.895468e-05,33.08392,0.00010026167,207,207,52,0.00036650518,0.0008235374,3.5007845e-06,0.2014036,0
1376,22.933332,2.7457108e-07,33.0839,33.0839,-2.1447257e-05,33.0839,0.00010020154,207,207,52,0.00036613276,0.0008238055,3.4929587e-06,0.20140314,0
1377,22.95,2.6412195e-07,33.08388,33.08388,-1.6635957e-05,33.08388,0.00010024881,207,207,52,0.0003606623,0.0006734381,3.450444e-06,0.20140272,0
1378,22.966667,2.4534515e-07,33.083862,33.083862,-2.0966918e-05,33.083862,0.00010024281,207,207,52,0.00033906332,0.00065606926,2.8970442e-06,0.20140225,0
1379,22.983334,2.4128306e-07,33.083836,33.083836,-2.643862e-05,33.083836,0.00010021974,207,207,52,0.00033122627,0.0006565968,1.9367385e-06,0.20140179,0
1380,23,2.451716e-07,33.08382,33.08382,-1.662162e-05,33.08382,0.00010017221,207,207,52,0.00033147458,0.00069443614,2.0450507e-06,0.2014014,0
1381,23.016666,2.5007424e-07,33.0838,33.0838,-1.8449411e-05,33.0838,0.00010025727,207,207,52,0.000341156,0.0006862215,2.4055882e-06,0.20140097,0
1382,23.033333,2.474426e-07,33.083782,33.083782,-2.0119496e-05,33.083782,0.00010021432,207,207,52,0.00033704,0.00066668104,2.5966456e-06,0.20140062,0
1383,23.05,2.460392e-07,33.08376,33.08376,-2.0783289e-05,33.08376,0.00010021089,207,207,52,0.0003363749,0.0006554668,2.5720874e-06,0.20140022,0
1384,23.066668,2.4489168e-07,33.083744,33.083744,-1.513036e-05,33.083744,0.00010019878,207,207,52,0.00033717984,0.0006150216,2.4879828e-06,0.20139982,0
1385,23.083334,2.410997e-07,33.083725,33.083725,-2.0286912e-05,33.083725,0.000100210425,207,207,52,0.00033167977,0.0006509775,2.2642366e-06,0.20139946,0
1386,23.1,2.3401591e-07,33.083702,33.083706,-2.0290203e-05,33.083706,0.00010022985,207,207,52,0.00032691864,0.000582423,2.0395344e-06,0.20139901,0
1387,23.116667,2.4038826e-07,33.083683,33.083683,-1.9777983e-05,33.083683,0.0001001898,207,207,52,0.00033012562,0.0005934887,1.9364495e-06,0.2013987,0
1388,23.133333,2.2895607e-07,33.083664,33.083668,-1.8465746e-05,33.083668,0.00010025053,207,207,52,0.00032071501,0.0005774573,1.9953297e-06,0.2013983,0
1389,23.15,2.2677553e-07,33.08365,33.08365,-1.5463904e-05,33.08365,0.000100221056,207,207,52,0.00032181278,0.00052412675,1.7755287e-06,0.20139802,0
1390,23.166666,2.3786764e-07,33.08363,33.08363,-2.0272028e-05,33.08363,0.00010024016,207,207,52,0.00033813468,0.0018319299,1.7652598e-06,0.20139766,0
1391,23.183332,2.249864e-07,33.08361,33.08361,-1.830094e-05,33.08361,0.00010024471,207,207,52,0.00032322409,0.00059063267,1.674414e-06,0.2013973,0
1392,23.2,2.2271796e-07,33.08359,33.08359,-2.161543e-05,33.08359,0.000100180536,207,207,52,0.0003177542,0.0004978273,1.7264969e-06,0.20139685,0
1393,23.216667,2.3663789e-07,33.083572,33.083572,-1.6777843e-05,33.083572,0.00010027102,207,207,52,0.00034041787,0.00092764845,2.0486075e-06,0.20139651,0
1394,23.233334,2.3032914e-07,33.083553,33.083553,-2.128696e-05,33.083553,0.00010025502,207,207,52,0.0003245462,0.000556623,2.1254982e-06,0.20139621,0
1395,23.25,2.559679e-07,33.08353,33.08353,-2.2585053e-05,33.08353,0.00010021014,207,207,52,0.00035348916,0.0025731076,2.1571007e-06,0.20139576,0
1396,23.266666,2.3221534e-07,33.083515,33.083515,-1.365667e-05,33.083515,0.00010025502,207,207,52,0.00032761114,0.00057062163,2.396645e-06,0.20139544,0
1397,23.283333,2.669472e-07,33.083492,33.083492,-2.1744683e-05,33.083492,0.00010018952,207,207,52,0.00036879658,0.0032545566,2.2167578e-06,0.2013951,0
1398,23.3,2.3359355e-07,33.083477,33.083477,-1.7988903e-05,33.083477,0.00010019108,207,207,52,0.00033107953,0.00056099106,2.4496808e-06,0.20139474,0
1399,23.316668,2.5716926e-07,33.08346,33.08346,-1.4606871e-05,33.08346,0.00010024678,207,207,52,0.00037065658,0.0022147833,2.4461217e-06,0.20139444,0
1400,23.333334,2.3184325e-07,33.08344,33.083443,-2.0640957e-05,33.083443,0.00010024675,207,207,52,0.00032816615,0.0005734058,2.4611895e-06,0.20139408,0
1401,23.35,2.471125e-07,33.083424,33.083424,-1.694275e-05,33.083424,0.00010024549,207,207,52,0.00035120957,0.0010562943,2.6151497e-06,0.20139375,0
1402,23.366667,2.322284e-07,33.0834,33.0834,-2.146179e-05,33.0834,0.000100193014,207,207,52,0.00033097444,0.00056288374,2.4876301e-06,0.20139335,0
1403,23.383333,2.4620897e-07,33.083385,33.08339,-1.5115232e-05,33.08339,0.00010024495,205,205,51,0.0003507718,0.0009028442,2.2063566e-06,0.20139304,0
1404,23.4,2.3187492e-07,33.083363,33.083363,-2.2957534e-05,33.083363,0.00010023521,205,205,51,0.00033072112,0.0005637172,2.5048307e-06,0.20139253,0
1405,23.416666,2.5290623e-07,33.083347,33.083347,-1.8765793e-05,33.083347,0.00010022406,205,205,51,0.0003657674,0.0021139353,2.081815e-06,0.20139231,0
1406,23.433332,2.3335886e-07,33.08333,33.08333,-1.6811311e-05,33.08333,0.00010020089,205,205,51,0.00033236056,0.0005731967,2.516275e-06,0.2013919,0
1407,23.45,2.577353e-07,33.08331,33.08331,-1.9261213e-05,33.08331,0.00010026182,205,205,51,0.00036292258,0.0024341086,2.3426746e-06,0.20139158,0
1408,23.466667,2.33079e-07,33.08329,33.08329,-1.7980205e-05,33.08329,0.0001002217,205,205,51,0.00033044588,0.00058232003,2.6281232e-06,0.20139122,0
1409,23.483334,2.3024619e-07,33.08327,33.083275,-1.8623401e-05,33.083275,0.00010025389,205,205,51,0.00032775517,0.000551355,2.3925838e-06,0.20139089,0
1410,23.5,2.3332262e-07,33.083256,33.083256,-1.8617493e-05,33.083256,0.000100230645,205,205,51,0.0003294045,0.0005922241,2.2318482e-06,0.20139053,0
1411,23.516666,2.3119178e-07,33.083237,33.083237,-1.9121466e-05,33.083237,0.00010024876,205,205,51,0.0003298858,0.00060338806,2.398616e-06,0.20139016,0
1412,23.533333,2.3501798e-07,33.083218,33.083218,-1.6787937e-05,33.083218,0.00010018603,204,204,51,0.000331835,0.00060182606,2.2379916e-06,0.20138985,0
1413,23.55,2.3301504e-07,33.083195,33.083195,-2.2280185e-05,33.083195,0.00010023153,206,206,52,0.00033335554,0.0006778692,2.360484e-06,0.2013894,0
1414,23.566668,2.3736877e-07,33.08318,33.08318,-1.7286175e-05,33.08318,0.00010023673,206,206,52,0.000337622,0.0006455357,2.1231574e-06,0.20138913,0
1415,23.583334,2.3413375e-07,33.083153,33.083153,-2.4442732e-05,33.083153,0.00010021905,206,206,52,0.0003323349,0.0005724105,2.313837e-06,0.20138867,0
1416,23.6,2.5542465e-07,33.08314,33.083145,-1.11178e-05,33.083145,0.00010020832,206,206,52,0.00036480033,0.0022522323,2.1063286e-06,0.20138845,0
1417,23.616667,2.335089e-07,33.08312,33.08312,-2.4128902e-05,33.08312,0.00010026799,206,206,52,0.00033036812,0.0005886766,2.4370675e-06,0.20138799,0
1418,23.633333,2.2836879e-07,33.0831,33.0831,-2.0122005e-05,33.0831,0.00010020243,206,206,52,0.00032407683,0.00054611365,2.3517318e-06,0.20138758,0
1419,23.65,2.2957384e-07,33.083084,33.083084,-1.5294263e-05,33.083084,0.00010026199,206,206,52,0.00032397272,0.0005611903,2.2847971e-06,0.20138732,0
1420,23.666666,2.3082814e-07,33.083065,33.083065,-1.7621784e-05,33.083065,0.00010021048,206,206,52,0.00032834348,0.000559046,2.234064e-06,0.20138702,0
1421,23.683332,2.4041418e-07,33.08305,33.08305,-1.7945962e-05,33.08305,0.00010025211,206,206,52,0.0003385295,0.0006036973,2.1702306e-06,0.20138657,0
1422,23.7,2.3010921e-07,33.08303,33.08303,-1.9129639e-05,33.08303,0.00010020239,206,206,52,0.0003285558,0.0005470263,2.404649e-06,0.20138623,0
1423,23.716667,2.287441e-07,33.08301,33.08301,-1.7291894e-05,33.08301,0.00010025503,206,206,52,0.00032358832,0.0005610433,2.3546525e-06,0.20138593,0
1424,23.733334,2.3155127e-07,33.082993,33.082993,-2.0446569e-05,33.082993,0.00010024364,206,206,52,0.00032702406,0.0005749622,2.235915e-06,0.20138556,0
1425,23.75,2.5824104e-07,33.082973,33.082973,-1.7430093e-05,33.082973,0.00010029885,206,206,52,0.0003621235,0.002744756,2.3725959e-06,0.20138519,0
1426,23.766666,2.3326548e-07,33.082954,33.082954,-1.9975585e-05,33.082954,0.00010024152,206,206,52,0.00033021634,0.00058480434,2.5292195e-06,0.20138483,0
1427,23.783333,2.2960833e-07,33.082935,33.082935,-1.879048e-05,33.082935,0.00010017231,206,206,52,0.00032742604,0.00053985766,2.3161354e-06,0.20138448,0
1428,23.8,2.4010387e-07,33.082916,33.082916,-1.7778799e-05,33.082916,0.000100219375,206,206,52,0.00033571766,0.00061499147,2.5556874e-06,0.20138408,0
1429,23.816668,2.2945382e-07,33.0829,33.0829,-1.7301178e-05,33.0829,0.00010022903,206,206,52,0.00032537818,0.0005545567,2.368154e-06,0.20138381,0
1430,23.833334,2.4155395e-07,33.082882,33.082882,-1.9107234e-05,33.082882,0.000100224905,206,206,52,0.00033963582,0.0006785587,2.5471845e-06,0.20138347,0
1431,23.85,2.3227764e-07,33.08286,33.08286,-2.3118733e-05,33.08286,0.000100248384,206,206,52,0.0003304569,0.0005477241,2.3920677e-06,0.20138307,0
1432,23.866667,2.3031504e-07,33.082836,33.082836,-2.1947633e-05,33.082836,0.00010024598,206,206,52,0.00032751268,0.00053987524,2.3515415e-06,0.20138262,0
1433,23.883333,2.3194534e-07,33.08282,33.08282,-1.3465031e-05,33.08282,0.000100225894,206,206,52,0.00032720473,0.0005645131,2.2814625e-06,0.20138237,0
1434,23.9,2.405563e-07,33.082806,33.082806,-1.6949407e-05,33.082806,0.00010022181,206,206,52,0.00034028036,0.00075156626,2.2048391e-06,0.20138201,0
1435,23.916666,2.3118754e-07,33.082787,33.082787,-1.9461213e-05,33.082787,0.000100222605,206,206,52,0.00032661424,0.00055245135,2.367703e-06,0.20138164,0
1436,23.933332,2.563286e-07,33.082764,33.082767,-2.0424233e-05,33.082767,0.0001002119,206,206,52,0.00036381953,0.0024196838,2.3943633e-06,0.20138127,0
1437,23.95,2.3183105e-07,33.08274,33.082745,-2.2801443e-05,33.082745,0.00010020842,206,206,52,0.0003283502,0.0005726519,2.4328551e-06,0.2013808,0
1438,23.966667,2.558625e-07,33.08272,33.082726,-1.9095303e-05,33.082726,0.000100272635,206,206,52,0.00035173263,0.002186481,2.2905137e-06,0.20138043,0
1439,23.983334,2.3445446e-07,33.082706,33.082706,-1.8143211e-05,33.082706,0.00010020445,206,206,52,0.00033071445,0.00059184834,2.5387214e-06,0.20138009,0
1440,24,2.28196e-07,33.082687,33.082687,-1.9624358e-05,33.082687,0.000100217316,206,206,52,0.00032212556,0.00056344294,2.3031553e-06,0.20137973,0
1441,24.016666,2.3287035e-07,33.082664,33.082664,-2.2606017e-05,33.082664,0.00010016939,206,206,52,0.00032702924,0.00060232094,1.8558961e-06,0.20137934,0
1442,24.033333,2.3762644e-07,33.08265,33.08265,-1.4459436e-05,33.08265,0.00010019596,206,206,52,0.00033467036,0.00056840735,2.243152e-06,0.20137903,0
1443,24.05,2.3335421e-07,33.08263,33.08263,-1.9788627e-05,33.08263,0.00010020677,206,206,52,0.00032624265,0.0006149579,2.0766952e-06,0.20137866,0
1444,24.066668,2.5942893e-07,33.082607,33.082607,-2.1587086e-05,33.082607,0.000100178666,206,206,52,0.00035314684,0.0007099024,2.6809025e-06,0.20137821,0
1445,24.083334,2.6205936e-07,33.08259,33.08259,-2.0114234e-05,33.08259,0.00010023198,206,206,52,0.000353062,0.00074048626,3.0474657e-06,0.20137778,0
1446,24.1,2.6762663e-07,33.08257,33.08257,-1.9446277e-05,33.08257,0.00010022571,206,206,52,0.00036143063,0.00073257915,3.1764625e-06,0.2013774,0
1447,24.116667,2.7329222e-07,33.08255,33.08255,-1.7617373e-05,33.08255,0.00010021696,206,206,52,0.00036663422,0.00074900076,3.3142392e-06,0.20137702,0
1448,24.133333,2.6545928e-07,33.082527,33.082527,-2.2119759e-05,33.082527,0.000100207464,206,206,52,0.0003579195,0.00074260257,3.284327e-06,0.20137659,0
1449,24.15,2.6675517e-07,33.082508,33.082508,-2.0448078e-05,33.082508,0.00010020298,206,206,52,0.00036053135,0.0007346136,3.2806142e-06,0.20137618,0
1450,24.166666,2.6730996e-07,33.082485,33.082485,-2.2111371e-05,33.082485,0.00010023503,206,206,52,0.00036454352,0.000718601,3.3074068e-06,0.20137575,0
1451,24.183332,2.6510762e-07,33.082466,33.08247,-1.7458986e-05,33.08247,0.00010031463,206,206,52,0.0003597247,0.0007274376,3.26803e-06,0.20137538,0
1452,24.2,2.6434262e-07,33.082447,33.082447,-2.178018e-05,33.082447,0.00010021722,206,206,52,0.0003595166,0.0007238649,3.2448268e-06,0.20137495,0
1453,24.216667,2.6419332e-07,33.082428,33.082428,-1.895323e-05,33.082428,0.000100259895,206,206,52,0.00035944374,0.0007219121,3.2282042e-06,0.20137456,0
1454,24.233334,2.640973e-07,33.08241,33.08241,-2.011696e-05,33.08241,0.0001002217,206,206,52,0.00035993737,0.00071843073,3.234314e-06,0.20137413,0
1455,24.25,2.6411948e-07,33.082386,33.082386,-1.9950587e-05,33.082386,0.000100223864,206,206,52,0.00035949357,0.00072155084,3.2327466e-06,0.20137371,0
1456,24.266666,2.645382e-07,33.08237,33.08237,-1.8121385e-05,33.08237,0.000100210025,206,206,52,0.00036126288,0.00071723404,3.2350345e-06,0.20137334,0
1457,24.283333,2.6467603e-07,33.082344,33.082344,-2.4771869e-05,33.082344,0.00010026872,206,206,52,0.00036013263,0.0007270576,3.250844e-06,0.20137285,0
1458,24.3,2.6470659e-07,33.082325,33.082325,-1.8288029e-05,33.082325,0.00010018674,206,206,52,0.00036150182,0.00071807834,3.2389296e-06,0.20137249,0
1459,24.316668,2.6536017e-07,33.082302,33.082302,-2.4438843e-05,33.082302,0.00010025502,206,206,52,0.0003611039,0.00072880514,3.2580779e-06,0.20137203,0
1460,24.333334,2.6596965e-07,33.082287,33.082287,-1.5627367e-05,33.082287,0.00010023719,206,206,52,0.00036183945,0.00072754023,3.2923958e-06,0.20137167,0
1461,24.35,2.662722e-07,33.08226,33.08226,-2.460545e-05,33.08226,0.00010026224,206,206,52,0.0003623218,0.00072883535,3.3104407e-06,0.20137116,0
1462,24.366667,2.6635658e-07,33.08224,33.08224,-2.0781801e-05,33.08224,0.00010021368,206,206,52,0.00036277558,0.00072700414,3.303546e-06,0.20137076,0
1463,24.383333,2.6639336e-07,33.082222,33.082222,-1.7623002e-05,33.082222,0.000100225945,206,206,52,0.00036290387,0.00072758493,3.30053e-06,0.20137043,0
1464,24.4,2.66516e-07,33.082203,33.082203,-1.9784233e-05,33.082203,0.00010023547,206,206,52,0.00036307584,0.0007284183,3.31837e-06,0.20136994,0
1465,24.416666,2.663109e-07,33.08218,33.08218,-2.2610897e-05,33.08218,0.00010026846,206,206,52,0.000362559,0.00072953943,3.3200658e-06,0.2013695,0
1466,24.433332,2.6766836e-07,33.08216,33.08216,-1.8951721e-05,33.08216,0.00010025076,206,206,52,0.0003668732,0.0007161218,3.3143538e-06,0.2013692,0
1467,24.45,2.6755333e-07,33.08214,33.08214,-2.111451e-05,33.08214,0.000100224264,206,206,52,0.00036668603,0.00071778893,3.330049e-06,0.20136867,0
1468,24.466667,2.6648678e-07,33.082123,33.082123,-1.812287e-05,33.082123,0.0001002786,206,206,52,0.00036307826,0.0007279165,3.3057956e-06,0.20136839,0
1469,24.483334,2.6718087e-07,33.0821,33.0821,-2.0947446e-05,33.0821,0.000100209225,206,206,52,0.00036636525,0.00071519875,3.3078004e-06,0.20136797,0
1470,24.5,2.660324e-07,33.082077,33.08208,-2.2611839e-05,33.08208,0.00010017563,204,204,51,0.00036228762,0.0007285663,3.3067408e-06,0.20136756,0
1471,24.516666,2.671368e-07,33.082054,33.082054,-2.3274606e-05,33.082054,0.00010022303,204,204,51,0.00036633297,0.00071333745,3.309186e-06,0.20136708,0
1472,24.533333,2.6577564e-07,33.082035,33.082035,-1.9120695e-05,33.082035,0.00010022168,204,204,51,0.00036210462,0.00072460814,3.2982573e-06,0.20136671,0
1473,24.55,2.6698447e-07,33.082016,33.082016,-2.0448166e-05,33.082016,0.00010023551,204,204,51,0.00036609548,0.00071151496,3.301453e-06,0.20136628,0
1474,24.566668,2.6563052e-07,33.081997,33.081997,-1.7624392e-05,33.081997,0.00010020065,204,204,51,0.00036189743,0.0007249682,3.2975317e-06,0.20136586,0
1475,24.583334,2.655421e-07,33.081974,33.081974,-2.394082e-05,33.081974,0.00010019917,204,204,51,0.00036182313,0.0007239668,3.2925477e-06,0.20136544,0
1476,24.6,2.6542105e-07,33.081955,33.081955,-1.828818e-05,33.081955,0.00010027451,204,204,51,0.00036173116,0.0007215377,3.2917615e-06,0.20136505,0
1477,24.616667,2.654165e-07,33.081936,33.081936,-2.0283125e-05,33.081936,0.00010021429,204,204,51,0.000361554,0.00072186405,3.2899488e-06,0.20136464,0
1478,24.633333,2.6534175e-07,33.081913,33.081913,-2.1613236e-05,33.081913,0.000100227066,204,204,51,0.00036164658,0.0007212637,3.2877642e-06,0.20136422,0
1479,24.65,2.6523696e-07,33.081894,33.081894,-1.978446e-05,33.081894,0.000100234516,204,204,51,0.00036155476,0.0007202709,3.2862197e-06,0.20136379,0
1480,24.666666,2.6531677e-07,33.08187,33.08187,-2.3275632e-05,33.08187,0.00010030783,204,204,51,0.00036183547,0.0007193344,3.2848516e-06,0.20136334,0
1481,24.683332,2.6523125e-07,33.081852,33.081852,-1.8454399e-05,33.081852,0.00010017812,204,204,51,0.00036175366,0.0007184402,3.277979e-06,0.20136294,0
1482,24.7,2.6512478e-07,33.081833,33.081833,-2.044948e-05,33.081833,0.00010019622,204,204,51,0.00036164065,0.000717693,3.2749908e-06,0.20136254,0
1483,24.716667,2.6499217e-07,33.081814,33.081814,-1.7124406e-05,33.081814,0.00010019407,204,204,51,0.00036152996,0.00071650546,3.2721623e-06,0.20136216,0
1484,24.733334,2.6481933e-07,33.08179,33.08179,-2.3608394e-05,33.08179,0.00010022643,204,204,51,0.00036137312,0.0007150363,3.2736018e-06,0.20136172,0
1485,24.75,2.6475544e-07,33.081776,33.081776,-1.6791828e-05,33.081776,0.00010020338,204,204,51,0.00036130307,0.00071447546,3.2634332e-06,0.20136134,0
1486,24.766666,2.6446511e-07,33.081753,33.081753,-2.3608512e-05,33.081753,0.00010023053,204,204,51,0.00036116532,0.0007122074,3.2718663e-06,0.20136087,0
1487,24.783333,2.6455962e-07,33.08173,33.08173,-2.044928e-05,33.08173,0.00010021808,204,204,51,0.00036113663,0.00071233494,3.2680623e-06,0.20136037,0
1488,24.8,2.6550185e-07,33.08171,33.08171,-1.9949668e-05,33.08171,0.000100253616,204,204,51,0.00036455944,0.0007056074,3.259246e-06,0.20136002,0
1489,24.816668,2.6698345e-07,33.081688,33.081688,-2.2609209e-05,33.081688,0.00010019675,204,204,51,0.00036627537,0.00082235405,3.301257e-06,0.20135957,0
1490,24.833334,2.6460904e-07,33.081665,33.081665,-2.2280556e-05,33.081665,0.00010025503,204,204,51,0.00036173395,0.00072129525,3.2849046e-06,0.20135918,0
1491,24.85,2.6584974e-07,33.081642,33.081642,-2.2110686e-05,33.081642,0.00010020479,204,204,51,0.00036521192,0.00069974695,3.278359e-06,0.20135875,0
1492,24.866667,2.659986e-07,33.081627,33.081627,-1.5794083e-05,33.081627,0.00010022214,204,204,51,0.00036632587,0.0009442987,3.2708654e-06,0.20135838,0
1493,24.883333,2.6427622e-07,33.081608,33.081608,-2.1448628e-05,33.081608,0.00010027962,204,204,51,0.0003615132,0.00071829505,3.2754572e-06,0.20135792,0
1494,24.9,2.6557575e-07,33.081585,33.081585,-2.0780586e-05,33.081585,0.00010021316,204,204,51,0.00036440472,0.0007055771,3.272566e-06,0.20135751,0
1495,24.916666,2.6558732e-07,33.081566,33.081566,-1.8620558e-05,33.081566,0.00010022968,204,204,51,0.00036503808,0.0007253894,3.2640687e-06,0.20135713,0
1496,24.933332,2.65692e-07,33.081543,33.081543,-2.3608116e-05,33.081543,0.00010019156,204,204,51,0.00036496067,0.0008101568,3.2655482e-06,0.20135668,0
1497,24.95,2.6556506e-07,33.081524,33.081524,-2.0449503e-05,33.081524,0.00010024565,204,204,51,0.00036513753,0.0008646793,3.2582652e-06,0.20135628,0
1498,24.966667,2.6541807e-07,33.0815,33.0815,-2.2444583e-05,33.0815,0.0001002252,204,204,51,0.00036499364,0.00086277514,3.2675568e-06,0.20135581,0
1499,24.983334,2.6539666e-07,33.081486,33.081486,-1.5794254e-05,33.081486,0.00010021508,204,204,51,0.00036466355,0.00081182027,3.2580667e-06,0.20135544,0
1500,25,2.6495584e-07,33.081455,33.081455,-2.876257e-05,33.081455,0.000100221325,204,204,51,0.0003643999,0.0007206582,3.2756327e-06,0.20135483,0
1501,25.016666,2.646316e-07,33.081444,33.081444,-1.263571e-05,33.081444,0.00010022644,207,207,52,0.00036363892,0.0006967355,3.2365572e-06,0.2013546,0
1502,25.033333,2.631712e-07,33.081417,33.081417,-2.6436019e-05,33.081417,0.00010019799,207,207,52,0.0003605561,0.00070813,3.252491e-06,0.20135413,0
1503,25.05,2.648643e-07,33.081394,33.081394,-2.1943977e-05,33.081394,0.00010025503,207,207,52,0.00036514038,0.000960893,3.2546125e-06,0.2013536,0
1504,25.066668,2.6456112e-07,33.081375,33.081375,-2.1280954e-05,33.081375,0.00010019541,207,207,52,0.00036395236,0.0007149327,3.2498529e-06,0.20135315,0
1505,25.083334,2.653398e-07,33.081356,33.081356,-1.6292219e-05,33.081356,0.00010021435,207,207,52,0.00036628888,0.0011444051,3.2309588e-06,0.20135291,0
1506,25.1,2.6433875e-07,33.081337,33.081337,-2.1780417e-05,33.081337,0.00010018483,207,207,52,0.00036381942,0.0008290196,3.2339613e-06,0.20135248,0
1507,25.116667,2.6515818e-07,33.081318,33.081318,-1.9451025e-05,33.081318,0.000100175035,207,207,52,0.00036615087,0.0011611239,3.236798e-06,0.20135204,0
1508,25.133333,2.6412388e-07,33.081295,33.081295,-2.0284155e-05,33.081295,0.000100198326,207,207,52,0.00036373525,0.0007502961,3.2300459e-06,0.20135163,0
1509,25.15,2.642021e-07,33.081272,33.081272,-2.2444357e-05,33.081272,0.00010019864,208,208,52,0.0003646194,0.0010067815,3.2314986e-06,0.2013512,0
1510,25.166666,2.6238553e-07,33.081253,33.081253,-2.2113742e-05,33.081253,0.00010019542,208,208,52,0.0003598654,0.00070095103,3.2306543e-06,0.20135073,0
1511,25.183332,2.6384254e-07,33.081234,33.081234,-1.8619112e-05,33.081234,0.000100233105,208,208,52,0.00036289426,0.00068951555,3.2237274e-06,0.20135035,0
1512,25.2,2.6384603e-07,33.081215,33.081215,-1.7290526e-05,33.081215,0.00010025334,208,208,52,0.0003634333,0.0007735364,3.219554e-06,0.20134996,0
1513,25.216667,2.634269e-07,33.081192,33.081192,-2.360864e-05,33.081192,0.00010019974,208,208,52,0.00036293533,0.00084853824,3.2207097e-06,0.20134951,0
1514,25.233334,2.637467e-07,33.08117,33.08117,-2.194535e-05,33.08117,0.00010018755,208,208,52,0.00036324127,0.00088050915,3.219604e-06,0.20134903,0
1515,25.25,2.6351765e-07,33.08115,33.08115,-1.8787054e-05,33.08115,0.00010023386,206,206,51,0.0003630015,0.0008688194,3.2081487e-06,0.20134863,0
1516,25.266666,2.631867e-07,33.08113,33.08113,-2.1114725e-05,33.08113,0.0001001864,206,206,51,0.0003626414,0.00083706324,3.2039482e-06,0.20134823,0
1517,25.283333,2.632254e-07,33.08111,33.08111,-2.1446867e-05,33.08111,0.00010022825,206,206,51,0.00036270978,0.0007441996,3.2105875e-06,0.20134777,0
1518,25.3,2.6170176e-07,33.081085,33.081085,-2.244596e-05,33.081085,0.00010021191,206,206,51,0.0003595786,0.0006847757,3.2059866e-06,0.20134734,0
1519,25.316668,2.6353823e-07,33.081066,33.081066,-1.9117499e-05,33.081066,0.000100186364,206,206,51,0.00036440586,0.0011252448,3.2019202e-06,0.20134684,0
1520,25.333334,2.6308822e-07,33.081047,33.081047,-1.8787274e-05,33.081047,0.00010021926,206,206,51,0.00036256446,0.00089574966,3.1872441e-06,0.20134653,0
1521,25.35,2.612592e-07,33.081024,33.081024,-2.5106347e-05,33.081024,0.00010020426,206,206,51,0.00035925405,0.0006788035,3.2008259e-06,0.20134604,0
1522,25.366667,2.6265712e-07,33.081005,33.081005,-1.8785426e-05,33.081005,0.00010018386,206,206,51,0.00036293102,0.000997305,3.1890368e-06,0.20134564,0
1523,25.383333,2.6095313e-07,33.08098,33.08098,-2.6436262e-05,33.08098,0.00010023962,206,206,51,0.00035892377,0.0006774541,3.2011392e-06,0.20134509,0
1524,25.4,2.6259485e-07,33.08096,33.080963,-1.6790122e-05,33.080963,0.000100271194,206,206,51,0.00036203308,0.0008984431,3.1726042e-06,0.20134477,0
1525,25.416666,2.628592e-07,33.08094,33.08094,-1.945158e-05,33.08094,0.00010028039,204,204,50,0.0003637005,0.001140787,3.174245e-06,0.20134437,0
1526,25.433332,2.6059362e-07,33.08092,33.08092,-1.878909e-05,33.08092,0.000100272024,204,204,50,0.00035852572,0.00067567214,3.1762797e-06,0.20134397,0
1527,25.45,2.6156832e-07,33.080902,33.080902,-2.078091e-05,33.080902,0.00010027769,204,204,50,0.00036135572,0.00078534556,3.1701247e-06,0.20134354,0
1528,25.466667,2.619804e-07,33.080883,33.080883,-2.0781474e-05,33.080883,0.0001002053,204,204,50,0.0003614176,0.000878347,3.1650131e-06,0.2013431,0
1529,25.483334,2.6186916e-07,33.08086,33.08086,-1.9451956e-05,33.08086,0.0001002501,204,204,50,0.00036143785,0.0009230158,3.1642307e-06,0.2013427,0
1530,25.5,2.6174584e-07,33.080837,33.08084,-2.2777069e-05,33.08084,0.00010022544,204,204,50,0.00036129876,0.0009217138,3.1588552e-06,0.20134227,0
1531,25.516666,2.6140356e-07,33.080822,33.080822,-1.629334e-05,33.080822,0.000100203346,204,204,50,0.00036123992,0.00085750775,3.155643e-06,0.20134188,0
1532,25.533333,2.611298e-07,33.080795,33.080795,-2.5769812e-05,33.080795,0.000100173886,204,204,50,0.0003606586,0.0007643403,3.154406e-06,0.20134142,0
1533,25.55,2.6027166e-07,33.08078,33.08078,-1.7291386e-05,33.08078,0.00010023024,203,203,49,0.00035752103,0.00068866916,3.1396532e-06,0.201341,0
1534,25.566668,2.5779676e-07,33.080757,33.080757,-2.1283126e-05,33.080757,0.000100216865,203,203,49,0.00035721186,0.0006396775,3.0479177e-06,0.20134062,0
1535,25.583334,2.5881755e-07,33.08073,33.08073,-2.6267282e-05,33.08073,0.00010021025,203,203,49,0.0003583409,0.00064766227,3.1146726e-06,0.20134005,0
1536,25.6,2.5881883e-07,33.080708,33.080708,-2.3109455e-05,33.080708,0.00010019541,203,203,49,0.00035831213,0.0006474548,3.110226e-06,0.20133962,0
1537,25.616667,2.5858657e-07,33.08069,33.08069,-1.9618332e-05,33.08069,0.00010019534,203,203,49,0.00035807188,0.0006457804,3.096248e-06,0.20133929,0
1538,25.633333,2.584267e-07,33.080666,33.080666,-2.2112086e-05,33.080666,0.00010019084,203,203,49,0.00035791105,0.00064518215,3.101127e-06,0.20133886,0
1539,25.65,2.5829019e-07,33.08065,33.08065,-1.7290666e-05,33.08065,0.00010022985,203,203,49,0.0003577896,0.00064477994,3.093986e-06,0.2013385,0
1540,25.666666,2.5814674e-07,33.080627,33.080627,-2.2777089e-05,33.080627,0.00010020084,203,203,49,0.00035765054,0.0006444197,3.0949273e-06,0.20133801,0
1541,25.683332,2.5801663e-07,33.08061,33.08061,-1.9119465e-05,33.08061,0.00010016424,203,203,49,0.00035752828,0.0006437795,3.0852857e-06,0.20133764,0
1542,25.7,2.578948e-07,33.080585,33.080585,-2.1280772e-05,33.080585,0.00010022186,203,203,49,0.00035740662,0.00064336875,3.0864453e-06,0.20133719,0
1543,25.716667,2.5776308e-07,33.080566,33.080566,-2.1779548e-05,33.080566,0.00010024459,203,203,49,0.00035729326,0.0006430299,3.0832693e-06,0.20133673,0
1544,25.733334,2.5761256e-07,33.080544,33.080544,-2.028327e-05,33.080544,0.000100243415,203,203,49,0.0003571486,0.0006422778,3.0702356e-06,0.20133637,0
1545,25.75,2.5747892e-07,33.080524,33.080524,-2.0116999e-05,33.080524,0.00010025722,203,203,49,0.0003570134,0.00064215076,3.073476e-06,0.20133594,0
1546,25.766666,2.573411e-07,33.0805,33.0805,-2.2777083e-05,33.0805,0.00010020405,203,203,49,0.00035688234,0.0006416724,3.067087e-06,0.2013355,0
1547,25.783333,2.5718563e-07,33.08048,33.080482,-2.144706e-05,33.080482,0.0001002372,203,203,49,0.00035672737,0.00064105686,3.0640033e-06,0.20133507,0
1548,25.8,2.570313e-07,33.080463,33.080463,-1.6791917e-05,33.080463,0.000100205536,203,203,49,0.00035658138,0.0006404828,3.053705e-06,0.20133473,0
1549,25.816668,2.5689923e-07,33.08044,33.08044,-2.3608354e-05,33.08044,0.00010017522,203,203,49,0.00035645143,0.00063985743,3.0578983e-06,0.20133428,0
1550,25.833334,2.5674882e-07,33.08042,33.08042,-1.9119485e-05,33.08042,0.00010025511,203,203,49,0.00035629928,0.0006392009,3.0504098e-06,0.20133388,0
1551,25.85,2.5661035e-07,33.0804,33.0804,-2.360836e-05,33.0804,0.00010021431,203,203,49,0.0003561628,0.0006386253,3.0548867e-06,0.20133337,0
1552,25.866667,2.5644724e-07,33.080376,33.080376,-2.0948304e-05,33.080376,0.00010023058,203,203,49,0.00035601004,0.0006380347,3.039989e-06,0.20133299,0
1553,25.883333,2.5629362e-07,33.080357,33.08036,-1.7789447e-05,33.08036,0.000100256686,203,203,49,0.00035585466,0.0006373932,3.0327635e-06,0.20133258,0
1554,25.9,2.5614364e-07,33.080334,33.080334,-2.6600963e-05,33.080334,0.00010019542,203,203,49,0.0003557089,0.00063688593,3.0368385e-06,0.2013321,0
1555,25.916666,8.976396e-07,33.080276,33.080276,-5.5386467e-05,33.080276,0.00010031667,203,203,49,0.0007019337,0.0014944306,2.5704576e-06,0.20133105,0
1556,25.933332,1.2443215e-06,33.080223,33.080223,-5.2522435e-05,33.080223,0.000100442834,203,203,49,0.0008579169,0.0021820038,7.599224e-06,0.20133004,0
1557,25.95,1.3509931e-06,33.08017,33.080173,-5.2596188e-05,33.080173,0.000100428355,203,203,49,0.0008937211,0.0022982496,8.769134e-06,0.20132901,0
1558,25.966667,1.5600795e-06,33.080116,33.080116,-5.3491305e-05,33.080116,0.00010040677,203,203,49,0.0009464359,0.0021965955,8.78268e-06,0.20132828,0
1559,25.983334,1.8064168e-06,33.080063,33.080067,-5.1625248e-05,33.080067,0.000100450015,203,203,49,0.001048274,0.00265063,1.04965575e-05,0.20132741,0
1560,26,2.243168e-06,33.080017,33.080017,-4.894101e-05,33.080017,0.00010042744,203,203,49,0.0012189555,0.0044803163,1.2311064e-05,0.20132656,0
1561,26.016666,9.1007305e-06,33.07998,33.07999,-2.8388515e-05,33.07999,0.00010049415,203,203,49,0.002860184,0.011240328,3.173364e-05,0.20132627,0
1562,26.033333,1.6647944e-05,33.07995,33.079964,-2.4540017e-05,33.079964,0.00010048628,203,203,49,0.0038901041,0.014852146,5.6492503e-05,0.2013261,0
1563,26.05,2.7882346e-05,33.079926,33.079952,-1.1542545e-05,33.079952,0.00010043142,203,203,49,0.0046885023,0.013704058,6.287985e-05,0.20132603,0
1564,26.066668,5.3457872e-05,33.079914,33.079967,1.6098986e-05,33.079967,0.00010047153,203,203,49,0.006548321,0.019478364,9.420381e-05,0.2013264,0
1565,26.083334,8.183438e-05,33.07991,33.07999,2.2890094e-05,33.07999,0.00010044002,203,203,49,0.008085352,0.023789426,0.00012132349,0.20132695,0
1566,26.1,0.00010989515,33.079918,33.08003,3.720479e-05,33.08003,0.00010041403,203,203,49,0.009368317,0.028596349,0.00014384024,0.20132798,0
1567,26.116667,0.00013569773,33.079933,33.080067,3.7772956e-05,33.080067,0.000100393,203,203,49,0.010241236,0.02895301,0.00016241282,0.20132911,0
1568,26.133333,0.00015681887,33.07994,33.080097,3.076393e-05,33.080097,0.00010050352,203,203,49,0.011081397,0.03136704,0.0001754558,0.20133024,0
1569,26.15,0.0001743994,33.079964,33.08014,4.202004e-05,33.08014,0.00010049895,202,202,49,0.011431078,0.030955033,0.00018841014,0.20133187,0
1570,26.166666,0.00018800268,33.07999,33.08018,4.0370345e-05,33.08018,0.000100429206,203,203,49,0.01183982,0.032095272,0.00019667682,0.20133358,0
1571,26.183332,0.00019855895,33.080036,33.080235,5.494637e-05,33.080235,0.00010049176,205,205,50,0.012494559,0.035669535,0.00020267628,0.20133571,0
1572,26.2,0.0002032428,33.080074,33.08028,4.3920045e-05,33.08028,0.00010045803,205,205,50,0.012638822,0.036070425,0.00020529909,0.2013378,0
1573,26.216667,0.00020459396,33.080124,33.080326,4.823509e-05,33.080326,0.00010042825,205,205,50,0.012162783,0.030467913,0.00020903275,0.20134006,0
1574,26.233334,0.00020296483,33.08017,33.080376,4.691736e-05,33.080376,0.00010053345,205,205,50,0.01260455,0.035905093,0.00020642177,0.20134245,0
1575,26.25,0.00019873357,33.080223,33.08042,4.7141562e-05,33.08042,0.00010049069,206,206,50,0.012022852,0.030363448,0.0002072754,0.20134488,0
1576,26.266666,0.00019228303,33.080276,33.080467,4.6751076e-05,33.080467,0.000100446014,206,206,50,0.012217039,0.035049632,0.00020318652,0.20134726,0
1577,26.283333,0.00018292728,33.080334,33.080517,4.8501024e-05,33.080517,0.00010042569,207,207,50,0.011884432,0.033262007,0.00019883167,0.20135,0
1578,26.3,0.00017515234,33.080387,33.080563,4.5094173e-05,33.080563,0.00010049459,206,206,50,0.011732658,0.033738777,0.00019692509,0.20135263,0
1579,26.316668,0.00016030205,33.08044,33.0806,3.9348866e-05,33.0806,0.000100432546,206,206,50,0.011238343,0.03225282,0.000184936,0.20135504,0
1580,26.333334,0.00014910547,33.080494,33.080643,4.0342497e-05,33.080643,0.00010043702,206,206,50,0.0108597055,0.031508163,0.00018217118,0.2013574,0
1581,26.35,0.0001375775,33.08054,33.080677,3.5688478e-05,33.080677,0.00010042359,206,206,50,0.010339474,0.029164826,0.00017614923,0.20135999,0
1582,26.366667,0.00012250066,33.080585,33.080708,3.2139586e-05,33.080708,0.00010043629,206,206,50,0.009821672,0.02818873,0.00016341005,0.20136225,0
1583,26.383333,0.00011182266,33.08063,33.08074,3.437714e-05,33.08074,0.00010048282,208,208,51,0.009392377,0.027132023,0.00015995617,0.20136459,0
1584,26.4,0.00010066244,33.080673,33.080772,3.0237292e-05,33.080772,0.00010047353,208,208,51,0.008979545,0.02649424,0.00015139127,0.20136651,0
1585,26.416666,8.8588975e-05,33.08071,33.0808,2.5998948e-05,33.0808,0.00010049892,208,208,51,0.008436354,0.025135169,0.00014160246,0.20136882,0
1586,26.433332,7.739734e-05,33.080738,33.08082,1.7071729e-05,33.08082,0.000100508834,208,208,51,0.007896759,0.023560867,0.0001326433,0.20137061,0
1587,26.45,6.8708905e-05,33.080765,33.080833,1.6416087e-05,33.080833,0.00010053582,208,208,51,0.0075690392,0.024667095,0.0001285233,0.20137244,0
1588,26.466667,6.0387076e-05,33.080788,33.080845,1.2792564e-05,33.080845,0.00010049314,208,208,51,0.007040001,0.022360103,0.00011962279,0.2013741,0
1589,26.483334,5.308504e-05,33.080803,33.080856,1.0986022e-05,33.080856,0.00010055249,208,208,51,0.00672418,0.025176046,0.00011553,0.2013758,0
1590,26.5,4.62398e-05,33.08082,33.080864,7.4526956e-06,33.080864,0.00010056474,208,208,51,0.0062985015,0.021543322,0.0001082186,0.20137735,0
1591,26.516666,4.006945e-05,33.08083,33.080868,4.303722e-06,33.080868,0.000100533056,208,208,51,0.00595695,0.023536364,0.000100836114,0.20137879,0
1592,26.533333,3.4426095e-05,33.08083,33.080864,-4.6458226e-06,33.080864,0.000100493475,208,208,51,0.005548215,0.023286572,9.400471e-05,0.20138001,0
1593,26.55,2.9235489e-05,33.080833,33.08086,-2.198016e-06,33.08086,0.000100531855,208,208,51,0.005144566,0.02145923,8.756695e-05,0.20138106,0
1594,26.566668,2.3935134e-05,33.080826,33.080853,-1.0953028e-05,33.080853,0.000100498306,208,208,51,0.0044158585,0.013723286,7.785649e-05,0.20138204,0
1595,26.583334,1.9411196e-05,33.08082,33.080837,-1.3834222e-05,33.080837,0.00010058162,208,208,51,0.0039632595,0.0123119205,6.803107e-05,0.20138264,0
1596,26.6,1.5519952e-05,33.0808,33.080814,-2.2678068e-05,33.080814,0.00010051399,208,208,51,0.0035332472,0.011028411,6.0510178e-05,0.20138292,0
1597,26.616667,1.2243695e-05,33.08078,33.08079,-2.2728102e-05,33.08079,0.00010057684,208,208,51,0.0031243365,0.009792003,5.3260872e-05,0.20138332,0
1598,26.633333,9.539645e-06,33.08079,33.080803,1.0097591e-05,33.080803,0.00010050774,208,208,51,0.0027387391,0.00859914,4.632666e-05,0.20138387,0
1599,26.65,7.3651304e-06,33.080807,33.080814,1.2622188e-05,33.080814,0.00010054299,208,208,51,0.0023829872,0.007472672,3.979182e-05,0.20138434,0
1600,26.666666,5.6578933e-06,33.080814,33.08082,5.4417314e-06,33.08082,0.000100534744,208,208,51,0.0020568215,0.006402056,3.356408e-05,0.20138459,0
1601,26.683332,4.3527725e-06,33.08082,33.080822,2.6850012e-06,33.080822,0.00010053167,208,208,51,0.0017661579,0.005412249,2.7794182e-05,0.20138474,0
1602,26.7,3.4005056e-06,33.08082,33.080822,-2.1160527e-06,33.080822,0.00010051244,208,208,51,0.0015163048,0.0045176344,2.2479406e-05,0.20138472,0
1603,26.716667,2.7512845e-06,33.08082,33.080822,1.0133296e-06,33.080822,0.00010054101,208,208,51,0.0013147411,0.0036949422,1.767424e-05,0.20138466,0
1604,26.733334,2.3269893e-06,33.08081,33.080814,-8.238284e-06,33.080814,0.00010046616,208,208,51,0.0011621559,0.0029659902,1.3443266e-05,0.20138441,0
1605,26.75,2.101857e-06,33.080803,33.080803,-9.867927e-06,33.080803,0.000100584526,208,208,51,0.001065652,0.002972203,9.916391e-06,0.20138408,0
1606,26.766666,2.0104974e-06,33.08079,33.08079,-1.089794e-05,33.08079,0.00010054729,208,208,51,0.0010186061,0.0033510914,7.3701376e-06,0.20138368,0
1607,26.783333,2.0244752e-06,33.080776,33.08078,-1.29539185e-05,33.08078,0.000100521596,208,208,51,0.00101424,0.003660904,7.002226e-06,0.20138308,0
1608,26.8,2.1038982e-06,33.08076,33.08076,-1.6878595e-05,33.08076,0.00010051245,208,208,51,0.0010375774,0.0039507416,7.483407e-06,0.2013826,0
1609,26.816668,2.2267982e-06,33.080738,33.08074,-2.1490261e-05,33.08074,0.00010059955,208,208,51,0.0010779487,0.004212886,8.370636e-06,0.20138195,0
1610,26.833334,2.3687967e-06,33.080727,33.080727,-1.3490918e-05,33.080727,0.00010059098,208,208,51,0.0011251189,0.0044575376,9.469435e-06,0.20138133,0
1611,26.85,2.5157244e-06,33.080704,33.080708,-2.1299978e-05,33.080708,0.00010057905,208,208,51,0.0011731592,0.004657611,1.0820854e-05,0.20138045,0
1612,26.866667,2.6560388e-06,33.080685,33.080685,-2.0807825e-05,33.080685,0.00010050962,208,208,51,0.0012179597,0.0048164637,1.2073895e-05,0.20137982,0
1613,26.883333,2.780626e-06,33.08066,33.080666,-2.1322317e-05,33.080666,0.00010055318,208,208,51,0.0012562001,0.0049389224,1.317866e-05,0.20137906,0
1614,26.9,2.880129e-06,33.08064,33.080643,-2.350872e-05,33.080643,0.00010053368,208,208,51,0.001285935,0.005026953,1.4043346e-05,0.2013782,0
1615,26.916666,2.9644004e-06,33.080616,33.08062,-2.2027654e-05,33.08062,0.000100551384,208,208,51,0.0013098374,0.0050946753,1.4671298e-05,0.20137744,0
1616,26.933332,3.0196672e-06,33.080593,33.080597,-2.33867e-05,33.080597,0.00010050833,208,208,51,0.0013259526,0.005160521,1.5146158e-05,0.20137662,0
1617,26.95,3.054369e-06,33.080566,33.08057,-2.6233602e-05,33.08057,0.00010052106,208,208,51,0.0013362478,0.0052137175,1.5481477e-05,0.20137572,0
1618,26.966667,3.0714266e-06,33.080544,33.080547,-2.3757419e-05,33.080547,0.000100538535,208,208,51,0.0013412964,0.005221995,1.5661955e-05,0.2013749,0
1619,26.983334,3.0755868e-06,33.080517,33.08052,-2.6264142e-05,33.08052,0.00010058288,207,207,51,0.0013417103,0.005225341,1.572519e-05,0.20137395,0
1620,27,3.0485048e-06,33.080494,33.080498,-2.2637772e-05,33.080498,0.00010053214,207,207,51,0.0013338452,0.0052243443,1.563441e-05,0.20137314,0
1621,27.016666,3.0166968e-06,33.08047,33.08047,-2.397254e-05,33.08047,0.00010051815,207,207,51,0.0013239544,0.0051775794,1.5439588e-05,0.20137228,0
1622,27.033333,2.9611058e-06,33.08045,33.080452,-2.100373e-05,33.080452,0.00010052529,207,207,51,0.0013082201,0.0051361537,1.5136391e-05,0.20137148,0
1623,27.05,2.8961251e-06,33.08042,33.080425,-2.5502008e-05,33.080425,0.00010051829,207,207,51,0.0012877443,0.005075461,1.4711266e-05,0.2013706,0
1624,27.066668,2.82769e-06,33.0804,33.080402,-2.4009167e-05,33.080402,0.00010053224,207,207,51,0.0012675049,0.005008915,1.42367535e-05,0.20136976,0
1625,27.083334,2.740269e-06,33.08038,33.080383,-1.90405e-05,33.080383,0.00010048085,207,207,51,0.0012356977,0.004965764,1.3582518e-05,0.20136902,0
1626,27.1,2.6518958e-06,33.080357,33.080357,-2.5359146e-05,33.080357,0.000100556856,207,207,51,0.0012100128,0.004835572,1.284396e-05,0.20136815,0
1627,27.116667,2.3668133e-06,33.080338,33.08034,-1.8074375e-05,33.08034,0.00010048097,208,208,51,0.0011180945,0.005204007,1.18027465e-05,0.20136745,0
1628,27.133333,1.6446292e-06,33.08033,33.080334,-6.873622e-06,33.080334,0.00010035105,208,208,51,0.0009255232,0.0035888874,1.0451866e-05,0.20136702,0
1629,27.15,1.2907175e-06,33.080322,33.080326,-7.669135e-06,33.080326,0.000100391786,208,208,51,0.0007792696,0.003231528,7.5076405e-06,0.2013666,0
1630,27.166666,1.1209668e-06,33.080307,33.080307,-1.6795258e-05,33.080307,0.00010034195,208,208,51,0.00071075506,0.0027210831,4.210554e-06,0.20136607,0
1631,27.183332,1.1091713e-06,33.080296,33.0803,-9.65459e-06,33.0803,0.000100450154,208,208,51,0.00071999204,0.0023099913,2.4905114e-06,0.20136565,0
1632,27.2,1.1812197e-06,33.080288,33.080288,-8.905726e-06,33.080288,0.00010038451,208,208,51,0.00076868513,0.0019811708,3.9836614e-06,0.20136526,0
1633,27.216667,1.2870311e-06,33.08028,33.08028,-7.708178e-06,33.08028,0.000100442885,205,205,50,0.00082823215,0.0019774684,6.3832317e-06,0.20136492,0
1634,27.233334,1.4000052e-06,33.08028,33.08028,-1.5495767e-06,33.08028,0.000100360376,205,205,50,0.00088588666,0.0021769875,8.2772485e-06,0.20136468,0
1635,27.25,1.5056021e-06,33.08027,33.080273,-9.204688e-06,33.080273,0.000100352074,205,205,50,0.0009365293,0.0024083832,9.780698e-06,0.20136435,0
1636,27.266666,1.598913e-06,33.080265,33.08027,-3.896811e-06,33.08027,0.00010034749,205,205,50,0.0009782255,0.002578343,1.0946632e-05,0.20136394,0
1637,27.283333,1.685465e-06,33.080265,33.08027,-7.970309e-08,33.08027,0.00010040377,205,205,50,0.0010117412,0.0026991393,1.1836233e-05,0.20136395,0
1638,27.3,1.7752523e-06,33.08026,33.08026,-4.565355e-06,33.08026,0.000100430756,205,205,50,0.0010408825,0.0027572766,1.2386419e-05,0.20136371,0
1639,27.316668,1.8600896e-06,33.080257,33.08026,-2.9077542e-06,33.08026,0.00010042652,205,205,50,0.0010556441,0.002918216,1.2708995e-05,0.20136347,0
1640,27.333334,1.8051189e-06,33.080257,33.08026,-5.4970705e-08,33.08026,0.00010042116,205,205,50,0.0010505274,0.0027670006,1.2753271e-05,0.20136318,0
1641,27.35,1.8030296e-06,33.080246,33.08025,-1.0143649e-05,33.08025,0.00010040813,205,205,50,0.0010492248,0.00286236,1.2827278e-05,0.20136298,0
1642,27.366667,1.8806337e-06,33.080246,33.08025,-4.2116113e-07,33.08025,0.0001004163,205,205,50,0.0010460024,0.002899387,1.2458875e-05,0.20136279,0
1643,27.383333,1.8473544e-06,33.08024,33.080242,-7.182248e-06,33.080242,0.0001004221,205,205,50,0.0010336908,0.002918031,1.2058304e-05,0.20136245,0
1644,27.4,1.7928422e-06,33.080235,33.08024,-5.0421645e-06,33.08024,0.00010043425,205,205,50,0.0010088034,0.0027380395,1.1375284e-05,0.20136218,0
1645,27.416666,1.5869404e-06,33.08023,33.08023,-5.1935544e-06,33.08023,0.00010043262,205,205,50,0.00095528946,0.0027010588,1.0935285e-05,0.20136191,0
1646,27.433332,1.7194295e-06,33.080223,33.080227,-6.6839693e-06,33.080227,0.00010039415,205,205,50,0.0009792483,0.0026280568,1.06364905e-05,0.20136133,0
1647,27.45,1.6793484e-06,33.080223,33.080227,1.1237045e-06,33.080227,0.00010040724,205,205,50,0.0009672442,0.002503745,1.0101725e-05,0.2013614,0
1648,27.466667,1.6398127e-06,33.08022,33.080223,-4.694678e-06,33.080223,0.00010042029,205,205,50,0.0009449146,0.0024063783,9.691278e-06,0.2013611,0
1649,27.483334,1.6057077e-06,33.080215,33.080215,-5.0217573e-06,33.080215,0.00010042354,205,205,50,0.0009295376,0.0023942564,9.197385e-06,0.2013608,0
1650,27.5,1.5263996e-06,33.080208,33.08021,-5.898236e-06,33.08021,0.00010041607,205,205,50,0.00090336514,0.0023143569,8.770208e-06,0.20136046,0
1651,27.516666,1.5462457e-06,33.0802,33.080204,-8.126653e-06,33.080204,0.00010046135,204,204,50,0.0009069857,0.002209866,8.362797e-06,0.20135997,0
1652,27.533333,1.3543355e-06,33.080196,33.080196,-4.8470524e-06,33.080196,0.00010045545,204,204,50,0.00084854494,0.002467177,7.970449e-06,0.20135964,0
1653,27.55,1.3297624e-06,33.080193,33.080193,-4.014695e-06,33.080193,0.000100463396,204,204,50,0.0008379626,0.0023906208,7.762739e-06,0.2013594,0
1654,27.566668,1.3746196e-06,33.080185,33.080185,-6.771601e-06,33.080185,0.00010041741,204,204,50,0.00085091643,0.0021193477,7.6394035e-06,0.20135915,0
1655,27.583334,1.3065312e-06,33.080177,33.080177,-7.715822e-06,33.080177,0.00010042327,204,204,50,0.0008294242,0.002162192,7.296296e-06,0.2013588,0
1656,27.6,1.2874634e-06,33.080177,33.080177,-1.0165982e-06,33.080177,0.00010042432,204,204,50,0.00081926514,0.0021476783,7.0721144e-06,0.20135856,0
1657,27.616667,1.3344905e-06,33.08017,33.08017,-7.4344516e-06,33.08017,0.00010039191,204,204,50,0.0008340898,0.0021081616,6.9988837e-06,0.20135815,0
1658,27.633333,1.2699081e-06,33.080162,33.080162,-6.881041e-06,33.080162,0.00010043188,204,204,50,0.0008125481,0.002017709,6.8003806e-06,0.20135769,0
1659,27.65,1.2589511e-06,33.08016,33.08016,-4.167334e-06,33.08016,0.000100421654,204,204,50,0.0008051769,0.0020640835,6.5988315e-06,0.2013575,0
1660,27.666666,1.2540114e-06,33.08015,33.08015,-8.816459e-06,33.08015,0.000100433244,204,204,50,0.0008032473,0.0019961528,6.434633e-06,0.20135716,0
1661,27.683332,1.2410032e-06,33.080135,33.08014,-1.314716e-05,33.08014,0.00010038225,204,204,50,0.0007961448,0.0020258536,6.303358e-06,0.20135652,0
1662,27.7,1.2252216e-06,33.080128,33.08013,-6.998495e-06,33.08013,0.00010043385,204,204,50,0.00078609865,0.0020905517,6.031819e-06,0.20135634,0
1663,27.716667,1.2187687e-06,33.080128,33.080128,-2.9990445e-06,33.080128,0.00010038315,204,204,50,0.0007813314,0.0020507697,5.694245e-06,0.20135607,0
1664,27.733334,1.2144396e-06,33.08012,33.080124,-5.490747e-06,33.080124,0.00010041718,204,204,50,0.0007793717,0.0019702287,5.5865357e-06,0.20135573,0
1665,27.75,1.2013045e-06,33.080112,33.080112,-9.98844e-06,33.080112,0.00010040076,204,204,50,0.0007746505,0.0018847627,5.430935e-06,0.20135531,0
1666,27.766666,1.1975402e-06,33.080105,33.080105,-7.3189876e-06,33.080105,0.00010038859,204,204,50,0.00077230897,0.0018753917,5.283471e-06,0.20135477,0
1667,27.783333,1.1892796e-06,33.080097,33.0801,-4.995913e-06,33.0801,0.00010038841,204,204,50,0.00076805,0.0018517467,5.1650372e-06,0.2013546,0
1668,27.8,1.1847644e-06,33.080093,33.080093,-6.6547186e-06,33.080093,0.000100389916,204,204,50,0.00076497754,0.0018687873,4.9811374e-06,0.2013543,0
1669,27.816668,1.183778e-06,33.080082,33.080086,-8.978761e-06,33.080086,0.00010041158,204,204,50,0.0007627464,0.0019129987,4.873745e-06,0.20135388,0
1670,27.833334,1.1741595e-06,33.08008,33.08008,-5.163526e-06,33.08008,0.000100452016,204,204,50,0.00075761107,0.0019366492,4.6914524e-06,0.20135356,0
1671,27.85,1.169266e-06,33.08007,33.08007,-8.483902e-06,33.08007,0.000100384386,204,204,50,0.00075521314,0.0019466792,4.572932e-06,0.20135292,0
1672,27.866667,1.1641345e-06,33.080063,33.080063,-7.652865e-06,33.080063,0.00010042793,204,204,50,0.00075233995,0.0019494583,4.4252256e-06,0.20135278,0
1673,27.883333,1.160871e-06,33.080055,33.080055,-6.985977e-06,33.080055,0.00010037688,204,204,50,0.0007501602,0.0019642801,4.3103278e-06,0.20135236,0
1674,27.9,1.1589021e-06,33.080048,33.080048,-6.818427e-06,33.080048,0.00010039213,204,204,50,0.00074831693,0.0019745112,4.187565e-06,0.20135199,0
1675,27.916666,1.1537817e-06,33.08004,33.080044,-6.987834e-06,33.080044,0.000100412304,204,204,50,0.00074553513,0.001983306,4.069563e-06,0.20135169,0
1676,27.933332,1.1562016e-06,33.08003,33.08003,-1.2632966e-05,33.08003,0.00010042925,204,204,50,0.00074511865,0.0020034527,3.954494e-06,0.20135124,0
1677,27.95,1.1471411e-06,33.08002,33.080025,-5.661733e-06,33.080025,0.000100349906,204,204,50,0.00074109214,0.0020040863,3.826967e-06,0.20135088,0
1678,27.966667,1.1448877e-06,33.08001,33.080013,-1.1972619e-05,33.080013,0.000100379155,204,204,50,0.00073929585,0.0020275419,3.717523e-06,0.20135044,0
1679,27.983334,1.1411123e-06,33.080006,33.080006,-5.9889585e-06,33.080006,0.00010035076,204,204,50,0.0007369799,0.0020279232,3.5959724e-06,0.20135002,0
1680,28,1.1395919e-06,33.079994,33.079994,-9.81057e-06,33.079994,0.000100347635,204,204,50,0.000735516,0.002049711,3.4846264e-06,0.20134953,0
1681,28.016666,1.136533e-06,33.079987,33.079987,-8.814578e-06,33.079987,0.0001004252,204,204,50,0.0007335438,0.0020531265,3.3654464e-06,0.20134915,0
1682,28.033333,1.1349948e-06,33.07998,33.079983,-6.1529763e-06,33.079983,0.00010046654,204,204,50,0.0007321686,0.0020688432,3.2524956e-06,0.20134884,0
1683,28.05,1.1346093e-06,33.07997,33.07997,-8.146884e-06,33.07997,0.00010047672,204,204,50,0.00073119864,0.002078605,3.1512527e-06,0.20134847,0
1684,28.066668,1.1310748e-06,33.079964,33.079964,-8.981309e-06,33.079964,0.00010040399,204,204,50,0.0007292634,0.002085968,3.0663357e-06,0.20134799,0
1685,28.083334,1.1351204e-06,33.079952,33.079952,-1.13013e-05,33.079952,0.00010042425,204,204,50,0.0007298487,0.0021040018,2.9584128e-06,0.2013476,0
1686,28.1,1.1277593e-06,33.079945,33.07995,-5.4937786e-06,33.07995,0.00010040686,204,204,50,0.0007267893,0.0021014176,2.8692982e-06,0.20134723,0
1687,28.116667,1.1271643e-06,33.079937,33.079937,-1.0807175e-05,33.079937,0.000100392506,204,204,50,0.0007259779,0.002120679,2.7959986e-06,0.20134677,0
1688,28.133333,1.1250111e-06,33.07993,33.07993,-7.4836316e-06,33.07993,0.00010043913,204,204,50,0.0007247138,0.0021166978,2.7119759e-06,0.20134637,0
1689,28.15,1.1250409e-06,33.07992,33.07992,-7.148939e-06,33.07992,0.000100421676,204,204,50,0.0007242096,0.0021333916,2.6399107e-06,0.20134597,0
1690,28.166666,1.123486e-06,33.079906,33.07991,-1.2636941e-05,33.07991,0.00010036015,204,204,50,0.0007232394,0.0021329704,2.5769452e-06,0.20134552,0
1691,28.183332,1.1233392e-06,33.079903,33.079903,-6.816605e-06,33.079903,0.00010038658,204,204,50,0.0007227573,0.0021430084,2.5137913e-06,0.20134512,0
1692,28.2,1.1242672e-06,33.07989,33.07989,-9.309357e-06,33.07989,0.00010040499,204,204,50,0.000722691,0.0021494771,2.4594199e-06,0.20134467,0
1693,28.216667,1.1219172e-06,33.07988,33.07988,-1.1640205e-05,33.07988,0.00010042778,204,204,50,0.00072155095,0.0021497805,2.4046083e-06,0.20134422,0
1694,28.233334,1.1270384e-06,33.079872,33.079872,-8.141378e-06,33.079872,0.00010034622,204,204,50,0.00072291185,0.0021659317,2.3497714e-06,0.20134382,0
1695,28.25,1.120649e-06,33.07986,33.07986,-1.1976756e-05,33.07986,0.000100393045,204,204,50,0.0007205303,0.002155062,2.329586e-06,0.20134322,0
1696,28.266666,1.1209406e-06,33.07985,33.079853,-9.3099925e-06,33.079853,0.00010037868,204,204,50,0.000720343,0.002168838,2.26151e-06,0.2013429,0
1697,28.283333,1.1195789e-06,33.07984,33.07984,-9.810411e-06,33.07984,0.000100428755,204,204,50,0.00071969436,0.0021599457,2.2363631e-06,0.2013424,0
1698,28.3,1.1203266e-06,33.07983,33.079834,-8.9770265e-06,33.079834,0.00010037608,204,204,50,0.0007197076,0.002171723,2.1876965e-06,0.20134202,0
1699,28.316668,1.1193755e-06,33.079826,33.079826,-7.4824297e-06,33.079826,0.0001004161,204,204,50,0.0007192251,0.0021677595,2.1559447e-06,0.20134158,0
1700,28.333334,1.1196726e-06,33.079815,33.079815,-8.811222e-06,33.079815,0.0001004569,204,204,50,0.0007190992,0.0021693946,2.0991322e-06,0.20134115,0
1701,28.35,1.121087e-06,33.079803,33.079803,-1.2135207e-05,33.079803,0.00010045545,204,204,50,0.00071943976,0.0021599932,2.0257155e-06,0.20134066,0
1702,28.366667,1.1195602e-06,33.079796,33.079796,-8.979301e-06,33.079796,0.00010049069,204,204,50,0.0007187167,0.0021431441,1.9242236e-06,0.20134018,0
1703,28.383333,1.1260978e-06,33.079784,33.079784,-1.0467533e-05,33.079784,0.00010048666,204,204,50,0.00072070153,0.0021407462,1.8288766e-06,0.20133972,0
1704,28.4,1.1274708e-06,33.079777,33.079777,-9.142656e-06,33.079777,0.00010046947,204,204,50,0.00072130875,0.0021200231,1.7460329e-06,0.2013392,0
1705,28.416666,1.1220302e-06,33.079765,33.079765,-1.01470005e-05,33.079765,0.00010044752,204,204,50,0.0007194903,0.002100539,1.681217e-06,0.20133871,0
1706,28.433332,1.1242824e-06,33.079758,33.079758,-8.144247e-06,33.079758,0.00010043855,204,204,50,0.000720503,0.0023824293,1.669508e-06,0.20133825,0
1707,28.45,1.1284396e-06,33.079746,33.079746,-1.0802423e-05,33.079746,0.00010048053,204,204,50,0.0007219142,0.0027920064,1.6590931e-06,0.2013377,0
1708,28.466667,1.1298806e-06,33.079735,33.079735,-1.0805139e-05,33.079735,0.00010041311,204,204,50,0.0007227056,0.0031610085,1.6857899e-06,0.20133714,0
1709,28.483334,1.1351236e-06,33.079723,33.079727,-1.0136317e-05,33.079727,0.000100456455,204,204,50,0.0007246447,0.0034758393,1.7272118e-06,0.20133659,0
1710,28.5,1.1399383e-06,33.079716,33.079716,-9.30547e-06,33.079716,0.00010050448,204,204,50,0.0007265882,0.003719212,1.7779948e-06,0.20133606,0
1711,28.516666,1.1390252e-06,33.0797,33.079704,-1.429885e-05,33.079704,0.00010042975,204,204,50,0.0007269046,0.0039046805,1.8609576e-06,0.20133543,0
1712,28.533333,1.1415449e-06,33.079693,33.079693,-9.972785e-06,33.079693,0.00010047301,205,205,50,0.0007280963,0.00401386,1.8960561e-06,0.2013349,0
1713,28.55,1.1506012e-06,33.07968,33.07968,-9.799994e-06,33.07968,0.00010045814,205,205,50,0.00073137577,0.004049248,1.973113e-06,0.20133425,0
1714,28.566668,1.1400183e-06,33.079666,33.079666,-1.5139795e-05,33.079666,0.00010043865,205,205,50,0.0007283752,0.00400721,2.0025514e-06,0.20133361,0
1715,28.583334,1.1406071e-06,33.07966,33.07966,-9.14344e-06,33.07966,0.000100460755,208,208,51,0.0007286548,0.0038991733,1.9905199e-06,0.20133312,0
1716,28.6,1.1407675e-06,33.079647,33.079647,-9.476379e-06,33.079647,0.000100470075,208,208,51,0.000728643,0.0037187738,1.9840593e-06,0.20133257,0
1717,28.616667,1.1361172e-06,33.07963,33.079636,-1.4468842e-05,33.079636,0.00010040296,208,208,51,0.0007270793,0.0034915828,2.0093028e-06,0.20133184,0
1718,28.633333,1.1339026e-06,33.07962,33.079624,-1.1806325e-05,33.079624,0.00010044728,208,208,51,0.00072602724,0.0032140482,1.9066091e-06,0.20133138,0
1719,28.65,1.1287184e-06,33.079613,33.079617,-7.1541526e-06,33.079617,0.0001003771,208,208,51,0.0007241211,0.0028996854,1.8670117e-06,0.20133089,0
1720,28.666666,1.127729e-06,33.0796,33.0796,-1.280263e-05,33.0796,0.000100501085,208,208,51,0.000723286,0.002564876,1.8400356e-06,0.2013303,0
1721,28.683332,1.1235604e-06,33.07959,33.079594,-1.0311984e-05,33.079594,0.00010039599,208,208,51,0.0007215227,0.0022171715,1.8284614e-06,0.20132974,0
1722,28.7,1.1224795e-06,33.079582,33.079582,-9.976386e-06,33.079582,0.00010045338,208,208,51,0.0007207624,0.002124127,1.8152421e-06,0.2013292,0
1723,28.716667,1.1230992e-06,33.079567,33.079567,-1.4796083e-05,33.079567,0.00010049441,208,208,51,0.0007205652,0.0021402435,1.8553122e-06,0.20132862,0
1724,28.733334,1.1194484e-06,33.07956,33.079563,-5.4900684e-06,33.079563,0.00010039137,208,208,51,0.0007190476,0.0021255638,1.822371e-06,0.20132819,0
1725,28.75,1.1180563e-06,33.079548,33.07955,-1.2138013e-05,33.07955,0.00010046757,208,208,51,0.0007180544,0.0021278935,1.8657373e-06,0.20132764,0
1726,28.766666,1.119304e-06,33.07954,33.07954,-9.974057e-06,33.07954,0.00010039031,208,208,51,0.00071810454,0.0021397092,1.8525742e-06,0.20132716,0
1727,28.783333,1.1181313e-06,33.07953,33.07953,-9.9764775e-06,33.07953,0.000100376616,208,208,51,0.0007177609,0.0021303168,1.8522194e-06,0.20132665,0
1728,28.8,1.1183021e-06,33.07952,33.07952,-8.645094e-06,33.07952,0.00010044936,208,208,51,0.0007178615,0.0021246679,1.8145557e-06,0.20132618,0
1729,28.816668,1.1197137e-06,33.07951,33.07951,-1.0472659e-05,33.07951,0.000100405654,208,208,51,0.0007185261,0.0021157747,1.8314811e-06,0.2013255,0
1730,28.833334,1.1175237e-06,33.079502,33.079502,-8.647455e-06,33.079502,0.00010045093,208,208,51,0.0007179622,0.0020959666,1.7951078e-06,0.20132521,0
1731,28.85,1.1182125e-06,33.079487,33.079487,-1.37984825e-05,33.079487,0.00010038698,208,208,51,0.00071833504,0.0020905288,1.8276826e-06,0.20132469,0
1732,28.866667,1.1174047e-06,33.07948,33.07948,-9.311092e-06,33.07948,0.000100458135,208,208,51,0.0007182686,0.0020676067,1.8264847e-06,0.20132421,0
1733,28.883333,1.118755e-06,33.079468,33.07947,-9.308935e-06,33.07947,0.000100436155,208,208,51,0.000718775,0.0020605978,1.8139262e-06,0.20132373,0
1734,28.9,1.1186312e-06,33.07946,33.07946,-9.144153e-06,33.07946,0.0001004229,208,208,51,0.00071882835,0.00204145,1.7817688e-06,0.20132321,0
1735,28.916666,1.1199967e-06,33.079445,33.07945,-1.3132786e-05,33.07945,0.00010040628,208,208,51,0.0007192367,0.002030064,1.7439338e-06,0.20132269,0
1736,28.933332,1.1210317e-06,33.079437,33.079437,-1.030678e-05,33.079437,0.000100462705,208,208,51,0.0007196969,0.0020187688,1.6964907e-06,0.20132215,0
1737,28.95,1.12816e-06,33.079426,33.079426,-1.0300687e-05,33.079426,0.00010042355,208,208,51,0.0007219883,0.0020174538,1.6451526e-06,0.20132165,0
1738,28.966667,1.1228999e-06,33.07942,33.07942,-9.4818e-06,33.07942,0.00010040871,208,208,51,0.00072057964,0.002087325,1.6278896e-06,0.2013211,0
1739,28.983334,1.1227258e-06,33.079407,33.079407,-9.310458e-06,33.079407,0.000100394034,208,208,51,0.00072058715,0.0023869749,1.5973326e-06,0.20132059,0
1740,29,1.1268095e-06,33.079395,33.079395,-1.2298792e-05,33.079395,0.00010049708,208,208,51,0.0007218353,0.0026691488,1.5896335e-06,0.20132005,0
1741,29.016666,1.1273419e-06,33.079384,33.079384,-1.0473537e-05,33.079384,0.00010036728,206,206,50,0.0007221001,0.0029176795,1.5747013e-06,0.20131953,0
1742,29.033333,1.1305568e-06,33.079376,33.079376,-9.307069e-06,33.079376,0.00010041014,206,206,50,0.00072324305,0.003135082,1.5841919e-06,0.20131896,0
1743,29.05,1.1412576e-06,33.079365,33.079365,-1.0297114e-05,33.079365,0.000100395584,206,206,50,0.00072683045,0.0033075341,1.5950943e-06,0.2013184,0
1744,29.066668,1.1322603e-06,33.079353,33.079353,-1.0815577e-05,33.079353,0.00010039559,206,206,50,0.0007241539,0.0034351742,1.6094034e-06,0.20131782,0
1745,29.083334,1.1335096e-06,33.07934,33.07934,-1.1470352e-05,33.07934,0.00010042791,207,207,50,0.0007247996,0.0035201528,1.6148726e-06,0.20131727,0
1746,29.1,1.1347227e-06,33.079334,33.079334,-8.810306e-06,33.079334,0.000100424455,207,207,50,0.00072532345,0.0035533698,1.6326319e-06,0.20131671,0
1747,29.116667,1.1347604e-06,33.07932,33.079323,-1.3466623e-05,33.079323,0.00010040378,207,207,50,0.0007254614,0.0035374397,1.6700565e-06,0.20131607,0
1748,29.133333,1.1430766e-06,33.07931,33.07931,-9.135713e-06,33.07931,0.00010047037,207,207,50,0.00072834926,0.0034748914,1.6494259e-06,0.20131552,0
1749,29.15,1.1309339e-06,33.079304,33.079304,-8.989917e-06,33.079304,0.00010041411,207,207,50,0.00072453305,0.0033731968,1.6458329e-06,0.20131499,0
1750,29.166666,1.131257e-06,33.079292,33.079292,-1.0972512e-05,33.079292,0.000100449986,207,207,50,0.00072456605,0.00323527,1.6605554e-06,0.20131439,0
1751,29.183332,1.1319661e-06,33.07928,33.07928,-1.1969657e-05,33.07928,0.00010043403,207,207,50,0.0007246922,0.0030576137,1.6452761e-06,0.20131382,0
1752,29.2,1.1275266e-06,33.07927,33.07927,-1.0644765e-05,33.07927,0.00010039152,207,207,50,0.0007232285,0.0028607333,1.6987258e-06,0.20131305,0
1753,29.216667,1.1350121e-06,33.07926,33.07926,-8.1390135e-06,33.07926,0.00010044137,204,204,49,0.00072556984,0.002640713,1.5717602e-06,0.20131274,0
1754,29.233334,1.1233132e-06,33.07925,33.07925,-1.0984534e-05,33.07925,0.00010045511,204,204,49,0.00072162866,0.0024141362,1.6169449e-06,0.20131217,0
1755,29.25,1.1228838e-06,33.07924,33.07924,-1.0308245e-05,33.07924,0.000100440215,204,204,49,0.00072128576,0.0021842772,1.611962e-06,0.2013116,0
1756,29.266666,1.1195182e-06,33.079224,33.079224,-1.6462618e-05,33.079224,0.00010042661,204,204,49,0.0007201469,0.0019745815,1.6311392e-06,0.20131099,0
1757,29.283333,1.1201995e-06,33.079216,33.079216,-8.312073e-06,33.079216,0.000100380465,204,204,49,0.0007202256,0.001977299,1.6187366e-06,0.20131052,0
1758,29.3,1.1178615e-06,33.0792,33.079205,-1.1640193e-05,33.079205,0.00010040318,204,204,49,0.00071941706,0.0019786071,1.656608e-06,0.20130995,0
1759,29.316668,1.1183013e-06,33.07919,33.079193,-1.1803671e-05,33.079193,0.00010044629,204,204,49,0.0007195552,0.0019696269,1.6832761e-06,0.2013094,0
1760,29.333334,1.120433e-06,33.07918,33.07918,-8.310622e-06,33.07918,0.00010043253,204,204,49,0.00072019466,0.0019806987,1.7044316e-06,0.20130889,0
1761,29.35,1.1176215e-06,33.07917,33.079174,-1.0310627e-05,33.079174,0.000100453624,204,204,49,0.00071931904,0.0019590973,1.7372365e-06,0.2013083,0
1762,29.366667,1.1265472e-06,33.079163,33.079163,-1.09639095e-05,33.079163,0.00010043612,204,204,49,0.0007223526,0.0019748514,1.7226447e-06,0.20130785,0
1763,29.383333,1.1169268e-06,33.07915,33.079155,-8.987395e-06,33.079155,0.00010038434,204,204,49,0.00071918813,0.0019430751,1.7464741e-06,0.20130734,0
1764,29.4,1.1181623e-06,33.07914,33.079144,-1.09716e-05,33.079144,0.00010037808,204,204,49,0.00071961153,0.0019445968,1.7584034e-06,0.2013068,0
1765,29.416666,1.1164589e-06,33.07913,33.079132,-1.1307049e-05,33.079132,0.00010043247,204,204,49,0.00071912294,0.0019281264,1.814117e-06,0.20130603,0
1766,29.433332,1.118836e-06,33.079124,33.079124,-5.8165506e-06,33.079124,0.00010041294,204,204,49,0.00071988936,0.0019243417,1.703002e-06,0.2013058,0
1767,29.45,1.1180374e-06,33.079113,33.079113,-1.1306144e-05,33.079113,0.00010034395,204,204,49,0.0007195866,0.0019127136,1.7165869e-06,0.20130527,0
1768,29.466667,1.1193221e-06,33.0791,33.079105,-9.807765e-06,33.079105,0.000100443576,204,204,49,0.00072009786,0.0018988085,1.68243e-06,0.20130478,0
1769,29.483334,1.1297752e-06,33.079094,33.079094,-9.798597e-06,33.079094,0.00010043355,204,204,49,0.000723521,0.0019117218,1.6622361e-06,0.20130423,0
1770,29.5,1.1207369e-06,33.079082,33.079082,-1.2311914e-05,33.079082,0.000100476616,204,204,49,0.0007204836,0.0019988685,1.6249198e-06,0.20130366,0
1771,29.516666,1.1232172e-06,33.07907,33.07907,-9.1415495e-06,33.07907,0.00010043342,204,204,49,0.00072120794,0.002197556,1.5769082e-06,0.20130314,0
1772,29.533333,1.1226326e-06,33.07906,33.079063,-1.0308399e-05,33.079063,0.000100367826,204,204,49,0.0007210565,0.0023976783,1.5539862e-06,0.2013026,0
1773,29.55,1.1256404e-06,33.079044,33.07905,-1.562497e-05,33.07905,0.00010044114,204,204,49,0.00072202116,0.002589268,1.5390195e-06,0.20130198,0
1774,29.566668,1.1360894e-06,33.07904,33.07904,-6.9722646e-06,33.07904,0.000100429344,204,204,49,0.000725502,0.002766089,1.4952975e-06,0.20130144,0
1775,29.583334,1.1269814e-06,33.07903,33.07903,-9.984413e-06,33.07903,0.00010041116,204,204,49,0.0007225711,0.002928347,1.4840797e-06,0.2013009,0
1776,29.6,1.128536e-06,33.079018,33.07902,-1.030626e-05,33.07902,0.00010046087,203,203,49,0.00072319765,0.0030688092,1.4856814e-06,0.20130034,0
1777,29.616667,1.1304843e-06,33.079006,33.07901,-1.0472122e-05,33.07901,0.00010038322,203,203,49,0.000723922,0.0031823216,1.4878892e-06,0.20129976,0
1778,29.633333,1.1316472e-06,33.078995,33.078995,-1.3631754e-05,33.078995,0.000100428995,203,203,49,0.0007243877,0.0032657487,1.5126577e-06,0.20129913,0
1779,29.65,1.1412548e-06,33.078983,33.078983,-1.0796973e-05,33.078983,0.00010036582,203,203,49,0.0007276813,0.0033150606,1.521574e-06,0.20129849,0
1780,29.666666,1.1346467e-06,33.078976,33.078976,-8.651872e-06,33.078976,0.00010042003,203,203,49,0.0007255788,0.0033332126,1.4887667e-06,0.20129801,0
1781,29.683332,1.1303445e-06,33.078964,33.078968,-8.982077e-06,33.078968,0.00010045061,203,203,49,0.0007243843,0.003325775,1.5148637e-06,0.20129745,0
1782,29.7,1.1305384e-06,33.078957,33.078957,-1.1138896e-05,33.078957,0.00010038754,203,203,49,0.0007245188,0.0032817267,1.5313357e-06,0.20129684,0
1783,29.716667,1.1303875e-06,33.078945,33.078945,-1.0141711e-05,33.078945,0.00010042235,203,203,49,0.00072451925,0.0032097257,1.5053415e-06,0.20129631,0
1784,29.733334,1.1299412e-06,33.07893,33.078934,-1.3134598e-05,33.078934,0.00010041834,203,203,49,0.00072435784,0.0031100726,1.5417513e-06,0.20129567,0
1785,29.75,1.1378012e-06,33.07892,33.07892,-1.3292546e-05,33.07892,0.00010046011,201,201,48,0.00072695164,0.0029876877,1.5256312e-06,0.20129508,0
1786,29.766666,1.126085e-06,33.078907,33.078907,-1.1317062e-05,33.078907,0.00010042268,201,201,48,0.00072307675,0.0028519162,1.5208749e-06,0.20129448,0
1787,29.783333,1.1251317e-06,33.0789,33.0789,-9.311238e-06,33.0789,0.00010043507,201,201,48,0.00072273647,0.0027056811,1.5122077e-06,0.20129392,0
1788,29.8,1.1250544e-06,33.078888,33.07889,-8.811597e-06,33.07889,0.00010042197,201,201,48,0.0007225906,0.0025503912,1.4920372e-06,0.2012934,0
1789,29.816668,1.132957e-06,33.078876,33.078876,-1.3957524e-05,33.078876,0.00010046978,201,201,48,0.00072516693,0.0023929018,1.5765686e-06,0.20129262,0
1790,29.833334,1.1209471e-06,33.078865,33.07887,-8.324764e-06,33.07887,0.000100400575,201,201,48,0.00072117394,0.002246496,1.4791913e-06,0.20129223,0
1791,29.85,1.1218733e-06,33.07885,33.078854,-1.5128287e-05,33.078854,0.000100527526,201,201,48,0.00072136405,0.0021045487,1.5392137e-06,0.20129162,0
1792,29.866667,1.1197112e-06,33.078842,33.078842,-8.813681e-06,33.078842,0.00010043166,201,201,48,0.00072062743,0.0019796817,1.5379111e-06,0.20129107,0
1793,29.883333,1.1202754e-06,33.07883,33.078835,-1.0639761e-05,33.078835,0.000100417885,201,201,48,0.0007207917,0.0018742561,1.5422306e-06,0.20129053,0
1794,29.9,1.1224379e-06,33.078823,33.078823,-9.308122e-06,33.078823,0.00010045925,201,201,48,0.00072141486,0.001872296,1.5501338e-06,0.20129,0
1795,29.916666,1.1192252e-06,33.07881,33.07881,-1.0809793e-05,33.07881,0.000100475365,201,201,48,0.0007204397,0.0018504278,1.599896e-06,0.20128936,0
1796,29.933332,1.1287151e-06,33.0788,33.078804,-1.013207e-05,33.078804,0.00010042424,201,201,48,0.0007235809,0.0018676611,1.5704443e-06,0.20128883,0
1797,29.95,1.1185186e-06,33.078793,33.078793,-1.0650521e-05,33.078793,0.00010042671,201,201,48,0.0007202255,0.0018393942,1.5808624e-06,0.20128833,0
1798,29.966667,1.1193281e-06,33.078777,33.07878,-1.2135812e-05,33.07878,0.00010040816,201,201,48,0.0007204889,0.001832839,1.60048e-06,0.20128769,0
1799,29.983334,1.1200401e-06,33.078766,33.07877,-1.1637144e-05,33.07877,0.00010039372,201,201,48,0.00072061317,0.0018357964,1.5578842e-06,0.20128721,0
1800,30,1.1200534e-06,33.07876,33.07876,-1.0141546e-05,33.07876,0.000100446676,201,201,48,0.0007207073,0.0018246884,1.5533016e-06,0.20128669,0
