frame,time_s,kinetic_J,potential_J,total_J,delta_E_J,ui_total_J,depth_m,contacts,matched,locked,max_speed_m_s,max_spin_rad_s,max_move_m,tip_y_m,broken
1,0.016666668,0.1063752,34.25509,34.36146,-0.0026841382,34.36146,0,122,122,29,0.16347197,0,0.0013964176,0.22860363,0
2,0.033333335,0.3645934,33.97075,34.335342,-0.026119737,34.335342,0,133,133,33,0.32688943,4.1051585e-06,0.004120469,0.22448318,0
3,0.05,0.5494303,33.586044,34.135475,-0.19986822,34.135475,0,153,153,32,0.49025264,0.9704709,0.0068436265,0.21763957,0
4,0.06666667,0.48980284,33.268093,33.757896,-0.37757847,33.757896,1.2386878e-06,180,180,35,0.65356153,1.2258307,0.009565905,0.20807366,0
5,0.083333336,0.0048744585,33.19841,33.203285,-0.55461085,33.203285,6.8222707e-06,198,198,39,0.03062135,1.342647,0.004171312,0.2039152,0
6,0.1,0.0017663079,33.198017,33.199783,-0.0035015105,33.199783,8.97414e-06,190,190,47,0.029882701,0.7044775,0.0005143213,0.20391677,0
7,0.11666667,0.0007545809,33.19714,33.197895,-0.001889055,33.197895,1.1294939e-05,194,194,48,0.021957658,0.44133106,0.0004188982,0.2038976,0
8,0.13333334,0.0003574865,33.196526,33.196884,-0.0010105757,33.196884,1.524741e-05,196,196,50,0.01846699,0.2641107,0.00034135312,0.20388928,0
9,0.15,0.0001633853,33.195927,33.19609,-0.0007944483,33.19609,1.7671113e-05,196,196,50,0.013673275,0.11348042,0.00026727325,0.20388116,0
10,0.16666667,9.5225434e-05,33.195396,33.19549,-0.0005965185,33.19549,1.9905267e-05,197,197,50,0.009521928,0.037318878,0.00018955326,0.20387249,0
11,0.18333334,7.000626e-05,33.195194,33.195263,-0.00022854915,33.195263,2.1154428e-05,197,197,50,0.007871964,0.026938835,0.00014473776,0.20386967,0
12,0.2,5.0412134e-05,33.195,33.19505,-0.00021378006,33.19505,2.3375138e-05,197,197,50,0.0061275023,0.016111905,0.000116387346,0.20386669,0
13,0.21666667,3.536849e-05,33.19481,33.194843,-0.00020789953,33.194843,2.553773e-05,197,197,50,0.005093963,0.013165618,9.293022e-05,0.20386371,0
14,0.23333333,2.2508706e-05,33.194614,33.194637,-0.00020571568,33.194637,2.7693239e-05,197,197,50,0.0040732767,0.0106398575,7.623334e-05,0.20386073,0
15,0.25,1.2265158e-05,33.19442,33.194435,-0.00020309944,33.194435,2.9991072e-05,197,197,50,0.0030191508,0.008037672,5.891562e-05,0.20385775,0
16,0.26666668,5.0192434e-06,33.19423,33.194237,-0.00019877177,33.194237,3.2127482e-05,197,197,50,0.0019483771,0.0054115797,4.1156476e-05,0.20385477,0
17,0.28333333,1.0882129e-06,33.19407,33.19407,-0.00016586349,33.19407,3.2225023e-05,197,197,50,0.00093031226,0.002948806,2.3447681e-05,0.20385179,0
18,0.3,4.4629638e-07,33.19391,33.19391,-0.00015991429,33.19391,3.2243017e-05,197,197,50,0.00057642686,0.0018747812,1.0213919e-05,0.20384824,0
19,0.31666666,6.592475e-07,33.19375,33.19375,-0.00015939193,33.19375,3.2250933e-05,197,197,50,0.0006897682,0.0020281426,1.0657569e-05,0.20384467,0
20,0.33333334,7.517013e-07,33.19359,33.193592,-0.00015951242,33.193592,3.2284537e-05,197,197,50,0.0007353995,0.0021131497,1.2027261e-05,0.20384109,0
21,0.35,7.757448e-07,33.19343,33.19343,-0.00015958083,33.19343,3.2276825e-05,197,197,50,0.0007466927,0.002132912,1.2444106e-05,0.20383751,0
22,0.36666667,7.774453e-07,33.19327,33.19327,-0.00015960318,33.19327,3.2322787e-05,197,197,50,0.00074725365,0.0021310963,1.2522431e-05,0.20383394,0
23,0.38333333,7.725709e-07,33.19311,33.19311,-0.00015960976,33.19311,3.2263182e-05,197,197,50,0.00074467645,0.0021228916,1.2499091e-05,0.20383036,0
24,0.4,7.6584735e-07,33.19295,33.19295,-0.0001596116,33.19295,3.357784e-05,197,197,50,0.0007412067,0.0021129155,1.2448412e-05,0.20382679,0
25,0.41666666,7.586483e-07,33.19279,33.19279,-0.00015961207,33.19279,3.595872e-05,197,197,50,0.0007374936,0.002102462,1.2388445e-05,0.20382321,0
26,0.43333334,7.513728e-07,33.19263,33.192635,-0.00015961216,33.192635,3.8418384e-05,197,197,50,0.0007337288,0.0020919181,1.2326202e-05,0.20381963,0
27,0.45,7.441449e-07,33.19247,33.192474,-0.0001596121,33.192474,4.074068e-05,197,197,50,0.0007299766,0.0020811888,1.2264266e-05,0.20381606,0
28,0.46666667,7.369665e-07,33.192314,33.192314,-0.00015961206,33.192314,4.3181317e-05,197,197,50,0.00072622625,0.002070721,1.22021875e-05,0.20381248,0
29,0.48333332,7.5481483e-07,33.192154,33.192154,-0.00015958703,33.192154,4.556192e-05,197,197,50,0.0007598915,0.0024190915,1.2343295e-05,0.2038089,0
30,0.5,7.818678e-07,33.191994,33.191994,-0.00015957783,33.191994,4.7902042e-05,197,197,50,0.0007774346,0.0025532693,1.2862855e-05,0.20380533,0
31,0.51666665,7.882505e-07,33.191833,33.191833,-0.0001595985,33.191833,5.035958e-05,197,197,50,0.0007805717,0.00256213,1.3028091e-05,0.20380175,0
32,0.53333336,7.8363246e-07,33.19167,33.191673,-0.00016276834,33.191673,5.270712e-05,197,197,50,0.0007772621,0.0025368722,1.3082729e-05,0.20379798,0
33,0.55,7.7847466e-07,33.191513,33.191513,-0.00015961003,33.191513,5.5055454e-05,197,197,50,0.0007755786,0.0025478594,1.298964e-05,0.2037944,0
34,0.56666666,7.7127487e-07,33.191353,33.191353,-0.00015961207,33.191353,5.739311e-05,197,197,50,0.000771781,0.0025346496,1.2930956e-05,0.20379083,0
35,0.5833333,7.634191e-07,33.19119,33.19119,-0.00016277158,33.19119,5.971011e-05,197,197,50,0.0007677772,0.0025244304,1.2913977e-05,0.20378706,0
36,0.6,7.560079e-07,33.19103,33.19103,-0.00015961229,33.19103,6.219675e-05,197,197,50,0.0007637329,0.002507799,1.2797334e-05,0.20378348,0
37,0.6166667,7.4857303e-07,33.19087,33.190872,-0.00015961232,33.190872,6.457278e-05,197,197,50,0.0007597895,0.002494758,1.2733052e-05,0.2037799,0
38,0.6333333,7.40875e-07,33.19071,33.19071,-0.00016277142,33.19071,6.691038e-05,197,197,50,0.00075602985,0.002489594,1.271592e-05,0.20377614,0
39,0.65,7.3363077e-07,33.190548,33.190548,-0.00015961211,33.190548,6.92271e-05,197,197,50,0.00075178524,0.0024679992,1.2598296e-05,0.20377256,0
40,0.6666667,7.7126026e-07,33.190384,33.190388,-0.00016239358,33.190388,7.156365e-05,197,197,50,0.00076594704,0.0025453123,1.2583761e-05,0.20376879,0
41,0.68333334,7.188694e-07,33.190224,33.190228,-0.00015998978,33.190228,7.3960575e-05,197,197,50,0.0007435995,0.0024378225,1.24713615e-05,0.20376521,0
42,0.7,7.120524e-07,33.190067,33.190067,-0.00015961169,33.190067,7.635741e-05,197,197,50,0.0007400949,0.0024292837,1.2404183e-05,0.20376164,0
43,0.71666664,8.9167264e-07,33.189903,33.189907,-0.0001607553,33.189907,7.8794e-05,195,195,49,0.0009370684,0.0023600257,1.2385308e-05,0.20375788,0
44,0.73333335,6.977845e-07,33.189743,33.189743,-0.00016162757,33.189743,8.111199e-05,197,197,50,0.0007320661,0.0023997428,1.2284692e-05,0.20375429,0
45,0.75,6.9119204e-07,33.189583,33.189583,-0.00015961147,33.189583,8.3390376e-05,197,197,50,0.0007286094,0.0023909754,1.2212921e-05,0.20375071,0
46,0.76666665,6.844944e-07,33.189423,33.189426,-0.00015961158,33.189426,8.584665e-05,200,200,51,0.0007248797,0.0023784991,1.2152302e-05,0.20374714,0
47,0.78333336,6.775467e-07,33.189262,33.189262,-0.00016277067,33.189262,8.8184715e-05,200,200,51,0.00072143547,0.0023761326,1.2141684e-05,0.20374337,0
48,0.8,6.7103355e-07,33.189102,33.189102,-0.00015961139,33.189102,9.052248e-05,200,200,51,0.0007173245,0.0023532258,1.2025681e-05,0.20373979,0
49,0.81666666,6.6459916e-07,33.188942,33.188942,-0.00015961131,33.188942,9.2989176e-05,200,200,51,0.0007136952,0.0023412658,1.1965872e-05,0.20373622,0
50,0.8333333,6.5714505e-07,33.188778,33.18878,-0.00016277118,33.18878,9.5267154e-05,200,200,51,0.00070926925,0.0023261092,1.1956699e-05,0.20373245,0
51,0.85,6.5151266e-07,33.18862,33.18862,-0.00015961051,33.18862,9.7694014e-05,200,200,51,0.00070625026,0.0023170742,1.184304e-05,0.20372887,0
52,0.8666667,6.453504e-07,33.18846,33.18846,-0.00015994355,33.18846,0.0001000325,200,200,51,0.0007027026,0.0023046182,1.1783044e-05,0.2037253,0
53,0.8833333,6.387451e-07,33.188286,33.188286,-0.00017341065,33.188286,0.000100049336,200,200,51,0.00069618225,0.002232118,1.1786019e-05,0.20372152,0
54,0.9,6.3259364e-07,33.188118,33.188118,-0.00016991884,33.188118,0.0001001067,200,200,51,0.0006953214,0.0022807617,1.1653159e-05,0.20371795,0
55,0.9166667,6.2665276e-07,33.187943,33.187943,-0.00017324374,33.187943,0.000100006044,201,201,51,0.000691856,0.0022683362,1.1602978e-05,0.20371437,0
56,0.93333334,6.2062037e-07,33.18777,33.187775,-0.00017091626,33.187775,0.00010002391,201,201,51,0.00068831706,0.0022564281,1.1544212e-05,0.2037108,0
57,0.95,6.1435287e-07,33.1876,33.1876,-0.00017341031,33.1876,0.00010004214,201,201,51,0.0006848513,0.0022496628,1.154015e-05,0.20370702,0
58,0.96666664,6.085071e-07,33.18743,33.18743,-0.00016825598,33.18743,9.996988e-05,201,201,51,0.0006811652,0.0022325465,1.1424205e-05,0.20370345,0
59,0.98333335,6.027577e-07,33.187263,33.187263,-0.0001685884,33.187263,0.00010004724,201,201,51,0.00067773985,0.0022210318,1.1368249e-05,0.20369987,0
60,1,5.96169e-07,33.187088,33.18709,-0.00017257936,33.18709,0.00010010497,201,201,51,0.0006709538,0.0021457588,1.13680135e-05,0.20369612,0
61,1.0166667,4.2538568e-07,33.186916,33.186916,-0.00017473861,33.186916,9.9991004e-05,201,201,51,0.0005594982,0.0017824076,1.0099159e-05,0.20369254,0
62,1.0333333,0.009684845,33.186848,33.196533,0.009618749,33.196533,0.00010003541,205,205,52,0.09036414,2.035036,0.000932357,0.20370573,0
63,1.05,0.046905797,33.18749,33.234394,0.037859872,33.234394,0.000100040284,203,203,51,0.20159537,4.200588,0.0026832426,0.20377527,0
64,1.0666667,0.10682006,33.190327,33.297146,0.06275323,33.297146,0.000100153266,203,203,49,0.31559113,5.2250156,0.0045571714,0.20398028,0
65,1.0833334,0.19183032,33.19799,33.389824,0.092674784,33.389824,0.000100094236,205,205,44,0.4238152,6.1799827,0.006434833,0.20444503,0
66,1.1,0.28621778,33.213787,33.500004,0.1101822,33.500004,0.000100061225,210,210,44,0.521627,6.013638,0.008126368,0.20530845,0
67,1.1166667,0.39068538,33.241146,33.631832,0.13182685,33.631832,0.000100097284,210,210,45,0.6105478,5.440087,0.009689044,0.20671363,0
68,1.1333333,0.49471214,33.283043,33.777756,0.14592505,33.777756,0.00010017315,214,214,46,0.6835852,4.812,0.011042559,0.2087874,0
69,1.15,0.58186245,33.341404,33.923264,0.14550851,33.923264,0.00010007987,212,212,43,0.730921,4.2525997,0.012049956,0.21163307,0
70,1.1666666,0.65146756,33.412514,34.06398,0.1407147,34.06398,0.0001001842,214,214,43,0.7600621,3.996557,0.012661299,0.21499075,0
71,1.1833333,0.7025974,33.48612,34.188717,0.12473596,34.188717,0.00010030014,209,209,47,0.7697115,3.120634,0.01306229,0.21840806,0
72,1.2,0.75329876,33.566074,34.319374,0.13065794,34.319374,0.00010030246,206,206,47,0.77714086,3.0327113,0.013113003,0.22203276,0
73,1.2166667,0.7810139,33.653976,34.43499,0.11561702,34.43499,0.000100307865,201,201,44,0.77740645,3.0535152,0.013172557,0.2259279,0
74,1.2333333,0.77919304,33.748444,34.527637,0.092646636,34.527637,0.00010020502,193,193,35,0.7689485,3.0525048,0.013088952,0.23005964,0
75,1.25,0.7519954,33.84332,34.595314,0.06767891,34.595314,0.0001003612,202,202,37,0.75941795,3.596875,0.012914855,0.23423204,0
76,1.2666667,0.6942537,33.929348,34.623604,0.02828721,34.623604,0.00010054064,206,206,36,0.7227444,3.7012,0.0125685055,0.23824508,0
77,1.2833333,0.63051593,34.03354,34.664055,0.040453274,34.664055,0.000100420664,206,202,35,0.675863,4.584195,0.01180915,0.24303241,0
78,1.3,0.56741446,34.14328,34.710697,0.046639048,34.710697,0.00010014338,211,211,34,0.63013923,5.2502,0.011000236,0.24813807,0
79,1.3166667,0.5128208,34.257896,34.770718,0.060021225,34.770718,0.00010020338,215,215,34,0.59709555,6.277967,0.01032578,0.25352776,0
80,1.3333334,0.46454388,34.37763,34.84217,0.0714537,34.84217,0.00010021733,202,201,26,0.58002853,7.3324885,0.009913579,0.25907016,0
81,1.35,0.42964658,34.495983,34.92563,0.083460025,34.92563,0.00010016465,204,204,38,0.577716,8.184774,0.0097521255,0.2648074,0
82,1.3666667,0.38657814,34.619255,35.005833,0.08020137,35.005833,0.00010025264,210,210,39,0.53465635,8.229675,0.00915085,0.27098086,0
83,1.3833333,0.36856118,34.745674,35.114235,0.108403414,35.114235,0.00010024296,206,206,39,0.53972507,8.294039,0.009052591,0.2775148,0
84,1.4,0.36353904,34.877647,35.241188,0.1269528,35.241188,0.000100175675,207,207,43,0.56578565,8.191997,0.00932123,0.28469214,0
85,1.4166666,0.36691782,35.016296,35.383213,0.14202456,35.383213,0.00010018905,211,211,42,0.60022575,7.849508,0.009847309,0.29273066,0
86,1.4333333,0.3765106,35.162983,35.539494,0.15628195,35.539494,0.000100215315,206,206,39,0.6347447,7.3095326,0.010442902,0.3017132,0
87,1.45,0.39061946,35.317192,35.707813,0.16831876,35.707813,0.000100150864,209,209,39,0.6710006,6.737217,0.011038788,0.3115067,0
88,1.4666667,0.40799597,35.473827,35.881824,0.17400974,35.881824,0.00010019753,220,220,39,0.7052672,6.4566603,0.011653788,0.32193354,0
89,1.4833333,0.42880455,35.628292,36.057095,0.17527218,36.057095,0.00010018496,218,218,32,0.73371136,6.170077,0.01219404,0.33272597,0
90,1.5,0.454107,35.775826,36.22993,0.17283556,36.22993,0.000100140955,215,215,34,0.75708187,5.856814,0.0126637975,0.34356,0
91,1.5166667,0.4918082,35.911934,36.403744,0.1738116,36.403744,0.00010016566,215,215,34,0.77800375,6.675756,0.012921181,0.35387418,0
92,1.5333333,0.5367527,36.03147,36.568226,0.1644829,36.568226,0.00010009123,222,222,34,0.7756098,7.6498437,0.013035721,0.36295965,0
93,1.55,0.5698722,36.132526,36.7024,0.13417427,36.7024,0.00010003793,218,218,32,0.7460866,6.070908,0.0132067725,0.3710304,0
94,1.5666667,0.67715716,36.21908,36.89624,0.19383939,36.89624,0.00010027224,222,222,30,0.79597193,6.040985,0.013024353,0.37791088,0
95,1.5833334,0.7993439,36.299236,37.098583,0.20234263,37.098583,0.00010021294,221,221,30,0.8625654,6.467757,0.014015647,0.3842847,0
96,1.6,0.92392296,36.360603,37.284527,0.18594448,37.284527,0.000100107,225,225,29,0.9175334,7.156628,0.015175399,0.39007428,0
97,1.6166667,1.0337342,36.399143,37.432877,0.14835116,37.432877,0.000100073405,235,235,29,0.9418002,6.771017,0.015754212,0.39475995,0
98,1.6333333,1.1441929,36.413013,37.557205,0.12432936,37.557205,0.00010023671,240,239,29,0.9810911,6.9376144,0.016273025,0.39813256,0
99,1.65,1.2231264,36.401127,37.624252,0.067045555,37.624252,0.00010024137,240,237,28,1.0167884,6.5867724,0.017033838,0.40006557,0
100,1.6666666,1.2829905,36.36808,37.65107,0.02681855,37.65107,0.000100263394,250,250,29,1.015031,6.9362984,0.017246835,0.40044114,0
101,1.6833333,1.3650309,36.308594,37.673626,0.0225551,37.673626,0.00010035282,258,258,28,1.0122461,7.534691,0.017317737,0.39934206,0
102,1.7,1.4778566,36.21964,37.6975,0.023871196,37.6975,0.00010016378,246,246,26,1.052076,8.052157,0.01749923,0.39600736,0
103,1.7166667,1.6046178,36.1051,37.709717,0.012221196,37.709717,0.00010020203,252,252,23,1.0536454,9.049969,0.017852375,0.39084536,0
104,1.7333333,1.7476602,35.97077,37.71843,0.008713134,37.71843,0.00010020442,229,229,22,1.0837736,9.355988,0.018121043,0.38433015,0
105,1.75,1.8912984,35.82194,37.713238,-0.00519266,37.713238,0.000100266596,235,235,22,1.1200652,8.981513,0.018677805,0.37656194,0
106,1.7666667,2.0207808,35.667255,37.688034,-0.02520366,37.688034,0.00010031008,231,231,21,1.1500641,8.812107,0.019229257,0.36773652,0
107,1.7833333,2.1233425,35.516697,37.640038,-0.047997087,37.640038,0.00010014354,230,230,20,1.1721298,9.35806,0.019663027,0.35796815,0
108,1.8,2.1579902,35.381615,37.539604,-0.10043304,37.539604,0.00010029424,229,229,20,1.179895,9.512579,0.019876039,0.34745416,0
109,1.8166667,2.1435256,35.27209,37.415615,-0.1239882,37.415615,0.0001002505,216,216,19,1.1746428,10.495132,0.019922853,0.33668527,0
110,1.8333334,2.0785666,35.19296,37.271526,-0.14409171,37.271526,0.00010021464,219,219,19,1.1625777,11.622115,0.019730907,0.32614374,0
111,1.85,1.9549236,35.151142,37.106068,-0.16545802,37.106068,0.000100518715,225,225,19,1.1311123,12.440768,0.019324454,0.31622458,0
112,1.8666667,1.7847586,35.13607,36.920826,-0.18523951,36.920826,0.00010033882,239,239,23,1.091272,12.7477255,0.01874063,0.30704984,0
113,1.8833333,1.5666536,35.142006,36.70866,-0.2121666,36.70866,0.00010041782,236,236,27,1.0226929,12.605488,0.01783307,0.29889333,0
114,1.9,1.2467153,35.166714,36.41343,-0.29523146,36.41343,0.00010004244,250,250,27,0.9392987,8.918438,0.016504202,0.29245445,0
115,1.9166666,0.95523274,35.19474,36.149975,-0.26345626,36.149975,9.787133e-05,234,234,26,0.77943563,8.606536,0.014405906,0.28724062,0
116,1.9333333,0.7203055,35.22328,35.94359,-0.20638555,35.94359,9.668557e-05,224,224,35,0.6453016,8.079313,0.01190282,0.2827148,0
117,1.95,0.541734,35.228317,35.77005,-0.17353803,35.77005,7.231901e-05,217,217,37,0.5415742,7.362417,0.009964031,0.2784018,0
118,1.9666667,0.4101285,35.20969,35.61982,-0.15023033,35.61982,6.353794e-05,208,208,35,0.43904805,6.648172,0.008232834,0.2742007,0
119,1.9833333,0.34492093,35.168964,35.513885,-0.10593442,35.513885,6.541981e-05,215,215,36,0.38034943,6.3328953,0.006883943,0.26999378,0
120,2,0.33196053,35.106377,35.438335,-0.07554913,35.438335,6.775184e-05,221,220,37,0.37521568,6.4070263,0.006375662,0.2656599,0
121,2.0166667,0.34247905,35.035202,35.37768,-0.060655605,35.37768,7.132567e-05,219,219,35,0.40985802,7.36922,0.0066060973,0.26135233,0
122,2.0333333,0.38811344,34.95542,35.343533,-0.034146108,35.343533,7.447446e-05,222,222,35,0.47289556,8.410357,0.007545121,0.25689304,0
123,2.05,0.4608783,34.87129,35.33217,-0.011366191,35.33217,7.698614e-05,216,216,28,0.55341184,9.285443,0.0087690875,0.25273,0
124,2.0666666,0.5074787,34.787384,35.294865,-0.037303057,35.294865,7.895333e-05,222,222,27,0.59405386,9.03246,0.009787399,0.24952646,0
125,2.0833333,0.5823771,34.68644,35.268814,-0.026048873,35.268814,8.234255e-05,216,216,29,0.62948656,8.11672,0.010472811,0.24666497,0
126,2.1,0.698262,34.556767,35.25503,-0.013785408,35.25503,8.51213e-05,212,212,41,0.66625667,7.0896754,0.0109556215,0.24372739,0
127,2.1166666,0.8481897,34.397083,35.245274,-0.009757116,35.245274,8.789504e-05,222,222,33,0.72472,5.6817303,0.011820722,0.2401386,0
128,2.1333334,1.0168175,34.21662,35.23344,-0.0118337115,35.23344,9.064302e-05,232,232,42,0.78931135,3.898514,0.012858608,0.23596549,0
129,2.15,1.1880386,34.035686,35.223724,-0.009714243,35.223724,9.1900016e-05,226,226,42,0.8431127,2.6095538,0.013851274,0.23154381,0
130,2.1666667,1.3549689,33.86253,35.2175,-0.006227783,35.2175,9.392063e-05,219,219,40,0.8865468,2.8542354,0.014662706,0.22705765,0
131,2.1833334,1.5136746,33.70382,35.217495,-3.4050756e-06,35.217495,9.797321e-05,220,220,40,0.92598164,3.2004502,0.0153234955,0.22273706,0
132,2.2,1.6532918,33.56743,35.22072,0.0032261137,35.22072,0.00010055586,215,215,39,0.9622004,3.5482912,0.015969926,0.21876948,0
133,2.2166667,1.7608545,33.461964,35.222816,0.0020975815,35.222816,0.00010067533,216,216,37,0.9892749,3.7995913,0.016506338,0.21548054,0
134,2.2333333,1.8362856,33.39024,35.226524,0.0037068955,35.226524,0.000100544115,219,219,38,1.0140597,3.775413,0.016993755,0.21326692,0
135,2.25,1.8685578,33.351307,35.219864,-0.0066609425,35.219864,0.00010032925,222,222,38,1.0245857,3.7250168,0.017279541,0.21205077,0
136,2.2666667,1.8659502,33.346104,35.212055,-0.0078094504,35.212055,0.00010021147,232,232,38,1.0280836,3.6322777,0.017366216,0.21183537,0
137,2.2833333,1.8411721,33.36881,35.20998,-0.002072609,35.20998,0.0001000905,232,232,37,1.0282159,3.4979818,0.017399926,0.21241474,0
138,2.3,1.796524,33.416115,35.21264,0.0026554167,35.21264,0.00010021312,234,231,42,1.0265906,3.3464246,0.017407898,0.21367492,0
139,2.3166666,1.722365,33.487022,35.209385,-0.003250806,35.209385,0.000100504294,236,236,42,1.0127931,3.1590505,0.017277993,0.21556917,0
140,2.3333333,1.6293933,33.57867,35.208065,-0.0013212017,35.208065,0.00010034553,234,234,42,0.99233353,3.1625543,0.016953059,0.21788782,0
141,2.35,1.519588,33.689323,35.208908,0.00084479566,35.208908,0.00010026729,223,223,43,0.965116,4.040512,0.016520021,0.22037843,0
142,2.3666666,1.3966224,33.81744,35.21406,0.0051530483,35.21406,0.00010035716,228,228,41,0.937855,4.8500834,0.0160743,0.22294705,0
143,2.3833334,1.2677287,33.94934,35.21707,0.0030076539,35.21707,0.00010016932,221,221,41,0.90683275,5.882115,0.01556383,0.2252812,0
144,2.4,1.0594823,34.102936,35.16242,-0.054653086,35.16242,0.00010018943,217,217,40,0.83700675,4.5177236,0.014684339,0.22916898,0
145,2.4166667,0.893098,34.258736,35.151836,-0.010582847,35.151836,0.00010024547,219,219,39,0.7730238,4.7715,0.013587618,0.23326446,0
146,2.4333334,0.74319386,34.40748,35.150673,-0.0011605211,35.150673,0.0001001961,218,218,39,0.7086446,5.463083,0.012502697,0.23713976,0
147,2.45,0.6022148,34.553017,35.15523,0.00455913,35.15523,0.00010025263,211,211,38,0.6435202,5.0194683,0.011366242,0.2413174,0
148,2.4666667,0.48923248,34.695713,35.184944,0.029712092,35.184944,0.00010051005,202,202,37,0.58434796,5.4282494,0.010341935,0.24580963,0
149,2.4833333,0.38835815,34.825287,35.213646,0.02869941,35.213646,0.00010056516,205,205,33,0.51984394,6.037459,0.009290227,0.25030953,0
150,2.5,0.30066472,34.938885,35.23955,0.025906323,35.23955,0.00010046347,211,211,36,0.4505135,6.4543395,0.008179119,0.2548964,0
151,2.5166667,9.227639,35.169956,44.397594,9.158044,44.397594,0.0001004242,213,210,35,3.2566097,50.66709,0.02963582,0.27318478,0
152,2.5333333,13.562108,35.54315,49.10526,4.707664,49.10526,0.00010018375,191,190,34,3.8183937,50.502457,0.054902893,0.30199444,0
153,2.55,16.00915,35.855076,51.864223,2.7589664,51.864223,0.00010008478,228,225,25,4.2096357,54.74968,0.06893206,0.31985193,0
154,2.5666666,15.804521,36.0743,51.87882,0.014593672,51.87882,9.523888e-05,240,236,18,3.5021536,38.64661,0.061859015,0.33690125,0
155,2.5833333,13.395079,36.27266,49.66774,-2.2110803,49.66774,3.06751e-05,239,239,12,2.916214,24.97238,0.05346386,0.35210094,0
156,2.6,11.26096,36.44942,47.71038,-1.9573561,47.71038,4.607853e-05,249,244,12,2.4772558,18.441284,0.044621244,0.3660795,0
157,2.6166666,9.33728,36.706543,46.043823,-1.6665593,46.043823,3.7390422e-05,254,254,16,2.2219594,12.547524,0.038889676,0.37715793,0
158,2.6333334,8.399442,36.943336,45.34278,-0.7010426,45.34278,4.0356146e-05,239,239,26,2.028816,13.339389,0.035322104,0.38557947,0
159,2.65,7.965173,37.140816,45.105988,-0.23679158,45.105988,4.7661535e-05,238,238,24,1.895354,15.852346,0.032599006,0.3917224,0
160,2.6666667,7.01454,37.310093,44.324635,-0.7813538,44.324635,5.3476462e-05,240,236,20,1.6171747,17.335829,0.028779479,0.39595893,0
161,2.6833334,6.647781,37.445217,44.093,-0.23163825,44.093,5.67672e-05,255,255,20,1.5170808,21.440252,0.026024314,0.39701074,0
162,2.7,6.08615,37.593628,43.67978,-0.41321793,43.67978,4.8893166e-05,271,270,19,1.3806374,20.894934,0.024036385,0.3943556,0
163,2.7166667,5.266299,37.786533,43.05283,-0.62694794,43.05283,2.3561364e-05,268,268,9,1.3581814,17.593945,0.02240229,0.38846505,0
164,2.7333333,4.5961475,37.98649,42.582638,-0.47019407,42.582638,1.9239445e-05,251,250,13,1.3729281,14.862756,0.022767307,0.38154346,0
165,2.75,4.0261292,38.236706,42.262836,-0.31980115,42.262836,3.0110945e-05,272,272,24,1.3583649,16.608656,0.02276439,0.3728424,0
166,2.7666667,3.4543526,38.543285,41.99764,-0.26519865,41.99764,4.4246604e-05,265,265,25,1.3191981,17.22419,0.022369409,0.36391866,0
167,2.7833333,2.7163243,38.842342,41.558666,-0.43897045,41.558666,7.599126e-05,247,247,23,1.102608,16.836191,0.020479852,0.35637775,0
168,2.8,2.0923498,39.039146,41.131496,-0.42717165,41.131496,0.000100125224,243,243,21,0.83473104,17.19016,0.01599333,0.34989858,0
169,2.8166666,1.3726221,39.14425,40.516872,-0.6146228,40.516872,0.00010182044,269,266,15,0.86535895,17.477549,0.0139381895,0.34339538,0
170,2.8333333,1.1145657,39.25389,40.368458,-0.14841615,40.368458,0.00010121596,264,264,15,0.8983688,16.923824,0.014749401,0.3370263,0
171,2.85,0.86898744,39.277393,40.14638,-0.22207344,40.14638,0.000100711055,246,246,30,0.8551386,14.925168,0.014678788,0.3317767,0
172,2.8666666,0.77467513,39.22034,39.995018,-0.1513661,39.995018,7.85746e-05,254,254,27,0.7886444,14.164468,0.01374445,0.32847497,0
173,2.8833334,0.7908735,39.070385,39.86126,-0.13375801,39.86126,3.7469395e-05,262,262,26,0.6863209,13.223307,0.012300565,0.3269288,0
174,2.9,0.89868116,38.841053,39.739735,-0.12152294,39.739735,2.6235832e-06,264,264,33,0.5781643,11.705616,0.010453899,0.3274437,0
175,2.9166667,1.1068875,38.551476,39.658363,-0.08137383,39.658363,4.259943e-06,262,262,33,0.6008264,10.661394,0.008935598,0.329377,0
176,2.9333334,1.3709009,38.2172,39.588104,-0.07025808,39.588104,5.419199e-06,248,248,27,0.7507708,9.065608,0.011249661,0.33205885,0
177,2.95,1.6946926,37.8456,39.54029,-0.047811277,39.54029,6.9077614e-06,250,250,26,0.88951087,7.5728765,0.013710256,0.33495122,0
178,2.9666667,1.8680358,37.451023,39.31906,-0.22123165,39.31906,1.0996846e-05,268,265,26,1.0052694,7.7434673,0.015881604,0.33696645,0
179,2.9833333,1.9818543,37.097878,39.07973,-0.23932925,39.07973,1.5103359e-05,270,270,26,1.0660326,9.840085,0.017362196,0.3361034,0
180,3,1.9708084,36.832806,38.80361,-0.27611837,38.80361,2.0553929e-05,256,254,26,1.0541893,9.320358,0.017683093,0.33548427,0
181,3.0166667,2.264333,36.62051,38.884842,0.08122997,38.884842,2.594177e-05,250,250,20,1.0270687,7.3797665,0.017237477,0.33359253,0
182,3.0333333,2.2493103,36.412434,38.661743,-0.22309805,38.661743,3.1535954e-05,260,260,27,0.9748549,7.2265944,0.016719535,0.32906646,0
183,3.05,2.0447989,36.21464,38.259438,-0.40230647,38.259438,3.2376625e-05,254,254,27,0.92749196,7.171955,0.015776368,0.3223209,0
184,3.0666666,1.7696842,36.02454,37.794224,-0.46521336,37.794224,3.744188e-05,229,228,24,0.8494371,6.9247737,0.014856835,0.31500104,0
185,3.0833333,1.6913844,35.80663,37.498013,-0.296212,37.498013,4.09866e-05,274,273,24,0.8354713,9.813232,0.014089849,0.30745837,0
186,3.1,1.7868676,35.50049,37.287357,-0.21065725,37.287357,4.268332e-05,273,270,14,0.8554143,12.798909,0.014179744,0.29944614,0
187,3.1166666,1.8494077,35.099266,36.948673,-0.3386823,36.948673,4.408327e-05,221,221,14,0.8125808,16.437948,0.013641623,0.2917999,0
188,3.1333334,1.5013195,34.75141,36.25273,-0.695943,36.25273,4.7625806e-05,222,221,20,0.67211163,21.20893,0.011849836,0.2842743,0
189,3.15,1.378444,34.58407,35.962513,-0.2902167,35.962513,5.195299e-05,188,188,22,0.6415644,28.41455,0.01088599,0.27645433,0
190,3.1666667,1.3360376,34.452736,35.788773,-0.17374082,35.788773,5.4897264e-05,194,194,21,0.5756444,32.675034,0.010245756,0.2681573,0
191,3.1833334,1.3168606,34.31784,35.6347,-0.1540731,35.6347,5.6531884e-05,230,230,21,0.58397186,32.72816,0.009340182,0.25932133,0
192,3.2,0.8460401,34.16529,35.01133,-0.6233689,35.01133,5.7142788e-05,245,245,21,0.65242785,22.762829,0.011062076,0.24883948,0
193,3.2166667,0.81212175,34.000465,34.812588,-0.198745,34.812588,5.569526e-05,235,235,31,0.69662446,19.438862,0.0112874955,0.2390727,0
194,3.2333333,0.6267522,33.856342,34.483093,-0.3294919,34.483093,5.7685327e-05,234,231,32,0.68432564,14.694073,0.01121928,0.23186657,0
195,3.25,0.61434764,33.73408,34.348427,-0.13466708,34.348427,6.0695864e-05,229,229,30,0.748901,10.899912,0.012122469,0.22692357,0
196,3.2666667,0.68920565,33.61173,34.300934,-0.04749293,34.300934,6.242198e-05,229,229,29,0.7907033,8.045306,0.013134422,0.2222102,0
197,3.2833333,0.7514202,33.507187,34.258606,-0.042326823,34.258606,6.533117e-05,232,232,29,0.804751,6.124603,0.013532809,0.217829,0
198,3.3,0.7724635,33.435585,34.20805,-0.050557427,34.20805,6.607499e-05,231,231,20,0.8003869,6.5934105,0.013601942,0.21397476,0
199,3.3166666,0.7455493,33.40565,34.1512,-0.056850553,34.1512,6.731193e-05,244,244,19,0.7835093,7.369074,0.013494402,0.21092269,0
200,3.3333333,0.69262046,33.420673,34.113297,-0.03790421,34.113297,6.891914e-05,247,247,19,0.76055425,7.0406165,0.0130724255,0.20927931,0
201,3.35,0.59958667,33.476517,34.076103,-0.03719158,34.076103,7.0265196e-05,246,246,19,0.7586242,6.3816032,0.012820197,0.20995364,0
202,3.3666666,0.56196207,33.54265,34.10461,0.028507382,34.10461,7.119384e-05,247,247,22,0.7732164,6.1891446,0.012911333,0.21238169,0
203,3.3833334,0.5884194,33.59359,34.18201,0.077397875,34.18201,7.2169285e-05,238,238,32,0.77415127,7.22401,0.013088671,0.21524212,0
204,3.4,0.64690924,33.62933,34.27624,0.09423189,34.27624,7.370779e-05,229,229,32,0.7651977,7.950582,0.013088039,0.2182629,0
205,3.4166667,0.6983212,33.6546,34.35292,0.076679595,34.35292,7.6626544e-05,239,239,32,0.74824756,8.024628,0.01289955,0.22134793,0
206,3.4333334,0.7367059,33.670925,34.40763,0.054712377,34.40763,7.864904e-05,241,241,31,0.71140313,7.9948626,0.012395374,0.22430377,0
207,3.45,0.7692845,33.680416,34.4497,0.042068288,34.4497,8.0800724e-05,240,240,31,0.6608319,8.090369,0.011638112,0.22691649,0
208,3.4666667,0.7988845,33.690643,34.489525,0.03982567,34.489525,8.341725e-05,245,245,31,0.6027782,7.62481,0.010707198,0.22925568,0
209,3.4833333,0.8249327,33.708027,34.53296,0.04343118,34.53296,8.695515e-05,250,250,30,0.59870726,5.188201,0.010066473,0.23157126,0
210,3.5,0.88691574,33.73761,34.624527,0.091567986,34.624527,9.067825e-05,253,253,30,0.61634225,4.9966736,0.010366767,0.23372431,0
211,3.5166667,0.9215178,33.76717,34.688686,0.0641622,34.688686,9.384354e-05,256,256,30,0.63277,5.7555814,0.010406026,0.23502426,0
212,3.5333333,0.90748835,33.807877,34.715366,0.0266769,34.715366,9.661476e-05,265,265,44,0.6270998,3.6685932,0.010549541,0.23582184,0
213,3.55,0.94239867,33.875908,34.818306,0.102940276,34.818306,9.904802e-05,267,267,44,0.6540724,4.3079143,0.010839426,0.2369797,0
214,3.5666666,0.9351292,33.963295,34.898426,0.080119856,34.898426,0.000100427016,263,263,42,0.6578649,4.6222043,0.0110815335,0.23839557,0
215,3.5833333,0.8906867,34.064445,34.955135,0.05670874,34.955135,0.000100386445,259,259,42,0.6429888,4.8530707,0.010965163,0.24002442,0
216,3.6,0.814998,34.181057,34.996056,0.04092029,34.996056,0.000100529745,260,260,42,0.6160921,5.0380073,0.01058362,0.24185881,0
217,3.6166666,0.7265152,34.304977,35.031494,0.035440404,35.031494,0.00010036832,254,254,38,0.58365405,5.438741,0.010092321,0.24378583,0
218,3.6333334,0.63103163,34.430042,35.061077,0.029580986,35.061077,0.000100476915,252,252,37,0.5525187,6.3838463,0.009555564,0.24573953,0
219,3.65,0.54578036,34.5542,35.09998,0.03890453,35.09998,0.00010030732,261,261,34,0.518128,7.344542,0.00901086,0.24775183,0
220,3.6666667,0.46904135,34.676434,35.145473,0.04549407,35.145473,0.00010029712,253,253,22,0.47075796,8.185572,0.00829077,0.25007325,0
221,3.6833334,0.4057333,34.79566,35.20139,0.055915464,35.20139,0.00010030206,253,252,27,0.42297164,8.608401,0.00748209,0.25286022,0
222,3.7,0.35647672,34.91198,35.268456,0.06706678,35.268456,0.00010035672,252,252,41,0.41173568,8.7979555,0.0069653937,0.2561958,0
223,3.7166667,0.32285,35.02788,35.350735,0.082277,35.350735,0.000100114834,251,251,40,0.43365026,8.334034,0.0071591297,0.26021954,0
224,3.7333333,0.29963768,35.14104,35.440678,0.08994489,35.440678,0.000100089856,249,249,40,0.4647921,7.891387,0.007633621,0.26496303,0
225,3.75,0.2849012,35.248417,35.533318,0.092640355,35.533318,0.00010035783,262,262,39,0.4955414,7.294102,0.008161473,0.27029195,0
226,3.7666667,0.28487048,35.345848,35.630722,0.09740173,35.630722,0.000100161844,251,251,42,0.5273056,6.839025,0.008673864,0.27600607,0
227,3.7833333,0.300513,35.43419,35.734703,0.10398318,35.734703,0.00010010661,242,242,32,0.56193054,6.395622,0.009223484,0.28206745,0
228,3.8,0.329973,35.518387,35.848362,0.11365689,35.848362,0.000100180754,243,243,42,0.59801966,5.9035053,0.0098218145,0.28856868,0
229,3.8166666,0.37215537,35.600777,35.97293,0.1245714,35.97293,0.000100233236,253,253,41,0.6270972,5.943828,0.010380983,0.2955563,0
230,3.8333333,0.42040914,35.68185,36.10226,0.12932871,36.10226,0.00010021355,254,254,43,0.65268904,5.903106,0.01086202,0.3030627,0
231,3.85,0.47672987,35.757877,36.234608,0.13234553,36.234608,0.00010011761,257,257,44,0.6748459,5.8960114,0.011285728,0.3108705,0
232,3.8666666,0.5418748,35.827312,36.36919,0.13458239,36.36919,0.00010007512,252,252,41,0.69751155,5.8393025,0.011663665,0.31877035,0
233,3.8833334,0.61509705,35.890812,36.50591,0.13672237,36.50591,0.00010007942,254,254,39,0.7208651,5.8029876,0.012064782,0.32671893,0
234,3.9,0.6954769,35.950188,36.645668,0.13975552,36.645668,0.00010016668,245,245,36,0.7450955,5.803016,0.012468413,0.33463594,0
235,3.9166667,0.7848137,36.00475,36.789562,0.14389703,36.789562,0.00010023956,249,249,35,0.77107894,5.9435554,0.012941596,0.34254128,0
236,3.9333334,0.87810695,36.052883,36.93099,0.14142513,36.93099,0.000100136494,263,263,35,0.798498,6.207587,0.013463198,0.35035542,0
237,3.95,0.96676695,36.094666,37.06143,0.13044524,37.06143,0.00010008911,259,259,29,0.8380506,6.1597505,0.013992088,0.35798648,0
238,3.9666667,1.0300639,36.124462,37.154526,0.09309079,37.154526,0.00010008017,263,263,39,0.8528305,5.4882336,0.01453182,0.3655695,0
239,3.9833333,1.0846027,36.15413,37.23873,0.08420804,37.23873,9.71895e-05,271,271,39,0.8464251,5.5351744,0.014513172,0.37228078,0
240,4,1.151101,36.174713,37.325813,0.08707997,37.325813,9.917442e-05,261,258,39,0.8577028,5.422475,0.014477185,0.37747446,0
241,4.016667,1.1465676,36.163284,37.309853,-0.015961355,37.309853,0.000100154175,253,253,37,0.8256421,4.8143935,0.013740275,0.38025513,0
242,4.0333333,1.1901714,36.101852,37.292023,-0.017829198,37.292023,0.000100184625,265,265,36,0.86906004,4.4699173,0.014103793,0.38008592,0
243,4.05,1.2804853,35.991013,37.2715,-0.020523025,37.2715,0.00010008192,248,248,35,0.92463654,5.023039,0.014947101,0.3770952,0
244,4.0666666,1.4158072,35.83217,37.247974,-0.023523089,37.247974,0.000100102625,241,241,33,0.99666774,4.6596084,0.015992554,0.3712979,0
245,4.0833335,1.6084626,35.62044,37.228905,-0.019071536,37.228905,0.00010013561,249,249,26,1.0837073,4.759114,0.01733289,0.36276,0
246,4.1,1.5968553,35.40984,37.006695,-0.22220987,37.006695,0.0001001976,256,256,25,1.0591325,6.176066,0.017034587,0.35194838,0
247,4.116667,1.7397274,35.218098,36.957825,-0.048870232,36.957825,0.00010020295,248,248,24,1.1537181,8.236902,0.018446406,0.33883646,0
248,4.133333,1.8960553,35.02405,36.920105,-0.03771764,36.920105,0.00010014099,241,241,24,1.2572181,9.719314,0.020084511,0.3234398,0
249,4.15,2.0256174,34.83829,36.86391,-0.056196265,36.86391,9.652268e-05,232,232,24,1.3669888,9.650245,0.02187862,0.30580306,0
250,4.1666665,2.0852158,34.665096,36.750313,-0.113598295,36.750313,8.699609e-05,235,235,22,1.3364683,12.579,0.022627918,0.28710434,0
251,4.1833334,1.9599543,34.51546,36.475414,-0.27489585,36.475414,8.073176e-05,245,245,32,1.3515615,16.329897,0.02225055,0.2701108,0
252,4.2,1.9482555,34.39025,36.33851,-0.13690868,36.33851,8.317618e-05,240,240,40,1.399224,20.281645,0.022926811,0.255085,0
253,4.2166667,1.8082807,34.306168,36.11445,-0.22405717,36.11445,8.596e-05,241,241,41,1.3957412,23.043898,0.02307794,0.2433996,0
254,4.233333,1.7084042,34.269264,35.97767,-0.13678318,35.97767,8.884215e-05,249,248,40,1.3906112,22.879368,0.023489013,0.23672108,0
255,4.25,1.5573422,34.277267,35.83461,-0.14305703,35.83461,9.3454706e-05,236,236,41,1.3745276,19.577044,0.023016866,0.23573473,0
256,4.266667,1.4532071,34.302177,35.755386,-0.07922418,35.755386,9.64092e-05,239,239,44,1.3345007,16.937353,0.02255608,0.23791526,0
257,4.2833333,1.3257535,34.332733,35.65849,-0.09689806,35.65849,9.888088e-05,238,238,45,1.2124374,13.666035,0.021125313,0.24230103,0
258,4.3,1.2595645,34.36478,35.624348,-0.034141865,35.624348,0.00010023375,233,233,42,1.1281483,10.928756,0.019469967,0.2481154,0
259,4.3166666,1.1893034,34.38782,35.577126,-0.047221012,35.577126,9.2810194e-05,240,237,40,1.0456878,7.8109517,0.018088963,0.25358272,0
260,4.3333335,1.1375124,34.404346,35.54186,-0.035267208,35.54186,7.3168696e-05,258,258,41,0.96916854,5.2720156,0.016762227,0.25806758,0
261,4.35,1.0938966,34.41606,35.509956,-0.03190143,35.509956,5.791786e-05,246,246,38,0.89468914,3.352455,0.015486174,0.26132306,0
262,4.366667,1.069497,34.419167,35.488667,-0.021291038,35.488667,6.0196307e-05,244,244,39,0.8389574,2.8758428,0.014398648,0.26303887,0
263,4.383333,1.064565,34.404335,35.4689,-0.019766616,35.4689,6.2204694e-05,225,225,39,0.80089194,2.6355157,0.013619086,0.26303753,0
264,4.4,1.0534976,34.3841,35.4376,-0.03130102,35.4376,6.56085e-05,230,230,38,0.7178812,3.5947764,0.012031652,0.2620394,0
265,4.4166665,1.0688462,34.359016,35.427864,-0.009735193,35.427864,6.999122e-05,228,228,38,0.7272592,4.6570272,0.012115015,0.2598683,0
266,4.4333334,1.0900702,34.32823,35.4183,-0.009561491,35.4183,7.352208e-05,234,234,33,0.72192484,5.8894567,0.012074209,0.25646725,0
267,4.45,1.1001786,34.300926,35.401104,-0.017195353,35.401104,7.678033e-05,234,234,33,0.70143163,6.118825,0.011895018,0.25240123,0
268,4.4666667,1.1036543,34.285103,35.388756,-0.012348785,35.388756,7.922445e-05,239,239,33,0.67453986,6.177472,0.011466207,0.24817663,0
269,4.483333,1.0953728,34.28008,35.37545,-0.01330652,35.37545,8.1545084e-05,238,238,33,0.7146761,6.2849574,0.011481599,0.24391158,0
270,4.5,1.0682144,34.291203,35.359417,-0.016031977,35.359417,8.5304906e-05,241,241,33,0.7679325,6.382692,0.012356972,0.23989941,0
271,4.516667,1.030529,34.315132,35.34566,-0.013758512,35.34566,8.70317e-05,243,243,33,0.8183083,6.5498543,0.013231573,0.2363658,0
272,4.5333333,0.98641264,34.34581,35.332222,-0.013437426,35.332222,8.922547e-05,238,238,33,0.86122864,6.8049684,0.014013211,0.23344283,0
273,4.55,0.9409652,34.378796,35.31976,-0.012462788,35.31976,9.195081e-05,237,237,33,0.88468504,7.2129645,0.014599057,0.23118229,0
274,4.5666666,0.90106094,34.407024,35.308086,-0.01167497,35.308086,9.5270574e-05,246,246,44,0.8929242,7.603282,0.014818063,0.22944331,0
275,4.5833335,0.8688759,34.428032,35.29691,-0.011176564,35.29691,9.820319e-05,251,251,44,0.8982824,7.670218,0.014932567,0.22835357,0
276,4.6,0.8510726,34.43542,35.28649,-0.010415922,35.28649,0.00010030087,248,248,52,0.8978558,7.587626,0.01496556,0.22772549,0
277,4.616667,0.84228784,34.43089,35.27318,-0.013314849,35.27318,0.00010036377,233,233,50,0.8927264,6.862569,0.014951966,0.22770451,0
278,4.633333,0.8455102,34.41411,35.259617,-0.013558831,35.259617,0.000100282596,245,245,52,0.8743348,6.079745,0.014736327,0.22825636,0
279,4.65,0.8648796,34.385727,35.250607,-0.00901276,35.250607,0.000100219746,235,235,50,0.846536,5.412315,0.014346264,0.22917789,0
280,4.6666665,0.89335525,34.347473,35.24083,-0.0097766565,35.24083,0.00010025882,239,239,47,0.8108296,4.867186,0.013809398,0.2302976,0
281,4.6833334,0.9338902,34.29889,35.23278,-0.008049579,35.23278,0.00010020762,230,230,46,0.7694967,4.530894,0.013170354,0.23149978,0
282,4.7,0.9752278,34.248035,35.223263,-0.009516425,35.223263,0.00010028259,236,236,46,0.715555,3.7848704,0.012355797,0.2328724,0
283,4.7166667,1.0161362,34.197147,35.213284,-0.009981305,35.213284,0.00010324477,233,233,46,0.66507065,3.2550824,0.011496648,0.2341918,0
284,4.733333,1.0484663,34.154118,35.202583,-0.01069925,35.202583,0.00010081509,235,235,46,0.6477976,2.3078058,0.010776032,0.23546785,0
285,4.75,1.0790706,34.114403,35.193474,-0.009108189,35.193474,0.00010028582,239,239,46,0.66754556,2.3559763,0.010962551,0.23627451,0
286,4.766667,1.0895451,34.081253,35.1708,-0.022676188,35.1708,0.00010038218,246,246,41,0.6757686,2.5276427,0.011229529,0.23660205,0
287,4.7833333,1.0886176,34.055157,35.143776,-0.027022474,35.143776,0.00010060573,238,238,41,0.668938,2.4126787,0.011217519,0.23644534,0
288,4.8,1.0823874,34.03445,35.116837,-0.026939267,35.116837,0.00010060238,235,235,41,0.6738046,2.3334093,0.011156,0.23574694,0
289,4.8166666,1.0704783,34.022144,35.092625,-0.024213018,35.092625,0.00010070121,232,232,42,0.68293726,2.1700494,0.011295263,0.23455031,0
290,4.8333335,1.0580312,34.02298,35.08101,-0.011613019,35.08101,0.00010036198,230,230,41,0.73113453,2.6983628,0.011724248,0.23297906,0
291,4.85,1.0461725,34.023834,35.070007,-0.011003198,35.070007,9.87531e-05,236,233,41,0.7897723,3.3658247,0.012688007,0.23104677,0
292,4.866667,1.0381367,34.021275,35.05941,-0.010596131,35.05941,0.00010042957,232,232,51,0.8438366,4.0564938,0.013627799,0.22883081,0
293,4.883333,1.0290651,34.015022,35.044086,-0.015323737,35.044086,0.00010049207,223,223,50,0.8894536,4.9688754,0.014453641,0.22650787,0
294,4.9,1.0210526,34.00792,35.028973,-0.01511462,35.028973,0.00010032224,225,225,49,0.9308545,5.2757406,0.015190011,0.22440171,0
295,4.9166665,1.0086085,34.001644,35.010254,-0.018719058,35.010254,9.762007e-05,231,231,49,0.95711565,4.9067445,0.015737511,0.2227133,0
296,4.9333334,0.9934856,33.997684,34.99117,-0.019084712,34.99117,9.3751376e-05,237,237,49,0.9843062,5.0711603,0.016195878,0.22158955,0
297,4.95,0.9789889,33.99938,34.978367,-0.012801818,34.978367,9.667666e-05,236,236,49,0.9956806,5.907515,0.016516265,0.22119144,0
298,4.9666667,0.95742965,34.00648,34.963913,-0.0144542875,34.963913,9.679798e-05,244,244,48,0.9862632,5.5234647,0.01654724,0.22161026,0
299,4.983333,0.93325466,34.018166,34.95142,-0.012494116,34.95142,9.7562486e-05,240,240,40,0.9618092,5.074061,0.016239794,0.22283024,0
300,5,0.9071208,34.033092,34.940212,-0.011205081,34.940212,9.932413e-05,247,247,39,0.92712927,4.7558126,0.015744328,0.22468334,0
301,5.016667,0.88052046,34.04992,34.93044,-0.009775173,34.93044,0.00010032206,246,246,40,0.88427675,4.478252,0.015093722,0.22697075,0
302,5.0333333,0.8528679,34.068607,34.92148,-0.008961516,34.92148,0.000100455916,241,241,49,0.83277977,3.97773,0.014307275,0.22954337,0
303,5.05,0.82671285,34.087246,34.91396,-0.0075180135,34.91396,0.00010041082,238,238,49,0.77627826,3.642563,0.013395611,0.23216876,0
304,5.0666666,0.8037139,34.103367,34.90708,-0.006876726,34.90708,0.00010029158,249,249,51,0.71988255,3.3640084,0.012448646,0.2346188,0
305,5.0833335,0.7809096,34.118416,34.899323,-0.0077578574,34.899323,0.000100209945,251,251,51,0.6711226,3.1323714,0.011548309,0.23674579,0
306,5.1,0.7580632,34.13516,34.893223,-0.0061031813,34.893223,0.000100216515,247,247,60,0.6376773,2.9353921,0.010874395,0.23839603,0
307,5.116667,0.74043304,34.147438,34.88787,-0.0053489,34.88787,0.0001002662,246,246,59,0.61580133,2.6094606,0.010416744,0.23942895,0
308,5.133333,0.72747904,34.154694,34.88217,-0.0057013067,34.88217,0.00010038143,242,242,52,0.60676223,2.2216747,0.010155347,0.2398255,0
309,5.15,0.7176925,34.157516,34.87521,-0.0069623454,34.87521,0.00010043886,239,239,44,0.6074109,2.2093577,0.010103813,0.23959813,0
310,5.1666665,0.7118022,34.155464,34.867264,-0.007943754,34.867264,0.00010042305,234,234,43,0.6113136,2.4017792,0.010133864,0.23881571,0
311,5.1833334,0.7097117,34.1499,34.85961,-0.0076537575,34.85961,0.00010025695,224,224,49,0.62755024,2.6143382,0.010299028,0.23760946,0
312,5.2,0.70753396,34.144848,34.85238,-0.0072305063,34.85238,0.000100234385,242,242,50,0.66171247,2.7864475,0.010737806,0.23613371,0
313,5.2166667,0.7068847,34.138477,34.845364,-0.0070181587,34.845364,0.00010016058,246,246,49,0.70011026,3.6375082,0.011346477,0.23435487,0
314,5.233333,0.7083705,34.12999,34.83836,-0.0070006857,34.83836,9.311329e-05,244,244,45,0.74016696,4.5150614,0.012006319,0.23239797,0
315,5.25,0.7122173,34.118862,34.831078,-0.007282383,34.831078,9.520675e-05,242,242,43,0.7785885,5.2696567,0.012665206,0.23037493,0
316,5.266667,0.7168343,34.10489,34.821724,-0.009356656,34.821724,9.773447e-05,233,233,41,0.8124124,5.401027,0.013269588,0.2284962,0
317,5.2833333,0.72424173,34.090637,34.81488,-0.006843012,34.81488,9.973088e-05,230,230,40,0.8321787,4.8555636,0.013721695,0.22709581,0
318,5.3,0.73503095,34.07266,34.80769,-0.007189403,34.80769,0.00010028287,230,230,40,0.8426012,4.5383677,0.013975065,0.22584595,0
319,5.3166666,0.7449915,34.052776,34.797768,-0.0099209305,34.797768,0.00010017944,239,239,39,0.8413384,4.4494505,0.014040854,0.2249278,0
320,5.3333335,0.7611561,34.028793,34.789948,-0.007820169,34.789948,0.00010003241,238,238,39,0.8341282,4.4796085,0.013953001,0.22423238,0
321,5.35,0.77702963,34.0046,34.78163,-0.008317226,34.78163,0.000100159705,237,237,39,0.8249825,4.534305,0.01381909,0.22403556,0
322,5.366667,0.797333,33.976933,34.774265,-0.0073673325,34.774265,0.00010053226,233,233,39,0.81202507,4.6453443,0.013646222,0.22400041,0
323,5.383333,0.81467545,33.95005,34.764725,-0.009540321,34.764725,0.000100301906,238,238,39,0.7829533,4.352821,0.013298558,0.22426568,0
324,5.4,0.82873625,33.927113,34.755848,-0.008874776,34.755848,0.00010039573,237,237,39,0.75580084,4.067569,0.012805836,0.22474433,0
325,5.4166665,0.83952886,33.907944,34.747475,-0.008375049,34.747475,0.00010048727,244,244,39,0.73591053,3.9921017,0.012412411,0.22540429,0
326,5.4333334,0.84819293,33.892185,34.74038,-0.007096413,34.74038,0.000100344594,236,236,40,0.7205005,3.865225,0.012121836,0.22605528,0
327,5.45,0.853621,33.878998,34.73262,-0.0077594556,34.73262,0.000100317135,238,238,39,0.70834225,3.3992138,0.011899305,0.22663897,0
328,5.4666667,0.85746944,33.869453,34.72692,-0.0056964443,34.72692,0.00010020392,234,234,35,0.7034843,2.9895203,0.01174882,0.22715263,0
329,5.483333,0.8583499,33.863052,34.7214,-0.0055198576,34.7214,0.00010018081,233,233,36,0.7039385,2.505899,0.011717854,0.22747937,0
330,5.5,0.8559719,33.859943,34.71591,-0.005488832,34.71591,0.00010010438,243,239,36,0.70793116,2.0580573,0.011757183,0.22760035,0
331,5.516667,0.85025376,33.8597,34.709953,-0.0059616514,34.709953,0.00010026129,244,244,36,0.71352005,1.6436783,0.011844775,0.22750536,0
332,5.5333333,0.8423365,33.862534,34.70487,-0.005081814,34.70487,0.00010018189,242,242,44,0.72157395,1.7245247,0.011949198,0.22719674,0
333,5.55,0.83211964,33.86797,34.70009,-0.004782312,34.70009,0.000100187346,240,240,44,0.7326914,2.0834565,0.0121153,0.22671281,0
334,5.5666666,0.8194535,33.87577,34.695225,-0.0048626605,34.695225,0.00010021866,239,239,44,0.74433106,2.532512,0.01230663,0.22611237,0
335,5.5833335,0.80439097,33.885693,34.690083,-0.0051405407,34.690083,0.000100169884,242,242,44,0.75572497,2.9181585,0.012499835,0.22545876,0
336,5.6,0.7859047,33.898277,34.68418,-0.005902238,34.68418,0.000100239784,244,244,43,0.7610493,3.3077796,0.012658795,0.2248579,0
337,5.616667,0.76499534,33.91307,34.678066,-0.006117193,34.678066,0.00010017994,238,238,42,0.75984645,3.6261318,0.012675023,0.22439085,0
338,5.633333,0.7402654,33.92977,34.670036,-0.008028904,34.670036,0.000100552585,240,240,43,0.7560579,3.8563046,0.012631731,0.22405462,0
339,5.65,0.7159679,33.94648,34.662445,-0.007590044,34.662445,0.00010056948,236,236,50,0.74957126,4.0980945,0.01254811,0.22388643,0
340,5.6666665,0.6941055,33.961193,34.655296,-0.0071488493,34.655296,0.000100848694,235,235,44,0.7470648,4.1921144,0.012467232,0.22390503,0
341,5.6833334,0.6737183,33.97427,34.647987,-0.007309081,34.647987,0.00010071775,244,244,44,0.74092776,4.157925,0.012401079,0.2241071,0
342,5.7,0.651936,33.98874,34.64068,-0.0073114736,34.64068,0.0001003832,232,232,42,0.73227584,4.031329,0.012273255,0.22450946,0
343,5.7166667,0.62987274,34.002747,34.63262,-0.008056402,34.63262,9.7023694e-05,228,228,48,0.7218824,3.6245637,0.0121196285,0.22507781,0
344,5.733333,0.6104395,34.015305,34.625744,-0.006875043,34.625744,9.973391e-05,228,228,49,0.7084537,3.3157554,0.011914744,0.22574845,0
345,5.75,0.5942489,34.025764,34.620014,-0.005732774,34.620014,0.00010014715,226,226,49,0.69358045,2.9885347,0.011678828,0.22646788,0
346,5.766667,0.58039194,34.03373,34.61412,-0.005892535,34.61412,8.698122e-05,225,225,56,0.6785818,2.6137342,0.011422349,0.22721218,0
347,5.7833333,0.5717656,34.037876,34.609642,-0.0044769095,34.609642,8.78258e-05,227,227,55,0.6632527,2.275365,0.011178284,0.22791319,0
348,5.8,0.5674998,34.03797,34.60547,-0.0041725277,34.60547,8.858457e-05,225,225,53,0.64910233,2.0447981,0.010925028,0.2284671,0
349,5.8166666,0.56710577,34.034378,34.601482,-0.0039873007,34.601482,8.9264984e-05,225,225,52,0.63620913,1.7420115,0.010693326,0.22881697,0
350,5.8333335,0.5717794,34.02593,34.597706,-0.0037771456,34.597706,8.9897796e-05,225,225,52,0.62732226,1.4985005,0.010511625,0.22884358,0
351,5.85,0.58206064,34.01182,34.593884,-0.0038238303,34.593884,9.128181e-05,221,221,51,0.62731004,1.5575906,0.01043869,0.22847454,0
352,5.866667,0.5963361,33.99319,34.589527,-0.0043568895,34.589527,9.33827e-05,226,226,52,0.6348752,1.5434723,0.010504655,0.22779557,0
353,5.883333,0.6139076,33.971165,34.58507,-0.004453191,34.58507,9.5221316e-05,225,225,52,0.6477043,1.6960107,0.010677816,0.22687484,0
354,5.9,0.6333199,33.946594,34.579914,-0.005159479,34.579914,9.890081e-05,224,224,52,0.6648414,1.8646727,0.010932713,0.22579093,0
355,5.9166665,0.6543673,33.920513,34.57488,-0.0050325654,34.57488,0.000100526755,224,224,52,0.683861,2.025673,0.011236631,0.22460285,0
356,5.9333334,0.67530197,33.894516,34.56982,-0.0050615007,34.56982,0.00010020502,227,227,48,0.6983841,2.033281,0.011525047,0.2234054,0
357,5.95,0.69641453,33.868942,34.565357,-0.0044619413,34.565357,0.000100219666,229,229,48,0.7119098,2.0415642,0.011752585,0.2222493,0
358,5.9666667,0.71721786,33.843708,34.56093,-0.004429177,34.56093,0.00010016712,229,229,48,0.7247299,2.030962,0.011973009,0.22115439,0
359,5.983333,0.73534334,33.820354,34.5557,-0.005230089,34.5557,0.00010030449,227,227,48,0.7363308,2.0218105,0.012176843,0.22016808,0
360,6,0.75027275,33.800674,34.55095,-0.0047490275,34.55095,0.00010016525,228,228,48,0.7468105,2.0077157,0.012361379,0.21935,0
361,6.016667,0.7621951,33.78187,34.544064,-0.0068830727,34.544064,0.00010036538,231,231,50,0.75595456,2.200362,0.012522784,0.21869265,0
362,6.0333333,0.77386254,33.764652,34.538517,-0.00554961,34.538517,0.00010017473,231,231,50,0.76280504,2.1484215,0.012659991,0.21821554,0
363,6.05,0.7772288,33.754223,34.531452,-0.007062626,34.531452,0.00010030051,234,234,53,0.76535785,2.1602182,0.012738846,0.2179967,0
364,6.0666666,0.7774527,33.748688,34.52614,-0.0053133504,34.52614,0.0001003624,231,231,52,0.7628069,2.2505252,0.012737708,0.2179762,0
365,6.0833335,0.775477,33.74528,34.520756,-0.0053833025,34.520756,0.00010036282,230,230,51,0.75701773,2.3122878,0.012665194,0.2180864,0
366,6.1,0.7711291,33.74416,34.51529,-0.005466965,34.51529,0.000100464014,229,229,51,0.74879277,2.3227773,0.012547041,0.21831211,0
367,6.116667,0.7638527,33.74625,34.5101,-0.0051873703,34.5101,0.00010032022,227,227,51,0.7383874,2.2532527,0.012390872,0.21866138,0
368,6.133333,0.7535169,33.751724,34.50524,-0.0048591807,34.50524,0.0001002915,231,231,51,0.72632617,2.1420703,0.0122020645,0.21911743,0
369,6.15,0.7403468,33.760155,34.5005,-0.004742319,34.5005,0.00010032886,231,231,51,0.7132144,2.0114741,0.011991132,0.21964514,0
370,6.1666665,0.7247481,33.770977,34.495728,-0.004774687,34.495728,0.000100341196,229,229,50,0.69979465,1.8716455,0.011768594,0.22020672,0
371,6.1833334,0.7072361,33.783638,34.490875,-0.0048504905,34.490875,0.000100364654,230,230,51,0.6868166,1.7333807,0.011547494,0.22076753,0
372,6.2,0.6854094,33.79983,34.48524,-0.0056355735,34.48524,0.00010041305,231,231,51,0.6751597,1.6264193,0.011341402,0.22131513,0
373,6.2166667,0.66232586,33.817356,34.479683,-0.0055581373,34.479683,0.00010038505,233,233,52,0.6678205,1.5535054,0.011175901,0.22180372,0
374,6.233333,0.6377817,33.835728,34.473507,-0.0061731613,34.473507,0.00010039953,231,231,52,0.660516,1.5919069,0.011069953,0.22224642,0
375,6.25,0.61320305,33.854633,34.46784,-0.005670557,34.46784,0.000100196674,231,231,52,0.6532723,1.6278996,0.010940203,0.2226589,0
376,6.266667,0.58925647,33.87312,34.462376,-0.0054610646,34.462376,0.00010025638,234,234,52,0.6474543,1.6859508,0.0108325295,0.223034,0
377,6.2833333,0.56656706,33.89059,34.457157,-0.0052182744,34.457157,0.000100203935,234,234,53,0.64290863,1.7608532,0.01074702,0.22337463,0
378,6.3,0.546625,33.906372,34.452995,-0.004163296,34.452995,0.00010019876,238,238,53,0.64013296,1.798326,0.0106866155,0.22368903,0
379,6.3166666,0.5285033,33.92018,34.448685,-0.004312072,34.448685,0.000100239355,236,236,53,0.6379397,1.868772,0.010645901,0.22398812,0
380,6.3333335,0.512309,33.931988,34.444298,-0.0043857126,34.444298,0.00010021069,232,232,51,0.6356761,1.9510516,0.010609718,0.22428371,0
381,6.35,0.4981623,33.941555,34.439716,-0.0045803636,34.439716,0.00010014636,237,237,51,0.6290375,2.0189116,0.01054903,0.22457938,0
382,6.366667,0.48609224,33.948814,34.434906,-0.004809226,34.434906,0.00010018706,233,233,50,0.6172984,1.9590352,0.010375603,0.22485036,0
383,6.383333,0.47679728,33.953293,34.43009,-0.0048171855,34.43009,0.00010037716,232,232,49,0.606244,1.8931866,0.010189237,0.22506075,0
384,6.4,0.47108796,33.95453,34.425617,-0.0044752043,34.425617,0.00010018188,235,235,52,0.5972681,1.8973742,0.010017292,0.22516918,0
385,6.4166665,0.46944445,33.951736,34.42118,-0.004435438,34.42118,0.000100233854,239,239,54,0.59196466,1.9564818,0.009898429,0.22514097,0
386,6.4333334,0.47255778,33.94445,34.417007,-0.004173633,34.417007,0.000100177655,238,238,53,0.59047794,2.0318136,0.009844373,0.22495721,0
387,6.45,0.4802488,33.933174,34.413425,-0.003582728,34.413425,0.000100084486,237,237,53,0.59239626,2.1471825,0.009845627,0.22462235,0
388,6.4666667,0.49112347,33.918446,34.40957,-0.0038558773,34.40957,0.000100077465,240,240,53,0.5954449,2.0697443,0.009892121,0.22417907,0
389,6.483333,0.5048341,33.900734,34.405567,-0.0040005054,34.405567,0.00010013477,236,236,53,0.60058117,1.9150112,0.00996109,0.22364242,0
390,6.5,0.5208075,33.880722,34.40153,-0.004036896,34.40153,0.000100105426,235,235,52,0.6079895,1.7292854,0.01006644,0.22302637,0
391,6.516667,0.53868943,33.858997,34.397686,-0.003844157,34.397686,0.000100143756,242,242,53,0.61707634,1.6407081,0.0102044055,0.22232814,0
392,6.5333333,0.55774146,33.836227,34.393967,-0.0037179354,34.393967,0.000100087585,242,242,53,0.6274397,1.6135772,0.010367789,0.22156511,0
393,6.55,0.57724255,33.813,34.390244,-0.0037263911,34.390244,0.00010007912,240,240,52,0.63893366,1.6369385,0.010550017,0.22076003,0
394,6.5666666,0.5961058,33.79007,34.386177,-0.004064979,34.386177,0.00010030677,241,241,52,0.6509763,1.6693205,0.010749028,0.21995707,0
395,6.5833335,0.613156,33.768944,34.3821,-0.0040770057,34.3821,0.00010016492,242,242,52,0.6624291,1.7140551,0.010945893,0.21920392,0
396,6.6,0.6291829,33.749012,34.378197,-0.0039034165,34.378197,0.00010017237,241,241,52,0.6728079,1.7644928,0.011128299,0.2185114,0
397,6.616667,0.64373356,33.730522,34.374252,-0.0039424174,34.374252,0.00010015468,241,241,54,0.6816874,1.8125411,0.011289233,0.2178966,0
398,6.633333,0.6564432,33.71381,34.37025,-0.004002329,34.37025,0.000100128935,239,239,54,0.6886643,1.8534068,0.011421611,0.21737705,0
399,6.65,0.666949,33.699265,34.36621,-0.004039011,34.36621,0.000100145,240,240,55,0.6933426,1.9056516,0.011519245,0.21697024,0
400,6.6666665,0.6749943,33.687286,34.36228,-0.0039315624,34.36228,0.00010021544,242,242,56,0.6955733,1.9239197,0.011575575,0.21668969,0
401,6.6833334,0.68014693,33.678127,34.358273,-0.004008505,34.358273,0.00010023227,245,245,54,0.6956928,1.9313307,0.0115945665,0.21653375,0
402,6.7,0.6820789,33.6715,34.35358,-0.0046925996,34.35358,0.00010038954,249,249,54,0.69366187,1.9205115,0.011577913,0.216488,0
403,6.7166667,0.68042487,33.668972,34.349396,-0.0041842777,34.349396,0.00010025419,242,242,53,0.6891956,1.8465823,0.011521438,0.21655588,0
404,6.733333,0.67552346,33.66978,34.345306,-0.004090758,34.345306,0.00010015097,241,241,53,0.6829779,1.7905916,0.011433784,0.21670012,0
405,6.75,0.66727567,33.67397,34.341248,-0.004059025,34.341248,0.00010015255,240,240,53,0.6753939,1.7367496,0.011316909,0.21693051,0
406,6.766667,0.65588987,33.68136,34.337246,-0.0039989003,34.337246,0.00010022924,240,240,54,0.66702867,1.680763,0.011183135,0.21722938,0
407,6.7833333,0.6417132,33.691612,34.333324,-0.0039213765,34.333324,0.00010012654,242,242,54,0.658253,1.62731,0.011039554,0.21757756,0
408,6.8,0.6240674,33.704803,34.328873,-0.0044539296,34.328873,0.000100541685,243,243,55,0.6496215,1.5852708,0.010893234,0.21795607,0
409,6.8166666,0.60440004,33.72053,34.324932,-0.003940999,34.324932,0.00010019457,243,243,55,0.640469,1.5415077,0.010747282,0.21835375,0
410,6.8333335,0.5829406,33.738167,34.32111,-0.0038226072,34.32111,0.00010014831,243,243,55,0.62935454,1.4693637,0.010584667,0.21876486,0
411,6.85,0.5566405,33.760147,34.316784,-0.0043224827,34.316784,0.00010038345,241,241,55,0.6237538,1.4831123,0.0104329875,0.21921857,0
412,6.866667,0.5319668,33.78091,34.312878,-0.003908975,34.312878,0.00010037973,234,234,59,0.6180572,1.5190948,0.010345755,0.21967837,0
413,6.883333,0.5086746,33.80032,34.308994,-0.0038822347,34.308994,0.000100445526,239,239,63,0.6112687,1.5536125,0.010241065,0.22014591,0
414,6.9,0.48649636,33.81856,34.305058,-0.0039370665,34.305058,0.00010029669,236,236,62,0.6032708,1.5799589,0.010118138,0.22061685,0
415,6.9166665,0.46587062,33.83528,34.30115,-0.0039044572,34.30115,0.00010037523,233,233,61,0.59416765,1.5927091,0.009974597,0.22107852,0
416,6.9333334,0.44530144,33.851284,34.296585,-0.004568456,34.296585,0.000100133475,233,233,61,0.5840015,1.6492412,0.0098118335,0.22153884,0
417,6.95,0.42656174,33.86536,34.291924,-0.0046615554,34.291924,0.000100139296,238,238,61,0.575404,1.7589173,0.009652102,0.2219398,0
418,6.9666667,0.4140092,33.874153,34.288162,-0.0037601471,34.288162,0.00010013634,237,237,62,0.56857395,1.8771058,0.009525038,0.22221734,0
419,6.983333,0.40685508,33.87801,34.284863,-0.0032993278,34.284863,0.000100115685,236,236,60,0.5630472,1.9524399,0.009422964,0.22238208,0
420,7,0.40403897,33.87759,34.281628,-0.0032352423,34.281628,0.00010014053,237,237,60,0.5580888,1.9037747,0.009335719,0.2224688,0
421,7.016667,0.40516222,33.8732,34.278362,-0.0032663958,34.278362,0.000100087425,238,237,60,0.5546327,1.8339386,0.009264877,0.22248162,0
422,7.0333333,0.41015747,33.864914,34.27507,-0.0032898881,34.27507,0.000100096375,233,233,59,0.5532025,1.7504317,0.009223757,0.22240423,0
423,7.05,0.41887107,33.852886,34.27176,-0.003312972,34.27176,0.00010013451,231,231,58,0.5542509,1.6592071,0.009220427,0.22222151,0
424,7.0666666,0.43069983,33.83719,34.267887,-0.003872192,34.267887,0.00010041855,231,231,58,0.5554608,1.5025085,0.009237492,0.2219207,0
425,7.0833335,0.44588515,33.81801,34.263893,-0.0039930325,34.263893,0.00010047326,231,231,58,0.56062245,1.3843999,0.009290603,0.22147293,0
426,7.1,0.46396235,33.795982,34.259945,-0.003948295,34.259945,0.000100460034,232,232,57,0.57156324,1.3828012,0.009425968,0.22087578,0
427,7.116667,0.4842371,33.771797,34.256035,-0.00390935,34.256035,0.00010041304,229,229,56,0.5846588,1.4153364,0.009633683,0.22015412,0
428,7.133333,0.5057902,33.74632,34.25211,-0.0039285244,34.25211,0.00010041712,225,225,55,0.59740305,1.4389535,0.009848295,0.21938194,0
429,7.15,0.5278996,33.72016,34.24806,-0.0040476243,34.24806,0.0001004528,224,224,55,0.61140037,1.4817054,0.010071165,0.21858186,0
430,7.1666665,0.54976493,33.694134,34.2439,-0.004159921,34.2439,0.00010046897,225,225,50,0.6260289,1.5500772,0.010312479,0.21777734,0
431,7.1833334,0.5676971,33.67223,34.239925,-0.003974435,34.239925,0.0001001551,229,229,50,0.6405535,1.6165624,0.010555662,0.21703075,0
432,7.2,0.58325315,33.65314,34.236393,-0.003531681,34.236393,0.00010025013,231,231,50,0.65404993,1.6960745,0.01079046,0.21633385,0
433,7.2166667,0.5939757,33.637253,34.231228,-0.0051669735,34.231228,0.00010026377,230,230,50,0.66576487,1.8156681,0.011001398,0.21570879,0
434,7.233333,0.59990746,33.625263,34.22517,-0.0060582315,34.22517,0.00010025618,228,228,52,0.6752132,2.0240777,0.011178201,0.21518394,0
435,7.25,0.6048101,33.615314,34.220127,-0.0050425525,34.220127,0.000100240635,229,229,52,0.6824117,2.199167,0.0113154035,0.21475257,0
436,7.266667,0.60762686,33.608044,34.21567,-0.004455401,34.21567,0.000100246296,234,234,52,0.6872113,2.288078,0.011416967,0.21444625,0
437,7.2833333,0.6076492,33.603554,34.211205,-0.0044670315,34.211205,0.00010032416,233,233,52,0.68854785,2.369132,0.011467707,0.21427663,0
438,7.3,0.6051385,33.60171,34.20685,-0.004355327,34.20685,0.00010034795,230,230,52,0.68653774,2.4180408,0.011460842,0.21424016,0
439,7.3166666,0.6000203,33.60271,34.202732,-0.0041171922,34.202732,0.00010021128,230,230,51,0.6815362,2.3879032,0.011401245,0.21434273,0
440,7.3333335,0.5907953,33.607582,34.198376,-0.0043547223,34.198376,0.000100281875,233,233,50,0.67368233,2.302525,0.011292788,0.21458869,0
441,7.35,0.5781706,33.615738,34.19391,-0.004469063,34.19391,0.00010015677,232,232,50,0.66353035,2.149997,0.0111413235,0.21494868,0
442,7.366667,0.56339955,33.626827,34.190228,-0.0036789966,34.190228,0.00010007097,234,234,50,0.651526,1.9661928,0.010955961,0.21540065,0
443,7.383333,0.5468365,33.63983,34.18667,-0.0035617482,34.18667,0.00010020181,232,232,52,0.638056,1.7887146,0.010742486,0.2159102,0
444,7.4,0.528725,33.654484,34.18321,-0.003458904,34.18321,0.00010010083,229,229,52,0.6236441,1.635255,0.01050906,0.21645848,0
445,7.4166665,0.50908715,33.670692,34.179783,-0.0034266745,34.179783,0.00010013275,224,224,50,0.61068124,1.5619853,0.010276018,0.21704222,0
446,7.4333334,0.4880922,33.68826,34.176353,-0.003428589,34.176353,0.00010020062,226,226,51,0.59880674,1.5386581,0.010074359,0.21765968,0
447,7.45,0.46637973,33.70656,34.17294,-0.0034147901,34.17294,0.00010009818,225,225,56,0.58597773,1.5423067,0.009869466,0.21829143,0
448,7.4666667,0.4450604,33.724445,34.169506,-0.0034316136,34.169506,0.0001001952,230,230,57,0.5721133,1.5532535,0.009645133,0.21890408,0
449,7.483333,0.42469558,33.741493,34.166187,-0.0033170087,34.166187,0.00010014424,226,226,55,0.5586176,1.5511458,0.009414643,0.21947199,0
450,7.5,0.40539494,33.757748,34.163143,-0.0030448912,34.163143,0.00010015718,231,231,56,0.5463878,1.5391546,0.009200424,0.21998861,0
451,7.516667,0.38749263,33.77269,34.16018,-0.002963447,34.16018,0.000100111974,234,234,56,0.5309866,1.4752634,0.008986411,0.22044732,0
452,7.5333333,0.37213957,33.785213,34.157352,-0.0028292274,34.157352,0.00010008417,234,234,58,0.51377094,1.320051,0.0086934725,0.22081336,0
453,7.55,0.35984418,33.7946,34.154446,-0.002904986,34.154446,0.00010020277,234,234,58,0.5001143,1.2312105,0.008437678,0.22106087,0
454,7.5666666,0.35104382,33.800613,34.151657,-0.0027894154,34.151657,0.00010011692,237,237,58,0.4895387,1.1685154,0.008231819,0.22117637,0
455,7.5833335,0.34569305,33.80326,34.148952,-0.002704647,34.148952,0.00010007011,237,237,58,0.48516333,1.1541356,0.008111341,0.221164,0
456,7.6,0.3435614,33.802647,34.146206,-0.0027454372,34.146206,0.00010009042,237,237,58,0.4843916,1.1739316,0.008070121,0.22103034,0
457,7.616667,0.34464186,33.79875,34.143394,-0.0028142405,34.143394,0.00010008333,238,238,59,0.4869755,1.2172376,0.008085951,0.22077896,0
458,7.633333,0.348765,33.791557,34.140324,-0.0030687412,34.140324,0.00010014966,239,239,59,0.49384323,1.2969105,0.008168615,0.22042482,0
459,7.65,0.35588288,33.781517,34.1374,-0.0029240889,34.1374,0.00010007246,239,239,58,0.5032895,1.3814497,0.008301702,0.21998772,0
460,7.6666665,0.3659493,33.76849,34.13444,-0.0029599925,34.13444,0.000100113,238,238,57,0.514476,1.454788,0.008479704,0.21948761,0
461,7.6833334,0.37839702,33.753006,34.1314,-0.0030374385,34.1314,0.000100191624,238,238,55,0.52480763,1.4697902,0.008663674,0.21893622,0
462,7.7,0.3927005,33.735416,34.12812,-0.0032839866,34.12812,0.000100178906,242,242,56,0.5353612,1.4852368,0.008831563,0.21832408,0
463,7.7166667,0.4086395,33.716312,34.124954,-0.0031662062,34.124954,0.00010016897,244,244,57,0.54721314,1.5120207,0.009020615,0.21767482,0
464,7.733333,0.42559958,33.696163,34.12176,-0.0031906976,34.12176,0.00010014295,243,243,58,0.55907863,1.5376425,0.009219018,0.21701193,0
465,7.75,0.44303477,33.67551,34.118546,-0.003216673,34.118546,0.00010019341,241,241,56,0.57057005,1.56252,0.009414311,0.21635446,0
466,7.766667,0.45946118,33.65498,34.11444,-0.004104261,34.11444,0.00010043941,241,241,53,0.5813376,1.5804191,0.009600371,0.21572085,0
467,7.7833333,0.47558066,33.63519,34.11077,-0.0036695518,34.11077,0.00010024246,239,239,53,0.59099627,1.6036466,0.009770741,0.2151378,0
468,7.8,0.49089572,33.616325,34.10722,-0.003551408,34.10722,0.000100182384,241,241,53,0.599353,1.6256078,0.009921236,0.21461543,0
469,7.8166666,0.5048861,33.598747,34.103634,-0.0035851293,34.103634,0.000100190395,243,243,53,0.60618716,1.6457638,0.010047847,0.21416351,0
470,7.8333335,0.5171012,33.582905,34.100006,-0.0036269764,34.100006,0.00010039212,243,243,54,0.6112863,1.66024,0.01014776,0.21379107,0
471,7.85,0.5270871,33.568966,34.09605,-0.0039564357,34.09605,0.00010042787,247,247,55,0.61494905,1.6666287,0.010220298,0.2134993,0
472,7.866667,0.53458667,33.55749,34.09208,-0.003971993,34.09208,0.00010039316,244,244,54,0.61689097,1.6746856,0.010266195,0.2132936,0
473,7.883333,0.539228,33.548542,34.087772,-0.004308708,34.087772,0.00010057947,243,243,54,0.6164348,1.6477264,0.010281713,0.21317112,0
474,7.9,0.5403769,33.54296,34.08334,-0.0044326195,34.08334,0.00010085107,236,236,52,0.6131305,1.5855017,0.010245146,0.2131204,0
475,7.9166665,0.538239,33.540783,34.079025,-0.0043141553,34.079025,0.00010054874,234,234,52,0.6087945,1.5460114,0.0101794265,0.2131347,0
476,7.9333334,0.5329159,33.542057,34.074974,-0.004051467,34.074974,0.00010046271,241,241,53,0.6035624,1.498091,0.010102207,0.21320517,0
477,7.95,0.5244292,33.5466,34.07103,-0.0039435816,34.07103,0.00010050369,246,246,54,0.59627646,1.4386576,0.009996949,0.21334146,0
478,7.9666667,0.51296586,33.55418,34.067142,-0.003884572,34.067142,0.00010048726,242,242,53,0.58782065,1.380813,0.009865185,0.21353957,0
479,7.983333,0.49885023,33.56449,34.06334,-0.0038035244,34.06334,0.00010047631,244,244,54,0.57844454,1.328043,0.009715986,0.21379158,0
480,8,0.48247248,33.577137,34.05961,-0.0037320624,34.05961,0.00010048237,247,247,56,0.5687375,1.2898932,0.009554519,0.21408853,0
481,8.016666,0.46429306,33.591953,34.056244,-0.0033629108,34.056244,0.000100225385,246,246,55,0.55905116,1.2725558,0.0093955565,0.21443202,0
482,8.033334,0.44104642,33.611214,34.052258,-0.003987344,34.052258,0.00010028382,246,246,55,0.55135155,1.2823383,0.009246602,0.21484934,0
483,8.05,0.41806856,33.630657,34.048725,-0.0035314832,34.048725,0.00010033707,248,248,55,0.54361427,1.3049648,0.009120542,0.21529773,0
484,8.066667,0.3959478,33.64922,34.045166,-0.0035600169,34.045166,0.000100379046,247,247,64,0.53490245,1.327207,0.008984264,0.21575919,0
485,8.083333,0.3747596,33.66677,34.04153,-0.0036353427,34.04153,0.00010038155,243,243,63,0.52534676,1.3445837,0.008832608,0.21622807,0
486,8.1,0.35500342,33.682983,34.037987,-0.003546157,34.037987,0.00010035195,241,241,63,0.5145262,1.3522221,0.008660323,0.21669285,0
487,8.116667,0.33423102,33.699745,34.033978,-0.0040097265,34.033978,0.00010021093,237,237,62,0.502902,1.4269272,0.008472271,0.21718287,0
488,8.133333,0.317352,33.713085,34.030437,-0.003539871,34.030437,0.0001001538,238,238,63,0.49217033,1.5273597,0.008283499,0.21760316,0
489,8.15,0.30477518,33.722317,34.027092,-0.0033430057,34.027092,0.000100200945,237,237,62,0.48333195,1.6282009,0.008120192,0.21791197,0
490,8.166667,0.29645264,33.727734,34.02419,-0.0029047914,34.02419,0.000100101504,239,239,62,0.47711787,1.6233112,0.007992812,0.2181192,0
491,8.183333,0.29186636,33.729763,34.02163,-0.0025604719,34.02163,0.00010010962,240,240,62,0.4713335,1.5760427,0.007896727,0.21824549,0
492,8.2,0.2907698,33.728264,34.01903,-0.0025947026,34.01903,0.00010013963,240,240,62,0.46661678,1.4968646,0.007812657,0.21829712,0
493,8.216666,0.2930081,33.723454,34.01646,-0.00257244,34.01646,0.000100104946,235,235,61,0.4621141,1.3607048,0.0077294214,0.21826625,0
494,8.233334,0.29884097,33.71445,34.01329,-0.0031691773,34.01329,0.00010047225,233,233,60,0.4611455,1.2396396,0.0076836403,0.21810922,0
495,8.25,0.30810308,33.701767,34.00987,-0.003422484,34.00987,0.00010043754,233,233,60,0.46423092,1.1464558,0.007701211,0.21782109,0
496,8.266666,0.32054174,33.685917,34.00646,-0.003410781,34.00646,0.000100477824,236,236,60,0.4717518,1.1243804,0.007790332,0.21740198,0
497,8.283334,0.33575413,33.66733,34.003086,-0.003372097,34.003086,0.000100433,236,236,60,0.484089,1.1488706,0.007956008,0.21685623,0
498,8.3,0.3531527,33.64659,33.999744,-0.003341743,33.999744,0.00010038512,227,227,58,0.49748966,1.1809825,0.008177943,0.21621971,0
499,8.316667,0.37208128,33.624165,33.996246,-0.0034982304,33.996246,0.00010043933,227,227,58,0.51256317,1.2254971,0.008414268,0.2155384,0
500,8.333333,0.39147422,33.601036,33.992508,-0.0037363013,33.992508,0.000100296595,229,229,58,0.5281498,1.2828019,0.008673347,0.21484315,0
501,8.35,0.40864035,33.580982,33.98962,-0.0028875594,33.98962,0.00010014814,230,230,58,0.5441712,1.3479902,0.008937256,0.21418947,0
502,8.366667,0.42475367,33.561996,33.98675,-0.0028700293,33.98675,0.00010021823,237,237,58,0.55876315,1.4136745,0.009194366,0.21355268,0
503,8.383333,0.4371957,33.544735,33.98193,-0.0048223985,33.98193,0.00010018795,237,237,54,0.5718338,1.5483564,0.0094265025,0.21295671,0
504,8.4,0.44748852,33.52962,33.977108,-0.0048205773,33.977108,0.00010018438,233,233,54,0.58201927,1.7218031,0.00961815,0.21241388,0
505,8.416667,0.456231,33.516853,33.973083,-0.0040237494,33.973083,0.00010019603,233,233,54,0.59022796,1.8756617,0.009771462,0.21193625,0
506,8.433333,0.462844,33.50676,33.969604,-0.0034810116,33.969604,0.00010024598,237,237,54,0.5963592,1.9722959,0.009890382,0.21154247,0
507,8.45,0.46641853,33.49975,33.966167,-0.0034367847,33.966167,0.00010023479,239,239,54,0.6002269,1.9968672,0.009974033,0.21125998,0
508,8.466666,0.46741444,33.495285,33.9627,-0.003468864,33.9627,0.00010030011,238,238,54,0.6010316,2.020144,0.010013056,0.21109322,0
509,8.483334,0.46526474,33.493885,33.95915,-0.0035490636,33.95915,0.00010022572,234,234,53,0.5988949,2.0187519,0.010000943,0.21104239,0
510,8.5,0.45992386,33.495598,33.95552,-0.0036294612,33.95552,0.00010019194,234,234,53,0.5937874,2.0088904,0.009939246,0.21110441,0
511,8.516666,0.45169586,33.500378,33.952072,-0.0034478426,33.952072,0.00010015958,234,234,52,0.58641267,1.9160087,0.009834739,0.21127637,0
512,8.533334,0.44092438,33.507675,33.9486,-0.003472205,33.9486,0.000100319965,241,241,52,0.5767072,1.7975942,0.00969047,0.21154208,0
513,8.55,0.4285284,33.51696,33.945488,-0.0031128135,33.945488,0.00010013533,239,239,55,0.5653748,1.6331322,0.00951522,0.21188468,0
514,8.566667,0.4147398,33.52773,33.94247,-0.0030182574,33.94247,0.00010014619,236,236,54,0.5525513,1.4739422,0.009312859,0.2122851,0
515,8.583333,0.3996262,33.539894,33.93952,-0.0029483845,33.93952,0.000100223646,236,236,54,0.5398629,1.3685035,0.009094532,0.21273634,0
516,8.6,0.3831248,33.553486,33.936607,-0.0029117144,33.936607,0.000100231024,234,234,54,0.5295805,1.3608311,0.008907788,0.2132406,0
517,8.616667,0.36551958,33.568253,33.933773,-0.0028352516,33.933773,0.00010016384,229,229,52,0.5182116,1.3254483,0.008729556,0.2137876,0
518,8.633333,0.3473297,33.583706,33.931038,-0.0027366332,33.931038,0.00010009825,230,230,52,0.50459564,1.2961779,0.008521207,0.21435967,0
519,8.65,0.32916066,33.59923,33.928394,-0.002643828,33.928394,0.000100116216,231,231,52,0.4897752,1.2593113,0.008280929,0.21493044,0
520,8.666667,0.31167436,33.61417,33.925842,-0.0025489603,33.925842,0.0001001548,228,228,52,0.47530225,1.235645,0.008035174,0.2154716,0
521,8.683333,0.29554093,33.62785,33.923393,-0.0024519416,33.923393,0.000100122335,236,236,53,0.46194887,1.2281234,0.0078024357,0.215958,0
522,8.7,0.2813469,33.63968,33.921024,-0.0023668208,33.921024,0.00010012777,236,236,52,0.45023388,1.233608,0.007592982,0.21636902,0
523,8.716666,0.26926464,33.649467,33.91873,-0.0022928212,33.91873,0.00010010842,236,236,52,0.43655297,1.1651218,0.007391346,0.21669863,0
524,8.733334,0.25963864,33.65682,33.91646,-0.0022740318,33.91646,0.00010015872,235,235,51,0.42164114,1.0588263,0.00714527,0.21692458,0
525,8.75,0.2529092,33.66123,33.91414,-0.0023198489,33.91414,0.00010015464,235,235,51,0.41162813,0.9384384,0.006927177,0.21703197,0
526,8.766666,0.2488695,33.662876,33.911747,-0.002392629,33.911747,0.00010017729,238,238,53,0.40770307,0.94315726,0.006814604,0.21703163,0
527,8.783334,0.24726206,33.661873,33.909134,-0.0026117887,33.909134,0.000100060955,239,239,61,0.40924042,0.97131616,0.0068002376,0.21693437,0
528,8.8,0.24826674,33.65827,33.90654,-0.0025950691,33.90654,0.000106339074,240,240,61,0.41357356,1.0243759,0.0068493374,0.21674614,0
529,8.816667,0.2519408,33.652145,33.904083,-0.0024542864,33.904083,0.00010009048,240,240,61,0.4229753,1.1348181,0.006971088,0.21648636,0
530,8.833333,0.25824174,33.643425,33.90167,-0.0024177835,33.90167,0.000100210855,241,241,61,0.43023473,1.1645497,0.0071080187,0.21615869,0
531,8.85,0.2668688,33.63235,33.89922,-0.0024483565,33.89922,0.00010010707,239,239,60,0.44010615,1.2170343,0.007246848,0.2157621,0
532,8.866667,0.27750322,33.619194,33.896698,-0.0025218597,33.896698,0.00010010524,237,237,59,0.4514289,1.2775847,0.0074280147,0.21531239,0
533,8.883333,0.2896096,33.60452,33.894127,-0.0025687765,33.894127,0.00010008021,238,238,58,0.4616244,1.2841308,0.007608208,0.21482317,0
534,8.9,0.30300957,33.588524,33.891533,-0.0025960982,33.891533,0.000100120626,242,242,59,0.47293317,1.3053724,0.007785601,0.21428241,0
535,8.916667,0.31718537,33.57165,33.888836,-0.0026952552,33.888836,0.000100089266,242,242,59,0.48537174,1.3528378,0.007984827,0.21371582,0
536,8.933333,0.33152884,33.554386,33.885918,-0.0029209699,33.885918,0.000100318925,243,243,60,0.49706593,1.3925729,0.008188467,0.21315844,0
537,8.95,0.34509367,33.53724,33.882336,-0.0035812408,33.882336,0.00010061284,243,243,60,0.50791365,1.4232608,0.00837712,0.21262199,0
538,8.966666,0.35832638,33.520382,33.878708,-0.0036270332,33.878708,0.000100453806,240,240,59,0.51760197,1.4515666,0.008548533,0.21212174,0
539,8.983334,0.37080398,33.504246,33.87505,-0.00365929,33.87505,0.000100434016,240,240,59,0.52584314,1.4763713,0.008698084,0.2116718,0
540,9,0.38214022,33.48923,33.871372,-0.003677908,33.871372,0.00010040437,241,241,59,0.5324344,1.4968771,0.008821586,0.2112841,0
541,9.016666,0.39196587,33.475704,33.86767,-0.003701892,33.86767,0.00010049363,245,245,60,0.53723806,1.5115935,0.008916309,0.21096754,0
542,9.033334,0.39994434,33.464005,33.86395,-0.0037198828,33.86395,0.00010039792,245,245,60,0.5402403,1.5188978,0.008980963,0.21072745,0
543,9.05,0.40573582,33.455124,33.86086,-0.0030892114,33.86086,0.00010018959,243,243,60,0.54159045,1.523573,0.009016359,0.21057406,0
544,9.066667,0.408994,33.448837,33.85783,-0.00302843,33.85783,0.00010021915,241,241,60,0.5412434,1.5244029,0.009023718,0.21049596,0
545,9.083333,0.4094296,33.445343,33.854774,-0.0030565704,33.854774,0.0001001956,242,242,58,0.538699,1.4841259,0.0090025645,0.21049011,0
546,9.1,0.40710825,33.44414,33.85125,-0.0035240361,33.85125,0.00010049362,239,239,54,0.534238,1.4264033,0.008939385,0.21052334,0
547,9.116667,0.40218508,33.44554,33.847725,-0.0035254655,33.847725,0.00010049362,237,237,54,0.527596,1.3579544,0.008848888,0.21059917,0
548,9.133333,0.394689,33.44957,33.844257,-0.003467397,33.844257,0.00010049362,243,243,54,0.519286,1.2821954,0.008722574,0.21073447,0
549,9.15,0.3848269,33.456036,33.840862,-0.003393608,33.840862,0.0001005616,245,245,55,0.5097969,1.2021102,0.008573683,0.21091923,0
550,9.166667,0.37286648,33.46465,33.837517,-0.0033479054,33.837517,0.00010050725,243,243,54,0.49936453,1.1284707,0.008405743,0.21114416,0
551,9.183333,0.35911715,33.47529,33.834404,-0.0031114914,33.834404,0.000100507335,241,241,54,0.4904684,1.1074647,0.008245103,0.21140671,0
552,9.2,0.34394628,33.487564,33.831512,-0.002893603,33.831512,0.0001005393,242,242,54,0.48079723,1.0891689,0.00809128,0.21170366,0
553,9.216666,0.32778513,33.501236,33.82902,-0.0024908348,33.82902,0.00010025389,242,242,54,0.4703517,1.070379,0.007922805,0.21202998,0
554,9.233334,0.3087985,33.517323,33.826122,-0.002899287,33.826122,0.00010016961,247,247,55,0.4619151,1.08386,0.007757274,0.2123948,0
555,9.25,0.28950787,33.534184,33.823692,-0.002429383,33.823692,0.00010022855,240,240,53,0.45426965,1.1144563,0.0076326816,0.21278936,0
556,9.266666,0.2717003,33.549557,33.82126,-0.002434612,33.82126,0.000100204525,241,241,53,0.44548407,1.1343398,0.007495427,0.21318543,0
557,9.283334,0.25552297,33.563244,33.818768,-0.0024902164,33.818768,0.00010011113,241,241,61,0.435501,1.1406821,0.0073382934,0.21357465,0
558,9.3,0.24105096,33.57519,33.816242,-0.002522591,33.816242,0.000100138655,240,240,62,0.42485192,1.1337061,0.007164866,0.21394545,0
559,9.316667,0.22702934,33.586597,33.81363,-0.0026153533,33.81363,0.00010015611,240,240,61,0.41436782,1.1741681,0.0069877384,0.21430771,0
560,9.333333,0.21523379,33.595394,33.81063,-0.0029995048,33.81063,0.000100217636,234,234,61,0.4057208,1.2777572,0.0068236464,0.21461102,0
561,9.35,0.20790617,33.599937,33.807842,-0.0027856864,33.807842,0.00010017245,236,236,61,0.40003508,1.3834717,0.0067044464,0.214788,0
562,9.366667,0.20430751,33.60108,33.80539,-0.0024533337,33.80539,0.000100099765,239,239,61,0.39652362,1.3586515,0.006634345,0.21486112,0
563,9.383333,0.20365337,33.59932,33.802975,-0.0024161215,33.802975,0.00010017526,240,240,61,0.39414293,1.3242985,0.0065814676,0.21486214,0
564,9.4,0.20601632,33.59471,33.800728,-0.0022477915,33.800728,0.000100100195,242,242,61,0.39403582,1.2794162,0.0065605114,0.21479006,0
565,9.416667,0.2110733,33.586765,33.79784,-0.0028863635,33.79784,0.00010039525,244,244,62,0.3947292,1.1849638,0.0065683895,0.21463351,0
566,9.433333,0.21899673,33.575928,33.79492,-0.0029162155,33.79492,0.00010039926,241,241,62,0.39816847,1.0930566,0.0065986956,0.21437967,0
567,9.45,0.22965288,33.56237,33.792023,-0.0028999676,33.792023,0.00010043787,240,240,61,0.40521464,1.0332806,0.00668694,0.21402073,0
568,9.466666,0.24194959,33.547646,33.789597,-0.0024275074,33.789597,0.000100114325,239,239,61,0.41595662,1.0188172,0.006835935,0.2135708,0
569,9.483334,0.2558848,33.531353,33.78724,-0.002356798,33.78724,0.0001001357,239,239,61,0.43129042,1.0979482,0.00705108,0.21301943,0
570,9.5,0.2691954,33.514523,33.78372,-0.003522218,33.78372,0.00010019191,246,246,64,0.4488877,1.1837685,0.007341202,0.21241449,0
571,9.516666,0.281432,33.498344,33.779778,-0.0039410032,33.779778,0.000100087804,246,246,64,0.46256983,1.3280169,0.0075993296,0.21181034,0
572,9.533334,0.2938069,33.482685,33.77649,-0.0032855126,33.77649,0.000100124824,241,241,62,0.47477087,1.4694581,0.007813777,0.2112169,0
573,9.55,0.30584475,33.46793,33.773777,-0.0027146372,33.773777,0.00010013256,244,244,62,0.48571476,1.5618387,0.008006468,0.21065342,0
574,9.566667,0.3168052,33.454338,33.77114,-0.0026343593,33.77114,0.00010016799,245,245,62,0.49489537,1.6200016,0.008174722,0.2101373,0
575,9.583333,0.32622385,33.44225,33.768475,-0.0026669463,33.768475,0.00010013757,242,242,62,0.50199044,1.6534038,0.008310315,0.20968387,0
576,9.6,0.33377743,33.431957,33.76573,-0.002741106,33.76573,0.00010019474,240,240,62,0.5068086,1.6638416,0.008409418,0.20930503,0
577,9.616667,0.33921266,33.423737,33.76295,-0.0027827716,33.76295,0.00010014459,240,240,61,0.509218,1.6526626,0.008469314,0.20901038,0
578,9.633333,0.34234917,33.417786,33.760136,-0.002815396,33.760136,0.00010020077,239,239,56,0.5091833,1.6218281,0.008488607,0.20880495,0
579,9.65,0.34309185,33.414196,33.75729,-0.002845628,33.75729,0.00010014359,242,242,54,0.5067508,1.5744188,0.008467433,0.2086891,0
580,9.666667,0.34143648,33.413055,33.754494,-0.0027977044,33.754494,0.000100146644,241,241,54,0.5020514,1.5140423,0.00840728,0.20866142,0
581,9.683333,0.3374093,33.41431,33.75172,-0.0027722875,33.75172,0.00010024251,246,246,54,0.49523455,1.4453536,0.008310613,0.2087153,0
582,9.7,0.33112085,33.41793,33.749054,-0.0026664222,33.749054,0.0001007364,243,243,57,0.48654833,1.3701578,0.008180499,0.20884286,0
583,9.716666,0.32277554,33.423336,33.74611,-0.0029434888,33.74611,0.00010023786,240,240,57,0.47643563,1.2764263,0.008023312,0.20902574,0
584,9.733334,0.31267774,33.430256,33.742935,-0.0031742963,33.742935,0.0001002574,242,242,57,0.46513072,1.1739864,0.007843424,0.20925027,0
585,9.75,0.30110627,33.438515,33.73962,-0.0033164045,33.73962,0.00010025649,240,239,56,0.45304307,1.0737853,0.007647789,0.20950808,0
586,9.766666,0.28833953,33.447826,33.736168,-0.003451974,33.736168,0.00010025899,241,241,55,0.44072875,1.0083967,0.00744576,0.2097939,0
587,9.783334,0.27451932,33.45831,33.73283,-0.003338806,33.73283,0.000100269805,239,239,55,0.42933062,0.967464,0.00725179,0.21011251,0
588,9.8,0.26016364,33.469566,33.72973,-0.0030998923,33.72973,0.00010021374,240,240,55,0.41633347,0.9285949,0.007043426,0.21044469,0
589,9.816667,0.24569055,33.481052,33.726746,-0.0029845177,33.726746,0.0001002389,241,241,55,0.4023041,0.8855363,0.0068161604,0.2107785,0
590,9.833333,0.23152064,33.492435,33.723957,-0.0027862699,33.723957,0.00010020367,237,237,55,0.38925156,0.84899426,0.0065910313,0.21110363,0
591,9.85,0.21802537,33.50335,33.721375,-0.002581446,33.721375,0.00010023141,239,239,55,0.37660873,0.8143177,0.006376331,0.21140674,0
592,9.866667,0.20557126,33.5134,33.718975,-0.0024023342,33.718975,0.000100204205,241,241,54,0.3647722,0.7825852,0.0061716055,0.2116777,0
593,9.883333,0.19427663,33.522377,33.716652,-0.0023203455,33.716652,0.000100261816,241,241,54,0.35437244,0.75812423,0.0059850356,0.21191023,0
594,9.9,0.18443011,33.52996,33.71439,-0.0022628002,33.71439,0.00010021583,238,238,53,0.3456273,0.7413491,0.0058273273,0.21210152,0
595,9.916667,0.17700462,33.535183,33.71219,-0.002202582,33.71219,0.000100199526,239,239,53,0.33878565,0.7286635,0.00569574,0.21223055,0
596,9.933333,0.17166847,33.538437,33.710106,-0.0020813723,33.710106,0.00010021297,238,238,53,0.33391348,0.72082764,0.0055982643,0.21229762,0
597,9.95,0.1687985,33.539387,33.708183,-0.0019223114,33.708183,0.000100550846,239,239,55,0.33464992,0.7390634,0.005548203,0.21230608,0
598,9.966666,0.16894616,33.53734,33.706287,-0.0018984409,33.706287,0.00010013423,240,240,63,0.34186092,0.81908035,0.0056357016,0.21226384,0
599,9.983334,0.17171042,33.532467,33.704178,-0.0021091842,33.704178,0.00010019652,241,241,63,0.34965834,0.8970484,0.0057616527,0.21218067,0
600,10,0.17655145,33.5253,33.70185,-0.0023277286,33.70185,0.000100129844,245,245,63,0.35747072,0.96704394,0.005892235,0.21206547,0
601,10.016666,0.18228763,33.516666,33.698956,-0.0028954453,33.698956,0.00010029298,244,244,62,0.36430958,1.0193837,0.0060197692,0.2119282,0
602,10.033334,0.18894777,33.50677,33.69572,-0.0032341967,33.69572,0.000100243116,235,235,60,0.36920014,1.0078864,0.006108512,0.21175534,0
603,10.05,0.19678308,33.4959,33.69268,-0.0030381102,33.69268,0.000100182355,234,234,59,0.37558597,1.012744,0.00620295,0.21154341,0
604,10.066667,0.20545888,33.484287,33.689743,-0.0029367793,33.689743,0.00010022019,231,231,58,0.38355052,1.021366,0.0063225925,0.21129256,0
605,10.083333,0.21492422,33.47211,33.687035,-0.0027110178,33.687035,0.00010022536,227,227,56,0.39248437,1.0355662,0.006466004,0.21100228,0
606,10.1,0.2250941,33.459507,33.6846,-0.002431095,33.6846,0.000100120626,227,227,56,0.40231386,1.0492266,0.00662147,0.2106651,0
607,10.116667,0.23552178,33.44691,33.682434,-0.0021689679,33.682434,0.000100105484,227,227,56,0.4129299,1.1047945,0.0067922245,0.21030109,0
608,10.133333,0.24575348,33.434437,33.68019,-0.0022425805,33.68019,0.00010016092,230,230,58,0.4240326,1.1854845,0.0069750585,0.20992598,0
609,10.15,0.25500363,33.422306,33.67731,-0.0028808166,33.67731,0.00010051067,228,228,58,0.43391228,1.258165,0.0071528396,0.20956352,0
610,10.166667,0.2633624,33.41067,33.674034,-0.003274598,33.674034,0.000100523255,232,232,59,0.44252896,1.3098476,0.0073044784,0.20923294,0
611,10.183333,0.27077577,33.399937,33.670715,-0.003321886,33.670715,0.000100562196,230,230,60,0.44986477,1.3497237,0.0074391975,0.20893827,0
612,10.2,0.27699545,33.390358,33.66735,-0.0033610982,33.66735,0.00010052314,233,233,60,0.4556391,1.3758823,0.0075485515,0.20869042,0
613,10.216666,0.28179654,33.38228,33.664074,-0.0032790608,33.664074,0.00010029728,235,235,60,0.45966515,1.3861933,0.007629957,0.2084974,0
614,10.233334,0.2850325,33.376186,33.661217,-0.0028559738,33.661217,0.00010036158,235,235,60,0.46184582,1.3813914,0.0076817824,0.20836738,0
615,10.25,0.28650177,33.37209,33.65859,-0.0026272722,33.65859,0.00010015612,238,238,60,0.4623833,1.3730211,0.007703897,0.20829937,0
616,10.266666,0.28603783,33.36983,33.65587,-0.0027223385,33.65587,0.000100471145,237,237,59,0.46006346,1.3274372,0.0076911403,0.20828915,0
617,10.283334,0.28351057,33.369175,33.652687,-0.0031824769,33.652687,0.00010049393,237,237,55,0.45577496,1.2725915,0.0076303827,0.2083347,0
618,10.3,0.27904782,33.370472,33.64952,-0.0031638024,33.64952,0.000100468606,237,237,55,0.4497827,1.2138644,0.007546419,0.20842084,0
619,10.316667,0.2728425,33.373787,33.64663,-0.00289218,33.64663,0.000100524296,242,242,56,0.44183406,1.1487304,0.007429342,0.2085532,0
620,10.333333,0.26499656,33.37896,33.643955,-0.0026750732,33.643955,0.00010050775,246,246,56,0.43244776,1.088394,0.0072823656,0.2087299,0
621,10.35,0.25571942,33.38562,33.64134,-0.002614459,33.64134,0.000100592566,240,240,54,0.4220253,1.0335691,0.0071165017,0.20894025,0
622,10.366667,0.2452837,33.393513,33.638794,-0.0025442676,33.638794,0.000100590936,241,241,55,0.41076142,0.9801096,0.006936357,0.20917402,0
623,10.383333,0.23398891,33.40234,33.636326,-0.0024679608,33.636326,0.00010061899,241,241,55,0.39902997,0.9342977,0.006743893,0.20942198,0
624,10.4,0.22214594,33.411922,33.634068,-0.0022582011,33.634068,0.00010028695,242,242,55,0.38716313,0.89564747,0.006546763,0.20967594,0
625,10.416667,0.21009834,33.422054,33.632153,-0.0019156848,33.632153,0.00010023388,244,244,55,0.37549454,0.86370987,0.0063506984,0.20992774,0
626,10.433333,0.19816504,33.432156,33.63032,-0.0018341296,33.63032,0.00010014415,245,245,56,0.36411527,0.8346632,0.006158145,0.21016534,0
627,10.45,0.18632452,33.441963,33.628284,-0.002033465,33.628284,0.00010019475,244,244,56,0.35335895,0.8077019,0.005973369,0.21038337,0
628,10.466666,0.17313182,33.45322,33.62635,-0.0019342472,33.62635,0.00010018651,243,243,56,0.3456595,0.80674773,0.005814004,0.21061139,0
629,10.483334,0.16214418,33.4624,33.624542,-0.001807855,33.624542,0.00010019947,241,241,56,0.33956683,0.8289926,0.005707041,0.21081337,0
630,10.5,0.15421304,33.468605,33.622818,-0.0017241855,33.622818,0.00010015015,238,238,56,0.33239087,0.83548874,0.005593021,0.21096423,0
631,10.516666,0.14787549,33.473274,33.62115,-0.0016699329,33.62115,0.00010013615,236,236,55,0.32686064,0.8514586,0.0054872166,0.2110702,0
632,10.533334,0.14329937,33.4762,33.6195,-0.0016506915,33.6195,0.00010017235,237,237,55,0.32312092,0.87309813,0.0054100747,0.21112688,0
633,10.55,0.13986011,33.477898,33.61776,-0.0017403144,33.61776,0.000100112,242,242,56,0.3209483,0.9350865,0.005361213,0.21114281,0
634,10.566667,0.13848248,33.477474,33.61596,-0.0018004111,33.61596,0.00010014201,241,241,56,0.32053214,0.99058914,0.005339969,0.21111013,0
635,10.583333,0.13967787,33.47448,33.614155,-0.0018023594,33.614155,0.000100135854,245,245,56,0.32191783,1.0163493,0.005348468,0.21102661,0
636,10.6,0.14311329,33.469265,33.612377,-0.0017793401,33.612377,0.00010010413,247,247,56,0.32514352,1.0183004,0.0053869747,0.21089444,0
637,10.616667,0.14814804,33.462383,33.61053,-0.001847195,33.61053,0.00010033382,247,247,57,0.3302464,1.0031385,0.0054569896,0.21071267,0
638,10.633333,0.15458806,33.454033,33.60862,-0.0019089931,33.60862,0.000100310885,247,247,57,0.3371196,0.98537296,0.0055573997,0.21048269,0
639,10.65,0.16182145,33.444702,33.606525,-0.0020968288,33.606525,0.00010010805,248,248,58,0.3451546,0.96041137,0.005683841,0.21021068,0
640,10.666667,0.17008078,33.434612,33.604694,-0.0018292094,33.604694,0.00010026374,247,247,58,0.35300034,0.9593767,0.005818114,0.20989974,0
641,10.683333,0.17895707,33.42389,33.602844,-0.0018484773,33.602844,0.000100233425,247,247,58,0.36126593,0.94377697,0.0059498525,0.20955636,0
642,10.7,0.18800545,33.412796,33.6008,-0.0020464966,33.6008,0.00010017965,246,246,58,0.36999038,0.9918751,0.006093594,0.20920281,0
643,10.716666,0.19700351,33.401684,33.59869,-0.0021112708,33.59869,0.00010024565,246,246,58,0.37868938,1.0332602,0.006239857,0.20884931,0
644,10.733334,0.20554428,33.390938,33.59648,-0.0022071176,33.59648,0.00010025502,246,246,58,0.38676035,1.0742539,0.0063797394,0.20850663,0
645,10.75,0.21348172,33.380863,33.594345,-0.0021359574,33.594345,0.00010017408,245,245,58,0.39406195,1.1185237,0.006508136,0.20818247,0
646,10.766666,0.22050613,33.37174,33.592247,-0.0020998279,33.592247,0.000100099554,245,245,58,0.40030333,1.1530391,0.0066210493,0.207885,0
647,10.783334,0.22633675,33.363644,33.58998,-0.0022638498,33.58998,0.00010019542,247,247,59,0.40522882,1.2021079,0.006713355,0.20761643,0
648,10.8,0.23084249,33.356953,33.587795,-0.0021845298,33.587795,0.00010024607,247,247,59,0.40912175,1.2103044,0.0067875707,0.20738515,0
649,10.816667,0.23383336,33.351685,33.585518,-0.0022787487,33.585518,0.000100244266,247,247,59,0.41163617,1.2150358,0.006840864,0.20719469,0
650,10.833333,0.2352084,33.348007,33.583214,-0.0023045181,33.583214,0.000100156896,248,248,59,0.41272452,1.2158952,0.0068707285,0.20704985,0
651,10.85,0.23491803,33.345974,33.58089,-0.0023228475,33.58089,0.000100210724,247,247,58,0.41235316,1.2116086,0.0068763974,0.20695312,0
652,10.866667,0.23296024,33.345554,33.578514,-0.0023759196,33.578514,0.00010017781,252,252,58,0.4104981,1.2043948,0.006857625,0.20690489,0
653,10.883333,0.22938743,33.346725,33.57611,-0.0024031913,33.57611,0.000100272024,243,243,56,0.40720314,1.1912848,0.006814288,0.20690493,0
654,10.9,0.22430708,33.349407,33.573715,-0.002396178,33.573715,0.000100246216,243,243,56,0.4025399,1.1691544,0.0067475797,0.20695207,0
655,10.916667,0.2179067,33.35325,33.571156,-0.0025592218,33.571156,0.00010016945,243,243,57,0.39669147,1.1298397,0.006659478,0.20703948,0
656,10.933333,0.21039928,33.35805,33.56845,-0.0027063005,33.56845,0.000100279016,242,242,57,0.3897103,1.0830929,0.006552255,0.20716399,0
657,10.95,0.20199822,33.36365,33.56565,-0.0028002567,33.56565,0.00010025502,248,248,58,0.3817209,1.0371963,0.0064270548,0.2073209,0
658,10.966666,0.19286098,33.36984,33.5627,-0.0029515622,33.5627,0.00010021092,249,249,58,0.37284267,1.0026301,0.0062859934,0.20750463,0
659,10.983334,0.18327014,33.37643,33.5597,-0.00299932,33.5597,0.000100263125,251,251,58,0.36332148,0.9716028,0.0061322064,0.20770939,0
660,11,0.17348444,33.38323,33.556713,-0.0029846993,33.556713,0.00010019547,250,250,58,0.3533191,0.94465154,0.0059690783,0.20792896,0
661,11.016666,0.16376682,33.390087,33.553852,-0.002861104,33.553852,0.000100314726,253,253,59,0.34304196,0.9212993,0.005799603,0.20815648,0
662,11.033334,0.1539441,33.39709,33.551033,-0.0028195484,33.551033,0.00010025515,246,246,58,0.33278498,0.89738303,0.0056278044,0.20838895,0
663,11.05,0.14461435,33.403625,33.54824,-0.002792932,33.54824,0.00010031625,244,244,63,0.32281026,0.876961,0.005458924,0.20861614,0
664,11.066667,0.1361197,33.409367,33.545483,-0.002756199,33.545483,0.00010026392,241,241,62,0.31080362,0.81843966,0.005287299,0.20883098,0
665,11.083333,0.12869139,33.414085,33.542774,-0.0027089878,33.542774,0.00010020444,241,241,62,0.29599047,0.7009072,0.0050495733,0.20902172,0
666,11.1,0.12257631,33.417576,33.540154,-0.0026220605,33.540154,0.00010024205,242,242,61,0.28389758,0.6255146,0.004818583,0.20917511,0
667,11.116667,0.117975995,33.41977,33.537746,-0.0024075722,33.537746,0.00010015943,242,242,61,0.2765577,0.5939698,0.004662798,0.20928197,0
668,11.133333,0.11536901,33.42055,33.53592,-0.0018249267,33.53592,0.00010016459,244,244,63,0.27204397,0.5748298,0.0045681605,0.20933138,0
669,11.15,0.11437209,33.420143,33.534515,-0.0014072347,33.534515,0.00010017745,243,243,63,0.27128324,0.5768197,0.0045158123,0.20932595,0
670,11.166667,0.114768535,33.41833,33.5331,-0.0014130743,33.5331,0.00010018021,243,243,63,0.27320832,0.5915556,0.004533151,0.20927759,0
671,11.183333,0.11656302,33.415142,33.531704,-0.00139495,33.531704,0.00010016835,243,243,63,0.27730718,0.61601835,0.0045821783,0.20918845,0
672,11.2,0.11974716,33.410328,33.530075,-0.001629608,33.530075,0.00010016087,243,243,63,0.28352958,0.64745194,0.00467049,0.20905896,0
673,11.216666,0.1240487,33.404293,33.52834,-0.0017351859,33.52834,0.00010013369,242,242,62,0.292554,0.7272573,0.0047949427,0.20890523,0
674,11.233334,0.12929243,33.39733,33.526627,-0.0017157164,33.526627,0.00010020651,244,244,63,0.3019197,0.7925841,0.00495598,0.20873217,0
675,11.25,0.1352746,33.389618,33.52489,-0.0017342182,33.52489,0.00010020768,245,245,63,0.31033885,0.8324761,0.005105216,0.20854619,0
676,11.266666,0.14173041,33.381374,33.523106,-0.0017844556,33.523106,0.00010020767,245,245,63,0.31831196,0.86574227,0.005237318,0.20834681,0
677,11.283334,0.14846823,33.37285,33.521317,-0.0017884161,33.521317,0.000100224875,245,245,63,0.32651162,0.8999702,0.005373729,0.2081401,0
678,11.3,0.15520643,33.36428,33.519485,-0.0018327475,33.519485,0.000100430894,244,244,62,0.3340664,0.9171101,0.0055070086,0.20793574,0
679,11.316667,0.1616869,33.3558,33.517487,-0.0019986937,33.517487,0.00010051198,243,243,64,0.34129852,0.9368427,0.005625779,0.20771497,0
680,11.333333,0.16754045,33.34761,33.515152,-0.0023345198,33.515152,0.00010049786,244,244,63,0.34874433,0.9631982,0.005752381,0.20749763,0
681,11.35,0.17289384,33.339912,33.512806,-0.00234438,33.512806,0.000100525955,243,243,63,0.35521737,0.989419,0.0058675236,0.20730384,0
682,11.366667,0.17769969,33.332783,33.510483,-0.002325843,33.510483,0.00010051841,243,243,63,0.3607123,1.0235422,0.0059675225,0.20712607,0
683,11.383333,0.18174729,33.3264,33.50815,-0.0023324296,33.50815,0.000100511665,240,240,62,0.3650305,1.0504977,0.0060489886,0.20697609,0
684,11.4,0.18487282,33.32121,33.506084,-0.0020664409,33.506084,0.000100313766,240,240,62,0.36819664,1.0735711,0.006111115,0.20686279,0
685,11.416667,0.18698725,33.317184,33.504173,-0.001909454,33.504173,0.000100148194,243,243,62,0.3700557,1.0875937,0.0061527654,0.20678574,0
686,11.433333,0.18795006,33.31438,33.50233,-0.0018443957,33.50233,0.00010021791,247,247,62,0.37068543,1.0959446,0.0061730836,0.20674382,0
687,11.45,0.18766831,33.31257,33.500237,-0.002091939,33.500237,0.00010058405,246,246,62,0.3695729,1.0778503,0.0061708735,0.20673098,0
688,11.466666,0.18609394,33.311924,33.498016,-0.0022201044,33.498016,0.00010054943,241,241,60,0.36661756,1.0392147,0.0061344183,0.20675187,0
689,11.483334,0.18325153,33.312553,33.495804,-0.002212971,33.495804,0.000100493795,244,244,60,0.36253256,0.9989739,0.0060751345,0.20680512,0
690,11.5,0.17923877,33.314438,33.49368,-0.0021262644,33.49368,0.00010056443,244,244,60,0.35722852,0.9483014,0.005996957,0.20688608,0
691,11.516666,0.17416799,33.317547,33.491714,-0.0019628108,33.491714,0.00010055284,244,244,57,0.35092878,0.8982419,0.0058990093,0.20699063,0
692,11.533334,0.16815698,33.32168,33.489834,-0.0018813919,33.489834,0.00010042989,247,243,57,0.34398594,0.8522035,0.0057889437,0.20711125,0
693,11.55,0.16138603,33.326797,33.488182,-0.0016512941,33.488182,0.00010023627,246,246,57,0.33648854,0.81857985,0.0056686145,0.20724563,0
694,11.566667,0.15404338,33.332542,33.486584,-0.0015970384,33.486584,0.00010027613,246,246,57,0.32839942,0.7859428,0.0055370596,0.20738706,0
695,11.583333,0.14632162,33.33872,33.48504,-0.00154704,33.48504,0.00010014898,250,250,57,0.32031807,0.767311,0.0054037003,0.20753428,0
696,11.6,0.13842632,33.345116,33.483543,-0.0014946518,33.483543,0.00010028596,251,251,57,0.31171915,0.7480619,0.005264135,0.20768334,0
697,11.616667,0.13057686,33.35152,33.482098,-0.0014471413,33.482098,0.00010023679,248,248,56,0.30286244,0.7293916,0.0051177107,0.20782933,0
698,11.633333,0.12299555,33.357697,33.48069,-0.001406104,33.48069,0.00010019565,246,246,56,0.2942971,0.7179198,0.0049720807,0.20796682,0
699,11.65,0.115898564,33.363426,33.47933,-0.0013638465,33.47933,0.00010016072,246,246,56,0.286252,0.7132373,0.004833344,0.20809124,0
700,11.666667,0.10948543,33.368507,33.477993,-0.0013345343,33.477993,0.000100155834,240,240,54,0.27893624,0.7136133,0.004705096,0.2081976,0
701,11.683333,0.10392779,33.372765,33.476692,-0.0013010143,33.476692,0.00010018801,239,239,54,0.2725431,0.7174296,0.004590664,0.20828201,0
702,11.7,0.09936396,33.37604,33.475407,-0.0012859481,33.475407,0.00010027839,244,244,56,0.2672461,0.7224536,0.0044931625,0.20834102,0
703,11.716666,0.095814936,33.37825,33.474064,-0.0013393257,33.474064,0.00010016754,248,248,59,0.2630191,0.7508524,0.004414531,0.20837238,0
704,11.733334,0.09346017,33.379333,33.472794,-0.0012736064,33.472794,0.00010022679,245,245,58,0.2599896,0.76649594,0.004353605,0.20837449,0
705,11.75,0.0922499,33.37929,33.47154,-0.0012525015,33.47154,0.00010013545,245,245,58,0.25824484,0.7619552,0.0043140026,0.20834814,0
706,11.766666,0.09216442,33.378105,33.47027,-0.0012710451,33.47027,0.00010019613,246,246,58,0.257804,0.7552959,0.0042960616,0.20829248,0
707,11.783334,0.09308676,33.37577,33.468857,-0.0014123828,33.468857,0.000100213394,248,248,58,0.25862598,0.7533706,0.0042996313,0.20820843,0
708,11.8,0.09527761,33.372215,33.46749,-0.0013648501,33.46749,0.00010025532,251,251,58,0.26092362,0.7481323,0.0043255445,0.20809647,0
709,11.816667,0.09840979,33.367702,33.46611,-0.0013806439,33.46611,0.00010026783,253,253,59,0.26451674,0.7366554,0.0043753237,0.20795566,0
710,11.833333,0.10234889,33.362373,33.46472,-0.0013872175,33.46472,0.000100190926,253,253,59,0.26920083,0.72313154,0.004444923,0.20778789,0
711,11.85,0.10696507,33.35637,33.463333,-0.001390272,33.463333,0.00010014399,253,253,59,0.27477962,0.71063596,0.0045311125,0.20759623,0
712,11.866667,0.11209558,33.349827,33.46192,-0.0014113048,33.46192,0.00010015898,253,253,59,0.28087088,0.6982167,0.004629456,0.20738487,0
713,11.883333,0.11754903,33.342915,33.460464,-0.0014564358,33.460464,0.00010020071,251,251,59,0.28747034,0.69943154,0.0047351075,0.20716165,0
714,11.9,0.12310184,33.33585,33.458954,-0.0015130384,33.458954,0.000100210535,251,251,59,0.29406914,0.71483594,0.0048471233,0.20693721,0
715,11.916667,0.1285082,33.328854,33.457363,-0.0015898215,33.457363,0.00010016609,247,247,58,0.3013766,0.76278,0.0049624103,0.20671675,0
716,11.933333,0.13369885,33.322178,33.455875,-0.0014873106,33.455875,0.00010014758,250,250,59,0.30727065,0.77990305,0.0050732614,0.20650618,0
717,11.95,0.13843574,33.315907,33.45434,-0.0015319277,33.45434,0.00010020149,250,250,59,0.3125105,0.79747593,0.005165476,0.2063102,0
718,11.966666,0.14255041,33.310196,33.452747,-0.0015971877,33.452747,0.00010017222,250,250,59,0.3169624,0.8192397,0.0052465233,0.20613195,0
719,11.983334,0.14583208,33.305187,33.45102,-0.0017284304,33.45102,0.000100262216,251,251,59,0.32061803,0.87294567,0.0053137015,0.20597264,0
720,12,0.14831005,33.300995,33.449306,-0.001711486,33.449306,0.00010021381,251,251,59,0.32372105,0.8923306,0.0053697336,0.20583133,0
721,12.016666,0.1498577,33.297737,33.447594,-0.0017114531,33.447594,0.000100184334,251,251,59,0.32590216,0.9027167,0.0054137465,0.20571321,0
722,12.033334,0.1504028,33.295414,33.44582,-0.0017763112,33.44582,0.00010028834,255,255,60,0.32702613,0.9151928,0.0054417164,0.2056204,0
723,12.05,0.14993772,33.2941,33.44404,-0.0017796668,33.44404,0.00010018795,252,252,59,0.32718632,0.91792744,0.00545252,0.20555577,0
724,12.066667,0.14846285,33.29377,33.442234,-0.0018065461,33.442234,0.00010033215,255,255,59,0.3262736,0.92009044,0.0054460336,0.20552056,0
725,12.083333,0.14601439,33.294357,33.440372,-0.0018607492,33.440372,0.000100268684,247,247,56,0.32428616,0.92106587,0.0054217726,0.2055142,0
726,12.1,0.14266978,33.295822,33.43849,-0.0018784048,33.43849,0.000100192556,247,247,56,0.3212908,0.9149402,0.0053799036,0.20553635,0
727,12.116667,0.1385223,33.298073,33.436596,-0.0018972189,33.436596,0.000100355166,246,246,55,0.31729475,0.90601486,0.0053211786,0.20558569,0
728,12.133333,0.13369195,33.300976,33.434666,-0.0019288725,33.434666,0.000100228885,245,245,55,0.31236097,0.89286286,0.0052464586,0.20565996,0
729,12.15,0.12829039,33.304382,33.432674,-0.0019933258,33.432674,0.00010020347,242,242,54,0.3065318,0.8809712,0.005156618,0.20575601,0
730,12.166667,0.122503676,33.308235,33.430737,-0.0019362443,33.430737,0.00010020765,241,241,61,0.2999638,0.86370474,0.005053037,0.2058714,0
731,12.183333,0.11646226,33.31234,33.428802,-0.0019362448,33.428802,0.00010026014,241,241,61,0.29275355,0.8461163,0.0049377773,0.20600146,0
732,12.2,0.110376805,33.316563,33.426937,-0.0018627422,33.426937,0.000100190424,241,241,61,0.2851148,0.82136,0.004813348,0.20614202,0
733,12.216666,0.10431671,33.32073,33.425045,-0.0018930775,33.425045,0.00010023395,244,244,62,0.2771232,0.8026891,0.004682373,0.20628758,0
734,12.233334,0.098533,33.32474,33.423275,-0.001769485,33.423275,0.000100189936,244,244,62,0.26908454,0.7776583,0.0045484444,0.20643425,0
735,12.25,0.09311491,33.328407,33.421524,-0.0017533285,33.421524,0.00010025545,246,246,63,0.26115552,0.756537,0.004415279,0.20657633,0
736,12.266666,0.08823522,33.331608,33.41984,-0.0016802774,33.41984,0.00010023466,246,246,63,0.2536426,0.730196,0.0042864154,0.20670931,0
737,12.283334,0.08407571,33.334267,33.418343,-0.0015012536,33.418343,0.000100220655,250,250,64,0.24681783,0.6979703,0.004166337,0.20682979,0
738,12.3,0.080576435,33.336338,33.416916,-0.0014257452,33.416916,0.00010020306,249,249,64,0.23655951,0.59492564,0.004032079,0.20693535,0
739,12.316667,0.07821071,33.337433,33.41564,-0.0012717682,33.41564,0.00010017108,243,243,62,0.23003331,0.56011486,0.0038793597,0.20701712,0
740,12.333333,0.07651065,33.337666,33.414177,-0.0014657989,33.414177,0.000101560494,242,242,62,0.2265905,0.54129964,0.0037938275,0.20708252,0
741,12.35,0.07546015,33.337322,33.412785,-0.0013948162,33.412785,0.00010018552,240,240,61,0.22673559,0.550849,0.0037791843,0.207133,0
742,12.366667,0.07513527,33.336277,33.411415,-0.0013691344,33.411415,0.000100178164,235,235,59,0.22606012,0.55766773,0.0037700918,0.20716132,0
743,12.383333,0.07552375,33.33454,33.410065,-0.0013503785,33.410065,0.00010022162,236,236,59,0.22544332,0.534482,0.0037573446,0.20716053,0
744,12.4,0.07666843,33.332184,33.40885,-0.0012126564,33.40885,0.0001002245,235,235,59,0.22684053,0.52862394,0.0037641875,0.20712946,0
745,12.416667,0.078548886,33.32917,33.407722,-0.0011299185,33.407722,0.000100169615,235,235,59,0.2301811,0.53867704,0.0038045056,0.20706546,0
746,12.433333,0.08108094,33.325558,33.40664,-0.0010823328,33.40664,0.00010018728,234,234,59,0.23487416,0.5591703,0.0038735908,0.20697138,0
747,12.45,0.084108755,33.321426,33.405533,-0.0011049558,33.405533,0.000100251564,234,234,59,0.24050762,0.59509623,0.0039599338,0.2068575,0
748,12.466666,0.087523915,33.316895,33.40442,-0.0011137907,33.40442,0.00010023155,232,232,59,0.24684392,0.6303425,0.004060562,0.20672967,0
749,12.483334,0.09119351,33.312084,33.40328,-0.0011419919,33.40328,0.00010029179,236,235,60,0.25349396,0.6684006,0.0041693435,0.20659208,0
750,12.5,0.094988205,33.30712,33.40211,-0.001167025,33.40211,0.00010024019,235,235,59,0.26017606,0.70627725,0.004280914,0.20644903,0
751,12.516666,0.09877826,33.302124,33.400906,-0.0012067395,33.400906,0.00010023622,234,234,59,0.2666342,0.7414285,0.004390775,0.2063048,0
752,12.533334,0.10242294,33.297234,33.399654,-0.0012482136,33.399654,0.0001002265,234,234,59,0.27265537,0.7739527,0.004495106,0.20616387,0
753,12.55,0.10580744,33.292618,33.398422,-0.0012317362,33.398422,0.00010032577,233,233,59,0.27810353,0.8005385,0.0045905956,0.20603327,0
754,12.566667,0.1088123,33.288277,33.397087,-0.0013355548,33.397087,0.000100305806,234,234,58,0.2827759,0.821708,0.004675089,0.20590988,0
755,12.583333,0.11134393,33.284367,33.39571,-0.0013791968,33.39571,0.00010023794,232,232,57,0.2865655,0.83457863,0.004745571,0.20580079,0
756,12.6,0.11332232,33.280983,33.394306,-0.0014042316,33.394306,0.00010023385,237,237,59,0.2893751,0.83979666,0.004800438,0.205709,0
757,12.616667,0.11467888,33.2782,33.39288,-0.0014263843,33.39288,0.00010026771,237,237,59,0.2911596,0.8377533,0.0048386096,0.20563626,0
758,12.633333,0.11536915,33.27606,33.391426,-0.0014509333,33.391426,0.000100252706,238,238,60,0.29187804,0.829982,0.0048592356,0.20558397,0
759,12.65,0.115361385,33.274605,33.389965,-0.0014619912,33.389965,0.00010025419,238,238,60,0.2915137,0.8177002,0.0048619946,0.20555282,0
760,12.666667,0.114641935,33.27386,33.3885,-0.0014646122,33.3885,0.00010023139,241,241,61,0.29007053,0.80112344,0.0048466385,0.20554292,0
761,12.683333,0.11321398,33.273823,33.387035,-0.0014661879,33.387035,0.00010027485,238,238,60,0.28756607,0.7827489,0.0048134984,0.20555371,0
762,12.7,0.111106075,33.27447,33.38558,-0.0014585151,33.38558,0.000100233214,235,235,59,0.28403166,0.76137984,0.0047628195,0.20558387,0
763,12.716666,0.10837068,33.27576,33.38413,-0.001446253,33.38413,0.00010020398,239,239,61,0.27952555,0.7370055,0.004695589,0.20563129,0
764,12.733334,0.1050808,33.277634,33.382717,-0.0014141925,33.382717,0.00010019811,241,241,62,0.27422473,0.7118977,0.004613233,0.2056933,0
765,12.75,0.10132813,33.28,33.381325,-0.0013903496,33.381325,0.0001001705,240,240,62,0.2683165,0.6886055,0.00451954,0.20576616,0
766,12.766666,0.09722,33.282753,33.37997,-0.0013541115,33.37997,0.000100235746,240,240,62,0.2620674,0.6709133,0.004417641,0.20584616,0
767,12.783334,0.092779644,33.285812,33.37859,-0.0013800985,33.37859,0.000100278034,242,242,62,0.25487512,0.682913,0.0043080617,0.20593135,0
768,12.8,0.0883221,33.288998,33.37732,-0.0012719271,33.37732,0.000100182144,242,242,62,0.24743366,0.6647608,0.0041825855,0.20601967,0
769,12.816667,0.0838796,33.292255,33.376137,-0.0011839068,33.376137,0.000100187346,238,238,61,0.24014542,0.6301447,0.004060208,0.20610538,0
770,12.833333,0.079527214,33.29546,33.37499,-0.0011484823,33.37499,0.000100170524,243,243,63,0.23302886,0.59928524,0.003939776,0.20618366,0
771,12.85,0.07538432,33.298496,33.37388,-0.0011074117,33.37388,0.00010016211,246,246,65,0.22623053,0.57094073,0.0038234824,0.20625119,0
772,12.866667,0.0715606,33.301258,33.37282,-0.0010597324,33.37282,0.00010012148,241,241,63,0.21996807,0.54801136,0.003714471,0.20630553,0
773,12.883333,0.06814872,33.303646,33.371796,-0.0010262867,33.371796,0.00010013998,242,242,63,0.21439914,0.52977437,0.0036157279,0.20634465,0
774,12.9,0.065231316,33.305557,33.37079,-0.0010033016,33.37079,0.000100150064,243,243,63,0.20969824,0.5157212,0.0035299857,0.20636716,0
775,12.916667,0.06287367,33.306942,33.369816,-0.0009732465,33.369816,0.00010013582,243,243,63,0.20597227,0.5082022,0.0034597972,0.20637257,0
776,12.933333,0.06111696,33.30774,33.36886,-0.0009595112,33.36886,0.000100199264,244,244,64,0.2033355,0.50483143,0.00340689,0.20636043,0
777,12.95,0.059989113,33.307907,33.367897,-0.0009597656,33.367897,0.00010008623,244,244,64,0.20184697,0.50550187,0.0033727468,0.20633043,0
778,12.966666,0.059495024,33.307426,33.36692,-0.0009765596,33.36692,0.000100164936,245,245,64,0.2015071,0.5104661,0.0033577774,0.20628272,0
779,12.983334,0.059619427,33.306316,33.365936,-0.0009866792,33.365936,0.000100165606,245,245,64,0.20228317,0.5176629,0.00336171,0.20621783,0
780,13,0.06033258,33.304604,33.364933,-0.0010002729,33.364933,0.00010012117,247,247,64,0.20410235,0.52704334,0.0033836905,0.20613667,0
781,13.016666,0.061597202,33.30231,33.363907,-0.0010260408,33.363907,0.00010012749,247,247,64,0.20694813,0.53559166,0.0034228615,0.20604014,0
782,13.033334,0.063365534,33.299503,33.362865,-0.0010412143,33.362865,0.0001001183,247,247,64,0.21075556,0.54532003,0.003478714,0.20592959,0
783,13.05,0.06557513,33.29623,33.361805,-0.0010609706,33.361805,0.00010013827,246,246,64,0.21539259,0.5563396,0.003549617,0.20580651,0
784,13.066667,0.06814813,33.29258,33.360725,-0.0010801238,33.360725,0.000100106015,246,246,64,0.22068693,0.5693675,0.0036328447,0.2056731,0
785,13.083333,0.070987076,33.288643,33.35963,-0.0010963129,33.35963,0.00010014402,247,247,65,0.22640574,0.583981,0.0037251562,0.20553225,0
786,13.1,0.07398712,33.284534,33.358524,-0.0011071194,33.358524,0.00010017522,247,247,65,0.23227367,0.5997124,0.0038223073,0.20538732,0
787,13.116667,0.07703206,33.28037,33.3574,-0.0011227425,33.3574,0.00010010109,247,247,65,0.23789833,0.6136674,0.003918872,0.2052424,0
788,13.133333,0.08000094,33.276253,33.356255,-0.0011467674,33.356255,0.00010013465,241,241,63,0.2428691,0.62978166,0.0040079756,0.20510377,0
789,13.15,0.082556136,33.27228,33.35484,-0.0014143122,33.35484,0.00010024029,240,240,63,0.24715768,0.6744421,0.0040853415,0.2049758,0
790,13.166667,0.08500512,33.268566,33.353573,-0.0012664843,33.353573,0.00010014365,240,240,63,0.24979855,0.70544606,0.0041433116,0.2048615,0
791,13.183333,0.08710413,33.26523,33.352333,-0.0012407247,33.352333,0.00010013605,239,239,63,0.2513263,0.70040065,0.004176797,0.20476727,0
792,13.2,0.088741764,33.262302,33.351048,-0.0012857922,33.351048,0.000100215395,239,239,63,0.25208646,0.6897009,0.004195497,0.20469223,0
793,13.216666,0.08985429,33.2599,33.349754,-0.0012911876,33.349754,0.00010014095,239,239,63,0.25214556,0.67788905,0.004202162,0.20463647,0
794,13.233334,0.09035476,33.258022,33.348377,-0.0013762155,33.348377,0.00010027098,239,239,63,0.25151908,0.696073,0.0041969875,0.20459785,0
795,13.25,0.090314,33.256783,33.347095,-0.0012820234,33.347095,0.0001001592,239,239,63,0.25056314,0.6851167,0.00418373,0.2045751,0
796,13.266666,0.089687996,33.25611,33.3458,-0.0012965061,33.3458,0.00010023222,240,240,63,0.24889784,0.66407645,0.0041620545,0.20456788,0
797,13.283334,0.08848714,33.256035,33.34452,-0.001279662,33.34452,0.00010025494,242,242,63,0.24656808,0.6412758,0.0041285064,0.2045758,0
798,13.3,0.086741254,33.256527,33.34327,-0.0012517779,33.34327,0.00010016887,248,248,63,0.24355721,0.6264505,0.0040838844,0.20459753,0
799,13.316667,0.08449855,33.257545,33.34204,-0.0012262217,33.34204,0.00010018781,247,247,64,0.24001077,0.60934705,0.004029122,0.20463198,0
800,13.333333,0.081818014,33.25903,33.340847,-0.0011957134,33.340847,0.000100195626,242,242,62,0.23601533,0.5903451,0.0039657103,0.20467813,0
801,13.35,0.078768365,33.260918,33.339687,-0.0011603226,33.339687,0.00010018777,241,241,62,0.23160836,0.5781088,0.0038952588,0.20473437,0
802,13.366667,0.075434685,33.26312,33.338554,-0.0011336284,33.338554,0.00010020137,241,241,62,0.22689432,0.5695008,0.00381901,0.20479876,0
803,13.383333,0.07190535,33.26552,33.337425,-0.001127941,33.337425,0.000100162884,243,243,63,0.22194421,0.56591296,0.0037386036,0.20486921,0
804,13.4,0.06828702,33.26805,33.336338,-0.0010874278,33.336338,0.00010019027,240,240,62,0.21689036,0.5592286,0.0036552474,0.20494418,0
805,13.416667,0.06467575,33.270596,33.335274,-0.0010640826,33.335274,0.00010011991,241,241,62,0.21175714,0.55786043,0.0035701145,0.20502111,0
806,13.433333,0.061176293,33.27307,33.334248,-0.001025747,33.334248,0.00010016579,245,245,63,0.20670839,0.5526905,0.00348526,0.20509823,0
807,13.45,0.05787804,33.27536,33.33324,-0.0010080873,33.33324,0.0001002113,243,243,62,0.20180789,0.5471658,0.0034019267,0.20517313,0
808,13.466666,0.054865845,33.277374,33.33224,-0.0009983486,33.33224,0.00010018885,244,244,62,0.19713882,0.5437024,0.0033220712,0.20524387,0
809,13.483334,0.052120905,33.279083,33.331203,-0.0010360049,33.331203,0.00010019872,245,245,62,0.18700735,0.4222379,0.0032041399,0.20531106,0
810,13.5,0.049877718,33.280354,33.330235,-0.0009719999,33.330235,0.00010013844,246,246,62,0.18230401,0.4085447,0.0030748984,0.20537114,0
811,13.516666,0.048047114,33.281216,33.32926,-0.00097172975,33.32926,0.00010023697,246,246,62,0.17821623,0.3959454,0.0030012545,0.20542315,0
812,13.533334,0.04664632,33.28164,33.328285,-0.0009765127,33.328285,0.000100125704,246,246,62,0.17492178,0.38394815,0.0029392403,0.20546344,0
813,13.55,0.04570616,33.281624,33.32733,-0.00095329253,33.32733,0.00010018657,244,244,61,0.17267928,0.37356278,0.0028930467,0.20548896,0
814,13.566667,0.045256432,33.281147,33.326405,-0.00092787686,33.326405,0.00010027966,241,241,60,0.17173886,0.37152648,0.0028663657,0.20549722,0
815,13.583333,0.04531287,33.28022,33.325535,-0.0008696045,33.325535,0.000100183745,241,241,60,0.17218533,0.37476847,0.0028623107,0.20548676,0
816,13.6,0.04586569,33.278847,33.32471,-0.00082177715,33.32471,0.00010026251,241,241,60,0.17410463,0.38773954,0.0028819535,0.20545755,0
817,13.616667,0.046858534,33.277042,33.323902,-0.00081168703,33.323902,0.00010024764,241,241,60,0.1773968,0.40550613,0.0029274933,0.20541333,0
818,13.633333,0.04822407,33.274857,33.323082,-0.0008190573,33.323082,0.00010022287,241,241,60,0.18100828,0.42245013,0.0029868486,0.20535783,0
819,13.65,0.049888454,33.272343,33.32223,-0.00085088774,33.32223,0.000100224715,241,241,60,0.1845676,0.43571126,0.0030461627,0.20529327,0
820,13.666667,0.051795445,33.26958,33.321377,-0.0008543395,33.321377,0.00010021327,241,241,60,0.18836114,0.44827795,0.0031072474,0.20522214,0
821,13.683333,0.053870566,33.26664,33.32051,-0.0008656006,33.32051,0.000100216384,241,241,60,0.1921964,0.45736545,0.003171266,0.2051463,0
822,13.7,0.05602574,33.26359,33.31962,-0.0008912828,33.31962,0.00010027387,241,241,60,0.19598238,0.46715614,0.0032351757,0.20506789,0
823,13.716666,0.05818303,33.260525,33.31871,-0.0009102827,33.31871,0.0001001865,241,241,60,0.19967923,0.4754156,0.0032973713,0.2049889,0
824,13.733334,0.06026381,33.257515,33.31778,-0.00093126344,33.31778,0.00010023201,242,242,60,0.20327242,0.48781475,0.0033582211,0.20491146,0
825,13.75,0.062196918,33.254635,33.316833,-0.0009447688,33.316833,0.000100299745,239,239,60,0.20667955,0.5016625,0.003416646,0.20483734,0
826,13.766666,0.0639079,33.25195,33.315857,-0.00097436813,33.315857,0.00010024019,239,239,60,0.20977141,0.5177207,0.0034708937,0.20476831,0
827,13.783334,0.065341294,33.249523,33.314865,-0.0009934341,33.314865,0.00010025317,239,239,60,0.21243419,0.5327307,0.0035189104,0.20470622,0
828,13.8,0.0664423,33.24741,33.313854,-0.0010120923,33.313854,0.0001002495,241,241,61,0.21456653,0.5467286,0.0035588837,0.2046526,0
829,13.816667,0.06716885,33.245647,33.312817,-0.0010377509,33.312817,0.00010024533,244,244,63,0.21606536,0.55955786,0.0035892047,0.20460898,0
830,13.833333,0.06747965,33.244263,33.311745,-0.0010712806,33.311745,0.0001001999,243,243,63,0.2170836,0.5762977,0.0036110464,0.20457555,0
831,13.85,0.06737616,33.24329,33.310665,-0.0010775758,33.310665,0.00010021871,246,246,64,0.21720968,0.58883923,0.003619733,0.20455375,0
832,13.866667,0.06685246,33.242733,33.309586,-0.0010799943,33.309586,0.00010019791,247,247,65,0.21638072,0.5868088,0.0036136676,0.20454445,0
833,13.883333,0.065907605,33.242603,33.30851,-0.0010771883,33.30851,0.00010017324,244,244,64,0.21474352,0.5829144,0.0035929119,0.20454767,0
834,13.9,0.064561956,33.24286,33.30742,-0.0010891183,33.30742,0.00010020739,241,241,63,0.21226531,0.5737712,0.0035588138,0.20456226,0
835,13.916667,0.06285082,33.243504,33.306355,-0.0010654036,33.306355,0.00010020422,241,241,63,0.20876811,0.5618647,0.003508733,0.20458816,0
836,13.933333,0.06081287,33.24446,33.305275,-0.0010816499,33.305275,0.00010020104,242,242,63,0.20467722,0.5441537,0.0034449482,0.20462303,0
837,13.95,0.058505476,33.24571,33.304214,-0.001057822,33.304214,0.000100167876,241,241,63,0.20003536,0.5253097,0.0033709556,0.20466505,0
838,13.966666,0.05598866,33.24719,33.303177,-0.0010386402,33.303177,0.000100149155,244,244,64,0.19490272,0.4965816,0.003288793,0.20471159,0
839,13.983334,0.053344376,33.2488,33.302143,-0.0010331047,33.302143,0.00010024472,243,243,64,0.18978836,0.46616068,0.003203912,0.20475893,0
840,14,0.050633855,33.250465,33.3011,-0.0010431509,33.3011,0.00010016657,244,244,64,0.1844586,0.43984878,0.003117017,0.2048043,0
841,14.016666,0.04792042,33.252148,33.300068,-0.001031931,33.300068,0.00010010014,244,244,64,0.17882262,0.41411158,0.0030251085,0.20484602,0
842,14.033334,0.04528973,33.253788,33.299076,-0.0009919121,33.299076,0.000100149824,244,244,64,0.17340909,0.3920268,0.0029316188,0.2048824,0
843,14.05,0.042846054,33.255287,33.298134,-0.0009422255,33.298134,0.000100254925,244,244,64,0.16857167,0.37275755,0.0028468703,0.20491034,0
844,14.066667,0.040613536,33.256588,33.297203,-0.0009309097,33.297203,0.00010012084,244,244,64,0.16394256,0.3617649,0.0027690046,0.20493074,0
845,14.083333,0.038628727,33.257656,33.296288,-0.00091761583,33.296288,0.000100141544,244,244,64,0.15947856,0.34989282,0.002692513,0.20494488,0
846,14.1,0.03693554,33.25846,33.295395,-0.00088950736,33.295395,0.00010011797,241,241,63,0.1554315,0.33775112,0.0026212665,0.20495155,0
847,14.116667,0.035567075,33.258965,33.294533,-0.0008633851,33.294533,0.00010014356,241,241,63,0.15197983,0.3263944,0.0025585843,0.20494932,0
848,14.133333,0.03454641,33.25915,33.2937,-0.00083329616,33.2937,0.00010017871,241,241,63,0.14930889,0.3172911,0.002507265,0.20493723,0
849,14.15,0.03388959,33.25902,33.29291,-0.00078782573,33.29291,0.000100161844,245,245,65,0.14774957,0.3142762,0.0024718433,0.20491476,0
850,14.166667,0.033644848,33.258465,33.29211,-0.0008013681,33.29211,0.00010010949,245,245,65,0.15018483,0.34420106,0.0024815674,0.20488034,0
851,14.183333,0.033696666,33.257652,33.29135,-0.00076083647,33.29135,0.00010012134,246,246,65,0.15037078,0.36377355,0.0025021068,0.20483832,0
852,14.2,0.034090288,33.25653,33.290623,-0.0007272693,33.290623,0.000100106,246,246,65,0.15129149,0.36489585,0.0025117416,0.20478739,0
853,14.216666,0.034777325,33.255116,33.289894,-0.0007279594,33.289894,0.00010014808,246,246,65,0.15283117,0.36692977,0.0025325713,0.2047283,0
854,14.233334,0.035720244,33.253445,33.289165,-0.0007286087,33.289165,0.00010008471,247,247,65,0.15495537,0.36807504,0.0025632544,0.20466235,0
855,14.25,0.036875725,33.251556,33.288433,-0.0007340094,33.288433,0.00010012873,244,244,64,0.15765606,0.36990297,0.0026037896,0.20459048,0
856,14.266666,0.03819479,33.249496,33.28769,-0.00074133463,33.28769,0.000100106285,244,244,64,0.16084674,0.3748404,0.002652991,0.20451397,0
857,14.283334,0.03962047,33.24732,33.28694,-0.0007497656,33.28694,0.000100155834,243,243,64,0.16436931,0.38789135,0.0027098833,0.20443512,0
858,14.3,0.04109433,33.245075,33.28617,-0.0007714184,33.28617,0.00010017431,243,243,64,0.1678507,0.4004545,0.0027686115,0.20435613,0
859,14.316667,0.042557575,33.24282,33.28538,-0.0007890094,33.28538,0.000100132114,242,242,64,0.17117503,0.411795,0.0028254252,0.20427887,0
860,14.333333,0.043954108,33.24062,33.284576,-0.0008051834,33.284576,0.00010010129,242,242,64,0.17421071,0.42196167,0.002878721,0.204205,0
861,14.35,0.045230966,33.238514,33.283745,-0.00082926167,33.283745,0.000100116675,242,242,64,0.17677973,0.42950487,0.002925377,0.20413616,0
862,14.366667,0.046336997,33.236557,33.282894,-0.0008512908,33.282894,0.000100105906,242,242,64,0.17883311,0.43495926,0.0029641797,0.20407386,0
863,14.383333,0.047228042,33.234795,33.28202,-0.0008725879,33.28202,0.00010011704,245,245,65,0.18033698,0.4377535,0.0029937215,0.20401932,0
864,14.4,0.047868043,33.23326,33.28113,-0.0008918739,33.28113,0.000100182995,245,245,65,0.18127874,0.43846393,0.0030137827,0.20397352,0
865,14.416667,0.048228696,33.232002,33.28023,-0.00090039213,33.28023,0.00010013609,245,245,65,0.1815947,0.439647,0.0030240344,0.20393708,0
866,14.433333,0.048292503,33.231026,33.27932,-0.0009104492,33.27932,0.00010016398,244,244,65,0.18148784,0.44268748,0.0030257262,0.20391005,0
867,14.45,0.0480686,33.230328,33.278397,-0.0009221723,33.278397,0.000100149955,244,244,65,0.18117611,0.44193226,0.003020892,0.20389205,0
868,14.466666,0.04761682,33.22987,33.277485,-0.0009111433,33.277485,0.00010013285,245,245,65,0.18124646,0.43488097,0.0030199857,0.20388322,0
869,14.483334,0.046921622,33.22964,33.27656,-0.00092296785,33.27656,0.00010008963,246,246,65,0.1803998,0.4241227,0.0030150625,0.20388363,0
870,14.5,0.045960233,33.229664,33.275623,-0.0009377815,33.275623,0.000100153025,250,250,66,0.17906328,0.42562947,0.0029967462,0.20389463,0
871,14.516666,0.044524718,33.229946,33.27447,-0.0011528792,33.27447,0.0001001653,250,250,66,0.17679662,0.4485093,0.002966868,0.20391552,0
872,14.533334,0.04292673,33.23052,33.273445,-0.0010282322,33.273445,0.000100187324,251,251,66,0.17353697,0.48300296,0.0029169195,0.20393834,0
873,14.55,0.041243535,33.2313,33.272545,-0.0008984712,33.272545,0.00010013688,250,250,66,0.17018984,0.47664323,0.002863746,0.20396763,0
874,14.566667,0.039429516,33.232224,33.271652,-0.0008924692,33.271652,0.00010015173,249,249,65,0.16643108,0.46637332,0.0028044023,0.20400266,0
875,14.583333,0.0375316,33.23325,33.27078,-0.0008729524,33.27078,0.00010015467,249,249,65,0.16233817,0.45384282,0.002738722,0.20404229,0
876,14.6,0.035601284,33.234325,33.269928,-0.00085348124,33.269928,0.000100131605,247,247,64,0.15800665,0.43985084,0.002668204,0.2040848,0
877,14.616667,0.033688746,33.23541,33.269096,-0.0008305495,33.269096,0.000100131685,246,246,64,0.1535577,0.425271,0.002594832,0.20412879,0
878,14.633333,0.031796776,33.23648,33.268276,-0.0008184598,33.268276,0.000100160396,245,245,64,0.14468925,0.3371135,0.0024914942,0.20417428,0
879,14.65,0.030033983,33.23747,33.2675,-0.0007767347,33.2675,0.00010013581,244,244,64,0.13914534,0.30652612,0.0023595677,0.2042173,0
880,14.666667,0.028440868,33.238327,33.266766,-0.00073424214,33.266766,0.00010018209,248,248,65,0.13496166,0.28587055,0.0022817994,0.20425533,0
881,14.683333,0.027054796,33.239025,33.26608,-0.0006879662,33.26608,0.000100153346,248,248,65,0.13166475,0.27665576,0.0022187675,0.20428696,0
882,14.7,0.025894498,33.239536,33.26543,-0.0006482334,33.26543,0.00010009208,246,246,64,0.1286134,0.2687542,0.0021668477,0.20431185,0
883,14.716666,0.024980845,33.239822,33.264805,-0.00062553183,33.264805,0.00010013997,246,246,64,0.1262947,0.26367918,0.0021213475,0.2043293,0
884,14.733334,0.024319328,33.239887,33.264206,-0.0005983402,33.264206,0.000100115,245,245,64,0.124797456,0.26196137,0.0020900595,0.20434003,0
885,14.75,0.023912095,33.239704,33.26362,-0.0005894489,33.26362,0.00010015926,247,247,64,0.12409996,0.2633162,0.0020717678,0.2043436,0
886,14.766666,0.023758529,33.239277,33.263035,-0.0005831689,33.263035,0.000100200356,245,245,63,0.12428904,0.26858136,0.0020677338,0.2043397,0
887,14.783334,0.023844244,33.2386,33.262444,-0.0005887815,33.262444,0.00010014636,245,245,63,0.12529238,0.27747148,0.002078088,0.20432845,0
888,14.8,0.024150342,33.237694,33.261845,-0.0005994945,33.261845,0.00010018876,246,246,63,0.1269868,0.28897357,0.0021008775,0.20431049,0
889,14.816667,0.02465381,33.2366,33.261253,-0.00059165515,33.261253,0.0001001808,243,243,62,0.12919146,0.30147237,0.002134076,0.20428684,0
890,14.833333,0.02532146,33.235317,33.26064,-0.00061467505,33.26064,0.00010027677,243,243,62,0.13145137,0.31170693,0.002171992,0.20425828,0
891,14.85,0.026118081,33.233906,33.260025,-0.0006138869,33.260025,0.000100255274,243,243,62,0.13358037,0.3171923,0.0022083947,0.20422615,0
892,14.866667,0.027010182,33.23239,33.259403,-0.0006228149,33.259403,0.000100137695,240,240,61,0.13573319,0.3199768,0.0022439363,0.20419143,0
893,14.883333,0.027959628,33.230816,33.258774,-0.00062698376,33.258774,0.00010023892,240,240,61,0.13798468,0.324408,0.002280868,0.20415516,0
894,14.9,0.028925428,33.229214,33.25814,-0.00063590176,33.25814,0.0001001572,239,239,60,0.14024206,0.32898512,0.0023186188,0.20411815,0
895,14.916667,0.029866727,33.227627,33.257492,-0.00064677023,33.257492,0.00010013772,238,238,60,0.14239576,0.3337809,0.0023555644,0.2040814,0
896,14.933333,0.030744666,33.226086,33.256832,-0.00066208205,33.256832,0.000100225916,238,238,60,0.1443899,0.3383779,0.0023902918,0.2040455,0
897,14.95,0.031523775,33.224632,33.256157,-0.00067445985,33.256157,0.0001001633,238,238,60,0.14602534,0.3395295,0.0024203819,0.20401166,0
898,14.966666,0.03217399,33.223297,33.255474,-0.0006839795,33.255474,0.00010013101,239,239,60,0.14738862,0.34405395,0.002445164,0.2039806,0
899,14.983334,0.032668848,33.22211,33.25478,-0.0006910422,33.25478,0.00010027297,244,244,63,0.14833148,0.3426043,0.002464394,0.20395286,0
900,15,0.03298719,33.221085,33.254074,-0.00070911285,33.254074,0.00010021575,243,243,63,0.14894019,0.3449876,0.0024775015,0.20392896,0
901,15.016666,0.03311384,33.22025,33.25336,-0.00071061036,33.25336,0.00010022706,242,242,63,0.14907865,0.34289473,0.0024834897,0.20390935,0
902,15.033334,0.03303877,33.21961,33.252644,-0.00071648223,33.252644,0.00010021082,243,243,63,0.14871201,0.34084663,0.0024820159,0.20389448,0
903,15.05,0.03275927,33.21916,33.25192,-0.0007272246,33.25192,0.000100168945,243,243,63,0.14790022,0.3384162,0.0024716195,0.20388404,0
904,15.066667,0.032277085,33.218914,33.251194,-0.0007255834,33.251194,0.00010019518,243,243,63,0.1467658,0.33829957,0.0024550264,0.2038781,0
905,15.083333,0.031604435,33.218864,33.25047,-0.0007235249,33.25047,0.0001001609,242,242,63,0.14531395,0.34287065,0.0024335426,0.20387632,0
906,15.1,0.030763842,33.21899,33.249752,-0.0007157343,33.249752,0.00010015761,239,239,62,0.14327072,0.33759212,0.002404119,0.20387848,0
907,15.116667,0.029771516,33.21927,33.249043,-0.0007125181,33.249043,0.00010017008,241,241,62,0.1408571,0.33207315,0.002367364,0.20388436,0
908,15.133333,0.028653266,33.21968,33.248333,-0.00070693484,33.248333,0.00010020402,241,241,62,0.13809352,0.32287672,0.0023244908,0.20389318,0
909,15.15,0.02743665,33.220196,33.24763,-0.00070172467,33.24763,0.00010018535,240,240,62,0.13526031,0.31742322,0.002277834,0.20390429,0
910,15.166667,0.026161091,33.220783,33.246944,-0.00068684923,33.246944,0.00010017884,237,237,61,0.13205409,0.30579847,0.002225259,0.20391688,0
911,15.183333,0.024854304,33.221405,33.24626,-0.0006848265,33.24626,0.000100160396,237,237,61,0.12894253,0.29750216,0.00217447,0.20392959,0
912,15.2,0.023524197,33.22207,33.245594,-0.00066608516,33.245594,0.00010011468,237,237,61,0.12421194,0.289896,0.0021082289,0.20394368,0
913,15.216666,0.022246044,33.222733,33.244976,-0.0006166245,33.244976,0.00010013605,237,237,61,0.12006813,0.27117288,0.0020332963,0.20395762,0
914,15.233334,0.021032905,33.223347,33.24438,-0.00059716334,33.24438,0.00010012594,237,237,61,0.116351254,0.25626925,0.0019679442,0.20396937,0
915,15.25,0.019914124,33.223885,33.243797,-0.0005812775,33.243797,0.000100165096,237,237,61,0.11300556,0.24570386,0.0019091998,0.20397797,0
916,15.266666,0.01891732,33.224323,33.243244,-0.00055672735,33.243244,0.00010013792,236,236,61,0.110073954,0.23544422,0.0018566934,0.20398243,0
917,15.283334,0.01806448,33.224648,33.24271,-0.00053130236,33.24271,0.00010010142,236,236,61,0.10753612,0.22816806,0.0018111148,0.20398222,0
918,15.3,0.01737222,33.224834,33.242207,-0.0005058878,33.242207,0.0001001754,238,238,62,0.10542179,0.2215979,0.0017724077,0.20397669,0
919,15.316667,0.016850147,33.224865,33.241714,-0.0004911494,33.241714,0.00010014025,240,240,62,0.103773944,0.21677044,0.0017407684,0.20396551,0
920,15.333333,0.016497845,33.224728,33.241226,-0.0004884662,33.241226,0.00010019942,240,240,62,0.10267499,0.21426551,0.0017180371,0.20394962,0
921,15.35,0.016309736,33.224426,33.240738,-0.0004880322,33.240738,0.000100142395,241,241,62,0.102096185,0.21309379,0.0017046197,0.20392968,0
922,15.366667,0.01627629,33.22396,33.240234,-0.0005016206,33.240234,0.00010019634,241,241,62,0.10203395,0.21297057,0.0016994919,0.20390575,0
923,15.383333,0.016384223,33.22335,33.239735,-0.0005008923,33.239735,0.00010016689,243,243,63,0.10234312,0.21339974,0.0017015126,0.20387866,0
924,15.4,0.0166175,33.22261,33.239227,-0.0005087208,33.239227,0.000100121106,243,243,63,0.10310284,0.215094,0.0017108362,0.2038486,0
925,15.416667,0.01695851,33.221752,33.23871,-0.0005171972,33.23871,0.000100241086,243,243,63,0.104199596,0.21753043,0.0017265086,0.20381606,0
926,15.433333,0.017385373,33.220818,33.238205,-0.0005058303,33.238205,0.00010016348,243,243,63,0.105484374,0.21999352,0.0017464926,0.20378193,0
927,15.45,0.0178746,33.219814,33.23769,-0.0005136214,33.23769,0.000100137084,244,244,64,0.10696425,0.22299623,0.0017696621,0.2037468,0
928,15.466666,0.018400772,33.21876,33.237164,-0.00052755506,33.237164,0.00010022602,244,244,64,0.10857452,0.22668345,0.0017957439,0.20371097,0
929,15.483334,0.018937172,33.217697,33.236633,-0.00052946014,33.236633,0.00010024044,244,244,64,0.11013147,0.22979808,0.0018223419,0.20367543,0
930,15.5,0.01945829,33.216644,33.236103,-0.000531442,33.236103,0.000100168916,244,244,64,0.111640565,0.2328739,0.0018480651,0.20364076,0
931,15.516666,0.019939892,33.215626,33.235565,-0.0005372101,33.235565,0.00010019162,244,244,64,0.11301352,0.23572427,0.001872163,0.20360765,0
932,15.533334,0.02035993,33.214657,33.235016,-0.0005483981,33.235016,0.00010025927,244,244,64,0.11420434,0.23826995,0.0018935935,0.20357655,0
933,15.55,0.020701952,33.213764,33.234467,-0.00054794154,33.234467,0.00010023197,244,244,64,0.11515198,0.24020895,0.0019114143,0.2035482,0
934,15.566667,0.020947194,33.21296,33.233906,-0.0005619266,33.233906,0.00010015245,244,244,64,0.11583898,0.2417546,0.0019251201,0.20352273,0
935,15.583333,0.021083139,33.21226,33.233345,-0.0005618271,33.233345,0.000100183825,244,244,64,0.11622899,0.24277145,0.0019340866,0.20350072,0
936,15.6,0.021101229,33.211674,33.232773,-0.0005694547,33.232773,0.00010011478,244,244,64,0.116308585,0.24329321,0.0019379706,0.20348227,0
937,15.616667,0.020996815,33.211205,33.2322,-0.0005735865,33.2322,0.00010018387,244,244,64,0.116069,0.24333584,0.0019366137,0.20346773,0
938,15.633333,0.02076943,33.21086,33.23163,-0.00057203125,33.23163,0.00010014383,244,244,64,0.115504995,0.24286982,0.0019299003,0.20345707,0
939,15.65,0.020422561,33.210632,33.231056,-0.00057447335,33.231056,0.000100179175,245,245,64,0.114602745,0.24169618,0.0019176445,0.2034502,0
940,15.666667,0.019965556,33.210518,33.230484,-0.0005718864,33.230484,0.00010020364,245,245,64,0.113606684,0.24247885,0.0019018762,0.20344727,0
941,15.683333,0.01940861,33.210506,33.229916,-0.0005675868,33.229916,0.000100138095,245,245,64,0.11220839,0.24172843,0.0018818328,0.20344786,0
942,15.7,0.018765036,33.21058,33.229343,-0.00057042204,33.229343,0.00010011835,245,245,64,0.110438,0.23953535,0.0018553328,0.2034518,0
943,15.716666,0.018050153,33.21072,33.22877,-0.0005742311,33.22877,0.00010020118,248,248,65,0.108314306,0.2357696,0.0018227485,0.20345865,0
944,15.733334,0.017280838,33.210922,33.228203,-0.0005669824,33.228203,0.00010013741,248,248,65,0.105859734,0.23050155,0.0017845243,0.20346802,0
945,15.75,0.016475271,33.21118,33.227657,-0.0005463756,33.227657,0.00010017838,248,248,65,0.10322307,0.22511266,0.001741422,0.2034799,0
946,15.766666,0.015653646,33.211464,33.22712,-0.0005389922,33.22712,0.000100215824,249,249,65,0.100626096,0.22182545,0.0016977323,0.20349316,0
947,15.783334,0.014836815,33.211754,33.226593,-0.00052555086,33.226593,0.000100185396,249,249,65,0.09813427,0.22073118,0.0016552182,0.20350723,0
948,15.8,0.01404655,33.212048,33.226093,-0.0004994856,33.226093,0.00010010543,249,249,65,0.095826,0.22171417,0.0016151029,0.20352158,0
949,15.816667,0.013302689,33.212307,33.22561,-0.0004823406,33.22561,0.00010013581,247,247,64,0.09300563,0.21330678,0.0015749716,0.20353557,0
950,15.833333,0.012620415,33.21253,33.225147,-0.00046348348,33.225147,0.000100134035,247,247,64,0.09030514,0.20302387,0.0015252446,0.20354916,0
951,15.85,0.012014249,33.212685,33.224697,-0.00044855484,33.224697,0.00010016225,244,244,63,0.08761106,0.18912153,0.001480858,0.20356165,0
952,15.866667,0.011496099,33.212772,33.22427,-0.00043020173,33.22427,0.000100086276,244,244,63,0.0855507,0.18061751,0.001441697,0.20357272,0
953,15.883333,0.011075028,33.21278,33.223854,-0.00041375594,33.223854,0.000100194564,244,244,63,0.083984286,0.1755474,0.0014094893,0.2035819,0
954,15.9,0.010756615,33.212704,33.22346,-0.00039472475,33.22346,0.000100120094,244,244,63,0.08276026,0.1727041,0.0013860837,0.20358895,0
955,15.916667,0.010541275,33.212536,33.223076,-0.00038408814,33.223076,0.00010018817,243,243,63,0.08201491,0.17073175,0.0013722497,0.20359373,0
956,15.933333,0.01042114,33.212273,33.222694,-0.00038032446,33.222694,0.000100121906,243,243,63,0.08157365,0.16988863,0.0013620675,0.20359619,0
957,15.95,0.010387895,33.21192,33.22231,-0.0003855392,33.22231,0.000100156,243,243,63,0.08147268,0.16977172,0.001357647,0.20359632,0
958,15.966666,0.010431056,33.211487,33.221916,-0.00039176218,33.221916,0.00010015692,242,242,63,0.08166715,0.17024867,0.001358565,0.20359436,0
959,15.983334,0.0105416225,33.210983,33.221523,-0.0003938511,33.221523,0.00010011973,240,240,62,0.0821138,0.17121533,0.0013641539,0.20359042,0
960,16,0.010705316,33.210423,33.221127,-0.0003979166,33.221127,0.000100131925,242,242,63,0.08276634,0.17262258,0.0013733834,0.20358482,0
961,16.016666,0.010909566,33.209812,33.220722,-0.00040391102,33.220722,0.00010013822,243,243,63,0.08356402,0.17434235,0.0013856277,0.20357779,0
962,16.033333,0.011140644,33.209187,33.22033,-0.0003940412,33.22033,0.00010015779,243,243,63,0.08445723,0.17634176,0.0013998456,0.20356983,0
963,16.05,0.011383921,33.208546,33.21993,-0.00039830126,33.21993,0.00010014816,242,242,63,0.08538208,0.1783921,0.0014151181,0.20356108,0
964,16.066668,0.011624612,33.20791,33.219536,-0.0003957337,33.219536,0.000100127865,242,242,63,0.086287275,0.1804377,0.001430481,0.203552,0
965,16.083334,0.011848547,33.207287,33.219135,-0.0003983577,33.219135,0.00010012775,243,243,63,0.087122664,0.18236452,0.0014450565,0.20354274,0
966,16.1,0.012042331,33.206696,33.218735,-0.00039958034,33.218735,0.00010014872,243,243,63,0.087837406,0.18403538,0.0014580515,0.20353363,0
967,16.116667,0.012194529,33.20614,33.21833,-0.00040425797,33.21833,0.000100117395,243,243,63,0.08839158,0.18525445,0.0014686451,0.20352489,0
968,16.133333,0.01229542,33.205635,33.217934,-0.00040020156,33.217934,0.00010014577,243,243,63,0.08878278,0.1862254,0.0014764909,0.20351684,0
969,16.15,0.012337526,33.20518,33.21752,-0.00041193588,33.21752,0.00010019787,243,243,63,0.08908018,0.18824139,0.0014816979,0.20350935,0
970,16.166666,0.012316125,33.204796,33.21711,-0.00040894235,33.21711,0.00010015932,243,243,63,0.089248255,0.19100003,0.0014864152,0.20350298,0
971,16.183332,0.012228317,33.204468,33.216698,-0.00041316953,33.216698,0.00010012445,243,243,63,0.08907614,0.19211644,0.0014861888,0.20349772,0
972,16.2,0.012073461,33.204212,33.216286,-0.00041105444,33.216286,0.00010018025,243,243,63,0.08861418,0.19223192,0.0014807782,0.20349365,0
973,16.216667,0.011853174,33.20402,33.215874,-0.00041197866,33.215874,0.00010012406,243,243,63,0.08786181,0.19133088,0.0014706184,0.20349075,0
974,16.233334,0.011571248,33.20389,33.21546,-0.00041227034,33.21546,0.00010014955,244,244,63,0.08683123,0.18947043,0.0014556792,0.20348884,0
975,16.25,0.0112334555,33.203815,33.21505,-0.0004127741,33.21505,0.000100144294,243,243,63,0.085539386,0.1867193,0.001436228,0.20348781,0
976,16.266666,0.010847361,33.2038,33.214645,-0.00040321914,33.214645,0.0001001358,243,243,63,0.08401417,0.18319586,0.0014126614,0.20348762,0
977,16.283333,0.010421954,33.203823,33.214245,-0.00040096676,33.214245,0.00010009892,243,243,63,0.08228357,0.17899324,0.0013854109,0.20348793,0
978,16.3,0.0099673895,33.20388,33.21385,-0.00039720663,33.21385,0.00010010956,242,242,63,0.08038332,0.174225,0.0013550427,0.20348845,0
979,16.316668,0.009494727,33.203964,33.21346,-0.0003893695,33.21346,0.000100144105,239,239,62,0.07835592,0.1690417,0.0013221934,0.20348898,0
980,16.333334,0.009015505,33.20406,33.213074,-0.00038462214,33.213074,0.00010024009,239,239,62,0.076250836,0.16362517,0.0012876312,0.20348929,0
981,16.35,0.008540907,33.204166,33.212704,-0.00036886008,33.212704,0.00010022566,240,240,62,0.074116334,0.15814666,0.0012521604,0.20348905,0
982,16.366667,0.008082655,33.204258,33.21234,-0.00036381857,33.21234,0.00010025752,240,240,62,0.07202021,0.15288985,0.0012167995,0.20348798,0
983,16.383333,0.007651458,33.20434,33.211994,-0.0003492334,33.211994,0.00010018031,240,240,62,0.07002332,0.14808957,0.001182603,0.20348594,0
984,16.4,0.0072568413,33.2044,33.211655,-0.00033742507,33.211655,0.00010025256,240,240,62,0.06816434,0.14398102,0.0011503312,0.20348266,0
985,16.416666,0.006906626,33.204414,33.211323,-0.00033292503,33.211323,0.00010020756,240,240,62,0.06645494,0.13901334,0.0011205362,0.20347792,0
986,16.433332,0.006606985,33.20439,33.211,-0.00032358163,33.211,0.00010023078,240,240,62,0.065001145,0.13646923,0.0010941437,0.20347181,0
987,16.45,0.00636184,33.204323,33.210686,-0.00031463968,33.210686,0.00010024588,240,240,62,0.063776195,0.13368513,0.0010717344,0.20346427,0
988,16.466667,0.006172865,33.204205,33.210377,-0.00030668336,33.210377,0.00010025985,240,240,62,0.06281811,0.13160586,0.0010535938,0.2034553,0
989,16.483334,0.0060391356,33.204037,33.210075,-0.00030330944,33.210075,0.00010020135,240,240,62,0.062133633,0.12984706,0.0010399799,0.20344493,0
990,16.5,0.005957496,33.203823,33.20978,-0.00029411385,33.20978,0.00010011839,240,240,62,0.06171195,0.1289271,0.0010308902,0.20343328,0
991,16.516666,0.0059223846,33.203568,33.209488,-0.00029031263,33.209488,0.00010015065,240,240,62,0.06153647,0.12846456,0.0010260496,0.2034205,0
992,16.533333,0.0059265494,33.203266,33.209194,-0.00029659062,33.209194,0.00010010928,241,241,62,0.061564654,0.12854606,0.0010249467,0.20340666,0
993,16.55,0.005961821,33.20293,33.208893,-0.0003008963,33.208893,0.000100177414,241,241,62,0.06175022,0.12888469,0.0010268902,0.20339197,0
994,16.566668,0.006019977,33.202564,33.208584,-0.00030777146,33.208584,0.00010013948,241,241,62,0.06205853,0.12948614,0.0010311302,0.20337681,0
995,16.583334,0.006093215,33.20218,33.20827,-0.00031280593,33.20827,0.00010019221,240,240,62,0.062436976,0.13021043,0.0010369216,0.20336126,0
996,16.6,0.0061743436,33.201786,33.207962,-0.00031090114,33.207962,0.0001001461,242,242,63,0.06284841,0.13097927,0.0010436088,0.2033457,0
997,16.616667,0.0062560616,33.20139,33.207645,-0.0003156317,33.207645,0.00010020657,243,243,63,0.06325715,0.13176566,0.0010505785,0.2033303,0
998,16.633333,0.006331118,33.201004,33.207336,-0.000309492,33.207336,0.00010010012,243,243,63,0.06363773,0.13246731,0.0010572618,0.20331538,0
999,16.65,0.006392653,33.20063,33.20702,-0.00031386843,33.20702,0.00010010018,243,243,63,0.06393953,0.13303906,0.0010629649,0.20330104,0
1000,16.666666,0.00643428,33.20028,33.206715,-0.00030784152,33.206715,0.00010012406,243,243,63,0.064137325,0.13339417,0.0010672368,0.20328757,0
1001,16.683332,0.0064504594,33.19995,33.2064,-0.00031084422,33.2064,0.00010016036,243,243,63,0.064211145,0.13343795,0.0010695512,0.20327501,0
1002,16.7,0.0064367447,33.199657,33.206097,-0.00030682248,33.206097,0.00010010136,243,243,63,0.06413408,0.13320921,0.0010695123,0.20326358,0
1003,16.716667,0.0063899136,33.199394,33.205784,-0.00031067795,33.205784,0.000100165606,244,244,63,0.06389551,0.13270418,0.0010668851,0.20325334,0
1004,16.733334,0.0063100415,33.199173,33.205482,-0.00030115747,33.205482,0.00010016782,244,244,63,0.063486256,0.13185188,0.001061487,0.20324445,0
1005,16.75,0.0061946018,33.19899,33.205185,-0.0003003156,33.205185,0.0001001206,244,244,63,0.06289648,0.13062225,0.0010531418,0.20323682,0
1006,16.766666,0.006044384,33.198837,33.20488,-0.00030267346,33.20488,0.000100105746,244,244,63,0.062127415,0.12900624,0.0010418142,0.20323046,0
1007,16.783333,0.0058614523,33.198723,33.204582,-0.00029781385,33.204582,0.000100098965,244,244,63,0.06117766,0.12700433,0.0010274248,0.20322543,0
1008,16.8,0.0056489957,33.198643,33.204292,-0.0002919265,33.204292,0.00010015463,244,244,63,0.06005204,0.12466813,0.0010100711,0.20322165,0
1009,16.816668,0.0054113027,33.198586,33.204,-0.00029322229,33.204,0.00010012644,244,244,63,0.058768004,0.1220194,0.0009899589,0.20321897,0
1010,16.833334,0.005153416,33.198555,33.20371,-0.0002884775,33.20371,0.000100150944,244,244,63,0.057341985,0.11907927,0.0009673104,0.20321733,0
1011,16.85,0.0048811035,33.198547,33.203426,-0.00028295294,33.203426,0.000100120364,244,244,63,0.055796817,0.1158959,0.0009425086,0.20321664,0
1012,16.866667,0.004600601,33.198544,33.203144,-0.0002810017,33.203144,0.000100153404,244,244,63,0.054154765,0.112531774,0.0009159044,0.20321669,0
1013,16.883333,0.0043183365,33.198555,33.202873,-0.00027295406,33.202873,0.0001000986,244,244,63,0.05245076,0.10905649,0.000887914,0.2032174,0
1014,16.9,0.004040807,33.198566,33.202606,-0.00026688896,33.202606,0.00010018001,244,244,63,0.05072979,0.10552073,0.00085935974,0.20321862,0
1015,16.916666,0.0037743014,33.19857,33.202347,-0.0002600217,33.202347,0.00010013966,247,247,64,0.04902279,0.10200951,0.0008307405,0.20322019,0
1016,16.933332,0.003524638,33.198566,33.20209,-0.00025614747,33.20209,0.000100181904,247,247,64,0.04736501,0.09859195,0.00080262905,0.20322187,0
1017,16.95,0.0032970065,33.198547,33.201843,-0.0002452546,33.201843,0.00010019484,247,247,64,0.04579936,0.0953602,0.0007757314,0.20322369,0
1018,16.966667,0.0030957086,33.19851,33.201603,-0.0002402016,33.201603,0.00010015414,247,247,64,0.04436936,0.09243635,0.00075071125,0.20322539,0
1019,16.983334,0.0029240404,33.19845,33.201374,-0.00023151994,33.201374,0.00010013678,247,247,64,0.04311568,0.0898625,0.000728319,0.20322691,0
1020,17,0.0027841604,33.19836,33.201145,-0.00022832755,33.201145,0.00010015348,244,244,63,0.042071536,0.087708786,0.0007091548,0.2032281,0
1021,17.016666,0.002676935,33.198242,33.20092,-0.00022360403,33.20092,0.00010013801,244,244,63,0.04125649,0.0860191,0.00069368345,0.20322894,0
1022,17.033333,0.0026018606,33.198112,33.200714,-0.00020757975,33.200714,0.00010014125,243,243,63,0.0406765,0.084833086,0.00068213564,0.20322955,0
1023,17.05,0.0025570008,33.197945,33.200504,-0.0002106161,33.200504,0.00010013414,243,243,63,0.04033405,0.084141165,0.00067451457,0.20322959,0
1024,17.066668,0.0025394186,33.197754,33.200294,-0.0002086092,33.200294,0.00010012005,244,244,63,0.04021806,0.08383623,0.00067076605,0.20322922,0
1025,17.083334,0.0025443907,33.19754,33.200085,-0.00020849948,33.200085,0.00010014844,244,244,63,0.040268034,0.083909795,0.00067024597,0.20322847,0
1026,17.1,0.002566677,33.19731,33.19988,-0.00020714567,33.19988,0.000100115765,244,244,63,0.040463924,0.084314935,0.00067247037,0.20322746,0
1027,17.116667,0.0026004417,33.19707,33.19967,-0.00020880159,33.19967,0.00010018934,246,246,64,0.040750287,0.0849154,0.0006765956,0.20322616,0
1028,17.133333,0.0026398322,33.19682,33.19946,-0.00020965953,33.19946,0.00010015486,246,246,64,0.04107893,0.08571542,0.00068181276,0.20322464,0
1029,17.15,0.0026794868,33.196568,33.199245,-0.00021371833,33.199245,0.00010013564,246,246,64,0.04140673,0.0865588,0.00068736257,0.20322303,0
1030,17.166666,0.0027148009,33.196316,33.19903,-0.00021473337,33.19903,0.00010011551,245,245,64,0.041698616,0.08732862,0.0006925831,0.20322149,0
1031,17.183332,0.0027420148,33.19607,33.198814,-0.00021851117,33.198814,0.0001002097,245,245,64,0.04192669,0.08797186,0.00069695135,0.20321988,0
1032,17.2,0.0027586233,33.195835,33.198593,-0.0002196399,33.198593,0.00010015538,243,243,63,0.04207014,0.08841605,0.00070011907,0.20321852,0
1033,17.216667,0.0027622534,33.195614,33.198376,-0.00021815416,33.198376,0.00010019689,243,243,63,0.04211453,0.08866468,0.00070163835,0.20321733,0
1034,17.233334,0.0027499662,33.19541,33.198162,-0.00021428708,33.198162,0.000100254365,243,243,63,0.042038508,0.088681884,0.0007013985,0.20321648,0
1035,17.25,0.0027201395,33.19523,33.19795,-0.00021370506,33.19795,0.00010024198,243,243,63,0.04182622,0.08840316,0.0006989797,0.20321585,0
1036,17.266666,0.0026717323,33.19507,33.197742,-0.00020618316,33.197742,0.00010023581,243,243,63,0.04146977,0.08783586,0.0006942385,0.20321563,0
1037,17.283333,0.0026043667,33.194935,33.19754,-0.0002015333,33.19754,0.00010013107,243,243,63,0.040958554,0.086929135,0.0006869809,0.2032158,0
1038,17.3,0.0025184273,33.19482,33.19734,-0.0002019855,33.19734,0.00010014235,243,243,63,0.040289063,0.085660234,0.0006771201,0.20321618,0
1039,17.316668,0.002414932,33.194725,33.19714,-0.00019659824,33.19714,0.00010012285,243,243,63,0.0394646,0.08406557,0.00066460524,0.20321684,0
1040,17.333334,0.0022954931,33.194653,33.196945,-0.00019408746,33.196945,0.00010016586,243,243,63,0.038487215,0.08213378,0.00064956094,0.20321774,0
1041,17.35,0.002162277,33.1946,33.19676,-0.00018708265,33.19676,0.00010015906,243,243,63,0.03736454,0.0798905,0.00063202175,0.20321894,0
1042,17.366667,0.0020179192,33.194565,33.196583,-0.00017827391,33.196583,0.00010018946,242,242,63,0.03610637,0.07735648,0.0006121134,0.20322022,0
1043,17.383333,0.0018654502,33.194534,33.1964,-0.00018056613,33.1964,0.000100097786,242,242,63,0.034725655,0.07455413,0.0005900729,0.20322149,0
1044,17.4,0.0017081711,33.194523,33.196228,-0.00017124448,33.196228,0.00010013207,242,242,63,0.033239093,0.07151679,0.00056612206,0.20322277,0
1045,17.416666,0.001549536,33.194508,33.196056,-0.00017160305,33.196056,0.0001002108,242,242,63,0.031666927,0.06828525,0.00054056593,0.20322393,0
1046,17.433332,0.001393039,33.194508,33.1959,-0.00015865832,33.1959,0.000100223224,242,242,63,0.030033307,0.06490864,0.00051377906,0.20322496,0
1047,17.45,0.001242069,33.1945,33.195744,-0.0001559577,33.195744,0.00010019528,243,243,63,0.028366255,0.06144294,0.00048620542,0.20322564,0
1048,17.466667,0.0010998157,33.194496,33.1956,-0.0001462433,33.1956,0.000100287725,243,243,63,0.026698291,0.057954483,0.00045835107,0.20322603,0
1049,17.483334,0.0009691321,33.19449,33.195457,-0.00014132394,33.195457,0.00010019166,243,243,63,0.025066203,0.05451731,0.00043074286,0.20322603,0
1050,17.5,0.00085242675,33.194466,33.19532,-0.000136656,33.19532,0.0001001965,243,243,63,0.023510905,0.051214524,0.00040410765,0.20322552,0
1051,17.516666,0.00075159024,33.194443,33.195194,-0.00012643974,33.195194,0.00010021772,240,240,62,0.022078205,0.04817068,0.00037916115,0.20322463,0
1052,17.533333,0.0006678594,33.194397,33.195065,-0.00012812096,33.195065,0.000100134384,239,239,62,0.020801919,0.045321982,0.0003564927,0.20322303,0
1053,17.55,0.00060184003,33.194344,33.194946,-0.00011739218,33.194946,0.00010019341,239,239,62,0.019736374,0.042883024,0.00033688717,0.203221,0
1054,17.566668,0.0005534266,33.19428,33.19483,-0.00011574672,33.19483,0.00010013449,239,239,62,0.018919425,0.04100147,0.00032119887,0.20321839,0
1055,17.583334,0.0005217405,33.1942,33.19472,-0.000109327215,33.19472,0.00010023029,239,239,62,0.018362623,0.03966002,0.0003097652,0.2032153,0
1056,17.6,0.0005051818,33.194103,33.194607,-0.00011365173,33.194607,0.00010019126,239,239,62,0.018062176,0.038864218,0.0003027096,0.20321164,0
1057,17.616667,0.0005015006,33.194,33.194504,-0.000105429266,33.194504,0.0001001174,239,239,62,0.017990453,0.03856547,0.00029971215,0.20320761,0
1058,17.633333,0.0005079178,33.193886,33.194393,-0.00010929642,33.194393,0.00010014696,240,240,62,0.018099342,0.038647085,0.00030015907,0.20320317,0
1059,17.65,0.0005213363,33.193764,33.194283,-0.000110275236,33.194283,0.00010022279,240,240,62,0.018330969,0.03899858,0.00030314826,0.20319843,0
1060,17.666666,0.0005386519,33.193634,33.19417,-0.00011036831,33.19417,0.00010016363,240,240,62,0.01863101,0.039537266,0.00030769155,0.20319349,0
1061,17.683332,0.0005571621,33.193504,33.19406,-0.00011283132,33.19406,0.00010024384,240,240,62,0.018952781,0.040154494,0.000313016,0.20318839,0
1062,17.7,0.00057447894,33.19337,33.193943,-0.000116352196,33.193943,0.00010013123,240,240,62,0.019249525,0.040772684,0.00031820344,0.20318317,0
1063,17.716667,0.000589995,33.193237,33.19383,-0.00011565923,33.19383,0.00010018197,240,240,62,0.019509723,0.041315913,0.00032288552,0.203178,0
1064,17.733334,0.00060212886,33.193108,33.19371,-0.00011754511,33.19371,0.0001001861,240,240,62,0.019708892,0.041714408,0.00032678372,0.20317285,0
1065,17.75,0.0006090292,33.192986,33.193592,-0.00011745846,33.193592,0.00010013581,240,240,62,0.019821033,0.041923407,0.00032941878,0.20316787,0
1066,17.766666,0.0006094584,33.192863,33.193474,-0.00011944068,33.193474,0.00010019226,240,240,62,0.019826373,0.041917708,0.00033043826,0.20316297,0
1067,17.783333,0.0006026527,33.192757,33.19336,-0.00011404022,33.19336,0.00010016408,240,240,62,0.019722683,0.04173386,0.00032957125,0.2031584,0
1068,17.8,0.0005882453,33.192654,33.19324,-0.00011748559,33.19324,0.00010010601,240,240,62,0.019481502,0.041208725,0.0003267315,0.20315401,0
1069,17.816668,0.0005662952,33.192566,33.19313,-0.000111561574,33.19313,0.00010014269,240,240,62,0.019121515,0.040468268,0.00032173097,0.20314988,0
1070,17.833334,0.0005371319,33.192482,33.19302,-0.000111958296,33.19302,0.00010016131,240,240,62,0.018626312,0.039458383,0.0003145624,0.20314607,0
1071,17.85,0.0005014096,33.192406,33.192905,-0.000112365975,33.192905,0.00010012252,240,240,62,0.018004214,0.03817108,0.00030521108,0.20314245,0
1072,17.866667,0.00046001436,33.192337,33.1928,-0.000108063476,33.1928,0.00010017886,240,240,62,0.017249221,0.036619708,0.00029372526,0.20313913,0
1073,17.883333,0.00041408787,33.19228,33.19269,-0.00010478079,33.19269,0.00010013222,240,240,62,0.016372625,0.03478055,0.00028005484,0.20313615,0
1074,17.9,0.0003648768,33.192226,33.192593,-0.00010274523,33.192593,0.00010011325,240,240,62,0.015375685,0.032705057,0.00026445108,0.20313334,0
1075,17.916666,0.0003137983,33.192184,33.192497,-9.230976e-05,33.192497,0.000100126075,239,239,62,0.014259453,0.030335668,0.00024686198,0.2031309,0
1076,17.933332,0.00026208887,33.19214,33.1924,-9.726331e-05,33.1924,0.00010012119,241,241,63,0.013027246,0.027722288,0.00022736902,0.2031286,0
1077,17.95,0.00021137357,33.1921,33.19231,-8.978524e-05,33.19231,0.0001001372,241,241,63,0.011731855,0.02514022,0.0002060368,0.20312656,0
1078,17.966667,0.00016467793,33.192062,33.192226,-8.410303e-05,33.192226,0.00010013703,241,241,63,0.010371914,0.022310747,0.00018386346,0.2031247,0
1079,17.983334,0.00012307656,33.192028,33.192154,-7.501863e-05,33.192154,0.000100091034,241,241,63,0.008976917,0.019366873,0.00016085646,0.20312302,0
1080,18,8.726986e-05,33.19199,33.192078,-7.4045376e-05,33.192078,0.00010012613,241,241,63,0.0075709242,0.0163993,0.00013750646,0.2031215,0
1081,18.016666,5.7693334e-05,33.19196,33.192017,-6.066623e-05,33.192017,0.000100137564,241,241,63,0.006164382,0.0133995125,0.000114085466,0.20312017,0
1082,18.033333,3.457336e-05,33.191925,33.19196,-5.9529837e-05,33.19196,0.000100122306,241,241,63,0.004786959,0.010497693,9.0790636e-05,0.20311897,0
1083,18.05,1.7834816e-05,33.191887,33.191902,-5.4312193e-05,33.191902,0.00010016218,241,241,63,0.0034453245,0.007610015,6.8101486e-05,0.2031178,0
1084,18.066668,7.075412e-06,33.19185,33.191856,-4.700301e-05,33.191856,0.00010010032,241,241,63,0.0021929631,0.0051078806,4.6442347e-05,0.20311676,0
1085,18.083334,1.5778604e-06,33.19181,33.19181,-4.473375e-05,33.19181,0.00010011049,241,241,63,0.001036626,0.0026906158,2.63407e-05,0.2031158,0
1086,18.1,1.641726e-07,33.191772,33.191776,-3.7657297e-05,33.191776,0.000100102334,241,241,63,0.00028500403,0.0009614319,9.151751e-06,0.20311494,0
1087,18.116667,1.15318976e-07,33.19174,33.19174,-3.7123737e-05,33.19174,0.000100125384,241,241,63,0.0002475708,0.0012887645,3.2892162e-06,0.20311412,0
1088,18.133333,8.660091e-08,33.191704,33.191704,-3.477603e-05,33.191704,0.00010012259,241,241,63,0.00019237063,0.0011577223,2.56097e-06,0.20311333,0
1089,18.15,1.1506659e-07,33.191666,33.191666,-3.6381396e-05,33.191666,0.00010010337,241,241,63,0.00022175912,0.0009520998,2.5279928e-06,0.20311254,0
1090,18.166666,1.328184e-07,33.19163,33.19163,-3.472956e-05,33.19163,0.00010013596,241,241,63,0.00024328535,0.0009273742,3.1701416e-06,0.20311175,0
1091,18.183332,1.09724624e-07,33.191593,33.191593,-3.7430487e-05,33.191593,0.00010015087,241,241,63,0.00021634279,0.0009315993,3.13527e-06,0.20311093,0
1092,18.2,9.599105e-08,33.19156,33.19156,-3.3763514e-05,33.19156,0.000100105404,243,243,64,0.00019885757,0.0010311871,2.5905624e-06,0.20311017,0
1093,18.216667,9.143939e-08,33.19152,33.19152,-3.9739516e-05,33.19152,0.000100106,243,243,64,0.00019373484,0.0010585565,2.3632638e-06,0.20310932,0
1094,18.233334,8.906828e-08,33.191486,33.191486,-3.425092e-05,33.191486,0.000100126854,243,243,64,0.00019234573,0.0010362113,2.3078476e-06,0.20310849,0
1095,18.25,8.181572e-08,33.191452,33.191452,-3.3092012e-05,33.191452,0.0001001358,243,243,64,0.00018747475,0.0008793335,2.2703632e-06,0.20310782,0
1096,18.266666,8.147366e-08,33.19143,33.19143,-2.576988e-05,33.19143,0.00010014323,243,243,64,0.0001837959,0.00082217116,2.3169796e-06,0.20310718,0
1097,18.283333,7.8394685e-08,33.19139,33.19139,-3.6246685e-05,33.19139,0.000100079225,243,243,64,0.00018042921,0.00084681885,2.3053922e-06,0.20310643,0
1098,18.3,8.101449e-08,33.191357,33.191357,-3.3913417e-05,33.191357,0.0001001481,243,243,64,0.00018584613,0.00094184536,2.2526838e-06,0.20310569,0
1099,18.316668,7.7549565e-08,33.191326,33.191326,-3.0428144e-05,33.191326,0.00010011303,243,243,64,0.0001828397,0.0008679392,2.231345e-06,0.20310496,0
1100,18.333334,7.916985e-08,33.191296,33.191296,-2.9591783e-05,33.191296,0.00010007892,243,243,64,0.00018215344,0.0008704849,2.2304007e-06,0.2031043,0
1101,18.35,7.726163e-08,33.191265,33.191265,-3.0592844e-05,33.191265,0.00010015021,243,243,64,0.00018110887,0.000870676,2.2013564e-06,0.20310365,0
1102,18.366667,7.95636e-08,33.191235,33.191235,-3.2583695e-05,33.191235,0.000100106,243,243,64,0.00018175972,0.0009368107,2.2065014e-06,0.2031029,0
1103,18.383333,7.634595e-08,33.1912,33.1912,-3.4085508e-05,33.1912,0.00010009513,243,243,64,0.00018189257,0.0008758653,2.213555e-06,0.20310214,0
1104,18.4,7.770702e-08,33.191174,33.191174,-2.8262002e-05,33.191174,0.0001001042,243,243,64,0.0001789638,0.0008490982,2.2051177e-06,0.20310149,0
1105,18.416666,7.5704236e-08,33.191135,33.191135,-3.491557e-05,33.191135,0.00010012449,243,243,64,0.00017933125,0.0008629104,2.2319205e-06,0.20310074,0
1106,18.433332,7.602986e-08,33.19111,33.19111,-2.9759334e-05,33.19111,0.00010008751,243,243,64,0.00017834145,0.00084645353,2.2101444e-06,0.20310007,0
1107,18.45,7.767018e-08,33.191074,33.191074,-3.3415632e-05,33.191074,0.000100105986,243,243,64,0.00017954347,0.0009393292,2.2018896e-06,0.20309934,0
1108,18.466667,7.51785e-08,33.191044,33.191044,-3.0593426e-05,33.191044,0.000100079815,243,243,64,0.00017740774,0.00081741274,2.1997398e-06,0.20309865,0
1109,18.483334,7.547377e-08,33.191013,33.191013,-3.1421914e-05,33.191013,0.000100099736,243,243,64,0.00017773312,0.00083110284,2.2130403e-06,0.20309795,0
1110,18.5,7.499193e-08,33.190983,33.190983,-3.0258907e-05,33.190983,0.000100094614,243,243,64,0.00017696361,0.0008466125,2.2020076e-06,0.20309727,0
1111,18.516666,7.376091e-08,33.19095,33.19095,-3.2587228e-05,33.19095,0.00010010601,243,243,64,0.00017554178,0.0008200086,2.1767855e-06,0.20309655,0
1112,18.533333,7.467023e-08,33.190918,33.190918,-3.1920066e-05,33.190918,0.00010008888,243,243,64,0.00017685983,0.00080868305,2.1876735e-06,0.20309581,0
1113,18.55,7.492871e-08,33.190884,33.190884,-3.3417014e-05,33.190884,0.000100090845,243,243,64,0.00017708595,0.00082674273,2.2082495e-06,0.20309511,0
1114,18.566668,7.40812e-08,33.190853,33.190853,-3.208808e-05,33.190853,0.00010012759,243,243,64,0.00017592688,0.000836496,2.1850135e-06,0.20309441,0
1115,18.583334,7.338399e-08,33.190823,33.190823,-3.0425377e-05,33.190823,0.000100106015,243,243,64,0.00017498502,0.0008341924,2.1654157e-06,0.20309371,0
1116,18.6,7.34144e-08,33.19079,33.19079,-3.4248515e-05,33.19079,0.000100082376,243,243,64,0.00017517716,0.00082011224,2.1609399e-06,0.20309293,0
1117,18.616667,7.3600305e-08,33.190754,33.190754,-3.3749595e-05,33.190754,0.00010010601,243,243,64,0.0001753839,0.00083213544,2.1569017e-06,0.20309223,0
1118,18.633333,7.363233e-08,33.190723,33.190723,-2.8762097e-05,33.190723,0.00010012086,243,243,64,0.00017537578,0.0008411367,2.1607161e-06,0.20309156,0
1119,18.65,7.2853204e-08,33.190693,33.190693,-3.308554e-05,33.190693,0.00010009471,243,243,64,0.00017434426,0.0008386887,2.139968e-06,0.20309086,0
1120,18.666666,7.279905e-08,33.190662,33.190662,-2.8928438e-05,33.190662,0.000100078636,243,243,64,0.0001743645,0.0008282918,2.1473722e-06,0.20309018,0
1121,18.683332,7.294046e-08,33.190628,33.190628,-3.341713e-05,33.190628,0.000100106954,243,243,64,0.00017451435,0.00083494297,2.1441751e-06,0.20308939,0
1122,18.7,7.2706136e-08,33.190598,33.190598,-3.291874e-05,33.190598,0.00010009189,243,243,64,0.00017424315,0.0008304472,2.1671838e-06,0.2030887,0
1123,18.716667,7.247529e-08,33.190567,33.190567,-2.975989e-05,33.190567,0.00010009985,243,243,64,0.00017384115,0.0008408337,2.129348e-06,0.20308803,0
1124,18.733334,1.6124135e-07,33.19053,33.19053,-3.6487352e-05,33.19053,0.00010014116,243,243,64,0.0003122046,0.0013596136,2.391716e-06,0.20308723,0
1125,18.75,5.8395574e-07,33.190495,33.190495,-3.548838e-05,33.190495,0.00010010583,243,243,64,0.00063730835,0.0030842505,7.647057e-06,0.20308651,0
1126,18.766666,3.760679e-07,33.190468,33.190468,-2.4979894e-05,33.190468,0.00010012087,243,243,64,0.000496524,0.0015340147,9.794226e-06,0.20308599,0
1127,18.783333,4.3994146e-07,33.19044,33.19044,-2.7035705e-05,33.19044,0.0001000862,243,243,64,0.0005399909,0.0015758997,9.53801e-06,0.20308541,0
1128,18.8,4.4996284e-07,33.190407,33.190407,-3.4238525e-05,33.190407,0.00010009588,243,243,64,0.00055997603,0.0016027387,7.936409e-06,0.20308469,0
1129,18.816668,5.479601e-07,33.190376,33.190376,-3.282051e-05,33.190376,0.000100108075,243,243,64,0.00058792956,0.00393654,9.259091e-06,0.203084,0
1130,18.833334,3.0955866e-07,33.19035,33.19035,-2.6506705e-05,33.19035,0.00010008687,243,243,64,0.00043571313,0.0012627121,9.775828e-06,0.2030835,0
1131,18.85,3.6127486e-07,33.19032,33.19032,-3.0040454e-05,33.19032,0.00010012259,243,243,64,0.00045212207,0.0017001717,8.0096415e-06,0.20308283,0
1132,18.866667,4.5855774e-07,33.190285,33.190285,-3.398501e-05,33.190285,0.000100106,243,243,64,0.000531405,0.0022669556,8.878137e-06,0.20308213,0
1133,18.883333,5.219461e-07,33.190254,33.190258,-2.8199975e-05,33.190258,0.00010011378,243,243,64,0.00059264177,0.0016391783,7.876372e-06,0.20308153,0
1134,18.9,4.6021896e-07,33.190224,33.190228,-3.0320152e-05,33.190228,0.000100130506,243,243,64,0.0005526518,0.0031348933,8.445181e-06,0.20308091,0
1135,18.916666,3.3670855e-07,33.190193,33.190193,-3.3042015e-05,33.190193,0.00010015014,243,243,64,0.0004330909,0.0017037076,7.949516e-06,0.20308022,0
1136,18.933332,6.3288525e-07,33.19017,33.19017,-2.1982005e-05,33.19017,0.00010015104,243,243,64,0.000670794,0.0020842892,9.260677e-06,0.20307972,0
1137,18.95,2.5554394e-07,33.190144,33.190144,-2.880696e-05,33.190144,0.00010016934,243,243,64,0.00037929695,0.0011994144,7.695236e-06,0.20307913,0
1138,18.966667,5.376295e-07,33.1901,33.190105,-3.845535e-05,33.190105,0.00010011577,243,243,64,0.00061307143,0.0022646314,6.791141e-06,0.20307834,0
1139,18.983334,7.1703613e-07,33.19008,33.19008,-2.4758856e-05,33.19008,0.00010011222,243,243,64,0.0007039991,0.0019056029,9.772234e-06,0.20307781,0
1140,19,3.9416796e-07,33.19004,33.190044,-3.640022e-05,33.190044,0.000100162324,243,243,64,0.0005104391,0.001319074,8.835668e-06,0.20307711,0
1141,19.016666,3.6473799e-07,33.190014,33.190014,-2.7461518e-05,33.190014,0.000100086145,243,243,64,0.00046438098,0.0012782752,8.85505e-06,0.20307653,0
1142,19.033333,5.0322416e-07,33.189983,33.189983,-3.278002e-05,33.189983,0.0001001109,243,243,64,0.00058204326,0.001751195,8.434539e-06,0.20307581,0
1143,19.05,3.2351934e-07,33.189957,33.189957,-2.6115498e-05,33.189957,0.00010008168,243,243,64,0.0004030132,0.0017320631,7.688377e-06,0.20307527,0
1144,19.066668,3.9136003e-07,33.189922,33.189922,-3.3848195e-05,33.189922,0.00010013248,243,243,64,0.0005142381,0.0015948275,8.345536e-06,0.20307453,0
1145,19.083334,2.9178835e-07,33.189896,33.189896,-2.719915e-05,33.189896,0.00010009614,243,243,64,0.00043461027,0.0014202282,9.053934e-06,0.20307398,0
1146,19.1,5.029818e-07,33.189865,33.189865,-2.9049701e-05,33.189865,0.00010008863,243,243,64,0.0006048891,0.0021461174,9.172048e-06,0.20307335,0
1147,19.116667,3.3440375e-07,33.18983,33.18983,-3.3419594e-05,33.18983,0.0001000848,243,243,64,0.00041765673,0.0013489944,7.2823705e-06,0.2030727,0
1148,19.133333,3.5696664e-07,33.189804,33.189804,-2.8739567e-05,33.189804,0.000100106,243,243,64,0.000495778,0.0014547984,7.849505e-06,0.20307206,0
1149,19.15,3.8332513e-07,33.189774,33.189774,-2.97333e-05,33.189774,0.00010013579,243,243,64,0.0005184231,0.0018134625,8.986556e-06,0.20307145,0
1150,19.166666,4.511411e-07,33.189743,33.189747,-2.9026824e-05,33.189747,0.00010012126,243,243,64,0.0005588278,0.0017412192,8.960327e-06,0.20307086,0
1151,19.183332,3.77521e-07,33.18971,33.18971,-3.5984718e-05,33.18971,0.000100134304,243,243,64,0.0005165289,0.0019029134,7.5779744e-06,0.20307015,0
1152,19.2,5.931146e-07,33.189682,33.189682,-2.804777e-05,33.189682,0.00010010985,243,243,64,0.000656323,0.0021618581,9.276e-06,0.20306952,0
1153,19.216667,2.1425404e-07,33.189655,33.189655,-2.4153336e-05,33.189655,0.00010013297,243,243,64,0.00034561122,0.001060501,7.414938e-06,0.20306897,0
1154,19.233334,3.9003802e-07,33.189617,33.189617,-3.9060415e-05,33.189617,0.0001001678,243,243,64,0.0005313939,0.0019644892,6.042035e-06,0.2030682,0
1155,19.25,2.8353577e-07,33.18959,33.18959,-2.687357e-05,33.18959,0.00010011125,243,243,64,0.00043349396,0.0015256554,9.398974e-06,0.20306762,0
1156,19.266666,2.403567e-07,33.18956,33.18956,-3.2462918e-05,33.18956,0.000100099496,243,243,64,0.00038383217,0.0012318513,8.034162e-06,0.20306697,0
1157,19.283333,3.5570955e-07,33.18953,33.18953,-2.78155e-05,33.18953,0.00010008366,243,243,64,0.0004909237,0.0015616877,9.472736e-06,0.20306635,0
1158,19.3,5.000836e-07,33.18949,33.18949,-3.9756844e-05,33.18949,0.000100138575,243,243,64,0.00053606014,0.0051963413,6.6824314e-06,0.20306554,0
1159,19.316668,5.1840834e-07,33.18947,33.18947,-2.3423641e-05,33.18947,0.00010012655,243,243,64,0.00061875355,0.002185344,9.70711e-06,0.20306502,0
1160,19.333334,2.8498954e-07,33.189434,33.189438,-3.1489373e-05,33.189438,0.00010012006,243,243,64,0.00037397112,0.0018075223,6.7268193e-06,0.2030644,0
1161,19.35,2.9456527e-07,33.189404,33.189404,-3.1246378e-05,33.189404,0.000100118275,243,243,64,0.00044669895,0.0016619108,8.306553e-06,0.20306374,0
1162,19.366667,3.3624863e-07,33.189377,33.189377,-2.8055425e-05,33.189377,0.0001001175,243,243,64,0.00047966785,0.0016749148,8.512593e-06,0.20306313,0
1163,19.383333,5.236871e-07,33.189342,33.189342,-3.4061108e-05,33.189342,0.00010017222,243,243,64,0.00061885075,0.002110188,7.461583e-06,0.20306247,0
1164,19.4,5.1228267e-07,33.18931,33.18931,-3.558999e-05,33.18931,0.000100131,243,243,64,0.00058771775,0.0024123224,7.5071935e-06,0.20306173,0
1165,19.416666,6.2365694e-07,33.18928,33.18928,-2.4328123e-05,33.18928,0.00010014744,243,243,64,0.0006744825,0.002183662,9.657092e-06,0.20306118,0
1166,19.433332,4.1733622e-07,33.18925,33.18925,-3.3291082e-05,33.18925,0.00010016016,243,243,64,0.0004664488,0.0041262847,7.648432e-06,0.20306051,0
1167,19.45,2.630912e-07,33.189224,33.189224,-2.4261231e-05,33.189224,0.000100106,243,243,64,0.00041272416,0.0013806769,9.153288e-06,0.20305996,0
1168,19.466667,5.222587e-07,33.189194,33.189194,-3.0664276e-05,33.189194,0.00010009416,243,243,64,0.00061543984,0.002042528,7.318416e-06,0.20305933,0
1169,19.483334,5.3303734e-07,33.18916,33.18916,-3.457028e-05,33.18916,0.000100085075,243,243,64,0.0006289495,0.0022117498,8.545933e-06,0.20305865,0
1170,19.5,4.376493e-07,33.18913,33.18913,-3.1018833e-05,33.18913,0.000100173,243,243,64,0.0005691748,0.0020964488,8.164165e-06,0.20305799,0
1171,19.516666,3.1717525e-07,33.189102,33.189102,-2.8383838e-05,33.189102,0.00010011811,243,243,64,0.0004528882,0.0014640721,7.837011e-06,0.2030574,0
1172,19.533333,2.6148632e-07,33.18907,33.18907,-2.8319053e-05,33.18907,0.0001000762,243,243,64,0.00040935766,0.0012588572,8.742219e-06,0.2030568,0
1173,19.55,7.316228e-07,33.189037,33.189037,-3.444343e-05,33.189037,0.000100161866,243,243,64,0.0006443946,0.004717086,6.8280106e-06,0.20305605,0
1174,19.566668,2.2915454e-07,33.189014,33.189014,-2.311316e-05,33.189014,0.00010009704,243,243,64,0.0003727408,0.0011087303,8.925746e-06,0.20305558,0
1175,19.583334,2.3837016e-07,33.188984,33.188984,-3.124674e-05,33.188984,0.000100089754,243,243,64,0.00037554564,0.0011868208,5.8522287e-06,0.20305492,0
1176,19.6,4.045669e-07,33.18895,33.18895,-3.308482e-05,33.18895,0.00010018482,243,243,64,0.0005353103,0.0018616706,8.170518e-06,0.20305423,0
1177,19.616667,2.80661e-07,33.18892,33.18892,-3.0548585e-05,33.18892,0.00010012272,243,243,64,0.00043631974,0.001578189,7.3444157e-06,0.20305356,0
1178,19.633333,4.474357e-07,33.18889,33.18889,-3.009165e-05,33.18889,0.00010013641,243,243,64,0.00056009984,0.0017696873,8.430306e-06,0.20305294,0
1179,19.65,3.918634e-07,33.188858,33.188858,-3.2475313e-05,33.188858,0.000100106,243,243,64,0.00042311067,0.004334434,6.2797526e-06,0.20305227,0
1180,19.666666,5.864026e-07,33.18883,33.18883,-2.6738784e-05,33.18883,0.000100112105,243,243,64,0.0006622003,0.0021342956,8.417397e-06,0.20305167,0
1181,19.683332,3.8052906e-07,33.188797,33.188797,-3.345689e-05,33.188797,0.00010009182,243,243,64,0.00045638488,0.003972931,8.5078245e-06,0.20305099,0
1182,19.7,2.560362e-07,33.18877,33.18877,-2.5395266e-05,33.18877,0.00010010643,243,243,64,0.00034756804,0.0016877723,6.4081873e-06,0.20305045,0
1183,19.716667,2.853419e-07,33.18874,33.18874,-3.255669e-05,33.18874,0.00010009449,243,243,64,0.00039395766,0.0012023465,7.14193e-06,0.20304976,0
1184,19.733334,2.5604643e-07,33.18871,33.18871,-3.028772e-05,33.18871,0.00010008633,243,243,64,0.00040661334,0.0013206423,9.034177e-06,0.20304917,0
1185,19.75,2.6578664e-07,33.18868,33.18868,-3.0082429e-05,33.18868,0.00010019161,243,243,64,0.00040823175,0.001145921,5.8295627e-06,0.20304853,0
1186,19.766666,2.807963e-07,33.18865,33.18865,-3.040967e-05,33.18865,0.00010015518,243,243,64,0.000424916,0.001295907,8.6918335e-06,0.20304792,0
1187,19.783333,2.599071e-07,33.18862,33.18862,-2.7785487e-05,33.18862,0.00010008217,243,243,64,0.0004136887,0.0014610803,8.055054e-06,0.2030473,0
1188,19.8,2.5079504e-07,33.18859,33.18859,-3.093256e-05,33.18859,0.00010009459,243,243,64,0.0004143664,0.0016187442,6.353067e-06,0.20304662,0
1189,19.816668,6.127519e-07,33.18856,33.18856,-2.9065193e-05,33.18856,0.00010009026,243,243,64,0.0006875265,0.0025207591,5.84769e-06,0.20304598,0
1190,19.833334,1.8255167e-07,33.188534,33.188534,-2.5534717e-05,33.188534,0.00010006819,243,243,64,0.00032522713,0.0011460641,8.3384175e-06,0.20304546,0
1191,19.85,4.974714e-07,33.1885,33.188503,-3.3434862e-05,33.188503,0.000100131576,243,243,64,0.00060180976,0.0018037414,5.5344194e-06,0.20304473,0
1192,19.866667,3.6250643e-07,33.188465,33.188465,-3.504853e-05,33.188465,0.00010017025,243,243,64,0.000500466,0.0019839865,7.3868546e-06,0.20304401,0
1193,19.883333,2.659894e-07,33.188442,33.188442,-2.3538483e-05,33.188442,0.000100111356,243,243,64,0.0004241106,0.0014304902,8.198438e-06,0.20304352,0
1194,19.9,3.4893915e-07,33.18841,33.18841,-3.0175475e-05,33.18841,0.000100106,243,243,64,0.00049412774,0.0016794545,7.3827277e-06,0.20304286,0
1195,19.916666,3.735626e-07,33.18839,33.18839,-2.4747384e-05,33.18839,0.000100072466,243,243,64,0.0005183352,0.0019102889,9.116268e-06,0.20304234,0
1196,19.933332,4.5124654e-07,33.18836,33.18836,-3.0180741e-05,33.18836,0.00010015759,243,243,64,0.0005634459,0.002478254,6.244473e-06,0.20304175,0
1197,19.95,2.3743964e-07,33.188335,33.188335,-2.3323264e-05,33.188335,0.00010008033,243,243,64,0.00041609455,0.0018549836,8.045357e-06,0.20304132,0
1198,19.966667,1.8875309e-07,33.18831,33.18831,-2.5651969e-05,33.18831,0.00010009712,243,243,64,0.00035603347,0.0015477982,6.5774448e-06,0.20304075,0
1199,19.983334,2.5621716e-07,33.188282,33.188282,-2.6034584e-05,33.188282,0.00010012895,243,243,64,0.00042197036,0.0015900077,7.926971e-06,0.20304026,0
1200,20,4.0101332e-07,33.188255,33.188255,-2.8783588e-05,33.188255,0.000100083,243,243,64,0.0005604154,0.0022847187,6.6210987e-06,0.20303963,0
1201,20.016666,4.0469277e-07,33.18823,33.18823,-2.5932113e-05,33.18823,0.00010009934,243,243,64,0.00052807824,0.0028190305,6.9043567e-06,0.2030391,0
1202,20.033333,1.4584113e-07,33.188206,33.188206,-2.2869543e-05,33.188206,0.00010008601,243,243,64,0.00029409304,0.001034288,7.2174944e-06,0.20303865,0
1203,20.05,4.0652506e-07,33.188175,33.188175,-3.099527e-05,33.188175,0.00010011966,243,243,64,0.00057156594,0.0023085207,6.177915e-06,0.20303796,0
1204,20.066668,3.9756733e-07,33.188152,33.188152,-2.0790843e-05,33.188152,0.000100106125,243,243,64,0.0005542504,0.002300592,9.357145e-06,0.20303762,0
1205,20.083334,2.62674e-07,33.188118,33.188118,-3.371842e-05,33.188118,0.00010014275,243,243,64,0.00044623582,0.0019749098,6.714074e-06,0.20303696,0
1206,20.1,3.250946e-07,33.1881,33.1881,-2.0719464e-05,33.1881,0.000100106,243,243,64,0.00049925374,0.002133396,6.9800426e-06,0.2030365,0
1207,20.116667,2.2996059e-07,33.188072,33.188072,-2.8192242e-05,33.188072,0.000100124285,243,243,64,0.00040040642,0.0013783983,5.640513e-06,0.20303592,0
1208,20.133333,4.2771592e-07,33.188046,33.188046,-2.6236803e-05,33.188046,0.0001001286,243,243,64,0.0005563304,0.0026729477,6.538371e-06,0.2030354,0
1209,20.15,1.6470543e-07,33.18803,33.18803,-1.6057244e-05,33.18803,0.00010008554,243,243,64,0.0003247198,0.001270009,8.617382e-06,0.20303506,0
1210,20.166666,3.2614898e-07,33.188004,33.188004,-2.4278053e-05,33.188004,0.00010010601,243,243,64,0.00049700495,0.002058805,5.905237e-06,0.20303454,0
1211,20.183332,2.660249e-07,33.18798,33.18798,-2.4167111e-05,33.18798,0.0001000792,243,243,64,0.00043649244,0.0013032268,7.960921e-06,0.20303401,0
1212,20.2,3.7761703e-07,33.187958,33.187958,-2.0836547e-05,33.187958,0.00010011513,243,243,64,0.0005588399,0.002542268,8.588706e-06,0.20303357,0
1213,20.216667,2.864581e-07,33.18794,33.18794,-2.1870574e-05,33.18794,0.00010014614,243,243,64,0.00046671435,0.002074114,9.151732e-06,0.20303316,0
1214,20.233334,3.1459209e-07,33.187916,33.187916,-2.2250048e-05,33.187916,0.00010009323,243,243,64,0.00045701873,0.0028331385,6.744586e-06,0.20303263,0
1215,20.25,2.1102858e-07,33.18789,33.18789,-2.6371867e-05,33.18789,0.00010015985,243,243,64,0.00034054572,0.0023835204,6.3340926e-06,0.20303212,0
1216,20.266666,3.0592673e-07,33.18787,33.18787,-1.719563e-05,33.18787,0.00010011831,243,243,64,0.00047814602,0.0019787697,7.0864244e-06,0.20303173,0
1217,20.283333,1.1146185e-07,33.18785,33.18785,-2.0477584e-05,33.18785,0.000100132755,243,243,64,0.00023463747,0.00090580597,4.977533e-06,0.20303129,0
1218,20.3,2.134604e-07,33.187824,33.187824,-2.7995111e-05,33.187824,0.00010009726,243,243,64,0.0003898352,0.0014433832,6.368426e-06,0.2030307,0
1219,20.316668,1.5648851e-07,33.18781,33.18781,-1.4853674e-05,33.18781,0.0001000762,243,243,64,0.00031151195,0.0012472345,7.4294835e-06,0.20303036,0
1220,20.333334,2.8242098e-07,33.187782,33.187782,-2.614237e-05,33.187782,0.00010009329,243,243,64,0.00047223526,0.0017754695,4.734082e-06,0.20302983,0
1221,20.35,4.7411064e-07,33.18776,33.18776,-2.3416533e-05,33.18776,0.00010013159,243,243,64,0.000590084,0.0019486011,7.9779375e-06,0.20302932,0
1222,20.366667,1.7509724e-07,33.18773,33.18773,-2.9061142e-05,33.18773,0.00010012641,243,243,64,0.00033056972,0.0009791997,6.517132e-06,0.20302877,0
1223,20.383333,2.2206514e-07,33.187714,33.187714,-1.558101e-05,33.187714,0.00010011796,243,243,64,0.00038724768,0.0015146426,6.19969e-06,0.20302838,0
1224,20.4,2.5773988e-07,33.18769,33.18769,-2.4570078e-05,33.18769,0.00010009394,243,243,64,0.000358041,0.003345785,5.7821203e-06,0.20302787,0
1225,20.416666,3.0176122e-07,33.187668,33.187668,-2.0072843e-05,33.187668,0.00010011265,243,243,64,0.00046198483,0.0015326872,6.4732885e-06,0.20302744,0
1226,20.433332,3.1100262e-07,33.18765,33.18765,-2.1603919e-05,33.18765,0.00010010909,243,243,64,0.00048435395,0.0019175707,5.7519446e-06,0.20302697,0
1227,20.45,3.1678016e-07,33.187634,33.187634,-1.56222e-05,33.187634,0.00010008906,243,243,64,0.00047983235,0.0019218468,7.1615054e-06,0.20302658,0
1228,20.466667,1.5787597e-07,33.187607,33.187607,-2.5928442e-05,33.187607,0.000100129415,243,243,64,0.00030830057,0.0010071653,5.183578e-06,0.20302606,0
1229,20.483334,1.5203427e-07,33.187584,33.187584,-2.1286492e-05,33.187584,0.000100106,243,243,64,0.00030752004,0.0013023227,6.1215496e-06,0.20302564,0
1230,20.5,2.4133172e-07,33.18756,33.18756,-2.4516454e-05,33.18756,0.00010008121,243,243,64,0.00041899917,0.0019478969,5.7246825e-06,0.2030251,0
1231,20.516666,3.5973275e-07,33.187534,33.187534,-2.4986117e-05,33.187534,0.00010012611,242,242,64,0.00051879225,0.0019419241,7.26487e-06,0.20302458,0
1232,20.533333,1.5051577e-07,33.187515,33.187515,-2.0658592e-05,33.187515,0.000100140554,242,242,64,0.0002777406,0.00094125397,5.950332e-06,0.20302412,0
1233,20.55,2.972932e-07,33.187492,33.187492,-2.3960209e-05,33.187492,0.00010010535,242,242,64,0.00046802984,0.0020072558,6.539306e-06,0.20302363,0
1234,20.566668,2.604875e-07,33.187473,33.187473,-1.882363e-05,33.187473,0.0001000762,242,242,64,0.000443755,0.0019699952,7.086875e-06,0.2030232,0
1235,20.583334,2.8269778e-07,33.18745,33.18745,-1.9928399e-05,33.18745,0.00010013205,242,242,64,0.00045197958,0.0017961157,6.387793e-06,0.20302278,0
1236,20.6,9.607171e-08,33.18743,33.18743,-2.1966041e-05,33.18743,0.00010009067,242,242,64,0.00021143154,0.00080473593,4.220912e-06,0.20302232,0
1237,20.616667,1.194473e-07,33.187412,33.187412,-1.8597193e-05,33.187412,0.00010010795,242,242,64,0.00026532973,0.0012230434,5.3901804e-06,0.20302187,0
1238,20.633333,2.1883464e-07,33.18738,33.18738,-2.9327763e-05,33.18738,0.00010008884,242,242,64,0.00039363623,0.001662212,4.421205e-06,0.20302129,0
1239,20.65,2.4797362e-07,33.18736,33.187363,-2.1251511e-05,33.187363,0.00010009555,242,242,64,0.00041313388,0.0012858824,4.74387e-06,0.20302081,0
1240,20.666666,1.5235312e-07,33.187344,33.187344,-1.7884915e-05,33.187344,0.00010012468,242,242,64,0.0003144837,0.0013955793,7.2319995e-06,0.20302044,0
1241,20.683332,2.0968169e-07,33.18732,33.18732,-2.1888342e-05,33.18732,0.00010012039,242,242,64,0.00038719358,0.0016555345,5.5697938e-06,0.20301993,0
1242,20.7,1.872739e-07,33.187294,33.187294,-2.629071e-05,33.187294,0.000100105986,242,242,64,0.00034957385,0.0014084534,6.051532e-06,0.2030194,0
1243,20.716667,1.8024866e-07,33.18727,33.18727,-2.2950226e-05,33.18727,0.00010007422,242,242,64,0.00033451212,0.0013556081,5.53321e-06,0.20301892,0
1244,20.733334,1.622911e-07,33.187256,33.187256,-1.7807251e-05,33.187256,0.000100075405,242,242,64,0.00027048035,0.0010918545,5.118038e-06,0.20301852,0
1245,20.75,3.3431076e-07,33.187233,33.187233,-2.2438671e-05,33.187233,0.000100080426,242,242,64,0.0005005985,0.0019378806,5.099658e-06,0.20301801,0
1246,20.766666,8.074097e-08,33.187214,33.187214,-1.8209119e-05,33.187214,0.000100075864,242,242,64,0.00019048511,0.0008145125,5.2174764e-06,0.20301762,0
1247,20.783333,1.7036368e-07,33.187187,33.187187,-2.7342465e-05,33.187187,0.00010007731,240,240,63,0.0003629959,0.001909405,5.7031875e-06,0.20301704,0
1248,20.8,2.9074425e-07,33.187164,33.187164,-2.249031e-05,33.187164,0.000100110934,240,240,63,0.00043561982,0.0027680336,4.994966e-06,0.20301653,0
1249,20.816668,2.3409429e-07,33.18714,33.18714,-2.3498616e-05,33.18714,0.000100106,240,240,63,0.00033124027,0.0027189963,6.5229838e-06,0.20301607,0
1250,20.833334,3.0560435e-07,33.18712,33.18712,-2.2040416e-05,33.18712,0.000100077705,240,240,63,0.00042523173,0.003430758,4.710628e-06,0.20301555,0
1251,20.85,1.0191712e-07,33.187103,33.187103,-1.6164175e-05,33.187103,0.00010009352,240,240,63,0.00023992987,0.0011784658,6.675534e-06,0.20301525,0
1252,20.866667,1.7124843e-07,33.18707,33.18707,-3.1851643e-05,33.18707,0.00010011916,240,240,63,0.00032660243,0.0021977115,2.8845384e-06,0.20301457,0
1253,20.883333,1.9278174e-07,33.187054,33.187054,-1.677023e-05,33.187054,0.00010011493,240,240,63,0.00038370333,0.0015500501,5.625268e-06,0.20301417,0
1254,20.9,2.7825953e-07,33.187035,33.187035,-1.9698877e-05,33.187035,0.00010006033,240,240,63,0.00046624534,0.0021401898,7.573231e-06,0.20301373,0
1255,20.916666,1.8195281e-07,33.187008,33.187008,-2.5533334e-05,33.187008,0.000100116435,240,240,63,0.00031506427,0.0026633707,4.0418536e-06,0.20301318,0
1256,20.933332,2.907567e-07,33.186985,33.186985,-2.13381e-05,33.186985,0.00010011165,240,240,63,0.00047564087,0.0018768945,6.2997624e-06,0.20301272,0
1257,20.95,1.4532874e-07,33.186966,33.186966,-2.2257354e-05,33.186966,0.00010012072,240,240,63,0.00028740795,0.0013504167,6.2105887e-06,0.20301232,0
1258,20.966667,1.731603e-07,33.186943,33.186943,-1.9922778e-05,33.186943,0.00010012699,240,240,63,0.00035361218,0.0016445587,5.4218467e-06,0.20301184,0
1259,20.983334,1.8459905e-07,33.186916,33.186916,-2.8584434e-05,33.186916,0.00010011562,240,240,63,0.00032163638,0.0014308321,5.8644664e-06,0.20301127,0
1260,21,4.006502e-07,33.186897,33.186897,-1.906954e-05,33.186897,0.000100122794,240,240,63,0.00054712174,0.0019355317,6.16305e-06,0.20301083,0
1261,21.016666,1.09384956e-07,33.18688,33.18688,-1.9576855e-05,33.18688,0.00010010601,240,240,63,0.00022309109,0.0010945018,5.587121e-06,0.20301041,0
1262,21.033333,3.027631e-07,33.186855,33.186855,-2.0422252e-05,33.186855,0.000100100864,240,240,63,0.0004948482,0.0021237822,4.9516107e-06,0.2030099,0
1263,21.05,9.501182e-08,33.186836,33.186836,-2.1654656e-05,33.186836,0.00010010471,240,240,63,0.00023479197,0.001318843,6.6312155e-06,0.20300953,0
1264,21.066668,1.3905536e-07,33.186813,33.186813,-2.1569116e-05,33.186813,0.000100090554,240,240,63,0.0002972279,0.001500166,4.82736e-06,0.20300902,0
1265,21.083334,1.1954553e-07,33.186794,33.186794,-1.9471354e-05,33.186794,0.00010011003,240,240,63,0.00027308223,0.0012717706,6.6355697e-06,0.20300859,0
1266,21.1,2.9482828e-07,33.186764,33.186764,-2.941812e-05,33.186764,0.00010011152,240,240,63,0.00044945956,0.0025311322,2.9567977e-06,0.20300797,0
1267,21.116667,1.9014166e-07,33.186745,33.186745,-2.1551592e-05,33.186745,0.00010011338,240,240,63,0.0003626863,0.0017125454,4.709223e-06,0.20300744,0
1268,21.133333,7.645887e-08,33.18672,33.18672,-2.0563059e-05,33.18672,0.00010011441,240,240,63,0.00019674608,0.0011808632,5.8539e-06,0.20300707,0
1269,21.15,2.9105013e-07,33.1867,33.1867,-2.2562355e-05,33.1867,0.000100088364,240,240,63,0.0004889039,0.0022747158,4.307012e-06,0.20300652,0
1270,21.166666,2.1895528e-07,33.186676,33.186676,-2.4345336e-05,33.186676,0.00010008586,240,240,63,0.00029514774,0.0036389434,4.0819577e-06,0.20300601,0
1271,21.183332,9.165492e-08,33.18666,33.18666,-1.6087788e-05,33.18666,0.000100106,240,240,63,0.00022000553,0.0010727283,5.4911748e-06,0.20300569,0
1272,21.2,1.0641374e-07,33.186634,33.186634,-2.508976e-05,33.186634,0.0001000985,240,240,63,0.00022027682,0.00076209125,2.931354e-06,0.20300514,0
1273,21.216667,8.141397e-08,33.186615,33.186615,-2.1139394e-05,33.186615,0.000100124395,240,240,63,0.00020123794,0.0009805231,4.301534e-06,0.20300467,0
1274,21.233334,1.8060086e-07,33.18659,33.18659,-2.3841545e-05,33.18659,0.00010017755,240,240,63,0.00034825862,0.0018934907,4.572669e-06,0.20300414,0
1275,21.25,1.7585666e-07,33.186565,33.186565,-2.2947945e-05,33.186565,0.00010012451,240,240,63,0.00027515838,0.003559828,4.4952526e-06,0.20300363,0
1276,21.266666,9.635119e-08,33.18655,33.18655,-1.5707483e-05,33.18655,0.00010007689,240,240,63,0.00022688677,0.0010490455,5.855603e-06,0.20300327,0
1277,21.283333,1.8415086e-07,33.186523,33.186523,-2.7178034e-05,33.186523,0.000100089135,240,240,63,0.00037162917,0.0017963935,3.4293114e-06,0.20300268,0
1278,21.3,1.8549802e-07,33.1865,33.1865,-2.244309e-05,33.1865,0.00010011464,240,240,63,0.00034891145,0.0027589072,4.110088e-06,0.20300218,0
1279,21.316668,1.8048495e-07,33.186478,33.186478,-2.2449449e-05,33.186478,0.00010010817,240,240,63,0.00036018898,0.0013429107,6.704538e-06,0.20300166,0
1280,21.333334,2.3276428e-07,33.186455,33.186455,-2.3555942e-05,33.186455,0.00010013063,240,240,63,0.0004176135,0.0015921503,5.704267e-06,0.20300116,0
1281,21.35,2.5864168e-07,33.18643,33.18643,-2.1919794e-05,33.18643,0.00010010948,240,240,63,0.00045937274,0.0021834958,6.011937e-06,0.20300071,0
1282,21.366667,2.0171987e-07,33.18641,33.18641,-2.3665143e-05,33.18641,0.00010010492,240,240,63,0.00038118215,0.0016646839,6.690714e-06,0.20300017,0
1283,21.383333,8.152638e-08,33.186386,33.186386,-2.1899608e-05,33.186386,0.00010008148,240,240,63,0.00019519923,0.0007895088,2.8391996e-06,0.20299974,0
1284,21.4,1.1016312e-07,33.186363,33.186363,-2.5242136e-05,33.186363,0.00010009609,240,240,63,0.00026595485,0.001536316,3.819036e-06,0.20299917,0
1285,21.416666,1.0933507e-07,33.18634,33.18634,-2.0616459e-05,33.18634,0.00010014369,240,240,63,0.00027041594,0.0013274401,5.8893993e-06,0.2029987,0
1286,21.433332,2.1916021e-07,33.186314,33.186314,-2.7322263e-05,33.186314,0.000100106,240,240,63,0.00032037238,0.0023625316,5.8906567e-06,0.20299815,0
1287,21.45,1.2114609e-07,33.18629,33.186295,-2.2043685e-05,33.186295,0.00010010373,240,240,63,0.0002745407,0.0015401129,4.306698e-06,0.20299761,0
1288,21.466667,2.8991454e-07,33.186275,33.186275,-1.811929e-05,33.186275,0.00010010959,240,240,63,0.00047978407,0.0021392917,6.8992967e-06,0.20299725,0
1289,21.483334,1.5793866e-07,33.186256,33.186256,-1.925131e-05,33.186256,0.000100095014,240,240,63,0.00034467966,0.0017445538,6.1442533e-06,0.20299682,0
1290,21.5,1.7663042e-07,33.18623,33.18623,-2.6083357e-05,33.18623,0.00010007851,240,240,63,0.00037265348,0.0017701263,3.2146972e-06,0.20299624,0
1291,21.516666,1.17279605e-07,33.18621,33.18621,-1.9511195e-05,33.18621,0.0001001406,240,240,63,0.00027720345,0.0013938114,5.3861486e-06,0.20299584,0
1292,21.533333,1.2426146e-07,33.186188,33.186188,-2.3102475e-05,33.186188,0.00010011637,240,240,63,0.00028981568,0.0014222845,4.435287e-06,0.20299534,0
1293,21.55,1.5191175e-07,33.186157,33.186157,-2.8069458e-05,33.186157,0.00010013581,240,240,63,0.0003387204,0.0017653735,3.422655e-06,0.20299473,0
1294,21.566668,2.3515611e-07,33.186134,33.186134,-2.3192468e-05,33.186134,0.00010009511,240,240,63,0.00036831756,0.0031194855,4.654454e-06,0.2029942,0
1295,21.583334,3.7897073e-07,33.186115,33.186115,-1.8310498e-05,33.186115,0.000100097306,240,240,63,0.00041555564,0.004271453,4.8206193e-06,0.20299377,0
1296,21.6,6.336898e-08,33.1861,33.1861,-1.827115e-05,33.1861,0.000100082536,240,240,63,0.00016949998,0.0006656853,4.7288777e-06,0.20299338,0
1297,21.616667,1.7676498e-07,33.186073,33.186073,-2.6986183e-05,33.186073,0.000100111996,240,240,63,0.0003614354,0.0016955315,4.052522e-06,0.2029928,0
1298,21.633333,8.113986e-08,33.186047,33.18605,-2.320508e-05,33.18605,0.00010010515,240,240,63,0.00021291617,0.00090278423,2.747376e-06,0.20299225,0
1299,21.65,2.6314075e-07,33.186028,33.186028,-2.1597414e-05,33.186028,0.000100118,240,240,63,0.00045824563,0.0022128685,5.5220476e-06,0.20299175,0
1300,21.666666,8.579646e-08,33.18601,33.18601,-1.7800383e-05,33.18601,0.00010008752,240,240,63,0.00023301622,0.0013160704,7.806745e-06,0.2029914,0
1301,21.683332,8.744536e-08,33.185986,33.185986,-2.3440318e-05,33.185986,0.00010013217,240,240,63,0.00020185161,0.0007602277,2.2307297e-06,0.20299093,0
1302,21.7,1.0243089e-07,33.185963,33.185963,-2.3593237e-05,33.185963,0.00010009502,240,240,63,0.00023680023,0.0010184628,4.9115993e-06,0.2029904,0
1303,21.716667,8.638277e-08,33.185936,33.185936,-2.7115626e-05,33.185936,0.00010014395,240,240,63,0.00021289941,0.0009998184,2.7862152e-06,0.20298979,0
1304,21.733334,8.3289926e-08,33.185917,33.185917,-1.8789917e-05,33.185917,0.00010008283,240,240,63,0.00022175003,0.0012207499,5.0310514e-06,0.20298935,0
1305,21.75,1.5398022e-07,33.185894,33.185894,-2.2041235e-05,33.185894,0.00010011027,240,240,63,0.0003547368,0.001941952,5.392329e-06,0.2029889,0
1306,21.766666,1.8643232e-07,33.185867,33.185867,-2.6568361e-05,33.185867,0.00010014431,240,240,63,0.0003655633,0.0018343569,5.4761836e-06,0.2029883,0
1307,21.783333,3.050398e-07,33.18585,33.18585,-1.9998257e-05,33.18585,0.00010013074,240,240,63,0.0004974927,0.0022545152,7.2148896e-06,0.20298783,0
1308,21.8,5.731573e-08,33.18582,33.18582,-2.4354711e-05,33.18582,0.00010010009,240,240,63,0.00016013022,0.0007578837,3.7256968e-06,0.20298737,0
1309,21.816668,1.7494563e-07,33.1858,33.1858,-2.5818163e-05,33.1858,0.00010011327,240,240,63,0.0003775474,0.0018089378,3.7385107e-06,0.20298678,0
1310,21.833334,2.9878552e-07,33.18578,33.18578,-1.949426e-05,33.18578,0.00010010167,240,240,63,0.00045901356,0.001981519,5.1417087e-06,0.2029863,0
1311,21.85,1.4507133e-07,33.185757,33.185757,-2.2431896e-05,33.185757,0.00010010305,240,240,63,0.00026729004,0.0022528153,7.377575e-06,0.20298582,0
1312,21.866667,5.395903e-08,33.185738,33.185738,-1.9709212e-05,33.185738,0.00010006281,240,240,63,0.00015315584,0.00089026755,4.0783343e-06,0.2029854,0
1313,21.883333,6.965376e-08,33.18571,33.18571,-2.3260016e-05,33.18571,0.00010012685,240,240,63,0.00018859516,0.0010822761,3.8094945e-06,0.20298493,0
1314,21.9,2.3161272e-07,33.185688,33.185688,-2.5607578e-05,33.185688,0.00010015835,241,241,63,0.00030136845,0.0035782463,2.575282e-06,0.20298432,0
1315,21.916666,1.3147312e-07,33.185665,33.185665,-2.0882024e-05,33.185665,0.000100106,241,241,63,0.00022356465,0.0026444201,2.3262094e-06,0.20298386,0
1316,21.933332,7.185931e-08,33.185646,33.185646,-1.8347673e-05,33.185646,0.000100096724,241,241,63,0.0001798642,0.0010241043,4.4404565e-06,0.20298341,0
1317,21.95,7.433332e-08,33.185623,33.185623,-2.4437022e-05,33.185623,0.000100101504,241,241,63,0.00018765588,0.00089390285,4.2231786e-06,0.20298289,0
1318,21.966667,2.2683287e-07,33.185596,33.185596,-2.827712e-05,33.185596,0.00010010102,241,241,63,0.00033437638,0.0040481123,2.7545173e-06,0.20298228,0
1319,21.983334,8.502149e-08,33.185577,33.185577,-1.8596125e-05,33.185577,0.000100078956,241,241,63,0.00023394343,0.0007363993,3.0123304e-06,0.20298181,0
1320,22,1.6235259e-07,33.185547,33.185547,-3.101237e-05,33.185547,0.00010011203,241,241,63,0.00028270355,0.0010912956,3.4776108e-06,0.20298117,0
1321,22.016666,6.291055e-08,33.18553,33.18553,-1.539491e-05,33.18553,0.00010008301,241,241,63,0.00017513717,0.0010737701,4.5662914e-06,0.20298079,0
1322,22.033333,1.413074e-07,33.185493,33.185493,-3.5998957e-05,33.185493,0.00010010817,241,241,63,0.00034118257,0.0019336671,2.4631129e-06,0.20298,0
1323,22.05,2.5718273e-07,33.185467,33.185467,-2.6484937e-05,33.185467,0.0001001606,241,241,63,0.000469503,0.002425475,4.521526e-06,0.2029794,0
1324,22.066668,1.5934982e-07,33.185444,33.185444,-2.453733e-05,33.185444,0.00010011555,241,241,63,0.00030853268,0.001588841,4.8627626e-06,0.20297879,0
1325,22.083334,8.3470056e-08,33.18542,33.18542,-2.2354061e-05,33.18542,0.00010008573,241,241,63,0.00024225701,0.0014695053,5.7536513e-06,0.20297834,0
1326,22.1,5.489268e-07,33.185387,33.185387,-3.4614364e-05,33.185387,0.00010014823,241,241,63,0.0005649046,0.004113919,4.6334653e-06,0.20297752,0
1327,22.116667,6.262488e-08,33.185368,33.185368,-1.810934e-05,33.185368,0.00010007961,241,241,63,0.00017972448,0.0011319164,5.876553e-06,0.2029772,0
1328,22.133333,2.710112e-07,33.185333,33.185333,-3.4206416e-05,33.185333,0.000100170575,241,241,63,0.00036523596,0.0023823623,2.0207092e-06,0.2029764,0
1329,22.15,5.962136e-08,33.185318,33.185318,-1.4841837e-05,33.185318,0.00010018838,241,241,63,0.00016226871,0.000892148,4.5459083e-06,0.20297608,0
1330,22.166666,3.1151e-07,33.185284,33.185284,-3.5160443e-05,33.185284,0.00010016345,241,241,63,0.0005309085,0.0028076996,3.947471e-06,0.20297529,0
1331,22.183332,2.0842818e-07,33.185265,33.185265,-2.0718711e-05,33.185265,0.00010012852,241,241,63,0.00036253073,0.0010346286,5.0296176e-06,0.20297478,0
1332,22.2,1.0204989e-07,33.18524,33.18524,-2.1054519e-05,33.18524,0.000100081976,241,241,63,0.00027535975,0.0016055825,7.1374757e-06,0.20297433,0
1333,22.216667,4.5269616e-07,33.185207,33.185207,-3.5227942e-05,33.185207,0.00010015036,241,241,63,0.00050619425,0.0035622152,3.6916188e-06,0.20297356,0
1334,22.233334,2.6415054e-07,33.185184,33.185184,-2.2799237e-05,33.185184,0.000100143276,241,241,63,0.00047468394,0.0023129506,7.019973e-06,0.20297305,0
1335,22.25,3.3276072e-07,33.185158,33.185158,-2.5867183e-05,33.185158,0.00010007627,241,241,63,0.00053758296,0.0026070504,8.734859e-06,0.20297249,0
1336,22.266666,5.3777523e-08,33.185143,33.185143,-1.6073216e-05,33.185143,0.000100099525,241,241,63,0.00015105326,0.0009138308,3.82702e-06,0.20297205,0
1337,22.283333,1.03094976e-07,33.18511,33.18511,-3.353421e-05,33.18511,0.000100115765,241,241,63,0.00025745376,0.0013147971,4.575854e-06,0.2029714,0
1338,22.3,1.1577477e-07,33.18508,33.18508,-2.7419408e-05,33.18508,0.00010013721,241,241,63,0.00022718911,0.0008979698,2.2755444e-06,0.20297076,0
1339,22.316668,7.168337e-08,33.185062,33.185062,-1.9495936e-05,33.185062,0.00010009234,241,241,63,0.00020823622,0.0012426078,4.0301557e-06,0.20297033,0
1340,22.333334,6.494354e-08,33.18504,33.18504,-2.3781216e-05,33.18504,0.00010013755,241,241,63,0.00017018443,0.0006944942,1.8221247e-06,0.20296974,0
1341,22.35,8.4597154e-08,33.18501,33.18501,-2.7412434e-05,33.18501,0.00010008427,241,241,63,0.00023499859,0.0013273035,3.749783e-06,0.20296913,0
1342,22.366667,1.6527066e-07,33.184982,33.184982,-2.85152e-05,33.184982,0.00010011778,241,241,63,0.00032326824,0.0016429762,2.9856008e-06,0.20296848,0
1343,22.383333,8.573617e-08,33.18496,33.18496,-2.3355246e-05,33.18496,0.00010007739,241,241,63,0.00024757037,0.0014817994,6.477903e-06,0.20296797,0
1344,22.4,6.1699026e-08,33.184937,33.184937,-2.1803453e-05,33.184937,0.00010009521,241,241,63,0.00016530784,0.0006925107,1.7547225e-06,0.20296748,0
1345,22.416666,8.624019e-08,33.184906,33.184906,-3.0898904e-05,33.184906,0.00010008742,241,241,63,0.00022851366,0.001207553,4.235674e-06,0.2029668,0
1346,22.433332,7.206406e-08,33.184887,33.184887,-1.747096e-05,33.184887,0.000100078636,241,241,63,0.00018267008,0.00070694025,2.0113882e-06,0.20296633,0
1347,22.45,5.7659154e-08,33.184856,33.184856,-3.0771596e-05,33.184856,0.00010010248,241,241,63,0.00017747926,0.001163076,2.1923925e-06,0.20296566,0
1348,22.466667,8.485595e-08,33.184837,33.184837,-2.175222e-05,33.184837,0.00010011029,241,241,63,0.00023775529,0.0013694217,5.0410226e-06,0.20296514,0
1349,22.483334,6.04207e-08,33.18481,33.18481,-2.5128953e-05,33.18481,0.000100076206,241,241,63,0.00016146064,0.000735299,1.7593952e-06,0.20296456,0
1350,22.5,1.8005355e-07,33.18478,33.18478,-2.9806282e-05,33.18478,0.000100111785,241,241,63,0.00036145945,0.0018443541,4.4085414e-06,0.20296387,0
1351,22.516666,5.797449e-07,33.18475,33.18475,-3.2186304e-05,33.18475,0.00010017714,241,241,63,0.0005818788,0.0041882438,6.819558e-06,0.20296316,0
1352,22.533333,5.7773175e-08,33.184734,33.184734,-1.49861635e-05,33.184734,0.00010007167,241,241,63,0.00017557786,0.0011519626,6.0267535e-06,0.20296285,0
1353,22.55,3.3859146e-07,33.1847,33.1847,-3.3136454e-05,33.1847,0.00010016442,241,241,63,0.00047982475,0.003494378,1.8840808e-06,0.20296206,0
1354,22.566668,5.2145783e-08,33.184685,33.184685,-1.5083147e-05,33.184685,0.000100091835,241,241,63,0.0001521194,0.0007469202,3.448371e-06,0.20296177,0
1355,22.583334,1.0021906e-07,33.184658,33.184658,-2.721776e-05,33.184658,0.000100105775,241,241,63,0.00026481884,0.00144639,3.1545871e-06,0.20296109,0
1356,22.6,1.3050436e-07,33.18463,33.18463,-2.8066823e-05,33.18463,0.00010010863,241,241,63,0.00031769197,0.0016808049,3.892617e-06,0.20296045,0
1357,22.616667,7.17441e-08,33.18461,33.18461,-2.333447e-05,33.18461,0.000100101766,241,241,63,0.00018171786,0.0005287262,1.857604e-06,0.20295994,0
1358,22.633333,2.4269204e-07,33.184578,33.184578,-2.7094886e-05,33.184578,0.00010008216,241,241,63,0.00037199171,0.002488113,3.3543247e-06,0.20295934,0
1359,22.65,8.185598e-08,33.184555,33.184555,-2.5764119e-05,33.184555,0.000100165606,241,241,63,0.00021140194,0.0012695644,4.582216e-06,0.20295878,0
1360,22.666666,5.581796e-08,33.184532,33.184532,-2.1805454e-05,33.184532,0.00010009174,241,241,63,0.00016274818,0.0009808067,4.7293115e-06,0.20295829,0
1361,22.683332,5.513167e-07,33.184494,33.184494,-3.7909424e-05,33.184494,0.000100134785,241,241,63,0.0005201368,0.0050486224,2.972625e-06,0.2029574,0
1362,22.7,4.5995268e-08,33.18448,33.18448,-1.4470748e-05,33.18448,0.00010010607,241,241,63,0.00013715889,0.0010004775,4.042349e-06,0.20295711,0
1363,22.716667,3.9645974e-07,33.18444,33.184444,-3.6890673e-05,33.184444,0.000100205165,241,241,63,0.00040891362,0.003905283,1.8841395e-06,0.20295618,0
1364,22.733334,4.779505e-08,33.184425,33.184425,-1.7472938e-05,33.184425,0.000100127516,241,241,63,0.0001440397,0.0008606205,3.6907968e-06,0.20295584,0
1365,22.75,1.3662171e-07,33.184395,33.184395,-2.9837089e-05,33.184395,0.00010015992,241,241,63,0.00033067717,0.0020507057,1.997035e-06,0.2029551,0
1366,22.766666,1.511705e-07,33.184364,33.184364,-3.074264e-05,33.184364,0.000100147045,241,241,63,0.00027582957,0.0012662469,2.4290377e-06,0.20295446,0
1367,22.783333,2.650254e-07,33.18434,33.18434,-2.2829347e-05,33.18434,0.00010009646,241,241,63,0.00042852576,0.0013936779,5.6223303e-06,0.20295395,0
1368,22.8,1.859433e-07,33.184322,33.184322,-2.1027223e-05,33.184322,0.00010010665,241,241,63,0.0004019936,0.0021496906,6.589077e-06,0.20295347,0
1369,22.816668,8.8781654e-08,33.184296,33.184296,-2.6032954e-05,33.184296,0.000100099554,241,241,63,0.00025504193,0.0015223994,6.028451e-06,0.2029529,0
1370,22.833334,1.5874257e-07,33.18427,33.18427,-2.4702045e-05,33.18427,0.00010009835,241,241,63,0.00031314755,0.001558005,3.7983248e-06,0.2029523,0
1371,22.85,3.0740625e-07,33.184235,33.18424,-3.3434862e-05,33.18424,0.00010018979,241,241,63,0.0005398694,0.0031459427,4.9548817e-06,0.20295155,0
1372,22.866667,4.6624972e-08,33.184223,33.184223,-1.4059953e-05,33.184223,0.000100097706,241,241,63,0.0001423242,0.000831708,3.7036e-06,0.20295124,0
1373,22.883333,6.584e-08,33.184196,33.184196,-2.6415342e-05,33.184196,0.000100093486,241,241,63,0.00020683142,0.0013113684,2.286933e-06,0.20295069,0
1374,22.9,1.1181629e-07,33.18417,33.18417,-2.7386111e-05,33.18417,0.00010007662,241,241,63,0.00024928406,0.0013320718,3.7046043e-06,0.20295005,0
1375,22.916666,5.7391194e-08,33.184143,33.184143,-2.5325196e-05,33.184143,0.00010014898,241,241,63,0.00017940719,0.0011546145,5.1428137e-06,0.20294951,0
1376,22.933332,1.7388302e-07,33.184113,33.184113,-3.0806954e-05,33.184113,0.000100111516,241,241,63,0.00033702902,0.002607641,2.745903e-06,0.20294876,0
1377,22.95,5.239732e-08,33.18409,33.18409,-2.2898432e-05,33.18409,0.00010011299,240,240,63,0.00016567987,0.001168648,5.6949293e-06,0.2029483,0
1378,22.966667,1.6908238e-07,33.184055,33.184055,-3.379935e-05,33.184055,0.000100105986,240,240,63,0.00028010027,0.001745216,1.8985646e-06,0.20294753,0
1379,22.983334,5.072289e-08,33.18404,33.18404,-1.5247572e-05,33.18404,0.000100114456,240,240,63,0.0001493186,0.0008350998,3.840153e-06,0.20294718,0
1380,23,1.3055188e-07,33.18401,33.18401,-3.2007403e-05,33.18401,0.00010014324,240,240,63,0.00024874258,0.0010587965,1.910135e-06,0.2029464,0
1381,23.016666,1.3011719e-07,33.18399,33.18399,-1.8953513e-05,33.18399,0.00010015519,240,240,63,0.00031191486,0.0017617333,5.379223e-06,0.20294592,0
1382,23.033333,4.81395e-08,33.18396,33.18396,-2.9176617e-05,33.18396,0.00010015104,240,240,63,0.00016794169,0.0012683753,5.5074042e-06,0.20294534,0
1383,23.05,2.870993e-07,33.183926,33.183926,-3.4175842e-05,33.183926,0.000100106,240,240,63,0.0005184791,0.002955852,4.3582795e-06,0.20294455,0
1384,23.066668,4.4363482e-08,33.183907,33.183907,-1.969458e-05,33.183907,0.000100107216,240,240,63,0.00013791298,0.00088610325,3.7393086e-06,0.20294411,0
1385,23.083334,8.096135e-08,33.18388,33.18388,-2.5899195e-05,33.18388,0.00010007031,240,240,63,0.00023857638,0.001401957,2.4676767e-06,0.20294352,0
1386,23.1,3.1422456e-07,33.18385,33.18385,-3.13552e-05,33.18385,0.00010012922,240,240,63,0.00052183925,0.0025284959,5.471609e-06,0.2029428,0
1387,23.116667,1.2132433e-07,33.183826,33.183826,-2.2637336e-05,33.183826,0.00010013865,240,240,63,0.00023001235,0.0011813397,3.9649963e-06,0.20294234,0
1388,23.133333,1.6399117e-07,33.1838,33.1838,-2.5726871e-05,33.1838,0.00010013509,240,240,63,0.00030933702,0.000932582,3.931013e-06,0.2029417,0
1389,23.15,1.05925636e-07,33.183777,33.183777,-2.4663817e-05,33.183777,0.000100089615,240,240,63,0.000291285,0.0016242814,6.963957e-06,0.20294116,0
1390,23.166666,2.4467144e-07,33.183746,33.183746,-2.8789638e-05,33.183746,0.0001001062,240,240,63,0.00044412207,0.002213153,6.41174e-06,0.20294051,0
1391,23.183332,3.5925072e-07,33.18372,33.18372,-2.7151254e-05,33.18372,0.00010011878,240,240,63,0.00056545367,0.0027273367,8.322985e-06,0.20293988,0
1392,23.2,1.442588e-07,33.183693,33.183693,-2.8977121e-05,33.183693,0.0001001121,240,240,63,0.00030328962,0.0016233523,5.1556963e-06,0.20293924,0
1393,23.216667,7.634987e-08,33.183666,33.183666,-2.5671192e-05,33.183666,0.00010010935,240,240,63,0.00023502843,0.0014396422,5.1421293e-06,0.20293868,0
1394,23.233334,5.969366e-08,33.183647,33.183647,-1.913599e-05,33.183647,0.00010007638,240,240,63,0.00016250584,0.00067341,1.3383104e-06,0.20293821,0
1395,23.25,1.9009191e-07,33.18361,33.18361,-3.6113208e-05,33.18361,0.00010011754,240,240,63,0.00042100926,0.0023937384,2.249653e-06,0.20293735,0
1396,23.266666,4.300864e-08,33.18359,33.18359,-1.9931438e-05,33.18359,0.000100076366,240,240,63,0.00013950626,0.0011604636,3.2442017e-06,0.20293692,0
1397,23.283333,5.868427e-08,33.183563,33.183563,-2.7582668e-05,33.183563,0.000100117446,240,240,63,0.00018805485,0.0011966099,3.1288391e-06,0.20293626,0
1398,23.3,6.947536e-08,33.18354,33.18354,-2.3763685e-05,33.18354,0.00010006622,240,240,63,0.00017967442,0.00059175515,1.5959585e-06,0.20293574,0
1399,23.316668,3.9800753e-08,33.183514,33.183514,-2.6630487e-05,33.183514,0.0001001044,240,240,63,0.0001299933,0.0009700886,1.6304718e-06,0.20293508,0
1400,23.333334,1.31441e-07,33.183483,33.183483,-3.1164316e-05,33.183483,0.00010008985,240,240,63,0.00022774129,0.0014440966,1.8254361e-06,0.2029344,0
1401,23.35,4.3481094e-08,33.183468,33.183468,-1.4552152e-05,33.183468,0.000100121564,240,240,63,0.00013644232,0.00092319236,3.4237316e-06,0.20293403,0
1402,23.366667,1.6796112e-07,33.18344,33.18344,-2.7141354e-05,33.18344,0.00010013362,240,240,63,0.00028650629,0.0009616654,2.0955972e-06,0.2029334,0
1403,23.383333,9.728735e-08,33.183407,33.183407,-3.132663e-05,33.183407,0.00010015181,240,240,63,0.00029667828,0.0020385904,1.5479233e-06,0.2029326,0
1404,23.4,5.0936478e-08,33.183388,33.183388,-1.9830706e-05,33.183388,0.000100081,240,240,63,0.00015095476,0.000717776,1.3758403e-06,0.2029322,0
1405,23.416666,3.383834e-07,33.18335,33.18335,-3.8616243e-05,33.18335,0.00010020412,240,240,63,0.0005225891,0.0025812704,3.0913159e-06,0.2029313,0
1406,23.433332,2.664392e-07,33.183327,33.183327,-2.5010206e-05,33.183327,0.00010015687,240,240,63,0.0004897295,0.0025700761,6.4614665e-06,0.20293076,0
1407,23.45,1.7037837e-07,33.1833,33.1833,-2.5533089e-05,33.1833,0.000100135956,240,240,63,0.00027833728,0.0022952089,3.1773293e-06,0.20293018,0
1408,23.466667,2.6063e-07,33.183273,33.183273,-2.6843072e-05,33.183273,0.00010013806,240,240,63,0.0004927925,0.0025597159,5.0550357e-06,0.20292956,0
1409,23.483334,2.4197084e-07,33.18325,33.18325,-2.362688e-05,33.18325,0.000100148296,240,240,63,0.00045815346,0.0023118365,6.1001665e-06,0.20292899,0
1410,23.5,4.834323e-08,33.183224,33.183224,-2.446687e-05,33.183224,0.00010012448,240,240,63,0.00014437307,0.0006873838,2.6606813e-06,0.20292845,0
1411,23.516666,6.185926e-08,33.1832,33.1832,-2.4592237e-05,33.1832,0.000100078025,240,240,63,0.00017499577,0.0009578204,2.3024386e-06,0.20292786,0
1412,23.533333,9.2306436e-08,33.183178,33.183178,-2.1915224e-05,33.183178,0.00010008351,240,240,63,0.00021434137,0.00082454894,1.998746e-06,0.20292732,0
1413,23.55,4.5327482e-08,33.18315,33.18315,-2.7479067e-05,33.18315,0.00010007631,240,240,63,0.00014125778,0.00085573614,2.0738846e-06,0.20292674,0
1414,23.566668,1.3750164e-07,33.183117,33.183117,-3.3990116e-05,33.183117,0.000100170844,240,240,63,0.0003468898,0.0024521137,1.7561656e-06,0.20292592,0
1415,23.583334,5.5558633e-08,33.1831,33.1831,-1.4047369e-05,33.1831,0.0001000792,240,240,63,0.00015633155,0.0006386094,1.7972923e-06,0.2029256,0
1416,23.6,1.1450827e-07,33.18307,33.18307,-3.202828e-05,33.18307,0.00010011502,241,241,63,0.00031598017,0.00187906,1.8798257e-06,0.20292486,0
1417,23.616667,1.0253539e-07,33.18304,33.18304,-2.9106612e-05,33.18304,0.0001001022,241,241,63,0.00028583562,0.0014942602,2.3073333e-06,0.20292425,0
1418,23.633333,1.750965e-07,33.183018,33.183018,-2.5031955e-05,33.183018,0.00010010693,241,241,63,0.000397474,0.00217613,7.557151e-06,0.20292364,0
1419,23.65,1.0580415e-07,33.18299,33.18299,-2.4010023e-05,33.18299,0.00010009484,241,241,63,0.00028356782,0.0015525359,5.488196e-06,0.2029231,0
1420,23.666666,8.753198e-08,33.182964,33.182964,-2.8946657e-05,33.182964,0.0001001,241,241,63,0.00023834089,0.0011780151,2.0847838e-06,0.20292245,0
1421,23.683332,5.4460333e-08,33.182938,33.182938,-2.680014e-05,33.182938,0.00010012493,241,241,63,0.00018582083,0.0012466761,4.126865e-06,0.20292184,0
1422,23.7,1.01215456e-07,33.182907,33.182907,-2.8715374e-05,33.182907,0.00010010863,241,241,63,0.0002864535,0.0017202727,1.7180115e-06,0.2029211,0
1423,23.716667,4.6407087e-07,33.18287,33.182873,-3.7044538e-05,33.182873,0.0001001381,241,241,63,0.0005787558,0.0025394696,4.87903e-06,0.20292032,0
1424,23.733334,1.4335092e-07,33.18285,33.18285,-1.9772564e-05,33.18285,0.000100158766,241,241,63,0.00035749783,0.002076991,7.962895e-06,0.20291986,0
1425,23.75,6.325436e-08,33.18283,33.18283,-2.2025768e-05,33.18283,0.00010010058,241,241,63,0.00020465323,0.0012946085,6.086127e-06,0.20291935,0
1426,23.766666,1.0847576e-07,33.182796,33.182796,-3.3205793e-05,33.182796,0.000100161495,241,241,63,0.00030163903,0.001899938,1.4179503e-06,0.2029186,0
1427,23.783333,6.674319e-08,33.182777,33.182777,-1.9659832e-05,33.182777,0.000100098805,241,241,63,0.00022440669,0.0014512164,4.1154353e-06,0.20291816,0
1428,23.8,4.328225e-07,33.18273,33.182735,-4.2693988e-05,33.182735,0.0001001358,241,241,63,0.0005952314,0.0035056868,3.864604e-06,0.20291719,0
1429,23.816668,6.9099876e-08,33.18272,33.18272,-1.3664129e-05,33.18272,0.00010014829,241,241,63,0.00018936748,0.00046782562,4.029546e-06,0.20291686,0
1430,23.833334,1.8813384e-07,33.18269,33.18269,-2.8643095e-05,33.18269,0.000100207144,241,241,63,0.00032111024,0.0023791688,3.725759e-06,0.20291619,0
1431,23.85,8.075394e-08,33.18267,33.18267,-2.072301e-05,33.18267,0.00010010849,241,241,63,0.000190808,0.0009735639,3.1395446e-06,0.20291574,0
1432,23.866667,1.4352901e-07,33.182636,33.182636,-3.4019515e-05,33.182636,0.000100176745,241,241,63,0.00032341815,0.0018907742,2.9216344e-06,0.20291498,0
1433,23.883333,4.2633964e-08,33.182617,33.182617,-1.7723934e-05,33.182617,0.00010011486,241,241,63,0.00013330916,0.0009279769,4.721934e-06,0.2029146,0
1434,23.9,2.6213735e-07,33.182587,33.182587,-3.1036452e-05,33.182587,0.00010015453,241,241,63,0.00031033077,0.0030432798,1.6688584e-06,0.20291379,0
1435,23.916666,1.3401035e-07,33.182564,33.182564,-2.3902603e-05,33.182564,0.000100110774,239,239,63,0.00023372834,0.002161646,1.5889244e-06,0.20291327,0
1436,23.933332,4.101137e-08,33.182545,33.182545,-2.0874884e-05,33.182545,0.000100125784,239,239,63,0.00013286057,0.0008815001,2.9944429e-06,0.20291278,0
1437,23.95,7.437578e-08,33.182514,33.182514,-3.0391315e-05,33.182514,0.000100115205,239,239,63,0.00020026004,0.0012021175,1.8673431e-06,0.20291214,0
1438,23.966667,9.097128e-08,33.182487,33.182487,-2.3924136e-05,33.182487,0.00010010605,239,239,63,0.00020353387,0.0009840594,4.1084327e-06,0.20291151,0
1439,23.983334,2.0516241e-07,33.182457,33.182457,-3.1474276e-05,33.182457,0.00010015836,239,239,63,0.00037337083,0.0020474314,2.3908965e-06,0.20291083,0
1440,24,1.6387294e-07,33.182434,33.182434,-2.4314531e-05,33.182434,0.00010009155,239,239,63,0.0003701552,0.0017048204,7.164529e-06,0.20291026,0
1441,24.016666,9.8687956e-08,33.182407,33.182407,-2.6665997e-05,33.182407,0.000100121724,239,239,63,0.0002820457,0.0016522427,4.1377953e-06,0.2029096,0
1442,24.033333,6.509984e-08,33.182384,33.182384,-2.0150454e-05,33.182384,0.00010010606,239,239,63,0.00017023698,0.0007619967,1.2980735e-06,0.20290917,0
1443,24.05,1.6732886e-07,33.18235,33.182354,-3.398006e-05,33.182354,0.000100106,239,239,63,0.0003894958,0.002080063,3.2518055e-06,0.20290838,0
1444,24.066668,1.23278e-07,33.182323,33.182323,-2.9637455e-05,33.182323,0.00010016742,239,239,63,0.00033198946,0.0019726383,3.6663293e-06,0.2029077,0
1445,24.083334,6.0399174e-08,33.182304,33.182304,-1.8184683e-05,33.182304,0.000100094374,239,239,63,0.00016409153,0.0007143276,1.3544625e-06,0.20290726,0
1446,24.1,1.330464e-07,33.182278,33.182278,-2.536438e-05,33.182278,0.00010008838,239,239,63,0.0003121984,0.0016445946,2.0028235e-06,0.20290662,0
1447,24.116667,6.231607e-08,33.18226,33.18226,-2.2182656e-05,33.18226,0.00010008913,239,239,63,0.00016611903,0.0007537766,1.8378674e-06,0.20290619,0
1448,24.133333,1.2684498e-07,33.182236,33.182236,-2.1216121e-05,33.182236,0.00010009112,239,239,63,0.00025881742,0.00092484907,2.9721336e-06,0.20290565,0
1449,24.15,5.7539133e-08,33.1822,33.1822,-3.2489046e-05,33.1822,0.00010013877,239,239,63,0.00018028721,0.0011649651,2.3904174e-06,0.2029049,0
1450,24.166666,7.492528e-08,33.182182,33.182182,-2.242705e-05,33.182182,0.0001000923,239,239,63,0.00018343577,0.0007392521,1.717021e-06,0.20290437,0
1451,24.183332,8.3596355e-08,33.18216,33.18216,-2.2768276e-05,33.18216,0.00010007624,239,239,63,0.00018685307,0.0013672817,1.7361803e-06,0.20290382,0
1452,24.2,3.9429484e-08,33.182133,33.182133,-2.3652388e-05,33.182133,0.00010010603,239,239,63,0.00013013293,0.0008789557,3.1164445e-06,0.20290329,0
1453,24.216667,3.4089697e-07,33.1821,33.1821,-3.4778353e-05,33.1821,0.000100198224,239,239,63,0.00043435988,0.0028254108,2.073391e-06,0.20290244,0
1454,24.233334,4.0414072e-08,33.18208,33.18208,-1.8256032e-05,33.18208,0.00010010603,239,239,63,0.00013117526,0.00091250736,4.075275e-06,0.20290208,0
1455,24.25,5.758059e-08,33.182056,33.182056,-2.5253607e-05,33.182056,0.0001001228,239,239,63,0.00018919897,0.0011802859,1.986685e-06,0.20290145,0
1456,24.266666,1.7673507e-07,33.18203,33.18203,-2.6980424e-05,33.18203,0.00010014324,239,239,63,0.0002846312,0.0030614124,1.674283e-06,0.20290081,0
1457,24.283333,4.186146e-08,33.182007,33.182007,-2.0251739e-05,33.182007,0.00010006645,239,239,63,0.00013344799,0.0007782513,2.0618577e-06,0.20290032,0
1458,24.3,2.6093588e-07,33.181976,33.181976,-3.2366923e-05,33.181976,0.00010013583,239,239,63,0.00038765225,0.0020961664,1.6245748e-06,0.20289955,0
1459,24.316668,4.131295e-08,33.181957,33.181957,-2.0170233e-05,33.181957,0.00010010014,239,239,63,0.00013016068,0.00095104123,4.05083e-06,0.2028991,0
1460,24.333334,7.2761495e-08,33.181927,33.181927,-3.006072e-05,33.181927,0.00010013582,239,239,63,0.00022680005,0.0013654451,2.049035e-06,0.2028984,0
1461,24.35,1.4703943e-07,33.1819,33.1819,-2.6526535e-05,33.1819,0.000100093726,239,239,63,0.00024129864,0.0028533272,1.5132491e-06,0.2028978,0
1462,24.366667,1.2947248e-07,33.181877,33.18188,-2.0466941e-05,33.18188,0.00010009606,239,239,63,0.00024797008,0.00066930684,1.544936e-06,0.20289728,0
1463,24.383333,3.8485002e-08,33.18185,33.18185,-2.835435e-05,33.18185,0.000100115634,239,239,63,0.00013056958,0.00097142596,2.8262932e-06,0.20289665,0
1464,24.4,4.765494e-08,33.181824,33.181824,-2.5261603e-05,33.181824,0.00010008446,237,237,62,0.0001740143,0.0012102518,2.5139568e-06,0.20289603,0
1465,24.416666,6.063566e-08,33.181797,33.181797,-2.6754087e-05,33.181797,0.000100090685,237,237,62,0.00021268881,0.0014197727,1.4547334e-06,0.20289542,0
1466,24.433332,6.4116314e-08,33.181774,33.181774,-2.2773465e-05,33.181774,0.000100105826,237,237,62,0.00022294135,0.0014396722,2.7953931e-06,0.20289487,0
1467,24.45,5.0573806e-08,33.181747,33.181747,-2.9773202e-05,33.181747,0.000100106015,237,237,62,0.00018939126,0.0013241682,3.194643e-06,0.20289417,0
1468,24.466667,6.1814276e-08,33.181725,33.181725,-2.2433196e-05,33.181725,0.00010007781,237,237,62,0.0002203253,0.0014505881,1.9715187e-06,0.20289364,0
1469,24.483334,1.7850229e-07,33.18169,33.18169,-3.4630622e-05,33.18169,0.00010014943,237,237,62,0.00040216176,0.0021318225,4.149696e-06,0.20289291,0
1470,24.5,7.244639e-08,33.181667,33.181667,-2.2051727e-05,33.181667,0.00010014315,237,237,62,0.00023797873,0.0014894885,6.86142e-06,0.20289241,0
1471,24.516666,4.7332028e-07,33.181637,33.181637,-3.1187592e-05,33.181637,0.000100135374,237,237,62,0.00044546832,0.005109708,1.2680204e-06,0.20289166,0
1472,24.533333,5.7487302e-08,33.18162,33.18162,-1.4547515e-05,33.18162,0.000100063866,237,237,62,0.00015903708,0.0007405608,1.9806453e-06,0.20289132,0
1473,24.55,2.664379e-07,33.181587,33.181587,-3.5203382e-05,33.181587,0.00010012996,237,237,62,0.0004593117,0.0022292105,2.8332884e-06,0.20289047,0
1474,24.566668,1.6888114e-07,33.18156,33.18156,-2.636586e-05,33.18156,0.00010013581,237,237,62,0.00036078267,0.0018603904,8.367711e-06,0.20288987,0
1475,24.583334,1.0334123e-07,33.181534,33.181534,-2.6167587e-05,33.181534,0.00010010321,237,237,62,0.00023767498,0.0013703754,6.3153e-06,0.20288932,0
1476,24.6,4.237723e-08,33.18151,33.18151,-2.2006634e-05,33.18151,0.000100106,237,237,62,0.00015272287,0.0011045359,4.510941e-06,0.20288876,0
1477,24.616667,2.5345904e-07,33.181477,33.181477,-3.387121e-05,33.181477,0.00010014595,237,237,62,0.00048748998,0.002671059,2.5854e-06,0.20288803,0
1478,24.633333,5.209106e-08,33.181458,33.181458,-1.9320702e-05,33.181458,0.00010010601,237,237,62,0.00014823882,0.0010855717,3.9231945e-06,0.20288762,0
1479,24.65,9.981001e-08,33.181435,33.181435,-2.4890544e-05,33.181435,0.0001001318,237,237,62,0.00028611047,0.0016494802,3.83413e-06,0.202887,0
1480,24.666666,1.501273e-07,33.181408,33.181408,-2.6217986e-05,33.181408,0.00010016406,237,237,62,0.0003779535,0.002134372,3.420948e-06,0.2028864,0
1481,24.683332,2.0026373e-07,33.181377,33.181377,-2.9875779e-05,33.181377,0.00010009584,237,237,62,0.00031578398,0.001981325,3.1617967e-06,0.2028858,0
1482,24.7,3.0968937e-07,33.18135,33.18135,-2.8153938e-05,33.18135,0.00010018669,237,237,62,0.00044677008,0.0020931887,5.5452783e-06,0.20288515,0
1483,24.716667,1.662537e-07,33.181328,33.181328,-2.0094045e-05,33.181328,0.00010010601,237,237,62,0.00038191996,0.002081063,7.680157e-06,0.20288467,0
1484,24.733334,2.4905592e-07,33.181297,33.181297,-3.133941e-05,33.181297,0.00010011577,237,237,62,0.00044411715,0.0023739527,7.0846486e-06,0.202884,0
1485,24.75,2.0379592e-07,33.18127,33.18127,-2.7144839e-05,33.18127,0.00010013026,237,237,62,0.00043997113,0.0023921314,6.2205477e-06,0.20288342,0
1486,24.766666,5.315932e-08,33.18125,33.18125,-1.8604951e-05,33.18125,0.00010010891,237,237,62,0.00015211335,0.00093102537,3.175366e-06,0.20288302,0
1487,24.783333,8.0272365e-08,33.181217,33.181217,-3.3556415e-05,33.181217,0.00010012493,237,237,62,0.00024671174,0.0015003094,2.1769827e-06,0.20288227,0
1488,24.8,2.2497063e-07,33.181187,33.181187,-3.0113726e-05,33.181187,0.00010013902,237,237,62,0.00044242278,0.0029650608,2.7289125e-06,0.20288159,0
1489,24.816668,7.5445314e-08,33.181164,33.181164,-2.5586553e-05,33.181164,0.00010016048,237,237,62,0.00023466567,0.0013858834,3.3676486e-06,0.20288107,0
1490,24.833334,2.3760511e-07,33.181137,33.181137,-2.4111083e-05,33.181137,0.000100133155,237,237,62,0.00046655815,0.0022665544,6.8436952e-06,0.20288047,0
1491,24.85,3.3684825e-07,33.18111,33.18111,-2.6667825e-05,33.18111,0.00010011119,237,237,62,0.00056983007,0.002875774,9.704622e-06,0.20287992,0
1492,24.866667,9.778902e-08,33.18109,33.18109,-2.218473e-05,33.18109,0.000100096186,237,237,62,0.0002896724,0.0018435026,7.774042e-06,0.20287947,0
1493,24.883333,6.029176e-07,33.181057,33.181057,-3.124959e-05,33.181057,0.00010019632,237,237,62,0.0005040558,0.0051962887,2.4146157e-06,0.20287871,0
1494,24.9,5.2836125e-08,33.18105,33.18105,-1.0192876e-05,33.18105,0.00010009487,237,237,62,0.00015159072,0.00096698035,4.0086056e-06,0.20287853,0
1495,24.916666,9.27156e-08,33.18102,33.18102,-2.8888504e-05,33.18102,0.000100122634,237,237,62,0.00028931088,0.0016310932,1.4791921e-06,0.20287791,0
1496,24.933332,5.6146302e-08,33.181,33.181,-2.1483474e-05,33.181,0.00010011915,237,237,62,0.00019024548,0.0013824372,5.9747426e-06,0.2028775,0
1497,24.95,1.03649576e-07,33.180973,33.180973,-2.5555779e-05,33.180973,0.0001001065,237,237,62,0.0002476348,0.0013707542,3.7752836e-06,0.20287688,0
1498,24.966667,6.426616e-08,33.180954,33.180954,-1.7994933e-05,33.180954,0.00010009639,237,237,62,0.00020891606,0.0014191456,5.5719356e-06,0.20287652,0
1499,24.983334,8.1271914e-08,33.180927,33.180927,-2.6251297e-05,33.180927,0.00010010828,237,237,62,0.00020359522,0.0011819127,1.7805523e-06,0.20287593,0
1500,25,1.6945066e-07,33.1809,33.180904,-2.5681358e-05,33.180904,0.00010016561,237,237,62,0.00038947677,0.0019858836,5.449158e-06,0.20287535,0
1501,25.016666,8.374051e-08,33.180885,33.180885,-1.6212452e-05,33.180885,0.00010012654,237,237,62,0.00026934073,0.0018235215,6.411153e-06,0.202875,0
1502,25.033333,2.3585076e-07,33.180855,33.180855,-3.2766395e-05,33.180855,0.0001001358,237,237,62,0.000473805,0.002484681,5.3796152e-06,0.20287432,0
1503,25.05,9.7413846e-08,33.180832,33.180832,-2.2749127e-05,33.180832,0.000100124475,237,237,62,0.00021977852,0.0016088728,3.5184207e-06,0.20287384,0
1504,25.066668,2.4785595e-07,33.18081,33.18081,-2.345778e-05,33.18081,0.000100148616,237,237,62,0.00042090286,0.001597636,4.2103297e-06,0.20287327,0
1505,25.083334,1.914507e-07,33.180786,33.180786,-2.1170801e-05,33.180786,0.00010009129,237,237,62,0.00029299446,0.0010897213,4.8144807e-06,0.20287284,0
1506,25.1,3.3019683e-07,33.180763,33.180763,-2.1474414e-05,33.180763,0.00010010602,237,237,62,0.0005232984,0.0021858106,6.3523144e-06,0.20287234,0
1507,25.116667,1.0097112e-06,33.18073,33.18073,-3.639537e-05,33.18073,0.00010016177,238,238,62,0.0008202669,0.0059673567,9.886738e-06,0.20287152,0
1508,25.133333,4.730142e-08,33.180714,33.180714,-1.4927837e-05,33.180714,0.00010013477,238,238,62,0.00013940044,0.0011039731,6.448233e-06,0.20287125,0
1509,25.15,7.983649e-08,33.18069,33.18069,-2.1414371e-05,33.18069,0.000100088546,238,238,62,0.00020924666,0.0012283368,2.2858321e-06,0.20287082,0
1510,25.166666,4.5189267e-08,33.18067,33.18067,-2.1481552e-05,33.18067,0.00010011275,238,238,62,0.00014932071,0.0012572838,4.016284e-06,0.20287035,0
1511,25.183332,5.748485e-08,33.18065,33.18065,-2.1600865e-05,33.18065,0.00010010099,238,238,62,0.00020356373,0.0014219005,3.1003942e-06,0.20286985,0
1512,25.2,1.12866154e-07,33.18062,33.18062,-2.9371768e-05,33.18062,0.000100110316,238,238,62,0.0003205487,0.001804675,3.307652e-06,0.2028692,0
1513,25.216667,7.771056e-08,33.180603,33.180603,-1.815696e-05,33.180603,0.000100109704,238,238,62,0.0002584952,0.0016811007,4.7886037e-06,0.20286877,0
1514,25.233334,1.6564411e-07,33.180573,33.180573,-2.8341685e-05,33.180573,0.00010013097,238,238,62,0.0003488655,0.0016990218,2.3090831e-06,0.2028682,0
1515,25.25,2.365496e-07,33.180546,33.180546,-2.5366122e-05,33.180546,0.00010013581,238,238,62,0.00046629965,0.0022583283,6.34598e-06,0.20286764,0
1516,25.266666,3.9592965e-07,33.180523,33.180523,-2.3282586e-05,33.180523,0.00010010598,238,238,62,0.0005737715,0.00239586,8.452304e-06,0.20286712,0
1517,25.283333,5.411583e-07,33.180492,33.180492,-3.2440767e-05,33.180492,0.00010015015,238,238,62,0.0006899117,0.0029033439,1.0912317e-05,0.2028664,0
1518,25.3,2.4689504e-07,33.180473,33.180473,-1.7917302e-05,33.180473,0.00010014681,238,238,62,0.00048190402,0.0024400966,8.30364e-06,0.20286602,0
1519,25.316668,1.1326628e-07,33.180454,33.180454,-2.1580534e-05,33.180454,0.0001001358,238,238,62,0.00022119736,0.0008782628,2.7469025e-06,0.20286559,0
1520,25.333334,5.9375516e-08,33.18043,33.18043,-2.1168285e-05,33.18043,0.000100120604,238,238,62,0.00019965411,0.0013177833,1.6539113e-06,0.2028651,0
1521,25.35,1.6644378e-07,33.180397,33.180397,-3.264518e-05,33.180397,0.00010014523,238,238,62,0.00025510593,0.002007484,1.5281591e-06,0.20286442,0
1522,25.366667,2.4618026e-07,33.18038,33.18038,-1.6047006e-05,33.18038,0.000100104815,238,238,62,0.00038361593,0.0016383454,2.3224738e-06,0.20286396,0
1523,25.383333,4.776719e-08,33.18037,33.18037,-1.2501289e-05,33.18037,0.000100123674,238,238,62,0.00013940937,0.0009724042,4.5279617e-06,0.20286372,0
1524,25.4,1.6600266e-07,33.18034,33.18034,-2.9142659e-05,33.18034,0.00010013562,238,238,62,0.00030185696,0.0016477499,1.5932891e-06,0.20286301,0
1525,25.416666,1.4898386e-07,33.18032,33.18032,-2.0965159e-05,33.18032,0.0001001502,238,238,62,0.00026007436,0.001743871,3.3511153e-06,0.20286253,0
1526,25.433332,6.05283e-08,33.1803,33.1803,-1.8709025e-05,33.1803,0.000100139296,238,238,62,0.00021697786,0.0015354715,4.7965823e-06,0.20286211,0
1527,25.45,1.9770367e-07,33.180264,33.180264,-3.7768983e-05,33.180264,0.00010013757,238,238,62,0.00034174605,0.0026888587,4.0382406e-06,0.20286131,0
1528,25.466667,1.30174e-07,33.18025,33.18025,-1.4032957e-05,33.18025,0.00010011461,238,238,62,0.00033985116,0.0018332074,3.8484764e-06,0.20286098,0
1529,25.483334,7.237384e-08,33.180225,33.180225,-2.5661082e-05,33.180225,0.0001001491,238,238,62,0.00021449268,0.0011666777,2.3406658e-06,0.20286039,0
1530,25.5,2.4373784e-07,33.180202,33.180202,-2.1608052e-05,33.180202,0.00010012682,238,238,62,0.00038995102,0.0015899276,4.3445702e-06,0.20285986,0
1531,25.516666,6.376653e-07,33.180176,33.180176,-2.4710589e-05,33.180176,0.000100148594,238,238,62,0.0007326954,0.0031088274,8.685495e-06,0.20285931,0
1532,25.533333,2.1588437e-07,33.180157,33.180157,-2.2201197e-05,33.180157,0.00010009163,238,238,62,0.00043001413,0.0021225582,8.577522e-06,0.20285891,0
1533,25.55,1.4436839e-07,33.180134,33.180134,-2.3014718e-05,33.180134,0.000100094745,238,238,62,0.00035882054,0.0017323528,6.247286e-06,0.20285837,0
1534,25.566668,1.744837e-07,33.180103,33.180103,-2.8399503e-05,33.180103,0.00010016116,238,238,62,0.00034428216,0.0019224018,3.2148505e-06,0.20285776,0
1535,25.583334,3.254791e-07,33.18008,33.18008,-2.4288502e-05,33.18008,0.000100120014,238,238,62,0.00048766227,0.0014363398,6.4788956e-06,0.20285721,0
1536,25.6,1.1124474e-07,33.180065,33.180065,-1.5675956e-05,33.180065,0.000100093144,238,238,62,0.00032173362,0.0020009812,9.48922e-06,0.2028569,0
1537,25.616667,5.5091736e-08,33.18004,33.18004,-2.449565e-05,33.18004,0.00010010312,238,238,62,0.00017218736,0.0011387324,3.7917848e-06,0.20285638,0
1538,25.633333,4.6400018e-08,33.180016,33.180016,-2.2286873e-05,33.180016,0.000100119585,238,238,62,0.00014723562,0.0011355265,3.1280526e-06,0.20285587,0
1539,25.65,1.1669563e-07,33.18,33.18,-1.7718998e-05,33.18,0.00010009673,238,238,62,0.00023427318,0.00089089054,2.1325034e-06,0.20285544,0
1540,25.666666,4.6943082e-08,33.17997,33.17997,-2.9829413e-05,33.17997,0.000100119876,238,238,62,0.00013936187,0.00091583625,2.1486558e-06,0.2028548,0
1541,25.683332,1.0142912e-07,33.179943,33.179943,-2.4717521e-05,33.179943,0.000100188845,238,238,62,0.00020554029,0.0022609867,2.1426501e-06,0.20285419,0
1542,25.7,6.540649e-08,33.17992,33.17992,-2.4641775e-05,33.17992,0.0001001608,238,238,62,0.00020121482,0.0015657624,1.363459e-06,0.20285368,0
1543,25.716667,2.1153987e-07,33.179905,33.179905,-1.4484313e-05,33.179905,0.000100109304,238,238,62,0.00035088457,0.0022749042,1.3527239e-06,0.20285329,0
1544,25.733334,1.2885607e-07,33.179882,33.179882,-2.418967e-05,33.179882,0.000100106,238,238,62,0.00024491554,0.0021500103,1.3337476e-06,0.20285271,0
1545,25.75,1.9141815e-07,33.17985,33.17985,-3.1193395e-05,33.17985,0.000100216814,238,238,62,0.00035534662,0.00092660513,2.2383897e-06,0.20285203,0
1546,25.766666,3.2620868e-08,33.17984,33.17984,-9.967847e-06,33.17984,0.0001001358,238,238,62,0.00012358416,0.0002582401,4.833567e-06,0.20285171,0
1547,25.783333,3.5650192e-08,33.179817,33.179817,-2.161013e-05,33.179817,0.00010009149,238,238,62,0.00014468386,0.0006756777,1.2088e-06,0.20285115,0
1548,25.8,2.7656176e-08,33.1798,33.1798,-1.9293584e-05,33.1798,0.000100114165,238,238,62,0.00011635466,0.0004623328,1.0206877e-06,0.20285073,0
1549,25.816668,7.121533e-08,33.179775,33.179775,-2.3398406e-05,33.179775,0.000100099045,238,238,62,0.00019269482,0.00076937175,2.7399078e-06,0.20285015,0
1550,25.833334,8.649965e-08,33.179764,33.179764,-1.3617632e-05,33.179764,0.00010007704,238,238,62,0.0002362195,0.00057052705,1.340491e-06,0.20284979,0
1551,25.85,7.0283505e-08,33.179737,33.179737,-2.495448e-05,33.179737,0.000100112,238,238,62,0.00018323881,0.0004455747,1.6330604e-06,0.2028492,0
1552,25.866667,9.141571e-08,33.179714,33.179714,-2.458462e-05,33.179714,0.00010011316,238,238,62,0.00019371796,0.0022567543,1.2216537e-06,0.20284863,0
1553,25.883333,1.8857175e-07,33.179688,33.179688,-2.4176086e-05,33.179688,0.00010020152,238,238,62,0.00028048633,0.0028084675,1.2453614e-06,0.20284803,0
1554,25.9,4.178095e-08,33.179672,33.179672,-1.4777238e-05,33.179672,0.00010012602,238,238,62,0.00015881774,0.00063271757,4.2114607e-06,0.2028477,0
1555,25.916666,1.3973613e-07,33.179657,33.179657,-1.802385e-05,33.179657,0.00010013233,238,238,62,0.00030817016,0.0008707825,2.6073633e-06,0.20284718,0
1556,25.933332,6.825595e-08,33.179634,33.179634,-2.2515916e-05,33.179634,0.000100110694,238,238,62,0.00020470958,0.0005064063,3.394566e-06,0.20284672,0
1557,25.95,2.4864588e-07,33.179607,33.179607,-2.5755402e-05,33.179607,0.00010011065,238,238,62,0.00029453146,0.0030319006,3.9609167e-06,0.20284604,0
1558,25.966667,1.1307949e-07,33.179596,33.179596,-1.1939677e-05,33.179596,0.00010008182,238,238,62,0.00027641805,0.00067146745,2.0800258e-06,0.20284578,0
1559,25.983334,7.262083e-08,33.179577,33.179577,-2.0656089e-05,33.179577,0.000100100035,238,238,62,0.00019083376,0.00039248655,1.7673729e-06,0.20284525,0
1560,26,5.3621804e-08,33.179554,33.179554,-2.1632159e-05,33.179554,0.000100052464,238,238,62,0.00017278915,0.00041600046,1.474191e-06,0.20284471,0
1561,26.016666,3.736894e-08,33.179527,33.179527,-2.7115831e-05,33.179527,0.00010011779,238,238,62,0.00013084282,0.00029369458,3.6417887e-06,0.20284407,0
1562,26.033333,2.6183633e-08,33.17951,33.17951,-1.6636694e-05,33.17951,0.0001000762,238,238,62,0.000108783934,0.0004280879,1.1054688e-06,0.20284362,0
1563,26.05,3.1550613e-08,33.17949,33.17949,-1.8781457e-05,33.17949,0.0001000693,238,238,62,0.00012472027,0.00035245155,1.2806469e-06,0.20284316,0
1564,26.066668,3.1894483e-08,33.179466,33.179466,-2.4937919e-05,33.179466,0.00010014181,238,238,62,0.00011998297,0.00029702656,1.8976842e-06,0.20284262,0
1565,26.083334,2.566517e-07,33.17944,33.17944,-2.6542311e-05,33.17944,0.000100116406,240,240,63,0.00040541936,0.0013510045,3.5523926e-06,0.20284195,0
1566,26.1,3.5970473e-08,33.179424,33.179424,-1.4851128e-05,33.179424,0.0001001103,240,240,63,0.00012987835,0.000260891,4.6845844e-06,0.20284162,0
1567,26.116667,1.7625658e-07,33.17939,33.17939,-3.6269576e-05,33.17939,0.000100217294,240,240,63,0.00030038177,0.001769589,1.349206e-06,0.20284078,0
1568,26.133333,9.858841e-08,33.17937,33.17937,-1.5871901e-05,33.17937,0.00010007613,240,240,63,0.00025268472,0.0010310134,4.2818574e-06,0.20284037,0
1569,26.15,3.5121282e-08,33.17935,33.17935,-2.1510372e-05,33.17935,0.00010013538,240,240,63,0.00014413046,0.0007159539,3.5429211e-06,0.20283985,0
1570,26.166666,2.6824281e-08,33.179333,33.179333,-1.8961377e-05,33.179333,0.0001001519,240,240,63,0.00010949071,0.0004165066,1.3046334e-06,0.20283937,0
1571,26.183332,4.026971e-08,33.17931,33.17931,-2.110095e-05,33.17931,0.00010007716,240,240,63,0.00014048995,0.00030477523,1.6364619e-06,0.20283888,0
1572,26.2,4.079939e-07,33.17928,33.17928,-3.221827e-05,33.17928,0.0001001946,240,240,63,0.0004450553,0.005015762,2.8968698e-06,0.20283811,0
1573,26.216667,1.9732936e-07,33.17926,33.17926,-1.7501194e-05,33.17926,0.000100119585,240,240,63,0.00033589298,0.0018423887,1.4947261e-06,0.20283769,0
1574,26.233334,4.242565e-08,33.17924,33.17924,-1.9274237e-05,33.17924,0.00010009855,240,240,63,0.00017434524,0.0008935557,1.3021105e-06,0.2028372,0
1575,26.25,1.0873214e-07,33.17922,33.17922,-2.4206935e-05,33.17922,0.00010017514,240,240,63,0.00023292749,0.0016483875,1.873106e-06,0.20283663,0
1576,26.266666,5.937747e-08,33.179203,33.179203,-1.6009843e-05,33.179203,0.00010009198,240,240,63,0.000172212,0.0009303033,1.3643539e-06,0.20283622,0
1577,26.283333,3.56894e-08,33.17918,33.17918,-2.097183e-05,33.17918,0.000100073325,240,240,63,0.00013003388,0.00026313946,2.3242087e-06,0.20283574,0
1578,26.3,1.4119239e-07,33.17915,33.17915,-3.1316707e-05,33.17915,0.00010015875,240,240,63,0.0002747455,0.0014610424,1.134217e-06,0.20283498,0
1579,26.316668,5.963062e-08,33.179134,33.179134,-1.4712009e-05,33.179134,0.000100106015,240,240,63,0.00016650546,0.000562746,4.668197e-06,0.20283462,0
1580,26.333334,1.1674148e-07,33.179108,33.179108,-2.8372508e-05,33.179108,0.000100106,237,237,62,0.00028662407,0.001004615,2.2007187e-06,0.20283395,0
1581,26.35,3.4260225e-07,33.17908,33.17908,-2.3881126e-05,33.17908,0.00010015609,237,237,62,0.00037503635,0.0041487436,3.0488814e-06,0.20283337,0
1582,26.366667,1.1097623e-07,33.17906,33.17906,-1.935096e-05,33.17906,0.00010013927,237,237,62,0.00023764906,0.0022722094,9.885435e-07,0.20283294,0
1583,26.383333,8.285353e-08,33.179047,33.17905,-1.4492315e-05,33.17905,0.000100110876,237,237,62,0.0002281331,0.00053857255,9.795962e-07,0.20283256,0
1584,26.4,3.8816037e-08,33.179028,33.179028,-2.0992178e-05,33.179028,0.00010006922,237,237,62,0.00013974204,0.00032269402,1.3561694e-06,0.20283203,0
1585,26.416666,1.5464754e-07,33.179,33.179,-2.4988685e-05,33.179,0.00010012885,237,237,62,0.00024472288,0.0014920095,3.775645e-06,0.20283145,0
1586,26.433332,1.2604615e-07,33.17898,33.17898,-2.1974272e-05,33.17898,0.000100133366,237,237,62,0.00024235899,0.0024894497,1.2069147e-06,0.20283091,0
1587,26.45,2.3215173e-07,33.178955,33.178955,-2.433339e-05,33.178955,0.000100096215,237,237,62,0.00039878383,0.0014337841,2.1557826e-06,0.20283033,0
1588,26.466667,2.415927e-07,33.178936,33.178936,-2.0772444e-05,33.178936,0.00010011537,237,237,62,0.00045417846,0.0019511458,6.246544e-06,0.20282987,0
1589,26.483334,5.989164e-08,33.17892,33.17892,-1.5310914e-05,33.17892,0.00010007022,237,237,62,0.00020584938,0.00088385417,4.966862e-06,0.20282947,0
1590,26.5,1.4596905e-07,33.17889,33.17889,-3.067111e-05,33.17889,0.00010013902,237,237,62,0.00028410362,0.0023600287,1.2311061e-06,0.2028288,0
1591,26.516666,6.119966e-08,33.17887,33.17887,-1.7209042e-05,33.17887,0.000100106015,237,237,62,0.0002126678,0.0010483973,1.0673511e-06,0.20282833,0
1592,26.533333,4.625127e-07,33.178844,33.178844,-2.686452e-05,33.178844,0.00010013836,237,237,62,0.00055282883,0.0025228842,5.3428394e-06,0.20282774,0
1593,26.55,1.3029901e-07,33.178825,33.178825,-1.9617803e-05,33.178825,0.00010015228,237,237,62,0.0003279573,0.001458796,5.32167e-06,0.20282732,0
1594,26.566668,9.24497e-08,33.178802,33.178802,-2.2149776e-05,33.178802,0.00010013571,237,237,62,0.00017251544,0.001547167,1.074432e-06,0.20282671,0
1595,26.583334,9.9578095e-08,33.17879,33.17879,-1.1464472e-05,33.17879,0.00010009309,237,237,62,0.00025474397,0.00061641965,1.3324477e-06,0.20282646,0
1596,26.6,1.7086306e-07,33.17876,33.17876,-3.21822e-05,33.17876,0.00010013124,237,237,62,0.00028663577,0.002136,2.477122e-06,0.20282574,0
1597,26.616667,4.037261e-07,33.178745,33.178745,-1.589388e-05,33.178745,0.0001000815,237,237,62,0.00052998855,0.0018572981,5.298872e-06,0.20282531,0
1598,26.633333,5.112446e-07,33.178715,33.178715,-2.898712e-05,33.178715,0.00010016637,237,237,62,0.00064661476,0.002793064,8.080994e-06,0.20282467,0
1599,26.65,6.698853e-08,33.1787,33.1787,-1.4908448e-05,33.1787,0.00010014653,237,237,62,0.0002122762,0.0008979997,5.306225e-06,0.2028243,0
1600,26.666666,2.7001846e-08,33.178677,33.178677,-2.1985657e-05,33.178677,0.00010010361,237,237,62,0.00011227793,0.0003763754,4.0814148e-06,0.20282385,0
1601,26.683332,2.9286986e-07,33.17865,33.17865,-2.8163751e-05,33.17865,0.000100137826,237,237,62,0.00032521476,0.003503446,1.128705e-06,0.20282312,0
1602,26.7,8.876392e-08,33.178635,33.178635,-1.599834e-05,33.178635,0.00010010602,237,237,62,0.00023874932,0.000572059,9.056915e-07,0.20282274,0
1603,26.716667,3.6942687e-08,33.17861,33.17861,-2.1498727e-05,33.17861,0.00010010002,237,237,62,0.00013428662,0.00032143798,2.6619527e-06,0.2028222,0
1604,26.733334,6.493186e-08,33.178585,33.178585,-2.806912e-05,33.178585,0.0001001405,237,237,62,0.00019824882,0.0005836826,3.0946671e-06,0.20282158,0
1605,26.75,7.322914e-08,33.178566,33.178566,-1.8778526e-05,33.178566,0.00010012263,237,237,62,0.00023244787,0.001005669,2.4058306e-06,0.20282106,0
1606,26.766666,6.912303e-08,33.178547,33.178547,-2.0619736e-05,33.178547,0.00010010604,237,237,62,0.00018288963,0.00060878595,3.0299766e-06,0.20282058,0
1607,26.783333,2.2367628e-07,33.17852,33.17852,-2.5116218e-05,33.17852,0.000100139994,237,237,62,0.00036651496,0.0007632473,4.1242115e-06,0.20281999,0
1608,26.8,3.608196e-08,33.178505,33.178505,-1.4984296e-05,33.178505,0.000100058336,237,237,62,0.00013787155,0.0005463075,6.0849816e-06,0.20281965,0
1609,26.816668,3.6776196e-08,33.17848,33.17848,-2.5602589e-05,33.17848,0.000100085934,237,237,62,0.00013106258,0.00058294245,3.1121797e-06,0.20281899,0
1610,26.833334,3.0481093e-08,33.178463,33.178463,-1.4969252e-05,33.178463,0.00010010576,237,237,62,0.00013029875,0.0007849277,1.557127e-06,0.20281863,0
1611,26.85,1.9915457e-07,33.178436,33.178436,-2.9424731e-05,33.178436,0.00010015176,237,237,62,0.00029545042,0.0020862557,1.5980613e-06,0.20281795,0
1612,26.866667,6.1896394e-08,33.178417,33.178417,-1.6097745e-05,33.178417,0.000100086545,237,237,62,0.00021748249,0.0010042314,2.5684863e-06,0.20281756,0
1613,26.883333,1.6662162e-07,33.1784,33.1784,-2.001214e-05,33.1784,0.000100127014,237,237,62,0.00032248822,0.0029550185,1.5805135e-06,0.20281704,0
1614,26.9,6.494738e-08,33.178375,33.178375,-2.420866e-05,33.178375,0.00010013621,237,237,62,0.00022265899,0.0011736974,1.2161611e-06,0.20281643,0
1615,26.916666,3.5896072e-08,33.17836,33.17836,-1.3329458e-05,33.17836,0.00010009412,237,237,62,0.00013018245,0.0002586414,3.6488193e-06,0.20281616,0
1616,26.933332,1.0999023e-07,33.178333,33.178333,-2.8355526e-05,33.178333,0.00010012244,237,237,62,0.0002544844,0.0017223764,2.6543903e-06,0.20281549,0
1617,26.95,6.9180324e-08,33.178318,33.178318,-1.4671257e-05,33.178318,0.000100075165,237,237,62,0.00020080936,0.0004554588,1.3077137e-06,0.2028151,0
1618,26.966667,1.5275957e-07,33.178288,33.178288,-3.133863e-05,33.178288,0.00010016692,237,237,62,0.0003684732,0.00207884,1.4240882e-06,0.20281437,0
1619,26.983334,1.2196155e-07,33.178272,33.178272,-1.4993755e-05,33.178272,0.00010010732,237,237,62,0.0002839937,0.00073171925,8.86799e-07,0.20281395,0
1620,27,5.459499e-08,33.178246,33.178246,-2.7831966e-05,33.178246,0.000100149635,237,237,62,0.00020186785,0.0009847066,1.3602239e-06,0.20281334,0
1621,27.016666,1.3073203e-07,33.178223,33.178223,-2.0040728e-05,33.178223,0.00010009989,237,237,62,0.00024951698,0.0012615961,7.2388315e-07,0.20281282,0
1622,27.033333,3.083446e-08,33.178207,33.178207,-1.7889191e-05,33.178207,0.00010011881,237,237,62,0.00012955484,0.00063794164,4.092072e-06,0.20281242,0
1623,27.05,1.4246093e-07,33.178173,33.178173,-3.2308115e-05,33.178173,0.00010022088,237,237,62,0.0002732953,0.0011635482,1.0419053e-06,0.20281163,0
1624,27.066668,5.675331e-08,33.178165,33.178165,-6.735911e-06,33.178165,0.00010011079,237,237,62,0.00017635146,0.00040816504,1.2888052e-06,0.20281142,0
1625,27.083334,1.108577e-07,33.178135,33.178135,-3.1368105e-05,33.178135,0.00010014401,237,237,62,0.00025656106,0.001437838,2.3712578e-06,0.20281069,0
1626,27.1,8.785753e-08,33.178116,33.178116,-1.8809824e-05,33.178116,0.00010009041,237,237,62,0.00023825074,0.0010082966,3.7805125e-06,0.20281029,0
1627,27.116667,2.4005647e-07,33.178093,33.178093,-2.5284828e-05,33.178093,0.0001001452,237,237,62,0.00045534672,0.0019961272,4.9443092e-06,0.20280965,0
1628,27.133333,6.875562e-08,33.17807,33.178074,-1.97894e-05,33.178074,0.00010014595,237,237,62,0.00023200926,0.0011100038,2.9691619e-06,0.2028092,0
1629,27.15,6.130971e-08,33.178047,33.178047,-2.4280687e-05,33.178047,0.000100100515,237,237,62,0.00021271354,0.00095146673,3.848632e-06,0.20280866,0
1630,27.166666,7.2583205e-08,33.178024,33.178024,-2.2433162e-05,33.178024,0.00010008971,237,237,62,0.0002110191,0.0008729221,4.0193963e-06,0.20280814,0
1631,27.183332,9.161351e-08,33.178005,33.178005,-1.9432815e-05,33.178005,0.00010012721,237,237,62,0.00018375348,0.0023724732,3.1998004e-06,0.20280768,0
1632,27.2,6.96473e-08,33.17799,33.17799,-1.714624e-05,33.17799,0.00010010666,237,237,62,0.0002041863,0.0004776153,1.1851382e-06,0.20280725,0
1633,27.216667,8.869126e-08,33.17796,33.17796,-2.857683e-05,33.17796,0.00010014939,237,237,62,0.0002331843,0.0013028724,1.9514853e-06,0.20280656,0
1634,27.233334,2.962854e-08,33.177944,33.177944,-1.5188275e-05,33.177944,0.00010007624,237,237,62,0.00012292019,0.00056177,5.089026e-06,0.20280622,0
1635,27.25,2.2914453e-07,33.177925,33.177925,-2.0083604e-05,33.177925,0.00010009699,237,237,62,0.00039791685,0.0015959749,3.1187374e-06,0.20280571,0
1636,27.266666,6.83161e-08,33.177906,33.177906,-1.7617613e-05,33.177906,0.00010015553,237,237,62,0.00020276832,0.0004906272,1.6662781e-06,0.20280528,0
1637,27.283333,2.923652e-07,33.177883,33.177883,-2.3217917e-05,33.177883,0.000100146004,237,237,62,0.0004820868,0.0015289427,5.2498235e-06,0.2028047,0
1638,27.3,9.5799464e-08,33.177856,33.177856,-2.6963633e-05,33.177856,0.00010013192,237,237,62,0.00021729672,0.0012695497,2.64112e-06,0.20280403,0
1639,27.316668,1.3287172e-07,33.17784,33.17784,-1.6255926e-05,33.17784,0.000100195946,237,237,62,0.0002892144,0.0008907428,2.7741505e-06,0.20280364,0
1640,27.333334,1.3724596e-07,33.177814,33.177814,-2.4601377e-05,33.177814,0.00010013847,237,237,62,0.0003149954,0.0013691753,2.4042768e-06,0.20280308,0
1641,27.35,2.7556885e-08,33.177795,33.177795,-2.0226555e-05,33.177795,0.000100096455,237,237,62,0.0001128074,0.00045067334,4.1109347e-06,0.20280258,0
1642,27.366667,5.201767e-08,33.177773,33.177773,-2.424878e-05,33.177773,0.00010010941,237,237,62,0.0002011899,0.0016071952,1.5260304e-06,0.20280202,0
1643,27.383333,1.3360567e-07,33.177757,33.177757,-1.3218819e-05,33.177757,0.00010011337,237,237,62,0.00030574962,0.0007982317,1.9194072e-06,0.20280169,0
1644,27.4,3.534569e-07,33.17773,33.17773,-2.8542278e-05,33.17773,0.0001001449,237,237,62,0.00040318986,0.0044003795,5.1320812e-06,0.20280096,0
1645,27.416666,1.9086008e-07,33.177715,33.177715,-1.3296748e-05,33.177715,0.00010007672,237,237,62,0.0003613839,0.0011506666,2.3695575e-06,0.20280059,0
1646,27.433332,2.1318391e-07,33.17769,33.17769,-2.724351e-05,33.17769,0.00010015657,237,237,62,0.00032184785,0.002772456,1.3285362e-06,0.20279996,0
1647,27.45,4.3701796e-08,33.177673,33.177673,-1.5631205e-05,33.177673,0.00010013632,237,237,62,0.00017424743,0.00082965934,2.5119018e-06,0.20279953,0
1648,27.466667,5.9582955e-08,33.177643,33.177643,-2.9245013e-05,33.177643,0.000100149715,237,237,62,0.0001914208,0.0010175359,9.1316053e-07,0.20279884,0
1649,27.483334,3.5090803e-08,33.177628,33.177628,-1.7647531e-05,33.177628,0.00010013632,237,237,62,0.0001291334,0.00030032554,2.3195457e-06,0.20279846,0
1650,27.5,1.04412294e-07,33.1776,33.1776,-2.6032727e-05,33.1776,0.000100076715,237,237,62,0.00021973709,0.0011983442,2.3133016e-06,0.20279782,0
1651,27.516666,4.2907732e-08,33.17758,33.17758,-1.9347093e-05,33.17758,0.000100195924,237,237,62,0.00014654009,0.0005890997,3.4076832e-06,0.20279737,0
1652,27.533333,5.6641465e-08,33.17756,33.17756,-2.4093253e-05,33.17756,0.000100195924,237,237,62,0.00020165145,0.00094281236,2.8066142e-06,0.20279685,0
1653,27.55,7.4092924e-08,33.17754,33.17754,-1.8603117e-05,33.17754,0.00010014265,237,237,62,0.00023533466,0.0010629557,5.5703586e-06,0.2027964,0
1654,27.566668,4.4613852e-08,33.177513,33.177513,-2.4468976e-05,33.177513,0.00010018098,237,237,62,0.00017279046,0.0007436332,2.6894752e-06,0.20279585,0
1655,27.583334,7.545253e-08,33.17749,33.17749,-2.5572444e-05,33.17749,0.00010013631,237,237,62,0.00018521358,0.001147079,1.7154534e-06,0.20279522,0
1656,27.6,7.944869e-08,33.177467,33.177467,-2.1276654e-05,33.177467,0.000100098994,237,237,62,0.0002528906,0.001208727,2.240328e-06,0.20279469,0
1657,27.616667,3.4781674e-08,33.17745,33.17745,-2.0494042e-05,33.17745,0.000100159625,237,237,62,0.00013013984,0.00057647657,8.637426e-07,0.20279422,0
1658,27.633333,7.3588936e-08,33.17743,33.17743,-1.9413037e-05,33.17743,0.0001000767,237,237,62,0.00023733806,0.0010881984,3.1904824e-06,0.20279373,0
1659,27.65,1.2441421e-07,33.177406,33.177406,-2.20611e-05,33.177406,0.00010012885,237,237,62,0.00031795612,0.0013586576,6.000727e-06,0.20279324,0
1660,27.666666,1.6709376e-07,33.17739,33.17739,-1.5917809e-05,33.17739,0.000100076686,237,237,62,0.000328981,0.000872813,1.094265e-06,0.20279282,0
1661,27.683332,1.2599882e-07,33.17736,33.17736,-2.8138204e-05,33.17736,0.000100115445,237,237,62,0.00022662002,0.001238588,1.1524075e-06,0.20279218,0
1662,27.7,1.1010861e-07,33.17735,33.17735,-1.0656216e-05,33.17735,0.00010013629,237,237,62,0.00027073533,0.0006370737,1.0128218e-06,0.20279188,0
1663,27.716667,8.171853e-08,33.177315,33.177315,-3.6438254e-05,33.177315,0.0001001512,237,237,62,0.00023828639,0.0011422721,3.1340762e-06,0.20279106,0
1664,27.733334,1.1179621e-07,33.17729,33.17729,-2.1416829e-05,33.17729,0.00010011342,237,237,62,0.00023577955,0.0017285579,2.793485e-06,0.20279054,0
1665,27.75,1.6960843e-07,33.177273,33.177273,-1.9061523e-05,33.177273,0.00010013629,237,237,62,0.0003046309,0.0012879207,2.0564273e-06,0.20279008,0
1666,27.766666,6.1560837e-07,33.177242,33.177242,-3.031119e-05,33.177242,0.00010011707,237,237,62,0.00068519544,0.0038683638,6.2454733e-06,0.20278935,0
1667,27.783333,7.1249e-08,33.17724,33.17724,-6.8620525e-06,33.17724,0.000100076686,237,237,62,0.0002132587,0.0005533606,2.970614e-06,0.2027892,0
1668,27.8,9.591656e-08,33.177208,33.177208,-2.7906186e-05,33.177208,0.000100122015,237,237,62,0.00020295221,0.0008314841,3.1565523e-06,0.20278855,0
1669,27.816668,8.4261785e-08,33.177193,33.177193,-1.4808357e-05,33.177193,0.000100106736,237,237,62,0.00023179667,0.0005618347,8.357362e-07,0.20278817,0
1670,27.833334,7.3252934e-08,33.177166,33.177166,-2.8773138e-05,33.177166,0.0001001358,237,237,62,0.00016993936,0.0021181551,2.1280453e-06,0.20278747,0
1671,27.85,5.8548988e-08,33.177147,33.177147,-1.8136509e-05,33.177147,0.000100111465,237,237,62,0.00020801542,0.0010003609,4.5609568e-06,0.2027871,0
1672,27.866667,2.8898684e-08,33.177128,33.177128,-1.865022e-05,33.177128,0.000100136276,237,237,62,0.0001277202,0.0006034666,9.787099e-07,0.20278656,0
1673,27.883333,3.6346762e-08,33.177105,33.177105,-2.1605712e-05,33.177105,0.00010013628,237,237,62,0.00014293987,0.00055514876,1.1233844e-06,0.20278609,0
1674,27.9,2.1585704e-07,33.17709,33.17709,-1.7443528e-05,33.17709,0.0001000989,237,237,62,0.0003858917,0.0012308001,2.7829992e-06,0.20278561,0
1675,27.916666,5.6843195e-08,33.177067,33.177067,-2.160592e-05,33.177067,0.0001001136,237,237,62,0.00017851498,0.0004181531,1.6691164e-06,0.20278512,0
1676,27.933332,2.6645057e-07,33.177044,33.177044,-2.3398614e-05,33.177044,0.00010014788,237,237,62,0.0004508226,0.003074705,5.112955e-06,0.20278452,0
1677,27.95,7.545162e-08,33.17702,33.17702,-2.4464242e-05,33.17702,0.00010011058,237,237,62,0.00020420107,0.0014088901,1.8500762e-06,0.20278396,0
1678,27.966667,5.0282573e-08,33.177006,33.177006,-1.5320637e-05,33.177006,0.000100116,237,237,62,0.00019269844,0.0009476117,2.1846613e-06,0.20278351,0
1679,27.983334,1.1977454e-07,33.17697,33.17697,-3.135272e-05,33.17697,0.00010008995,237,237,62,0.00027153364,0.00086689816,1.9957292e-06,0.20278287,0
1680,28,8.575279e-08,33.176956,33.176956,-1.832208e-05,33.176956,0.00010010541,237,237,62,0.00020450522,0.00076971453,1.7908852e-06,0.20278233,0
1681,28.016666,6.095879e-08,33.176933,33.176933,-2.0972933e-05,33.176933,0.000100135876,237,237,62,0.0001579103,0.0011559066,1.6653566e-06,0.20278189,0
1682,28.033333,4.5305885e-08,33.17691,33.17691,-2.2958855e-05,33.17691,0.00010013626,237,237,62,0.00016523917,0.0007833945,1.2307547e-06,0.20278138,0
1683,28.05,2.3960942e-07,33.176895,33.176895,-1.7096225e-05,33.176895,0.00010007922,237,237,62,0.00042073667,0.0016597073,4.629698e-06,0.2027809,0
1684,28.066668,9.3658336e-08,33.176872,33.176872,-2.1260346e-05,33.176872,0.00010009513,237,237,62,0.00027100884,0.0012612301,8.458894e-06,0.20278041,0
1685,28.083334,1.1156787e-07,33.176846,33.176846,-2.8411709e-05,33.176846,0.000100141944,237,237,62,0.00024671745,0.0011850613,2.2846855e-06,0.20277977,0
1686,28.1,1.1220608e-07,33.176823,33.176823,-2.0947502e-05,33.176823,0.00010009511,237,237,62,0.00030203292,0.0013554929,4.937433e-06,0.20277932,0
1687,28.116667,5.866463e-08,33.1768,33.1768,-2.1832957e-05,33.1768,0.000100136254,237,237,62,0.00017586925,0.0006880345,3.0987699e-06,0.20277883,0
1688,28.133333,9.087625e-08,33.176777,33.176777,-2.3576009e-05,33.176777,0.000100109864,237,237,62,0.00018102642,0.0025177617,1.986722e-06,0.20277824,0
1689,28.15,1.6234154e-07,33.176758,33.176758,-1.8382849e-05,33.176758,0.00010013626,237,237,62,0.00032121118,0.0013204591,4.936752e-06,0.2027778,0
1690,28.166666,7.743116e-08,33.17673,33.17673,-2.917955e-05,33.17673,0.000100136254,237,237,62,0.00021678023,0.00093835394,2.4372403e-06,0.20277713,0
1691,28.183332,1.0395276e-07,33.17671,33.17671,-2.1752894e-05,33.17671,0.000100136254,237,237,62,0.000218457,0.0017603164,3.0043725e-06,0.20277658,0
1692,28.2,3.6395193e-08,33.17669,33.17669,-1.9353147e-05,33.17669,0.00010009999,237,237,62,0.00015539034,0.00075409055,3.926961e-06,0.2027762,0
1693,28.216667,1.0505494e-07,33.17666,33.17666,-2.902598e-05,33.17666,0.000100136254,237,237,62,0.00023841935,0.0005602812,7.5374254e-07,0.20277555,0
1694,28.233334,9.1585974e-08,33.17664,33.17664,-2.1792885e-05,33.17664,0.00010010311,237,237,62,0.00020657718,0.0011703663,2.723403e-06,0.20277494,0
1695,28.25,4.116565e-08,33.17662,33.17662,-1.6509674e-05,33.17662,0.00010013625,237,237,62,0.00016725787,0.0008121532,2.2990923e-06,0.20277454,0
1696,28.266666,7.994763e-08,33.176598,33.176598,-2.3070674e-05,33.176598,0.000100090925,237,237,62,0.00018606831,0.0017034267,8.9911595e-07,0.20277402,0
1697,28.283333,9.011738e-08,33.17658,33.17658,-2.093797e-05,33.17658,0.000100096724,237,237,62,0.0002469265,0.0010767987,2.759673e-06,0.20277348,0
1698,28.3,3.4840475e-08,33.176563,33.176563,-1.4353214e-05,33.176563,0.000100136254,237,237,62,0.0001291771,0.00033384358,3.7756263e-06,0.20277318,0
1699,28.316668,7.922026e-08,33.17654,33.17654,-2.4561372e-05,33.17654,0.00010011682,237,237,62,0.0002521435,0.0011825811,1.756661e-06,0.20277259,0
1700,28.333334,2.481434e-07,33.176514,33.176514,-2.510185e-05,33.176514,0.000100129684,237,237,62,0.0003822161,0.0040118285,1.914562e-06,0.20277199,0
1701,28.35,2.2890302e-07,33.17649,33.17649,-2.4292482e-05,33.17649,0.00010019585,237,237,62,0.00033075537,0.00313108,1.479007e-06,0.20277143,0
1702,28.366667,7.778869e-08,33.17647,33.17647,-1.8605428e-05,33.17647,0.00010019584,237,237,62,0.00018312434,0.0018118155,9.141157e-07,0.20277096,0
1703,28.383333,1.105015e-07,33.176445,33.176445,-2.4573039e-05,33.176445,0.000100130186,237,237,62,0.00023011268,0.002417175,1.0756106e-06,0.2027704,0
1704,28.4,1.4223095e-07,33.176422,33.176422,-2.5072788e-05,33.176422,0.000100136225,237,237,62,0.00027208877,0.0012866923,1.1950638e-06,0.20276985,0
1705,28.416666,8.2457795e-08,33.176403,33.176407,-1.6352771e-05,33.176407,0.00010019583,237,237,62,0.0001959343,0.0015253533,1.0445622e-06,0.2027694,0
1706,28.433332,7.5519885e-08,33.176384,33.176384,-2.0955078e-05,33.176384,0.00010015887,237,237,62,0.00018331234,0.00034889593,4.7443496e-06,0.20276883,0
1707,28.45,1.3080077e-07,33.176357,33.176357,-2.5381747e-05,33.176357,0.00010019584,237,237,62,0.00024930277,0.0011958157,1.8567245e-06,0.20276831,0
1708,28.466667,3.1249485e-08,33.176342,33.176342,-1.6891314e-05,33.176342,0.00010007662,237,237,62,0.00012050728,0.00026497745,3.5026442e-06,0.20276791,0
1709,28.483334,2.9001674e-08,33.176323,33.176323,-1.9952857e-05,33.176323,0.00010009257,237,237,62,0.000122875,0.0005384631,9.5142775e-07,0.20276743,0
1710,28.5,1.532891e-07,33.176292,33.176292,-2.9635372e-05,33.176292,0.00010019583,237,237,62,0.0003727025,0.0020253125,1.6858032e-06,0.20276676,0
1711,28.516666,1.16892934e-07,33.176273,33.176273,-2.015326e-05,33.176273,0.00010013592,237,237,62,0.0002787132,0.0011875659,1.7894637e-06,0.20276624,0
1712,28.533333,5.2330652e-08,33.176258,33.176258,-1.31987135e-05,33.176258,0.00010007662,237,237,62,0.0001683485,0.0003817345,2.7627782e-06,0.2027659,0
1713,28.55,2.8555759e-08,33.17623,33.17623,-2.6790844e-05,33.17623,0.00010014729,237,237,62,0.00012015692,0.00047776636,1.2029959e-06,0.20276526,0
1714,28.566668,2.0839803e-07,33.176212,33.176212,-1.7941962e-05,33.176212,0.00010006276,237,237,62,0.0003915191,0.0010448043,3.4357652e-06,0.20276485,0
1715,28.583334,3.111704e-08,33.176186,33.176186,-2.8773155e-05,33.176186,0.00010010767,237,237,62,0.00013103113,0.0006156772,2.4867954e-06,0.2027642,0
1716,28.6,7.756211e-08,33.176167,33.176167,-2.0569185e-05,33.176167,0.0001001067,237,237,62,0.00024346856,0.001101273,3.0222093e-06,0.20276366,0
1717,28.616667,1.3727103e-07,33.176144,33.176144,-2.2052216e-05,33.176144,0.000100136196,237,237,62,0.00033818764,0.001454023,4.307904e-06,0.20276311,0
1718,28.633333,3.0988394e-07,33.176113,33.176117,-2.7591985e-05,33.176117,0.0001001249,237,237,62,0.00040920137,0.0026011968,4.4556773e-06,0.20276247,0
1719,28.65,6.6809186e-08,33.176098,33.176098,-1.6702328e-05,33.176098,0.00010008722,237,237,62,0.00022673381,0.0010234126,3.8289104e-06,0.20276207,0
1720,28.666666,3.8773813e-08,33.17608,33.17608,-2.01449e-05,33.17608,0.0001001362,237,237,62,0.00015309377,0.000540983,2.1028611e-06,0.20276164,0
1721,28.683332,8.338475e-08,33.176056,33.176056,-2.2399825e-05,33.176056,0.00010013058,237,237,62,0.00018035213,0.0011853942,2.6065964e-06,0.20276105,0
1722,28.7,9.460045e-08,33.176033,33.176033,-2.4262026e-05,33.176033,0.00010013508,237,237,62,0.00026089678,0.0011355563,1.534846e-06,0.20276052,0
1723,28.716667,3.0003105e-07,33.176003,33.176003,-3.0052994e-05,33.176003,0.0001001053,237,237,62,0.00047641297,0.0016820575,5.05884e-06,0.20275986,0
1724,28.733334,1.07456394e-07,33.175983,33.175983,-1.6984337e-05,33.175983,0.0001001083,237,237,62,0.00021281908,0.0024399909,6.7079577e-06,0.20275949,0
1725,28.75,2.8050394e-07,33.175964,33.175964,-2.1772623e-05,33.175964,0.00010019581,237,237,62,0.00037075908,0.0029575427,3.7937884e-06,0.20275892,0
1726,28.766666,1.01895154e-07,33.175938,33.175938,-2.3953085e-05,33.175938,0.00010025541,238,238,62,0.00022754724,0.001253694,1.9597444e-06,0.2027584,0
1727,28.783333,3.7694484e-08,33.17592,33.17592,-1.868477e-05,33.17592,0.00010019581,238,238,62,0.00014651254,0.000606419,2.1609048e-06,0.20275792,0
1728,28.8,1.2744923e-07,33.175896,33.175896,-2.3518467e-05,33.175896,0.000100136196,238,238,62,0.00025090753,0.00087188627,1.721216e-06,0.20275733,0
1729,28.816668,6.316383e-08,33.175877,33.175877,-1.8186089e-05,33.175877,0.000100076584,238,238,62,0.00019095252,0.0004321753,1.7469282e-06,0.2027569,0
1730,28.833334,7.8148595e-08,33.17585,33.17585,-2.6918338e-05,33.17585,0.00010019579,238,238,62,0.00024668922,0.0011176539,1.2741438e-06,0.20275627,0
1731,28.85,2.1175202e-07,33.17583,33.17583,-2.1479556e-05,33.17583,0.000100111945,238,238,62,0.0003540495,0.0024114389,1.3103955e-06,0.20275573,0
1732,28.866667,4.0926972e-07,33.175808,33.175808,-2.1083133e-05,33.175808,0.00010010628,238,238,62,0.0005136681,0.0023238799,2.639578e-06,0.20275523,0
1733,28.883333,8.0114205e-08,33.17578,33.175785,-2.5766183e-05,33.175785,0.000100125886,238,238,62,0.00024960953,0.0011759275,4.5660145e-06,0.20275468,0
1734,28.9,8.915579e-08,33.175766,33.175766,-1.545268e-05,33.175766,0.000100183446,238,238,62,0.0002644337,0.0012115282,6.2750332e-06,0.2027543,0
1735,28.916666,1.8803436e-07,33.17574,33.17574,-2.999329e-05,33.17574,0.00010013619,238,238,62,0.00029744735,0.0018469665,1.4919423e-06,0.20275357,0
1736,28.933332,9.7129096e-08,33.175716,33.175716,-2.12053e-05,33.175716,0.00010013619,238,238,62,0.00024938228,0.0010063489,1.7958902e-06,0.20275311,0
1737,28.95,6.2441316e-08,33.175697,33.175697,-1.7657727e-05,33.175697,0.00010013619,238,238,62,0.00019242338,0.00042913048,2.5268305e-06,0.20275272,0
1738,28.966667,1.231078e-07,33.175674,33.175674,-2.570887e-05,33.175674,0.000100136174,238,238,62,0.00023759081,0.0010640981,1.0687224e-06,0.20275205,0
1739,28.983334,3.071898e-07,33.17565,33.175655,-1.9434017e-05,33.175655,0.00010010697,238,238,62,0.00045305883,0.0026528987,5.3653484e-06,0.20275158,0
1740,29,6.337478e-08,33.17563,33.17563,-2.4849567e-05,33.17563,0.0001002554,238,238,62,0.00021798607,0.0010255629,5.418984e-06,0.20275104,0
1741,29.016666,2.7086822e-08,33.175606,33.175606,-2.2813234e-05,33.175606,0.0001001063,238,238,62,0.00011213011,0.00041470732,1.156796e-06,0.20275049,0
1742,29.033333,3.8898428e-08,33.175583,33.175583,-2.4095176e-05,33.175583,0.000100111676,238,238,62,0.00013782638,0.00026800737,1.0767194e-06,0.20274997,0
1743,29.05,4.824663e-08,33.175564,33.175564,-1.728118e-05,33.175564,0.00010011336,238,238,62,0.00016914951,0.00051040895,1.4319957e-06,0.20274946,0
1744,29.066668,5.1360306e-08,33.175545,33.175545,-2.0446261e-05,33.175545,0.00010013618,238,238,62,0.00016759556,0.00037824057,1.0744767e-06,0.202749,0
1745,29.083334,2.7127228e-07,33.17551,33.17551,-3.319736e-05,33.17551,0.00010009318,238,238,62,0.00035339198,0.0031482622,1.4679144e-06,0.20274824,0
1746,29.1,1.499768e-07,33.17549,33.17549,-2.0736925e-05,33.17549,0.000100136174,238,238,62,0.00031697532,0.0013127583,9.082499e-07,0.20274776,0
1747,29.116667,3.517883e-08,33.17548,33.17548,-1.1752653e-05,33.17548,0.000100076206,238,238,62,0.00014288224,0.00065309776,1.822265e-06,0.20274734,0
1748,29.133333,1.298102e-07,33.17545,33.17545,-3.066256e-05,33.17545,0.00010009258,238,238,62,0.00027348904,0.0015614612,1.8528212e-06,0.20274667,0
1749,29.15,9.2756004e-08,33.17543,33.17543,-1.8158858e-05,33.17543,0.00010013738,238,238,62,0.00020972999,0.0005347758,1.8007495e-06,0.20274621,0
1750,29.166666,7.7048256e-08,33.175404,33.175404,-2.5452735e-05,33.175404,0.00010019193,238,238,62,0.00021526267,0.00086002174,1.1633612e-06,0.20274563,0
1751,29.183332,2.7105946e-08,33.175392,33.175392,-1.1355288e-05,33.175392,0.00010013615,238,238,62,0.00011508186,0.00051928783,3.7466712e-06,0.20274533,0
1752,29.2,8.2037324e-08,33.17536,33.17536,-2.9538473e-05,33.17536,0.00010022081,238,238,62,0.0001881173,0.0010331442,2.8872196e-06,0.20274462,0
1753,29.216667,1.4580897e-07,33.175346,33.175346,-1.7725522e-05,33.175346,0.000100093974,238,238,62,0.0003082365,0.0008014111,1.3870061e-06,0.20274422,0
1754,29.233334,7.114471e-08,33.17532,33.17532,-2.4514162e-05,33.17532,0.00010011148,238,238,62,0.00022944904,0.00101118,2.0338296e-06,0.2027436,0
1755,29.25,3.78613e-07,33.175293,33.175293,-2.712462e-05,33.175293,0.000100179066,238,238,62,0.0004832636,0.0029801063,3.1401592e-06,0.20274293,0
1756,29.266666,1.2699255e-07,33.175274,33.175274,-1.887219e-05,33.175274,0.000100108475,238,238,62,0.00029756545,0.0016488946,3.2096957e-06,0.20274252,0
1757,29.283333,8.3347004e-08,33.175255,33.175255,-2.0326765e-05,33.175255,0.000100138386,238,238,62,0.00026337834,0.0015172698,1.3224427e-06,0.20274201,0
1758,29.3,1.2533694e-07,33.17524,33.175243,-1.3258416e-05,33.175243,0.00010013615,238,238,62,0.00029012465,0.00069252134,1.0051391e-06,0.20274168,0
1759,29.316668,6.305875e-08,33.175217,33.175217,-2.666309e-05,33.175217,0.00010019574,238,238,62,0.000198159,0.0005012565,1.988491e-06,0.20274103,0
1760,29.333334,8.501062e-08,33.175198,33.175198,-1.8099852e-05,33.175198,0.00010013614,238,238,62,0.00023021101,0.00054730807,1.5597122e-06,0.20274065,0
1761,29.35,4.2596337e-08,33.17517,33.17517,-2.481442e-05,33.17517,0.000100163925,238,238,62,0.00014179263,0.00046817717,3.869121e-06,0.20273995,0
1762,29.366667,2.8647607e-08,33.175148,33.175148,-2.3455916e-05,33.175148,0.00010009434,238,238,62,0.00012736506,0.00063203264,1.2805466e-06,0.20273937,0
1763,29.383333,1.1306811e-07,33.17512,33.17512,-2.5352607e-05,33.17512,0.00010010842,238,238,62,0.0002513646,0.0012787463,2.1398223e-06,0.20273876,0
1764,29.4,1.1874927e-07,33.175102,33.175102,-2.0277439e-05,33.175102,0.00010008819,238,238,62,0.00026610217,0.0018815891,4.620521e-06,0.20273831,0
1765,29.416666,1.2325077e-07,33.175083,33.175083,-1.9613599e-05,33.175083,0.00010009993,238,238,62,0.0003151932,0.0014176001,7.656636e-06,0.20273787,0
1766,29.433332,3.9999176e-07,33.175053,33.175053,-3.1976746e-05,33.175053,0.000100136145,238,238,62,0.00042648008,0.0038478535,2.1635497e-06,0.20273712,0
1767,29.45,7.542532e-08,33.175037,33.175037,-1.3791228e-05,33.175037,0.00010007657,238,238,62,0.00021747449,0.0005051097,1.3487341e-06,0.20273684,0
1768,29.466667,1.7368552e-07,33.175014,33.175014,-2.4341236e-05,33.175014,0.00010013614,238,238,62,0.00026211515,0.0022426646,1.3248477e-06,0.2027362,0
1769,29.483334,1.2166e-07,33.17499,33.17499,-2.1997696e-05,33.17499,0.000100158635,238,238,62,0.00026305232,0.0015438867,8.1279046e-07,0.20273566,0
1770,29.5,1.6924976e-07,33.17497,33.17497,-2.2230592e-05,33.17497,0.00010012688,238,238,62,0.00038501786,0.0019073046,3.0858657e-06,0.20273516,0
1771,29.516666,2.4728462e-07,33.17495,33.17495,-2.0205085e-05,33.17495,0.00010013613,238,238,62,0.00043103963,0.0013440105,3.692275e-06,0.20273468,0
1772,29.533333,3.941862e-08,33.174927,33.174927,-2.1156005e-05,33.174927,0.00010012151,238,238,62,0.00014324742,0.0003073577,5.0449416e-06,0.20273423,0
1773,29.55,7.333351e-08,33.174904,33.174904,-2.4904348e-05,33.174904,0.00010013613,238,238,62,0.00019488634,0.0004704103,3.9294005e-06,0.2027336,0
1774,29.566668,3.89574e-08,33.174885,33.174885,-1.8654946e-05,33.174885,0.00010007418,238,238,62,0.00015337716,0.0009125967,1.918571e-06,0.20273313,0
1775,29.583334,1.7992248e-07,33.17487,33.17487,-1.5653268e-05,33.17487,0.00010007652,238,238,62,0.00035880672,0.00093485485,2.9241319e-06,0.2027327,0
1776,29.6,1.4469713e-07,33.174835,33.174835,-3.361875e-05,33.174835,0.0001001362,238,238,62,0.00029076473,0.0007782868,4.3417076e-06,0.20273189,0
1777,29.616667,7.507413e-08,33.174828,33.174828,-8.382377e-06,33.174828,0.00010013612,238,238,62,0.00021391765,0.000491858,2.6223963e-06,0.20273165,0
1778,29.633333,4.9598157e-07,33.174797,33.174797,-2.9837518e-05,33.174797,0.00010017615,238,238,62,0.0005658242,0.008483181,3.6934262e-06,0.20273091,0
1779,29.65,1.925411e-07,33.174786,33.174786,-1.1608786e-05,33.174786,0.000100092824,238,238,62,0.0003618812,0.0010399799,2.842542e-06,0.20273064,0
1780,29.666666,5.773347e-08,33.17476,33.17476,-2.4241794e-05,33.17476,0.0001001064,238,238,62,0.00018197746,0.00041622692,1.5738684e-06,0.20273009,0
1781,29.683332,1.4992447e-07,33.17473,33.17473,-3.1828786e-05,33.17473,0.000100136196,238,238,62,0.00029471255,0.001685734,2.4184021e-06,0.20272931,0
1782,29.7,1.2649143e-07,33.174713,33.174713,-1.6150176e-05,33.174713,0.000100108125,238,238,62,0.00029287182,0.00090202753,2.0916261e-06,0.20272888,0
1783,29.716667,4.627409e-08,33.174683,33.174683,-2.90086e-05,33.174683,0.00010015247,238,238,62,0.00016265146,0.00056195044,1.3679187e-06,0.20272823,0
1784,29.733334,1.18466595e-07,33.174664,33.174664,-2.0377183e-05,33.174664,0.00010009547,238,238,62,0.00028062664,0.0012500715,3.2971925e-06,0.2027277,0
1785,29.75,7.683724e-08,33.17464,33.17464,-2.2818576e-05,33.17464,0.00010019572,238,238,62,0.00023765891,0.0010695212,1.8298773e-06,0.20272715,0
1786,29.766666,7.685709e-08,33.174625,33.174625,-1.4297917e-05,33.174625,0.00010019572,238,238,62,0.00024370247,0.0011457002,6.4235514e-06,0.20272683,0
1787,29.783333,7.2123164e-08,33.174603,33.174603,-2.5109252e-05,33.174603,0.00010009852,238,238,62,0.00019678619,0.00052230543,2.3733921e-06,0.20272627,0
1788,29.8,7.7174256e-08,33.174583,33.174583,-1.7617987e-05,33.174583,0.000100136116,238,238,62,0.0002398255,0.0010577182,3.9973784e-06,0.20272583,0
1789,29.816668,7.575666e-08,33.174564,33.174564,-2.0118283e-05,33.174564,0.000100136116,238,238,62,0.00024153256,0.0011544231,5.9887852e-06,0.20272537,0
1790,29.833334,1.7585448e-07,33.174538,33.174538,-2.7331991e-05,33.174538,0.00010013611,238,238,62,0.00035819702,0.0011627468,1.8178265e-06,0.20272475,0
1791,29.85,3.7293464e-07,33.174515,33.174515,-2.20811e-05,33.174515,0.00010019572,238,238,62,0.00056537887,0.0023883868,1.01488595e-05,0.20272425,0
1792,29.866667,6.266571e-08,33.17449,33.17449,-2.0759644e-05,33.17449,0.00010010415,238,238,62,0.00021769055,0.0010718078,2.3242515e-06,0.20272376,0
1793,29.883333,7.908833e-08,33.17447,33.17447,-2.2428014e-05,33.17447,0.00010013611,238,238,62,0.0002276666,0.0010262001,1.4108425e-06,0.2027232,0
1794,29.9,3.0157912e-07,33.174446,33.174446,-2.3718241e-05,33.174446,0.00010013625,238,238,62,0.00042743655,0.0012928958,4.84061e-06,0.20272267,0
1795,29.916666,1.0066929e-07,33.17442,33.17442,-2.7632997e-05,33.17442,0.00010013625,237,237,62,0.00021082516,0.00093394826,4.871615e-06,0.20272206,0
1796,29.933332,8.8468795e-08,33.174404,33.174404,-1.6637709e-05,33.174404,0.00010013611,237,237,62,0.00026367756,0.0012133914,5.4956404e-06,0.2027217,0
1797,29.95,3.3828493e-07,33.174377,33.174377,-2.6683507e-05,33.174377,0.000100136254,237,237,62,0.0003491114,0.0037251208,1.3710088e-06,0.20272101,0
1798,29.966667,1.1589889e-07,33.174366,33.174366,-1.1527732e-05,33.174366,0.00010013611,237,237,62,0.00028118317,0.0006853075,8.9941886e-07,0.20272075,0
1799,29.983334,3.553116e-08,33.174343,33.174343,-2.1693528e-05,33.174343,0.00010008953,237,237,62,0.00013368546,0.00043758508,1.5218504e-06,0.20272018,0
1800,30,7.842516e-08,33.174313,33.174313,-2.955051e-05,33.174313,0.00010012472,237,237,62,0.00025629683,0.0014601187,1.0884378e-06,0.20271952,0
