substep,stage,iteration,kinetic_J,potential_J,total_J,predicted_split_U_J,depth_m,contacts,matched,locked,corrected_points,delta_T_J,delta_U_J,delta_E_J
0,start,0,1.7983483e-07,33.107872,33.107872,0,0.00010014689,220,220,55,8,0,0,0
0,gravity-kick,0,6.784009e-05,33.107872,33.10794,0,0.00010014689,220,220,55,8,6.766025e-05,0,6.766025e-05
0,collide,0,6.784009e-05,33.107872,33.10794,0,0.00010018321,220,220,0,0,0,0,0
0,warm-start,0,1.0909324e-05,33.107872,33.107883,0,0.00010018321,220,220,55,9,-5.6930763e-05,0,-5.6930763e-05
0,contact-iteration,1,2.9485437e-07,33.107872,33.107876,3.9723358e-07,0.00010018321,220,220,55,9,-1.061447e-05,0,-1.061447e-05
0,contact-iteration,2,2.0749101e-07,33.107872,33.107872,6.5114534e-07,0.00010018321,220,220,55,9,-8.7363354e-08,0,-8.7363354e-08
0,contact-iteration,3,1.9493275e-07,33.107872,33.107872,8.660059e-07,0.00010018321,220,220,55,9,-1.2558263e-08,0,-1.2558267e-08
0,contact-iteration,4,1.9106915e-07,33.107872,33.107872,1.0588565e-06,0.00010018321,220,220,55,9,-3.863606e-09,0,-3.8636045e-09
0,contact-iteration,5,1.8871869e-07,33.107872,33.107872,1.2354091e-06,0.00010018321,220,220,55,9,-2.3504658e-09,0,-2.3504612e-09
0,contact-iteration,6,1.8693655e-07,33.107872,33.107872,1.3984215e-06,0.00010018321,220,220,55,9,-1.7821412e-09,0,-1.7821407e-09
0,contact-iteration,7,1.8550118e-07,33.107872,33.107872,1.5495297e-06,0.00010018321,220,220,55,9,-1.4353692e-09,0,-1.4353745e-09
0,contact-iteration,8,1.8432875e-07,33.107872,33.107872,1.6898098e-06,0.00010018321,220,220,55,9,-1.172424e-09,0,-1.1724239e-09
0,contact-iteration,9,1.8334772e-07,33.107872,33.107872,1.820025e-06,0.00010018321,220,220,55,9,-9.810303e-10,0,-9.81025e-10
0,contact-iteration,10,1.8248923e-07,33.107872,33.107872,1.9407628e-06,0.00010018321,220,220,55,9,-8.5849033e-10,0,-8.5849194e-10
0,contact-iteration,11,1.8171214e-07,33.107872,33.107872,2.0525176e-06,0.00010018321,220,220,55,9,-7.7709583e-10,0,-7.770993e-10
0,contact-iteration,12,1.8098973e-07,33.107872,33.107872,2.1557382e-06,0.00010018321,220,220,55,9,-7.224031e-10,0,-7.224017e-10
0,restitution,0,1.8098973e-07,33.107872,33.107872,2.1557382e-06,0.00010018321,220,220,55,9,0,0,0
0,shock,0,1.7958037e-07,33.107872,33.107872,2.155738e-06,0.00010018321,220,220,55,9,-1.4093675e-09,0,-1.4093686e-09
0,rest-damping,0,1.7958037e-07,33.107872,33.107872,2.155738e-06,0.00010018321,220,220,55,9,0,0,0
0,pose-drift,0,1.7957727e-07,33.107872,33.107876,0,0.00010018321,220,220,55,9,-3.093475e-12,1.6625508e-07,1.66252e-07
0,split-counterfactual,0,1.7957727e-07,33.107872,33.107876,0,0,0,0,0,0,5.3050732e-17,1.4962957e-06,1.4962957e-06
0,finish,0,1.7957727e-07,33.107872,33.107876,0,0.00010018321,220,220,55,9,0,0,0
1,start,0,1.7957727e-07,33.107872,33.107876,0,0.00010018321,220,220,55,9,0,0,0
1,gravity-kick,0,6.783956e-05,33.107872,33.10794,0,0.00010018321,220,220,55,9,6.765998e-05,0,6.765998e-05
1,collide,0,6.783956e-05,33.107872,33.10794,0,0.00010012459,220,220,0,0,0,0,0
1,warm-start,0,1.0774152e-05,33.107872,33.107883,0,0.00010012459,220,220,55,10,-5.706541e-05,0,-5.706541e-05
1,contact-iteration,1,2.9522593e-07,33.107872,33.107876,2.1063512e-07,0.00010012459,220,220,55,10,-1.0478925e-05,0,-1.0478925e-05
1,contact-iteration,2,2.074746e-07,33.107872,33.107876,3.7315715e-07,0.00010012459,220,220,55,10,-8.7751324e-08,0,-8.7751324e-08
1,contact-iteration,3,1.9481199e-07,33.107872,33.107876,5.1797525e-07,0.00010012459,220,220,55,10,-1.2662604e-08,0,-1.2662603e-08
1,contact-iteration,4,1.9091385e-07,33.107872,33.107876,6.510292e-07,0.00010012459,220,220,55,10,-3.8981436e-09,0,-3.898144e-09
1,contact-iteration,5,1.8852364e-07,33.107872,33.107876,7.7449323e-07,0.00010012459,220,220,55,10,-2.3902047e-09,0,-2.390209e-09
1,contact-iteration,6,1.8674388e-07,33.107872,33.107876,8.8950173e-07,0.00010012459,220,220,55,10,-1.7797753e-09,0,-1.7797745e-09
1,contact-iteration,7,1.8529747e-07,33.107872,33.107876,9.96774e-07,0.00010012459,220,220,55,10,-1.4463993e-09,0,-1.446395e-09
1,contact-iteration,8,1.8412085e-07,33.107872,33.107876,1.0968187e-06,0.00010012459,220,220,55,10,-1.1766152e-09,0,-1.1766161e-09
1,contact-iteration,9,1.8313445e-07,33.107872,33.107876,1.1900291e-06,0.00010012459,220,220,55,10,-9.864035e-10,0,-9.864038e-10
1,contact-iteration,10,1.8227567e-07,33.107872,33.107876,1.2767357e-06,0.00010012459,220,220,55,10,-8.5877927e-10,0,-8.5878327e-10
1,contact-iteration,11,1.8149535e-07,33.107872,33.107876,1.3572378e-06,0.00010012459,220,220,55,10,-7.8031703e-10,0,-7.8031803e-10
1,contact-iteration,12,1.8076868e-07,33.107872,33.107876,1.4318214e-06,0.00010012459,220,220,55,10,-7.2667666e-10,0,-7.2667206e-10
1,restitution,0,1.8076868e-07,33.107872,33.107876,1.4318214e-06,0.00010012459,220,220,55,10,0,0,0
1,shock,0,1.7935197e-07,33.107872,33.107876,1.4318214e-06,0.00010012459,220,220,55,10,-1.4167021e-09,0,-1.4167014e-09
1,rest-damping,0,1.7935197e-07,33.107872,33.107876,1.4318214e-06,0.00010012459,220,220,55,10,0,0,0
1,pose-drift,0,1.7934889e-07,33.107872,33.107876,0,0.00010012459,220,220,55,10,-3.0897162e-12,0,-3.090861e-12
1,split-counterfactual,0,1.7934889e-07,33.107872,33.107876,0,0,0,0,0,0,1.334966e-16,1.3300406e-06,1.3300406e-06
1,finish,0,1.7934889e-07,33.107872,33.107876,0,0.00010012459,220,220,55,10,0,0,0
2,start,0,1.7934889e-07,33.107872,33.107876,0,0.00010012459,220,220,55,10,0,0,0
2,gravity-kick,0,6.7844696e-05,33.107872,33.10794,0,0.00010012459,220,220,55,10,6.766535e-05,0,6.766535e-05
2,collide,0,6.7844696e-05,33.107872,33.10794,0,0.00010017326,220,220,0,0,0,0,0
2,warm-start,0,1.0647902e-05,33.107872,33.107883,0,0.00010017326,220,220,55,10,-5.7196798e-05,0,-5.7196798e-05
2,contact-iteration,1,2.9595344e-07,33.107872,33.107876,3.521584e-07,0.00010017326,220,220,55,10,-1.0351949e-05,0,-1.0351949e-05
2,contact-iteration,2,2.0755607e-07,33.107872,33.107876,5.598519e-07,0.00010017326,220,220,55,10,-8.839738e-08,0,-8.8397385e-08
2,contact-iteration,3,1.9476364e-07,33.107872,33.107876,7.324326e-07,0.00010017326,220,220,55,10,-1.2792436e-08,0,-1.2792434e-08
2,contact-iteration,4,1.9080726e-07,33.107872,33.107876,8.8684374e-07,0.00010017326,220,220,55,10,-3.956376e-09,0,-3.956373e-09
2,contact-iteration,5,1.8839323e-07,33.107872,33.107876,1.0279769e-06,0.00010017326,220,220,55,10,-2.4140383e-09,0,-2.4140405e-09
2,contact-iteration,6,1.8658646e-07,33.107872,33.107876,1.1583967e-06,0.00010017326,220,220,55,10,-1.8067566e-09,0,-1.8067539e-09
2,contact-iteration,7,1.8512806e-07,33.107872,33.107876,1.2795895e-06,0.00010017326,220,220,55,10,-1.4584035e-09,0,-1.4584032e-09
2,contact-iteration,8,1.8393814e-07,33.107872,33.107876,1.3923784e-06,0.00010017326,220,220,55,10,-1.1899186e-09,0,-1.1899246e-09
2,contact-iteration,9,1.8294051e-07,33.107872,33.107876,1.497304e-06,0.00010017326,220,220,55,10,-9.976289e-10,0,-9.976233e-10
2,contact-iteration,10,1.8207399e-07,33.107872,33.107876,1.5947735e-06,0.00010017326,220,220,55,10,-8.665188e-10,0,-8.665211e-10
2,contact-iteration,11,1.8128738e-07,33.107872,33.107876,1.6851327e-06,0.00010017326,220,220,55,10,-7.866168e-10,0,-7.8662055e-10
2,contact-iteration,12,1.8055906e-07,33.107872,33.107876,1.7687037e-06,0.00010017326,220,220,55,10,-7.2832984e-10,0,-7.283276e-10
2,restitution,0,1.8055906e-07,33.107872,33.107876,1.7687037e-06,0.00010017326,220,220,55,10,0,0,0
2,shock,0,1.791346e-07,33.107872,33.107876,1.7687036e-06,0.00010017326,220,220,55,10,-1.4244459e-09,0,-1.4244463e-09
2,rest-damping,0,1.791346e-07,33.107872,33.107876,1.7687036e-06,0.00010017326,220,220,55,10,0,0,0
2,pose-drift,0,1.7913152e-07,33.107872,33.107876,0,0.00010017326,220,220,55,10,-3.0872355e-12,0,-3.0837555e-12
2,split-counterfactual,0,1.7913152e-07,33.107872,33.107876,0,0,0,0,0,0,3.7358055e-16,1.3300406e-06,1.3300406e-06
2,finish,0,1.7913152e-07,33.107872,33.107876,0,0.00010017326,220,220,55,10,0,0,0
3,start,0,1.7913152e-07,33.107872,33.107876,0,0.00010017326,220,220,55,10,0,0,0
3,gravity-kick,0,6.784867e-05,33.107872,33.10794,0,0.00010017326,220,220,55,10,6.766954e-05,0,6.766954e-05
3,collide,0,6.784867e-05,33.107872,33.10794,0,0.000100160716,220,220,0,0,0,0,0
3,warm-start,0,1.0530811e-05,33.107872,33.107883,0,0.000100160716,220,220,55,10,-5.731786e-05,0,-5.731786e-05
3,contact-iteration,1,2.9728358e-07,33.107872,33.107876,3.7232533e-07,0.000100160716,220,220,55,10,-1.0233528e-05,0,-1.0233528e-05
3,contact-iteration,2,2.0767399e-07,33.107872,33.107876,6.096478e-07,0.000100160716,220,220,55,10,-8.960958e-08,0,-8.960958e-08
3,contact-iteration,3,1.9474312e-07,33.107872,33.107876,8.11829e-07,0.000100160716,220,220,55,10,-1.293088e-08,0,-1.2930883e-08
3,contact-iteration,4,1.9073127e-07,33.107872,33.107876,9.946507e-07,0.000100160716,220,220,55,10,-4.0118424e-09,0,-4.011838e-09
3,contact-iteration,5,1.882977e-07,33.107872,33.107876,1.1632233e-06,0.000100160716,220,220,55,10,-2.4335771e-09,0,-2.4335804e-09
3,contact-iteration,6,1.8645794e-07,33.107872,33.107876,1.3199094e-06,0.000100160716,220,220,55,10,-1.8397653e-09,0,-1.8397657e-09
3,contact-iteration,7,1.8497767e-07,33.107872,33.107876,1.4660465e-06,0.000100160716,220,220,55,10,-1.4802704e-09,0,-1.4802666e-09
3,contact-iteration,8,1.8377465e-07,33.107872,33.107876,1.602473e-06,0.000100160716,220,220,55,10,-1.2030188e-09,0,-1.2030199e-09
3,contact-iteration,9,1.8276641e-07,33.107872,33.107876,1.7297593e-06,0.000100160716,220,220,55,10,-1.0082257e-09,0,-1.0082246e-09
3,contact-iteration,10,1.8189154e-07,33.107872,33.107876,1.8483375e-06,0.000100160716,220,220,55,10,-8.748883e-10,0,-8.7489127e-10
3,contact-iteration,11,1.8109768e-07,33.107872,33.107876,1.9585761e-06,0.000100160716,220,220,55,10,-7.938564e-10,0,-7.9385387e-10
3,contact-iteration,12,1.8036108e-07,33.107872,33.107876,2.0608202e-06,0.000100160716,220,220,55,10,-7.365895e-10,0,-7.3659123e-10
3,restitution,0,1.8036108e-07,33.107872,33.107876,2.0608202e-06,0.000100160716,220,220,55,10,0,0,0
3,shock,0,1.7892937e-07,33.107872,33.107876,2.0608202e-06,0.000100160716,220,220,55,10,-1.4317183e-09,0,-1.4317152e-09
3,rest-damping,0,1.7892937e-07,33.107872,33.107876,2.0608202e-06,0.000100160716,220,220,55,10,0,0,0
3,pose-drift,0,1.7892629e-07,33.107876,33.107876,0,0.000100160716,220,220,55,10,-3.083978e-12,1.6625509e-07,1.66252e-07
3,split-counterfactual,0,1.7892629e-07,33.107876,33.107876,0,0,0,0,0,0,3.6351118e-16,1.4962957e-06,1.4962957e-06
3,finish,0,1.7892629e-07,33.107876,33.107876,0,0.000100160716,220,220,55,10,0,0,0
4,start,0,1.7892629e-07,33.107876,33.107876,0,0.000100160716,220,220,55,10,0,0,0
4,gravity-kick,0,6.785037e-05,33.107876,33.10794,0,0.000100160716,220,220,55,10,6.767145e-05,0,6.767145e-05
4,collide,0,6.785037e-05,33.107876,33.10794,0,0.00010015597,220,220,0,0,0,0,0
4,warm-start,0,1.0420949e-05,33.107876,33.107883,0,0.00010015597,220,220,55,8,-5.7429424e-05,0,-5.7429424e-05
4,contact-iteration,1,2.980891e-07,33.107876,33.107876,3.6513572e-07,0.00010015597,220,220,55,8,-1.012286e-05,0,-1.012286e-05
4,contact-iteration,2,2.0771171e-07,33.107876,33.107876,5.9703575e-07,0.00010015597,220,220,55,8,-9.0377405e-08,0,-9.03774e-08
4,contact-iteration,3,1.946508e-07,33.107876,33.107876,7.9371847e-07,0.00010015597,220,220,55,8,-1.3060919e-08,0,-1.30609195e-08
4,contact-iteration,4,1.9058807e-07,33.107876,33.107876,9.706912e-07,0.00010015597,220,220,55,8,-4.0627275e-09,0,-4.062727e-09
4,contact-iteration,5,1.8813482e-07,33.107876,33.107876,1.1331261e-06,0.00010015597,220,220,55,8,-2.453252e-09,0,-2.4532554e-09
4,contact-iteration,6,1.8626844e-07,33.107876,33.107876,1.2834719e-06,0.00010015597,220,220,55,8,-1.8663773e-09,0,-1.8663755e-09
4,contact-iteration,7,1.8477586e-07,33.107876,33.107876,1.4231615e-06,0.00010015597,220,220,55,8,-1.4925734e-09,0,-1.4925732e-09
4,contact-iteration,8,1.835608e-07,33.107876,33.107876,1.5531197e-06,0.00010015597,220,220,55,8,-1.2150563e-09,0,-1.2150565e-09
4,contact-iteration,9,1.8254464e-07,33.107876,33.107876,1.6739955e-06,0.00010015597,220,220,55,8,-1.016175e-09,0,-1.0161756e-09
4,contact-iteration,10,1.81664e-07,33.107876,33.107876,1.7862873e-06,0.00010015597,220,220,55,8,-8.8062213e-10,0,-8.8062535e-10
4,contact-iteration,11,1.8086554e-07,33.107876,33.107876,1.8904158e-06,0.00010015597,220,220,55,8,-7.984739e-10,0,-7.984724e-10
4,contact-iteration,12,1.8012594e-07,33.107876,33.107876,1.9867668e-06,0.00010015597,220,220,55,8,-7.3960055e-10,0,-7.3959683e-10
4,restitution,0,1.8012594e-07,33.107876,33.107876,1.9867668e-06,0.00010015597,220,220,55,8,0,0,0
4,shock,0,1.786922e-07,33.107876,33.107876,1.9867668e-06,0.00010015597,220,220,55,8,-1.4337361e-09,0,-1.4337402e-09
4,rest-damping,0,1.786922e-07,33.107876,33.107876,1.9867668e-06,0.00010015597,220,220,55,8,0,0,0
4,pose-drift,0,1.7868912e-07,33.107876,33.107876,0,0.00010015597,220,220,55,8,-3.0812631e-12,1.6625508e-07,1.66252e-07
4,split-counterfactual,0,1.7868912e-07,33.107876,33.107876,0,0,0,0,0,0,3.3447113e-16,1.4962957e-06,1.4962957e-06
4,finish,0,1.7868912e-07,33.107876,33.107876,0,0.00010015597,220,220,55,8,0,0,0
5,start,0,1.7868912e-07,33.107876,33.107876,0,0.00010015597,220,220,55,8,0,0,0
5,gravity-kick,0,6.784972e-05,33.107876,33.10794,0,0.00010015597,220,220,55,8,6.767103e-05,0,6.767103e-05
5,collide,0,6.784972e-05,33.107876,33.10794,0,0.00010015133,220,220,0,0,0,0,0
5,warm-start,0,1.0316133e-05,33.107876,33.107883,0,0.00010015133,220,220,55,10,-5.753359e-05,0,-5.753359e-05
5,contact-iteration,1,2.9880917e-07,33.107876,33.107876,3.6297536e-07,0.00010015133,220,220,55,10,-1.0017324e-05,0,-1.0017324e-05
5,contact-iteration,2,2.0787208e-07,33.107876,33.107876,5.9610363e-07,0.00010015133,220,220,55,10,-9.0937114e-08,0,-9.0937114e-08
5,contact-iteration,3,1.9730705e-07,33.107876,33.107876,7.950013e-07,0.00010015133,220,220,55,10,-1.0565032e-08,0,-1.05650315e-08
5,contact-iteration,4,1.9612203e-07,33.107876,33.107876,9.746216e-07,0.00010015133,220,220,55,10,-1.1850118e-09,0,-1.1850148e-09
5,contact-iteration,5,1.9707636e-07,33.107876,33.107876,1.1399092e-06,0.00010015133,220,220,55,10,9.54337e-10,0,9.54337e-10
5,contact-iteration,6,1.9938963e-07,33.107876,33.107876,1.2931949e-06,0.00010015133,220,220,55,10,2.3132616e-09,0,2.3132642e-09
5,contact-iteration,7,2.0284675e-07,33.107876,33.107876,1.4358e-06,0.00010015133,220,220,55,10,3.4571308e-09,0,3.4571315e-09
5,contact-iteration,8,2.0738642e-07,33.107876,33.107876,1.5685589e-06,0.00010015133,220,220,55,10,4.5396695e-09,0,4.5396717e-09
5,contact-iteration,9,2.1289145e-07,33.107876,33.107876,1.6920578e-06,0.00010015133,220,220,55,10,5.5050315e-09,0,5.5050293e-09
5,contact-iteration,10,2.1927481e-07,33.107876,33.107876,1.8067594e-06,0.00010015133,220,220,55,10,6.383352e-09,0,6.3833525e-09
5,contact-iteration,11,2.2682438e-07,33.107876,33.107876,1.9130703e-06,0.00010015133,220,220,55,10,7.549571e-09,0,7.549573e-09
5,contact-iteration,12,2.3673677e-07,33.107876,33.107876,2.0113762e-06,0.00010015133,220,220,55,10,9.91238e-09,0,9.912377e-09
5,restitution,0,2.3673677e-07,33.107876,33.107876,2.0113762e-06,0.00010015133,220,220,55,10,0,0,0
5,shock,0,2.5571055e-07,33.107876,33.107876,2.0113762e-06,0.00010015133,220,220,55,10,1.8973774e-08,0,1.8973772e-08
5,rest-damping,0,2.5571055e-07,33.107876,33.107876,2.0113762e-06,0.00010015133,220,220,55,10,0,0,0
5,pose-drift,0,2.557047e-07,33.107876,33.107876,0,0.00010015133,220,220,55,10,-5.8374403e-12,-1.6625508e-07,-1.6626092e-07
5,split-counterfactual,0,2.557047e-07,33.107876,33.107876,0,0,0,0,0,0,8.39707e-15,9.975305e-07,9.975305e-07
5,finish,0,2.557047e-07,33.107876,33.107876,0,0.00010015133,220,220,55,10,0,0,0
6,start,0,2.557047e-07,33.107876,33.107876,0,0.00010015133,220,220,55,10,0,0,0
6,gravity-kick,0,6.802992e-05,33.107876,33.10794,0,0.00010015133,220,220,55,10,6.7774214e-05,0,6.7774214e-05
6,collide,0,6.802992e-05,33.107876,33.10794,0,0.00010017335,220,220,0,0,0,0,0
6,warm-start,0,1.1548209e-06,33.107876,33.107876,0,0.00010017335,220,220,55,9,-6.68751e-05,0,-6.68751e-05
6,contact-iteration,1,5.926289e-07,33.107876,33.107876,3.894819e-07,0.00010017335,220,220,55,9,-5.6219204e-07,0,-5.6219204e-07
6,contact-iteration,2,4.804388e-07,33.107876,33.107876,6.5491224e-07,0.00010017335,220,220,55,9,-1.1219011e-07,0,-1.1219011e-07
6,contact-iteration,3,4.5175668e-07,33.107876,33.107876,8.850885e-07,0.00010017335,220,220,55,9,-2.868211e-08,0,-2.868211e-08
6,contact-iteration,4,4.3688078e-07,33.107876,33.107876,1.0941193e-06,0.00010017335,220,220,55,9,-1.4875893e-08,0,-1.4875894e-08
6,contact-iteration,5,4.2508344e-07,33.107876,33.107876,1.2869446e-06,0.00010017335,220,220,55,9,-1.1797339e-08,0,-1.179734e-08
6,contact-iteration,6,4.146777e-07,33.107876,33.107876,1.4661266e-06,0.00010017335,220,220,55,9,-1.0405772e-08,0,-1.04057705e-08
6,contact-iteration,7,4.053761e-07,33.107876,33.107876,1.6332036e-06,0.00010017335,220,220,55,9,-9.301575e-09,0,-9.301573e-09
6,contact-iteration,8,3.9694552e-07,33.107876,33.107876,1.789164e-06,0.00010017335,220,220,55,9,-8.430586e-09,0,-8.43059e-09
6,contact-iteration,9,3.8920047e-07,33.107876,33.107876,1.9347815e-06,0.00010017335,220,220,55,9,-7.745054e-09,0,-7.745051e-09
6,contact-iteration,10,3.8200486e-07,33.107876,33.107876,2.0705788e-06,0.00010017335,220,220,55,9,-7.195623e-09,0,-7.1956237e-09
6,contact-iteration,11,3.7534542e-07,33.107876,33.107876,2.19698e-06,0.00010017335,220,220,55,9,-6.659415e-09,0,-6.6594126e-09
6,contact-iteration,12,3.6917749e-07,33.107876,33.107876,2.3143723e-06,0.00010017335,220,220,55,9,-6.167929e-09,0,-6.16793e-09
6,restitution,0,3.6917749e-07,33.107876,33.107876,2.3143723e-06,0.00010017335,220,220,55,9,0,0,0
6,shock,0,3.5788287e-07,33.107876,33.107876,2.3143723e-06,0.00010017335,220,220,55,9,-1.1294637e-08,0,-1.1294638e-08
6,rest-damping,0,3.5788287e-07,33.107876,33.107876,2.3143723e-06,0.00010017335,220,220,55,9,0,0,0
6,pose-drift,0,3.5787374e-07,33.107876,33.107876,0,0.00010017335,220,220,55,9,-9.1043735e-12,4.9876525e-07,4.9875615e-07
6,split-counterfactual,0,3.5787374e-07,33.107876,33.107876,0,0,0,0,0,0,-5.223681e-16,2.161316e-06,2.161316e-06
6,finish,0,3.5787374e-07,33.107876,33.107876,0,0.00010017335,220,220,55,9,0,0,0
7,start,0,3.5787374e-07,33.107876,33.107876,0,0.00010017335,220,220,55,9,0,0,0
7,gravity-kick,0,6.8416186e-05,33.107876,33.107944,0,0.00010017335,220,220,55,9,6.805831e-05,0,6.805831e-05
7,collide,0,6.8416186e-05,33.107876,33.107944,0,0.000100171615,220,220,0,0,0,0,0
7,warm-start,0,1.8311728e-06,33.107876,33.107876,0,0.000100171615,220,220,55,10,-6.658502e-05,0,-6.658502e-05
7,contact-iteration,1,6.5209684e-07,33.107876,33.107876,3.9469077e-07,0.000100171615,220,220,55,10,-1.1790759e-06,0,-1.1790759e-06
7,contact-iteration,2,5.328875e-07,33.107876,33.107876,6.672731e-07,0.000100171615,220,220,55,10,-1.1920936e-07,0,-1.1920935e-07
7,contact-iteration,3,5.0850014e-07,33.107876,33.107876,9.051579e-07,0.000100171615,220,220,55,10,-2.438739e-08,0,-2.4387397e-08
7,contact-iteration,4,4.9765595e-07,33.107876,33.107876,1.1220326e-06,0.000100171615,220,220,55,10,-1.08441585e-08,0,-1.0844154e-08
7,contact-iteration,5,4.887834e-07,33.107876,33.107876,1.3224886e-06,0.000100171615,220,220,55,10,-8.872541e-09,0,-8.87254e-09
7,contact-iteration,6,4.8090226e-07,33.107876,33.107876,1.5089533e-06,0.000100171615,220,220,55,10,-7.881136e-09,0,-7.881141e-09
7,contact-iteration,7,4.7366925e-07,33.107876,33.107876,1.6829101e-06,0.000100171615,220,220,55,10,-7.233028e-09,0,-7.2330266e-09
7,contact-iteration,8,4.6687978e-07,33.107876,33.107876,1.8453287e-06,0.000100171615,220,220,55,10,-6.7894783e-09,0,-6.7894774e-09
7,contact-iteration,9,4.6044266e-07,33.107876,33.107876,1.9969316e-06,0.000100171615,220,220,55,10,-6.4371233e-09,0,-6.4371193e-09
7,contact-iteration,10,4.5429408e-07,33.107876,33.107876,2.1383014e-06,0.000100171615,220,220,55,10,-6.148567e-09,0,-6.148568e-09
7,contact-iteration,11,4.4836304e-07,33.107876,33.107876,2.2698864e-06,0.000100171615,220,220,55,10,-5.9310477e-09,0,-5.9310494e-09
7,contact-iteration,12,4.4260756e-07,33.107876,33.107876,2.3920904e-06,0.000100171615,220,220,55,10,-5.755492e-09,0,-5.7554885e-09
7,restitution,0,4.4260756e-07,33.107876,33.107876,2.3920904e-06,0.000100171615,220,220,55,10,0,0,0
7,shock,0,4.3139144e-07,33.107876,33.107876,2.3920904e-06,0.000100171615,220,220,55,10,-1.1216092e-08,0,-1.1216095e-08
7,rest-damping,0,4.3139144e-07,33.107876,33.107876,2.3920904e-06,0.000100171615,220,220,55,10,0,0,0
7,pose-drift,0,4.3138007e-07,33.107876,33.107876,0,0.000100171615,220,220,55,10,-1.1376937e-11,-1.6625508e-07,-1.6626646e-07
7,split-counterfactual,0,4.3138007e-07,33.107876,33.107876,0,0,0,0,0,0,-1.5438825e-15,1.4962957e-06,1.4962957e-06
7,finish,0,4.3138007e-07,33.107876,33.107876,0,0.000100171615,220,220,55,10,0,0,0
8,start,0,4.3138007e-07,33.107876,33.107876,0,0.000100171615,220,220,55,10,0,0,0
8,gravity-kick,0,6.869365e-05,33.107876,33.107944,0,0.000100171615,220,220,55,10,6.826227e-05,0,6.826227e-05
8,collide,0,6.869365e-05,33.107876,33.107944,0,0.000100169746,220,220,0,0,0,0,0
8,warm-start,0,3.5514531e-06,33.107876,33.10788,0,0.000100169746,220,220,55,10,-6.5142194e-05,0,-6.5142194e-05
8,contact-iteration,1,6.715569e-07,33.107876,33.107876,4.048383e-07,0.000100169746,220,220,55,10,-2.8798963e-06,0,-2.8798963e-06
8,contact-iteration,2,5.459867e-07,33.107876,33.107876,6.884133e-07,0.000100169746,220,220,55,10,-1.2557014e-07,0,-1.2557014e-07
8,contact-iteration,3,5.2455545e-07,33.107876,33.107876,9.381725e-07,0.000100169746,220,220,55,10,-2.1431315e-08,0,-2.1431319e-08
8,contact-iteration,4,5.137407e-07,33.107876,33.107876,1.1671028e-06,0.000100169746,220,220,55,10,-1.081474e-08,0,-1.08147375e-08
8,contact-iteration,5,5.0527615e-07,33.107876,33.107876,1.3796763e-06,0.000100169746,220,220,55,10,-8.4645295e-09,0,-8.464532e-09
8,contact-iteration,6,4.977159e-07,33.107876,33.107876,1.5778581e-06,0.000100169746,220,220,55,10,-7.5602395e-09,0,-7.560239e-09
8,contact-iteration,7,4.908165e-07,33.107876,33.107876,1.7629458e-06,0.000100169746,220,220,55,10,-6.8994366e-09,0,-6.899434e-09
8,contact-iteration,8,4.8439324e-07,33.107876,33.107876,1.9358351e-06,0.000100169746,220,220,55,10,-6.4232237e-09,0,-6.423228e-09
8,contact-iteration,9,4.7833015e-07,33.107876,33.107876,2.0972295e-06,0.000100169746,220,220,55,10,-6.0631207e-09,0,-6.063118e-09
8,contact-iteration,10,4.725219e-07,33.107876,33.107876,2.247725e-06,0.000100169746,220,220,55,10,-5.808242e-09,0,-5.8082463e-09
8,contact-iteration,11,4.669189e-07,33.107876,33.107876,2.3877972e-06,0.000100169746,220,220,55,10,-5.6029963e-09,0,-5.602992e-09
8,contact-iteration,12,4.6149492e-07,33.107876,33.107876,2.5178906e-06,0.000100169746,220,220,55,10,-5.423988e-09,0,-5.423992e-09
8,restitution,0,4.6149492e-07,33.107876,33.107876,2.5178906e-06,0.000100169746,220,220,55,10,0,0,0
8,shock,0,4.5105187e-07,33.107876,33.107876,2.5178906e-06,0.000100169746,220,220,55,10,-1.0443031e-08,0,-1.0443031e-08
8,rest-damping,0,4.5105187e-07,33.107876,33.107876,2.5178906e-06,0.000100169746,220,220,55,10,0,0,0
8,pose-drift,0,4.5104014e-07,33.107876,33.107876,0,0.000100169746,220,220,55,10,-1.1736852e-11,1.6625508e-07,1.6624335e-07
8,split-counterfactual,0,4.5104014e-07,33.107876,33.107876,0,0,0,0,0,0,5.1452667e-16,1.8288059e-06,1.8288059e-06
8,finish,0,4.5104014e-07,33.107876,33.107876,0,0.000100169746,220,220,55,10,0,0,0
9,start,0,4.5104014e-07,33.107876,33.107876,0,0.000100169746,220,220,55,10,0,0,0
9,gravity-kick,0,6.8723675e-05,33.107876,33.107944,0,0.000100169746,220,220,55,10,6.827264e-05,0,6.827264e-05
9,collide,0,6.8723675e-05,33.107876,33.107944,0,0.00010016663,220,220,0,0,0,0,0
9,warm-start,0,5.9428553e-06,33.107876,33.10788,0,0.00010016663,220,220,55,10,-6.2780826e-05,0,-6.2780826e-05
9,contact-iteration,1,6.1816297e-07,33.107876,33.107876,3.9288165e-07,0.00010016663,220,220,55,10,-5.324692e-06,0,-5.324692e-06
9,contact-iteration,2,4.9725526e-07,33.107876,33.107876,6.561907e-07,0.00010016663,220,220,55,10,-1.209077e-07,0,-1.209077e-07
9,contact-iteration,3,4.754471e-07,33.107876,33.107876,8.8243956e-07,0.00010016663,220,220,55,10,-2.180818e-08,0,-2.1808177e-08
9,contact-iteration,4,4.650005e-07,33.107876,33.107876,1.0869595e-06,0.00010016663,220,220,55,10,-1.04466045e-08,0,-1.0446605e-08
9,contact-iteration,5,4.5690544e-07,33.107876,33.107876,1.2751793e-06,0.00010016663,220,220,55,10,-8.0950615e-09,0,-8.095064e-09
9,contact-iteration,6,4.495994e-07,33.107876,33.107876,1.449742e-06,0.00010016663,220,220,55,10,-7.306039e-09,0,-7.306042e-09
9,contact-iteration,7,4.4300543e-07,33.107876,33.107876,1.6121888e-06,0.00010016663,220,220,55,10,-6.593965e-09,0,-6.5939645e-09
9,contact-iteration,8,4.369794e-07,33.107876,33.107876,1.7634829e-06,0.00010016663,220,220,55,10,-6.026023e-09,0,-6.0260206e-09
9,contact-iteration,9,4.3139775e-07,33.107876,33.107876,1.9043642e-06,0.00010016663,220,220,55,10,-5.5816622e-09,0,-5.5816614e-09
9,contact-iteration,10,4.262889e-07,33.107876,33.107876,2.0353627e-06,0.00010016663,220,220,55,10,-5.1088627e-09,0,-5.108866e-09
9,contact-iteration,11,4.2159434e-07,33.107876,33.107876,2.1569267e-06,0.00010016663,220,220,55,10,-4.6945594e-09,0,-4.694556e-09
9,contact-iteration,12,4.1713125e-07,33.107876,33.107876,2.2694817e-06,0.00010016663,220,220,55,10,-4.463085e-09,0,-4.4630823e-09
9,restitution,0,4.1713125e-07,33.107876,33.107876,2.2694817e-06,0.00010016663,220,220,55,10,0,0,0
9,shock,0,4.0896842e-07,33.107876,33.107876,2.2694817e-06,0.00010016663,220,220,55,10,-8.162839e-09,0,-8.162843e-09
9,rest-damping,0,4.0896842e-07,33.107876,33.107876,2.2694817e-06,0.00010016663,220,220,55,10,0,0,0
9,pose-drift,0,4.0895804e-07,33.107876,33.107876,0,0.00010016663,220,220,55,10,-1.0349614e-11,3.3251015e-07,3.324998e-07
9,split-counterfactual,0,4.0895804e-07,33.107876,33.107876,0,0,0,0,0,0,-6.557687e-17,1.995061e-06,1.995061e-06
9,finish,0,4.0895804e-07,33.107876,33.107876,0,0.00010016663,220,220,55,10,0,0,0
10,start,0,4.0895804e-07,33.107876,33.107876,0,0.00010016663,220,220,55,10,0,0,0
10,gravity-kick,0,6.855671e-05,33.107876,33.107944,0,0.00010016663,220,220,55,10,6.814775e-05,0,6.814775e-05
10,collide,0,6.855671e-05,33.107876,33.107944,0,0.000100164885,220,220,0,0,0,0,0
10,warm-start,0,8.541303e-06,33.107876,33.107883,0,0.000100164885,220,220,55,9,-6.00154e-05,0,-6.00154e-05
10,contact-iteration,1,4.951216e-07,33.107876,33.107876,3.8983958e-07,0.000100164885,220,220,55,9,-8.046182e-06,0,-8.046182e-06
10,contact-iteration,2,4.0618406e-07,33.107876,33.107876,6.4740254e-07,0.000100164885,220,220,55,9,-8.893752e-08,0,-8.893751e-08
10,contact-iteration,3,3.900063e-07,33.107876,33.107876,8.6785826e-07,0.000100164885,220,220,55,9,-1.6177738e-08,0,-1.6177744e-08
10,contact-iteration,4,3.832621e-07,33.107876,33.107876,1.0668898e-06,0.000100164885,220,220,55,9,-6.744205e-09,0,-6.7442016e-09
10,contact-iteration,5,3.7776002e-07,33.107876,33.107876,1.2501273e-06,0.000100164885,220,220,55,9,-5.5020912e-09,0,-5.502095e-09
10,contact-iteration,6,3.7285375e-07,33.107876,33.107876,1.4204008e-06,0.000100164885,220,220,55,9,-4.906253e-09,0,-4.906248e-09
10,contact-iteration,7,3.684922e-07,33.107876,33.107876,1.5793844e-06,0.000100164885,220,220,55,9,-4.3615493e-09,0,-4.361553e-09
10,contact-iteration,8,3.645511e-07,33.107876,33.107876,1.7281121e-06,0.000100164885,220,220,55,9,-3.941097e-09,0,-3.9410963e-09
10,contact-iteration,9,3.6093246e-07,33.107876,33.107876,1.8672542e-06,0.000100164885,220,220,55,9,-3.6186614e-09,0,-3.6186592e-09
10,contact-iteration,10,3.5754059e-07,33.107876,33.107876,1.9972747e-06,0.000100164885,220,220,55,9,-3.3918688e-09,0,-3.3918681e-09
10,contact-iteration,11,3.5431117e-07,33.107876,33.107876,2.1185415e-06,0.000100164885,220,220,55,9,-3.2294236e-09,0,-3.2294238e-09
10,contact-iteration,12,3.512177e-07,33.107876,33.107876,2.2313982e-06,0.000100164885,220,220,55,9,-3.0934528e-09,0,-3.0934544e-09
10,restitution,0,3.512177e-07,33.107876,33.107876,2.2313982e-06,0.000100164885,220,220,55,9,0,0,0
10,shock,0,3.4558863e-07,33.107876,33.107876,2.2313982e-06,0.000100164885,220,220,55,9,-5.629078e-09,0,-5.629076e-09
10,rest-damping,0,3.4558863e-07,33.107876,33.107876,2.2313982e-06,0.000100164885,220,220,55,9,0,0,0
10,pose-drift,0,3.4558033e-07,33.107876,33.107876,0,0.000100164885,220,220,55,9,-8.293441e-12,1.6625509e-07,1.6624679e-07
10,split-counterfactual,0,3.4558033e-07,33.107876,33.107876,0,0,0,0,0,0,-3.9900228e-17,1.6625509e-06,1.6625509e-06
10,finish,0,3.4558033e-07,33.107876,33.107876,0,0.000100164885,220,220,55,9,0,0,0
11,start,0,3.4558033e-07,33.107876,33.107876,0,0.000100164885,220,220,55,9,0,0,0
11,gravity-kick,0,6.8327085e-05,33.107876,33.107944,0,0.000100164885,220,220,55,9,6.7981506e-05,0,6.7981506e-05
11,collide,0,6.8327085e-05,33.107876,33.107944,0,0.000100164216,220,220,0,0,0,0,0
11,warm-start,0,1.1062155e-05,33.107876,33.107887,0,0.000100164216,220,220,55,9,-5.7264933e-05,0,-5.7264933e-05
11,contact-iteration,1,4.0533203e-07,33.107876,33.107876,3.8004936e-07,0.000100164216,220,220,55,9,-1.0656822e-05,0,-1.0656822e-05
11,contact-iteration,2,3.2198733e-07,33.107876,33.107876,6.4300696e-07,0.000100164216,220,220,55,9,-8.334471e-08,0,-8.334471e-08
11,contact-iteration,3,3.085387e-07,33.107876,33.107876,8.564801e-07,0.000100164216,220,220,55,9,-1.3448638e-08,0,-1.3448634e-08
11,contact-iteration,4,3.0366934e-07,33.107876,33.107876,1.0368343e-06,0.000100164216,220,220,55,9,-4.8693405e-09,0,-4.8693423e-09
11,contact-iteration,5,2.9996863e-07,33.107876,33.107876,1.2110255e-06,0.000100164216,220,220,55,9,-3.700697e-09,0,-3.7006984e-09
11,contact-iteration,6,2.9672532e-07,33.107876,33.107876,1.3757584e-06,0.000100164216,220,220,55,9,-3.2433214e-09,0,-3.243315e-09
11,contact-iteration,7,2.939214e-07,33.107876,33.107876,1.5306545e-06,0.000100164216,220,220,55,9,-2.8039187e-09,0,-2.8039224e-09
11,contact-iteration,8,2.914308e-07,33.107876,33.107876,1.6759396e-06,0.000100164216,220,220,55,9,-2.4905982e-09,0,-2.4905944e-09
11,contact-iteration,9,2.8918043e-07,33.107876,33.107876,1.8119171e-06,0.000100164216,220,220,55,9,-2.2503728e-09,0,-2.250374e-09
11,contact-iteration,10,2.8709096e-07,33.107876,33.107876,1.9389083e-06,0.000100164216,220,220,55,9,-2.0894706e-09,0,-2.0894717e-09
11,contact-iteration,11,2.851247e-07,33.107876,33.107876,2.0572136e-06,0.000100164216,220,220,55,9,-1.966248e-09,0,-1.9662494e-09
11,contact-iteration,12,2.8325255e-07,33.107876,33.107876,2.167145e-06,0.000100164216,220,220,55,9,-1.8721589e-09,0,-1.8721593e-09
11,restitution,0,2.8325255e-07,33.107876,33.107876,2.167145e-06,0.000100164216,220,220,55,9,0,0,0
11,shock,0,2.7982264e-07,33.107876,33.107876,2.167145e-06,0.000100164216,220,220,55,9,-3.4299146e-09,0,-3.4299106e-09
11,rest-damping,0,2.7982264e-07,33.107876,33.107876,2.167145e-06,0.000100164216,220,220,55,9,0,0,0
11,pose-drift,0,2.7981642e-07,33.107876,33.107876,0,0.000100164216,220,220,55,9,-6.2201663e-12,9.975305e-07,9.975242e-07
11,split-counterfactual,0,2.7981642e-07,33.107876,33.107876,0,0,0,0,0,0,1.0028616e-16,2.4938263e-06,2.4938263e-06
11,finish,0,2.7981642e-07,33.107876,33.107876,0,0.000100164216,220,220,55,9,0,0,0
12,start,0,2.7981642e-07,33.107876,33.107876,0,0.000100164216,220,220,55,9,0,0,0
12,gravity-kick,0,6.811757e-05,33.107876,33.107944,0,0.000100164216,220,220,55,9,6.7837755e-05,0,6.7837755e-05
12,collide,0,6.811757e-05,33.107876,33.107944,0,0.000100161196,220,220,0,0,0,0,0
12,warm-start,0,1.43477255e-05,33.107876,33.10789,0,0.000100161196,220,220,55,10,-5.3769847e-05,0,-5.3769847e-05
12,contact-iteration,1,5.4725365e-07,33.107876,33.107876,3.9247698e-07,0.000100161196,220,220,55,10,-1.3800472e-05,0,-1.3800472e-05
12,contact-iteration,2,3.1839863e-07,33.107876,33.107876,6.7636216e-07,0.000100161196,220,220,55,10,-2.28855e-07,0,-2.28855e-07
12,contact-iteration,3,2.719976e-07,33.107876,33.107876,9.1445946e-07,0.000100161196,220,220,55,10,-4.640103e-08,0,-4.6401027e-08
12,contact-iteration,4,2.5938712e-07,33.107876,33.107876,1.1226823e-06,0.000100161196,220,220,55,10,-1.2610504e-08,0,-1.2610506e-08
12,contact-iteration,5,2.5285945e-07,33.107876,33.107876,1.3239377e-06,0.000100161196,220,220,55,10,-6.5276584e-09,0,-6.5276566e-09
12,contact-iteration,6,2.4854205e-07,33.107876,33.107876,1.5148551e-06,0.000100161196,220,220,55,10,-4.31739e-09,0,-4.3173927e-09
12,contact-iteration,7,2.4538477e-07,33.107876,33.107876,1.695091e-06,0.000100161196,220,220,55,10,-3.1572933e-09,0,-3.1572895e-09
12,contact-iteration,8,2.428526e-07,33.107876,33.107876,1.8647994e-06,0.000100161196,220,220,55,10,-2.5321596e-09,0,-2.5321611e-09
12,contact-iteration,9,2.4067978e-07,33.107876,33.107876,2.0242092e-06,0.000100161196,220,220,55,10,-2.1728217e-09,0,-2.1728255e-09
12,contact-iteration,10,2.3875242e-07,33.107876,33.107876,2.1735646e-06,0.000100161196,220,220,55,10,-1.9273687e-09,0,-1.9273685e-09
12,contact-iteration,11,2.3700228e-07,33.107876,33.107876,2.3131288e-06,0.000100161196,220,220,55,10,-1.7501269e-09,0,-1.7501236e-09
12,contact-iteration,12,2.3539158e-07,33.107876,33.107876,2.4431915e-06,0.000100161196,220,220,55,10,-1.610701e-09,0,-1.6107009e-09
12,restitution,0,2.3539158e-07,33.107876,33.107876,2.4431915e-06,0.000100161196,220,220,55,10,0,0,0
12,shock,0,2.3250135e-07,33.107876,33.107876,2.4431915e-06,0.000100161196,220,220,55,10,-2.8902425e-09,0,-2.8902463e-09
12,rest-damping,0,2.3250135e-07,33.107876,33.107876,2.4431915e-06,0.000100161196,220,220,55,10,0,0,0
12,pose-drift,0,2.324967e-07,33.107876,33.107876,0,0.000100161196,220,220,55,10,-4.635884e-12,9.975305e-07,9.975258e-07
12,split-counterfactual,0,2.324967e-07,33.107876,33.107876,0,0,0,0,0,0,9.532575e-17,2.327571e-06,2.327571e-06
12,finish,0,2.324967e-07,33.107876,33.107876,0,0.000100161196,220,220,55,10,0,0,0
13,start,0,2.324967e-07,33.107876,33.107876,0,0.000100161196,220,220,55,10,0,0,0
13,gravity-kick,0,6.821675e-05,33.107876,33.107944,0,0.000100161196,220,220,55,10,6.7984256e-05,0,6.7984256e-05
13,collide,0,6.821675e-05,33.107876,33.107944,0,0.00010024016,220,220,0,0,0,0,0
13,warm-start,0,1.4939786e-05,33.107876,33.10789,0,0.00010024016,220,220,55,9,-5.3276966e-05,0,-5.3276966e-05
13,contact-iteration,1,5.233212e-07,33.107876,33.107876,4.4104837e-07,0.00010024016,220,220,55,9,-1.4416464e-05,0,-1.4416464e-05
13,contact-iteration,2,2.9647603e-07,33.107876,33.107876,7.247184e-07,0.00010024016,220,220,55,9,-2.2684519e-07,0,-2.268452e-07
13,contact-iteration,3,2.5108483e-07,33.107876,33.107876,9.652355e-07,0.00010024016,220,220,55,9,-4.5391207e-08,0,-4.539121e-08
13,contact-iteration,4,2.3602388e-07,33.107876,33.107876,1.1823267e-06,0.00010024016,220,220,55,9,-1.5060948e-08,0,-1.5060948e-08
13,contact-iteration,5,2.2801773e-07,33.107876,33.107876,1.3824705e-06,0.00010024016,220,220,55,9,-8.006143e-09,0,-8.00614e-09
13,contact-iteration,6,2.2304026e-07,33.107876,33.107876,1.5686478e-06,0.00010024016,220,220,55,9,-4.9774713e-09,0,-4.9774727e-09
13,contact-iteration,7,2.1946829e-07,33.107876,33.107876,1.7425165e-06,0.00010024016,220,220,55,9,-3.5719656e-09,0,-3.5719623e-09
13,contact-iteration,8,2.1658711e-07,33.107876,33.107876,1.9050907e-06,0.00010024016,220,220,55,9,-2.8811848e-09,0,-2.8811868e-09
13,contact-iteration,9,2.1413688e-07,33.107876,33.107876,2.0570417e-06,0.00010024016,220,220,55,9,-2.4502316e-09,0,-2.4502356e-09
13,contact-iteration,10,2.1199287e-07,33.107876,33.107876,2.198863e-06,0.00010024016,220,220,55,9,-2.1440036e-09,0,-2.1439988e-09
13,contact-iteration,11,2.1007784e-07,33.107876,33.107876,2.330967e-06,0.00010024016,220,220,55,9,-1.9150375e-09,0,-1.9150406e-09
13,contact-iteration,12,2.0834246e-07,33.107876,33.107876,2.4537303e-06,0.00010024016,220,220,55,9,-1.7353801e-09,0,-1.7353798e-09
13,restitution,0,2.0834246e-07,33.107876,33.107876,2.4537303e-06,0.00010024016,220,220,55,9,0,0,0
13,shock,0,2.0518964e-07,33.107876,33.107876,2.4537303e-06,0.00010024016,220,220,55,9,-3.1528238e-09,0,-3.1528202e-09
13,rest-damping,0,2.0518964e-07,33.107876,33.107876,2.4537303e-06,0.00010024016,220,220,55,9,0,0,0
13,pose-drift,0,2.0518591e-07,33.107876,33.107876,0,0.00010024016,220,220,55,9,-3.719125e-12,3.3251015e-07,3.3250643e-07
13,split-counterfactual,0,2.0518591e-07,33.107876,33.107876,0,0,0,0,0,0,2.3381728e-16,1.995061e-06,1.995061e-06
13,finish,0,2.0518591e-07,33.107876,33.107876,0,0.00010024016,220,220,55,9,0,0,0
14,start,0,2.0518591e-07,33.107876,33.107876,0,0.00010024016,220,220,55,9,0,0,0
14,gravity-kick,0,6.839307e-05,33.107876,33.107944,0,0.00010024016,220,220,55,9,6.818788e-05,0,6.818788e-05
14,collide,0,6.839307e-05,33.107876,33.107944,0,0.000100174955,220,220,0,0,0,0,0
14,warm-start,0,1.3523147e-05,33.107876,33.10789,0,0.000100174955,220,220,55,9,-5.486992e-05,0,-5.486992e-05
14,contact-iteration,1,3.0612955e-07,33.107876,33.107876,4.020898e-07,0.000100174955,220,220,55,9,-1.3217017e-05,0,-1.3217017e-05
14,contact-iteration,2,2.219585e-07,33.107876,33.107876,6.82666e-07,0.000100174955,220,220,55,9,-8.417105e-08,0,-8.417105e-08
14,contact-iteration,3,2.096223e-07,33.107876,33.107876,9.207905e-07,0.000100174955,220,220,55,9,-1.2336196e-08,0,-1.2336194e-08
14,contact-iteration,4,2.056279e-07,33.107876,33.107876,1.1347232e-06,0.000100174955,220,220,55,9,-3.994398e-09,0,-3.9944013e-09
14,contact-iteration,5,2.0293383e-07,33.107876,33.107876,1.335877e-06,0.000100174955,220,220,55,9,-2.6940667e-09,0,-2.6940654e-09
14,contact-iteration,6,2.0071495e-07,33.107876,33.107876,1.5247336e-06,0.000100174955,220,220,55,9,-2.2188849e-09,0,-2.2188829e-09
14,contact-iteration,7,1.988243e-07,33.107876,33.107876,1.7020467e-06,0.000100174955,220,220,55,9,-1.8906605e-09,0,-1.8906618e-09
14,contact-iteration,8,1.971976e-07,33.107876,33.107876,1.8684002e-06,0.000100174955,220,220,55,9,-1.6266951e-09,0,-1.6266952e-09
14,contact-iteration,9,1.9574176e-07,33.107876,33.107876,2.0242321e-06,0.000100174955,220,220,55,9,-1.4558383e-09,0,-1.4558381e-09
14,contact-iteration,10,1.9442287e-07,33.107876,33.107876,2.1699027e-06,0.000100174955,220,220,55,9,-1.3188841e-09,0,-1.318881e-09
14,contact-iteration,11,1.9321128e-07,33.107876,33.107876,2.3057441e-06,0.000100174955,220,220,55,9,-1.2115909e-09,0,-1.2115962e-09
14,contact-iteration,12,1.9208296e-07,33.107876,33.107876,2.432091e-06,0.000100174955,220,220,55,9,-1.1283167e-09,0,-1.1283134e-09
14,restitution,0,1.9208296e-07,33.107876,33.107876,2.432091e-06,0.000100174955,220,220,55,9,0,0,0
14,shock,0,1.8976219e-07,33.107876,33.107876,2.432091e-06,0.000100174955,220,220,55,9,-2.3207725e-09,0,-2.3207747e-09
14,rest-damping,0,1.8976219e-07,33.107876,33.107876,2.432091e-06,0.000100174955,220,220,55,9,0,0,0
14,pose-drift,0,1.8975888e-07,33.10788,33.10788,0,0.000100174955,220,220,55,9,-3.3145138e-12,4.9876525e-07,4.9876195e-07
14,split-counterfactual,0,1.8975888e-07,33.10788,33.10788,0,0,0,0,0,0,6.3228955e-16,2.161316e-06,2.161316e-06
14,finish,0,1.8975888e-07,33.10788,33.10788,0,0.000100174955,220,220,55,9,0,0,0
15,start,0,1.8975888e-07,33.10788,33.10788,0,0.000100174955,220,220,55,9,0,0,0
15,gravity-kick,0,6.821993e-05,33.10788,33.107944,0,0.000100174955,220,220,55,9,6.8030175e-05,0,6.8030175e-05
15,collide,0,6.821993e-05,33.10788,33.107944,0,0.000100179415,220,220,0,0,0,0,0
15,warm-start,0,1.486804e-05,33.10788,33.10789,0,0.000100179415,220,220,55,8,-5.3351894e-05,0,-5.3351894e-05
15,contact-iteration,1,5.0464934e-07,33.10788,33.10788,3.9606363e-07,0.000100179415,220,220,55,8,-1.4363391e-05,0,-1.4363391e-05
15,contact-iteration,2,2.5761094e-07,33.10788,33.10788,6.573068e-07,0.000100179415,220,220,55,8,-2.470384e-07,0,-2.4703843e-07
15,contact-iteration,3,2.1878401e-07,33.10788,33.10788,8.826785e-07,0.000100179415,220,220,55,8,-3.8826926e-08,0,-3.8826926e-08
15,contact-iteration,4,2.0819004e-07,33.10788,33.10788,1.0882154e-06,0.000100179415,220,220,55,8,-1.0593964e-08,0,-1.0593965e-08
15,contact-iteration,5,2.0319551e-07,33.10788,33.10788,1.2789549e-06,0.000100179415,220,220,55,8,-4.994528e-09,0,-4.994533e-09
15,contact-iteration,6,2.0013701e-07,33.10788,33.10788,1.4572228e-06,0.000100179415,220,220,55,8,-3.0585114e-09,0,-3.05851e-09
15,contact-iteration,7,1.980034e-07,33.10788,33.10788,1.6243508e-06,0.000100179415,220,220,55,8,-2.1335957e-09,0,-2.1335964e-09
15,contact-iteration,8,1.9634852e-07,33.10788,33.10788,1.7811502e-06,0.000100179415,220,220,55,8,-1.6548853e-09,0,-1.6548825e-09
15,contact-iteration,9,1.9494944e-07,33.10788,33.10788,1.928149e-06,0.000100179415,220,220,55,8,-1.3990799e-09,0,-1.39908e-09
15,contact-iteration,10,1.9366179e-07,33.10788,33.10788,2.0657305e-06,0.000100179415,220,220,55,8,-1.287653e-09,0,-1.2876527e-09
15,contact-iteration,11,1.9248797e-07,33.10788,33.10788,2.1942135e-06,0.000100179415,220,220,55,8,-1.1738194e-09,0,-1.1738237e-09
15,contact-iteration,12,1.9138997e-07,33.10788,33.10788,2.313954e-06,0.000100179415,220,220,55,8,-1.0979971e-09,0,-1.0979946e-09
15,restitution,0,1.9138997e-07,33.10788,33.10788,2.313954e-06,0.000100179415,220,220,55,8,0,0,0
15,shock,0,1.8919448e-07,33.10788,33.10788,2.313954e-06,0.000100179415,220,220,55,8,-2.1954907e-09,0,-2.1954918e-09
15,rest-damping,0,1.8919448e-07,33.10788,33.10788,2.313954e-06,0.000100179415,220,220,55,8,0,0,0
15,pose-drift,0,1.8919118e-07,33.10788,33.10788,0,0.000100179415,220,220,55,8,-3.2934983e-12,0,-3.2898129e-12
15,split-counterfactual,0,1.8919118e-07,33.10788,33.10788,0,0,0,0,0,0,1.8868532e-16,1.6625509e-06,1.6625509e-06
15,finish,0,1.8919118e-07,33.10788,33.10788,0,0.000100179415,220,220,55,8,0,0,0
16,start,0,1.8919118e-07,33.10788,33.10788,0,0.000100179415,220,220,55,8,0,0,0
16,gravity-kick,0,6.82061e-05,33.10788,33.107944,0,0.000100179415,220,220,55,8,6.801691e-05,0,6.801691e-05
16,collide,0,6.82061e-05,33.10788,33.107944,0,0.00010016411,220,220,0,0,0,0,0
16,warm-start,0,1.3015561e-05,33.10788,33.10789,0,0.00010016411,220,220,55,8,-5.519054e-05,0,-5.519054e-05
16,contact-iteration,1,2.9083546e-07,33.10788,33.10788,3.9075576e-07,0.00010016411,220,220,55,8,-1.2724726e-05,0,-1.2724726e-05
16,contact-iteration,2,2.1269388e-07,33.10788,33.10788,6.685498e-07,0.00010016411,220,220,55,8,-7.814157e-08,0,-7.814157e-08
16,contact-iteration,3,2.0106064e-07,33.10788,33.10788,9.0420565e-07,0.00010016411,220,220,55,8,-1.1633243e-08,0,-1.163324e-08
16,contact-iteration,4,1.9746152e-07,33.10788,33.10788,1.1222453e-06,0.00010016411,220,220,55,8,-3.59913e-09,0,-3.5991334e-09
16,contact-iteration,5,1.9514319e-07,33.10788,33.10788,1.3250716e-06,0.00010016411,220,220,55,8,-2.3183286e-09,0,-2.3183304e-09
16,contact-iteration,6,1.932984e-07,33.10788,33.10788,1.5143667e-06,0.00010016411,220,220,55,8,-1.8447809e-09,0,-1.8447821e-09
16,contact-iteration,7,1.9178698e-07,33.10788,33.10788,1.6912877e-06,0.00010016411,220,220,55,8,-1.5114227e-09,0,-1.5114168e-09
16,contact-iteration,8,1.905151e-07,33.10788,33.10788,1.8566543e-06,0.00010016411,220,220,55,8,-1.2718901e-09,0,-1.2718928e-09
16,contact-iteration,9,1.8941265e-07,33.10788,33.10788,2.0110785e-06,0.00010016411,220,220,55,8,-1.1024418e-09,0,-1.1024426e-09
16,contact-iteration,10,1.8843093e-07,33.10788,33.10788,2.1550536e-06,0.00010016411,220,220,55,8,-9.817189e-10,0,-9.817214e-10
16,contact-iteration,11,1.8753651e-07,33.10788,33.10788,2.2890135e-06,0.00010016411,220,220,55,8,-8.944182e-10,0,-8.94417e-10
16,contact-iteration,12,1.8670232e-07,33.10788,33.10788,2.4133692e-06,0.00010016411,220,220,55,8,-8.3418633e-10,0,-8.341843e-10
16,restitution,0,1.8670232e-07,33.10788,33.10788,2.4133692e-06,0.00010016411,220,220,55,8,0,0,0
16,shock,0,1.8497093e-07,33.10788,33.10788,2.4133692e-06,0.00010016411,220,220,55,8,-1.7313961e-09,0,-1.7313937e-09
16,rest-damping,0,1.8497093e-07,33.10788,33.10788,2.4133692e-06,0.00010016411,220,220,55,8,0,0,0
16,pose-drift,0,1.8496773e-07,33.10788,33.10788,0,0.00010016411,220,220,55,8,-3.199737e-12,4.9876525e-07,4.9876206e-07
16,split-counterfactual,0,1.8496773e-07,33.10788,33.10788,0,0,0,0,0,0,-1.5958821e-16,1.8288059e-06,1.8288059e-06
16,finish,0,1.8496773e-07,33.10788,33.10788,0,0.00010016411,220,220,55,8,0,0,0
17,start,0,1.8496773e-07,33.10788,33.10788,0,0.00010016411,220,220,55,8,0,0,0
17,gravity-kick,0,6.801838e-05,33.10788,33.107944,0,0.00010016411,220,220,55,8,6.783342e-05,0,6.783342e-05
17,collide,0,6.801838e-05,33.10788,33.107944,0,0.00010016179,220,220,0,0,0,0,0
17,warm-start,0,1.2838195e-05,33.10788,33.10789,0,0.00010016179,220,220,55,9,-5.5180186e-05,0,-5.5180186e-05
17,contact-iteration,1,2.9508107e-07,33.10788,33.10788,3.9183087e-07,0.00010016179,220,220,55,9,-1.2543114e-05,0,-1.2543114e-05
17,contact-iteration,2,2.1063829e-07,33.10788,33.10788,6.645311e-07,0.00010016179,220,220,55,9,-8.444278e-08,0,-8.444278e-08
17,contact-iteration,3,1.9821405e-07,33.10788,33.10788,9.044458e-07,0.00010016179,220,220,55,9,-1.24242385e-08,0,-1.2424238e-08
17,contact-iteration,4,1.9428046e-07,33.10788,33.10788,1.1245162e-06,0.00010016179,220,220,55,9,-3.9335917e-09,0,-3.933586e-09
17,contact-iteration,5,1.9175724e-07,33.10788,33.10788,1.3286827e-06,0.00010016179,220,220,55,9,-2.5232239e-09,0,-2.5232296e-09
17,contact-iteration,6,1.8985895e-07,33.10788,33.10788,1.5189361e-06,0.00010016179,220,220,55,9,-1.8982824e-09,0,-1.8982789e-09
17,contact-iteration,7,1.8837936e-07,33.10788,33.10788,1.6965096e-06,0.00010016179,220,220,55,9,-1.4795838e-09,0,-1.4795845e-09
17,contact-iteration,8,1.8718922e-07,33.10788,33.10788,1.8622642e-06,0.00010016179,220,220,55,9,-1.1901543e-09,0,-1.190152e-09
17,contact-iteration,9,1.861899e-07,33.10788,33.10788,2.0168452e-06,0.00010016179,220,220,55,9,-9.993236e-10,0,-9.993286e-10
17,contact-iteration,10,1.8533044e-07,33.10788,33.10788,2.1607768e-06,0.00010016179,220,220,55,9,-8.5944873e-10,0,-8.5944407e-10
17,contact-iteration,11,1.8456058e-07,33.10788,33.10788,2.294521e-06,0.00010016179,220,220,55,9,-7.6985857e-10,0,-7.6985884e-10
17,contact-iteration,12,1.8384773e-07,33.10788,33.10788,2.4185147e-06,0.00010016179,220,220,55,9,-7.1284717e-10,0,-7.12852e-10
17,restitution,0,1.8384773e-07,33.10788,33.10788,2.4185147e-06,0.00010016179,220,220,55,9,0,0,0
17,shock,0,1.8241741e-07,33.10788,33.10788,2.4185147e-06,0.00010016179,220,220,55,9,-1.4303266e-09,0,-1.4303225e-09
17,rest-damping,0,1.8241741e-07,33.10788,33.10788,2.4185147e-06,0.00010016179,220,220,55,9,0,0,0
17,pose-drift,0,1.8241425e-07,33.10788,33.10788,0,0.00010016179,220,220,55,9,-3.1556693e-12,8.3127543e-07,8.3127225e-07
17,split-counterfactual,0,1.8241425e-07,33.10788,33.10788,0,0,0,0,0,0,1.3363202e-16,2.161316e-06,2.161316e-06
17,finish,0,1.8241425e-07,33.10788,33.10788,0,0.00010016179,220,220,55,9,0,0,0
18,start,0,1.8241425e-07,33.10788,33.10788,0,0.00010016179,220,220,55,9,0,0,0
18,gravity-kick,0,6.78344e-05,33.10788,33.10795,0,0.00010016179,220,220,55,9,6.7651985e-05,0,6.7651985e-05
18,collide,0,6.78344e-05,33.10788,33.10795,0,0.0001001594,220,220,0,0,0,0,0
18,warm-start,0,1.2610273e-05,33.10788,33.10789,0,0.0001001594,220,220,55,8,-5.522413e-05,0,-5.522413e-05
18,contact-iteration,1,2.909199e-07,33.10788,33.10788,3.698666e-07,0.0001001594,220,220,55,8,-1.2319353e-05,0,-1.2319353e-05
18,contact-iteration,2,2.0891783e-07,33.10788,33.10788,6.1069534e-07,0.0001001594,220,220,55,8,-8.2002074e-08,0,-8.2002074e-08
18,contact-iteration,3,1.9682892e-07,33.10788,33.10788,8.162265e-07,0.0001001594,220,220,55,8,-1.2088902e-08,0,-1.2088904e-08
18,contact-iteration,4,1.9301119e-07,33.10788,33.10788,1.0017511e-06,0.0001001594,220,220,55,8,-3.817738e-09,0,-3.817732e-09
18,contact-iteration,5,1.9058999e-07,33.10788,33.10788,1.1725766e-06,0.0001001594,220,220,55,8,-2.4211977e-09,0,-2.4212028e-09
18,contact-iteration,6,1.8874478e-07,33.10788,33.10788,1.3313233e-06,0.0001001594,220,220,55,8,-1.8452049e-09,0,-1.8452013e-09
18,contact-iteration,7,1.8729705e-07,33.10788,33.10788,1.4795057e-06,0.0001001594,220,220,55,8,-1.4477378e-09,0,-1.4477379e-09
18,contact-iteration,8,1.8612279e-07,33.10788,33.10788,1.6180617e-06,0.0001001594,220,220,55,8,-1.1742526e-09,0,-1.1742571e-09
18,contact-iteration,9,1.8514524e-07,33.10788,33.10788,1.7476841e-06,0.0001001594,220,220,55,8,-9.775482e-10,0,-9.775434e-10
18,contact-iteration,10,1.8430512e-07,33.10788,33.10788,1.8688112e-06,0.0001001594,220,220,55,8,-8.401286e-10,0,-8.401315e-10
18,contact-iteration,11,1.8355632e-07,33.10788,33.10788,1.9817887e-06,0.0001001594,220,220,55,8,-7.4879164e-10,0,-7.4879125e-10
18,contact-iteration,12,1.8285964e-07,33.10788,33.10788,2.0869272e-06,0.0001001594,220,220,55,8,-6.9668593e-10,0,-6.9668715e-10
18,restitution,0,1.8285964e-07,33.10788,33.10788,2.0869272e-06,0.0001001594,220,220,55,8,0,0,0
18,shock,0,1.8152693e-07,33.10788,33.10788,2.0869272e-06,0.0001001594,220,220,55,8,-1.3327052e-09,0,-1.3327011e-09
18,rest-damping,0,1.8152693e-07,33.10788,33.10788,2.0869272e-06,0.0001001594,220,220,55,8,0,0,0
18,pose-drift,0,1.8152379e-07,33.10788,33.10788,0,0.0001001594,220,220,55,8,-3.1388804e-12,4.9876525e-07,4.987621e-07
18,split-counterfactual,0,1.8152379e-07,33.10788,33.10788,0,0,0,0,0,0,2.7798576e-16,1.3300406e-06,1.3300406e-06
18,finish,0,1.8152379e-07,33.10788,33.10788,0,0.0001001594,220,220,55,8,0,0,0
19,start,0,1.8152379e-07,33.10788,33.10788,0,0.0001001594,220,220,55,8,0,0,0
19,gravity-kick,0,6.774358e-05,33.10788,33.10795,0,0.0001001594,220,220,55,8,6.756206e-05,0,6.756206e-05
19,collide,0,6.774358e-05,33.10788,33.10795,0,0.00010015803,220,220,0,0,0,0,0
19,warm-start,0,1.237113e-05,33.10788,33.10789,0,0.00010015803,220,220,55,10,-5.5372453e-05,0,-5.5372453e-05
19,contact-iteration,1,2.892743e-07,33.10788,33.10788,3.9107104e-07,0.00010015803,220,220,55,10,-1.2081855e-05,0,-1.2081855e-05
19,contact-iteration,2,2.0848948e-07,33.10788,33.10788,6.59511e-07,0.00010015803,220,220,55,10,-8.078484e-08,0,-8.078484e-08
19,contact-iteration,3,1.966604e-07,33.10788,33.10788,8.948547e-07,0.00010015803,220,220,55,10,-1.1829091e-08,0,-1.1829094e-08
19,contact-iteration,4,1.9303765e-07,33.10788,33.10788,1.1107226e-06,0.00010015803,220,220,55,10,-3.6227463e-09,0,-3.6227448e-09
19,contact-iteration,5,1.9068429e-07,33.10788,33.10788,1.3112981e-06,0.00010015803,220,220,55,10,-2.3533677e-09,0,-2.3533673e-09
19,contact-iteration,6,1.888438e-07,33.10788,33.10788,1.4985603e-06,0.00010015803,220,220,55,10,-1.8404912e-09,0,-1.8404904e-09
19,contact-iteration,7,1.8739561e-07,33.10788,33.10788,1.6736628e-06,0.00010015803,220,220,55,10,-1.4481758e-09,0,-1.4481785e-09
19,contact-iteration,8,1.8621523e-07,33.10788,33.10788,1.8373723e-06,0.00010015803,220,220,55,10,-1.1803901e-09,0,-1.1803891e-09
19,contact-iteration,9,1.8522324e-07,33.10788,33.10788,1.9902513e-06,0.00010015803,220,220,55,10,-9.919796e-10,0,-9.919745e-10
19,contact-iteration,10,1.843653e-07,33.10788,33.10788,2.1327637e-06,0.00010015803,220,220,55,10,-8.579387e-10,0,-8.579448e-10
19,contact-iteration,11,1.8357787e-07,33.10788,33.10788,2.2654085e-06,0.00010015803,220,220,55,10,-7.874477e-10,0,-7.874448e-10
19,contact-iteration,12,1.8285515e-07,33.10788,33.10788,2.388587e-06,0.00010015803,220,220,55,10,-7.2271045e-10,0,-7.227072e-10
19,restitution,0,1.8285515e-07,33.10788,33.10788,2.388587e-06,0.00010015803,220,220,55,10,0,0,0
19,shock,0,1.8150509e-07,33.10788,33.10788,2.388587e-06,0.00010015803,220,220,55,10,-1.3500636e-09,0,-1.3500667e-09
19,rest-damping,0,1.8150509e-07,33.10788,33.10788,2.388587e-06,0.00010015803,220,220,55,10,0,0,0
19,pose-drift,0,1.8150196e-07,33.10788,33.10788,0,0.00010015803,220,220,55,10,-3.1261163e-12,1.4962957e-06,1.4962926e-06
19,split-counterfactual,0,1.8150196e-07,33.10788,33.10788,0,0,0,0,0,0,2.6555941e-16,2.327571e-06,2.327571e-06
19,finish,0,1.8150196e-07,33.10788,33.10788,0,0.00010015803,220,220,55,10,0,0,0
20,start,0,1.8150196e-07,33.10788,33.10788,0,0.00010015803,220,220,55,10,0,0,0
20,gravity-kick,0,6.774831e-05,33.10788,33.10795,0,0.00010015803,220,220,55,10,6.756681e-05,0,6.756681e-05
20,collide,0,6.774831e-05,33.10788,33.10795,0,0.00010015786,220,220,0,0,0,0,0
20,warm-start,0,1.2153626e-05,33.10788,33.107895,0,0.00010015786,220,220,55,10,-5.5594686e-05,0,-5.5594686e-05
20,contact-iteration,1,2.9097413e-07,33.10788,33.10788,3.88324e-07,0.00010015786,220,220,55,10,-1.1862652e-05,0,-1.1862652e-05
20,contact-iteration,2,2.0951796e-07,33.10788,33.10788,6.524411e-07,0.00010015786,220,220,55,10,-8.145617e-08,0,-8.1456164e-08
20,contact-iteration,3,1.9730928e-07,33.10788,33.10788,8.8303403e-07,0.00010015786,220,220,55,10,-1.2208692e-08,0,-1.22086945e-08
20,contact-iteration,4,1.9352811e-07,33.10788,33.10788,1.0941077e-06,0.00010015786,220,220,55,10,-3.7811625e-09,0,-3.7811603e-09
20,contact-iteration,5,1.9108403e-07,33.10788,33.10788,1.2900485e-06,0.00010015786,220,220,55,10,-2.444085e-09,0,-2.4440894e-09
20,contact-iteration,6,1.8920609e-07,33.10788,33.10788,1.4728737e-06,0.00010015786,220,220,55,10,-1.8779291e-09,0,-1.877929e-09
20,contact-iteration,7,1.8773073e-07,33.10788,33.10788,1.6437731e-06,0.00010015786,220,220,55,10,-1.4753627e-09,0,-1.4753638e-09
20,contact-iteration,8,1.8656168e-07,33.10788,33.10788,1.8035296e-06,0.00010015786,220,220,55,10,-1.1690577e-09,0,-1.169056e-09
20,contact-iteration,9,1.855693e-07,33.10788,33.10788,1.9527092e-06,0.00010015786,220,220,55,10,-9.923685e-10,0,-9.923653e-10
20,contact-iteration,10,1.8470963e-07,33.10788,33.10788,2.0917669e-06,0.00010015786,220,220,55,10,-8.5967233e-10,0,-8.5967145e-10
20,contact-iteration,11,1.8392606e-07,33.10788,33.10788,2.2211361e-06,0.00010015786,220,220,55,10,-7.8357265e-10,0,-7.835723e-10
20,contact-iteration,12,1.8319997e-07,33.10788,33.10788,2.3412638e-06,0.00010015786,220,220,55,10,-7.2608325e-10,0,-7.260894e-10
20,restitution,0,1.8319997e-07,33.10788,33.10788,2.3412638e-06,0.00010015786,220,220,55,10,0,0,0
20,shock,0,1.8179962e-07,33.10788,33.10788,2.3412638e-06,0.00010015786,220,220,55,10,-1.4003485e-09,0,-1.4003447e-09
20,rest-damping,0,1.8179962e-07,33.10788,33.10788,2.3412638e-06,0.00010015786,220,220,55,10,0,0,0
20,pose-drift,0,1.817965e-07,33.107883,33.107883,0,0.00010015786,220,220,55,10,-3.1351271e-12,1.1637856e-06,1.1637825e-06
20,split-counterfactual,0,1.817965e-07,33.107883,33.107883,0,0,0,0,0,0,4.3897858e-16,2.4938263e-06,2.4938263e-06
20,finish,0,1.817965e-07,33.107883,33.107883,0,0.00010015786,220,220,55,10,0,0,0
21,start,0,1.817965e-07,33.107883,33.107883,0,0.00010015786,220,220,55,10,0,0,0
21,gravity-kick,0,6.780541e-05,33.107883,33.10795,0,0.00010015786,220,220,55,10,6.7623616e-05,0,6.7623616e-05
21,collide,0,6.780541e-05,33.107883,33.10795,0,0.00010016282,220,220,0,0,0,0,0
21,warm-start,0,1.1958861e-05,33.107883,33.107895,0,0.00010016282,220,220,55,10,-5.5846554e-05,0,-5.5846554e-05
21,contact-iteration,1,2.9515192e-07,33.107883,33.107883,3.8200798e-07,0.00010016282,220,220,55,10,-1.1663709e-05,0,-1.1663709e-05
21,contact-iteration,2,2.1095418e-07,33.107883,33.107883,6.4549727e-07,0.00010016282,220,220,55,10,-8.419773e-08,0,-8.419774e-08
21,contact-iteration,3,1.9837115e-07,33.107883,33.107883,8.762019e-07,0.00010016282,220,220,55,10,-1.2583028e-08,0,-1.2583023e-08
21,contact-iteration,4,1.9431694e-07,33.107883,33.107883,1.0875084e-06,0.00010016282,220,220,55,10,-4.0542165e-09,0,-4.054222e-09
21,contact-iteration,5,1.9178893e-07,33.107883,33.107883,1.2839963e-06,0.00010016282,220,220,55,10,-2.5280096e-09,0,-2.5280045e-09
21,contact-iteration,6,1.8984458e-07,33.107883,33.107883,1.4676233e-06,0.00010016282,220,220,55,10,-1.9443465e-09,0,-1.9443505e-09
21,contact-iteration,7,1.8830572e-07,33.107883,33.107883,1.6395494e-06,0.00010016282,220,220,55,10,-1.5388598e-09,0,-1.5388579e-09
21,contact-iteration,8,1.8707082e-07,33.107883,33.107883,1.8005233e-06,0.00010016282,220,220,55,10,-1.2348994e-09,0,-1.234902e-09
21,contact-iteration,9,1.8604997e-07,33.107883,33.107883,1.9510883e-06,0.00010016282,220,220,55,10,-1.0208446e-09,0,-1.0208439e-09
21,contact-iteration,10,1.8515655e-07,33.107883,33.107883,2.0917182e-06,0.00010016282,220,220,55,10,-8.93428e-10,0,-8.9342933e-10
21,contact-iteration,11,1.8434409e-07,33.107883,33.107883,2.2227825e-06,0.00010016282,220,220,55,10,-8.124625e-10,0,-8.124559e-10
21,contact-iteration,12,1.8359047e-07,33.107883,33.107883,2.3446385e-06,0.00010016282,220,220,55,10,-7.5360673e-10,0,-7.5360873e-10
21,restitution,0,1.8359047e-07,33.107883,33.107883,2.3446385e-06,0.00010016282,220,220,55,10,0,0,0
21,shock,0,1.8213257e-07,33.107883,33.107883,2.3446385e-06,0.00010016282,220,220,55,10,-1.4579131e-09,0,-1.4579129e-09
21,rest-damping,0,1.8213257e-07,33.107883,33.107883,2.3446385e-06,0.00010016282,220,220,55,10,0,0,0
21,pose-drift,0,1.8212943e-07,33.107883,33.107883,0,0.00010016282,220,220,55,10,-3.1376945e-12,1.1637856e-06,1.1637824e-06
21,split-counterfactual,0,1.8212943e-07,33.107883,33.107883,0,0,0,0,0,0,-3.040874e-16,2.4938263e-06,2.4938263e-06
21,finish,0,1.8212943e-07,33.107883,33.107883,0,0.00010016282,220,220,55,10,0,0,0
22,start,0,1.8212943e-07,33.107883,33.107883,0,0.00010016282,220,220,55,10,0,0,0
22,gravity-kick,0,6.786238e-05,33.107883,33.107952,0,0.00010016282,220,220,55,10,6.7680245e-05,0,6.7680245e-05
22,collide,0,6.786238e-05,33.107883,33.107952,0,0.000100177844,220,220,0,0,0,0,0
22,warm-start,0,1.1784477e-05,33.107883,33.107895,0,0.000100177844,220,220,55,8,-5.6077897e-05,0,-5.6077897e-05
22,contact-iteration,1,2.9856284e-07,33.107883,33.107883,3.9629631e-07,0.000100177844,220,220,55,8,-1.1485914e-05,0,-1.1485914e-05
22,contact-iteration,2,2.1167625e-07,33.107883,33.107883,6.5806756e-07,0.000100177844,220,220,55,8,-8.688659e-08,0,-8.6886594e-08
22,contact-iteration,3,1.9878112e-07,33.107883,33.107883,8.823272e-07,0.000100177844,220,220,55,8,-1.2895127e-08,0,-1.2895121e-08
22,contact-iteration,4,1.9462442e-07,33.107883,33.107883,1.085022e-06,0.000100177844,220,220,55,8,-4.156711e-09,0,-4.1567105e-09
22,contact-iteration,5,1.9204766e-07,33.107883,33.107883,1.2717005e-06,0.000100177844,220,220,55,8,-2.5767461e-09,0,-2.5767477e-09
22,contact-iteration,6,1.9010861e-07,33.107883,33.107883,1.4450727e-06,0.000100177844,220,220,55,8,-1.9390687e-09,0,-1.9390711e-09
22,contact-iteration,7,1.8856376e-07,33.107883,33.107883,1.606633e-06,0.000100177844,220,220,55,8,-1.5448366e-09,0,-1.5448336e-09
22,contact-iteration,8,1.8730107e-07,33.107883,33.107883,1.7574249e-06,0.000100177844,220,220,55,8,-1.2626996e-09,0,-1.2626984e-09
22,contact-iteration,9,1.8623825e-07,33.107883,33.107883,1.8981489e-06,0.000100177844,220,220,55,8,-1.0628125e-09,0,-1.0628156e-09
22,contact-iteration,10,1.8531858e-07,33.107883,33.107883,2.0293103e-06,0.000100177844,220,220,55,8,-9.1966423e-10,0,-9.1966257e-10
22,contact-iteration,11,1.8448837e-07,33.107883,33.107883,2.151327e-06,0.000100177844,220,220,55,8,-8.3021356e-10,0,-8.3021234e-10
22,contact-iteration,12,1.837181e-07,33.107883,33.107883,2.2645813e-06,0.000100177844,220,220,55,8,-7.70274e-10,0,-7.7027806e-10
22,restitution,0,1.837181e-07,33.107883,33.107883,2.2645813e-06,0.000100177844,220,220,55,8,0,0,0
22,shock,0,1.8223837e-07,33.107883,33.107883,2.2645813e-06,0.000100177844,220,220,55,8,-1.4797292e-09,0,-1.4797266e-09
22,rest-damping,0,1.8223837e-07,33.107883,33.107883,2.2645813e-06,0.000100177844,220,220,55,8,0,0,0
22,pose-drift,0,1.8223523e-07,33.107883,33.107883,0,0.000100177844,220,220,55,8,-3.1394529e-12,4.9876525e-07,4.987621e-07
22,split-counterfactual,0,1.8223523e-07,33.107883,33.107883,0,0,0,0,0,0,2.8075275e-16,1.8288059e-06,1.8288059e-06
22,finish,0,1.8223523e-07,33.107883,33.107883,0,0.000100177844,220,220,55,8,0,0,0
23,start,0,1.8223523e-07,33.107883,33.107883,0,0.000100177844,220,220,55,8,0,0,0
23,gravity-kick,0,6.788266e-05,33.107883,33.107952,0,0.000100177844,220,220,55,8,6.770042e-05,0,6.770042e-05
23,collide,0,6.788266e-05,33.107883,33.107952,0,0.000100177414,220,220,0,0,0,0,0
23,warm-start,0,1.1627214e-05,33.107883,33.107895,0,0.000100177414,220,220,55,10,-5.6255445e-05,0,-5.6255445e-05
23,contact-iteration,1,3.0172865e-07,33.107883,33.107883,4.0915543e-07,0.000100177414,220,220,55,10,-1.13254855e-05,0,-1.13254855e-05
23,contact-iteration,2,2.1206147e-07,33.107883,33.107883,6.860542e-07,0.000100177414,220,220,55,10,-8.966716e-08,0,-8.966716e-08
23,contact-iteration,3,1.9891435e-07,33.107883,33.107883,9.2538767e-07,0.000100177414,220,220,55,10,-1.3147125e-08,0,-1.31471225e-08
23,contact-iteration,4,1.9475202e-07,33.107883,33.107883,1.1423971e-06,0.000100177414,220,220,55,10,-4.1623283e-09,0,-4.162331e-09
23,contact-iteration,5,1.921033e-07,33.107883,33.107883,1.3423689e-06,0.000100177414,220,220,55,10,-2.6487235e-09,0,-2.6487257e-09
23,contact-iteration,6,1.9007845e-07,33.107883,33.107883,1.5280025e-06,0.000100177414,220,220,55,10,-2.0248379e-09,0,-2.0248336e-09
23,contact-iteration,7,1.8848735e-07,33.107883,33.107883,1.7007104e-06,0.000100177414,220,220,55,10,-1.5911055e-09,0,-1.5911041e-09
23,contact-iteration,8,1.8718701e-07,33.107883,33.107883,1.8615145e-06,0.000100177414,220,220,55,10,-1.30034e-09,0,-1.3003429e-09
23,contact-iteration,9,1.8610282e-07,33.107883,33.107883,2.011177e-06,0.000100177414,220,220,55,10,-1.084186e-09,0,-1.0841887e-09
23,contact-iteration,10,1.8516441e-07,33.107883,33.107883,2.150333e-06,0.000100177414,220,220,55,10,-9.384121e-10,0,-9.384067e-10
23,contact-iteration,11,1.8432067e-07,33.107883,33.107883,2.2794834e-06,0.000100177414,220,220,55,10,-8.4375174e-10,0,-8.437553e-10
23,contact-iteration,12,1.8354038e-07,33.107883,33.107883,2.3990906e-06,0.000100177414,220,220,55,10,-7.802826e-10,0,-7.802825e-10
23,restitution,0,1.8354038e-07,33.107883,33.107883,2.3990906e-06,0.000100177414,220,220,55,10,0,0,0
23,shock,0,1.8207092e-07,33.107883,33.107883,2.3990906e-06,0.000100177414,220,220,55,10,-1.469458e-09,0,-1.4694592e-09
23,rest-damping,0,1.8207092e-07,33.107883,33.107883,2.3990906e-06,0.000100177414,220,220,55,10,0,0,0
23,pose-drift,0,1.8206778e-07,33.107883,33.107883,0,0.000100177414,220,220,55,10,-3.136092e-12,1.1637856e-06,1.1637824e-06
23,split-counterfactual,0,1.8206778e-07,33.107883,33.107883,0,0,0,0,0,0,8.547284e-16,2.4938263e-06,2.4938263e-06
23,finish,0,1.8206778e-07,33.107883,33.107883,0,0.000100177414,220,220,55,10,0,0,0
24,start,0,1.8206778e-07,33.107883,33.107883,0,0.000100177414,220,220,55,10,0,0,0
24,gravity-kick,0,6.787354e-05,33.107883,33.107952,0,0.000100177414,220,220,55,10,6.769147e-05,0,6.769147e-05
24,collide,0,6.787354e-05,33.107883,33.107952,0,0.00010017234,220,220,0,0,0,0,0
24,warm-start,0,1.1476547e-05,33.107883,33.107895,0,0.00010017234,220,220,55,9,-5.639699e-05,0,-5.639699e-05
24,contact-iteration,1,3.0259048e-07,33.107883,33.107887,4.0373732e-07,0.00010017234,220,220,55,9,-1.1173956e-05,0,-1.1173956e-05
24,contact-iteration,2,2.1199409e-07,33.107883,33.107887,6.782771e-07,0.00010017234,220,220,55,9,-9.0596394e-08,0,-9.0596394e-08
24,contact-iteration,3,1.9865216e-07,33.107883,33.107887,9.1699013e-07,0.00010017234,220,220,55,9,-1.3341928e-08,0,-1.3341925e-08
24,contact-iteration,4,1.94454e-07,33.107883,33.107887,1.1346111e-06,0.00010017234,220,220,55,9,-4.198167e-09,0,-4.1981707e-09
24,contact-iteration,5,1.9173623e-07,33.107883,33.107887,1.3359281e-06,0.00010017234,220,220,55,9,-2.717758e-09,0,-2.717755e-09
24,contact-iteration,6,1.8969001e-07,33.107883,33.107883,1.5231262e-06,0.00010017234,220,220,55,9,-2.0462252e-09,0,-2.046228e-09
24,contact-iteration,7,1.880855e-07,33.107883,33.107883,1.6975429e-06,0.00010017234,220,220,55,9,-1.6045253e-09,0,-1.6045263e-09
24,contact-iteration,8,1.8678188e-07,33.107883,33.107883,1.8600841e-06,0.00010017234,220,220,55,9,-1.3036147e-09,0,-1.3036114e-09
24,contact-iteration,9,1.8569379e-07,33.107883,33.107883,2.0114237e-06,0.00010017234,220,220,55,9,-1.0880861e-09,0,-1.0880896e-09
24,contact-iteration,10,1.8475667e-07,33.107883,33.107883,2.15211e-06,0.00010017234,220,220,55,9,-9.371108e-10,0,-9.371064e-10
24,contact-iteration,11,1.839125e-07,33.107883,33.107883,2.2827078e-06,0.00010017234,220,220,55,9,-8.441682e-10,0,-8.441674e-10
24,contact-iteration,12,1.8313699e-07,33.107883,33.107883,2.4036879e-06,0.00010017234,220,220,55,9,-7.755228e-10,0,-7.7552187e-10
24,restitution,0,1.8313699e-07,33.107883,33.107883,2.4036879e-06,0.00010017234,220,220,55,9,0,0,0
24,shock,0,1.8174704e-07,33.107883,33.107883,2.4036879e-06,0.00010017234,220,220,55,9,-1.3899464e-09,0,-1.3899495e-09
24,rest-damping,0,1.8174704e-07,33.107883,33.107883,2.4036879e-06,0.00010017234,220,220,55,9,0,0,0
24,pose-drift,0,1.817439e-07,33.107887,33.107887,0,0.00010017234,220,220,55,9,-3.138654e-12,1.1637856e-06,1.1637824e-06
24,split-counterfactual,0,1.817439e-07,33.107887,33.107887,0,0,0,0,0,0,4.9371184e-16,2.4938263e-06,2.4938263e-06
24,finish,0,1.817439e-07,33.107887,33.107887,0,0.00010017234,220,220,55,9,0,0,0
25,start,0,1.817439e-07,33.107887,33.107887,0,0.00010017234,220,220,55,9,0,0,0
25,gravity-kick,0,6.785387e-05,33.107887,33.107956,0,0.00010017234,220,220,55,9,6.767213e-05,0,6.767213e-05
25,collide,0,6.785387e-05,33.107887,33.107956,0,0.00010017557,220,220,0,0,0,0,0
25,warm-start,0,1.1327262e-05,33.107887,33.1079,0,0.00010017557,220,220,55,10,-5.6526613e-05,0,-5.6526613e-05
25,contact-iteration,1,3.0365075e-07,33.107887,33.107887,4.0686226e-07,0.00010017557,220,220,55,10,-1.10236115e-05,0,-1.10236115e-05
25,contact-iteration,2,2.1205095e-07,33.107887,33.107887,6.8165883e-07,0.00010017557,220,220,55,10,-9.15998e-08,0,-9.15998e-08
25,contact-iteration,3,1.9844752e-07,33.107887,33.107887,9.1867213e-07,0.00010017557,220,220,55,10,-1.3603435e-08,0,-1.3603433e-08
25,contact-iteration,4,1.938729e-07,33.107887,33.107887,1.1332824e-06,0.00010017557,220,220,55,10,-4.574616e-09,0,-4.5746162e-09
25,contact-iteration,5,1.9134345e-07,33.107887,33.107887,1.33084e-06,0.00010017557,220,220,55,10,-2.52946e-09,0,-2.529461e-09
25,contact-iteration,6,1.8930079e-07,33.107887,33.107887,1.5139725e-06,0.00010017557,220,220,55,10,-2.0426594e-09,0,-2.0426612e-09
25,contact-iteration,7,1.8768701e-07,33.107887,33.107887,1.6842329e-06,0.00010017557,220,220,55,10,-1.61378e-09,0,-1.6137776e-09
25,contact-iteration,8,1.8637952e-07,33.107887,33.107887,1.8426423e-06,0.00010017557,220,220,55,10,-1.3074819e-09,0,-1.3074839e-09
25,contact-iteration,9,1.8529916e-07,33.107887,33.107887,1.9899362e-06,0.00010017557,220,220,55,10,-1.08036e-09,0,-1.0803589e-09
25,contact-iteration,10,1.8437215e-07,33.107887,33.107887,2.1266997e-06,0.00010017557,220,220,55,10,-9.2701546e-10,0,-9.270167e-10
25,contact-iteration,11,1.83541e-07,33.107887,33.107887,2.253455e-06,0.00010017557,220,220,55,10,-8.311376e-10,0,-8.3113605e-10
25,contact-iteration,12,1.8277801e-07,33.107887,33.107887,2.3706928e-06,0.00010017557,220,220,55,10,-7.6299694e-10,0,-7.62995e-10
25,restitution,0,1.8277801e-07,33.107887,33.107887,2.3706928e-06,0.00010017557,220,220,55,10,0,0,0
25,shock,0,1.813457e-07,33.107887,33.107887,2.3706928e-06,0.00010017557,220,220,55,10,-1.4323108e-09,0,-1.432312e-09
25,rest-damping,0,1.813457e-07,33.107887,33.107887,2.3706928e-06,0.00010017557,220,220,55,10,0,0,0
25,pose-drift,0,1.8134257e-07,33.107887,33.107887,0,0.00010017557,220,220,55,10,-3.125556e-12,1.1637856e-06,1.1637825e-06
25,split-counterfactual,0,1.8134257e-07,33.107887,33.107887,0,0,0,0,0,0,6.032553e-16,2.4938263e-06,2.4938263e-06
25,finish,0,1.8134257e-07,33.107887,33.107887,0,0.00010017557,220,220,55,10,0,0,0
26,start,0,1.8134257e-07,33.107887,33.107887,0,0.00010017557,220,220,55,10,0,0,0
26,gravity-kick,0,6.784291e-05,33.107887,33.107956,0,0.00010017557,220,220,55,10,6.766157e-05,0,6.766157e-05
26,collide,0,6.784291e-05,33.107887,33.107956,0,0.000100175166,220,220,0,0,0,0,0
26,warm-start,0,1.1164918e-05,33.107887,33.1079,0,0.000100175166,220,220,55,10,-5.6677993e-05,0,-5.6677993e-05
26,contact-iteration,1,2.8847816e-07,33.107887,33.107887,4.1075515e-07,0.000100175166,220,220,55,10,-1.087644e-05,0,-1.087644e-05
26,contact-iteration,2,2.0688626e-07,33.107887,33.107887,6.9349494e-07,0.000100175166,220,220,55,10,-8.159191e-08,0,-8.159191e-08
26,contact-iteration,3,1.9516568e-07,33.107887,33.107887,9.4070856e-07,0.000100175166,220,220,55,10,-1.1720582e-08,0,-1.172058e-08
26,contact-iteration,4,1.9160994e-07,33.107887,33.107887,1.1666293e-06,0.000100175166,220,220,55,10,-3.5557453e-09,0,-3.5557477e-09
26,contact-iteration,5,1.8946129e-07,33.107887,33.107887,1.3758686e-06,0.000100175166,220,220,55,10,-2.1486408e-09,0,-2.1486386e-09
26,contact-iteration,6,1.8779829e-07,33.107887,33.107887,1.5706578e-06,0.000100175166,220,220,55,10,-1.6629964e-09,0,-1.6629969e-09
26,contact-iteration,7,1.8645717e-07,33.107887,33.107887,1.7523721e-06,0.000100175166,220,220,55,10,-1.3411321e-09,0,-1.3411352e-09
26,contact-iteration,8,1.853571e-07,33.107887,33.107887,1.9219467e-06,0.000100175166,220,220,55,10,-1.1000699e-09,0,-1.1000694e-09
26,contact-iteration,9,1.8442408e-07,33.107887,33.107887,2.080071e-06,0.000100175166,220,220,55,10,-9.330219e-10,0,-9.330208e-10
26,contact-iteration,10,1.8360812e-07,33.107887,33.107887,2.227301e-06,0.000100175166,220,220,55,10,-8.159451e-10,0,-8.1594465e-10
26,contact-iteration,11,1.8286038e-07,33.107887,33.107887,2.3641246e-06,0.000100175166,220,220,55,10,-7.47756e-10,0,-7.4775386e-10
26,contact-iteration,12,1.8216149e-07,33.107887,33.107887,2.491003e-06,0.000100175166,220,220,55,10,-6.9889355e-10,0,-6.9889694e-10
26,restitution,0,1.8216149e-07,33.107887,33.107887,2.491003e-06,0.000100175166,220,220,55,10,0,0,0
26,shock,0,1.8078501e-07,33.107887,33.107887,2.491003e-06,0.000100175166,220,220,55,10,-1.3764705e-09,0,-1.3764705e-09
26,rest-damping,0,1.8078501e-07,33.107887,33.107887,2.491003e-06,0.000100175166,220,220,55,10,0,0,0
26,pose-drift,0,1.8078188e-07,33.107887,33.107887,0,0.000100175166,220,220,55,10,-3.1250174e-12,1.4962957e-06,1.4962926e-06
26,split-counterfactual,0,1.8078188e-07,33.107887,33.107887,0,0,0,0,0,0,-1.1799616e-16,2.8263364e-06,2.8263364e-06
26,finish,0,1.8078188e-07,33.107887,33.107887,0,0.000100175166,220,220,55,10,0,0,0
27,start,0,1.8078188e-07,33.107887,33.107887,0,0.000100175166,220,220,55,10,0,0,0
27,gravity-kick,0,6.784503e-05,33.107887,33.107956,0,0.000100175166,220,220,55,10,6.7664245e-05,0,6.7664245e-05
27,collide,0,6.784503e-05,33.107887,33.107956,0,0.00010017452,220,220,0,0,0,0,0
27,warm-start,0,1.1024976e-05,33.107887,33.1079,0,0.00010017452,220,220,55,9,-5.6820056e-05,0,-5.6820056e-05
27,contact-iteration,1,2.8868925e-07,33.107887,33.10789,4.012596e-07,0.00010017452,220,220,55,9,-1.0736287e-05,0,-1.0736287e-05
27,contact-iteration,2,2.0668843e-07,33.107887,33.10789,6.735822e-07,0.00010017452,220,220,55,9,-8.200082e-08,0,-8.200082e-08
27,contact-iteration,3,1.9494166e-07,33.107887,33.10789,9.11403e-07,0.00010017452,220,220,55,9,-1.1746761e-08,0,-1.1746764e-08
27,contact-iteration,4,1.9135626e-07,33.107887,33.10789,1.1290414e-06,0.00010017452,220,220,55,9,-3.5853969e-09,0,-3.5853915e-09
27,contact-iteration,5,1.891506e-07,33.107887,33.10789,1.331077e-06,0.00010017452,220,220,55,9,-2.2056714e-09,0,-2.2056739e-09
27,contact-iteration,6,1.8751578e-07,33.107887,33.10789,1.5196265e-06,0.00010017452,220,220,55,9,-1.6348163e-09,0,-1.6348167e-09
27,contact-iteration,7,1.8620428e-07,33.107887,33.10789,1.6958901e-06,0.00010017452,220,220,55,9,-1.311506e-09,0,-1.3115056e-09
27,contact-iteration,8,1.8512596e-07,33.107887,33.10789,1.8606404e-06,0.00010017452,220,220,55,9,-1.0783263e-09,0,-1.0783268e-09
27,contact-iteration,9,1.842165e-07,33.107887,33.10789,2.0144319e-06,0.00010017452,220,220,55,9,-9.094501e-10,0,-9.0945207e-10
27,contact-iteration,10,1.8341885e-07,33.107887,33.10789,2.1577289e-06,0.00010017452,220,220,55,9,-7.976475e-10,0,-7.9764817e-10
27,contact-iteration,11,1.8269057e-07,33.107887,33.10789,2.2909664e-06,0.00010017452,220,220,55,9,-7.282753e-10,0,-7.282708e-10
27,contact-iteration,12,1.8201189e-07,33.107887,33.10789,2.414572e-06,0.00010017452,220,220,55,9,-6.78681e-10,0,-6.78682e-10
27,restitution,0,1.8201189e-07,33.107887,33.10789,2.414572e-06,0.00010017452,220,220,55,9,0,0,0
27,shock,0,1.806393e-07,33.107887,33.107887,2.414572e-06,0.00010017452,220,220,55,9,-1.3725843e-09,0,-1.3725838e-09
27,rest-damping,0,1.806393e-07,33.107887,33.107887,2.414572e-06,0.00010017452,220,220,55,9,0,0,0
27,pose-drift,0,1.8063619e-07,33.10789,33.10789,0,0.00010017452,220,220,55,9,-3.113611e-12,8.3127543e-07,8.312723e-07
27,split-counterfactual,0,1.8063619e-07,33.10789,33.10789,0,0,0,0,0,0,-3.1657803e-17,2.161316e-06,2.161316e-06
27,finish,0,1.8063619e-07,33.10789,33.10789,0,0.00010017452,220,220,55,9,0,0,0
28,start,0,1.8063619e-07,33.10789,33.10789,0,0.00010017452,220,220,55,9,0,0,0
28,gravity-kick,0,6.785505e-05,33.10789,33.107956,0,0.00010017452,220,220,55,9,6.767442e-05,0,6.767442e-05
28,collide,0,6.785505e-05,33.10789,33.107956,0,0.000100175064,220,220,0,0,0,0,0
28,warm-start,0,1.0884547e-05,33.10789,33.107903,0,0.000100175064,220,220,55,10,-5.6970504e-05,0,-5.6970504e-05
28,contact-iteration,1,2.8975683e-07,33.10789,33.10789,4.098095e-07,0.000100175064,220,220,55,10,-1.059479e-05,0,-1.059479e-05
28,contact-iteration,2,2.0668516e-07,33.10789,33.10789,7.0058064e-07,0.000100175064,220,220,55,10,-8.307167e-08,0,-8.307167e-08
28,contact-iteration,3,1.9483618e-07,33.10789,33.10789,9.575903e-07,0.000100175064,220,220,55,10,-1.1848982e-08,0,-1.1848982e-08
28,contact-iteration,4,1.9126689e-07,33.10789,33.10789,1.1941719e-06,0.000100175064,220,220,55,10,-3.5692767e-09,0,-3.5692764e-09
28,contact-iteration,5,1.8908372e-07,33.10789,33.10789,1.4142944e-06,0.000100175064,220,220,55,10,-2.1831785e-09,0,-2.183178e-09
28,contact-iteration,6,1.8747293e-07,33.10789,33.10789,1.6198702e-06,0.000100175064,220,220,55,10,-1.6107788e-09,0,-1.6107791e-09
28,contact-iteration,7,1.8616973e-07,33.10789,33.10789,1.8121118e-06,0.000100175064,220,220,55,10,-1.3032183e-09,0,-1.3032206e-09
28,contact-iteration,8,1.8510845e-07,33.10789,33.10789,1.9918486e-06,0.000100175064,220,220,55,10,-1.061274e-09,0,-1.0612737e-09
28,contact-iteration,9,1.8421031e-07,33.10789,33.10789,2.1595827e-06,0.000100175064,220,220,55,10,-8.9813823e-10,0,-8.9814023e-10
28,contact-iteration,10,1.8342294e-07,33.10789,33.10789,2.3158175e-06,0.000100175064,220,220,55,10,-7.873674e-10,0,-7.873666e-10
28,contact-iteration,11,1.8270525e-07,33.10789,33.10789,2.4610908e-06,0.000100175064,220,220,55,10,-7.1769635e-10,0,-7.176908e-10
28,contact-iteration,12,1.8203421e-07,33.10789,33.10789,2.5958745e-06,0.000100175064,220,220,55,10,-6.710403e-10,0,-6.7104367e-10
28,restitution,0,1.8203421e-07,33.10789,33.10789,2.5958745e-06,0.000100175064,220,220,55,10,0,0,0
28,shock,0,1.8065776e-07,33.10789,33.10789,2.5958745e-06,0.000100175064,220,220,55,10,-1.3764417e-09,0,-1.3764421e-09
28,rest-damping,0,1.8065776e-07,33.10789,33.10789,2.5958745e-06,0.000100175064,220,220,55,10,0,0,0
28,pose-drift,0,1.8065465e-07,33.10789,33.10789,0,0.000100175064,220,220,55,10,-3.1117925e-12,1.3300406e-06,1.3300375e-06
28,split-counterfactual,0,1.8065465e-07,33.10789,33.10789,0,0,0,0,0,0,1.053727e-16,2.6600812e-06,2.6600812e-06
28,finish,0,1.8065465e-07,33.10789,33.10789,0,0.000100175064,220,220,55,10,0,0,0
29,start,0,1.8065465e-07,33.10789,33.10789,0,0.000100175064,220,220,55,10,0,0,0
29,gravity-kick,0,6.7863286e-05,33.10789,33.10796,0,0.000100175064,220,220,55,10,6.768263e-05,0,6.768263e-05
29,collide,0,6.7863286e-05,33.10789,33.10796,0,0.0001002759,220,220,0,0,0,0,0
29,warm-start,0,1.0754526e-05,33.10789,33.107903,0,0.0001002759,220,220,55,10,-5.710876e-05,0,-5.710876e-05
29,contact-iteration,1,2.906104e-07,33.10789,33.10789,3.514942e-07,0.0001002759,220,220,55,10,-1.0463916e-05,0,-1.0463916e-05
29,contact-iteration,2,2.0680702e-07,33.10789,33.10789,6.0927323e-07,0.0001002759,220,220,55,10,-8.3803386e-08,0,-8.3803386e-08
29,contact-iteration,3,1.9484344e-07,33.10789,33.10789,8.341744e-07,0.0001002759,220,220,55,10,-1.1963579e-08,0,-1.1963579e-08
29,contact-iteration,4,1.912538e-07,33.10789,33.10789,1.0396459e-06,0.0001002759,220,220,55,10,-3.5896335e-09,0,-3.5896335e-09
29,contact-iteration,5,1.890806e-07,33.10789,33.10789,1.2300814e-06,0.0001002759,220,220,55,10,-2.1732092e-09,0,-2.1732092e-09
29,contact-iteration,6,1.8745527e-07,33.10789,33.10789,1.407446e-06,0.0001002759,220,220,55,10,-1.6253134e-09,0,-1.6253168e-09
29,contact-iteration,7,1.8615304e-07,33.10789,33.10789,1.5728649e-06,0.0001002759,220,220,55,10,-1.3022355e-09,0,-1.302233e-09
29,contact-iteration,8,1.850839e-07,33.10789,33.10789,1.7270986e-06,0.0001002759,220,220,55,10,-1.0691399e-09,0,-1.0691394e-09
29,contact-iteration,9,1.8418213e-07,33.10789,33.10789,1.8707318e-06,0.0001002759,220,220,55,10,-9.017758e-10,0,-9.017782e-10
29,contact-iteration,10,1.8339664e-07,33.10789,33.10789,2.004262e-06,0.0001002759,220,220,55,10,-7.8548756e-10,0,-7.854837e-10
29,contact-iteration,11,1.8267869e-07,33.10789,33.10789,2.1281476e-06,0.0001002759,220,220,55,10,-7.179526e-10,0,-7.179537e-10
29,contact-iteration,12,1.8200859e-07,33.10789,33.10789,2.242833e-06,0.0001002759,220,220,55,10,-6.700902e-10,0,-6.7009154e-10
29,restitution,0,1.8200859e-07,33.10789,33.10789,2.242833e-06,0.0001002759,220,220,55,10,0,0,0
29,shock,0,1.8062752e-07,33.10789,33.10789,2.242833e-06,0.0001002759,220,220,55,10,-1.3810674e-09,0,-1.3810677e-09
29,rest-damping,0,1.8062752e-07,33.10789,33.10789,2.242833e-06,0.0001002759,220,220,55,10,0,0,0
29,pose-drift,0,1.806244e-07,33.10789,33.10789,0,0.0001002759,220,220,55,10,-3.1225324e-12,4.9876525e-07,4.987621e-07
29,split-counterfactual,0,1.806244e-07,33.10789,33.10789,0,0,0,0,0,0,2.7481441e-16,1.8288059e-06,1.8288059e-06
29,finish,0,1.806244e-07,33.10789,33.10789,0,0.0001002759,220,220,55,10,0,0,0
30,start,0,1.806244e-07,33.10789,33.10789,0,0.0001002759,220,220,55,10,0,0,0
30,gravity-kick,0,6.786463e-05,33.10789,33.10796,0,0.0001002759,220,220,55,10,6.768401e-05,0,6.768401e-05
30,collide,0,6.786463e-05,33.10789,33.10796,0,0.000100217934,220,220,0,0,0,0,0
30,warm-start,0,1.0629345e-05,33.10789,33.107903,0,0.000100217934,220,220,55,10,-5.723529e-05,0,-5.723529e-05
30,contact-iteration,1,2.921236e-07,33.10789,33.10789,4.3493176e-07,0.000100217934,220,220,55,10,-1.0337221e-05,0,-1.0337221e-05
30,contact-iteration,2,2.0697921e-07,33.10789,33.10789,7.205629e-07,0.000100217934,220,220,55,10,-8.5144386e-08,0,-8.5144386e-08
30,contact-iteration,3,1.9489651e-07,33.10789,33.10789,9.660372e-07,0.000100217934,220,220,55,10,-1.2082699e-08,0,-1.2082701e-08
30,contact-iteration,4,1.9127573e-07,33.10789,33.10789,1.1892839e-06,0.000100217934,220,220,55,10,-3.620776e-09,0,-3.6207766e-09
30,contact-iteration,5,1.8910085e-07,33.10789,33.10789,1.3960006e-06,0.000100217934,220,220,55,10,-2.1748874e-09,0,-2.174886e-09
30,contact-iteration,6,1.874513e-07,33.10789,33.10789,1.5888928e-06,0.000100217934,220,220,55,10,-1.6495432e-09,0,-1.6495463e-09
30,contact-iteration,7,1.8613525e-07,33.10789,33.10789,1.7692901e-06,0.000100217934,220,220,55,10,-1.3160518e-09,0,-1.3160459e-09
30,contact-iteration,8,1.8505462e-07,33.10789,33.10789,1.937999e-06,0.000100217934,220,220,55,10,-1.0806364e-09,0,-1.080636e-09
30,contact-iteration,9,1.8414606e-07,33.10789,33.10789,2.0956204e-06,0.000100217934,220,220,55,10,-9.085518e-10,0,-9.085568e-10
30,contact-iteration,10,1.8335447e-07,33.10789,33.10789,2.2426234e-06,0.000100217934,220,220,55,10,-7.9159307e-10,0,-7.9159435e-10
30,contact-iteration,11,1.8263121e-07,33.10789,33.10789,2.379501e-06,0.000100217934,220,220,55,10,-7.2325124e-10,0,-7.2324724e-10
30,contact-iteration,12,1.8195595e-07,33.10789,33.10789,2.5066536e-06,0.000100217934,220,220,55,10,-6.7526085e-10,0,-6.752643e-10
30,restitution,0,1.8195595e-07,33.10789,33.10789,2.5066536e-06,0.000100217934,220,220,55,10,0,0,0
30,shock,0,1.8057457e-07,33.10789,33.10789,2.5066536e-06,0.000100217934,220,220,55,10,-1.3813851e-09,0,-1.3813803e-09
30,rest-damping,0,1.8057457e-07,33.10789,33.10789,2.5066536e-06,0.000100217934,220,220,55,10,0,0,0
30,pose-drift,0,1.8057145e-07,33.107895,33.107895,0,0.000100217934,220,220,55,10,-3.12015e-12,2.161316e-06,2.161313e-06
30,split-counterfactual,0,1.8057145e-07,33.107895,33.107895,0,0,0,0,0,0,3.353827e-18,3.4913567e-06,3.4913567e-06
30,finish,0,1.8057145e-07,33.107895,33.107895,0,0.000100217934,220,220,55,10,0,0,0
31,start,0,1.8057145e-07,33.107895,33.107895,0,0.000100217934,220,220,55,10,0,0,0
31,gravity-kick,0,6.78612e-05,33.107895,33.107964,0,0.000100217934,220,220,55,10,6.768062e-05,0,6.768062e-05
31,collide,0,6.78612e-05,33.107895,33.107964,0,0.00010015943,220,220,0,0,0,0,0
31,warm-start,0,1.0508038e-05,33.107895,33.107903,0,0.00010015943,220,220,55,9,-5.7353158e-05,0,-5.7353158e-05
31,contact-iteration,1,2.9322615e-07,33.107895,33.107895,2.522701e-07,0.00010015943,220,220,55,9,-1.02148115e-05,0,-1.02148115e-05
31,contact-iteration,2,2.071269e-07,33.107895,33.107895,4.3778059e-07,0.00010015943,220,220,55,9,-8.609925e-08,0,-8.609925e-08
31,contact-iteration,3,1.9493375e-07,33.107895,33.107895,6.009138e-07,0.00010015943,220,220,55,9,-1.2193154e-08,0,-1.2193155e-08
31,contact-iteration,4,1.9130952e-07,33.107895,33.107895,7.500893e-07,0.00010015943,220,220,55,9,-3.624217e-09,0,-3.6242156e-09
31,contact-iteration,5,1.8912462e-07,33.107895,33.107895,8.881597e-07,0.00010015943,220,220,55,9,-2.1849043e-09,0,-2.1849047e-09
31,contact-iteration,6,1.8746215e-07,33.107895,33.107895,1.0164594e-06,0.00010015943,220,220,55,9,-1.6624667e-09,0,-1.6624639e-09
31,contact-iteration,7,1.8613422e-07,33.107895,33.107895,1.1357786e-06,0.00010015943,220,220,55,9,-1.3279329e-09,0,-1.3279333e-09
31,contact-iteration,8,1.850461e-07,33.107895,33.107895,1.2466719e-06,0.00010015943,220,220,55,9,-1.088117e-09,0,-1.088118e-09
31,contact-iteration,9,1.8413422e-07,33.107895,33.107895,1.3495838e-06,0.00010015943,220,220,55,9,-9.118821e-10,0,-9.118821e-10
31,contact-iteration,10,1.833401e-07,33.107895,33.107895,1.4449091e-06,0.00010015943,220,220,55,9,-7.9411083e-10,0,-7.9410967e-10
31,contact-iteration,11,1.8261522e-07,33.107895,33.107895,1.5330216e-06,0.00010015943,220,220,55,9,-7.248844e-10,0,-7.248886e-10
31,contact-iteration,12,1.8193974e-07,33.107895,33.107895,1.6142886e-06,0.00010015943,220,220,55,9,-6.754941e-10,0,-6.7549166e-10
31,restitution,0,1.8193974e-07,33.107895,33.107895,1.6142886e-06,0.00010015943,220,220,55,9,0,0,0
31,shock,0,1.8056056e-07,33.107895,33.107895,1.6142886e-06,0.00010015943,220,220,55,9,-1.3791744e-09,0,-1.3791706e-09
31,rest-damping,0,1.8056056e-07,33.107895,33.107895,1.6142886e-06,0.00010015943,220,220,55,9,0,0,0
31,pose-drift,0,1.8055744e-07,33.107895,33.107895,0,0.00010015943,220,220,55,9,-3.1291233e-12,0,-3.1334935e-12
31,split-counterfactual,0,1.8055744e-07,33.107895,33.107895,0,0,0,0,0,0,-1.061714e-16,1.3300406e-06,1.3300406e-06
31,finish,0,1.8055744e-07,33.107895,33.107895,0,0.00010015943,220,220,55,9,0,0,0
32,start,0,1.8055744e-07,33.107895,33.107895,0,0.00010015943,220,220,55,9,0,0,0
32,gravity-kick,0,6.7860725e-05,33.107895,33.107964,0,0.00010015943,220,220,55,9,6.7680165e-05,0,6.7680165e-05
32,collide,0,6.7860725e-05,33.107895,33.107964,0,0.0001001578,220,220,0,0,0,0,0
32,warm-start,0,1.0379648e-05,33.107895,33.107903,0,0.0001001578,220,220,55,8,-5.7481077e-05,0,-5.7481077e-05
32,contact-iteration,1,2.8903804e-07,33.107895,33.107895,2.3882353e-07,0.0001001578,220,220,55,8,-1.009061e-05,0,-1.009061e-05
32,contact-iteration,2,2.0591318e-07,33.107895,33.107895,4.0634183e-07,0.0001001578,220,220,55,8,-8.312485e-08,0,-8.312485e-08
32,contact-iteration,3,1.9417057e-07,33.107895,33.107895,5.5057706e-07,0.0001001578,220,220,55,8,-1.1742609e-08,0,-1.1742607e-08
32,contact-iteration,4,1.9072442e-07,33.107895,33.107895,6.8121574e-07,0.0001001578,220,220,55,8,-3.4461496e-09,0,-3.4461465e-09
32,contact-iteration,5,1.8865038e-07,33.107895,33.107895,8.0162033e-07,0.0001001578,220,220,55,8,-2.0740398e-09,0,-2.0740387e-09
32,contact-iteration,6,1.8709213e-07,33.107895,33.107895,9.1339643e-07,0.0001001578,220,220,55,8,-1.5582539e-09,0,-1.5582557e-09
32,contact-iteration,7,1.85829e-07,33.107895,33.107895,1.0174822e-06,0.0001001578,220,220,55,8,-1.2631282e-09,0,-1.2631318e-09
32,contact-iteration,8,1.8479398e-07,33.107895,33.107895,1.1144933e-06,0.0001001578,220,220,55,8,-1.0350215e-09,0,-1.0350192e-09
32,contact-iteration,9,1.83918e-07,33.107895,33.107895,1.2048683e-06,0.0001001578,220,220,55,8,-8.7596597e-10,0,-8.759642e-10
32,contact-iteration,10,1.8315204e-07,33.107895,33.107895,1.288949e-06,0.0001001578,220,220,55,8,-7.65978e-10,0,-7.659793e-10
32,contact-iteration,11,1.824485e-07,33.107895,33.107895,1.3670274e-06,0.0001001578,220,220,55,8,-7.0352985e-10,0,-7.035297e-10
32,contact-iteration,12,1.8179064e-07,33.107895,33.107895,1.4393744e-06,0.0001001578,220,220,55,8,-6.578613e-10,0,-6.578631e-10
32,restitution,0,1.8179064e-07,33.107895,33.107895,1.4393744e-06,0.0001001578,220,220,55,8,0,0,0
32,shock,0,1.8042553e-07,33.107895,33.107895,1.4393745e-06,0.0001001578,220,220,55,8,-1.3651137e-09,0,-1.3651089e-09
32,rest-damping,0,1.8042553e-07,33.107895,33.107895,1.4393745e-06,0.0001001578,220,220,55,8,0,0,0
32,pose-drift,0,1.8042242e-07,33.107895,33.107895,0,0.0001001578,220,220,55,8,-3.1113844e-12,0,-3.1121772e-12
32,split-counterfactual,0,1.8042242e-07,33.107895,33.107895,0,0,0,0,0,0,4.3638386e-16,1.3300406e-06,1.3300406e-06
32,finish,0,1.8042242e-07,33.107895,33.107895,0,0.0001001578,220,220,55,8,0,0,0
33,start,0,1.8042242e-07,33.107895,33.107895,0,0.0001001578,220,220,55,8,0,0,0
33,gravity-kick,0,6.785926e-05,33.107895,33.107964,0,0.0001001578,220,220,55,8,6.767884e-05,0,6.767884e-05
33,collide,0,6.785926e-05,33.107895,33.107964,0,0.000100156605,220,220,0,0,0,0,0
33,warm-start,0,1.0270279e-05,33.107895,33.107903,0,0.000100156605,220,220,55,8,-5.7588983e-05,0,-5.7588983e-05
33,contact-iteration,1,2.8982868e-07,33.107895,33.107895,2.3920913e-07,0.000100156605,220,220,55,8,-9.98045e-06,0,-9.98045e-06
33,contact-iteration,2,2.0602597e-07,33.107895,33.107895,4.065223e-07,0.000100156605,220,220,55,8,-8.380269e-08,0,-8.3802696e-08
33,contact-iteration,3,1.942298e-07,33.107895,33.107895,5.5082813e-07,0.000100156605,220,220,55,8,-1.1796179e-08,0,-1.1796175e-08
33,contact-iteration,4,1.9073538e-07,33.107895,33.107895,6.817971e-07,0.000100156605,220,220,55,8,-3.4944232e-09,0,-3.4944279e-09
33,contact-iteration,5,1.8862794e-07,33.107895,33.107895,8.027213e-07,0.000100156605,220,220,55,8,-2.107431e-09,0,-2.1074271e-09
33,contact-iteration,6,1.8706587e-07,33.107895,33.107895,9.15146e-07,0.000100156605,220,220,55,8,-1.5620764e-09,0,-1.5620785e-09
33,contact-iteration,7,1.8579806e-07,33.107895,33.107895,1.0199609e-06,0.000100156605,220,220,55,8,-1.2678113e-09,0,-1.2678143e-09
33,contact-iteration,8,1.8475896e-07,33.107895,33.107895,1.1177469e-06,0.000100156605,220,220,55,8,-1.0390919e-09,0,-1.0390906e-09
33,contact-iteration,9,1.8388532e-07,33.107895,33.107895,1.2089201e-06,0.000100156605,220,220,55,8,-8.7363583e-10,0,-8.736336e-10
33,contact-iteration,10,1.8312055e-07,33.107895,33.107895,1.2938091e-06,0.000100156605,220,220,55,8,-7.6478124e-10,0,-7.6477846e-10
33,contact-iteration,11,1.8241992e-07,33.107895,33.107895,1.3726984e-06,0.000100156605,220,220,55,8,-7.0062134e-10,0,-7.0062356e-10
33,contact-iteration,12,1.8176384e-07,33.107895,33.107895,1.4458543e-06,0.000100156605,220,220,55,8,-6.560908e-10,0,-6.5609385e-10
33,restitution,0,1.8176384e-07,33.107895,33.107895,1.4458543e-06,0.000100156605,220,220,55,8,0,0,0
33,shock,0,1.8040205e-07,33.107895,33.107895,1.4458543e-06,0.000100156605,220,220,55,8,-1.3617734e-09,0,-1.3617694e-09
33,rest-damping,0,1.8040205e-07,33.107895,33.107895,1.4458543e-06,0.000100156605,220,220,55,8,0,0,0
33,pose-drift,0,1.8039894e-07,33.107895,33.107895,0,0.000100156605,220,220,55,8,-3.1189905e-12,0,-3.1192826e-12
33,split-counterfactual,0,1.8039894e-07,33.107895,33.107895,0,0,0,0,0,0,3.0175848e-16,1.3300406e-06,1.3300406e-06
33,finish,0,1.8039894e-07,33.107895,33.107895,0,0.000100156605,220,220,55,8,0,0,0
34,start,0,1.8039894e-07,33.107895,33.107895,0,0.000100156605,220,220,55,8,0,0,0
34,gravity-kick,0,6.785813e-05,33.107895,33.107964,0,0.000100156605,220,220,55,8,6.767773e-05,0,6.767773e-05
34,collide,0,6.785813e-05,33.107895,33.107964,0,0.00010016503,220,220,0,0,0,0,0
34,warm-start,0,1.0163263e-05,33.107895,33.107903,0,0.00010016503,220,220,55,8,-5.7694862e-05,0,-5.7694862e-05
34,contact-iteration,1,2.9074053e-07,33.107895,33.107895,2.3762848e-07,0.00010016503,220,220,55,8,-9.872523e-06,0,-9.872523e-06
34,contact-iteration,2,2.0629379e-07,33.107895,33.107895,4.0239541e-07,0.00010016503,220,220,55,8,-8.444673e-08,0,-8.444673e-08
34,contact-iteration,3,1.9433453e-07,33.107895,33.107895,5.40993e-07,0.00010016503,220,220,55,8,-1.1959264e-08,0,-1.1959266e-08
34,contact-iteration,4,1.9084457e-07,33.107895,33.107895,6.6401714e-07,0.00010016503,220,220,55,8,-3.4899565e-09,0,-3.4899585e-09
34,contact-iteration,5,1.8871823e-07,33.107895,33.107895,7.756126e-07,0.00010016503,220,220,55,8,-2.1263338e-09,0,-2.1263276e-09
34,contact-iteration,6,1.8714827e-07,33.107895,33.107895,8.772176e-07,0.00010016503,220,220,55,8,-1.5699593e-09,0,-1.5699655e-09
34,contact-iteration,7,1.8587517e-07,33.107895,33.107895,9.678574e-07,0.00010016503,220,220,55,8,-1.2731177e-09,0,-1.273115e-09
34,contact-iteration,8,1.8483368e-07,33.107895,33.107895,1.0511843e-06,0.00010016503,220,220,55,8,-1.0414771e-09,0,-1.041478e-09
34,contact-iteration,9,1.8395774e-07,33.107895,33.107895,1.1284683e-06,0.00010016503,220,220,55,8,-8.7594154e-10,0,-8.759429e-10
34,contact-iteration,10,1.8319194e-07,33.107895,33.107895,1.2002691e-06,0.00010016503,220,220,55,8,-7.657947e-10,0,-7.6579454e-10
34,contact-iteration,11,1.8249003e-07,33.107895,33.107895,1.2669187e-06,0.00010016503,220,220,55,8,-7.01913e-10,0,-7.0190964e-10
34,contact-iteration,12,1.8183368e-07,33.107895,33.107895,1.328685e-06,0.00010016503,220,220,55,8,-6.5634553e-10,0,-6.5634964e-10
34,restitution,0,1.8183368e-07,33.107895,33.107895,1.328685e-06,0.00010016503,220,220,55,8,0,0,0
34,shock,0,1.8046622e-07,33.107895,33.107895,1.3286849e-06,0.00010016503,220,220,55,8,-1.3674684e-09,0,-1.3674679e-09
34,rest-damping,0,1.8046622e-07,33.107895,33.107895,1.3286849e-06,0.00010016503,220,220,55,8,0,0,0
34,pose-drift,0,1.804631e-07,33.107895,33.107895,0,0.00010016503,220,220,55,8,-3.1188932e-12,0,-3.1192826e-12
34,split-counterfactual,0,1.804631e-07,33.107895,33.107895,0,0,0,0,0,0,-7.8796484e-17,1.3300406e-06,1.3300406e-06
34,finish,0,1.804631e-07,33.107895,33.107895,0,0.00010016503,220,220,55,8,0,0,0
35,start,0,1.804631e-07,33.107895,33.107895,0,0.00010016503,220,220,55,8,0,0,0
35,gravity-kick,0,6.78617e-05,33.107895,33.107964,0,0.00010016503,220,220,55,8,6.768124e-05,0,6.768124e-05
35,collide,0,6.78617e-05,33.107895,33.107964,0,0.00010011082,220,220,0,0,0,0,0
35,warm-start,0,1.0057376e-05,33.107895,33.107903,0,0.00010011082,220,220,55,9,-5.7804325e-05,0,-5.7804325e-05
35,contact-iteration,1,2.8903563e-07,33.107895,33.107895,2.0599569e-07,0.00010011082,220,220,55,9,-9.7683405e-06,0,-9.7683405e-06
35,contact-iteration,2,2.057503e-07,33.107895,33.107895,3.5205238e-07,0.00010011082,220,220,55,9,-8.328533e-08,0,-8.328533e-08
35,contact-iteration,3,1.9402341e-07,33.107895,33.107895,4.779875e-07,0.00010011082,220,220,55,9,-1.1726873e-08,0,-1.1726868e-08
35,contact-iteration,4,1.906121e-07,33.107895,33.107895,5.9150483e-07,0.00010011082,220,220,55,9,-3.411321e-09,0,-3.4113228e-09
35,contact-iteration,5,1.8854813e-07,33.107895,33.107895,6.95656e-07,0.00010011082,220,220,55,9,-2.063963e-09,0,-2.0639632e-09
35,contact-iteration,6,1.8702353e-07,33.107895,33.107895,7.9208405e-07,0.00010011082,220,220,55,9,-1.524604e-09,0,-1.5246044e-09
35,contact-iteration,7,1.8578146e-07,33.107895,33.107895,8.8179297e-07,0.00010011082,220,220,55,9,-1.2420692e-09,0,-1.2420713e-09
35,contact-iteration,8,1.8476563e-07,33.107895,33.107895,9.654309e-07,0.00010011082,220,220,55,9,-1.0158359e-09,0,-1.0158345e-09
35,contact-iteration,9,1.8390578e-07,33.107895,33.107895,1.0434384e-06,0.00010011082,220,220,55,9,-8.5984386e-10,0,-8.59842e-10
35,contact-iteration,10,1.8315365e-07,33.107895,33.107895,1.116137e-06,0.00010011082,220,220,55,9,-7.521328e-10,0,-7.521308e-10
35,contact-iteration,11,1.8246209e-07,33.107895,33.107895,1.1837847e-06,0.00010011082,220,220,55,9,-6.9156264e-10,0,-6.9156414e-10
35,contact-iteration,12,1.8181443e-07,33.107895,33.107895,1.2466082e-06,0.00010011082,220,220,55,9,-6.4765254e-10,0,-6.476526e-10
35,restitution,0,1.8181443e-07,33.107895,33.107895,1.2466082e-06,0.00010011082,220,220,55,9,0,0,0
35,shock,0,1.8045249e-07,33.107895,33.107895,1.2466082e-06,0.00010011082,220,220,55,9,-1.3619519e-09,0,-1.3619541e-09
35,rest-damping,0,1.8045249e-07,33.107895,33.107895,1.2466082e-06,0.00010011082,220,220,55,9,0,0,0
35,pose-drift,0,1.8044936e-07,33.107895,33.107895,0,0.00010011082,220,220,55,9,-3.1174783e-12,0,-3.1192826e-12
35,split-counterfactual,0,1.8044936e-07,33.107895,33.107895,0,0,0,0,0,0,-3.1401682e-17,1.3300406e-06,1.3300406e-06
35,finish,0,1.8044936e-07,33.107895,33.107895,0,0.00010011082,220,220,55,9,0,0,0
36,start,0,1.8044936e-07,33.107895,33.107895,0,0.00010011082,220,220,55,9,0,0,0
36,gravity-kick,0,6.786209e-05,33.107895,33.107964,0,0.00010011082,220,220,55,9,6.768164e-05,0,6.768164e-05
36,collide,0,6.786209e-05,33.107895,33.107964,0,0.00010011285,220,220,0,0,0,0,0
36,warm-start,0,9.963085e-06,33.107895,33.107903,0,0.00010011285,220,220,55,8,-5.7899004e-05,0,-5.7899004e-05
36,contact-iteration,1,2.902335e-07,33.107895,33.107895,1.8894221e-07,0.00010011285,220,220,55,8,-9.672852e-06,0,-9.672852e-06
36,contact-iteration,2,2.0601078e-07,33.107895,33.107895,3.2145067e-07,0.00010011285,220,220,55,8,-8.422272e-08,0,-8.422272e-08
36,contact-iteration,3,1.9417764e-07,33.107895,33.107895,4.3432888e-07,0.00010011285,220,220,55,8,-1.1833129e-08,0,-1.183313e-08
36,contact-iteration,4,1.9074623e-07,33.107895,33.107895,5.353997e-07,0.00010011285,220,220,55,8,-3.4314112e-09,0,-3.4314098e-09
36,contact-iteration,5,1.886599e-07,33.107895,33.107895,6.277925e-07,0.00010011285,220,220,55,8,-2.0863333e-09,0,-2.086331e-09
36,contact-iteration,6,1.8711712e-07,33.107895,33.107895,7.131269e-07,0.00010011285,220,220,55,8,-1.5427858e-09,0,-1.5427872e-09
36,contact-iteration,7,1.8586586e-07,33.107895,33.107895,7.9233877e-07,0.00010011285,220,220,55,8,-1.2512587e-09,0,-1.2512587e-09
36,contact-iteration,8,1.8484226e-07,33.107895,33.107895,8.660063e-07,0.00010011285,220,220,55,8,-1.0235931e-09,0,-1.0235937e-09
36,contact-iteration,9,1.8397742e-07,33.107895,33.107895,9.3451627e-07,0.00010011285,220,220,55,8,-8.6485064e-10,0,-8.648513e-10
36,contact-iteration,10,1.8322112e-07,33.107895,33.107895,9.981569e-07,0.00010011285,220,220,55,8,-7.563021e-10,0,-7.563017e-10
36,contact-iteration,11,1.825275e-07,33.107895,33.107895,1.0571688e-06,0.00010011285,220,220,55,8,-6.936177e-10,0,-6.936176e-10
36,contact-iteration,12,1.8187747e-07,33.107895,33.107895,1.1117726e-06,0.00010011285,220,220,55,8,-6.50022e-10,0,-6.500187e-10
36,restitution,0,1.8187747e-07,33.107895,33.107895,1.1117726e-06,0.00010011285,220,220,55,8,0,0,0
36,shock,0,1.8051747e-07,33.107895,33.107895,1.1117726e-06,0.00010011285,220,220,55,8,-1.3600029e-09,0,-1.3600072e-09
36,rest-damping,0,1.8051747e-07,33.107895,33.107895,1.1117726e-06,0.00010011285,220,220,55,8,0,0,0
36,pose-drift,0,1.8051435e-07,33.107895,33.107895,0,0.00010011285,220,220,55,8,-3.1177597e-12,-1.6625508e-07,-1.6625819e-07
36,split-counterfactual,0,1.8051435e-07,33.107895,33.107895,0,0,0,0,0,0,-1.2579625e-16,1.1637856e-06,1.1637856e-06
36,finish,0,1.8051435e-07,33.107895,33.107895,0,0.00010011285,220,220,55,8,0,0,0
37,start,0,1.8051435e-07,33.107895,33.107895,0,0.00010011285,220,220,55,8,0,0,0
37,gravity-kick,0,6.786251e-05,33.107895,33.10796,0,0.00010011285,220,220,55,8,6.7682e-05,0,6.7682e-05
37,collide,0,6.786251e-05,33.107895,33.10796,0,0.00010016259,220,220,0,0,0,0,0
37,warm-start,0,9.869249e-06,33.107895,33.107903,0,0.00010016259,220,220,55,9,-5.799326e-05,0,-5.799326e-05
37,contact-iteration,1,2.8969106e-07,33.107895,33.107895,2.3746442e-07,0.00010016259,220,220,55,9,-9.5795585e-06,0,-9.5795585e-06
37,contact-iteration,2,2.0590626e-07,33.107895,33.107895,3.9986395e-07,0.00010016259,220,220,55,9,-8.378479e-08,0,-8.378479e-08
37,contact-iteration,3,1.9413068e-07,33.107895,33.107895,5.365734e-07,0.00010016259,220,220,55,9,-1.1775593e-08,0,-1.177559e-08
37,contact-iteration,4,1.9072232e-07,33.107895,33.107895,6.581859e-07,0.00010016259,220,220,55,9,-3.4083487e-09,0,-3.4083456e-09
37,contact-iteration,5,1.8865786e-07,33.107895,33.107895,7.6880036e-07,0.00010016259,220,220,55,9,-2.0644544e-09,0,-2.0644606e-09
37,contact-iteration,6,1.8713604e-07,33.107895,33.107895,8.7049744e-07,0.00010016259,220,220,55,9,-1.5218347e-09,0,-1.5218333e-09
37,contact-iteration,7,1.8589954e-07,33.107895,33.107895,9.644889e-07,0.00010016259,220,220,55,9,-1.236493e-09,0,-1.2364936e-09
37,contact-iteration,8,1.8488578e-07,33.107895,33.107895,1.0509672e-06,0.00010016259,220,220,55,9,-1.0137606e-09,0,-1.0137597e-09
37,contact-iteration,9,1.8402896e-07,33.107895,33.107895,1.128396e-06,0.00010016259,220,220,55,9,-8.568162e-10,0,-8.5681506e-10
37,contact-iteration,10,1.8327496e-07,33.107895,33.107895,1.1997386e-06,0.00010016259,220,220,55,9,-7.5400136e-10,0,-7.5399953e-10
37,contact-iteration,11,1.8258375e-07,33.107895,33.107895,1.2659447e-06,0.00010016259,220,220,55,9,-6.912184e-10,0,-6.91216e-10
37,contact-iteration,12,1.8193579e-07,33.107895,33.107895,1.3274183e-06,0.00010016259,220,220,55,9,-6.479568e-10,0,-6.4795813e-10
37,restitution,0,1.8193579e-07,33.107895,33.107895,1.3274183e-06,0.00010016259,220,220,55,9,0,0,0
37,shock,0,1.8057216e-07,33.107895,33.107895,1.3274183e-06,0.00010016259,220,220,55,9,-1.3636258e-09,0,-1.363631e-09
37,rest-damping,0,1.8057216e-07,33.107895,33.107895,1.3274183e-06,0.00010016259,220,220,55,9,0,0,0
37,pose-drift,0,1.8056903e-07,33.107895,33.107895,0,0.00010016259,220,220,55,9,-3.128467e-12,0,-3.126388e-12
37,split-counterfactual,0,1.8056903e-07,33.107895,33.107895,0,0,0,0,0,0,1.9227918e-16,1.3300406e-06,1.3300406e-06
37,finish,0,1.8056903e-07,33.107895,33.107895,0,0.00010016259,220,220,55,9,0,0,0
38,start,0,1.8056903e-07,33.107895,33.107895,0,0.00010016259,220,220,55,9,0,0,0
38,gravity-kick,0,6.786537e-05,33.107895,33.10796,0,0.00010016259,220,220,55,9,6.76848e-05,0,6.76848e-05
38,collide,0,6.786537e-05,33.107895,33.10796,0,0.00010010764,220,220,0,0,0,0,0
38,warm-start,0,9.784793e-06,33.107895,33.107903,0,0.00010010764,220,220,55,9,-5.808057e-05,0,-5.808057e-05
38,contact-iteration,1,2.894364e-07,33.107895,33.107895,2.0557091e-07,0.00010010764,220,220,55,9,-9.4953575e-06,0,-9.4953575e-06
38,contact-iteration,2,2.0581152e-07,33.107895,33.107895,3.497625e-07,0.00010010764,220,220,55,9,-8.362489e-08,0,-8.362489e-08
38,contact-iteration,3,1.9408019e-07,33.107895,33.107895,4.744973e-07,0.00010010764,220,220,55,9,-1.1731335e-08,0,-1.1731338e-08
38,contact-iteration,4,1.9069718e-07,33.107895,33.107895,5.875303e-07,0.00010010764,220,220,55,9,-3.3830094e-09,0,-3.3830077e-09
38,contact-iteration,5,1.8864652e-07,33.107895,33.107895,6.9173745e-07,0.00010010764,220,220,55,9,-2.0506434e-09,0,-2.0506405e-09
38,contact-iteration,6,1.8713895e-07,33.107895,33.107895,7.885654e-07,0.00010010764,220,220,55,9,-1.5075792e-09,0,-1.5075798e-09
38,contact-iteration,7,1.8591079e-07,33.107895,33.107895,8.788517e-07,0.00010010764,220,220,55,9,-1.2281544e-09,0,-1.2281589e-09
38,contact-iteration,8,1.8490225e-07,33.107895,33.107895,9.631236e-07,0.00010010764,220,220,55,9,-1.008547e-09,0,-1.0085444e-09
38,contact-iteration,9,1.8404897e-07,33.107895,33.107895,1.041743e-06,0.00010010764,220,220,55,9,-8.532741e-10,0,-8.5327656e-10
38,contact-iteration,10,1.8330192e-07,33.107895,33.107895,1.1149874e-06,0.00010010764,220,220,55,9,-7.470538e-10,0,-7.470504e-10
38,contact-iteration,11,1.8261471e-07,33.107895,33.107895,1.1830953e-06,0.00010010764,220,220,55,9,-6.872032e-10,0,-6.872014e-10
38,contact-iteration,12,1.8197002e-07,33.107895,33.107895,1.2462897e-06,0.00010010764,220,220,55,9,-6.4469e-10,0,-6.4468964e-10
38,restitution,0,1.8197002e-07,33.107895,33.107895,1.2462897e-06,0.00010010764,220,220,55,9,0,0,0
38,shock,0,1.8060986e-07,33.107895,33.107895,1.2462897e-06,0.00010010764,220,220,55,9,-1.3601626e-09,0,-1.3601635e-09
38,rest-damping,0,1.8060986e-07,33.107895,33.107895,1.2462897e-06,0.00010010764,220,220,55,9,0,0,0
38,pose-drift,0,1.8060673e-07,33.107895,33.107895,0,0.00010010764,220,220,55,9,-3.1279619e-12,0,-3.1334935e-12
38,split-counterfactual,0,1.8060673e-07,33.107895,33.107895,0,0,0,0,0,0,1.2420259e-16,1.3300406e-06,1.3300406e-06
38,finish,0,1.8060673e-07,33.107895,33.107895,0,0.00010010764,220,220,55,9,0,0,0
39,start,0,1.8060673e-07,33.107895,33.107895,0,0.00010010764,220,220,55,9,0,0,0
39,gravity-kick,0,6.7864996e-05,33.107895,33.10796,0,0.00010010764,220,220,55,9,6.7684385e-05,0,6.7684385e-05
39,collide,0,6.7864996e-05,33.107895,33.10796,0,0.00010015801,220,220,0,0,0,0,0
39,warm-start,0,9.70273e-06,33.107895,33.107903,0,0.00010015801,220,220,55,8,-5.8162263e-05,0,-5.8162263e-05
39,contact-iteration,1,2.8980048e-07,33.107895,33.107895,2.374829e-07,0.00010015801,220,220,55,8,-9.412929e-06,0,-9.412929e-06
39,contact-iteration,2,2.0591665e-07,33.107895,33.107895,4.0105616e-07,0.00010015801,220,220,55,8,-8.388383e-08,0,-8.388383e-08
39,contact-iteration,3,1.9415985e-07,33.107895,33.107895,5.3951175e-07,0.00010015801,220,220,55,8,-1.1756807e-08,0,-1.1756811e-08
39,contact-iteration,4,1.9076879e-07,33.107895,33.107895,6.63249e-07,0.00010015801,220,220,55,8,-3.3910603e-09,0,-3.391058e-09
39,contact-iteration,5,1.8871921e-07,33.107895,33.107895,7.7617767e-07,0.00010015801,220,220,55,8,-2.0495667e-09,0,-2.0495676e-09
39,contact-iteration,6,1.8720888e-07,33.107895,33.107895,8.8025166e-07,0.00010015801,220,220,55,8,-1.5103303e-09,0,-1.5103296e-09
39,contact-iteration,7,1.859817e-07,33.107895,33.107895,9.76606e-07,0.00010015801,220,220,55,8,-1.2271874e-09,0,-1.2271926e-09
39,contact-iteration,8,1.8497427e-07,33.107895,33.107895,1.0659652e-06,0.00010015801,220,220,55,8,-1.007429e-09,0,-1.0074288e-09
39,contact-iteration,9,1.8412194e-07,33.107895,33.107895,1.1488358e-06,0.00010015801,220,220,55,8,-8.5232665e-10,0,-8.5232443e-10
39,contact-iteration,10,1.8337262e-07,33.107895,33.107895,1.2254404e-06,0.00010015801,220,220,55,8,-7.4932444e-10,0,-7.4932416e-10
39,contact-iteration,11,1.8268459e-07,33.107895,33.107895,1.2934325e-06,0.00010015801,220,220,55,8,-6.8802675e-10,0,-6.8802564e-10
39,contact-iteration,12,1.820389e-07,33.107895,33.107895,1.3557942e-06,0.00010015801,220,220,55,8,-6.456867e-10,0,-6.456844e-10
39,restitution,0,1.820389e-07,33.107895,33.107895,1.3557942e-06,0.00010015801,220,220,55,8,0,0,0
39,shock,0,1.8067655e-07,33.107895,33.107895,1.3557942e-06,0.00010015801,220,220,55,8,-1.3623509e-09,0,-1.362352e-09
39,rest-damping,0,1.8067655e-07,33.107895,33.107895,1.3557942e-06,0.00010015801,220,220,55,8,0,0,0
39,pose-drift,0,1.8067342e-07,33.107895,33.107895,0,0.00010015801,220,220,55,8,-3.1278868e-12,0,-3.126388e-12
39,split-counterfactual,0,1.8067342e-07,33.107895,33.107895,0,0,0,0,0,0,3.6028017e-17,1.3300406e-06,1.3300406e-06
39,finish,0,1.8067342e-07,33.107895,33.107895,0,0.00010015801,220,220,55,8,0,0,0
