substep,stage,iteration,kinetic_J,potential_J,total_J,predicted_split_U_J,depth_m,contacts,matched,locked,corrected_points,delta_T_J,delta_U_J,delta_E_J
0,start,0,3.5196933e-06,33.070488,33.07049,0,0.000101001286,206,206,52,16,0,0,0
0,gravity-kick,0,9.756351e-05,33.070488,33.070587,0,0.000101001286,206,206,52,16,9.404382e-05,0,9.404382e-05
0,collide,0,9.756351e-05,33.070488,33.070587,0,0.00010100262,206,206,0,0,0,0,0
0,warm-start,0,0.00023683195,33.070488,33.070724,0,0.00010100262,206,206,52,16,0.00013926844,0,0.00013926844
0,contact-iteration,1,3.567905e-05,33.070488,33.070522,4.300071e-06,0.00010100262,206,206,52,16,-0.0002011529,0,-0.0002011529
0,contact-iteration,2,1.3416719e-05,33.070488,33.070503,7.399839e-06,0.00010100262,206,206,52,16,-2.2262331e-05,0,-2.2262331e-05
0,contact-iteration,3,1.0145038e-05,33.070488,33.0705,1.0251501e-05,0.00010100262,206,206,52,16,-3.2716819e-06,0,-3.2716819e-06
0,contact-iteration,4,8.993257e-06,33.070488,33.070496,1.2924678e-05,0.00010100262,206,206,52,16,-1.1517801e-06,0,-1.1517801e-06
0,contact-iteration,5,8.163738e-06,33.070488,33.070496,1.5431287e-05,0.00010100262,206,206,52,16,-8.295196e-07,0,-8.295196e-07
0,contact-iteration,6,7.4342274e-06,33.070488,33.070496,1.777701e-05,0.00010100262,206,206,52,16,-7.2951093e-07,0,-7.2951093e-07
0,contact-iteration,7,6.767175e-06,33.070488,33.070496,1.996806e-05,0.00010100262,206,206,52,16,-6.6705246e-07,0,-6.6705246e-07
0,contact-iteration,8,6.1534556e-06,33.070488,33.070496,2.201114e-05,0.00010100262,206,206,52,16,-6.1371924e-07,0,-6.1371924e-07
0,contact-iteration,9,5.589614e-06,33.070488,33.07049,2.3912835e-05,0.00010100262,206,206,52,16,-5.6384164e-07,0,-5.6384164e-07
0,contact-iteration,10,5.0735357e-06,33.070488,33.07049,2.5679317e-05,0.00010100262,206,206,52,16,-5.160783e-07,0,-5.160783e-07
0,contact-iteration,11,4.6028667e-06,33.070488,33.07049,2.7316317e-05,0.00010100262,206,206,52,16,-4.7066874e-07,0,-4.7066874e-07
0,contact-iteration,12,4.174566e-06,33.070488,33.07049,2.8829256e-05,0.00010100262,206,206,52,16,-4.283008e-07,0,-4.283008e-07
0,restitution,0,4.174566e-06,33.070488,33.07049,2.8829256e-05,0.00010100262,206,206,52,16,0,0,0
0,shock,0,3.4914524e-06,33.070488,33.07049,2.8829256e-05,0.00010100262,206,206,52,16,-6.8311374e-07,0,-6.8311374e-07
0,rest-damping,0,3.4914524e-06,33.070488,33.07049,2.8829256e-05,0.00010100262,206,206,52,16,0,0,0
0,pose-drift,0,3.491394e-06,33.070488,33.07049,0,0.00010100262,206,206,52,16,-5.825244e-11,9.975305e-07,9.974723e-07
0,split-counterfactual,0,3.491394e-06,33.070488,33.07049,0,0,0,0,0,0,5.2470134e-16,2.8429618e-05,2.8429618e-05
0,finish,0,3.491394e-06,33.070488,33.07049,0,0.00010100262,206,206,52,16,0,0,0
1,start,0,3.491394e-06,33.070488,33.07049,0,0.00010100262,206,206,52,16,0,0,0
1,gravity-kick,0,9.7419645e-05,33.070488,33.070587,0,0.00010100262,206,206,52,16,9.3928255e-05,0,9.3928255e-05
1,collide,0,9.7419645e-05,33.070488,33.070587,0,0.00010100154,206,206,0,0,0,0,0
1,warm-start,0,0.00023467776,33.070488,33.070724,0,0.00010100154,206,206,52,16,0.0001372581,0,0.0001372581
1,contact-iteration,1,3.5354024e-05,33.070488,33.070526,4.364338e-06,0.00010100154,206,206,52,16,-0.00019932374,0,-0.00019932374
1,contact-iteration,2,1.3332581e-05,33.070488,33.070503,7.4969125e-06,0.00010100154,206,206,52,16,-2.2021442e-05,0,-2.2021442e-05
1,contact-iteration,3,1.009153e-05,33.070488,33.0705,1.0373896e-05,0.00010100154,206,206,52,16,-3.241051e-06,0,-3.241051e-06
1,contact-iteration,4,8.9467185e-06,33.070488,33.0705,1.3068332e-05,0.00010100154,206,206,52,16,-1.1448113e-06,0,-1.1448113e-06
1,contact-iteration,5,8.12379e-06,33.070488,33.070496,1.559218e-05,0.00010100154,206,206,52,16,-8.229288e-07,0,-8.229288e-07
1,contact-iteration,6,7.398223e-06,33.070488,33.070496,1.7950992e-05,0.00010100154,206,206,52,16,-7.255673e-07,0,-7.255673e-07
1,contact-iteration,7,6.7348974e-06,33.070488,33.070496,2.015093e-05,0.00010100154,206,206,52,16,-6.6332524e-07,0,-6.6332524e-07
1,contact-iteration,8,6.1247893e-06,33.070488,33.070496,2.2198783e-05,0.00010100154,206,206,52,16,-6.101082e-07,0,-6.101082e-07
1,contact-iteration,9,5.564324e-06,33.070488,33.070496,2.410136e-05,0.00010100154,206,206,52,16,-5.6046537e-07,0,-5.6046537e-07
1,contact-iteration,10,5.0514177e-06,33.070488,33.070496,2.5865185e-05,0.00010100154,206,206,52,16,-5.129065e-07,0,-5.129065e-07
1,contact-iteration,11,4.5836364e-06,33.070488,33.07049,2.7496431e-05,0.00010100154,206,206,52,16,-4.67781e-07,0,-4.67781e-07
1,contact-iteration,12,4.1580015e-06,33.070488,33.07049,2.9001012e-05,0.00010100154,206,206,52,16,-4.2563514e-07,0,-4.2563514e-07
1,restitution,0,4.1580015e-06,33.070488,33.07049,2.9001012e-05,0.00010100154,206,206,52,16,0,0,0
1,shock,0,3.4785644e-06,33.070488,33.07049,2.9001012e-05,0.00010100154,206,206,52,16,-6.794368e-07,0,-6.794368e-07
1,rest-damping,0,3.4785644e-06,33.070488,33.07049,2.9001012e-05,0.00010100154,206,206,52,16,0,0,0
1,pose-drift,0,3.4785064e-06,33.07049,33.070496,0,0.00010100154,206,206,52,16,-5.815869e-11,1.8288059e-06,1.8287477e-06
1,split-counterfactual,0,3.4785064e-06,33.07049,33.070496,0,0,0,0,0,0,2.426326e-16,2.8928383e-05,2.8928383e-05
1,finish,0,3.4785064e-06,33.07049,33.070496,0,0.00010100154,206,206,52,16,0,0,0
2,start,0,3.4785064e-06,33.07049,33.070496,0,0.00010100154,206,206,52,16,0,0,0
2,gravity-kick,0,9.734025e-05,33.07049,33.070587,0,0.00010100154,206,206,52,16,9.3861745e-05,0,9.3861745e-05
2,collide,0,9.734025e-05,33.07049,33.070587,0,0.000101024714,206,206,0,0,0,0,0
2,warm-start,0,0.00023205979,33.07049,33.070724,0,0.000101024714,206,206,52,16,0.00013471954,0,0.00013471954
2,contact-iteration,1,3.5132256e-05,33.07049,33.070526,4.2890933e-06,0.000101024714,206,206,52,16,-0.00019692752,0,-0.00019692752
2,contact-iteration,2,1.3276648e-05,33.07049,33.070503,7.3747765e-06,0.000101024714,206,206,52,16,-2.185561e-05,0,-2.185561e-05
2,contact-iteration,3,1.0048675e-05,33.07049,33.0705,1.0212978e-05,0.000101024714,206,206,52,16,-3.227973e-06,0,-3.227973e-06
2,contact-iteration,4,8.9072755e-06,33.07049,33.0705,1.28736465e-05,0.000101024714,206,206,52,16,-1.1413993e-06,0,-1.1413993e-06
2,contact-iteration,5,8.0867485e-06,33.07049,33.0705,1.5368276e-05,0.000101024714,206,206,52,16,-8.205268e-07,0,-8.205268e-07
2,contact-iteration,6,7.364184e-06,33.07049,33.0705,1.770214e-05,0.000101024714,206,206,52,16,-7.225646e-07,0,-7.2256455e-07
2,contact-iteration,7,6.703493e-06,33.07049,33.0705,1.9881169e-05,0.000101024714,206,206,52,16,-6.606911e-07,0,-6.606911e-07
2,contact-iteration,8,6.095785e-06,33.07049,33.070496,2.1911945e-05,0.000101024714,206,206,52,16,-6.077081e-07,0,-6.077081e-07
2,contact-iteration,9,5.5375695e-06,33.07049,33.070496,2.3801067e-05,0.000101024714,206,206,52,16,-5.582157e-07,0,-5.582157e-07
2,contact-iteration,10,5.026761e-06,33.07049,33.070496,2.5554815e-05,0.000101024714,206,206,52,16,-5.1080843e-07,0,-5.1080843e-07
2,contact-iteration,11,4.5609477e-06,33.07049,33.070496,2.717909e-05,0.000101024714,206,206,52,16,-4.6581337e-07,0,-4.6581337e-07
2,contact-iteration,12,4.137122e-06,33.07049,33.070496,2.8679502e-05,0.000101024714,206,206,52,16,-4.2382572e-07,0,-4.2382572e-07
2,restitution,0,4.137122e-06,33.07049,33.070496,2.8679502e-05,0.000101024714,206,206,52,16,0,0,0
2,shock,0,3.4611744e-06,33.07049,33.070496,2.8679504e-05,0.000101024714,206,206,52,16,-6.7594726e-07,0,-6.7594726e-07
2,rest-damping,0,3.4611744e-06,33.07049,33.070496,2.8679504e-05,0.000101024714,206,206,52,16,0,0,0
2,pose-drift,0,3.4611164e-06,33.07049,33.070496,0,0.000101024714,206,206,52,16,-5.8027732e-11,9.975305e-07,9.974724e-07
2,split-counterfactual,0,3.4611164e-06,33.07049,33.070496,0,0,0,0,0,0,-8.69437e-18,2.8097109e-05,2.8097109e-05
2,finish,0,3.4611164e-06,33.07049,33.070496,0,0.000101024714,206,206,52,16,0,0,0
3,start,0,3.4611164e-06,33.07049,33.070496,0,0.000101024714,206,206,52,16,0,0,0
3,gravity-kick,0,9.725021e-05,33.07049,33.07059,0,0.000101024714,206,206,52,16,9.3789095e-05,0,9.3789095e-05
3,collide,0,9.725021e-05,33.07049,33.07059,0,0.0001010498,206,206,0,0,0,0,0
3,warm-start,0,0.00023211118,33.07049,33.070724,0,0.0001010498,206,206,52,16,0.00013486098,0,0.00013486098
3,contact-iteration,1,3.493635e-05,33.07049,33.070526,4.298217e-06,0.0001010498,206,206,52,16,-0.00019717484,0,-0.00019717484
3,contact-iteration,2,1.3207551e-05,33.07049,33.070503,7.396179e-06,0.0001010498,206,206,52,16,-2.17288e-05,0,-2.17288e-05
3,contact-iteration,3,9.991966e-06,33.07049,33.070503,1.0249137e-05,0.0001010498,206,206,52,16,-3.2155854e-06,0,-3.2155854e-06
3,contact-iteration,4,8.859224e-06,33.07049,33.0705,1.2925561e-05,0.0001010498,206,206,52,16,-1.1327414e-06,0,-1.1327414e-06
3,contact-iteration,5,8.042298e-06,33.07049,33.0705,1.5435906e-05,0.0001010498,206,206,52,16,-8.16927e-07,0,-8.16927e-07
3,contact-iteration,6,7.323785e-06,33.07049,33.0705,1.778511e-05,0.0001010498,206,206,52,16,-7.185125e-07,0,-7.185125e-07
3,contact-iteration,7,6.666741e-06,33.07049,33.0705,1.9979154e-05,0.0001010498,206,206,52,16,-6.5704415e-07,0,-6.5704415e-07
3,contact-iteration,8,6.062289e-06,33.07049,33.0705,2.2024817e-05,0.0001010498,206,206,52,16,-6.044519e-07,0,-6.044519e-07
3,contact-iteration,9,5.506988e-06,33.07049,33.070496,2.3928924e-05,0.0001010498,206,206,52,16,-5.553009e-07,0,-5.5530097e-07
3,contact-iteration,10,4.9988753e-06,33.07049,33.070496,2.569795e-05,0.0001010498,206,206,52,16,-5.081126e-07,0,-5.081126e-07
3,contact-iteration,11,4.535535e-06,33.07049,33.070496,2.7337912e-05,0.0001010498,206,206,52,16,-4.633402e-07,0,-4.633402e-07
3,contact-iteration,12,4.113982e-06,33.07049,33.070496,2.8854465e-05,0.0001010498,206,206,52,16,-4.2155335e-07,0,-4.2155335e-07
3,restitution,0,4.113982e-06,33.07049,33.070496,2.8854465e-05,0.0001010498,206,206,52,16,0,0,0
3,shock,0,3.4417887e-06,33.07049,33.070496,2.8854463e-05,0.0001010498,206,206,52,16,-6.721931e-07,0,-6.721931e-07
3,rest-damping,0,3.4417887e-06,33.07049,33.070496,2.8854463e-05,0.0001010498,206,206,52,16,0,0,0
3,pose-drift,0,3.4417312e-06,33.07049,33.070496,0,0.0001010498,206,206,52,16,-5.7641877e-11,1.4962957e-06,1.496238e-06
3,split-counterfactual,0,3.4417312e-06,33.07049,33.070496,0,0,0,0,0,0,3.8277207e-16,2.8595874e-05,2.8595874e-05
3,finish,0,3.4417312e-06,33.07049,33.070496,0,0.0001010498,206,206,52,16,0,0,0
4,start,0,3.4417312e-06,33.07049,33.070496,0,0.0001010498,206,206,52,16,0,0,0
4,gravity-kick,0,9.7150456e-05,33.07049,33.07059,0,0.0001010498,206,206,52,16,9.3708724e-05,0,9.3708724e-05
4,collide,0,9.7150456e-05,33.07049,33.07059,0,0.00010100062,206,206,0,0,0,0,0
4,warm-start,0,0.00019336914,33.07049,33.070686,0,0.00010100062,206,206,52,16,9.621868e-05,0,9.621868e-05
4,contact-iteration,1,3.2184864e-05,33.07049,33.070526,4.279017e-06,0.00010100062,206,206,52,16,-0.00016118427,0,-0.00016118427
4,contact-iteration,2,1.408039e-05,33.07049,33.070507,7.363511e-06,0.00010100062,206,206,52,16,-1.8104472e-05,0,-1.8104472e-05
4,contact-iteration,3,1.1181343e-05,33.07049,33.070503,1.0206626e-05,0.00010100062,206,206,52,16,-2.8990469e-06,0,-2.8990469e-06
4,contact-iteration,4,9.978913e-06,33.07049,33.070503,1.2873526e-05,0.00010100062,206,206,52,16,-1.2024304e-06,0,-1.2024304e-06
4,contact-iteration,5,9.0278845e-06,33.07049,33.070503,1.5371832e-05,0.00010100062,206,206,52,16,-9.510286e-07,0,-9.510286e-07
4,contact-iteration,6,8.202983e-06,33.07049,33.070503,1.7704866e-05,0.00010100062,206,206,52,16,-8.249015e-07,0,-8.249015e-07
4,contact-iteration,7,7.450976e-06,33.07049,33.0705,1.987761e-05,0.00010100062,206,206,52,16,-7.520069e-07,0,-7.520069e-07
4,contact-iteration,8,6.7633964e-06,33.07049,33.0705,2.1896063e-05,0.00010100062,206,206,52,16,-6.8757976e-07,0,-6.8757976e-07
4,contact-iteration,9,6.136227e-06,33.07049,33.0705,2.3766444e-05,0.00010100062,206,206,52,16,-6.271694e-07,0,-6.271694e-07
4,contact-iteration,10,5.5650817e-06,33.07049,33.0705,2.5494886e-05,0.00010100062,206,206,52,16,-5.7114545e-07,0,-5.7114545e-07
4,contact-iteration,11,5.045972e-06,33.07049,33.0705,2.7087417e-05,0.00010100062,206,206,52,16,-5.191096e-07,0,-5.191097e-07
4,contact-iteration,12,4.5748893e-06,33.07049,33.0705,2.855007e-05,0.00010100062,206,206,52,16,-4.7108287e-07,0,-4.7108284e-07
4,restitution,0,4.5748893e-06,33.07049,33.0705,2.855007e-05,0.00010100062,206,206,52,16,0,0,0
4,shock,0,3.82552e-06,33.07049,33.070496,2.8550068e-05,0.00010100062,206,206,52,16,-7.4936946e-07,0,-7.4936946e-07
4,rest-damping,0,3.82552e-06,33.07049,33.070496,2.8550068e-05,0.00010100062,206,206,52,16,0,0,0
4,pose-drift,0,3.8254557e-06,33.07049,33.070496,0,0.00010100062,206,206,52,16,-6.404109e-11,-8.3127543e-07,-8.3133943e-07
4,split-counterfactual,0,3.8254557e-06,33.07049,33.070496,0,0,0,0,0,0,-6.212309e-17,2.7598344e-05,2.7598344e-05
4,finish,0,3.8254557e-06,33.07049,33.070496,0,0.00010100062,206,206,52,16,0,0,0
5,start,0,3.8254557e-06,33.07049,33.070496,0,0.00010100062,206,206,52,16,0,0,0
5,gravity-kick,0,9.903132e-05,33.07049,33.07059,0,0.00010100062,206,206,52,16,9.520586e-05,0,9.520586e-05
5,collide,0,9.903132e-05,33.07049,33.07059,0,0.00010099955,206,206,0,0,0,0,0
5,warm-start,0,0.00020600787,33.07049,33.070698,0,0.00010099955,206,206,52,16,0.00010697655,0,0.00010697655
5,contact-iteration,1,3.4343553e-05,33.07049,33.070526,4.2659008e-06,0.00010099955,206,206,52,16,-0.00017166432,0,-0.00017166432
5,contact-iteration,2,1.4746167e-05,33.07049,33.070507,7.327181e-06,0.00010099955,206,206,52,16,-1.9597386e-05,0,-1.9597386e-05
5,contact-iteration,3,1.14997665e-05,33.07049,33.070503,1.01398455e-05,0.00010099955,206,206,52,16,-3.2464002e-06,0,-3.2464002e-06
5,contact-iteration,4,1.0292125e-05,33.07049,33.070503,1.277309e-05,0.00010099955,206,206,52,16,-1.2076417e-06,0,-1.2076417e-06
5,contact-iteration,5,9.324872e-06,33.07049,33.070503,1.5238139e-05,0.00010099955,206,206,52,16,-9.672527e-07,0,-9.672527e-07
5,contact-iteration,6,8.478272e-06,33.07049,33.0705,1.7540508e-05,0.00010099955,206,206,52,16,-8.4659985e-07,0,-8.4659985e-07
5,contact-iteration,7,7.70544e-06,33.07049,33.0705,1.9686468e-05,0.00010099955,206,206,52,16,-7.728316e-07,0,-7.728316e-07
5,contact-iteration,8,6.996804e-06,33.07049,33.0705,2.1682932e-05,0.00010099955,206,206,52,16,-7.086364e-07,0,-7.086364e-07
5,contact-iteration,9,6.348822e-06,33.07049,33.0705,2.353682e-05,0.00010099955,206,206,52,16,-6.4798206e-07,0,-6.4798206e-07
5,contact-iteration,10,5.7583725e-06,33.07049,33.0705,2.525473e-05,0.00010099955,206,206,52,16,-5.904494e-07,0,-5.904494e-07
5,contact-iteration,11,5.221591e-06,33.07049,33.0705,2.684289e-05,0.00010099955,206,206,52,16,-5.367817e-07,0,-5.367817e-07
5,contact-iteration,12,4.7343065e-06,33.07049,33.070496,2.8307224e-05,0.00010099955,206,206,52,16,-4.8728447e-07,0,-4.872845e-07
5,restitution,0,4.7343065e-06,33.07049,33.070496,2.8307224e-05,0.00010099955,206,206,52,16,0,0,0
5,shock,0,3.9586716e-06,33.07049,33.070496,2.8307224e-05,0.00010099955,206,206,52,16,-7.756349e-07,0,-7.756349e-07
5,rest-damping,0,3.9586716e-06,33.07049,33.070496,2.8307224e-05,0.00010099955,206,206,52,16,0,0,0
5,pose-drift,0,3.9586052e-06,33.07049,33.070496,0,0.00010099955,206,206,52,16,-6.618175e-11,-1.3300406e-06,-1.3301068e-06
5,split-counterfactual,0,3.9586052e-06,33.07049,33.070496,0,0,0,0,0,0,2.1586804e-16,2.7598344e-05,2.7598344e-05
5,finish,0,3.9586052e-06,33.07049,33.070496,0,0.00010099955,206,206,52,16,0,0,0
6,start,0,3.9586052e-06,33.07049,33.070496,0,0.00010099955,206,206,52,16,0,0,0
6,gravity-kick,0,9.967202e-05,33.07049,33.07059,0,0.00010099955,206,206,52,16,9.571341e-05,0,9.571341e-05
6,collide,0,9.967202e-05,33.07049,33.07059,0,0.00010099871,206,206,0,0,0,0,0
6,warm-start,0,0.00021119362,33.07049,33.0707,0,0.00010099871,206,206,52,15,0.0001115216,0,0.0001115216
6,contact-iteration,1,3.413278e-05,33.07049,33.070526,4.272775e-06,0.00010099871,206,206,52,15,-0.00017706084,0,-0.00017706084
6,contact-iteration,2,1.4174523e-05,33.07049,33.070507,7.325348e-06,0.00010099871,206,206,52,15,-1.9958256e-05,0,-1.9958256e-05
6,contact-iteration,3,1.1070192e-05,33.07049,33.070503,1.0124501e-05,0.00010099871,206,206,52,15,-3.1043314e-06,0,-3.1043314e-06
6,contact-iteration,4,9.8662285e-06,33.07049,33.0705,1.2743824e-05,0.00010099871,206,206,52,15,-1.2039634e-06,0,-1.2039634e-06
6,contact-iteration,5,8.957486e-06,33.07049,33.0705,1.5196635e-05,0.00010099871,206,206,52,15,-9.0874215e-07,0,-9.0874215e-07
6,contact-iteration,6,8.152884e-06,33.07049,33.0705,1.7489618e-05,0.00010099871,206,206,52,15,-8.046022e-07,0,-8.046022e-07
6,contact-iteration,7,7.4155764e-06,33.07049,33.0705,1.9629793e-05,0.00010099871,206,206,52,15,-7.373078e-07,0,-7.373078e-07
6,contact-iteration,8,6.738051e-06,33.07049,33.0705,2.1624523e-05,0.00010099871,206,206,52,15,-6.7752507e-07,0,-6.7752507e-07
6,contact-iteration,9,6.1170936e-06,33.07049,33.070496,2.3480905e-05,0.00010099871,206,206,52,15,-6.2095774e-07,0,-6.2095774e-07
6,contact-iteration,10,5.550012e-06,33.07049,33.070496,2.5205489e-05,0.00010099871,206,206,52,15,-5.670818e-07,0,-5.670818e-07
6,contact-iteration,11,5.0336707e-06,33.07049,33.070496,2.6804259e-05,0.00010099871,206,206,52,15,-5.163409e-07,0,-5.163409e-07
6,contact-iteration,12,4.5644233e-06,33.07049,33.070496,2.828276e-05,0.00010099871,206,206,52,15,-4.6924745e-07,0,-4.6924745e-07
6,restitution,0,4.5644233e-06,33.07049,33.070496,2.828276e-05,0.00010099871,206,206,52,15,0,0,0
6,shock,0,3.8174717e-06,33.07049,33.070496,2.828276e-05,0.00010099871,206,206,52,15,-7.469516e-07,0,-7.469516e-07
6,rest-damping,0,3.8174717e-06,33.07049,33.070496,2.828276e-05,0.00010099871,206,206,52,15,0,0,0
6,pose-drift,0,3.817408e-06,33.07049,33.070496,0,0.00010099871,206,206,52,15,-6.3834736e-11,-8.3127543e-07,-8.3133926e-07
6,split-counterfactual,0,3.817408e-06,33.07049,33.070496,0,0,0,0,0,0,9.529764e-16,2.7598344e-05,2.7598344e-05
6,finish,0,3.817408e-06,33.07049,33.070496,0,0.00010099871,206,206,52,15,0,0,0
7,start,0,3.817408e-06,33.07049,33.070496,0,0.00010099871,206,206,52,15,0,0,0
7,gravity-kick,0,9.8997014e-05,33.07049,33.07059,0,0.00010099871,206,206,52,15,9.517961e-05,0,9.517961e-05
7,collide,0,9.8997014e-05,33.07049,33.07059,0,0.00010099796,206,206,0,0,0,0,0
7,warm-start,0,0.00019423508,33.07049,33.070686,0,0.00010099796,206,206,52,16,9.523807e-05,0,9.523807e-05
7,contact-iteration,1,3.2621945e-05,33.07049,33.070522,4.285221e-06,0.00010099796,206,206,52,16,-0.00016161313,0,-0.00016161313
7,contact-iteration,2,1.4577449e-05,33.07049,33.070503,7.353675e-06,0.00010099796,206,206,52,16,-1.8044497e-05,0,-1.8044497e-05
7,contact-iteration,3,1.15859275e-05,33.07049,33.070503,1.0167008e-05,0.00010099796,206,206,52,16,-2.991522e-06,0,-2.991522e-06
7,contact-iteration,4,1.0335898e-05,33.07049,33.0705,1.2797771e-05,0.00010099796,206,206,52,16,-1.2500296e-06,0,-1.2500296e-06
7,contact-iteration,5,9.349399e-06,33.07049,33.0705,1.5259064e-05,0.00010099796,206,206,52,16,-9.864988e-07,0,-9.864988e-07
7,contact-iteration,6,8.492613e-06,33.07049,33.0705,1.7557399e-05,0.00010099796,206,206,52,16,-8.567861e-07,0,-8.567861e-07
7,contact-iteration,7,7.712407e-06,33.07049,33.0705,1.969953e-05,0.00010099796,206,206,52,16,-7.8020634e-07,0,-7.8020634e-07
7,contact-iteration,8,6.9993657e-06,33.07049,33.070496,2.169255e-05,0.00010099796,206,206,52,16,-7.13041e-07,0,-7.13041e-07
7,contact-iteration,9,6.3489324e-06,33.07049,33.070496,2.3543402e-05,0.00010099796,206,206,52,16,-6.5043315e-07,0,-6.5043315e-07
7,contact-iteration,10,5.7570865e-06,33.07049,33.070496,2.5258634e-05,0.00010099796,206,206,52,16,-5.91846e-07,0,-5.91846e-07
7,contact-iteration,11,5.219444e-06,33.07049,33.070496,2.68444e-05,0.00010099796,206,206,52,16,-5.376421e-07,0,-5.376421e-07
7,contact-iteration,12,4.7317153e-06,33.07049,33.070496,2.8306555e-05,0.00010099796,206,206,52,16,-4.87729e-07,0,-4.87729e-07
7,restitution,0,4.7317153e-06,33.07049,33.070496,2.8306555e-05,0.00010099796,206,206,52,16,0,0,0
7,shock,0,3.955825e-06,33.07049,33.070496,2.8306555e-05,0.00010099796,206,206,52,16,-7.758904e-07,0,-7.758904e-07
7,rest-damping,0,3.955825e-06,33.07049,33.070496,2.8306555e-05,0.00010099796,206,206,52,16,0,0,0
7,pose-drift,0,3.955759e-06,33.070488,33.07049,0,0.00010099796,206,206,52,16,-6.613747e-11,-9.975305e-07,-9.975967e-07
7,split-counterfactual,0,3.955759e-06,33.070488,33.07049,0,0,0,0,0,0,2.362773e-16,2.7930853e-05,2.7930853e-05
7,finish,0,3.955759e-06,33.070488,33.07049,0,0.00010099796,206,206,52,16,0,0,0
8,start,0,3.955759e-06,33.070488,33.07049,0,0.00010099796,206,206,52,16,0,0,0
8,gravity-kick,0,9.964638e-05,33.070488,33.070587,0,0.00010099796,206,206,52,16,9.5690615e-05,0,9.5690615e-05
8,collide,0,9.964638e-05,33.070488,33.070587,0,0.00010102832,206,206,0,0,0,0,0
8,warm-start,0,0.00021154092,33.070488,33.0707,0,0.00010102832,206,206,52,16,0.000111894544,0,0.000111894544
8,contact-iteration,1,3.326471e-05,33.070488,33.070522,4.2805914e-06,0.00010102832,206,206,52,16,-0.00017827621,0,-0.00017827621
8,contact-iteration,2,1.3850835e-05,33.070488,33.070503,7.353425e-06,0.00010102832,206,206,52,16,-1.9413874e-05,0,-1.9413874e-05
8,contact-iteration,3,1.084434e-05,33.070488,33.0705,1.0181493e-05,0.00010102832,206,206,52,16,-3.006495e-06,0,-3.006495e-06
8,contact-iteration,4,9.673654e-06,33.070488,33.0705,1.2836601e-05,0.00010102832,206,206,52,16,-1.170686e-06,0,-1.170686e-06
8,contact-iteration,5,8.782879e-06,33.070488,33.0705,1.5330226e-05,0.00010102832,206,206,52,16,-8.9077406e-07,0,-8.9077406e-07
8,contact-iteration,6,7.994778e-06,33.070488,33.070496,1.7667002e-05,0.00010102832,206,206,52,16,-7.881016e-07,0,-7.881016e-07
8,contact-iteration,7,7.272561e-06,33.070488,33.070496,1.985206e-05,0.00010102832,206,206,52,16,-7.22217e-07,0,-7.22217e-07
8,contact-iteration,8,6.608794e-06,33.070488,33.070496,2.1891201e-05,0.00010102832,206,206,52,16,-6.6376674e-07,0,-6.6376674e-07
8,contact-iteration,9,6.0002985e-06,33.070488,33.070496,2.3790355e-05,0.00010102832,206,206,52,16,-6.0849567e-07,0,-6.0849567e-07
8,contact-iteration,10,5.4445163e-06,33.070488,33.070496,2.5555253e-05,0.00010102832,206,206,52,16,-5.5578244e-07,0,-5.5578244e-07
8,contact-iteration,11,4.938459e-06,33.070488,33.070496,2.7191369e-05,0.00010102832,206,206,52,16,-5.060572e-07,0,-5.060572e-07
8,contact-iteration,12,4.4786084e-06,33.070488,33.070496,2.8703987e-05,0.00010102832,206,206,52,16,-4.598506e-07,0,-4.598506e-07
8,restitution,0,4.4786084e-06,33.070488,33.070496,2.8703987e-05,0.00010102832,206,206,52,16,0,0,0
8,shock,0,3.7462e-06,33.070488,33.07049,2.8703987e-05,0.00010102832,206,206,52,16,-7.3240835e-07,0,-7.3240835e-07
8,rest-damping,0,3.7462e-06,33.070488,33.07049,2.8703987e-05,0.00010102832,206,206,52,16,0,0,0
8,pose-drift,0,3.7461373e-06,33.070488,33.07049,0,0.00010102832,206,206,52,16,-6.264978e-11,1.6625509e-07,1.6619244e-07
8,split-counterfactual,0,3.7461373e-06,33.070488,33.07049,0,0,0,0,0,0,5.4830137e-16,2.8263365e-05,2.8263365e-05
8,finish,0,3.7461373e-06,33.070488,33.07049,0,0.00010102832,206,206,52,16,0,0,0
9,start,0,3.7461373e-06,33.070488,33.07049,0,0.00010102832,206,206,52,16,0,0,0
9,gravity-kick,0,9.864371e-05,33.070488,33.070587,0,0.00010102832,206,206,52,16,9.489757e-05,0,9.489757e-05
9,collide,0,9.864371e-05,33.070488,33.070587,0,0.00010100413,206,206,0,0,0,0,0
9,warm-start,0,0.00023306145,33.070488,33.070724,0,0.00010100413,206,206,52,16,0.00013441774,0,0.00013441774
9,contact-iteration,1,3.503367e-05,33.070488,33.070526,4.2817383e-06,0.00010100413,206,206,52,16,-0.00019802777,0,-0.00019802777
9,contact-iteration,2,1.3290946e-05,33.070488,33.070503,7.3532747e-06,0.00010100413,206,206,52,16,-2.1742724e-05,0,-2.1742724e-05
9,contact-iteration,3,1.0075812e-05,33.070488,33.0705,1.0178365e-05,0.00010100413,206,206,52,16,-3.2151347e-06,0,-3.2151347e-06
9,contact-iteration,4,8.9453515e-06,33.070488,33.0705,1.2829014e-05,0.00010100413,206,206,52,16,-1.1304603e-06,0,-1.1304603e-06
9,contact-iteration,5,8.121563e-06,33.070488,33.0705,1.531711e-05,0.00010100413,206,206,52,16,-8.237889e-07,0,-8.237889e-07
9,contact-iteration,6,7.3955425e-06,33.070488,33.070496,1.7647704e-05,0.00010100413,206,206,52,16,-7.260199e-07,0,-7.260199e-07
9,contact-iteration,7,6.7310816e-06,33.070488,33.070496,1.9826286e-05,0.00010100413,206,206,52,16,-6.64461e-07,0,-6.64461e-07
9,contact-iteration,8,6.1200703e-06,33.070488,33.070496,2.1858921e-05,0.00010100413,206,206,52,16,-6.110113e-07,0,-6.110113e-07
9,contact-iteration,9,5.559196e-06,33.070488,33.070496,2.3751723e-05,0.00010100413,206,206,52,16,-5.608743e-07,0,-5.608743e-07
9,contact-iteration,10,5.0461063e-06,33.070488,33.070496,2.551054e-05,0.00010100413,206,206,52,16,-5.130897e-07,0,-5.130897e-07
9,contact-iteration,11,4.5784013e-06,33.070488,33.070496,2.7140915e-05,0.00010100413,206,206,52,16,-4.67705e-07,0,-4.67705e-07
9,contact-iteration,12,4.153084e-06,33.070488,33.070496,2.864816e-05,0.00010100413,206,206,52,16,-4.2531738e-07,0,-4.2531738e-07
9,restitution,0,4.153084e-06,33.070488,33.070496,2.864816e-05,0.00010100413,206,206,52,16,0,0,0
9,shock,0,3.4751665e-06,33.070488,33.07049,2.8648163e-05,0.00010100413,206,206,52,16,-6.779174e-07,0,-6.779174e-07
9,rest-damping,0,3.4751665e-06,33.070488,33.07049,2.8648163e-05,0.00010100413,206,206,52,16,0,0,0
9,pose-drift,0,3.4751085e-06,33.07049,33.070496,0,0.00010100413,206,206,52,16,-5.8170885e-11,6.650203e-07,6.6496216e-07
9,split-counterfactual,0,3.4751085e-06,33.07049,33.070496,0,0,0,0,0,0,9.719529e-16,2.7764598e-05,2.7764598e-05
9,finish,0,3.4751085e-06,33.07049,33.070496,0,0.00010100413,206,206,52,16,0,0,0
10,start,0,3.4751085e-06,33.07049,33.070496,0,0.00010100413,206,206,52,16,0,0,0
10,gravity-kick,0,9.730399e-05,33.07049,33.070587,0,0.00010100413,206,206,52,16,9.382889e-05,0,9.382889e-05
10,collide,0,9.730399e-05,33.07049,33.070587,0,0.0001010117,206,206,0,0,0,0,0
10,warm-start,0,0.00023376638,33.07049,33.070724,0,0.0001010117,206,206,52,16,0.00013646239,0,0.00013646239
10,contact-iteration,1,3.46095e-05,33.07049,33.070526,4.2581537e-06,0.0001010117,206,206,52,16,-0.00019915687,0,-0.00019915687
10,contact-iteration,2,1.2806491e-05,33.07049,33.070503,7.29192e-06,0.0001010117,206,206,52,16,-2.1803009e-05,0,-2.1803009e-05
10,contact-iteration,3,9.625404e-06,33.07049,33.0705,1.0071796e-05,0.0001010117,206,206,52,16,-3.1810866e-06,0,-3.1810866e-06
10,contact-iteration,4,8.528777e-06,33.07049,33.0705,1.2672125e-05,0.0001010117,206,206,52,16,-1.0966277e-06,0,-1.0966277e-06
10,contact-iteration,5,7.74611e-06,33.07049,33.0705,1.5106314e-05,0.0001010117,206,206,52,16,-7.8266663e-07,0,-7.8266663e-07
10,contact-iteration,6,7.054206e-06,33.07049,33.070496,1.7380651e-05,0.0001010117,206,206,52,16,-6.919041e-07,0,-6.919041e-07
10,contact-iteration,7,6.421181e-06,33.07049,33.070496,1.950149e-05,0.0001010117,206,206,52,16,-6.3302525e-07,0,-6.3302525e-07
10,contact-iteration,8,5.8391374e-06,33.07049,33.070496,2.1475522e-05,0.0001010117,206,206,52,16,-5.820434e-07,0,-5.820434e-07
10,contact-iteration,9,5.3047515e-06,33.07049,33.070496,2.330933e-05,0.0001010117,206,206,52,16,-5.343859e-07,0,-5.343859e-07
10,contact-iteration,10,4.8158327e-06,33.07049,33.070496,2.5009182e-05,0.0001010117,206,206,52,16,-4.8891866e-07,0,-4.8891866e-07
10,contact-iteration,11,4.3702594e-06,33.07049,33.070496,2.6581012e-05,0.0001010117,206,206,52,16,-4.4557333e-07,0,-4.4557333e-07
10,contact-iteration,12,3.964998e-06,33.07049,33.070496,2.8030525e-05,0.0001010117,206,206,52,16,-4.0526155e-07,0,-4.0526155e-07
10,restitution,0,3.964998e-06,33.07049,33.070496,2.8030525e-05,0.0001010117,206,206,52,16,0,0,0
10,shock,0,3.3185042e-06,33.07049,33.07049,2.8030525e-05,0.0001010117,206,206,52,16,-6.4649356e-07,0,-6.4649356e-07
10,rest-damping,0,3.3185042e-06,33.07049,33.07049,2.8030525e-05,0.0001010117,206,206,52,16,0,0,0
10,pose-drift,0,3.318449e-06,33.07049,33.070496,0,0.0001010117,206,206,52,16,-5.543426e-11,4.9876525e-07,4.987098e-07
10,split-counterfactual,0,3.318449e-06,33.07049,33.070496,0,0,0,0,0,0,-1.4770137e-16,2.7099579e-05,2.7099579e-05
10,finish,0,3.318449e-06,33.07049,33.070496,0,0.0001010117,206,206,52,16,0,0,0
11,start,0,3.318449e-06,33.07049,33.070496,0,0.0001010117,206,206,52,16,0,0,0
11,gravity-kick,0,9.650505e-05,33.07049,33.070587,0,0.0001010117,206,206,52,16,9.31866e-05,0,9.31866e-05
11,collide,0,9.650505e-05,33.07049,33.070587,0,0.00010100238,206,206,0,0,0,0,0
11,warm-start,0,0.00022802711,33.07049,33.07072,0,0.00010100238,206,206,52,16,0.00013152207,0,0.00013152207
11,contact-iteration,1,3.392817e-05,33.07049,33.070526,4.214457e-06,0.00010100238,206,206,52,16,-0.00019409895,0,-0.00019409895
11,contact-iteration,2,1.2556497e-05,33.07049,33.070503,7.231291e-06,0.00010100238,206,206,52,16,-2.137167e-05,0,-2.137167e-05
11,contact-iteration,3,9.444949e-06,33.07049,33.0705,1.0004675e-05,0.00010100238,206,206,52,16,-3.1115478e-06,0,-3.1115478e-06
11,contact-iteration,4,8.370832e-06,33.07049,33.0705,1.2605e-05,0.00010100238,206,206,52,16,-1.0741164e-06,0,-1.0741164e-06
11,contact-iteration,5,7.60153e-06,33.07049,33.0705,1.5044254e-05,0.00010100238,206,206,52,16,-7.693021e-07,0,-7.693021e-07
11,contact-iteration,6,6.9224743e-06,33.07049,33.0705,1.7327779e-05,0.00010100238,206,206,52,16,-6.790558e-07,0,-6.790558e-07
11,contact-iteration,7,6.3010366e-06,33.07049,33.070496,1.9461266e-05,0.00010100238,206,206,52,16,-6.2143755e-07,0,-6.2143755e-07
11,contact-iteration,8,5.7295947e-06,33.07049,33.070496,2.1450904e-05,0.00010100238,206,206,52,16,-5.7144206e-07,0,-5.7144206e-07
11,contact-iteration,9,5.2049854e-06,33.07049,33.070496,2.3302862e-05,0.00010100238,206,206,52,16,-5.246092e-07,0,-5.246092e-07
11,contact-iteration,10,4.7251306e-06,33.07049,33.070496,2.5023017e-05,0.00010100238,206,206,52,16,-4.7985486e-07,0,-4.7985486e-07
11,contact-iteration,11,4.287934e-06,33.07049,33.070496,2.6616923e-05,0.00010100238,206,206,52,16,-4.371962e-07,0,-4.371962e-07
11,contact-iteration,12,3.890252e-06,33.07049,33.070496,2.8089895e-05,0.00010100238,206,206,52,16,-3.9768227e-07,0,-3.9768224e-07
11,restitution,0,3.890252e-06,33.07049,33.070496,2.8089895e-05,0.00010100238,206,206,52,16,0,0,0
11,shock,0,3.2562925e-06,33.07049,33.070496,2.8089895e-05,0.00010100238,206,206,52,16,-6.3395953e-07,0,-6.3395953e-07
11,rest-damping,0,3.2562925e-06,33.07049,33.070496,2.8089895e-05,0.00010100238,206,206,52,16,0,0,0
11,pose-drift,0,3.256238e-06,33.07049,33.070496,0,0.00010100238,206,206,52,16,-5.4490894e-11,1.1637856e-06,1.1637311e-06
11,split-counterfactual,0,3.256238e-06,33.07049,33.070496,0,0,0,0,0,0,1.609964e-16,2.7432088e-05,2.7432088e-05
11,finish,0,3.256238e-06,33.07049,33.070496,0,0.00010100238,206,206,52,16,0,0,0
12,start,0,3.256238e-06,33.07049,33.070496,0,0.00010100238,206,206,52,16,0,0,0
12,gravity-kick,0,9.618593e-05,33.07049,33.070587,0,0.00010100238,206,206,52,16,9.2929695e-05,0,9.2929695e-05
12,collide,0,9.618593e-05,33.07049,33.070587,0,0.000101002894,206,206,0,0,0,0,0
12,warm-start,0,0.00022489707,33.07049,33.070717,0,0.000101002894,206,206,52,16,0.00012871114,0,0.00012871114
12,contact-iteration,1,3.345046e-05,33.07049,33.070526,4.1957715e-06,0.000101002894,206,206,52,16,-0.00019144661,0,-0.00019144661
12,contact-iteration,2,1.2462878e-05,33.07049,33.070503,7.1939567e-06,0.000101002894,206,206,52,16,-2.098758e-05,0,-2.098758e-05
12,contact-iteration,3,9.390915e-06,33.07049,33.0705,9.949419e-06,0.000101002894,206,206,52,16,-3.0719632e-06,0,-3.0719632e-06
12,contact-iteration,4,8.326768e-06,33.07049,33.0705,1.2532799e-05,0.000101002894,206,206,52,16,-1.0641476e-06,0,-1.0641476e-06
12,contact-iteration,5,7.560652e-06,33.07049,33.0705,1.4956024e-05,0.000101002894,206,206,52,16,-7.66115e-07,0,-7.66115e-07
12,contact-iteration,6,6.884302e-06,33.07049,33.0705,1.722434e-05,0.000101002894,206,206,52,16,-6.763506e-07,0,-6.763506e-07
12,contact-iteration,7,6.2655013e-06,33.07049,33.0705,1.9343406e-05,0.000101002894,206,206,52,16,-6.188007e-07,0,-6.188007e-07
12,contact-iteration,8,5.696694e-06,33.07049,33.0705,2.1319409e-05,0.000101002894,206,206,52,16,-5.6880685e-07,0,-5.6880685e-07
12,contact-iteration,9,5.17488e-06,33.07049,33.070496,2.31585e-05,0.000101002894,206,206,52,16,-5.2181446e-07,0,-5.2181446e-07
12,contact-iteration,10,4.6977325e-06,33.07049,33.070496,2.486651e-05,0.000101002894,206,206,52,16,-4.771472e-07,0,-4.771472e-07
12,contact-iteration,11,4.2627166e-06,33.07049,33.070496,2.6448908e-05,0.000101002894,206,206,52,16,-4.3501586e-07,0,-4.3501586e-07
12,contact-iteration,12,3.8670796e-06,33.07049,33.070496,2.7910926e-05,0.000101002894,206,206,52,16,-3.9563733e-07,0,-3.9563733e-07
12,restitution,0,3.8670796e-06,33.07049,33.070496,2.7910926e-05,0.000101002894,206,206,52,16,0,0,0
12,shock,0,3.2369837e-06,33.07049,33.070496,2.7910926e-05,0.000101002894,206,206,52,16,-6.3009566e-07,0,-6.3009566e-07
12,rest-damping,0,3.2369837e-06,33.07049,33.070496,2.7910926e-05,0.000101002894,206,206,52,16,0,0,0
12,pose-drift,0,3.2369298e-06,33.07049,33.070496,0,0.000101002894,206,206,52,16,-5.4083044e-11,1.1637856e-06,1.1637314e-06
12,split-counterfactual,0,3.2369298e-06,33.07049,33.070496,0,0,0,0,0,0,1.1316326e-15,2.7432088e-05,2.7432088e-05
12,finish,0,3.2369298e-06,33.07049,33.070496,0,0.000101002894,206,206,52,16,0,0,0
13,start,0,3.2369298e-06,33.07049,33.070496,0,0.000101002894,206,206,52,16,0,0,0
13,gravity-kick,0,9.6092255e-05,33.07049,33.07059,0,0.000101002894,206,206,52,16,9.285533e-05,0,9.285533e-05
13,collide,0,9.6092255e-05,33.07049,33.07059,0,0.000101003054,206,206,0,0,0,0,0
13,warm-start,0,0.00022287048,33.07049,33.070717,0,0.000101003054,206,206,52,16,0.00012677824,0,0.00012677824
13,contact-iteration,1,3.3237025e-05,33.07049,33.070526,4.257099e-06,0.000101003054,206,206,52,16,-0.00018963346,0,-0.00018963346
13,contact-iteration,2,1.2402082e-05,33.07049,33.070507,7.29905e-06,0.000101003054,206,206,52,16,-2.0834945e-05,0,-2.0834945e-05
13,contact-iteration,3,9.370304e-06,33.07049,33.070503,1.0089779e-05,0.000101003054,206,206,52,16,-3.0317776e-06,0,-3.0317776e-06
13,contact-iteration,4,8.312665e-06,33.07049,33.070503,1.2701435e-05,0.000101003054,206,206,52,16,-1.0576389e-06,0,-1.0576389e-06
13,contact-iteration,5,7.5510143e-06,33.07049,33.0705,1.5146683e-05,0.000101003054,206,206,52,16,-7.616509e-07,0,-7.616509e-07
13,contact-iteration,6,6.876684e-06,33.07049,33.0705,1.7431645e-05,0.000101003054,206,206,52,16,-6.7433047e-07,0,-6.7433047e-07
13,contact-iteration,7,6.259689e-06,33.07049,33.0705,1.9562774e-05,0.000101003054,206,206,52,16,-6.169946e-07,0,-6.169946e-07
13,contact-iteration,8,5.692356e-06,33.07049,33.0705,2.154692e-05,0.000101003054,206,206,52,16,-5.673335e-07,0,-5.673335e-07
13,contact-iteration,9,5.17164e-06,33.07049,33.0705,2.3390812e-05,0.000101003054,206,206,52,16,-5.2071545e-07,0,-5.2071545e-07
13,contact-iteration,10,4.6953855e-06,33.07049,33.0705,2.5100793e-05,0.000101003054,206,206,52,16,-4.7625474e-07,0,-4.7625474e-07
13,contact-iteration,11,4.261334e-06,33.07049,33.070496,2.6682806e-05,0.000101003054,206,206,52,16,-4.340514e-07,0,-4.340514e-07
13,contact-iteration,12,3.866515e-06,33.07049,33.070496,2.8142511e-05,0.000101003054,206,206,52,16,-3.9481932e-07,0,-3.9481932e-07
13,restitution,0,3.866515e-06,33.07049,33.070496,2.8142511e-05,0.000101003054,206,206,52,16,0,0,0
13,shock,0,3.2367004e-06,33.07049,33.070496,2.8142511e-05,0.000101003054,206,206,52,16,-6.298145e-07,0,-6.298145e-07
13,rest-damping,0,3.2367004e-06,33.07049,33.070496,2.8142511e-05,0.000101003054,206,206,52,16,0,0,0
13,pose-drift,0,3.2366463e-06,33.070496,33.0705,0,0.000101003054,206,206,52,16,-5.4083387e-11,1.995061e-06,1.9950069e-06
13,split-counterfactual,0,3.2366463e-06,33.070496,33.0705,0,0,0,0,0,0,-4.2533505e-16,2.7930853e-05,2.7930853e-05
13,finish,0,3.2366463e-06,33.070496,33.0705,0,0.000101003054,206,206,52,16,0,0,0
14,start,0,3.2366463e-06,33.070496,33.0705,0,0.000101003054,206,206,52,16,0,0,0
14,gravity-kick,0,9.608086e-05,33.070496,33.07059,0,0.000101003054,206,206,52,16,9.284422e-05,0,9.284422e-05
14,collide,0,9.608086e-05,33.070496,33.07059,0,0.000101039375,206,206,0,0,0,0,0
14,warm-start,0,0.00022021588,33.070496,33.070717,0,0.000101039375,206,206,52,16,0.00012413501,0,0.00012413501
14,contact-iteration,1,3.30111e-05,33.070496,33.07053,4.2295196e-06,0.000101039375,206,206,52,16,-0.00018720477,0,-0.00018720477
14,contact-iteration,2,1.2355496e-05,33.070496,33.070507,7.259667e-06,0.000101039375,206,206,52,16,-2.0655603e-05,0,-2.0655603e-05
14,contact-iteration,3,9.345273e-06,33.070496,33.070503,1.0047849e-05,0.000101039375,206,206,52,16,-3.0102237e-06,0,-3.0102237e-06
14,contact-iteration,4,8.292199e-06,33.070496,33.070503,1.2663591e-05,0.000101039375,206,206,52,16,-1.0530744e-06,0,-1.0530744e-06
14,contact-iteration,5,7.5309827e-06,33.070496,33.070503,1.5117832e-05,0.000101039375,206,206,52,16,-7.612161e-07,0,-7.612161e-07
14,contact-iteration,6,6.858911e-06,33.070496,33.070503,1.741533e-05,0.000101039375,206,206,52,16,-6.7207156e-07,0,-6.7207156e-07
14,contact-iteration,7,6.243605e-06,33.070496,33.0705,1.9561594e-05,0.000101039375,206,206,52,16,-6.153058e-07,0,-6.153058e-07
14,contact-iteration,8,5.677787e-06,33.070496,33.0705,2.1562844e-05,0.000101039375,206,206,52,16,-5.658182e-07,0,-5.658182e-07
14,contact-iteration,9,5.158497e-06,33.070496,33.0705,2.3425388e-05,0.000101039375,206,206,52,16,-5.1928987e-07,0,-5.1928987e-07
14,contact-iteration,10,4.683719e-06,33.070496,33.0705,2.5155254e-05,0.000101039375,206,206,52,16,-4.74778e-07,0,-4.74778e-07
14,contact-iteration,11,4.2510483e-06,33.070496,33.0705,2.6758133e-05,0.000101039375,206,206,52,16,-4.3267076e-07,0,-4.326708e-07
14,contact-iteration,12,3.857557e-06,33.070496,33.0705,2.823944e-05,0.000101039375,206,206,52,16,-3.9349106e-07,0,-3.9349106e-07
14,restitution,0,3.857557e-06,33.070496,33.0705,2.823944e-05,0.000101039375,206,206,52,16,0,0,0
14,shock,0,3.2302341e-06,33.070496,33.0705,2.823944e-05,0.000101039375,206,206,52,16,-6.2732323e-07,0,-6.2732323e-07
14,rest-damping,0,3.2302341e-06,33.070496,33.0705,2.823944e-05,0.000101039375,206,206,52,16,0,0,0
14,pose-drift,0,3.23018e-06,33.070496,33.0705,0,0.000101039375,206,206,52,16,-5.4027602e-11,1.8288059e-06,1.8287519e-06
14,split-counterfactual,0,3.23018e-06,33.070496,33.0705,0,0,0,0,0,0,5.787382e-16,2.7764598e-05,2.7764598e-05
14,finish,0,3.23018e-06,33.070496,33.0705,0,0.000101039375,206,206,52,16,0,0,0
15,start,0,3.23018e-06,33.070496,33.0705,0,0.000101039375,206,206,52,16,0,0,0
15,gravity-kick,0,9.603324e-05,33.070496,33.070595,0,0.000101039375,206,206,52,16,9.280306e-05,0,9.280306e-05
15,collide,0,9.603324e-05,33.070496,33.070595,0,0.000101004225,206,206,0,0,0,0,0
15,warm-start,0,0.00022029545,33.070496,33.070717,0,0.000101004225,206,206,52,16,0.00012426221,0,0.00012426221
15,contact-iteration,1,3.2858614e-05,33.070496,33.07053,4.2060924e-06,0.000101004225,206,206,52,16,-0.00018743685,0,-0.00018743685
15,contact-iteration,2,1.23057835e-05,33.070496,33.07051,7.2084817e-06,0.000101004225,206,206,52,16,-2.055283e-05,0,-2.055283e-05
15,contact-iteration,3,9.29948e-06,33.070496,33.070507,9.967146e-06,0.000101004225,206,206,52,16,-3.0063043e-06,0,-3.0063043e-06
15,contact-iteration,4,8.249958e-06,33.070496,33.070507,1.2552911e-05,0.000101004225,206,206,52,16,-1.0495212e-06,0,-1.0495212e-06
15,contact-iteration,5,7.4916334e-06,33.070496,33.070503,1.4977601e-05,0.000101004225,206,206,52,16,-7.5832475e-07,0,-7.5832475e-07
15,contact-iteration,6,6.8222275e-06,33.070496,33.070503,1.7246488e-05,0.000101004225,206,206,52,16,-6.69406e-07,0,-6.69406e-07
15,contact-iteration,7,6.210012e-06,33.070496,33.070503,1.9365327e-05,0.000101004225,206,206,52,16,-6.1221556e-07,0,-6.1221556e-07
15,contact-iteration,8,5.647158e-06,33.070496,33.070503,2.1340442e-05,0.000101004225,206,206,52,16,-5.628537e-07,0,-5.628537e-07
15,contact-iteration,9,5.1305856e-06,33.070496,33.070503,2.3178147e-05,0.000101004225,206,206,52,16,-5.1657247e-07,0,-5.1657247e-07
15,contact-iteration,10,4.658275e-06,33.070496,33.070503,2.4884463e-05,0.000101004225,206,206,52,16,-4.7231072e-07,0,-4.7231072e-07
15,contact-iteration,11,4.227897e-06,33.070496,33.0705,2.6465046e-05,0.000101004225,206,206,52,16,-4.3037795e-07,0,-4.3037795e-07
15,contact-iteration,12,3.8365015e-06,33.070496,33.0705,2.7925296e-05,0.000101004225,206,206,52,16,-3.913958e-07,0,-3.913958e-07
15,restitution,0,3.8365015e-06,33.070496,33.0705,2.7925296e-05,0.000101004225,206,206,52,16,0,0,0
15,shock,0,3.2127132e-06,33.070496,33.0705,2.7925296e-05,0.000101004225,206,206,52,16,-6.2378797e-07,0,-6.2378797e-07
15,rest-damping,0,3.2127132e-06,33.070496,33.0705,2.7925296e-05,0.000101004225,206,206,52,16,0,0,0
15,pose-drift,0,3.2126595e-06,33.0705,33.070503,0,0.000101004225,206,206,52,16,-5.3731995e-11,1.4962957e-06,1.496242e-06
15,split-counterfactual,0,3.2126595e-06,33.0705,33.070503,0,0,0,0,0,0,5.3742843e-16,2.7432088e-05,2.7432088e-05
15,finish,0,3.2126595e-06,33.0705,33.070503,0,0.000101004225,206,206,52,16,0,0,0
16,start,0,3.2126595e-06,33.0705,33.070503,0,0.000101004225,206,206,52,16,0,0,0
16,gravity-kick,0,9.593469e-05,33.0705,33.070595,0,0.000101004225,206,206,52,16,9.2722024e-05,0,9.2722024e-05
16,collide,0,9.593469e-05,33.0705,33.070595,0,0.00010100472,206,206,0,0,0,0,0
16,warm-start,0,0.00021986509,33.0705,33.070717,0,0.00010100472,206,206,52,16,0.00012393041,0,0.00012393041
16,contact-iteration,1,3.2694632e-05,33.0705,33.07053,4.176315e-06,0.00010100472,206,206,52,16,-0.00018717047,0,-0.00018717047
16,contact-iteration,2,1.2233348e-05,33.0705,33.07051,7.137891e-06,0.00010100472,206,206,52,16,-2.0461282e-05,0,-2.0461282e-05
16,contact-iteration,3,9.240716e-06,33.0705,33.070507,9.848722e-06,0.00010100472,206,206,52,16,-2.9926316e-06,0,-2.9926316e-06
16,contact-iteration,4,8.1960325e-06,33.0705,33.070507,1.2379385e-05,0.00010100472,206,206,52,16,-1.0446842e-06,0,-1.0446842e-06
16,contact-iteration,5,7.44729e-06,33.0705,33.070507,1.4741167e-05,0.00010100472,206,206,52,16,-7.48742e-07,0,-7.48742e-07
16,contact-iteration,6,6.7834694e-06,33.0705,33.070507,1.6940101e-05,0.00010100472,206,206,52,16,-6.6382074e-07,0,-6.6382074e-07
16,contact-iteration,7,6.1753226e-06,33.0705,33.070503,1.8982908e-05,0.00010100472,206,206,52,16,-6.0814654e-07,0,-6.0814654e-07
16,contact-iteration,8,5.616238e-06,33.0705,33.070503,2.0876661e-05,0.00010100472,206,206,52,16,-5.5908475e-07,0,-5.5908475e-07
16,contact-iteration,9,5.1032102e-06,33.0705,33.070503,2.2628243e-05,0.00010100472,206,206,52,16,-5.1302754e-07,0,-5.1302754e-07
16,contact-iteration,10,4.634258e-06,33.0705,33.070503,2.4244187e-05,0.00010100472,206,206,52,16,-4.6895246e-07,0,-4.6895246e-07
16,contact-iteration,11,4.2068427e-06,33.0705,33.070503,2.5730775e-05,0.00010100472,206,206,52,16,-4.274151e-07,0,-4.274151e-07
16,contact-iteration,12,3.818098e-06,33.0705,33.070503,2.7094069e-05,0.00010100472,206,206,52,16,-3.8874484e-07,0,-3.8874487e-07
16,restitution,0,3.818098e-06,33.0705,33.070503,2.7094069e-05,0.00010100472,206,206,52,16,0,0,0
16,shock,0,3.19749e-06,33.0705,33.070503,2.7094069e-05,0.00010100472,206,206,52,16,-6.20608e-07,0,-6.20608e-07
16,rest-damping,0,3.19749e-06,33.0705,33.070503,2.7094069e-05,0.00010100472,206,206,52,16,0,0,0
16,pose-drift,0,3.1974364e-06,33.0705,33.070503,0,0.00010100472,206,206,52,16,-5.3576334e-11,4.9876525e-07,4.9871164e-07
16,split-counterfactual,0,3.1974364e-06,33.0705,33.070503,0,0,0,0,0,0,7.5979406e-16,2.6434558e-05,2.6434558e-05
16,finish,0,3.1974364e-06,33.0705,33.070503,0,0.00010100472,206,206,52,16,0,0,0
17,start,0,3.1974364e-06,33.0705,33.070503,0,0.00010100472,206,206,52,16,0,0,0
17,gravity-kick,0,9.584158e-05,33.0705,33.070595,0,0.00010100472,206,206,52,16,9.264414e-05,0,9.264414e-05
17,collide,0,9.584158e-05,33.0705,33.070595,0,0.00010100355,206,206,0,0,0,0,0
17,warm-start,0,0.00017706712,33.0705,33.070675,0,0.00010100355,206,206,52,16,8.122554e-05,0,8.122554e-05
17,contact-iteration,1,2.9366083e-05,33.0705,33.07053,4.1510007e-06,0.00010100355,206,206,52,16,-0.00014770104,0,-0.00014770104
17,contact-iteration,2,1.3293367e-05,33.0705,33.07051,7.0938827e-06,0.00010100355,206,206,52,16,-1.6072716e-05,0,-1.6072716e-05
17,contact-iteration,3,1.0562015e-05,33.0705,33.07051,9.792348e-06,0.00010100355,206,206,52,16,-2.7313529e-06,0,-2.7313529e-06
17,contact-iteration,4,9.429656e-06,33.0705,33.070507,1.2318476e-05,0.00010100355,206,206,52,16,-1.1323586e-06,0,-1.1323586e-06
17,contact-iteration,5,8.513429e-06,33.0705,33.070507,1.4684841e-05,0.00010100355,206,206,52,16,-9.16227e-07,0,-9.16227e-07
17,contact-iteration,6,7.7265795e-06,33.0705,33.070507,1.6897347e-05,0.00010100355,206,206,52,16,-7.8684934e-07,0,-7.8684934e-07
17,contact-iteration,7,7.012757e-06,33.0705,33.070507,1.8962293e-05,0.00010100355,206,206,52,16,-7.138227e-07,0,-7.138227e-07
17,contact-iteration,8,6.3623015e-06,33.0705,33.070507,2.088642e-05,0.00010100355,206,206,52,16,-6.5045566e-07,0,-6.5045566e-07
17,contact-iteration,9,5.770328e-06,33.0705,33.070503,2.267634e-05,0.00010100355,206,206,52,16,-5.9197333e-07,0,-5.9197333e-07
17,contact-iteration,10,5.232495e-06,33.0705,33.070503,2.433824e-05,0.00010100355,206,206,52,16,-5.37833e-07,0,-5.37833e-07
17,contact-iteration,11,4.7444955e-06,33.0705,33.070503,2.5877836e-05,0.00010100355,206,206,52,16,-4.8799944e-07,0,-4.8799944e-07
17,contact-iteration,12,4.302105e-06,33.0705,33.070503,2.7300497e-05,0.00010100355,206,206,52,16,-4.423904e-07,0,-4.423904e-07
17,restitution,0,4.302105e-06,33.0705,33.070503,2.7300497e-05,0.00010100355,206,206,52,16,0,0,0
17,shock,0,3.599562e-06,33.0705,33.070503,2.7300497e-05,0.00010100355,206,206,52,16,-7.025433e-07,0,-7.025433e-07
17,rest-damping,0,3.599562e-06,33.0705,33.070503,2.7300497e-05,0.00010100355,206,206,52,16,0,0,0
17,pose-drift,0,3.5995017e-06,33.0705,33.070503,0,0.00010100355,206,206,52,16,-6.008733e-11,-6.650203e-07,-6.650804e-07
17,split-counterfactual,0,3.5995017e-06,33.0705,33.070503,0,0,0,0,0,0,4.9591577e-16,2.6933323e-05,2.6933323e-05
17,finish,0,3.5995017e-06,33.0705,33.070503,0,0.00010100355,206,206,52,16,0,0,0
18,start,0,3.5995017e-06,33.0705,33.070503,0,0.00010100355,206,206,52,16,0,0,0
18,gravity-kick,0,9.788364e-05,33.0705,33.070595,0,0.00010100355,206,206,52,16,9.4284136e-05,0,9.4284136e-05
18,collide,0,9.788364e-05,33.0705,33.070595,0,0.00010100306,206,206,0,0,0,0,0
18,warm-start,0,0.00019182531,33.0705,33.07069,0,0.00010100306,206,206,52,16,9.394168e-05,0,9.394168e-05
18,contact-iteration,1,3.1227195e-05,33.0705,33.07053,4.165589e-06,0.00010100306,206,206,52,16,-0.00016059812,0,-0.00016059812
18,contact-iteration,2,1.3282958e-05,33.0705,33.07051,7.1270265e-06,0.00010100306,206,206,52,16,-1.7944238e-05,0,-1.7944238e-05
18,contact-iteration,3,1.0471174e-05,33.0705,33.070507,9.845669e-06,0.00010100306,206,206,52,16,-2.811784e-06,0,-2.811784e-06
18,contact-iteration,4,9.350727e-06,33.0705,33.070507,1.2393036e-05,0.00010100306,206,206,52,16,-1.120447e-06,0,-1.120447e-06
18,contact-iteration,5,8.486016e-06,33.0705,33.070507,1.4781285e-05,0.00010100306,206,206,52,16,-8.647112e-07,0,-8.647112e-07
18,contact-iteration,6,7.720238e-06,33.0705,33.070507,1.7015871e-05,0.00010100306,206,206,52,16,-7.6577845e-07,0,-7.6577845e-07
18,contact-iteration,7,7.0190044e-06,33.0705,33.070507,1.9102634e-05,0.00010100306,206,206,52,16,-7.012331e-07,0,-7.012331e-07
18,contact-iteration,8,6.3761254e-06,33.0705,33.070503,2.104792e-05,0.00010100306,206,206,52,16,-6.4287906e-07,0,-6.4287906e-07
18,contact-iteration,9,5.78799e-06,33.0705,33.070503,2.2858027e-05,0.00010100306,206,206,52,16,-5.881351e-07,0,-5.881351e-07
18,contact-iteration,10,5.2515747e-06,33.0705,33.070503,2.4538926e-05,0.00010100306,206,206,52,16,-5.3641514e-07,0,-5.3641514e-07
18,contact-iteration,11,4.763702e-06,33.0705,33.070503,2.6096202e-05,0.00010100306,206,206,52,16,-4.8787336e-07,0,-4.878733e-07
18,contact-iteration,12,4.3206646e-06,33.0705,33.070503,2.7535167e-05,0.00010100306,206,206,52,16,-4.430372e-07,0,-4.430372e-07
18,restitution,0,4.3206646e-06,33.0705,33.070503,2.7535167e-05,0.00010100306,206,206,52,16,0,0,0
18,shock,0,3.6158453e-06,33.0705,33.070503,2.7535167e-05,0.00010100306,206,206,52,16,-7.04819e-07,0,-7.0481894e-07
18,rest-damping,0,3.6158453e-06,33.0705,33.070503,2.7535167e-05,0.00010100306,206,206,52,16,0,0,0
18,pose-drift,0,3.615785e-06,33.0705,33.0705,0,0.00010100306,206,206,52,16,-6.0420835e-11,-6.650203e-07,-6.6508073e-07
18,split-counterfactual,0,3.615785e-06,33.0705,33.0705,0,0,0,0,0,0,-1.3706645e-16,2.6933323e-05,2.6933323e-05
18,finish,0,3.615785e-06,33.0705,33.0705,0,0.00010100306,206,206,52,16,0,0,0
19,start,0,3.615785e-06,33.0705,33.0705,0,0.00010100306,206,206,52,16,0,0,0
19,gravity-kick,0,9.796993e-05,33.0705,33.070595,0,0.00010100306,206,206,52,16,9.435415e-05,0,9.435415e-05
19,collide,0,9.796993e-05,33.0705,33.070595,0,0.00010100315,206,206,0,0,0,0,0
19,warm-start,0,0.00020586049,33.0705,33.0707,0,0.00010100315,206,206,52,16,0.00010789055,0,0.00010789055
19,contact-iteration,1,3.1943822e-05,33.0705,33.07053,4.1632074e-06,0.00010100315,206,206,52,16,-0.00017391666,0,-0.00017391666
19,contact-iteration,2,1.2917671e-05,33.0705,33.07051,7.114044e-06,0.00010100315,206,206,52,16,-1.902615e-05,0,-1.902615e-05
19,contact-iteration,3,1.0020397e-05,33.0705,33.070507,9.814247e-06,0.00010100315,206,206,52,16,-2.8972734e-06,0,-2.8972734e-06
19,contact-iteration,4,8.927896e-06,33.0705,33.070507,1.23370155e-05,0.00010100315,206,206,52,16,-1.0925019e-06,0,-1.0925019e-06
19,contact-iteration,5,8.106654e-06,33.0705,33.070507,1.46960965e-05,0.00010100315,206,206,52,16,-8.2124194e-07,0,-8.2124194e-07
19,contact-iteration,6,7.378584e-06,33.0705,33.070503,1.6898266e-05,0.00010100315,206,206,52,16,-7.2806955e-07,0,-7.2806955e-07
19,contact-iteration,7,6.7120145e-06,33.0705,33.070503,1.8950268e-05,0.00010100315,206,206,52,16,-6.665694e-07,0,-6.6656946e-07
19,contact-iteration,8,6.1000487e-06,33.0705,33.070503,2.0859048e-05,0.00010100315,206,206,52,16,-6.119659e-07,0,-6.119659e-07
19,contact-iteration,9,5.539553e-06,33.0705,33.070503,2.2631353e-05,0.00010100315,206,206,52,16,-5.6049555e-07,0,-5.6049555e-07
19,contact-iteration,10,5.028033e-06,33.0705,33.070503,2.4273526e-05,0.00010100315,206,206,52,16,-5.115202e-07,0,-5.115202e-07
19,contact-iteration,11,4.562395e-06,33.0705,33.070503,2.5791509e-05,0.00010100315,206,206,52,16,-4.656379e-07,0,-4.656379e-07
19,contact-iteration,12,4.1393164e-06,33.0705,33.070503,2.7190968e-05,0.00010100315,206,206,52,16,-4.2307857e-07,0,-4.2307857e-07
19,restitution,0,4.1393164e-06,33.0705,33.070503,2.7190968e-05,0.00010100315,206,206,52,16,0,0,0
19,shock,0,3.4653028e-06,33.0705,33.0705,2.7190967e-05,0.00010100315,206,206,52,16,-6.7401345e-07,0,-6.7401345e-07
19,rest-damping,0,3.4653028e-06,33.0705,33.0705,2.7190967e-05,0.00010100315,206,206,52,16,0,0,0
19,pose-drift,0,3.465245e-06,33.070496,33.0705,0,0.00010100315,206,206,52,16,-5.7907654e-11,-3.3251015e-07,-3.3256805e-07
19,split-counterfactual,0,3.465245e-06,33.070496,33.0705,0,0,0,0,0,0,1.0071671e-15,2.6767068e-05,2.6767068e-05
19,finish,0,3.465245e-06,33.070496,33.0705,0,0.00010100315,206,206,52,16,0,0,0
20,start,0,3.465245e-06,33.070496,33.0705,0,0.00010100315,206,206,52,16,0,0,0
20,gravity-kick,0,9.720981e-05,33.070496,33.070595,0,0.00010100315,206,206,52,16,9.3744566e-05,0,9.3744566e-05
20,collide,0,9.720981e-05,33.070496,33.070595,0,0.0001010029,206,206,0,0,0,0,0
20,warm-start,0,0.00022014497,33.070496,33.070717,0,0.0001010029,206,206,52,16,0.00012293516,0,0.00012293516
20,contact-iteration,1,3.2907985e-05,33.070496,33.07053,4.1167e-06,0.0001010029,206,206,52,16,-0.00018723698,0,-0.00018723698
20,contact-iteration,2,1.2389552e-05,33.070496,33.07051,7.0306874e-06,0.0001010029,206,206,52,16,-2.0518435e-05,0,-2.0518435e-05
20,contact-iteration,3,9.382876e-06,33.070496,33.070507,9.703818e-06,0.0001010029,206,206,52,16,-3.0066765e-06,0,-3.0066765e-06
20,contact-iteration,4,8.333123e-06,33.070496,33.070507,1.2207841e-05,0.0001010029,206,206,52,16,-1.0497521e-06,0,-1.0497521e-06
20,contact-iteration,5,7.569031e-06,33.070496,33.070503,1.45550375e-05,0.0001010029,206,206,52,16,-7.6409253e-07,0,-7.6409253e-07
20,contact-iteration,6,6.8927225e-06,33.070496,33.070503,1.6750904e-05,0.0001010029,206,206,52,16,-6.7630833e-07,0,-6.7630833e-07
20,contact-iteration,7,6.273403e-06,33.070496,33.070503,1.880129e-05,0.0001010029,206,206,52,16,-6.193196e-07,0,-6.193196e-07
20,contact-iteration,8,5.7041507e-06,33.070496,33.070503,2.071251e-05,0.0001010029,206,206,52,16,-5.6925205e-07,0,-5.6925205e-07
20,contact-iteration,9,5.1821235e-06,33.070496,33.070503,2.2490842e-05,0.0001010029,206,206,52,16,-5.2202734e-07,0,-5.2202734e-07
20,contact-iteration,10,4.704993e-06,33.070496,33.070503,2.4142199e-05,0.0001010029,206,206,52,16,-4.7713036e-07,0,-4.7713036e-07
20,contact-iteration,11,4.2701918e-06,33.070496,33.070503,2.5672114e-05,0.0001010029,206,206,52,16,-4.3480102e-07,0,-4.3480102e-07
20,contact-iteration,12,3.874966e-06,33.070496,33.0705,2.7085824e-05,0.0001010029,206,206,52,16,-3.9522598e-07,0,-3.9522598e-07
20,restitution,0,3.874966e-06,33.070496,33.0705,2.7085824e-05,0.0001010029,206,206,52,16,0,0,0
20,shock,0,3.2452983e-06,33.070496,33.0705,2.7085824e-05,0.0001010029,206,206,52,16,-6.296676e-07,0,-6.296676e-07
20,rest-damping,0,3.2452983e-06,33.070496,33.0705,2.7085824e-05,0.0001010029,206,206,52,16,0,0,0
20,pose-drift,0,3.245244e-06,33.070496,33.0705,0,0.0001010029,206,206,52,16,-5.4237413e-11,1.6625508e-07,1.6620083e-07
20,split-counterfactual,0,3.245244e-06,33.070496,33.0705,0,0,0,0,0,0,4.054772e-16,2.6102047e-05,2.6102047e-05
20,finish,0,3.245244e-06,33.070496,33.0705,0,0.0001010029,206,206,52,16,0,0,0
21,start,0,3.245244e-06,33.070496,33.0705,0,0.0001010029,206,206,52,16,0,0,0
21,gravity-kick,0,9.609114e-05,33.070496,33.070595,0,0.0001010029,206,206,52,16,9.28459e-05,0,9.28459e-05
21,collide,0,9.609114e-05,33.070496,33.070595,0,0.000101002406,206,206,0,0,0,0,0
21,warm-start,0,0.00022198971,33.070496,33.07072,0,0.000101002406,206,206,52,16,0.00012589859,0,0.00012589859
21,contact-iteration,1,3.259742e-05,33.070496,33.07053,4.1122753e-06,0.000101002406,206,206,52,16,-0.0001893923,0,-0.0001893923
21,contact-iteration,2,1.19812885e-05,33.070496,33.07051,7.022674e-06,0.000101002406,206,206,52,16,-2.0616133e-05,0,-2.0616133e-05
21,contact-iteration,3,8.997402e-06,33.070496,33.070507,9.692227e-06,0.000101002406,206,206,52,16,-2.9838861e-06,0,-2.9838861e-06
21,contact-iteration,4,7.98054e-06,33.070496,33.070507,1.2192487e-05,0.000101002406,206,206,52,16,-1.0168619e-06,0,-1.0168619e-06
21,contact-iteration,5,7.2476655e-06,33.070496,33.070503,1.453577e-05,0.000101002406,206,206,52,16,-7.3287464e-07,0,-7.3287464e-07
21,contact-iteration,6,6.60042e-06,33.070496,33.070503,1.6727688e-05,0.000101002406,206,206,52,16,-6.472453e-07,0,-6.472453e-07
21,contact-iteration,7,6.007891e-06,33.070496,33.070503,1.87742e-05,0.000101002406,206,206,52,16,-5.925289e-07,0,-5.925289e-07
21,contact-iteration,8,5.463248e-06,33.070496,33.070503,2.0681726e-05,0.000101002406,206,206,52,16,-5.4464317e-07,0,-5.4464317e-07
21,contact-iteration,9,4.9638033e-06,33.070496,33.070503,2.2456592e-05,0.000101002406,206,206,52,16,-4.9944475e-07,0,-4.9944475e-07
21,contact-iteration,10,4.507209e-06,33.070496,33.070503,2.4104753e-05,0.000101002406,206,206,52,16,-4.5659453e-07,0,-4.5659453e-07
21,contact-iteration,11,4.0910827e-06,33.070496,33.070503,2.5631756e-05,0.000101002406,206,206,52,16,-4.1612597e-07,0,-4.1612597e-07
21,contact-iteration,12,3.712825e-06,33.070496,33.0705,2.704284e-05,0.000101002406,206,206,52,16,-3.782579e-07,0,-3.782579e-07
21,restitution,0,3.712825e-06,33.070496,33.0705,2.704284e-05,0.000101002406,206,206,52,16,0,0,0
21,shock,0,3.1101954e-06,33.070496,33.0705,2.704284e-05,0.000101002406,206,206,52,16,-6.026296e-07,0,-6.026296e-07
21,rest-damping,0,3.1101954e-06,33.070496,33.0705,2.704284e-05,0.000101002406,206,206,52,16,0,0,0
21,pose-drift,0,3.1101433e-06,33.0705,33.0705,0,0.000101002406,206,206,52,16,-5.2061827e-11,3.3251015e-07,3.3245811e-07
21,split-counterfactual,0,3.1101433e-06,33.0705,33.0705,0,0,0,0,0,0,4.283869e-18,2.5769537e-05,2.5769537e-05
21,finish,0,3.1101433e-06,33.0705,33.0705,0,0.000101002406,206,206,52,16,0,0,0
22,start,0,3.1101433e-06,33.0705,33.0705,0,0.000101002406,206,206,52,16,0,0,0
22,gravity-kick,0,9.538441e-05,33.0705,33.070595,0,0.000101002406,206,206,52,16,9.227426e-05,0,9.227426e-05
22,collide,0,9.538441e-05,33.0705,33.070595,0,0.000101001904,206,206,0,0,0,0,0
22,warm-start,0,0.0002183912,33.0705,33.070717,0,0.000101001904,206,206,52,16,0.00012300679,0,0.00012300679
22,contact-iteration,1,3.203039e-05,33.0705,33.07053,4.12246e-06,0.000101001904,206,206,52,16,-0.0001863608,0,-0.0001863608
22,contact-iteration,2,1.1768664e-05,33.0705,33.07051,7.0420324e-06,0.000101001904,206,206,52,16,-2.0261728e-05,0,-2.0261728e-05
22,contact-iteration,3,8.833348e-06,33.0705,33.070507,9.717458e-06,0.000101001904,206,206,52,16,-2.9353153e-06,0,-2.9353153e-06
22,contact-iteration,4,7.830889e-06,33.0705,33.070507,1.2219792e-05,0.000101001904,206,206,52,16,-1.002459e-06,0,-1.002459e-06
22,contact-iteration,5,7.1144823e-06,33.0705,33.070503,1.4561372e-05,0.000101001904,206,206,52,16,-7.1640676e-07,0,-7.1640676e-07
22,contact-iteration,6,6.478748e-06,33.0705,33.070503,1.6748168e-05,0.000101001904,206,206,52,16,-6.357342e-07,0,-6.357342e-07
22,contact-iteration,7,5.8969426e-06,33.0705,33.070503,1.8786537e-05,0.000101001904,206,206,52,16,-5.8180564e-07,0,-5.8180564e-07
22,contact-iteration,8,5.362522e-06,33.0705,33.070503,2.0683252e-05,0.000101001904,206,206,52,16,-5.344204e-07,0,-5.344204e-07
22,contact-iteration,9,4.8723787e-06,33.0705,33.070503,2.2444965e-05,0.000101001904,206,206,52,16,-4.9014346e-07,0,-4.9014346e-07
22,contact-iteration,10,4.424411e-06,33.0705,33.070503,2.4077952e-05,0.000101001904,206,206,52,16,-4.4796766e-07,0,-4.479677e-07
22,contact-iteration,11,4.0163413e-06,33.0705,33.070503,2.5588075e-05,0.000101001904,206,206,52,16,-4.080697e-07,0,-4.080697e-07
22,contact-iteration,12,3.645324e-06,33.0705,33.070503,2.6980888e-05,0.000101001904,206,206,52,16,-3.7101736e-07,0,-3.7101734e-07
22,restitution,0,3.645324e-06,33.0705,33.070503,2.6980888e-05,0.000101001904,206,206,52,16,0,0,0
22,shock,0,3.0538517e-06,33.0705,33.0705,2.698089e-05,0.000101001904,206,206,52,16,-5.914723e-07,0,-5.914723e-07
22,rest-damping,0,3.0538517e-06,33.0705,33.0705,2.698089e-05,0.000101001904,206,206,52,16,0,0,0
22,pose-drift,0,3.0538006e-06,33.0705,33.070503,0,0.000101001904,206,206,52,16,-5.1141463e-11,9.975305e-07,9.974793e-07
22,split-counterfactual,0,3.0538006e-06,33.0705,33.070503,0,0,0,0,0,0,1.0633885e-15,2.6434558e-05,2.6434558e-05
22,finish,0,3.0538006e-06,33.0705,33.070503,0,0.000101001904,206,206,52,16,0,0,0
23,start,0,3.0538006e-06,33.0705,33.070503,0,0.000101001904,206,206,52,16,0,0,0
23,gravity-kick,0,9.508842e-05,33.0705,33.070595,0,0.000101001904,206,206,52,16,9.203462e-05,0,9.203462e-05
23,collide,0,9.508842e-05,33.0705,33.070595,0,0.00010100149,206,206,0,0,0,0,0
23,warm-start,0,0.00021412702,33.0705,33.070713,0,0.00010100149,206,206,52,15,0.0001190386,0,0.0001190386
23,contact-iteration,1,3.1656775e-05,33.0705,33.07053,4.103036e-06,0.00010100149,206,206,52,15,-0.00018247025,0,-0.00018247025
23,contact-iteration,2,1.167432e-05,33.0705,33.07051,7.003002e-06,0.00010100149,206,206,52,15,-1.9982454e-05,0,-1.9982454e-05
23,contact-iteration,3,8.788615e-06,33.0705,33.070507,9.660883e-06,0.00010100149,206,206,52,15,-2.8857064e-06,0,-2.8857062e-06
23,contact-iteration,4,7.7971845e-06,33.0705,33.070507,1.2149106e-05,0.00010100149,206,206,52,15,-9.9143e-07,0,-9.914302e-07
23,contact-iteration,5,7.0820156e-06,33.0705,33.070507,1.4480506e-05,0.00010100149,206,206,52,15,-7.1516865e-07,0,-7.1516865e-07
23,contact-iteration,6,6.449093e-06,33.0705,33.070507,1.6660946e-05,0.00010100149,206,206,52,15,-6.3292293e-07,0,-6.3292293e-07
23,contact-iteration,7,5.8699075e-06,33.0705,33.070503,1.8696499e-05,0.00010100149,206,206,52,15,-5.791853e-07,0,-5.791853e-07
23,contact-iteration,8,5.337797e-06,33.0705,33.070503,2.0593618e-05,0.00010100149,206,206,52,15,-5.3211005e-07,0,-5.3211005e-07
23,contact-iteration,9,4.849866e-06,33.0705,33.070503,2.2358641e-05,0.00010100149,206,206,52,15,-4.8793123e-07,0,-4.879312e-07
23,contact-iteration,10,4.4038684e-06,33.0705,33.070503,2.3997525e-05,0.00010100149,206,206,52,15,-4.459978e-07,0,-4.459978e-07
23,contact-iteration,11,3.997482e-06,33.0705,33.070503,2.551581e-05,0.00010100149,206,206,52,15,-4.063864e-07,0,-4.063864e-07
23,contact-iteration,12,3.6281335e-06,33.0705,33.070503,2.6918722e-05,0.00010100149,206,206,52,15,-3.6934853e-07,0,-3.6934853e-07
23,restitution,0,3.6281335e-06,33.0705,33.070503,2.6918722e-05,0.00010100149,206,206,52,15,0,0,0
23,shock,0,3.0396732e-06,33.0705,33.070503,2.6918722e-05,0.00010100149,206,206,52,15,-5.884603e-07,0,-5.884603e-07
23,rest-damping,0,3.0396732e-06,33.0705,33.070503,2.6918722e-05,0.00010100149,206,206,52,15,0,0,0
23,pose-drift,0,3.0396222e-06,33.0705,33.070503,0,0.00010100149,206,206,52,15,-5.085753e-11,6.650203e-07,6.649695e-07
23,split-counterfactual,0,3.0396222e-06,33.0705,33.070503,0,0,0,0,0,0,-1.7329913e-16,2.6102047e-05,2.6102047e-05
23,finish,0,3.0396222e-06,33.0705,33.070503,0,0.00010100149,206,206,52,15,0,0,0
24,start,0,3.0396222e-06,33.0705,33.070503,0,0.00010100149,206,206,52,15,0,0,0
24,gravity-kick,0,9.501148e-05,33.0705,33.070595,0,0.00010100149,206,206,52,15,9.197186e-05,0,9.197186e-05
24,collide,0,9.501148e-05,33.0705,33.070595,0,0.00010100116,206,206,0,0,0,0,0
24,warm-start,0,0.00021256525,33.0705,33.070713,0,0.00010100116,206,206,52,16,0.00011755378,0,0.00011755378
24,contact-iteration,1,3.1381842e-05,33.0705,33.07053,4.07917e-06,0.00010100116,206,206,52,16,-0.00018118341,0,-0.00018118341
24,contact-iteration,2,1.16302845e-05,33.0705,33.07051,6.9440475e-06,0.00010100116,206,206,52,16,-1.9751558e-05,0,-1.9751558e-05
24,contact-iteration,3,8.762607e-06,33.0705,33.070507,9.5740925e-06,0.00010100116,206,206,52,16,-2.8676777e-06,0,-2.8676777e-06
24,contact-iteration,4,7.775682e-06,33.0705,33.070507,1.2043293e-05,0.00010100116,206,206,52,16,-9.869249e-07,0,-9.869249e-07
24,contact-iteration,5,7.0625106e-06,33.0705,33.070507,1.4362582e-05,0.00010100116,206,206,52,16,-7.131711e-07,0,-7.131711e-07
24,contact-iteration,6,6.431099e-06,33.0705,33.070507,1.6535678e-05,0.00010100116,206,206,52,16,-6.3141187e-07,0,-6.314118e-07
24,contact-iteration,7,5.8530886e-06,33.0705,33.070507,1.8566967e-05,0.00010100116,206,206,52,16,-5.780104e-07,0,-5.780104e-07
24,contact-iteration,8,5.3219987e-06,33.0705,33.070503,2.04617e-05,0.00010100116,206,206,52,16,-5.3108994e-07,0,-5.3108994e-07
24,contact-iteration,9,4.8351017e-06,33.0705,33.070503,2.2225384e-05,0.00010100116,206,206,52,16,-4.868971e-07,0,-4.868971e-07
24,contact-iteration,10,4.3903156e-06,33.0705,33.070503,2.386339e-05,0.00010100116,206,206,52,16,-4.4478588e-07,0,-4.4478588e-07
24,contact-iteration,11,3.985231e-06,33.0705,33.070503,2.538086e-05,0.00010100116,206,206,52,16,-4.0508445e-07,0,-4.0508445e-07
24,contact-iteration,12,3.6169824e-06,33.0705,33.070503,2.6782767e-05,0.00010100116,206,206,52,16,-3.682488e-07,0,-3.6824883e-07
24,restitution,0,3.6169824e-06,33.0705,33.070503,2.6782767e-05,0.00010100116,206,206,52,16,0,0,0
24,shock,0,3.0303595e-06,33.0705,33.070503,2.6782767e-05,0.00010100116,206,206,52,16,-5.86623e-07,0,-5.86623e-07
24,rest-damping,0,3.0303595e-06,33.0705,33.070503,2.6782767e-05,0.00010100116,206,206,52,16,0,0,0
24,pose-drift,0,3.0303088e-06,33.0705,33.070503,0,0.00010100116,206,206,52,16,-5.0595132e-11,6.650203e-07,6.649697e-07
24,split-counterfactual,0,3.0303088e-06,33.0705,33.070503,0,0,0,0,0,0,5.803679e-16,2.6102047e-05,2.6102047e-05
24,finish,0,3.0303088e-06,33.0705,33.070503,0,0.00010100116,206,206,52,16,0,0,0
25,start,0,3.0303088e-06,33.0705,33.070503,0,0.00010100116,206,206,52,16,0,0,0
25,gravity-kick,0,9.496492e-05,33.0705,33.070595,0,0.00010100116,206,206,52,16,9.1934606e-05,0,9.1934606e-05
25,collide,0,9.496492e-05,33.0705,33.070595,0,0.00010100091,206,206,0,0,0,0,0
25,warm-start,0,0.00021183433,33.0705,33.070713,0,0.00010100091,206,206,52,16,0.00011686941,0,0.00011686941
25,contact-iteration,1,3.1253458e-05,33.0705,33.07053,4.0653053e-06,0.00010100091,206,206,52,16,-0.00018058087,0,-0.00018058087
25,contact-iteration,2,1.157278e-05,33.0705,33.07051,6.9360244e-06,0.00010100091,206,206,52,16,-1.9680676e-05,0,-1.9680676e-05
25,contact-iteration,3,8.73277e-06,33.0705,33.070507,9.567775e-06,0.00010100091,206,206,52,16,-2.84001e-06,0,-2.84001e-06
25,contact-iteration,4,7.749574e-06,33.0705,33.070507,1.2031019e-05,0.00010100091,206,206,52,16,-9.831961e-07,0,-9.831961e-07
25,contact-iteration,5,7.0429464e-06,33.0705,33.070507,1.4337693e-05,0.00010100091,206,206,52,16,-7.0662753e-07,0,-7.066275e-07
25,contact-iteration,6,6.4132973e-06,33.0705,33.070507,1.6493379e-05,0.00010100091,206,206,52,16,-6.2964943e-07,0,-6.2964943e-07
25,contact-iteration,7,5.8367145e-06,33.0705,33.070507,1.850405e-05,0.00010100091,206,206,52,16,-5.7658264e-07,0,-5.765827e-07
25,contact-iteration,8,5.307247e-06,33.0705,33.070507,2.0376117e-05,0.00010100091,206,206,52,16,-5.294672e-07,0,-5.2946723e-07
25,contact-iteration,9,4.821884e-06,33.0705,33.070503,2.2115908e-05,0.00010100091,206,206,52,16,-4.8536344e-07,0,-4.8536344e-07
25,contact-iteration,10,4.378484e-06,33.0705,33.070503,2.3729399e-05,0.00010100091,206,206,52,16,-4.434001e-07,0,-4.434001e-07
25,contact-iteration,11,3.9747006e-06,33.0705,33.070503,2.5222185e-05,0.00010100091,206,206,52,16,-4.0378316e-07,0,-4.0378316e-07
25,contact-iteration,12,3.6076478e-06,33.0705,33.070503,2.6599595e-05,0.00010100091,206,206,52,16,-3.6705276e-07,0,-3.6705276e-07
25,restitution,0,3.6076478e-06,33.0705,33.070503,2.6599595e-05,0.00010100091,206,206,52,16,0,0,0
25,shock,0,3.022496e-06,33.0705,33.070503,2.6599595e-05,0.00010100091,206,206,52,16,-5.851519e-07,0,-5.851519e-07
25,rest-damping,0,3.022496e-06,33.0705,33.070503,2.6599595e-05,0.00010100091,206,206,52,16,0,0,0
25,pose-drift,0,3.0224453e-06,33.0705,33.070503,0,0.00010100091,206,206,52,16,-5.0509655e-11,1.1637856e-06,1.1637351e-06
25,split-counterfactual,0,3.0224453e-06,33.0705,33.070503,0,0,0,0,0,0,4.701952e-16,2.6600814e-05,2.6600814e-05
25,finish,0,3.0224453e-06,33.0705,33.070503,0,0.00010100091,206,206,52,16,0,0,0
26,start,0,3.0224453e-06,33.0705,33.070503,0,0.00010100091,206,206,52,16,0,0,0
26,gravity-kick,0,9.49209e-05,33.0705,33.070595,0,0.00010100091,206,206,52,16,9.189845e-05,0,9.189845e-05
26,collide,0,9.49209e-05,33.0705,33.070595,0,0.00010094088,206,206,0,0,0,0,0
26,warm-start,0,0.00020986439,33.0705,33.07071,0,0.00010094088,206,206,52,16,0.00011494349,0,0.00011494349
26,contact-iteration,1,3.1127365e-05,33.0705,33.070534,3.961494e-06,0.00010094088,206,206,52,16,-0.00017873703,0,-0.00017873703
26,contact-iteration,2,1.15229905e-05,33.0705,33.07051,6.7839255e-06,0.00010094088,206,206,52,16,-1.9604373e-05,0,-1.9604373e-05
26,contact-iteration,3,8.697925e-06,33.0705,33.07051,9.377093e-06,0.00010094088,206,206,52,16,-2.8250645e-06,0,-2.8250645e-06
26,contact-iteration,4,7.721052e-06,33.0705,33.070507,1.1806782e-05,0.00010094088,206,206,52,16,-9.768744e-07,0,-9.768744e-07
26,contact-iteration,5,7.0162064e-06,33.0705,33.070507,1.4081877e-05,0.00010094088,206,206,52,16,-7.0484487e-07,0,-7.0484487e-07
26,contact-iteration,6,6.3902776e-06,33.0705,33.070507,1.620615e-05,0.00010094088,206,206,52,16,-6.2592864e-07,0,-6.2592864e-07
26,contact-iteration,7,5.8170017e-06,33.0705,33.070507,1.8184452e-05,0.00010094088,206,206,52,16,-5.732762e-07,0,-5.732762e-07
26,contact-iteration,8,5.290324e-06,33.0705,33.070507,2.002237e-05,0.00010094088,206,206,52,16,-5.266771e-07,0,-5.266771e-07
26,contact-iteration,9,4.8074403e-06,33.0705,33.070507,2.1725593e-05,0.00010094088,206,206,52,16,-4.828842e-07,0,-4.828842e-07
26,contact-iteration,10,4.3671316e-06,33.0705,33.070507,2.3299692e-05,0.00010094088,206,206,52,16,-4.403086e-07,0,-4.403086e-07
26,contact-iteration,11,3.964336e-06,33.0705,33.070507,2.4750128e-05,0.00010094088,206,206,52,16,-4.0279545e-07,0,-4.0279542e-07
26,contact-iteration,12,3.597992e-06,33.0705,33.070503,2.6082362e-05,0.00010094088,206,206,52,16,-3.663441e-07,0,-3.663441e-07
26,restitution,0,3.597992e-06,33.0705,33.070503,2.6082362e-05,0.00010094088,206,206,52,16,0,0,0
26,shock,0,3.0148708e-06,33.0705,33.070503,2.6082362e-05,0.00010094088,206,206,52,16,-5.831211e-07,0,-5.831211e-07
26,rest-damping,0,3.0148708e-06,33.0705,33.070503,2.6082362e-05,0.00010094088,206,206,52,16,0,0,0
26,pose-drift,0,3.0148203e-06,33.0705,33.070503,0,0.00010094088,206,206,52,16,-5.0419776e-11,0,-5.0420113e-11
26,split-counterfactual,0,3.0148203e-06,33.0705,33.070503,0,0,0,0,0,0,9.91854e-16,2.5437028e-05,2.5437028e-05
26,finish,0,3.0148203e-06,33.0705,33.070503,0,0.00010094088,206,206,52,16,0,0,0
27,start,0,3.0148203e-06,33.0705,33.070503,0,0.00010094088,206,206,52,16,0,0,0
27,gravity-kick,0,9.487075e-05,33.0705,33.070595,0,0.00010094088,206,206,52,16,9.185593e-05,0,9.185593e-05
27,collide,0,9.487075e-05,33.0705,33.070595,0,0.00010094046,206,206,0,0,0,0,0
27,warm-start,0,0.00020586884,33.0705,33.070705,0,0.00010094046,206,206,52,16,0.000110998095,0,0.000110998095
27,contact-iteration,1,3.116394e-05,33.0705,33.070534,3.9716465e-06,0.00010094046,206,206,52,16,-0.00017470491,0,-0.00017470491
27,contact-iteration,2,1.1914559e-05,33.0705,33.070515,6.8067743e-06,0.00010094046,206,206,52,16,-1.924938e-05,0,-1.924938e-05
27,contact-iteration,3,8.948825e-06,33.0705,33.07051,9.410356e-06,0.00010094046,206,206,52,16,-2.965734e-06,0,-2.965734e-06
27,contact-iteration,4,7.98291e-06,33.0705,33.07051,1.1849001e-05,0.00010094046,206,206,52,16,-9.659145e-07,0,-9.659145e-07
27,contact-iteration,5,7.2383186e-06,33.0705,33.070507,1.4133643e-05,0.00010094046,206,206,52,16,-7.445912e-07,0,-7.445912e-07
27,contact-iteration,6,6.585526e-06,33.0705,33.070507,1.6269612e-05,0.00010094046,206,206,52,16,-6.5279283e-07,0,-6.5279283e-07
27,contact-iteration,7,5.9886843e-06,33.0705,33.070507,1.8263e-05,0.00010094046,206,206,52,16,-5.9684174e-07,0,-5.9684174e-07
27,contact-iteration,8,5.4415436e-06,33.0705,33.070507,2.0120493e-05,0.00010094046,206,206,52,16,-5.4714053e-07,0,-5.4714053e-07
27,contact-iteration,9,4.9411447e-06,33.0705,33.070507,2.1848731e-05,0.00010094046,206,206,52,16,-5.0039876e-07,0,-5.0039876e-07
27,contact-iteration,10,4.4849926e-06,33.0705,33.070507,2.3453915e-05,0.00010094046,206,206,52,16,-4.5615232e-07,0,-4.5615232e-07
27,contact-iteration,11,4.0700993e-06,33.0705,33.070507,2.4941755e-05,0.00010094046,206,206,52,16,-4.1489324e-07,0,-4.1489324e-07
27,contact-iteration,12,3.6933795e-06,33.0705,33.070503,2.6317544e-05,0.00010094046,206,206,52,16,-3.7671973e-07,0,-3.7671973e-07
27,restitution,0,3.6933795e-06,33.0705,33.070503,2.6317544e-05,0.00010094046,206,206,52,16,0,0,0
27,shock,0,3.0944864e-06,33.0705,33.070503,2.6317544e-05,0.00010094046,206,206,52,16,-5.9889317e-07,0,-5.9889317e-07
27,rest-damping,0,3.0944864e-06,33.0705,33.070503,2.6317544e-05,0.00010094046,206,206,52,16,0,0,0
27,pose-drift,0,3.0944345e-06,33.070503,33.070503,0,0.00010094046,206,206,52,16,-5.1714882e-11,1.6625508e-07,1.6620336e-07
27,split-counterfactual,0,3.0944345e-06,33.070503,33.070503,0,0,0,0,0,0,6.9367255e-16,2.5603282e-05,2.5603282e-05
27,finish,0,3.0944345e-06,33.070503,33.070503,0,0.00010094046,206,206,52,16,0,0,0
28,start,0,3.0944345e-06,33.070503,33.070503,0,0.00010094046,206,206,52,16,0,0,0
28,gravity-kick,0,9.5293784e-05,33.070503,33.070595,0,0.00010094046,206,206,52,16,9.2199356e-05,0,9.2199356e-05
28,collide,0,9.5293784e-05,33.070503,33.070595,0,0.0001009398,206,206,0,0,0,0,0
28,warm-start,0,0.00017185618,33.070503,33.070675,0,0.0001009398,206,206,52,16,7.656239e-05,0,7.656239e-05
28,contact-iteration,1,2.8359469e-05,33.070503,33.07053,4.0004475e-06,0.0001009398,206,206,52,16,-0.00014349671,0,-0.00014349671
28,contact-iteration,2,1.268202e-05,33.070503,33.070515,6.8570907e-06,0.0001009398,206,206,52,16,-1.567745e-05,0,-1.567745e-05
28,contact-iteration,3,1.0089954e-05,33.070503,33.07051,9.474825e-06,0.0001009398,206,206,52,16,-2.5920656e-06,0,-2.5920656e-06
28,contact-iteration,4,8.993996e-06,33.070503,33.07051,1.1921781e-05,0.0001009398,206,206,52,16,-1.0959582e-06,0,-1.0959582e-06
28,contact-iteration,5,8.1204425e-06,33.070503,33.07051,1.4210352e-05,0.0001009398,206,206,52,16,-8.735535e-07,0,-8.735535e-07
28,contact-iteration,6,7.367528e-06,33.070503,33.070507,1.6346814e-05,0.0001009398,206,206,52,16,-7.5291496e-07,0,-7.5291496e-07
28,contact-iteration,7,6.685888e-06,33.070503,33.070507,1.8337687e-05,0.0001009398,206,206,52,16,-6.8163956e-07,0,-6.8163956e-07
28,contact-iteration,8,6.065758e-06,33.070503,33.070507,2.018978e-05,0.0001009398,206,206,52,16,-6.201302e-07,0,-6.201302e-07
28,contact-iteration,9,5.5019914e-06,33.070503,33.070507,2.1909722e-05,0.0001009398,206,206,52,16,-5.6376655e-07,0,-5.6376655e-07
28,contact-iteration,10,4.990079e-06,33.070503,33.070507,2.3503722e-05,0.0001009398,206,206,52,16,-5.119124e-07,0,-5.119124e-07
28,contact-iteration,11,4.525746e-06,33.070503,33.070507,2.4977577e-05,0.0001009398,206,206,52,16,-4.6433277e-07,0,-4.6433277e-07
28,contact-iteration,12,4.104889e-06,33.070503,33.070507,2.633677e-05,0.0001009398,206,206,52,16,-4.2085736e-07,0,-4.2085736e-07
28,restitution,0,4.104889e-06,33.070503,33.070507,2.633677e-05,0.0001009398,206,206,52,16,0,0,0
28,shock,0,3.436241e-06,33.070503,33.070503,2.633677e-05,0.0001009398,206,206,52,16,-6.686477e-07,0,-6.686478e-07
28,rest-damping,0,3.436241e-06,33.070503,33.070503,2.633677e-05,0.0001009398,206,206,52,16,0,0,0
28,pose-drift,0,3.4361835e-06,33.0705,33.070503,0,0.0001009398,206,206,52,16,-5.7449e-11,-1.3300406e-06,-1.3300981e-06
28,split-counterfactual,0,3.4361835e-06,33.0705,33.070503,0,0,0,0,0,0,5.711323e-16,2.5437028e-05,2.5437028e-05
28,finish,0,3.4361835e-06,33.0705,33.070503,0,0.0001009398,206,206,52,16,0,0,0
29,start,0,3.4361835e-06,33.0705,33.070503,0,0.0001009398,206,206,52,16,0,0,0
29,gravity-kick,0,9.7045755e-05,33.0705,33.0706,0,0.0001009398,206,206,52,16,9.360957e-05,0,9.360957e-05
29,collide,0,9.7045755e-05,33.0705,33.0706,0,0.00010093947,206,206,0,0,0,0,0
29,warm-start,0,0.00018857772,33.0705,33.07069,0,0.00010093947,206,206,52,16,9.153196e-05,0,9.153196e-05
29,contact-iteration,1,2.9898203e-05,33.0705,33.07053,4.0104346e-06,0.00010093947,206,206,52,16,-0.00015867951,0,-0.00015867951
29,contact-iteration,2,1.2364261e-05,33.0705,33.07051,6.875026e-06,0.00010093947,206,206,52,16,-1.7533941e-05,0,-1.7533941e-05
29,contact-iteration,3,9.67497e-06,33.0705,33.07051,9.500291e-06,0.00010093947,206,206,52,16,-2.689292e-06,0,-2.689292e-06
29,contact-iteration,4,8.630816e-06,33.0705,33.070507,1.1956545e-05,0.00010093947,206,206,52,16,-1.0441532e-06,0,-1.0441532e-06
29,contact-iteration,5,7.83755e-06,33.0705,33.070507,1.4257362e-05,0.00010093947,206,206,52,16,-7.9326657e-07,0,-7.9326657e-07
29,contact-iteration,6,7.1314407e-06,33.0705,33.070507,1.640931e-05,0.00010093947,206,206,52,16,-7.06109e-07,0,-7.06109e-07
29,contact-iteration,7,6.484526e-06,33.0705,33.070507,1.8418807e-05,0.00010093947,206,206,52,16,-6.4691517e-07,0,-6.4691517e-07
29,contact-iteration,8,5.8912237e-06,33.0705,33.070507,2.0292373e-05,0.00010093947,206,206,52,16,-5.933021e-07,0,-5.933021e-07
29,contact-iteration,9,5.3489216e-06,33.0705,33.070507,2.2036236e-05,0.00010093947,206,206,52,16,-5.4230185e-07,0,-5.423018e-07
29,contact-iteration,10,4.854412e-06,33.0705,33.070503,2.3656154e-05,0.00010093947,206,206,52,16,-4.945095e-07,0,-4.945095e-07
29,contact-iteration,11,4.4045514e-06,33.0705,33.070503,2.5157438e-05,0.00010093947,206,206,52,16,-4.4986098e-07,0,-4.4986098e-07
29,contact-iteration,12,3.9961224e-06,33.0705,33.070503,2.654509e-05,0.00010093947,206,206,52,16,-4.0842897e-07,0,-4.08429e-07
29,restitution,0,3.9961224e-06,33.0705,33.070503,2.654509e-05,0.00010093947,206,206,52,16,0,0,0
29,shock,0,3.346374e-06,33.0705,33.070503,2.654509e-05,0.00010093947,206,206,52,16,-6.497483e-07,0,-6.4974824e-07
29,rest-damping,0,3.346374e-06,33.0705,33.070503,2.654509e-05,0.00010093947,206,206,52,16,0,0,0
29,pose-drift,0,3.3463182e-06,33.0705,33.070503,0,0.00010093947,206,206,52,16,-5.587046e-11,-6.650203e-07,-6.650762e-07
29,split-counterfactual,0,3.3463182e-06,33.0705,33.070503,0,0,0,0,0,0,8.397781e-17,2.5935793e-05,2.5935793e-05
29,finish,0,3.3463182e-06,33.0705,33.070503,0,0.00010093947,206,206,52,16,0,0,0
30,start,0,3.3463182e-06,33.0705,33.070503,0,0.00010093947,206,206,52,16,0,0,0
30,gravity-kick,0,9.659992e-05,33.0705,33.070595,0,0.00010093947,206,206,52,16,9.3253606e-05,0,9.3253606e-05
30,collide,0,9.659992e-05,33.0705,33.070595,0,0.000100939644,206,206,0,0,0,0,0
30,warm-start,0,0.00020023435,33.0705,33.070698,0,0.000100939644,206,206,52,16,0.00010363443,0,0.00010363443
30,contact-iteration,1,3.0618605e-05,33.0705,33.07053,3.963482e-06,0.000100939644,206,206,52,16,-0.00016961576,0,-0.00016961576
30,contact-iteration,2,1.2019671e-05,33.0705,33.07051,6.779513e-06,0.000100939644,206,206,52,16,-1.8598932e-05,0,-1.8598932e-05
30,contact-iteration,3,9.240237e-06,33.0705,33.070507,9.354348e-06,0.000100939644,206,206,52,16,-2.7794347e-06,0,-2.7794347e-06
30,contact-iteration,4,8.220272e-06,33.0705,33.070507,1.1758132e-05,0.000100939644,206,206,52,16,-1.0199642e-06,0,-1.0199642e-06
30,contact-iteration,5,7.4655704e-06,33.0705,33.070507,1.4004652e-05,0.000100939644,206,206,52,16,-7.5470194e-07,0,-7.5470194e-07
30,contact-iteration,6,6.7941596e-06,33.0705,33.070507,1.6100954e-05,0.000100939644,206,206,52,16,-6.7141076e-07,0,-6.7141076e-07
30,contact-iteration,7,6.1792966e-06,33.0705,33.070507,1.8053897e-05,0.000100939644,206,206,52,16,-6.1486315e-07,0,-6.1486315e-07
30,contact-iteration,8,5.6151775e-06,33.0705,33.070503,1.9870398e-05,0.000100939644,206,206,52,16,-5.641188e-07,0,-5.641188e-07
30,contact-iteration,9,5.09919e-06,33.0705,33.070503,2.1557065e-05,0.000100939644,206,206,52,16,-5.159877e-07,0,-5.159877e-07
30,contact-iteration,10,4.6286646e-06,33.0705,33.070503,2.3120032e-05,0.000100939644,206,206,52,16,-4.7052563e-07,0,-4.7052563e-07
30,contact-iteration,11,4.2005468e-06,33.0705,33.070503,2.4564995e-05,0.000100939644,206,206,52,16,-4.2811786e-07,0,-4.2811786e-07
30,contact-iteration,12,3.8117655e-06,33.0705,33.070503,2.5897347e-05,0.000100939644,206,206,52,16,-3.8878096e-07,0,-3.8878096e-07
30,restitution,0,3.8117655e-06,33.0705,33.070503,2.5897347e-05,0.000100939644,206,206,52,16,0,0,0
30,shock,0,3.1927639e-06,33.0705,33.070503,2.5897347e-05,0.000100939644,206,206,52,16,-6.1900164e-07,0,-6.1900164e-07
30,rest-damping,0,3.1927639e-06,33.0705,33.070503,2.5897347e-05,0.000100939644,206,206,52,16,0,0,0
30,pose-drift,0,3.1927107e-06,33.0705,33.070503,0,0.000100939644,206,206,52,16,-5.336628e-11,-4.9876525e-07,-4.988186e-07
30,split-counterfactual,0,3.1927107e-06,33.0705,33.070503,0,0,0,0,0,0,7.2162337e-16,2.5437028e-05,2.5437028e-05
30,finish,0,3.1927107e-06,33.0705,33.070503,0,0.000100939644,206,206,52,16,0,0,0
31,start,0,3.1927107e-06,33.0705,33.070503,0,0.000100939644,206,206,52,16,0,0,0
31,gravity-kick,0,9.580441e-05,33.0705,33.070595,0,0.000100939644,206,206,52,16,9.26117e-05,0,9.26117e-05
31,collide,0,9.580441e-05,33.0705,33.070595,0,0.000100938894,206,206,0,0,0,0,0
31,warm-start,0,0.00020081806,33.0705,33.0707,0,0.000100938894,206,206,52,16,0.00010501364,0,0.00010501364
31,contact-iteration,1,3.0349633e-05,33.0705,33.07053,3.9574916e-06,0.000100938894,206,206,52,16,-0.00017046843,0,-0.00017046843
31,contact-iteration,2,1.1684908e-05,33.0705,33.07051,6.772985e-06,0.000100938894,206,206,52,16,-1.8664725e-05,0,-1.8664725e-05
31,contact-iteration,3,8.931125e-06,33.0705,33.070507,9.35284e-06,0.000100938894,206,206,52,16,-2.7537828e-06,0,-2.7537828e-06
31,contact-iteration,4,7.938363e-06,33.0705,33.070507,1.1767194e-05,0.000100938894,206,206,52,16,-9.92762e-07,0,-9.92762e-07
31,contact-iteration,5,7.2076255e-06,33.0705,33.070507,1.4029276e-05,0.000100938894,206,206,52,16,-7.3073755e-07,0,-7.3073755e-07
31,contact-iteration,6,6.5600193e-06,33.0705,33.070507,1.6145268e-05,0.000100938894,206,206,52,16,-6.4760616e-07,0,-6.4760616e-07
31,contact-iteration,7,5.9671725e-06,33.0705,33.070503,1.812126e-05,0.000100938894,206,206,52,16,-5.928469e-07,0,-5.928469e-07
31,contact-iteration,8,5.4232664e-06,33.0705,33.070503,1.9963523e-05,0.000100938894,206,206,52,16,-5.4390586e-07,0,-5.439059e-07
31,contact-iteration,9,4.9256323e-06,33.0705,33.070503,2.1678117e-05,0.000100938894,206,206,52,16,-4.976343e-07,0,-4.976343e-07
31,contact-iteration,10,4.471584e-06,33.0705,33.070503,2.3270695e-05,0.000100938894,206,206,52,16,-4.5404815e-07,0,-4.5404815e-07
31,contact-iteration,11,4.058472e-06,33.0705,33.070503,2.4746496e-05,0.000100938894,206,206,52,16,-4.1311216e-07,0,-4.1311216e-07
31,contact-iteration,12,3.6832478e-06,33.0705,33.070503,2.6110478e-05,0.000100938894,206,206,52,16,-3.7522392e-07,0,-3.7522392e-07
31,restitution,0,3.6832478e-06,33.0705,33.070503,2.6110478e-05,0.000100938894,206,206,52,16,0,0,0
31,shock,0,3.0861074e-06,33.0705,33.070503,2.6110478e-05,0.000100938894,206,206,52,16,-5.9714046e-07,0,-5.9714046e-07
31,rest-damping,0,3.0861074e-06,33.0705,33.070503,2.6110478e-05,0.000100938894,206,206,52,16,0,0,0
31,pose-drift,0,3.0860558e-06,33.0705,33.070503,0,0.000100938894,206,206,52,16,-5.1665505e-11,1.6625508e-07,1.662034e-07
31,split-counterfactual,0,3.0860558e-06,33.0705,33.070503,0,0,0,0,0,0,2.9804972e-17,2.5603282e-05,2.5603282e-05
31,finish,0,3.0860558e-06,33.0705,33.070503,0,0.000100938894,206,206,52,16,0,0,0
32,start,0,3.0860558e-06,33.0705,33.070503,0,0.000100938894,206,206,52,16,0,0,0
32,gravity-kick,0,9.524075e-05,33.0705,33.070595,0,0.000100938894,206,206,52,16,9.2154696e-05,0,9.2154696e-05
32,collide,0,9.524075e-05,33.0705,33.070595,0,0.00010093849,206,206,0,0,0,0,0
32,warm-start,0,0.00020947521,33.0705,33.07071,0,0.00010093849,206,206,52,16,0.00011423446,0,0.00011423446
32,contact-iteration,1,3.069732e-05,33.0705,33.07053,3.9488823e-06,0.00010093849,206,206,52,16,-0.00017877789,0,-0.00017877789
32,contact-iteration,2,1.1352393e-05,33.0705,33.07051,6.7651545e-06,0.00010093849,206,206,52,16,-1.9344927e-05,0,-1.9344927e-05
32,contact-iteration,3,8.547989e-06,33.0705,33.070507,9.35261e-06,0.00010093849,206,206,52,16,-2.804404e-06,0,-2.804404e-06
32,contact-iteration,4,7.587885e-06,33.0705,33.070507,1.1778405e-05,0.00010093849,206,206,52,16,-9.601032e-07,0,-9.601032e-07
32,contact-iteration,5,6.8934432e-06,33.0705,33.070507,1.4053653e-05,0.00010093849,206,206,52,16,-6.944421e-07,0,-6.944421e-07
32,contact-iteration,6,6.2768204e-06,33.0705,33.070507,1.618325e-05,0.00010093849,206,206,52,16,-6.1662274e-07,0,-6.1662274e-07
32,contact-iteration,7,5.7117973e-06,33.0705,33.070503,1.8172566e-05,0.00010093849,206,206,52,16,-5.6502336e-07,0,-5.6502336e-07
32,contact-iteration,8,5.1929474e-06,33.0705,33.070503,2.0027504e-05,0.00010093849,206,206,52,16,-5.188495e-07,0,-5.188495e-07
32,contact-iteration,9,4.717828e-06,33.0705,33.070503,2.1753973e-05,0.00010093849,206,206,52,16,-4.751197e-07,0,-4.751197e-07
32,contact-iteration,10,4.2840584e-06,33.0705,33.070503,2.3357576e-05,0.00010093849,206,206,52,16,-4.337696e-07,0,-4.337696e-07
32,contact-iteration,11,3.889106e-06,33.0705,33.070503,2.4843577e-05,0.00010093849,206,206,52,16,-3.9495183e-07,0,-3.9495183e-07
32,contact-iteration,12,3.5302028e-06,33.0705,33.070503,2.6216978e-05,0.00010093849,206,206,52,16,-3.5890366e-07,0,-3.5890366e-07
32,restitution,0,3.5302028e-06,33.0705,33.070503,2.6216978e-05,0.00010093849,206,206,52,16,0,0,0
32,shock,0,2.9587377e-06,33.0705,33.070503,2.6216978e-05,0.00010093849,206,206,52,16,-5.7146497e-07,0,-5.7146497e-07
32,rest-damping,0,2.9587377e-06,33.0705,33.070503,2.6216978e-05,0.00010093849,206,206,52,16,0,0,0
32,pose-drift,0,2.9586884e-06,33.0705,33.070503,0,0.00010093849,206,206,52,16,-4.9423264e-11,3.3251015e-07,3.3246073e-07
32,split-counterfactual,0,2.9586884e-06,33.0705,33.070503,0,0,0,0,0,0,2.9845248e-16,2.5603282e-05,2.5603282e-05
32,finish,0,2.9586884e-06,33.0705,33.070503,0,0.00010093849,206,206,52,16,0,0,0
33,start,0,2.9586884e-06,33.0705,33.070503,0,0.00010093849,206,206,52,16,0,0,0
33,gravity-kick,0,9.4563045e-05,33.0705,33.070595,0,0.00010093849,206,206,52,16,9.160436e-05,0,9.160436e-05
33,collide,0,9.4563045e-05,33.0705,33.070595,0,0.00010093839,206,206,0,0,0,0,0
33,warm-start,0,0.00020917367,33.0705,33.07071,0,0.00010093839,206,206,52,16,0.00011461062,0,0.00011461062
33,contact-iteration,1,3.0423485e-05,33.0705,33.07053,3.941353e-06,0.00010093839,206,206,52,16,-0.00017875018,0,-0.00017875018
33,contact-iteration,2,1.1107751e-05,33.0705,33.07051,6.74229e-06,0.00010093839,206,206,52,16,-1.9315736e-05,0,-1.9315736e-05
33,contact-iteration,3,8.329022e-06,33.0705,33.070507,9.307691e-06,0.00010093839,206,206,52,16,-2.7787278e-06,0,-2.7787278e-06
33,contact-iteration,4,7.383637e-06,33.0705,33.070507,1.1705226e-05,0.00010093839,206,206,52,16,-9.453858e-07,0,-9.453858e-07
33,contact-iteration,5,6.70967e-06,33.0705,33.070507,1.3946817e-05,0.00010093839,206,206,52,16,-6.7396667e-07,0,-6.7396667e-07
33,contact-iteration,6,6.1099377e-06,33.0705,33.070507,1.603862e-05,0.00010093839,206,206,52,16,-5.9973246e-07,0,-5.9973246e-07
33,contact-iteration,7,5.560816e-06,33.0705,33.070503,1.7987251e-05,0.00010093839,206,206,52,16,-5.4912147e-07,0,-5.491214e-07
33,contact-iteration,8,5.0565977e-06,33.0705,33.070503,1.9799701e-05,0.00010093839,206,206,52,16,-5.042183e-07,0,-5.042183e-07
33,contact-iteration,9,4.5946285e-06,33.0705,33.070503,2.1482805e-05,0.00010093839,206,206,52,16,-4.6196922e-07,0,-4.6196925e-07
33,contact-iteration,10,4.1726853e-06,33.0705,33.070503,2.3042954e-05,0.00010093839,206,206,52,16,-4.219433e-07,0,-4.219433e-07
33,contact-iteration,11,3.7884874e-06,33.0705,33.070503,2.4486046e-05,0.00010093839,206,206,52,16,-3.8419788e-07,0,-3.8419788e-07
33,contact-iteration,12,3.439366e-06,33.0705,33.070503,2.581761e-05,0.00010093839,206,206,52,16,-3.4912148e-07,0,-3.4912148e-07
33,restitution,0,3.439366e-06,33.0705,33.070503,2.581761e-05,0.00010093839,206,206,52,16,0,0,0
33,shock,0,2.8830605e-06,33.0705,33.070503,2.581761e-05,0.00010093839,206,206,52,16,-5.5630545e-07,0,-5.563055e-07
33,rest-damping,0,2.8830605e-06,33.0705,33.070503,2.581761e-05,0.00010093839,206,206,52,16,0,0,0
33,pose-drift,0,2.8830123e-06,33.0705,33.070503,0,0.00010093839,206,206,52,16,-4.8183194e-11,4.9876525e-07,4.9871704e-07
33,split-counterfactual,0,2.8830123e-06,33.0705,33.070503,0,0,0,0,0,0,-1.2622231e-16,2.5437028e-05,2.5437028e-05
33,finish,0,2.8830123e-06,33.0705,33.070503,0,0.00010093839,206,206,52,16,0,0,0
34,start,0,2.8830123e-06,33.0705,33.070503,0,0.00010093839,206,206,52,16,0,0,0
34,gravity-kick,0,9.4149225e-05,33.0705,33.070595,0,0.00010093839,206,206,52,16,9.1266214e-05,0,9.1266214e-05
34,collide,0,9.4149225e-05,33.0705,33.070595,0,0.00010093773,206,206,0,0,0,0,0
34,warm-start,0,0.00016869413,33.0705,33.070667,0,0.00010093773,206,206,52,16,7.454491e-05,0,7.454491e-05
34,contact-iteration,1,2.766637e-05,33.0705,33.070526,3.950019e-06,0.00010093773,206,206,52,16,-0.00014102776,0,-0.00014102776
34,contact-iteration,2,1.2031575e-05,33.0705,33.07051,6.767578e-06,0.00010093773,206,206,52,16,-1.5634794e-05,0,-1.5634794e-05
34,contact-iteration,3,9.4834895e-06,33.0705,33.07051,9.35596e-06,0.00010093773,206,206,52,16,-2.5480858e-06,0,-2.5480858e-06
34,contact-iteration,4,8.438162e-06,33.0705,33.070507,1.178273e-05,0.00010093773,206,206,52,16,-1.0453278e-06,0,-1.0453278e-06
34,contact-iteration,5,7.6125198e-06,33.0705,33.070507,1.4059197e-05,0.00010093773,206,206,52,16,-8.256422e-07,0,-8.256422e-07
34,contact-iteration,6,6.9028156e-06,33.0705,33.070507,1.6190292e-05,0.00010093773,206,206,52,16,-7.09704e-07,0,-7.09704e-07
34,contact-iteration,7,6.2615995e-06,33.0705,33.070507,1.8181334e-05,0.00010093773,206,206,52,16,-6.4121605e-07,0,-6.4121605e-07
34,contact-iteration,8,5.6794015e-06,33.0705,33.070507,2.0038162e-05,0.00010093773,206,206,52,16,-5.82198e-07,0,-5.82198e-07
34,contact-iteration,9,5.151281e-06,33.0705,33.070503,2.1766607e-05,0.00010093773,206,206,52,16,-5.281203e-07,0,-5.281203e-07
34,contact-iteration,10,4.6721566e-06,33.0705,33.070503,2.3372213e-05,0.00010093773,206,206,52,16,-4.791247e-07,0,-4.791247e-07
34,contact-iteration,11,4.2377446e-06,33.0705,33.070503,2.4860194e-05,0.00010093773,206,206,52,16,-4.3441204e-07,0,-4.3441204e-07
34,contact-iteration,12,3.844132e-06,33.0705,33.070503,2.6235513e-05,0.00010093773,206,206,52,16,-3.9361237e-07,0,-3.9361237e-07
34,restitution,0,3.844132e-06,33.0705,33.070503,2.6235513e-05,0.00010093773,206,206,52,16,0,0,0
34,shock,0,3.2195462e-06,33.0705,33.070503,2.6235513e-05,0.00010093773,206,206,52,16,-6.24586e-07,0,-6.24586e-07
34,rest-damping,0,3.2195462e-06,33.0705,33.070503,2.6235513e-05,0.00010093773,206,206,52,16,0,0,0
34,pose-drift,0,3.2194923e-06,33.0705,33.070503,0,0.00010093773,206,206,52,16,-5.390217e-11,0,-5.3901772e-11
34,split-counterfactual,0,3.2194923e-06,33.0705,33.070503,0,0,0,0,0,0,4.3632658e-16,2.5935793e-05,2.5935793e-05
34,finish,0,3.2194923e-06,33.0705,33.070503,0,0.00010093773,206,206,52,16,0,0,0
35,start,0,3.2194923e-06,33.0705,33.070503,0,0.00010093773,206,206,52,16,0,0,0
35,gravity-kick,0,9.593168e-05,33.0705,33.070595,0,0.00010093773,206,206,52,16,9.271219e-05,0,9.271219e-05
35,collide,0,9.593168e-05,33.0705,33.070595,0,0.00010094928,206,206,0,0,0,0,0
35,warm-start,0,0.0001823497,33.0705,33.070683,0,0.00010094928,206,206,52,16,8.6418026e-05,0,8.6418026e-05
35,contact-iteration,1,2.8457569e-05,33.0705,33.07053,4.0507894e-06,0.00010094928,206,206,52,16,-0.00015389214,0,-0.00015389214
35,contact-iteration,2,1.182865e-05,33.0705,33.07051,6.949423e-06,0.00010094928,206,206,52,16,-1.662892e-05,0,-1.662892e-05
35,contact-iteration,3,9.266332e-06,33.0705,33.07051,9.608634e-06,0.00010094928,206,206,52,16,-2.5623171e-06,0,-2.5623171e-06
35,contact-iteration,4,8.27072e-06,33.0705,33.070507,1.20996865e-05,0.00010094928,206,206,52,16,-9.956128e-07,0,-9.956128e-07
35,contact-iteration,5,7.506375e-06,33.0705,33.070507,1.4435707e-05,0.00010094928,206,206,52,16,-7.643449e-07,0,-7.643449e-07
35,contact-iteration,6,6.828489e-06,33.0705,33.070507,1.6622584e-05,0.00010094928,206,206,52,16,-6.7788596e-07,0,-6.7788596e-07
35,contact-iteration,7,6.208069e-06,33.0705,33.070507,1.8666125e-05,0.00010094928,206,206,52,16,-6.204198e-07,0,-6.204198e-07
35,contact-iteration,8,5.6398244e-06,33.0705,33.070507,2.0572388e-05,0.00010094928,206,206,52,16,-5.6824445e-07,0,-5.6824445e-07
35,contact-iteration,9,5.1205875e-06,33.0705,33.070503,2.2347276e-05,0.00010094928,206,206,52,16,-5.192371e-07,0,-5.192371e-07
35,contact-iteration,10,4.647448e-06,33.0705,33.070503,2.3996343e-05,0.00010094928,206,206,52,16,-4.7313944e-07,0,-4.7313944e-07
35,contact-iteration,11,4.217388e-06,33.0705,33.070503,2.5524794e-05,0.00010094928,206,206,52,16,-4.300602e-07,0,-4.300602e-07
35,contact-iteration,12,3.8269745e-06,33.0705,33.070503,2.693761e-05,0.00010094928,206,206,52,16,-3.9041342e-07,0,-3.9041342e-07
35,restitution,0,3.8269745e-06,33.0705,33.070503,2.693761e-05,0.00010094928,206,206,52,16,0,0,0
35,shock,0,3.2061603e-06,33.0705,33.070503,2.693761e-05,0.00010094928,206,206,52,16,-6.208141e-07,0,-6.208141e-07
35,rest-damping,0,3.2061603e-06,33.0705,33.070503,2.693761e-05,0.00010094928,206,206,52,16,0,0,0
35,pose-drift,0,3.2061068e-06,33.0705,33.070503,0,0.00010094928,206,206,52,16,-5.3501842e-11,3.3251015e-07,3.3245666e-07
35,split-counterfactual,0,3.2061068e-06,33.0705,33.070503,0,0,0,0,0,0,4.5041993e-16,2.6268302e-05,2.6268302e-05
35,finish,0,3.2061068e-06,33.0705,33.070503,0,0.00010094928,206,206,52,16,0,0,0
36,start,0,3.2061068e-06,33.0705,33.070503,0,0.00010094928,206,206,52,16,0,0,0
36,gravity-kick,0,9.586397e-05,33.0705,33.070595,0,0.00010094928,206,206,52,16,9.2657865e-05,0,9.2657865e-05
36,collide,0,9.586397e-05,33.0705,33.070595,0,0.000100938814,206,206,0,0,0,0,0
36,warm-start,0,0.00020458172,33.0705,33.070705,0,0.000100938814,206,206,52,16,0.00010871775,0,0.00010871775
36,contact-iteration,1,3.0234763e-05,33.0705,33.07053,3.9924385e-06,0.000100938814,206,206,52,16,-0.00017434696,0,-0.00017434696
36,contact-iteration,2,1.1437773e-05,33.0705,33.07051,6.8480363e-06,0.000100938814,206,206,52,16,-1.879699e-05,0,-1.879699e-05
36,contact-iteration,3,8.6778755e-06,33.0705,33.070507,9.476041e-06,0.000100938814,206,206,52,16,-2.7598967e-06,0,-2.7598967e-06
36,contact-iteration,4,7.711907e-06,33.0705,33.070507,1.1942265e-05,0.000100938814,206,206,52,16,-9.65969e-07,0,-9.65969e-07
36,contact-iteration,5,7.008254e-06,33.0705,33.070507,1.425604e-05,0.000100938814,206,206,52,16,-7.036525e-07,0,-7.036525e-07
36,contact-iteration,6,6.3803163e-06,33.0705,33.070507,1.6421203e-05,0.000100938814,206,206,52,16,-6.2793816e-07,0,-6.2793816e-07
36,contact-iteration,7,5.805429e-06,33.0705,33.070507,1.8442566e-05,0.000100938814,206,206,52,16,-5.7488745e-07,0,-5.7488745e-07
36,contact-iteration,8,5.277835e-06,33.0705,33.070507,2.032581e-05,0.000100938814,206,206,52,16,-5.275936e-07,0,-5.275936e-07
36,contact-iteration,9,4.7948274e-06,33.0705,33.070503,2.20768e-05,0.000100938814,206,206,52,16,-4.8300797e-07,0,-4.8300797e-07
36,contact-iteration,10,4.354045e-06,33.0705,33.070503,2.3701245e-05,0.000100938814,206,206,52,16,-4.4078234e-07,0,-4.4078234e-07
36,contact-iteration,11,3.952858e-06,33.0705,33.070503,2.520459e-05,0.000100938814,206,206,52,16,-4.011868e-07,0,-4.011868e-07
36,contact-iteration,12,3.5882604e-06,33.0705,33.070503,2.6592073e-05,0.000100938814,206,206,52,16,-3.645978e-07,0,-3.645978e-07
36,restitution,0,3.5882604e-06,33.0705,33.070503,2.6592073e-05,0.000100938814,206,206,52,16,0,0,0
36,shock,0,3.0074457e-06,33.0705,33.070503,2.6592073e-05,0.000100938814,206,206,52,16,-5.808146e-07,0,-5.808146e-07
36,rest-damping,0,3.0074457e-06,33.0705,33.070503,2.6592073e-05,0.000100938814,206,206,52,16,0,0,0
36,pose-drift,0,3.0073952e-06,33.070503,33.070503,0,0.000100938814,206,206,52,16,-5.0357236e-11,1.1637856e-06,1.1637352e-06
36,split-counterfactual,0,3.0073952e-06,33.070503,33.070503,0,0,0,0,0,0,3.4112812e-16,2.6600814e-05,2.6600814e-05
36,finish,0,3.0073952e-06,33.070503,33.070503,0,0.000100938814,206,206,52,16,0,0,0
37,start,0,3.0073952e-06,33.070503,33.070503,0,0.000100938814,206,206,52,16,0,0,0
37,gravity-kick,0,9.481718e-05,33.070503,33.070595,0,0.000100938814,206,206,52,16,9.180978e-05,0,9.180978e-05
37,collide,0,9.481718e-05,33.070503,33.070595,0,0.00010094723,206,206,0,0,0,0,0
37,warm-start,0,0.00020789704,33.070503,33.07071,0,0.00010094723,206,206,52,16,0.00011307987,0,0.00011307987
37,contact-iteration,1,3.0310357e-05,33.070503,33.07053,4.035214e-06,0.00010094723,206,206,52,16,-0.0001775867,0,-0.0001775867
37,contact-iteration,2,1.100845e-05,33.070503,33.07051,6.917306e-06,0.00010094723,206,206,52,16,-1.9301906e-05,0,-1.9301906e-05
37,contact-iteration,3,8.2518545e-06,33.070503,33.07051,9.559438e-06,0.00010094723,206,206,52,16,-2.7565961e-06,0,-2.7565961e-06
37,contact-iteration,4,7.321326e-06,33.070503,33.070507,1.2032673e-05,0.00010094723,206,206,52,16,-9.3052813e-07,0,-9.3052813e-07
37,contact-iteration,5,6.652435e-06,33.070503,33.070507,1.4350202e-05,0.00010094723,206,206,52,16,-6.6889106e-07,0,-6.6889106e-07
37,contact-iteration,6,6.057151e-06,33.070503,33.070507,1.6518183e-05,0.00010094723,206,206,52,16,-5.95284e-07,0,-5.9528395e-07
37,contact-iteration,7,5.5115056e-06,33.070503,33.070507,1.8542798e-05,0.00010094723,206,206,52,16,-5.4564526e-07,0,-5.4564526e-07
37,contact-iteration,8,5.010833e-06,33.070503,33.070507,2.0430458e-05,0.00010094723,206,206,52,16,-5.006729e-07,0,-5.006729e-07
37,contact-iteration,9,4.5525117e-06,33.070503,33.070507,2.2187342e-05,0.00010094723,206,206,52,16,-4.583214e-07,0,-4.583214e-07
37,contact-iteration,10,4.1342187e-06,33.070503,33.070507,2.381917e-05,0.00010094723,206,206,52,16,-4.182927e-07,0,-4.182927e-07
37,contact-iteration,11,3.753561e-06,33.070503,33.070503,2.5331237e-05,0.00010094723,206,206,52,16,-3.806577e-07,0,-3.806577e-07
37,contact-iteration,12,3.4077038e-06,33.070503,33.070503,2.6728536e-05,0.00010094723,206,206,52,16,-3.4585716e-07,0,-3.4585716e-07
37,restitution,0,3.4077038e-06,33.070503,33.070503,2.6728536e-05,0.00010094723,206,206,52,16,0,0,0
37,shock,0,2.857046e-06,33.070503,33.070503,2.6728536e-05,0.00010094723,206,206,52,16,-5.506579e-07,0,-5.506579e-07
37,rest-damping,0,2.857046e-06,33.070503,33.070503,2.6728536e-05,0.00010094723,206,206,52,16,0,0,0
37,pose-drift,0,2.8569982e-06,33.070503,33.070507,0,0.00010094723,206,206,52,16,-4.773128e-11,1.8288059e-06,1.8287582e-06
37,split-counterfactual,0,2.8569982e-06,33.070503,33.070507,0,0,0,0,0,0,3.9431374e-16,2.6767068e-05,2.6767068e-05
37,finish,0,2.8569982e-06,33.070503,33.070507,0,0.00010094723,206,206,52,16,0,0,0
38,start,0,2.8569982e-06,33.070503,33.070507,0,0.00010094723,206,206,52,16,0,0,0
38,gravity-kick,0,9.400818e-05,33.070503,33.0706,0,0.00010094723,206,206,52,16,9.115118e-05,0,9.115118e-05
38,collide,0,9.400818e-05,33.070503,33.0706,0,0.000100939986,206,206,0,0,0,0,0
38,warm-start,0,0.00020638788,33.070503,33.07071,0,0.000100939986,206,206,52,16,0.0001123797,0,0.0001123797
38,contact-iteration,1,2.9863199e-05,33.070503,33.070534,3.9893253e-06,0.000100939986,206,206,52,16,-0.00017652467,0,-0.00017652467
38,contact-iteration,2,1.0764016e-05,33.070503,33.070515,6.839311e-06,0.000100939986,206,206,52,16,-1.9099183e-05,0,-1.9099183e-05
38,contact-iteration,3,8.050221e-06,33.070503,33.07051,9.460255e-06,0.000100939986,206,206,52,16,-2.7137949e-06,0,-2.7137949e-06
38,contact-iteration,4,7.1412e-06,33.070503,33.07051,1.1917028e-05,0.000100939986,206,206,52,16,-9.0902097e-07,0,-9.0902097e-07
38,contact-iteration,5,6.488241e-06,33.070503,33.07051,1.4217922e-05,0.000100939986,206,206,52,16,-6.5295905e-07,0,-6.5295905e-07
38,contact-iteration,6,5.9083627e-06,33.070503,33.07051,1.6366508e-05,0.000100939986,206,206,52,16,-5.798786e-07,0,-5.798786e-07
38,contact-iteration,7,5.377444e-06,33.070503,33.070507,1.836766e-05,0.000100939986,206,206,52,16,-5.3091867e-07,0,-5.3091867e-07
38,contact-iteration,8,4.89021e-06,33.070503,33.070507,2.0227066e-05,0.000100939986,206,206,52,16,-4.8723354e-07,0,-4.8723354e-07
38,contact-iteration,9,4.443937e-06,33.070503,33.070507,2.1950527e-05,0.000100939986,206,206,52,16,-4.462734e-07,0,-4.4627342e-07
38,contact-iteration,10,4.036512e-06,33.070503,33.070507,2.3543696e-05,0.000100939986,206,206,52,16,-4.0742475e-07,0,-4.0742475e-07
38,contact-iteration,11,3.665639e-06,33.070503,33.070507,2.5012085e-05,0.000100939986,206,206,52,16,-3.7087327e-07,0,-3.7087327e-07
38,contact-iteration,12,3.328698e-06,33.070503,33.070507,2.6361182e-05,0.000100939986,206,206,52,16,-3.3694096e-07,0,-3.3694096e-07
38,restitution,0,3.328698e-06,33.070503,33.070507,2.6361182e-05,0.000100939986,206,206,52,16,0,0,0
38,shock,0,2.792389e-06,33.070503,33.070507,2.6361182e-05,0.000100939986,206,206,52,16,-5.36309e-07,0,-5.36309e-07
38,rest-damping,0,2.792389e-06,33.070503,33.070507,2.6361182e-05,0.000100939986,206,206,52,16,0,0,0
38,pose-drift,0,2.7923422e-06,33.070503,33.070507,0,0.000100939986,206,206,52,16,-4.67456e-11,1.8288059e-06,1.8287592e-06
38,split-counterfactual,0,2.7923422e-06,33.070503,33.070507,0,0,0,0,0,0,3.6218875e-16,2.6600814e-05,2.6600814e-05
38,finish,0,2.7923422e-06,33.070503,33.070507,0,0.000100939986,206,206,52,16,0,0,0
39,start,0,2.7923422e-06,33.070503,33.070507,0,0.000100939986,206,206,52,16,0,0,0
39,gravity-kick,0,9.363764e-05,33.070503,33.0706,0,0.000100939986,206,206,52,16,9.08453e-05,0,9.08453e-05
39,collide,0,9.363764e-05,33.070503,33.0706,0,0.00010093998,206,206,0,0,0,0,0
39,warm-start,0,0.00020451426,33.070503,33.07071,0,0.00010093998,206,206,52,16,0.000110876616,0,0.000110876616
39,contact-iteration,1,3.0689716e-05,33.070503,33.070538,3.9432625e-06,0.00010093998,206,206,52,16,-0.00017382455,0,-0.00017382455
39,contact-iteration,2,1.1334297e-05,33.070503,33.070515,6.744706e-06,0.00010093998,206,206,52,16,-1.9355419e-05,0,-1.9355419e-05
39,contact-iteration,3,8.402462e-06,33.070503,33.070515,9.309138e-06,0.00010093998,206,206,52,16,-2.9318348e-06,0,-2.9318348e-06
39,contact-iteration,4,7.502751e-06,33.070503,33.07051,1.1705099e-05,0.00010093998,206,206,52,16,-8.997112e-07,0,-8.997112e-07
39,contact-iteration,5,6.792345e-06,33.070503,33.07051,1.3945106e-05,0.00010093998,206,206,52,16,-7.104057e-07,0,-7.1040574e-07
39,contact-iteration,6,6.1716783e-06,33.070503,33.07051,1.6035387e-05,0.00010093998,206,206,52,16,-6.206669e-07,0,-6.206669e-07
39,contact-iteration,7,5.607126e-06,33.070503,33.07051,1.7982351e-05,0.00010093998,206,206,52,16,-5.6455264e-07,0,-5.6455264e-07
39,contact-iteration,8,5.0923195e-06,33.070503,33.07051,1.9792707e-05,0.00010093998,206,206,52,16,-5.1480646e-07,0,-5.1480646e-07
39,contact-iteration,9,4.6239393e-06,33.070503,33.07051,2.1473006e-05,0.00010093998,206,206,52,16,-4.683798e-07,0,-4.683798e-07
39,contact-iteration,10,4.1976978e-06,33.070503,33.07051,2.3029406e-05,0.00010093998,206,206,52,16,-4.2624174e-07,0,-4.2624174e-07
39,contact-iteration,11,3.8106969e-06,33.070503,33.070507,2.4467678e-05,0.00010093998,206,206,52,16,-3.870009e-07,0,-3.870009e-07
39,contact-iteration,12,3.4596399e-06,33.070503,33.070507,2.579329e-05,0.00010093998,206,206,52,16,-3.5105688e-07,0,-3.5105688e-07
39,restitution,0,3.4596399e-06,33.070503,33.070507,2.579329e-05,0.00010093998,206,206,52,16,0,0,0
39,shock,0,2.9009516e-06,33.070503,33.070507,2.5793292e-05,0.00010093998,206,206,52,16,-5.5868844e-07,0,-5.5868844e-07
39,rest-damping,0,2.9009516e-06,33.070503,33.070507,2.5793292e-05,0.00010093998,206,206,52,16,0,0,0
39,pose-drift,0,2.900903e-06,33.070507,33.070507,0,0.00010093998,206,206,52,16,-4.8550983e-11,4.9876525e-07,4.987167e-07
39,split-counterfactual,0,2.900903e-06,33.070507,33.070507,0,0,0,0,0,0,5.416471e-16,2.5437028e-05,2.5437028e-05
39,finish,0,2.900903e-06,33.070507,33.070507,0,0.00010093998,206,206,52,16,0,0,0
