frame,time_s,kinetic_J,potential_J,total_J,delta_E_J,ui_total_J,depth_m,contacts,matched,locked,max_speed_m_s,max_spin_rad_s,max_move_m,tip_y_m,broken
1,0.016666668,0.1063752,34.25509,34.36146,-0.0026841382,34.36146,0,122,122,29,0.16347197,0,0.0013964176,0.22860363,0
2,0.033333335,0.3645934,33.97075,34.335342,-0.026119737,34.335342,0,133,133,33,0.32688943,4.1051585e-06,0.004120469,0.22448318,0
3,0.05,0.5494327,33.586044,34.135475,-0.19986647,34.135475,0,153,153,31,0.49025264,0.9696582,0.0068436265,0.21763957,0
4,0.06666667,0.489813,33.268238,33.75805,-0.37742576,33.75805,0,180,180,35,0.65356153,1.2298001,0.009565905,0.20807366,0
5,0.083333336,0.0050029755,33.19802,33.203026,-0.55502623,33.203026,8.5218535e-06,198,198,39,0.030838896,1.3606057,0.004178516,0.20390813,0
6,0.1,0.0017378773,33.196964,33.1987,-0.004322647,33.1987,1.508273e-05,190,190,47,0.029676545,0.6943879,0.0005156375,0.20389828,0
7,0.11666667,0.0007680187,33.19554,33.196312,-0.0023908408,33.196312,1.9949623e-05,194,194,48,0.02190139,0.44093078,0.00041807722,0.20386745,0
8,0.13333334,0.00035865948,33.195366,33.195724,-0.00058525713,33.195724,2.0412108e-05,196,196,50,0.018382868,0.26260486,0.00033980588,0.20386751,0
9,0.15,0.00016119036,33.195236,33.195396,-0.00032914313,33.195396,2.0485646e-05,197,197,50,0.013569153,0.113088995,0.00026574795,0.20386781,0
10,0.16666667,9.160685e-05,33.195084,33.195175,-0.00022270443,33.195175,2.0514142e-05,197,197,50,0.009366823,0.037084423,0.00018763261,0.2038663,0
11,0.18333334,6.689799e-05,33.194897,33.19496,-0.00021141331,33.19496,2.1494718e-05,197,197,50,0.007676312,0.026123159,0.00014180165,0.20386381,0
12,0.2,4.81119e-05,33.194702,33.19475,-0.0002119745,33.19475,2.3658906e-05,197,197,50,0.006006574,0.016329648,0.00011302161,0.20386083,0
13,0.21666667,3.3625674e-05,33.194508,33.194542,-0.00020734212,33.194542,2.5821662e-05,197,197,50,0.005040894,0.01387571,9.1909e-05,0.20385785,0
14,0.23333333,2.1318148e-05,33.194317,33.194336,-0.00020516342,33.194336,2.8051565e-05,197,197,50,0.0040394305,0.011428579,7.549696e-05,0.20385487,0
15,0.25,1.165291e-05,33.194122,33.194134,-0.00020252113,33.194134,3.0303667e-05,197,197,50,0.0030202325,0.0089600785,5.860519e-05,0.2038519,0
16,0.26666668,5.0307212e-06,33.193947,33.19395,-0.00018484764,33.19395,3.136722e-05,197,197,50,0.0020291426,0.006590149,4.171387e-05,0.20384891,0
17,0.28333333,1.7672188e-06,33.19378,33.193783,-0.00016885356,33.193783,3.142414e-05,197,197,50,0.0012396394,0.004645565,2.626506e-05,0.20384593,0
18,0.3,1.3921505e-06,33.193623,33.193623,-0.00015898241,33.193623,3.1471733e-05,197,197,50,0.0010635937,0.003932775,1.8084942e-05,0.20384245,0
19,0.31666666,1.7570484e-06,33.193462,33.193462,-0.00015923998,33.193462,3.1529744e-05,197,197,50,0.0011606995,0.0039445306,1.8434988e-05,0.20383887,0
20,0.33333334,2.089549e-06,33.193302,33.193302,-0.00015927237,33.193302,3.1479085e-05,197,197,50,0.0012520835,0.0040509715,2.020259e-05,0.2038353,0
21,0.35,2.2860447e-06,33.193142,33.193146,-0.00015940839,33.193146,3.2500026e-05,197,197,50,0.0013037848,0.004118686,2.1391666e-05,0.20383172,0
22,0.36666667,2.3777332e-06,33.19298,33.192986,-0.00015951319,33.192986,3.4842113e-05,197,197,50,0.0013267553,0.0041436036,2.1991214e-05,0.20382814,0
23,0.38333333,2.4052874e-06,33.19282,33.192825,-0.00015957732,33.192825,3.730209e-05,197,197,50,0.0013327425,0.0041404166,2.2215556e-05,0.20382456,0
24,0.4,2.3969778e-06,33.192665,33.192665,-0.00015961319,33.192665,3.968272e-05,197,197,50,0.0013293424,0.004121204,2.2227689e-05,0.20382099,0
25,0.41666666,2.3695427e-06,33.192505,33.192505,-0.00015963231,33.192505,4.2111693e-05,197,197,50,0.0013209027,0.00409328,2.2123995e-05,0.20381741,0
26,0.43333334,2.3323726e-06,33.192345,33.19235,-0.00015964205,33.19235,4.459872e-05,197,197,50,0.0013098429,0.004061052,2.1958725e-05,0.20381384,0
27,0.45,2.2904896e-06,33.192184,33.19219,-0.00015964676,33.19219,4.699776e-05,197,197,50,0.0012974484,0.00402661,2.1762267e-05,0.20381026,0
28,0.46666667,2.2466118e-06,33.192024,33.192028,-0.00015964876,33.192028,4.9387014e-05,198,198,50,0.0012844234,0.00399134,2.1550313e-05,0.20380668,0
29,0.48333332,2.2021356e-06,33.191864,33.191868,-0.00015964935,33.191868,5.1756775e-05,198,198,50,0.0012711304,0.0039557694,2.1330996e-05,0.2038031,0
30,0.5,2.1577976e-06,33.191708,33.191708,-0.00015964922,33.191708,5.4186756e-05,198,198,50,0.0012577655,0.0039203526,2.11094e-05,0.20379953,0
31,0.51666665,2.1139797e-06,33.191547,33.191547,-0.0001596487,33.191547,5.66172e-05,198,198,50,0.0012444316,0.003885163,2.0887244e-05,0.20379595,0
32,0.53333336,2.063301e-06,33.191376,33.19138,-0.00017029588,33.19138,5.9014747e-05,198,198,50,0.001251022,0.003816544,2.077285e-05,0.20379238,0
33,0.55,2.0315274e-06,33.191204,33.191208,-0.00017060949,33.191208,6.149176e-05,198,198,50,0.001219345,0.0034786595,2.0654406e-05,0.2037888,0
34,0.56666666,2.01555e-06,33.191032,33.191036,-0.00017292127,33.191036,6.38896e-05,198,198,50,0.0012340735,0.0037631763,2.0613857e-05,0.20378523,0
35,0.5833333,1.978649e-06,33.19086,33.19086,-0.00017277594,33.19086,6.603682e-05,198,198,50,0.0012247971,0.0037756464,2.0363692e-05,0.20378149,0
36,0.6,1.932276e-06,33.19069,33.190693,-0.00016995906,33.190693,6.845177e-05,198,198,50,0.0012042209,0.0036367327,2.0101863e-05,0.20377791,0
37,0.6166667,1.9115803e-06,33.190514,33.190517,-0.00017442228,33.190517,7.068807e-05,198,198,50,0.0011996826,0.0036567117,2.0151232e-05,0.20377411,0
38,0.6333333,1.8824194e-06,33.190342,33.190346,-0.00017293445,33.190346,7.314126e-05,198,198,50,0.0011917843,0.0036548597,1.9948055e-05,0.20377053,0
39,0.65,1.8284392e-06,33.190174,33.190174,-0.00016996668,33.190174,7.551516e-05,198,198,50,0.0011722249,0.003573989,1.9544987e-05,0.20376696,0
40,0.6666667,1.8032337e-06,33.19,33.19,-0.00017525806,33.19,7.7818724e-05,198,198,50,0.0011661149,0.0035853104,1.9563213e-05,0.20376317,0
41,0.68333334,1.7728286e-06,33.189823,33.189827,-0.00017293569,33.189827,8.0231875e-05,198,198,50,0.0011555325,0.0035501975,1.9351002e-05,0.2037596,0
42,0.7,1.7260227e-06,33.18965,33.18965,-0.00017295209,33.18965,8.2485756e-05,198,198,50,0.0011424233,0.003550771,1.8990397e-05,0.20375581,0
43,0.71666664,1.6981485e-06,33.18948,33.18948,-0.00017293316,33.18948,8.480628e-05,205,205,52,0.001130209,0.0034762525,1.8917604e-05,0.20375223,0
44,0.73333335,1.6506742e-06,33.18931,33.18931,-0.0001706252,33.18931,8.7246786e-05,205,205,52,0.0011152162,0.0034578633,1.854024e-05,0.20374866,0
45,0.75,1.6266364e-06,33.189133,33.189137,-0.00017475813,33.189137,8.9498055e-05,205,205,52,0.001105497,0.0034058758,1.8557601e-05,0.20374486,0
46,0.76666665,1.5791265e-06,33.188965,33.188965,-0.00017012646,33.188965,9.1907765e-05,205,205,52,0.001081875,0.0032394647,1.8124174e-05,0.2037413,0
47,0.78333336,1.563072e-06,33.188786,33.18879,-0.00017608018,33.18879,9.413964e-05,205,205,52,0.0010851856,0.0033763181,1.81476e-05,0.2037375,0
48,0.8,1.5175787e-06,33.188618,33.188618,-0.00016962568,33.188618,9.656984e-05,205,205,52,0.0010451094,0.0029760196,1.7791575e-05,0.20373392,0
49,0.81666666,1.4981431e-06,33.188446,33.188446,-0.00017292472,33.188446,9.901047e-05,205,205,52,0.0010493202,0.0031064004,1.7684471e-05,0.20373034,0
50,0.8333333,1.5148307e-06,33.188267,33.188267,-0.00017870753,33.188267,9.998243e-05,205,205,52,0.0010594381,0.0032325764,1.7380898e-05,0.20372657,0
51,0.85,1.4377057e-06,33.188084,33.188084,-0.00018312396,33.188084,0.000100032536,205,205,52,0.0010369796,0.003205019,1.735575e-05,0.20372298,0
52,0.8666667,1.4014909e-06,33.1879,33.1879,-0.00018258429,33.1879,0.000100032725,205,205,52,0.001026072,0.0032098626,1.699439e-05,0.2037194,0
53,0.8833333,1.3830149e-06,33.187714,33.187717,-0.00018622416,33.187717,0.00010002281,205,205,52,0.001016012,0.003139676,1.7038106e-05,0.20371562,0
54,0.9,1.346939e-06,33.18753,33.187534,-0.00018191914,33.187534,0.00010001352,206,206,52,0.0009762133,0.00277619,1.6714666e-05,0.20371205,0
55,0.9166667,1.3226273e-06,33.187347,33.187347,-0.00018556498,33.187347,0.000100063255,206,206,52,0.0009919733,0.0030584205,1.657797e-05,0.20370847,0
56,0.93333334,1.2878929e-06,33.187164,33.187164,-0.00018258281,33.187164,0.000100054625,206,206,52,0.00097284693,0.0029284456,1.6358119e-05,0.20370474,0
57,0.95,1.2704714e-06,33.186977,33.18698,-0.00018555809,33.18698,0.000100025485,206,206,52,0.0009719884,0.0030112024,1.626537e-05,0.20370117,0
58,0.96666664,1.2377112e-06,33.1868,33.186802,-0.0001797545,33.186802,9.997654e-05,206,206,52,0.00096120435,0.0030072858,1.5898348e-05,0.2036976,0
59,0.98333335,1.2203385e-06,33.186615,33.186615,-0.00018456051,33.186615,9.999632e-05,206,206,52,0.00095228705,0.0029606377,1.597467e-05,0.20369382,0
60,1,1.1988902e-06,33.186428,33.186428,-0.00018589463,33.186428,0.00010004722,206,206,52,0.0009161527,0.0028288641,1.5766784e-05,0.20369025,0
61,1.0166667,7.628267e-07,33.18624,33.18624,-0.00018797179,33.18624,9.996277e-05,206,206,52,0.0007364913,0.0022724757,1.3615127e-05,0.20368667,0
62,1.0333333,0.009668744,33.18615,33.195816,0.009575711,33.195816,0.00010001779,206,206,52,0.0902881,2.03535,0.00093152805,0.20369938,0
63,1.05,0.04685852,33.186756,33.233616,0.037798602,33.233616,0.000100108555,204,204,51,0.20154764,4.198824,0.0026821806,0.20376906,0
64,1.0666667,0.10679612,33.18959,33.296387,0.06277125,33.296387,0.000100031975,204,204,49,0.315288,5.227316,0.004557129,0.20397502,0
65,1.0833334,0.19190861,33.19727,33.38918,0.09278998,33.38918,0.00010000238,206,206,44,0.4240168,6.17361,0.0064373575,0.20444177,0
66,1.1,0.28652167,33.21309,33.49961,0.11043206,33.49961,0.00010018034,211,211,44,0.52196836,6.0041075,0.00813013,0.20530793,0
67,1.1166667,0.3914477,33.24037,33.63182,0.13221097,33.63182,0.0001003373,211,210,46,0.6111237,5.427579,0.009690127,0.20671295,0
68,1.1333333,0.49557126,33.282215,33.777786,0.14596416,33.777786,0.00010034035,209,209,45,0.6826268,4.787961,0.0110493,0.20878771,0
69,1.15,0.5823123,33.341328,33.923637,0.14585403,33.923637,0.00010027165,211,207,42,0.73142797,4.257504,0.012054693,0.21165612,0
70,1.1666666,0.6528668,33.41166,34.064526,0.14088702,34.064526,0.000100306344,214,214,42,0.7599727,4.0153117,0.012663916,0.21500269,0
71,1.1833333,0.7043843,33.484646,34.18903,0.12450438,34.18903,0.00010041455,209,209,47,0.7698289,3.1210825,0.013067831,0.2184047,0
72,1.2,0.75523484,33.564377,34.319614,0.1305833,34.319614,0.00010044771,203,203,46,0.77761686,3.0240898,0.013117747,0.22201818,0
73,1.2166667,0.7826988,33.65222,34.43492,0.11530734,34.43492,0.000100487996,200,200,44,0.77813345,3.0415783,0.013182952,0.22590648,0
74,1.2333333,0.7802118,33.74693,34.52714,0.09222132,34.52714,0.00010067197,192,192,35,0.7709263,3.0098653,0.013109806,0.2300371,0
75,1.25,0.75200063,33.841393,34.593395,0.06625197,34.593395,0.00010065126,197,194,36,0.7610116,3.5600593,0.012948214,0.23420513,0
76,1.2666667,0.6943113,33.926765,34.62108,0.02768285,34.62108,0.000101135614,207,207,35,0.72429234,3.7442763,0.0125949,0.23821144,0
77,1.2833333,0.62965816,34.029545,34.659206,0.038127873,34.659206,0.00010121063,202,202,35,0.6766697,4.6056213,0.011826694,0.24299082,0
78,1.3,0.5658344,34.13873,34.704563,0.045359295,34.704563,0.000100311045,210,210,34,0.63046414,5.252336,0.011011188,0.24810684,0
79,1.3166667,0.507769,34.254723,34.762493,0.057929106,34.762493,0.00010046343,214,214,34,0.59641224,6.210506,0.010321464,0.25353175,0
80,1.3333334,0.45910427,34.37594,34.835045,0.07255054,34.835045,0.000100412704,202,202,26,0.5791729,7.279803,0.00990181,0.2591287,0
81,1.35,0.42462966,34.493645,34.918274,0.08322932,34.918274,0.00010046999,210,210,42,0.57573384,8.153216,0.009728696,0.26489267,0
82,1.3666667,0.3821323,34.615864,34.997993,0.0797214,34.997993,0.000100373734,213,213,40,0.53301364,8.174634,0.009129728,0.27106434,0
83,1.3833333,0.36457387,34.74154,35.106113,0.108119436,35.106113,0.000100422105,209,209,46,0.5384242,8.211571,0.009029275,0.27760312,0
84,1.4,0.35988095,34.87296,35.23284,0.1267264,35.23284,0.000100386605,208,208,46,0.5646439,8.091634,0.009301254,0.28478914,0
85,1.4166666,0.36346993,35.011143,35.374615,0.14177322,35.374615,0.00010046881,212,212,44,0.59897876,7.7421513,0.009828449,0.29283416,0
86,1.4333333,0.37329164,35.157444,35.530735,0.15612051,35.530735,0.00010033645,202,202,42,0.6337774,7.2113476,0.010422132,0.30181694,0
87,1.45,0.3874944,35.311012,35.69851,0.16777359,35.69851,0.00010038118,212,212,41,0.6690391,6.681635,0.011016041,0.3115986,0
88,1.4666667,0.4052309,35.46694,35.872173,0.17366415,35.872173,0.00010041666,221,219,40,0.70380706,6.3960423,0.011626676,0.32200268,0
89,1.4833333,0.4259621,35.62065,36.04661,0.174441,36.04661,0.00010037643,219,219,36,0.7315147,6.1060834,0.012162422,0.3327619,0
90,1.5,0.45233032,35.768166,36.220497,0.17388271,36.220497,0.000100343175,216,215,35,0.760147,5.725276,0.012641843,0.34356067,0
91,1.5166667,0.48877826,35.903854,36.392635,0.17213868,36.392635,0.00010036896,216,216,34,0.77796656,6.6715956,0.012927262,0.35384804,0
92,1.5333333,0.52867126,36.02172,36.550392,0.15775687,36.550392,0.00010031796,225,225,34,0.7733764,7.52354,0.013112142,0.36301774,0
93,1.55,0.55870503,36.120884,36.67959,0.12919632,36.67959,0.00010067493,218,218,32,0.7401919,5.9758625,0.013118665,0.37093538,0
94,1.5666667,0.6632753,36.206486,36.86976,0.19017234,36.86976,0.000100748,221,221,30,0.7900635,5.982632,0.012928053,0.37766156,0
95,1.5833334,0.7873154,36.282776,37.07009,0.20033096,37.07009,0.00010035466,231,228,30,0.8594376,6.5349813,0.013949736,0.38390958,0
96,1.6,0.91343164,36.341354,37.254787,0.18469518,37.254787,0.000100217374,225,225,29,0.9155382,7.162182,0.015093586,0.3895857,0
97,1.6166667,1.0232791,36.377495,37.400772,0.14598764,37.400772,0.0001003155,238,238,29,0.9340319,6.8122387,0.015669012,0.39418212,0
98,1.6333333,1.1376288,36.390194,37.52782,0.12704752,37.52782,0.00010018636,240,240,29,0.9815405,7.1121645,0.016253227,0.39751145,0
99,1.65,1.2167525,36.376953,37.593704,0.06588389,37.593704,0.000100654615,241,241,28,1.0161574,6.725829,0.017030427,0.39942196,0
100,1.6666666,1.2728513,36.344498,37.61735,0.02364619,37.61735,0.00010066629,263,263,29,1.0127878,7.0485168,0.017197452,0.39981544,0
101,1.6833333,1.3555627,36.286533,37.642094,0.024743825,37.642094,0.00010025378,259,259,28,1.0128341,7.5031643,0.017219745,0.39863735,0
102,1.7,1.4656173,36.200363,37.66598,0.023885552,37.66598,0.00010021566,241,241,30,1.056453,7.990735,0.017561447,0.39533472,0
103,1.7166667,1.5909787,36.088863,37.679844,0.0138635095,37.679844,0.00010031885,236,236,28,1.0525544,8.903299,0.017753663,0.39024317,0
104,1.7333333,1.7298193,35.957603,37.687424,0.00758055,37.687424,0.000100250276,225,225,23,1.0852765,9.01831,0.01811446,0.38382378,0
105,1.75,1.8692658,35.811714,37.68098,-0.006444675,37.68098,0.00010027718,227,227,23,1.1223253,8.560726,0.01872262,0.37610444,0
106,1.7666667,1.9903822,35.660122,37.650505,-0.030474668,37.650505,0.00010031122,227,227,34,1.1331826,8.473616,0.019220205,0.3673922,0
107,1.7833333,2.0840409,35.514206,37.598248,-0.05225868,37.598248,0.00010035801,231,231,34,1.1455758,9.368161,0.019224571,0.35794255,0
108,1.8,2.1254508,35.384445,37.509895,-0.08834953,37.509895,0.00010049866,221,221,34,1.1579503,9.80454,0.019497037,0.34773618,0
109,1.8166667,2.1128416,35.277866,37.39071,-0.11918861,37.39071,0.00010043083,211,211,33,1.1634876,10.419976,0.01960073,0.33725336,0
110,1.8333334,2.0572233,35.20473,37.261955,-0.1287544,37.261955,0.00010041399,231,231,34,1.1561269,11.420073,0.019627718,0.32678202,0
111,1.85,1.9429709,35.17082,37.113792,-0.14816311,37.113792,0.00010114474,222,222,32,1.126319,12.284824,0.019240804,0.31681114,0
112,1.8666667,1.7787094,35.16681,36.94552,-0.1682728,36.94552,0.00010044858,236,233,32,1.0910497,12.611312,0.01869554,0.3074901,0
113,1.8833333,1.5650442,35.18526,36.750305,-0.19521233,36.750305,0.000100230805,242,242,40,1.0349382,12.434613,0.017920278,0.2990848,0
114,1.9,1.2480866,35.21541,36.463493,-0.28681082,36.463493,9.8883225e-05,235,235,35,0.94506204,9.508395,0.0165998,0.29295653,0
115,1.9166666,0.9876226,35.22721,36.214832,-0.2486629,36.214832,0.00010026807,232,228,27,0.82687324,9.20534,0.01484252,0.28722495,0
116,1.9333333,0.7373577,35.220867,35.958225,-0.25660622,35.958225,8.693227e-05,220,220,30,0.6907097,8.79289,0.012799116,0.28161755,0
117,1.95,0.5266488,35.211758,35.738407,-0.21981764,35.738407,7.182507e-05,213,213,34,0.5376289,7.583888,0.010211632,0.27717304,0
118,1.9666667,0.39755076,35.185635,35.583187,-0.15522242,35.583187,7.385905e-05,212,212,32,0.42488325,6.7716913,0.008033874,0.27315158,0
119,1.9833333,0.33847567,35.13954,35.478016,-0.10516862,35.478016,7.675592e-05,223,223,40,0.36615422,6.430666,0.0065944823,0.2692524,0
120,2,0.3331194,35.074135,35.407253,-0.070762716,35.407253,8.311741e-05,219,219,37,0.36993235,6.6841474,0.0061868834,0.265223,0
121,2.0166667,0.36132023,34.99962,35.36094,-0.046313677,35.36094,9.219571e-05,212,211,36,0.42618468,7.421658,0.0067707375,0.26121148,0
122,2.0333333,0.4047414,34.928127,35.33287,-0.028070828,35.33287,9.729518e-05,213,213,36,0.5157293,8.665168,0.00804082,0.25748688,0
123,2.05,0.48005283,34.85876,35.338814,0.0059448043,35.338814,0.0001010162,214,214,26,0.60764223,9.576633,0.009654964,0.2541438,0
124,2.0666666,0.5627162,34.778908,35.341625,0.0028113918,35.341625,0.00010079529,222,222,30,0.66085505,9.80011,0.010767351,0.25111794,0
125,2.0833333,0.6889958,34.66527,35.354267,0.012640871,35.354267,0.00010072882,216,216,30,0.7343141,9.050995,0.011840805,0.24766603,0
126,2.1,0.8320086,34.515316,35.347324,-0.006940583,35.347324,0.00010071449,217,216,32,0.78527063,7.779406,0.012951087,0.24362907,0
127,2.1166666,0.989095,34.33873,35.327824,-0.01950246,35.327824,0.00010051876,217,217,32,0.8307178,6.107749,0.013687411,0.23926187,0
128,2.1333334,1.1497481,34.150146,35.299892,-0.0279302,35.299892,0.00010023607,216,216,32,0.86544114,4.1059346,0.014335523,0.2346036,0
129,2.15,1.2994571,33.96845,35.267906,-0.031986527,35.267906,0.000100204,203,203,31,0.8925128,3.5183372,0.014845253,0.22995703,0
130,2.1666667,1.438884,33.798546,35.23743,-0.030476453,35.23743,0.00010079814,200,200,31,0.91368294,3.4839225,0.015247342,0.2253188,0
131,2.1833334,1.56532,33.64918,35.2145,-0.02292844,35.2145,0.00010092849,211,211,31,0.93308645,3.557715,0.015566802,0.22098613,0
132,2.2,1.6788251,33.52885,35.207676,-0.00682763,35.207676,0.000101111655,200,200,30,0.97036195,3.7776325,0.015917322,0.21723267,0
133,2.2166667,1.7763281,33.440464,35.216793,0.00911751,35.216793,0.00010108227,220,220,29,1.0033574,3.7672284,0.01657476,0.21436092,0
134,2.2333333,1.8496768,33.383495,35.23317,0.016378585,35.23317,0.00010034024,225,225,37,1.0122042,3.4298275,0.016877197,0.212582,0
135,2.25,1.8890276,33.355675,35.2447,0.011530121,35.2447,0.00010017998,218,218,36,1.0142423,3.2374156,0.017021397,0.21178985,0
136,2.2666667,1.8936789,33.35836,35.25204,0.0073394906,35.25204,0.000100239755,216,216,35,1.0172051,3.0961444,0.017177781,0.21188425,0
137,2.2833333,1.8648418,33.389793,35.254635,0.0025958158,35.254635,0.00010026253,225,225,36,1.014794,2.7592385,0.017207302,0.21281315,0
138,2.3,1.8044239,33.448948,35.253372,-0.0012635571,35.253372,0.000100374236,227,227,36,0.9994263,2.521578,0.017048767,0.2144374,0
139,2.3166666,1.7187477,33.53175,35.2505,-0.00287417,35.2505,0.000100288555,221,221,36,0.98013735,2.3340287,0.016744884,0.21646768,0
140,2.3333333,1.6170254,33.632446,35.24947,-0.0010279437,35.24947,0.00010048416,215,215,37,0.9578033,2.9381201,0.01637089,0.21853524,0
141,2.35,1.4880304,33.757603,35.245632,-0.0038385426,35.245632,0.00010033253,220,220,37,0.9329017,3.79708,0.01597851,0.22068083,0
142,2.3666666,1.3288444,33.905674,35.23452,-0.011113498,35.23452,0.000100331315,218,218,37,0.9003447,3.7609718,0.015475626,0.22377077,0
143,2.3833334,1.1819016,34.070816,35.252716,0.018197598,35.252716,0.000100246245,216,216,42,0.8639241,3.9458733,0.014883875,0.2276833,0
144,2.4,1.0323067,34.2418,35.274105,0.02138804,35.274105,0.00010021051,219,219,42,0.82137674,4.3064337,0.014239284,0.23190786,0
145,2.4166667,0.8822599,34.41464,35.296898,0.022795303,35.296898,0.00010016975,217,217,42,0.7728704,4.591243,0.013447126,0.23646118,0
146,2.4333334,0.7333819,34.585094,35.318478,0.021578703,35.318478,0.00010081887,208,208,40,0.71897066,4.964079,0.012581541,0.24120106,0
147,2.45,0.59276664,34.743027,35.335793,0.017316407,35.335793,0.00010084394,212,212,39,0.6561961,5.587058,0.011607601,0.2457984,0
148,2.4666667,0.46564654,34.88252,35.348167,0.012371403,35.348167,0.00010096029,200,200,42,0.5835105,6.350183,0.010478334,0.25008413,0
149,2.4833333,0.35029754,35.005066,35.355362,0.0071976264,35.355362,0.00010133581,205,205,41,0.50125974,6.6652584,0.009139354,0.2542597,0
150,2.5,0.2582476,35.10731,35.36556,0.010196269,35.36556,0.00010168453,203,200,40,0.42680368,7.021956,0.007825406,0.2580959,0
151,2.5166667,9.270221,35.32263,44.592854,9.227294,44.592854,0.00010098682,202,200,40,3.150966,53.403976,0.030002657,0.27610785,0
152,2.5333333,13.492749,35.63736,49.130108,4.537255,49.130108,8.8259934e-05,210,210,36,3.8546414,48.51788,0.055474065,0.30036393,0
153,2.55,16.817127,35.91041,52.72754,3.597432,52.72754,8.93281e-05,233,233,27,4.2478595,55.325237,0.07010837,0.31635278,0
154,2.5666666,16.525082,36.121,52.64608,-0.08146229,52.64608,7.704392e-05,247,247,20,3.593892,37.807228,0.064205214,0.33510658,0
155,2.5833333,14.572998,36.378235,50.951233,-1.6948441,50.951233,9.3311806e-05,245,242,16,2.9426668,26.345829,0.054380246,0.355228,0
156,2.6,13.125796,36.68739,49.813187,-1.1380469,49.813187,9.880016e-05,252,252,14,2.7065501,19.30918,0.047335126,0.37182507,0
157,2.6166666,12.083555,37.04582,49.12937,-0.6838154,49.12937,0.000100225836,255,253,14,2.4051044,18.340363,0.0427087,0.38498282,0
158,2.6333334,11.179413,37.38738,48.56679,-0.5625815,48.56679,0.00010037604,273,269,11,2.3745084,17.457075,0.039594244,0.3951278,0
159,2.65,9.287622,37.702797,46.99042,-1.5763696,46.99042,5.961963e-05,274,274,18,1.904081,10.776779,0.036679816,0.40397567,0
160,2.6666667,8.118051,37.94313,46.061184,-0.9292381,46.061184,7.506867e-05,274,270,26,1.7109662,17.981394,0.02965374,0.40896967,0
161,2.6833334,7.4998193,38.129585,45.629406,-0.4317764,45.629406,8.99585e-05,255,255,26,1.5826888,21.71013,0.027373713,0.40995762,0
162,2.7,6.873091,38.28308,45.156174,-0.4732337,45.156174,7.678194e-05,275,273,24,1.4666952,22.02127,0.02538592,0.40695372,0
163,2.7166667,6.1186957,38.45949,44.578186,-0.5779865,44.578186,7.5274394e-05,268,268,16,1.3974992,20.88572,0.023401085,0.4002059,0
164,2.7333333,5.3137903,38.596546,43.910336,-0.66784924,43.910336,3.2964028e-05,250,250,14,1.2996398,21.937569,0.022545809,0.389896,0
165,2.75,4.5612597,38.74432,43.30558,-0.6047561,43.30558,3.6192654e-05,277,276,5,1.2727965,21.287613,0.0216615,0.3770677,0
166,2.7666667,3.3976755,38.915836,42.31351,-0.9920706,42.31351,5.3105538e-05,291,291,5,1.1002232,17.657356,0.019738004,0.36633244,0
167,2.7833333,2.3357084,39.0951,41.43081,-0.88270044,41.43081,9.248143e-05,287,287,21,0.95158666,16.741209,0.01619332,0.35688514,0
168,2.8,1.682993,39.350048,41.033043,-0.39776677,41.033043,0.00010327842,287,287,31,0.9554869,15.942735,0.015682714,0.34883422,0
169,2.8166666,1.27649,39.500084,40.776577,-0.2564672,40.776577,0.00010154475,283,283,22,0.9533101,15.740643,0.015835246,0.34113452,0
170,2.8333333,1.1138482,39.517994,40.631844,-0.14473236,40.631844,0.000101175036,278,278,30,0.9600755,15.295803,0.01597723,0.3336752,0
171,2.85,1.0700073,39.417034,40.48704,-0.14480032,40.48704,0.000100073026,290,287,31,0.9289184,15.295242,0.015797826,0.32683071,0
172,2.8666666,1.0760442,39.220257,40.2963,-0.19074336,40.2963,8.531885e-05,280,280,28,0.8195271,14.345201,0.014557839,0.32265994,0
173,2.8833334,1.0860542,39.000584,40.086636,-0.20966342,40.086636,7.292671e-05,279,279,37,0.7110937,13.66522,0.012718863,0.32134113,0
174,2.9,1.1870816,38.76452,39.951603,-0.13503425,39.951603,6.054075e-05,279,279,23,0.62631464,12.469366,0.010826966,0.32255918,0
175,2.9166667,1.3546493,38.49964,39.85429,-0.0973115,39.85429,4.854526e-05,277,277,22,0.73671025,11.246316,0.011374344,0.3255749,0
176,2.9333334,1.5712469,38.188107,39.759354,-0.09493722,39.759354,4.525125e-05,280,280,31,0.8408336,9.8980875,0.013156348,0.32948574,0
177,2.95,1.4163697,37.845245,39.261616,-0.49773678,39.261616,4.907304e-05,285,285,32,0.894843,9.640451,0.01461724,0.32960227,0
178,2.9666667,1.391702,37.53266,38.924366,-0.33725142,38.924366,6.0045953e-05,279,279,30,0.90076137,9.538178,0.015027596,0.32909048,0
179,2.9833333,1.3157396,37.287567,38.603306,-0.32105932,38.603306,3.8134032e-05,289,289,34,0.8754755,8.152274,0.014657846,0.3286837,0
180,3,1.2581033,37.07351,38.33161,-0.27169317,38.33161,4.384267e-05,290,284,32,0.8360688,7.73877,0.014646092,0.32805434,0
181,3.0166667,1.5149834,36.878307,38.39329,0.06167916,38.39329,4.743361e-05,287,287,24,0.7980391,10.093698,0.013370407,0.32666457,0
182,3.0333333,1.5539776,36.655525,38.2095,-0.1837906,38.2095,5.164542e-05,284,284,23,0.7914417,6.4003873,0.013197083,0.3230144,0
183,3.05,1.4949977,36.41952,37.91452,-0.2949814,37.91452,5.8130056e-05,282,282,15,0.7537546,6.604197,0.012902768,0.31754515,0
184,3.0666666,1.4170796,36.17877,37.595848,-0.3186731,37.595848,6.6914516e-05,295,292,15,0.7205535,7.291725,0.012242571,0.31073537,0
185,3.0833333,1.4389583,35.91813,37.357086,-0.23875871,37.357086,7.1374365e-05,303,303,15,0.7575,8.28517,0.012244271,0.30281147,0
186,3.1,1.4406478,35.63881,37.079456,-0.2776306,37.079456,7.649938e-05,278,270,15,0.7687347,7.4486113,0.012691918,0.29447132,0
187,3.1166666,1.5182639,35.350338,36.8686,-0.21085706,36.8686,8.0482816e-05,266,265,24,0.8196768,7.007477,0.01325024,0.28637934,0
188,3.1333334,1.6122925,35.058853,36.671146,-0.19745584,36.671143,8.532082e-05,242,242,23,0.8950912,7.7474403,0.013995211,0.2786051,0
189,3.15,1.4320444,34.781387,36.213432,-0.4577122,36.213432,9.247887e-05,251,251,23,0.968632,9.718882,0.015679223,0.27139097,0
190,3.1666667,1.0624285,34.56109,35.62352,-0.58991396,35.62352,9.797394e-05,258,258,21,0.9169113,8.676654,0.016178181,0.26408014,0
191,3.1833334,0.49647325,34.4108,34.907272,-0.7162441,34.907272,0.00010089247,282,282,21,0.5404096,5.3025856,0.012953463,0.25793397,0
192,3.2,0.3989231,34.297836,34.69676,-0.21051617,34.69676,9.995377e-05,275,275,41,0.5353452,3.881722,0.008751843,0.25344843,0
193,3.2166667,0.42234764,34.16887,34.591217,-0.10554235,34.591217,6.909231e-05,267,267,46,0.5693972,5.3091254,0.009387332,0.24755542,0
194,3.2333333,0.45455295,34.04233,34.496887,-0.09433026,34.496887,6.888331e-05,261,261,42,0.6005696,5.8295584,0.009928955,0.24127775,0
195,3.25,0.47564563,33.931484,34.40713,-0.089754745,34.40713,7.63616e-05,263,263,43,0.631552,5.4084435,0.010502774,0.235505,0
196,3.2666667,0.51109016,33.817894,34.328983,-0.07814657,34.328983,8.420036e-05,255,255,41,0.66978276,4.8962655,0.0110973725,0.22975744,0
197,3.2833333,0.54896915,33.71814,34.26711,-0.0618746,34.26711,8.9978515e-05,264,264,45,0.6902226,4.912483,0.011554173,0.22449511,0
198,3.3,0.574928,33.645164,34.220093,-0.047016297,34.220093,9.898147e-05,266,264,48,0.70680153,5.131283,0.01177127,0.22022696,0
199,3.3166666,0.5628704,33.609753,34.172623,-0.047471937,34.172623,0.00010156243,270,270,47,0.72144514,5.919175,0.012129949,0.21707861,0
200,3.3333333,0.520111,33.616444,34.136555,-0.03606563,34.136555,0.00010166631,275,275,46,0.6962343,5.841857,0.011985647,0.21576805,0
201,3.35,0.46228048,33.646057,34.108337,-0.02821815,34.108337,0.00010190235,280,280,47,0.68795955,7.2229514,0.011701999,0.21557645,0
202,3.3666666,0.42629093,33.677574,34.103867,-0.004471245,34.103867,0.00010134185,271,271,49,0.67569995,8.961682,0.011509409,0.21552615,0
203,3.3833334,0.4157329,33.695972,34.111706,0.007838581,34.111706,0.00010067141,271,271,58,0.6826266,9.080257,0.011442147,0.21572316,0
204,3.4,0.4268871,33.68449,34.111378,-0.0003268805,34.111378,0.00010132608,265,265,48,0.6796827,9.275696,0.011635201,0.21570833,0
205,3.4166667,0.42474172,33.67344,34.098183,-0.013196016,34.098183,0.00010005439,264,264,53,0.6410591,9.607967,0.011295892,0.21619962,0
206,3.4333334,0.44788072,33.673862,34.121742,0.023560623,34.121742,0.00010090555,261,261,55,0.60256815,8.66789,0.010571409,0.21794556,0
207,3.45,0.51752514,33.686676,34.2042,0.082456835,34.2042,0.00010107074,247,247,49,0.58689564,7.8595915,0.010133304,0.22091234,0
208,3.4666667,0.59143955,33.705627,34.29707,0.09286899,34.29707,0.000101640566,243,243,46,0.5705014,6.9337273,0.009831406,0.22412707,0
209,3.4833333,0.634921,33.72047,34.355392,0.05832311,34.355392,0.00010181546,246,246,46,0.5666898,6.5127773,0.009805652,0.22652577,0
210,3.5,0.646871,33.72784,34.37471,0.019319823,34.37471,0.00010172695,240,236,47,0.56599337,6.1470766,0.009783124,0.22764748,0
211,3.5166667,0.6376984,33.735344,34.373043,-0.0016699217,34.373043,0.00010079026,249,249,47,0.56311816,6.058215,0.009729517,0.227731,0
212,3.5333333,0.6253485,33.733517,34.358864,-0.014176246,34.358864,0.00010096946,260,260,47,0.55860406,6.688725,0.009685191,0.22691599,0
213,3.55,0.61079925,33.730118,34.340916,-0.017948676,34.340916,0.00010083237,254,254,44,0.51039004,7.4404073,0.0092888465,0.2257566,0
214,3.5666666,0.62955475,33.738358,34.367912,0.026995277,34.367912,0.000101383914,245,245,41,0.5049387,8.248973,0.008210457,0.22535905,0
215,3.5833333,0.6433111,33.75565,34.39896,0.03104968,34.39896,0.00010102576,246,246,46,0.52093166,8.762829,0.008526883,0.22507872,0
216,3.6,0.6549868,33.788162,34.44315,0.044188056,34.44315,0.00010077442,253,253,46,0.56269866,9.148717,0.009166962,0.22522095,0
217,3.6166666,0.6470705,33.83962,34.48669,0.04354003,34.48669,0.000100964746,248,248,40,0.61340576,8.087276,0.009917179,0.22614825,0
218,3.6333334,0.6311718,33.91757,34.54874,0.062051285,34.54874,0.00010059002,249,249,38,0.649333,7.320245,0.0107135195,0.22847098,0
219,3.65,0.6006197,34.008488,34.609108,0.060368136,34.609108,0.00010073776,253,253,33,0.66585857,6.858558,0.011171513,0.2317191,0
220,3.6666667,0.55685455,34.110546,34.6674,0.05829152,34.6674,0.00010070686,241,241,33,0.66831756,6.4196825,0.011300976,0.2357803,0
221,3.6833334,0.5050707,34.219883,34.724953,0.05755334,34.724953,0.0001006127,252,252,34,0.6572492,6.154943,0.011246918,0.24046887,0
222,3.7,0.44898698,34.338707,34.787693,0.0627406,34.787693,0.00010072436,240,240,34,0.63712066,5.955931,0.01092736,0.24573195,0
223,3.7166667,0.40204898,34.460926,34.862976,0.07528143,34.862976,0.00010057436,240,240,41,0.6137629,6.1179147,0.010565014,0.2515453,0
224,3.7333333,0.3622056,34.58314,34.945347,0.08237173,34.945347,0.00010063987,233,233,43,0.59260947,6.0367656,0.010172171,0.2577799,0
225,3.75,0.33057317,34.703922,35.034496,0.08914959,35.034496,0.00010059665,241,241,45,0.57319087,6.046759,0.009833427,0.2643667,0
226,3.7666667,0.30487302,34.823486,35.128357,0.09386086,35.128357,0.00010061117,242,242,48,0.55389273,6.0961328,0.009532866,0.27125546,0
227,3.7833333,0.28559226,34.943893,35.229485,0.1011268,35.229485,0.00010036115,240,240,48,0.5393993,6.0881195,0.009245933,0.27848542,0
228,3.8,0.27546668,35.063602,35.33907,0.10958541,35.33907,0.00010019939,245,245,47,0.53110003,6.1505027,0.009047251,0.2860034,0
229,3.8166666,0.2730352,35.184467,35.457504,0.118433304,35.457504,0.0001002313,246,246,46,0.53151643,6.1954703,0.008982369,0.2938059,0
230,3.8333333,0.28025323,35.307384,35.58764,0.13013607,35.58764,0.00010033801,253,253,44,0.5413188,6.1893845,0.009073193,0.30193594,0
231,3.85,0.296114,35.433907,35.730022,0.14238253,35.730022,0.00010018809,252,252,44,0.5598274,6.0833845,0.009321664,0.31043434,0
232,3.8666666,0.32284,35.562588,35.885426,0.15540378,35.885426,0.00010034945,255,255,48,0.5863485,5.9251738,0.009715631,0.31928614,0
233,3.8833334,0.34453866,35.68395,36.02849,0.14306289,36.02849,0.00010026817,255,255,49,0.546065,6.6474857,0.009931391,0.32815793,0
234,3.9,0.42354637,35.77885,36.2024,0.17390978,36.2024,0.000100864585,258,258,47,0.5960599,6.526844,0.009659857,0.33628047,0
235,3.9166667,0.526844,35.888638,36.41548,0.21308154,36.41548,9.5467345e-05,259,259,41,0.67166626,5.930439,0.010672194,0.34472144,0
236,3.9333334,0.64529896,36.003666,36.648964,0.23348549,36.648964,9.485162e-05,258,258,43,0.7589558,5.852412,0.012072808,0.3536254,0
237,3.95,0.7458884,36.104923,36.850815,0.20184743,36.850815,9.396692e-05,283,283,44,0.8237016,6.8861117,0.013353337,0.36281946,0
238,3.9666667,0.83823514,36.203495,37.04173,0.19091669,37.04173,9.5002586e-05,292,291,44,0.87762684,7.344085,0.014458163,0.3719692,0
239,3.9833333,0.89931124,36.28269,37.182,0.14026941,37.182,9.618661e-05,291,291,42,0.89555985,6.8764515,0.015049767,0.38026953,0
240,4,0.947438,36.356544,37.30398,0.12198391,37.30398,9.893912e-05,272,272,40,0.9156594,5.372611,0.01529077,0.38685724,0
241,4.016667,0.868933,36.404236,37.273167,-0.030815039,37.273167,0.00010027186,283,283,40,0.8379083,4.246807,0.014487457,0.39095092,0
242,4.0333333,0.8560055,36.401318,37.257324,-0.015844999,37.257324,0.00010028687,285,285,40,0.8094744,3.8933208,0.013628813,0.39187217,0
243,4.05,0.88564634,36.346577,37.232224,-0.025100304,37.232224,0.00010021699,287,287,49,0.78349566,4.8774433,0.013180743,0.3898655,0
244,4.0666666,0.98296446,36.240887,37.22385,-0.008372201,37.22385,0.0001001366,291,291,51,0.8395596,5.1495204,0.013451106,0.3849704,0
245,4.0833335,1.1246489,36.09073,37.215378,-0.008473857,37.215378,0.00010014875,273,273,48,0.92883205,5.9673257,0.014696713,0.37721977,0
246,4.1,1.3069848,35.898125,37.20511,-0.010266645,37.20511,0.0001001144,270,270,42,1.0458922,7.3739953,0.01643377,0.3665687,0
247,4.116667,1.52183,35.666145,37.187977,-0.017133217,37.187977,0.0001002327,280,279,42,1.1864277,8.7850685,0.018570175,0.35294026,0
248,4.133333,1.768372,35.40097,37.169342,-0.018633328,37.169342,0.000100149824,276,276,32,1.3377042,10.6877985,0.021055607,0.3362186,0
249,4.15,1.9968598,35.108738,37.1056,-0.063744895,37.1056,0.00010028628,266,266,32,1.5011121,10.414154,0.023624588,0.31654596,0
250,4.1666665,2.1683974,34.804466,36.972866,-0.13273431,36.972866,0.000101079524,271,271,21,1.6454052,8.864938,0.02634062,0.29401425,0
251,4.1833334,2.124628,34.52705,36.65168,-0.32118502,36.65168,0.000101053265,265,264,29,1.635156,8.407794,0.0274157,0.27147546,0
252,4.2,2.1046498,34.295593,36.40024,-0.25143597,36.40024,0.00010121541,254,254,34,1.5224246,12.490155,0.026649915,0.25298762,0
253,4.2166667,2.1715813,34.10561,36.27719,-0.12305135,36.27719,0.000101097,251,251,36,1.5426612,12.379373,0.025545781,0.23950838,0
254,4.233333,2.1118913,33.959408,36.071297,-0.20589419,36.071297,0.000102330734,251,251,39,1.5147543,12.519993,0.025547635,0.22929788,0
255,4.25,1.9825969,33.89908,35.881676,-0.1896237,35.881676,0.00010211192,249,245,39,1.4742869,12.475929,0.024831,0.22397795,0
256,4.266667,1.7951715,33.906055,35.701225,-0.1804469,35.701225,0.00010342958,237,237,36,1.4167948,11.995633,0.024087045,0.22286591,0
257,4.2833333,1.624649,33.970108,35.594757,-0.10647161,35.594757,0.00010284265,247,247,36,1.3406116,11.410588,0.022978859,0.22547142,0
258,4.3,1.4700048,34.06133,35.531334,-0.06342136,35.531334,0.00010233705,243,243,45,1.2532499,10.7776985,0.021607323,0.23022993,0
259,4.3166666,1.3395302,34.159767,35.4993,-0.032035135,35.4993,0.00010151266,245,245,41,1.1580509,10.008696,0.020078385,0.23612872,0
260,4.3333335,1.2379769,34.244305,35.482285,-0.017016301,35.482285,0.00010172016,248,248,46,1.0571468,9.223751,0.018436858,0.2421442,0
261,4.35,1.1596885,34.309216,35.468903,-0.013379735,35.468903,0.00010168127,243,243,51,0.9502924,8.071848,0.016702337,0.24785462,0
262,4.366667,1.1055574,34.35307,35.458626,-0.010276893,35.458626,0.0001008743,235,235,45,0.8557585,7.11878,0.015041186,0.25281522,0
263,4.383333,1.075253,34.370346,35.4456,-0.013025591,35.4456,0.00010095239,235,235,52,0.77048993,6.61849,0.013486144,0.2561419,0
264,4.4,1.0664433,34.357952,35.424393,-0.021206314,35.424393,0.000101686834,232,232,51,0.71538025,6.2973657,0.012317146,0.25733125,0
265,4.4166665,1.0762664,34.330006,35.406273,-0.018122127,35.406273,0.00010065485,239,239,51,0.7023682,6.1391106,0.011706008,0.25617748,0
266,4.4333334,1.0371914,34.302372,35.339565,-0.06670685,35.339565,0.00010041295,236,236,50,0.6555973,3.9712312,0.01065541,0.25474605,0
267,4.45,1.0219305,34.278263,35.300194,-0.039372653,35.300194,0.00010030287,238,238,49,0.66012937,3.085568,0.011008229,0.2528394,0
268,4.4666667,1.0012916,34.266632,35.267925,-0.032267336,35.267925,0.00010109357,239,239,42,0.6496034,3.636331,0.010937287,0.25009274,0
269,4.483333,0.97797257,34.256237,35.23421,-0.033714358,35.23421,0.000100501835,238,238,39,0.63336635,3.3095148,0.010679742,0.24615607,0
270,4.5,0.9578231,34.244766,35.20259,-0.03161969,35.20259,0.00010021359,235,235,38,0.6091901,2.8875756,0.010353795,0.2408047,0
271,4.516667,0.85369676,34.265915,35.119614,-0.08297822,35.119614,0.00010060882,231,231,40,0.5812733,4.301214,0.009932192,0.23736332,0
272,4.5333333,0.7877959,34.31648,35.104275,-0.015337033,35.104275,9.691737e-05,229,229,38,0.5593357,5.3924294,0.00942217,0.23522313,0
273,4.55,0.7230896,34.369316,35.092407,-0.011869133,35.092407,9.771213e-05,233,233,39,0.5902188,6.3429413,0.009561904,0.23332928,0
274,4.5666666,0.6637696,34.417545,35.081314,-0.011091687,35.081314,9.902334e-05,237,237,38,0.6176193,7.1763783,0.0100508705,0.2317187,0
275,4.5833335,0.6134565,34.458065,35.07152,-0.009795073,35.07152,0.00010014397,237,237,32,0.64286417,7.75387,0.010504246,0.23060603,0
276,4.6,0.5741852,34.488537,35.06272,-0.0087977415,35.06272,0.000100006444,239,239,50,0.66415507,7.929132,0.010891372,0.23013224,0
277,4.616667,0.5471178,34.508915,35.056034,-0.0066876593,35.056034,0.00010009487,234,234,50,0.6788679,7.657993,0.011202092,0.23051539,0
278,4.633333,0.5352441,34.51505,35.050293,-0.0057408884,35.050293,0.00010013837,237,237,50,0.6857572,7.0931354,0.011382625,0.23137933,0
279,4.65,0.53915536,34.503807,35.042965,-0.007330277,35.042965,0.00010067488,235,235,51,0.6846983,6.439927,0.011435393,0.23231572,0
280,4.6666665,0.5595777,34.475994,35.035572,-0.007389807,35.035572,0.00010033879,242,242,52,0.67549425,5.8309956,0.01133682,0.23313206,0
281,4.6833334,0.59521115,34.43021,35.02542,-0.010153196,35.02542,0.00010037178,239,239,53,0.6602364,5.070184,0.011112375,0.23359731,0
282,4.7,0.6457677,34.369663,35.01543,-0.009989083,35.01543,0.00010038043,235,235,51,0.64782035,4.3314037,0.010890434,0.23372309,0
283,4.7166667,0.7094037,34.297577,35.00698,-0.00845017,35.00698,0.00010048102,241,241,51,0.6329299,3.75023,0.010656291,0.23347549,0
284,4.733333,0.78309,34.216034,34.999126,-0.007855521,34.999126,0.000100378864,236,236,51,0.62204367,3.5049975,0.010433193,0.23277338,0
285,4.75,0.8610882,34.12931,34.9904,-0.008725425,34.9904,0.00010049352,239,239,50,0.6426726,3.6218107,0.01033458,0.23165168,0
286,4.766667,0.93159515,34.0385,34.970097,-0.020304415,34.970097,0.00010129761,239,239,44,0.6874492,4.1386576,0.011089928,0.23011294,0
287,4.7833333,1.0010967,33.95075,34.951847,-0.018249523,34.951847,0.00010068393,232,232,28,0.72976226,4.922387,0.011822513,0.22828305,0
288,4.8,1.0655884,33.8697,34.93529,-0.016555041,34.93529,0.00010075674,240,240,38,0.7615273,5.7698646,0.012450701,0.22630894,0
289,4.8166666,1.1182637,33.797817,34.91608,-0.019212233,34.91608,0.00010038332,234,234,41,0.7864045,6.3626266,0.012911734,0.22444616,0
290,4.8333335,1.1460142,33.749023,34.89504,-0.021041632,34.89504,0.00010020088,235,235,41,0.7955492,6.2811956,0.0132193,0.22336979,0
291,4.85,1.1530305,33.7231,34.87613,-0.018907534,34.87613,0.000100529636,231,231,42,0.7830703,5.732621,0.0131650185,0.22322069,0
292,4.866667,1.1466224,33.711834,34.858456,-0.017673383,34.858456,0.00010036318,233,233,42,0.7591814,5.174419,0.012874263,0.22331822,0
293,4.883333,1.1292341,33.71371,34.842945,-0.0155113265,34.842945,9.8952e-05,230,230,41,0.74081135,4.704537,0.0124951815,0.2234472,0
294,4.9,1.1081098,33.725746,34.83386,-0.009087699,34.83386,9.579849e-05,232,232,41,0.77054906,4.526985,0.012591198,0.22330484,0
295,4.9166665,1.0807301,33.743423,34.824154,-0.009702523,34.824154,9.5202406e-05,237,237,41,0.80959374,4.138243,0.013176172,0.22292298,0
296,4.9333334,1.0542332,33.757713,34.811947,-0.012206554,34.811947,9.866828e-05,243,243,40,0.8532392,3.6745603,0.013859148,0.22163957,0
297,4.95,1.0115592,33.781326,34.79289,-0.019060897,34.79289,0.00010032541,241,241,44,0.8520497,4.166111,0.014138159,0.2209303,0
298,4.9666667,0.9775002,33.80883,34.786327,-0.006558825,34.786327,0.00010037386,241,241,43,0.86521715,4.4831996,0.0143140955,0.22049598,0
299,4.983333,0.9433698,33.836224,34.779594,-0.0067350734,34.779594,0.00010029759,226,226,40,0.8737906,4.8526087,0.014500893,0.22012171,0
300,5,0.90972936,33.86278,34.77251,-0.007084003,34.77251,0.000100233774,227,227,40,0.8759128,5.271517,0.014590617,0.21989687,0
301,5.016667,0.87607914,33.88872,34.7648,-0.0077084834,34.7648,0.00010024226,223,223,38,0.8702417,5.7128057,0.014560594,0.21995793,0
302,5.0333333,0.84009725,33.916603,34.7567,-0.008102225,34.7567,0.00010023076,228,228,38,0.8578939,5.8594337,0.014404707,0.22061716,0
303,5.05,0.8026292,33.946022,34.74865,-0.008048893,34.74865,0.00010024558,228,228,37,0.8373801,5.8774915,0.014131398,0.22189547,0
304,5.0666666,0.76111984,33.979076,34.740196,-0.008454664,34.740196,0.00010029973,229,229,37,0.81020474,5.8075705,0.013729157,0.22391048,0
305,5.0833335,0.71244884,34.018257,34.730705,-0.00948936,34.730705,0.00010041423,232,232,38,0.77446496,5.5529876,0.013205806,0.22662607,0
306,5.1,0.66126627,34.060356,34.721622,-0.009083125,34.721622,0.00010106263,234,234,46,0.7332637,5.2729845,0.012555615,0.22971651,0
307,5.116667,0.60791326,34.104904,34.712814,-0.0088066375,34.712814,0.00010049604,244,244,47,0.69018835,4.7712564,0.011845868,0.23303777,0
308,5.133333,0.55491453,34.150375,34.705288,-0.0075279516,34.705288,0.00010071889,242,242,41,0.64636743,4.134364,0.011121751,0.23639357,0
309,5.15,0.5056048,34.192883,34.698486,-0.0068011335,34.698486,0.00010067847,246,246,41,0.60429156,3.527683,0.010402775,0.23948948,0
310,5.1666665,0.46225837,34.22996,34.69222,-0.0062692068,34.69222,0.000100694764,239,239,40,0.56658196,2.9842658,0.009731963,0.24215938,0
311,5.1833334,0.42726234,34.25933,34.686592,-0.005624094,34.686592,0.000100717385,246,246,49,0.53691864,2.5373957,0.009164674,0.24426122,0
312,5.2,0.39822748,34.279198,34.677425,-0.009169532,34.677425,0.00010112345,247,247,49,0.517666,2.159731,0.008759451,0.24570572,0
313,5.2166667,0.38108528,34.28922,34.670307,-0.007118188,34.670307,0.0001006841,254,254,53,0.5115779,1.9363918,0.008542469,0.24643858,0
314,5.233333,0.37292594,34.29021,34.663136,-0.0071687805,34.663136,0.000100927675,256,256,54,0.51947707,2.1046662,0.008564837,0.24643157,0
315,5.25,0.37588936,34.276985,34.652874,-0.010263167,34.652874,0.00010077006,259,259,54,0.5404633,2.4107003,0.008809241,0.24564181,0
316,5.266667,0.3921804,34.251377,34.643555,-0.0093177175,34.643555,0.00010098711,257,257,55,0.571569,2.9687195,0.009251044,0.24414837,0
317,5.2833333,0.42231444,34.214035,34.63635,-0.0072083496,34.63635,0.00010092587,260,260,56,0.611165,3.563195,0.009847003,0.24202721,0
318,5.3,0.46334547,34.166348,34.629692,-0.006656079,34.629692,0.00010077805,256,256,56,0.6563712,4.1142797,0.010561217,0.23939642,0
319,5.3166666,0.5123792,34.110523,34.622906,-0.00678789,34.622906,0.00010087483,253,253,54,0.7032956,4.5353255,0.0113357995,0.23643644,0
320,5.3333335,0.5671214,34.0469,34.614025,-0.008880822,34.614025,0.00010089216,249,249,56,0.7499328,4.8481393,0.012119056,0.233269,0
321,5.35,0.6251272,33.976894,34.60202,-0.012001738,34.60202,0.000100992074,247,247,56,0.79324037,5.1177583,0.012868393,0.23002364,0
322,5.366667,0.6791283,33.90963,34.58876,-0.013261858,34.58876,0.00010036793,244,244,55,0.8322849,5.211288,0.013562448,0.22695181,0
323,5.383333,0.7335505,33.845325,34.578873,-0.009885141,34.578873,0.00010050388,247,247,55,0.86631376,5.182045,0.014165794,0.2241079,0
324,5.4,0.783934,33.78411,34.568047,-0.010828243,34.568047,0.00010061005,248,248,54,0.8925561,5.1289654,0.014671337,0.22158606,0
325,5.4166665,0.82732946,33.730206,34.557537,-0.010509785,34.557537,0.0001000441,239,239,52,0.90525585,5.1681075,0.014974006,0.2195745,0
326,5.4333334,0.8657486,33.682358,34.548107,-0.009428253,34.548107,9.6249736e-05,237,237,52,0.91375524,5.144772,0.015165681,0.21799225,0
327,5.45,0.89823276,33.640816,34.53905,-0.009058814,34.53905,9.806335e-05,239,239,45,0.914007,5.091543,0.015233401,0.21682166,0
328,5.4666667,0.92411065,33.606224,34.53034,-0.008712975,34.53034,0.000100326106,245,245,45,0.9087247,4.9192066,0.015189739,0.2160419,0
329,5.483333,0.94196016,33.579464,34.521423,-0.008914225,34.521423,0.00010039976,241,241,38,0.89825886,4.4838505,0.015063307,0.215624,0
330,5.5,0.9513348,33.560825,34.51216,-0.009260943,34.51216,0.00010049,243,243,37,0.8823975,3.8367145,0.014838229,0.21550378,0
331,5.516667,0.9512253,33.55057,34.501797,-0.010365081,34.501797,0.0001010068,237,237,34,0.8606752,3.2167985,0.014525128,0.21558014,0
332,5.5333333,0.9446675,33.547928,34.492596,-0.009199893,34.492596,0.00010100583,239,239,34,0.834016,2.6791663,0.0141215455,0.21579552,0
333,5.55,0.9314472,33.55267,34.484116,-0.008480047,34.484116,0.000101252175,232,232,41,0.8031241,2.2741401,0.013639185,0.21610102,0
334,5.5666666,0.9113455,33.56485,34.476196,-0.007919377,34.476196,0.00010063472,233,233,41,0.77055,2.015887,0.013105874,0.21646665,0
335,5.5833335,0.88432074,33.5855,34.46982,-0.006377185,34.46982,0.00010040724,236,236,41,0.7383883,1.8952062,0.012566406,0.21689452,0
336,5.6,0.8489757,33.613388,34.462364,-0.0074568875,34.462364,0.00010091198,236,236,41,0.7070986,1.8174154,0.012044583,0.2173669,0
337,5.616667,0.8054395,33.649223,34.454662,-0.0076993275,34.454662,0.000100924924,230,230,41,0.6748085,1.7611415,0.0115077505,0.21792436,0
338,5.633333,0.75491506,33.691833,34.44675,-0.007913575,34.44675,0.00010097687,233,233,41,0.64237016,1.7361277,0.010967279,0.21853018,0
339,5.65,0.6984396,33.740707,34.439144,-0.0076045855,34.439144,0.00010096293,230,230,42,0.61172336,1.7459109,0.010441438,0.21920286,0
340,5.6666665,0.6344626,33.79744,34.431904,-0.007241459,34.431904,0.000100092824,233,233,43,0.5811862,1.7689261,0.009930818,0.21998967,0
341,5.6833334,0.56611335,33.86013,34.426243,-0.005660443,34.426243,0.00010013664,233,233,42,0.55230874,1.7920655,0.009435892,0.2208743,0
342,5.7,0.49885127,33.92132,34.420174,-0.006068399,34.420174,0.000100725076,231,231,42,0.5257799,1.785315,0.008971898,0.22178325,0
343,5.7166667,0.43499482,33.979107,34.4141,-0.006073504,34.4141,0.00010066973,219,219,50,0.5003652,1.7809808,0.00854084,0.22271734,0
344,5.733333,0.37640464,34.03268,34.409084,-0.005017637,34.409084,0.00010037997,232,232,50,0.47842905,1.698619,0.008152285,0.22369342,0
345,5.75,0.32536232,34.07901,34.40437,-0.004713358,34.40437,0.00010076102,225,225,49,0.45572397,1.5160687,0.0077761346,0.22467457,0
346,5.766667,0.28441277,34.115154,34.399567,-0.00480219,34.399567,0.000100843776,226,226,49,0.43338233,1.2692121,0.007402761,0.22555825,0
347,5.7833333,0.2547852,34.14043,34.395218,-0.004352148,34.395218,0.000100326804,228,228,49,0.41241536,1.0357664,0.0070371833,0.22628099,0
348,5.8,0.23685662,34.155228,34.392086,-0.0031308786,34.392086,0.00010008826,221,221,55,0.395362,0.9286864,0.0067141377,0.22680613,0
349,5.8166666,0.23084724,34.1581,34.388947,-0.0031398174,34.388947,0.00010032965,226,226,56,0.382822,0.911731,0.006467265,0.22708565,0
350,5.8333335,0.23637684,34.14937,34.385742,-0.0032014637,34.385742,0.00010032751,218,218,54,0.37751865,1.0069382,0.0063181617,0.22711855,0
351,5.85,0.25303838,34.12972,34.382755,-0.0029886519,34.382755,0.00010014674,216,216,54,0.38002297,1.1394224,0.0062935483,0.2269044,0
352,5.866667,0.27983668,34.099754,34.379593,-0.0031628495,34.379593,0.0001003373,214,214,53,0.39137638,1.2589171,0.006413621,0.22645192,0
353,5.883333,0.3155422,34.059364,34.374905,-0.004687813,34.374905,0.00010129243,219,219,53,0.40951818,1.3400815,0.0066639027,0.2257583,0
354,5.9,0.3579101,34.01078,34.36869,-0.006213996,34.36869,0.00010142164,220,220,52,0.43357667,1.2485029,0.007016766,0.22491756,0
355,5.9166665,0.40629825,33.95678,34.36308,-0.0056128367,34.36308,0.000101493315,219,219,52,0.46281448,1.1608329,0.007465226,0.22392172,0
356,5.9333334,0.45911375,33.898087,34.3572,-0.0058775297,34.3572,0.00010150785,219,219,52,0.4960231,1.2533456,0.007988517,0.22278088,0
357,5.95,0.5080072,33.837936,34.345943,-0.011256628,34.345943,0.00010064417,214,214,51,0.5353018,1.5345287,0.00859083,0.22154373,0
358,5.9666667,0.5599586,33.77533,34.33529,-0.010655782,34.33529,0.0001005785,216,216,52,0.5750331,1.6769643,0.009257876,0.22021617,0
359,5.983333,0.6064375,33.714703,34.32114,-0.014147316,34.32114,0.0001007057,219,219,49,0.6148486,1.7485975,0.009922505,0.21883143,0
360,6,0.6492224,33.657436,34.306656,-0.014482903,34.306656,0.000100483696,223,223,49,0.6532533,1.8604907,0.010577749,0.21742484,0
361,6.016667,0.69000536,33.60435,34.294357,-0.01230077,34.294357,0.00010054218,224,224,50,0.691052,1.8695087,0.011205253,0.21596904,0
362,6.0333333,0.72612965,33.556538,34.28267,-0.011688307,34.28267,0.00010083133,226,226,50,0.72664803,1.8588938,0.011828796,0.21453704,0
363,6.05,0.7562253,33.514996,34.27122,-0.011448507,34.27122,0.00010074791,227,227,50,0.7518278,2.1991873,0.012335485,0.21320362,0
364,6.0666666,0.78107136,33.482124,34.263195,-0.00802591,34.263195,0.00010061702,231,231,51,0.77271885,2.5841873,0.012711089,0.21206616,0
365,6.0833335,0.8004907,33.456795,34.257282,-0.0059103,34.257282,0.00010054398,233,233,51,0.7891092,2.939582,0.013023862,0.21116392,0
366,6.1,0.81241226,33.439056,34.25147,-0.005815522,34.25147,0.00010038319,236,236,51,0.8001427,3.2589939,0.013252723,0.2105207,0
367,6.116667,0.81630415,33.42971,34.246014,-0.005453439,34.246014,0.00010046095,238,238,51,0.80547684,3.528571,0.013387992,0.21015629,0
368,6.133333,0.81131625,33.42938,34.240692,-0.005322065,34.240692,0.00010047539,243,243,50,0.8032315,3.801487,0.013419456,0.21011373,0
369,6.15,0.7967545,33.438885,34.23564,-0.005052168,34.23564,0.00010039837,243,243,49,0.7931507,4.02225,0.01330823,0.21043204,0
370,6.1666665,0.7732553,33.45744,34.230698,-0.004944107,34.230698,0.00010038479,242,242,48,0.7771671,4.1489058,0.013089179,0.21108826,0
371,6.1833334,0.7406634,33.485077,34.22574,-0.004956504,34.22574,0.00010039355,238,238,47,0.7566419,4.0462165,0.012780917,0.21211007,0
372,6.2,0.6997407,33.521225,34.220966,-0.004773358,34.220966,0.00010036071,239,239,44,0.73067325,3.621719,0.012395602,0.21348043,0
373,6.2166667,0.6528224,33.563732,34.216557,-0.004410402,34.216557,0.000100371326,245,245,44,0.6999355,3.092462,0.011920072,0.21505803,0
374,6.233333,0.60158116,33.61083,34.21241,-0.004145317,34.21241,0.000100354606,244,244,44,0.66527283,2.5280616,0.011373182,0.21674006,0
375,6.25,0.5476057,33.660866,34.20847,-0.003939797,34.20847,0.00010035073,244,244,52,0.62770265,1.9757279,0.010768531,0.21845153,0
376,6.266667,0.49241722,33.712284,34.2047,-0.0037716024,34.2047,0.00010037147,237,237,52,0.58839786,1.6768938,0.01012577,0.2201309,0
377,6.2833333,0.43636906,33.764496,34.200863,-0.0038354397,34.200863,0.00010043187,242,242,53,0.5480932,1.4781427,0.009460224,0.22174217,0
378,6.3,0.38115782,33.815044,34.1962,-0.0046638804,34.1962,0.00010089636,241,241,61,0.5086277,1.2764542,0.008790287,0.22322935,0
379,6.3166666,0.33009428,33.86033,34.190426,-0.0057763085,34.190426,0.00010042921,240,240,60,0.47549507,1.2937394,0.008191817,0.2245453,0
380,6.3333335,0.2849162,33.902218,34.187134,-0.003290275,34.187134,0.000100280406,245,245,61,0.4416361,1.2441907,0.007627056,0.22568561,0
381,6.35,0.24482143,33.938812,34.18363,-0.0035018662,34.18363,0.0001006024,245,245,60,0.41228324,1.183988,0.007095609,0.22660008,0
382,6.366667,0.210273,33.96958,34.179855,-0.0037766038,34.179855,0.00010065129,246,246,60,0.39078796,1.1580433,0.0066730017,0.2273143,0
383,6.383333,0.18031383,33.995102,34.175415,-0.004440676,34.175415,0.000100844285,250,250,60,0.37685528,1.3108116,0.0063783946,0.22782391,0
384,6.4,0.16003975,34.010117,34.17016,-0.0052575893,34.17016,0.00010133096,245,245,59,0.36954594,1.484283,0.006201938,0.22806129,0
385,6.4166665,0.14990766,34.014835,34.16474,-0.0054137614,34.16474,0.00010131436,246,246,62,0.36916837,1.6440706,0.006138749,0.22803319,0
386,6.4333334,0.15015082,34.009712,34.159863,-0.0048808376,34.159863,0.00010086639,250,250,64,0.37555075,1.7784978,0.0061907675,0.22775522,0
387,6.45,0.1605695,33.994076,34.154644,-0.005218923,34.154644,0.000100853955,251,251,64,0.3882634,1.8814577,0.006352362,0.22722805,0
388,6.4666667,0.18047889,33.968502,34.14898,-0.0056643123,34.14898,0.000100711186,247,247,62,0.40572798,1.8616773,0.006607176,0.22648314,0
389,6.483333,0.20745704,33.93572,34.143177,-0.005802364,34.143177,0.00010024468,248,248,62,0.4226778,1.9437611,0.0069085467,0.22557265,0
390,6.5,0.24189879,33.89649,34.138386,-0.004791617,34.138386,0.00010020961,247,247,62,0.44126874,2.008517,0.0071857446,0.22450076,0
391,6.516667,0.28257617,33.85146,34.134037,-0.0043496466,34.134037,0.00010011042,246,246,60,0.46788418,1.914253,0.007570678,0.22326964,0
392,6.5333333,0.32886302,33.801052,34.129913,-0.004121187,34.129913,0.00010023074,242,242,60,0.49735448,1.8342282,0.0080451965,0.2218485,0
393,6.55,0.37915364,33.74647,34.125626,-0.0042894473,34.125626,0.00010015943,249,249,60,0.5273323,1.8197792,0.008540574,0.22027048,0
394,6.5666666,0.43174312,33.689137,34.12088,-0.00474341,34.12088,0.00010025991,247,247,59,0.5585522,1.8632033,0.009050332,0.21856837,0
395,6.5833335,0.48444825,33.63132,34.11577,-0.0051132287,34.11577,0.000100223,245,245,57,0.5901633,1.9694438,0.009577681,0.21679533,0
396,6.6,0.5355988,33.574512,34.11011,-0.0056586373,34.11011,0.00010021329,242,242,57,0.6201488,2.1030517,0.010093696,0.2150016,0
397,6.616667,0.5830823,33.520966,34.104046,-0.006062126,34.104046,0.0001002013,242,242,55,0.64761007,2.254984,0.010572719,0.21325466,0
398,6.633333,0.625494,33.47242,34.09791,-0.0061351038,34.09791,0.00010029305,237,237,54,0.6725624,2.3955708,0.011008689,0.21161342,0
399,6.65,0.6608297,33.43063,34.09146,-0.0064525213,34.09146,0.0001003327,242,242,53,0.6924364,2.3355734,0.011384861,0.21017155,0
400,6.6666665,0.6886841,33.396416,34.0851,-0.0063612503,34.0851,0.00010034592,241,241,55,0.7072924,2.261951,0.011675408,0.20895627,0
401,6.6833334,0.7079564,33.37119,34.079147,-0.0059521194,34.079147,0.000100461264,248,248,57,0.7151231,2.2144802,0.011860608,0.20802219,0
402,6.7,0.71820843,33.35507,34.073277,-0.0058691762,34.073277,0.00010049934,245,245,51,0.71825755,2.1474795,0.011951337,0.20736858,0
403,6.7166667,0.71919316,33.34829,34.067482,-0.005794811,34.067482,0.00010041882,245,245,51,0.716625,2.0654986,0.011962941,0.20700067,0
404,6.733333,0.71102333,33.35079,34.061813,-0.0056695477,34.061813,0.000100489175,241,241,50,0.7102708,1.9749042,0.011895335,0.20691521,0
405,6.75,0.6940987,33.362106,34.056202,-0.0056094145,34.056202,0.00010050363,240,240,51,0.6996445,1.8792754,0.011751818,0.20709804,0
406,6.766667,0.6690518,33.381905,34.050957,-0.005245416,34.050957,0.00010046292,233,233,51,0.68504024,1.787428,0.011541249,0.20753612,0
407,6.7833333,0.6366928,33.409264,34.045956,-0.005001222,34.045956,0.00010051381,234,234,51,0.66630167,1.704605,0.011262438,0.20820343,0
408,6.8,0.59799343,33.443237,34.041233,-0.004724998,34.041233,0.00010043864,233,233,50,0.64354205,1.6131277,0.010915268,0.20907192,0
409,6.8166666,0.5539469,33.48281,34.03676,-0.0044748248,34.03676,0.00010043651,231,231,50,0.6174576,1.5042402,0.010506442,0.21010877,0
410,6.8333335,0.5057724,33.526722,34.032494,-0.004264362,34.032494,0.00010041988,234,234,52,0.5895759,1.4569082,0.01005606,0.21127665,0
411,6.85,0.4526211,33.57501,34.02763,-0.004864379,34.02763,0.00010039887,233,233,52,0.558757,1.3933793,0.009565694,0.2125559,0
412,6.866667,0.39601314,33.62771,34.023724,-0.003906585,34.023724,0.000100352605,232,232,52,0.52621543,1.3158889,0.009035708,0.2139321,0
413,6.883333,0.34126562,33.678772,34.02004,-0.0036847896,34.02004,0.00010045026,231,231,60,0.4924945,1.2456429,0.008482181,0.21531786,0
414,6.9,0.2892442,33.727097,34.016342,-0.003694879,34.016342,0.00010042528,231,231,60,0.45802703,1.1908611,0.007913101,0.21668875,0
415,6.9166665,0.24101351,33.771545,34.01256,-0.0037815687,34.01256,0.000100899655,228,228,59,0.42312768,1.1386505,0.0073331636,0.21801402,0
416,6.9333334,0.19771546,33.81032,34.008038,-0.0045222077,34.008038,0.000100805206,225,225,58,0.38879,1.107853,0.0067568864,0.21924853,0
417,6.95,0.16132742,33.842052,34.00338,-0.0046594148,34.00338,0.00010078282,221,221,57,0.35097992,1.0350325,0.0061532645,0.22035442,0
418,6.9666667,0.13197836,33.867535,33.99951,-0.0038668124,33.99951,0.000100506586,217,217,56,0.31477997,0.9605537,0.005532598,0.22132482,0
419,6.983333,0.11074166,33.88549,33.996235,-0.003278163,33.996235,0.00010031786,214,214,55,0.28328317,0.8813633,0.0049622916,0.22211106,0
420,7,0.09844057,33.89512,33.993557,-0.0026764148,33.993557,0.00010036106,215,215,55,0.25997156,0.7952214,0.00450018,0.22267729,0
421,7.016667,0.095408365,33.895782,33.991188,-0.002368185,33.991188,0.00010019335,217,217,56,0.24795498,0.70999855,0.0041989135,0.22298995,0
422,7.0333333,0.101586156,33.887383,33.988968,-0.0022214202,33.988968,0.0001003289,219,219,57,0.2504002,0.67059314,0.0041233827,0.22303233,0
423,7.05,0.116516076,33.86992,33.986435,-0.0025325157,33.986435,0.00010051611,221,221,58,0.26738206,0.6861261,0.004290343,0.22278944,0
424,7.0666666,0.13953848,33.843662,33.9832,-0.0032342514,33.9832,0.00010067703,226,226,58,0.2960924,0.72811925,0.0046808342,0.22225246,0
425,7.0833335,0.16986789,33.809834,33.979702,-0.0034993526,33.979702,0.00010065128,226,226,58,0.3324379,0.8139831,0.0052332925,0.22144164,0
426,7.1,0.20650482,33.769516,33.97602,-0.0036825857,33.97602,0.000100705045,232,232,60,0.37235612,0.9062253,0.005872944,0.22039025,0
427,7.116667,0.24751301,33.72523,33.972744,-0.0032738417,33.972744,0.00010049264,231,231,61,0.4149139,1.0361613,0.006562853,0.21916057,0
428,7.133333,0.2911255,33.67834,33.969467,-0.0032794152,33.969467,0.00010065495,231,231,61,0.45706594,1.1375884,0.007277834,0.21778072,0
429,7.15,0.3362989,33.6297,33.966,-0.0034680068,33.966,0.000100350226,231,231,61,0.49572366,1.276362,0.007950881,0.21630538,0
430,7.1666665,0.3817416,33.581013,33.962753,-0.0032442752,33.962753,0.000100290374,232,232,61,0.5320398,1.4148053,0.008574241,0.2148058,0
431,7.1833334,0.42606333,33.533257,33.95932,-0.0034340636,33.95932,0.0001003515,241,241,62,0.56588495,1.5634611,0.009159461,0.21332295,0
432,7.2,0.46799192,33.487774,33.955765,-0.003553987,33.955765,0.000100397265,242,242,62,0.5965461,1.7144684,0.009697403,0.21190166,0
433,7.2166667,0.50635237,33.44578,33.952133,-0.0036309196,33.952133,0.00010032394,243,243,62,0.6234317,1.8601522,0.010176957,0.2105861,0
434,7.233333,0.5400223,33.408398,33.94842,-0.0037133577,33.94842,0.00010033135,239,239,60,0.6459961,2.0046806,0.010588966,0.20941798,0
435,7.25,0.56801736,33.376595,33.944614,-0.0038075082,33.944614,0.00010030992,241,241,60,0.6637684,2.1493819,0.010924668,0.2084346,0
436,7.266667,0.5895075,33.35122,33.940727,-0.0038882005,33.940727,0.000100339166,240,240,60,0.67640024,2.291213,0.011177364,0.20766744,0
437,7.2833333,0.60382295,33.332966,33.93679,-0.0039362167,33.93679,0.00010032654,246,246,60,0.68366456,2.4250908,0.011342274,0.20714052,0
438,7.3,0.6104104,33.322365,33.932774,-0.004014183,33.932774,0.00010037971,239,239,52,0.68503964,2.5566807,0.011416127,0.20686996,0
439,7.3166666,0.6088534,33.319828,33.928684,-0.004092499,33.928684,0.000100433936,234,234,51,0.678394,2.7117221,0.011367038,0.20687006,0
440,7.3333335,0.5995691,33.325043,33.924614,-0.004069778,33.924614,0.00010048768,238,238,50,0.6669798,2.8135228,0.011214544,0.20711213,0
441,7.35,0.58248514,33.338066,33.92055,-0.004063137,33.92055,0.000100463054,234,234,49,0.6520872,2.7658067,0.010990483,0.20760134,0
442,7.366667,0.558104,33.35833,33.91643,-0.0041165394,33.91643,0.00010065989,231,231,48,0.63530165,2.5645182,0.010729108,0.20831843,0
443,7.383333,0.527191,33.385113,33.912304,-0.004129767,33.912304,0.00010051645,234,234,48,0.61363006,2.2140627,0.010412194,0.20922008,0
444,7.4,0.49100214,33.41748,33.90848,-0.003821638,33.90848,0.00010053544,235,235,51,0.58726275,1.7528473,0.01000556,0.2102626,0
445,7.4166665,0.4508373,33.454006,33.904842,-0.0036386019,33.904842,0.00010054063,244,244,53,0.55842084,1.3796105,0.009542967,0.2113773,0
446,7.4333334,0.40697902,33.494152,33.90113,-0.0037113198,33.90113,0.00010051123,242,242,53,0.52742356,1.2559445,0.009044638,0.21254691,0
447,7.45,0.36071962,33.53683,33.897552,-0.0035802529,33.897552,0.00010058167,243,243,53,0.4962313,1.2100039,0.0085240565,0.21374969,0
448,7.4666667,0.3140314,33.5799,33.893932,-0.0036200196,33.893932,0.0001005025,244,244,63,0.46524882,1.1551955,0.007999914,0.21495238,0
449,7.483333,0.26819488,33.622288,33.89048,-0.0034502472,33.89048,0.00010047407,245,245,63,0.4338647,1.0819578,0.007487354,0.21613951,0
450,7.5,0.22458948,33.662693,33.88728,-0.0032001117,33.88728,0.00010054871,244,244,62,0.40049917,1.0000848,0.0069470634,0.21727581,0
451,7.516667,0.18443973,33.699898,33.884335,-0.0029453503,33.884335,0.00010044548,243,243,62,0.3655215,0.9822786,0.006376613,0.21832818,0
452,7.5333333,0.14893226,33.73246,33.881393,-0.0029424243,33.881393,0.000100645564,241,241,61,0.3303874,0.9272548,0.0057866923,0.21925285,0
453,7.55,0.11888509,33.75953,33.878414,-0.002979512,33.878414,0.000100590085,246,246,62,0.29794854,0.89709574,0.005220808,0.22002676,0
454,7.5666666,0.09539653,33.78068,33.876076,-0.002337421,33.876076,0.00010043384,244,244,61,0.268736,0.76781017,0.0047054575,0.22062956,0
455,7.5833335,0.07868102,33.795746,33.874428,-0.0016491413,33.874428,0.00010031166,241,241,60,0.24683337,0.7046223,0.0042710137,0.2210352,0
456,7.6,0.06778631,33.804363,33.872147,-0.0022795415,33.872147,0.00010047248,242,242,60,0.23576145,0.7671146,0.0039931773,0.2212337,0
457,7.616667,0.064449415,33.80546,33.86991,-0.0022379472,33.86991,0.000100401725,244,244,60,0.23583324,0.8263528,0.0039060842,0.22121662,0
458,7.633333,0.069464654,33.797977,33.867443,-0.0024670754,33.867443,0.00010039701,244,244,61,0.24624836,0.8924221,0.003997357,0.22096948,0
459,7.65,0.08283364,33.781937,33.86477,-0.0026742988,33.86477,0.000100105455,244,244,61,0.26542798,0.9673614,0.004250112,0.22049575,0
460,7.6666665,0.103383474,33.759308,33.86269,-0.002078145,33.86269,0.00010009964,242,242,61,0.28902125,0.96067554,0.004617763,0.21983097,0
461,7.6833334,0.12899965,33.73109,33.860092,-0.0025998002,33.860092,0.00010007689,243,243,61,0.31075215,0.9493232,0.0049831,0.21902311,0
462,7.7,0.16033162,33.696968,33.8573,-0.002790883,33.8573,0.00010012686,242,242,61,0.34195456,0.9191481,0.005438911,0.21803728,0
463,7.7166667,0.19616112,33.658424,33.854588,-0.0027140828,33.854588,0.00010007012,246,246,61,0.37339902,0.931369,0.0059646307,0.21690682,0
464,7.733333,0.23491201,33.61675,33.85166,-0.0029257715,33.85166,0.00010015204,246,246,61,0.40472138,0.9673653,0.006488073,0.21567972,0
465,7.75,0.27560452,33.572853,33.848457,-0.0032009962,33.848457,0.00010019875,243,243,60,0.43594283,1.0270065,0.0070102904,0.21438494,0
466,7.766667,0.31665513,33.528206,33.84486,-0.0035983513,33.84486,0.00010021708,246,246,61,0.46629798,1.0957996,0.0075274818,0.21306832,0
467,7.7833333,0.35675427,33.48419,33.840946,-0.0039134007,33.840946,0.000100196565,249,249,61,0.4930275,1.1370912,0.008003845,0.21176767,0
468,7.8,0.39467564,33.442142,33.83682,-0.0041282033,33.83682,0.0001003461,250,250,61,0.5175336,1.1872225,0.008430243,0.21051896,0
469,7.8166666,0.429289,33.403294,33.832584,-0.004236443,33.832584,0.000100331876,249,249,60,0.538812,1.2297521,0.008811521,0.20935354,0
470,7.8333335,0.45957217,33.36875,33.828323,-0.0042603198,33.828323,0.00010037964,252,252,60,0.55691516,1.2702723,0.009138723,0.20830059,0
471,7.85,0.4846511,33.339455,33.82411,-0.0042157373,33.82411,0.00010038103,244,244,59,0.571785,1.3104914,0.00941302,0.20738448,0
472,7.866667,0.5037892,33.316177,33.819965,-0.0041404627,33.819965,0.00010036355,245,245,59,0.583323,1.3518804,0.009632637,0.20662537,0
473,7.883333,0.51638395,33.299465,33.81585,-0.004116038,33.81585,0.000100395366,247,247,59,0.5913391,1.3926135,0.0097951405,0.2060381,0
474,7.9,0.5220343,33.289703,33.811737,-0.0041136234,33.811737,0.0001003979,244,244,59,0.5957135,1.4349325,0.009897725,0.20563352,0
475,7.9166665,0.520575,33.287067,33.807644,-0.004092619,33.807644,0.00010040529,244,244,59,0.596378,1.478983,0.009939056,0.20541812,0
476,7.9333334,0.5120466,33.291553,33.8036,-0.004045033,33.8036,0.00010039127,244,244,53,0.5931335,1.5223479,0.009916997,0.20539358,0
477,7.95,0.49671325,33.30288,33.79959,-0.004006353,33.79959,0.000100411606,234,234,52,0.58627427,1.5599484,0.009831357,0.2055555,0
478,7.9666667,0.47506788,33.32056,33.795628,-0.003965134,33.795628,0.00010039313,236,236,51,0.5759212,1.5909699,0.009687213,0.20589513,0
479,7.983333,0.44779155,33.343906,33.7917,-0.0039282916,33.7917,0.0001003916,238,238,51,0.5620777,1.6136142,0.009484802,0.20639993,0
480,8,0.41572115,33.3721,33.787823,-0.0038773653,33.787823,0.000100399855,234,234,51,0.5447958,1.626007,0.009224585,0.20705381,0
481,8.016666,0.37983903,33.404175,33.784016,-0.0038068674,33.784016,0.00010042453,232,232,52,0.52416617,1.6265978,0.008907813,0.20783687,0
482,8.033334,0.3412258,33.439056,33.78028,-0.0037334089,33.78028,0.0001004742,233,233,52,0.500302,1.6143565,0.008536138,0.2087258,0
483,8.05,0.30102864,33.47562,33.77665,-0.0036308584,33.77665,0.00010040923,229,229,52,0.47336435,1.5884959,0.0081118215,0.20969468,0
484,8.066667,0.26037714,33.512768,33.773144,-0.0035047876,33.773144,0.00010048061,230,230,52,0.4435784,1.5480404,0.0076381094,0.21071535,0
485,8.083333,0.21843058,33.55147,33.7699,-0.003244365,33.7699,0.00010013588,233,233,60,0.41191217,1.4709243,0.007121707,0.2117885,0
486,8.1,0.1797267,33.587494,33.76722,-0.0026813918,33.76722,0.000100135934,232,232,60,0.37898096,1.3827875,0.0065848758,0.21285403,0
487,8.116667,0.14461508,33.619926,33.76454,-0.0026769168,33.76454,0.00010032541,233,233,60,0.3441779,1.3066576,0.0060199723,0.21387807,0
488,8.133333,0.11372422,33.647755,33.76148,-0.0030639207,33.76148,0.00010034778,232,232,60,0.3086731,1.2266186,0.005432614,0.2148258,0
489,8.15,0.087624796,33.67029,33.757915,-0.0035640476,33.757915,0.000100961406,227,227,59,0.27304608,1.1446111,0.0048352387,0.21566707,0
490,8.166667,0.067151494,33.687,33.754154,-0.003762336,33.754154,0.00010074825,227,227,59,0.2399411,1.0482653,0.004259271,0.21637765,0
491,8.183333,0.053010106,33.698524,33.751534,-0.0026189135,33.751534,0.000100145335,221,221,57,0.21138243,0.9534438,0.0037409517,0.21695924,0
492,8.2,0.04572386,33.703945,33.74967,-0.0018645019,33.74967,0.00010019283,219,219,57,0.19067308,0.85566014,0.0033234316,0.21738039,0
493,8.216666,0.04543842,33.70267,33.74811,-0.0015586223,33.74811,0.000100090314,223,223,58,0.18205783,0.76345736,0.0030711195,0.21760656,0
494,8.233334,0.051691577,33.694637,33.74633,-0.0017811196,33.74633,0.000100335834,227,227,59,0.18786629,0.6768817,0.0030485138,0.2176097,0
495,8.25,0.0639231,33.68042,33.744347,-0.001984617,33.744347,0.00010033814,230,230,59,0.20789404,0.63549626,0.0032744256,0.21738067,0
496,8.266666,0.08171773,33.660538,33.742256,-0.0020879805,33.742256,0.00010036507,233,233,60,0.23842032,0.65443236,0.00371155,0.2169256,0
497,8.283334,0.10435456,33.63561,33.739964,-0.0022939476,33.739964,0.000100420875,233,233,61,0.27229783,0.70987856,0.004255993,0.21626955,0
498,8.3,0.13095134,33.606506,33.737457,-0.0025041793,33.737457,0.000100304605,229,229,60,0.30748826,0.7884864,0.0048356545,0.21544915,0
499,8.316667,0.16059394,33.5744,33.734997,-0.0024624222,33.734997,0.00010023172,229,229,60,0.34135872,0.94250315,0.005412579,0.21450935,0
500,8.333333,0.19261654,33.539825,33.73244,-0.002555969,33.73244,0.00010032979,229,229,60,0.37491846,1.0831813,0.005975512,0.21348125,0
501,8.35,0.22605771,33.503803,33.729862,-0.002578654,33.729862,0.000100237456,233,233,61,0.40778467,1.2217149,0.006530822,0.2123988,0
502,8.366667,0.25985804,33.46726,33.72712,-0.0027437008,33.72712,0.00010026874,235,235,61,0.43859118,1.3591894,0.0070622554,0.21129607,0
503,8.383333,0.2930004,33.43123,33.72423,-0.0028876122,33.72423,0.00010035969,234,234,60,0.4667882,1.4925905,0.007554134,0.210206,0
504,8.4,0.32448506,33.3967,33.721188,-0.0030431896,33.721188,0.00010025826,235,235,60,0.49193355,1.6184828,0.007998612,0.20916107,0
505,8.416667,0.35335377,33.36473,33.718082,-0.0031029726,33.718082,0.000100333295,230,230,58,0.51369923,1.7336473,0.00838927,0.20819236,0
506,8.433333,0.3787234,33.336193,33.714916,-0.0031685415,33.714916,0.000100374455,231,231,58,0.53182906,1.8352493,0.008721295,0.20732847,0
507,8.45,0.39982522,33.311825,33.71165,-0.0032648877,33.71165,0.00010041755,234,234,57,0.5461318,1.9199739,0.008990985,0.20659435,0
508,8.466666,0.41593847,33.292305,33.70824,-0.0034092371,33.70824,0.00010042371,244,244,57,0.55531305,2.0142653,0.00919175,0.20601292,0
509,8.483334,0.4266485,33.278015,33.704662,-0.003578925,33.704662,0.00010044557,241,241,57,0.55882895,2.1021419,0.00928985,0.2055976,0
510,8.5,0.4314195,33.269596,33.701015,-0.0036453467,33.701015,0.000100514495,240,240,57,0.55970216,2.0176702,0.009325462,0.2053757,0
511,8.516666,0.4303849,33.26705,33.697437,-0.0035814533,33.697437,0.00010044255,236,236,56,0.5572644,1.8902458,0.009311518,0.20532878,0
512,8.533334,0.42359427,33.270435,33.694027,-0.0034070082,33.694027,0.00010057407,237,237,52,0.55129915,1.737836,0.009241542,0.2054473,0
513,8.55,0.4113008,33.279465,33.690765,-0.0032638188,33.690765,0.000100679164,237,237,52,0.54144406,1.5621262,0.009110201,0.20572211,0
514,8.566667,0.3937715,33.29381,33.687584,-0.0031801425,33.687584,0.00010061977,234,234,52,0.5271236,1.300109,0.0089045465,0.2061464,0
515,8.583333,0.3715702,33.312958,33.68453,-0.0030575327,33.68453,0.00010056894,237,237,53,0.51048553,1.2303314,0.008647071,0.2067011,0
516,8.6,0.34527427,33.336334,33.68161,-0.0029191528,33.68161,0.00010054949,238,238,53,0.49086872,1.165809,0.008343808,0.20737022,0
517,8.616667,0.31566888,33.363182,33.67885,-0.0027588394,33.67885,0.000100515856,241,241,53,0.46861544,1.1074008,0.007994409,0.2081317,0
518,8.633333,0.28341943,33.39267,33.67609,-0.0027606122,33.67609,0.00010053592,244,244,54,0.4436702,1.0494739,0.0076002604,0.20896183,0
519,8.65,0.24877279,33.424496,33.673267,-0.0028211027,33.673267,0.00010042085,248,248,54,0.41702902,0.9965359,0.0071690413,0.20984827,0
520,8.666667,0.21383372,33.456696,33.67053,-0.0027386176,33.67053,0.00010038539,247,247,64,0.3883212,0.94530475,0.006707278,0.2107498,0
521,8.683333,0.17960903,33.488277,33.66789,-0.002641386,33.66789,0.00010044382,250,250,65,0.35738146,0.8859019,0.006209605,0.21164055,0
522,8.7,0.14710169,33.51829,33.665394,-0.0024946409,33.665394,0.00010036809,252,252,65,0.3247635,0.82522404,0.0056788423,0.21249549,0
523,8.716666,0.117258586,33.54598,33.663235,-0.0021566376,33.663235,0.000100194695,250,250,65,0.29077983,0.7608573,0.0051227906,0.21329261,0
524,8.733334,0.09096096,33.57048,33.66144,-0.0017942918,33.66144,0.00010019549,248,248,64,0.2564545,0.69410676,0.004551596,0.21400706,0
525,8.75,0.06898302,33.590637,33.65962,-0.0018218418,33.65962,0.00010037862,248,248,64,0.22296707,0.6214717,0.00398351,0.21460868,0
526,8.766666,0.051935256,33.605896,33.65783,-0.001789701,33.65783,0.00010038866,249,249,64,0.191982,0.53503,0.003442846,0.21508169,0
527,8.783334,0.04020095,33.61598,33.656178,-0.0016530977,33.656178,0.000100361045,248,248,64,0.16627818,0.44694093,0.002964864,0.21541436,0
528,8.8,0.034027915,33.62058,33.65461,-0.0015690962,33.65461,0.00010034974,246,246,63,0.14973983,0.36896253,0.002606029,0.2155919,0
529,8.816667,0.032976076,33.619778,33.652756,-0.0018528572,33.652756,0.00010030214,243,243,62,0.1476243,0.36872047,0.0024443578,0.21561132,0
530,8.833333,0.03745955,33.613754,33.651215,-0.0015426099,33.651215,0.00010025389,248,248,63,0.15820111,0.39560866,0.0025224194,0.21546666,0
531,8.85,0.04719478,33.60255,33.649746,-0.0014675347,33.649746,0.00010022015,248,248,63,0.17973542,0.43388817,0.0028033261,0.21515724,0
532,8.866667,0.06192103,33.586582,33.648502,-0.0012438799,33.648502,0.00010012922,248,248,63,0.20520566,0.48307943,0.0032035944,0.21470284,0
533,8.883333,0.08070093,33.566475,33.647175,-0.0013251604,33.647175,0.00010008241,248,248,63,0.23336257,0.5379678,0.0036553058,0.21412869,0
534,8.9,0.10294677,33.54276,33.645702,-0.0014721047,33.645702,0.00010017969,248,248,63,0.2630766,0.5984691,0.0041398983,0.21345113,0
535,8.916667,0.12797219,33.51609,33.644062,-0.0016434032,33.644062,0.000100155776,250,250,63,0.293304,0.66371506,0.0046414547,0.21268627,0
536,8.933333,0.15495798,33.487072,33.642033,-0.0020300376,33.642033,0.00010026538,252,252,63,0.32249516,0.7286909,0.005139532,0.21185234,0
537,8.95,0.18310721,33.456738,33.639843,-0.0021861717,33.639843,0.00010028292,252,252,63,0.3502889,0.78825134,0.005613383,0.21097721,0
538,8.966666,0.2115721,33.42593,33.6375,-0.0023435056,33.6375,0.00010025527,251,251,62,0.3766122,0.8469634,0.0060646925,0.2100829,0
539,8.983334,0.23948646,33.395527,33.635014,-0.002488874,33.635014,0.00010029414,251,251,62,0.401113,0.90481406,0.006488379,0.20919126,0
540,9,0.26600292,33.36638,33.63238,-0.0026302005,33.63238,0.00010023012,250,250,62,0.423589,0.96260244,0.0068797385,0.20832421,0
541,9.016666,0.29031554,33.339283,33.629597,-0.0027853178,33.629597,0.000100292695,248,248,61,0.4427535,1.0002698,0.007230322,0.20750363,0
542,9.033334,0.31168988,33.31496,33.62665,-0.002944607,33.62665,0.00010024555,250,250,61,0.45967352,1.04217,0.0075272457,0.20675117,0
543,9.05,0.32947925,33.294132,33.62361,-0.0030405645,33.62361,0.00010030729,251,251,61,0.4735658,1.0804121,0.0077838246,0.20608522,0
544,9.066667,0.34314513,33.277348,33.620495,-0.0031180698,33.620495,0.000100261925,252,252,61,0.48421785,1.1113924,0.00798789,0.2055226,0
545,9.083333,0.3522721,33.265015,33.617287,-0.0032068468,33.617287,0.000100292906,246,246,60,0.49160013,1.1387707,0.00813757,0.20507681,0
546,9.1,0.35658908,33.257423,33.614014,-0.0032728992,33.614014,0.00010025339,247,247,60,0.4956106,1.1617541,0.008231715,0.20475799,0
547,9.116667,0.3559687,33.254734,33.610703,-0.003310188,33.610703,0.000100274854,244,244,59,0.49642453,1.1834246,0.008271063,0.20457257,0
548,9.133333,0.3504408,33.25704,33.60748,-0.0032234592,33.60748,0.00010031283,244,244,59,0.4941937,1.2031368,0.008258492,0.20452386,0
549,9.15,0.340189,33.2641,33.60429,-0.0031901086,33.60429,0.00010028766,242,242,59,0.48880672,1.2215441,0.008194709,0.20460932,0
550,9.166667,0.32554218,33.275597,33.60114,-0.003149614,33.60114,0.00010038861,239,239,58,0.48011026,1.2373728,0.008076685,0.20482393,0
551,9.183333,0.30694875,33.291096,33.598045,-0.003093981,33.598045,0.00010037866,236,236,53,0.46817294,1.2462947,0.007903902,0.20515928,0
552,9.2,0.28498542,33.310078,33.595062,-0.0029828195,33.595062,0.00010029999,239,239,53,0.45321465,1.2499552,0.007678907,0.20560394,0
553,9.216666,0.26030502,33.33189,33.592197,-0.0028672314,33.592197,0.00010033203,239,239,53,0.43519005,1.2478899,0.0074036014,0.20614374,0
554,9.233334,0.23362754,33.355827,33.589455,-0.002740564,33.589455,0.000100349505,239,239,53,0.41415322,1.2435178,0.007077194,0.20676152,0
555,9.25,0.2057277,33.38138,33.587105,-0.0023497671,33.587105,0.00010015032,232,232,53,0.39021537,1.2348444,0.0067012166,0.20744558,0
556,9.266666,0.17743188,33.407417,33.58485,-0.002256113,33.58485,0.000100121346,233,233,52,0.36376905,1.221438,0.006280464,0.20816553,0
557,9.283334,0.14956005,33.433174,33.582737,-0.0021145972,33.582737,0.000100113684,229,229,51,0.33513466,1.2019538,0.005820598,0.20889848,0
558,9.3,0.12290835,33.457874,33.580784,-0.0019508548,33.580784,0.0001002541,228,228,58,0.30461353,1.1739368,0.0053264033,0.20962045,0
559,9.316667,0.09728742,33.481766,33.579052,-0.0017309054,33.579052,0.000100091835,233,233,59,0.2732805,1.12275,0.0048069167,0.21032088,0
560,9.333333,0.07526105,33.502052,33.577316,-0.0017385896,33.577316,0.00010016018,232,232,58,0.2426901,1.0511571,0.0042924546,0.21096154,0
561,9.35,0.056777302,33.5185,33.57528,-0.0020344702,33.57528,0.00010040101,232,232,58,0.21348943,0.95312375,0.0037884417,0.21152358,0
562,9.366667,0.04213807,33.531124,33.57326,-0.0020183134,33.57326,0.00010045338,233,233,58,0.1831326,0.8836284,0.0032943545,0.21199825,0
563,9.383333,0.031675622,33.539715,33.571392,-0.0018707155,33.571392,0.00010042465,229,229,57,0.15580553,0.79761434,0.0028065932,0.21236637,0
564,9.4,0.025798928,33.543987,33.569786,-0.0016047701,33.569786,0.0001003945,228,228,59,0.1353835,0.67084646,0.0024048837,0.21261887,0
565,9.416667,0.024705762,33.54372,33.568424,-0.0013620009,33.568424,0.00010040276,225,225,58,0.12571922,0.556533,0.0021442575,0.21274054,0
566,9.433333,0.028400281,33.53922,33.56762,-0.0008045091,33.56762,0.00010009817,225,225,58,0.13126598,0.43220335,0.0021105672,0.21272756,0
567,9.45,0.036376767,33.5303,33.566677,-0.000944596,33.566677,0.00010011521,222,222,57,0.1493388,0.3262844,0.0023182437,0.21256667,0
568,9.466666,0.04805365,33.51761,33.565662,-0.0010123728,33.565662,0.00010014336,223,223,57,0.1751137,0.36820447,0.0027003372,0.21226948,0
569,9.483334,0.063030444,33.50147,33.5645,-0.0011624121,33.5645,0.00010020196,223,223,57,0.20263547,0.4494938,0.0031512298,0.21185736,0
570,9.5,0.08088691,33.482296,33.563183,-0.0013172413,33.563183,0.000100227466,223,223,57,0.23026519,0.53823423,0.0036122147,0.2113595,0
571,9.516666,0.10104574,33.460682,33.561726,-0.0014569853,33.561726,0.00010024438,223,223,57,0.25827003,0.63326615,0.004075179,0.21078926,0
572,9.533334,0.12286447,33.437157,33.56002,-0.0017042063,33.56002,0.00010028542,224,224,57,0.28487253,0.75044495,0.0045361896,0.21016254,0
573,9.55,0.14567389,33.412434,33.558105,-0.0019152072,33.558105,0.00010030363,218,218,56,0.31083152,0.8598828,0.0049703377,0.20949996,0
574,9.566667,0.16877852,33.38733,33.556107,-0.0019993742,33.556107,0.000100361955,223,223,57,0.33569485,0.96165955,0.0053941733,0.20881723,0
575,9.583333,0.19147241,33.362316,33.553787,-0.0023188586,33.553787,0.00010035674,224,224,57,0.3592835,1.0503831,0.0057988595,0.20812814,0
576,9.6,0.21308987,33.338253,33.551342,-0.0024454691,33.551342,0.00010040434,225,225,57,0.38108382,1.1310469,0.006177043,0.20745635,0
577,9.616667,0.23295689,33.315937,33.548893,-0.002449246,33.548893,0.000100414945,225,225,57,0.40080252,1.1584283,0.006523477,0.20682047,0
578,9.633333,0.25049362,33.29594,33.546436,-0.0024582697,33.546436,0.00010046628,231,231,58,0.41740653,1.0944796,0.0068256017,0.20623988,0
579,9.65,0.2652729,33.27862,33.543896,-0.0025408415,33.543896,0.000100731886,239,239,58,0.43099633,1.0649041,0.007077973,0.20573032,0
580,9.666667,0.2767645,33.26458,33.541344,-0.0025514578,33.541344,0.00010062076,238,238,58,0.44194165,1.0999018,0.0072817155,0.20530705,0
581,9.683333,0.28457448,33.2541,33.538673,-0.0026685768,33.538673,0.00010064775,244,244,59,0.44992372,1.138077,0.007438931,0.20498067,0
582,9.7,0.288516,33.247425,33.53594,-0.002735268,33.53594,0.00010060973,245,245,59,0.45494828,1.1744478,0.0075466996,0.20476031,0
583,9.716666,0.28851244,33.24469,33.5332,-0.002738656,33.5332,0.00010053212,243,243,59,0.4569111,1.206849,0.007604376,0.20465212,0
584,9.733334,0.2845656,33.24592,33.530483,-0.0027168738,33.530483,0.00010068655,246,246,60,0.455691,1.2339411,0.0076100207,0.20465915,0
585,9.75,0.27677765,33.251,33.52778,-0.0027056902,33.52778,0.00010054771,249,249,61,0.45121914,1.2557693,0.007561796,0.2047809,0
586,9.766666,0.26539984,33.259724,33.525124,-0.0026545748,33.525124,0.000100581005,248,248,61,0.4435,1.2711872,0.007459392,0.20501365,0
587,9.783334,0.2507679,33.27178,33.52255,-0.0025768068,33.52255,0.0001005306,245,245,56,0.4325832,1.2791997,0.0073032915,0.20535041,0
588,9.8,0.2333052,33.286755,33.52006,-0.002486429,33.52006,0.00010056195,247,247,55,0.4184015,1.2739573,0.0070942035,0.20578052,0
589,9.816667,0.21352787,33.304153,33.51768,-0.0023803932,33.51768,0.00010057724,246,246,55,0.4007393,1.2160925,0.006825907,0.2062908,0
590,9.833333,0.19199695,33.323418,33.515415,-0.0022662787,33.515415,0.00010049899,250,250,56,0.38039777,1.1692896,0.006509264,0.20686503,0
591,9.85,0.16934238,33.343952,33.513294,-0.0021197372,33.513294,0.000100574245,253,253,57,0.35732338,1.1096629,0.0061469628,0.20748465,0
592,9.866667,0.146235,33.365097,33.511333,-0.0019625593,33.511333,0.000100514306,254,254,59,0.3317646,1.0468413,0.005740595,0.20812854,0
593,9.883333,0.122729495,33.38643,33.50916,-0.0021729849,33.50916,0.00010037923,253,253,66,0.3045336,0.9850066,0.0052977204,0.20877832,0
594,9.9,0.10011472,33.406918,33.50703,-0.002127331,33.50703,0.00010039164,251,251,66,0.2760586,0.92383116,0.0048337025,0.20940895,0
595,9.916667,0.07927877,33.42576,33.50504,-0.001993764,33.50504,0.00010040913,251,251,66,0.24639793,0.8608179,0.004347829,0.20999804,0
596,9.933333,0.060785305,33.442406,33.503193,-0.0018465047,33.503193,0.00010039383,251,251,66,0.21618529,0.7929137,0.0038477008,0.21052743,0
597,9.95,0.045111574,33.45639,33.501503,-0.0016881896,33.501503,0.00010046616,252,252,66,0.18668288,0.6919376,0.0033486467,0.2109814,0
598,9.966666,0.03266313,33.467552,33.500214,-0.0012890698,33.500214,0.000100406134,246,246,64,0.15817627,0.594707,0.0028629238,0.2113432,0
599,9.983334,0.02374346,33.4754,33.49914,-0.0010730948,33.49914,0.000100466415,245,245,64,0.13273267,0.49339017,0.0024062553,0.21159476,0
600,10,0.018522056,33.479664,33.498184,-0.0009556324,33.498184,0.00010043982,243,243,63,0.11508675,0.3703891,0.0020418884,0.21173042,0
601,10.016666,0.017061828,33.48021,33.49727,-0.0009150773,33.49727,0.000100416124,244,244,64,0.10863192,0.26999086,0.001833466,0.21175031,0
602,10.033334,0.01940602,33.47708,33.496487,-0.0007820677,33.496487,0.000100215606,250,250,66,0.11495082,0.26542726,0.0018406381,0.21165393,0
603,10.05,0.025397979,33.470463,33.495857,-0.0006289843,33.495857,0.00010020087,251,251,66,0.1295473,0.28790104,0.0020260217,0.21145861,0
604,10.066667,0.034579758,33.4606,33.495182,-0.000676482,33.495182,0.00010016333,251,251,66,0.14981847,0.32573974,0.0023232128,0.21117406,0
605,10.083333,0.046524253,33.447884,33.494408,-0.0007753492,33.494408,0.00010020433,251,251,66,0.17338347,0.37247685,0.00269294,0.21081202,0
606,10.1,0.06082751,33.43266,33.49349,-0.0009200565,33.49349,0.000100338526,251,251,66,0.19848417,0.42762974,0.0031020977,0.2103794,0
607,10.116667,0.07703411,33.415398,33.49243,-0.0010568306,33.49243,0.00010046093,250,250,65,0.22371866,0.48405766,0.0035228627,0.20988712,0
608,10.133333,0.09463862,33.396614,33.491253,-0.0011788185,33.491253,0.00010035244,250,250,65,0.24860345,0.5418925,0.00394138,0.20934723,0
609,10.15,0.11310232,33.376823,33.489925,-0.001326979,33.489925,0.000100342,246,246,64,0.27269313,0.6009781,0.004349981,0.2087724,0
610,10.166667,0.13186257,33.35659,33.488453,-0.0014734967,33.488453,0.000100372235,248,248,64,0.295633,0.66125923,0.0047421134,0.2081762,0
611,10.183333,0.15035702,33.336464,33.48682,-0.0016298773,33.48682,0.00010033735,249,249,64,0.31717613,0.7215124,0.005112892,0.20757316,0
612,10.2,0.16803375,33.31701,33.485043,-0.0017772821,33.485043,0.00010036402,250,250,64,0.3370729,0.7816788,0.0054582427,0.20697773,0
613,10.216666,0.18436866,33.29874,33.48311,-0.0019343672,33.48311,0.00010029981,251,251,64,0.35508564,0.8412909,0.0057741203,0.20640467,0
614,10.233334,0.19887567,33.28215,33.481026,-0.0020852473,33.481026,0.00010040049,252,252,64,0.37098113,0.8999627,0.0060566114,0.20586859,0
615,10.25,0.2110928,33.26765,33.478745,-0.0022796418,33.478745,0.000100259655,251,251,64,0.3824182,0.9159446,0.006288684,0.20538397,0
616,10.266666,0.22067451,33.255627,33.476303,-0.00244252,33.476303,0.00010037231,244,244,63,0.39115146,0.9161872,0.0064491993,0.20496584,0
617,10.283334,0.2273211,33.24642,33.473743,-0.002560285,33.473743,0.00010025652,242,242,62,0.39811832,0.9387098,0.006581793,0.20462315,0
618,10.3,0.23081811,33.240288,33.471104,-0.0026373132,33.471104,0.000100266574,239,239,61,0.40222776,0.9589403,0.0066742455,0.20436457,0
619,10.316667,0.23105495,33.23737,33.468426,-0.0026789454,33.468426,0.00010028431,239,239,61,0.40345532,0.97579944,0.006717848,0.20419577,0
620,10.333333,0.22803102,33.23769,33.46572,-0.0027053691,33.46572,0.00010033585,239,239,61,0.40199834,0.99388087,0.0067151426,0.20411924,0
621,10.35,0.22185613,33.241177,33.463036,-0.002686205,33.463036,0.0001003208,242,242,61,0.3978518,1.0124738,0.0066680294,0.20413473,0
622,10.366667,0.2127378,33.247658,33.460396,-0.0026395384,33.460396,0.000100303856,240,240,61,0.39098176,1.029175,0.006575689,0.20423923,0
623,10.383333,0.2009616,33.2569,33.457863,-0.0025314046,33.457863,0.00010025009,234,234,59,0.38135675,1.041191,0.0064378986,0.2044283,0
624,10.4,0.18689245,33.268772,33.455666,-0.002198548,33.455666,0.00010008578,233,233,59,0.36895728,1.0458536,0.006253605,0.20470075,0
625,10.416667,0.17094937,33.282616,33.453564,-0.0020995168,33.453564,0.0001001118,230,230,58,0.35389888,1.0400717,0.006024113,0.20504001,0
626,10.433333,0.153593,33.297997,33.45159,-0.001973616,33.45159,0.00010012084,234,234,59,0.33634797,1.0201057,0.005751504,0.20543455,0
627,10.45,0.1353141,33.31442,33.449734,-0.0018568799,33.449734,0.00010009504,234,234,55,0.31652966,0.9847514,0.0054393117,0.20587082,0
628,10.466666,0.11663972,33.33134,33.44798,-0.0017542817,33.44798,0.000100055026,229,229,60,0.29462287,0.94329154,0.005090918,0.20633383,0
629,10.483334,0.09812264,33.348206,33.446327,-0.0016534879,33.446327,0.000100091216,231,231,61,0.27078182,0.8988942,0.0047088847,0.20680736,0
630,10.5,0.080313936,33.364468,33.444782,-0.0015456362,33.444782,0.00010006165,234,234,63,0.24529535,0.85037696,0.004296917,0.20727463,0
631,10.516666,0.06373637,33.379604,33.44334,-0.0014418649,33.44334,0.00010009196,230,230,62,0.21854831,0.7962399,0.0038605588,0.20771939,0
632,10.533334,0.0488654,33.39299,33.441856,-0.0014834476,33.441856,0.00010023974,231,231,62,0.19106492,0.7357935,0.0034075025,0.20812336,0
633,10.55,0.03612066,33.404255,33.440376,-0.0014787964,33.440376,0.000100271885,231,231,61,0.16349846,0.666506,0.0029468467,0.20847128,0
634,10.566667,0.025877006,33.41322,33.4391,-0.0012788499,33.4391,0.000100297955,236,236,63,0.13712703,0.58596444,0.002494709,0.20875584,0
635,10.583333,0.018413361,33.419575,33.43799,-0.0011100402,33.43799,0.00010033347,234,234,62,0.113984175,0.4871245,0.0020778067,0.20896803,0
636,10.6,0.013915327,33.423187,33.437103,-0.00088630826,33.437103,0.00010124658,234,234,62,0.09705025,0.3786269,0.001737049,0.20910181,0
637,10.616667,0.012431727,33.424076,33.43651,-0.0005946348,33.43651,0.00010012407,234,234,62,0.09099297,0.2659262,0.0015402011,0.20915782,0
638,10.633333,0.01399261,33.42213,33.436123,-0.00038363563,33.436123,0.00010015574,236,236,63,0.09564172,0.21619317,0.0015343693,0.20913282,0
639,10.65,0.018415358,33.417236,33.435654,-0.0004704722,33.435654,0.00010021763,236,236,63,0.10918012,0.23345555,0.0016940763,0.20902267,0
640,10.666667,0.025377331,33.409634,33.435013,-0.00064170314,33.435013,0.00010008214,236,236,63,0.12737283,0.26567903,0.0019649258,0.20884089,0
641,10.683333,0.034646902,33.39964,33.434284,-0.00072585174,33.434284,0.00010013584,236,236,63,0.14880547,0.31017688,0.0023017898,0.20859921,0
642,10.7,0.045910794,33.387558,33.43347,-0.0008148719,33.43347,0.000100076395,236,236,63,0.17127553,0.35688388,0.002670206,0.208305,0
643,10.716666,0.058805235,33.373745,33.43255,-0.00092135405,33.43255,0.000100183264,236,236,63,0.19382928,0.40383622,0.0030468479,0.2079666,0
644,10.733334,0.07292185,33.35865,33.431572,-0.00097569224,33.431572,0.000100155456,237,237,63,0.21584351,0.45006546,0.003419084,0.20759383,0
645,10.75,0.08781693,33.34268,33.4305,-0.001075047,33.4305,0.000100151294,237,237,63,0.23692863,0.4951893,0.0037785475,0.20719731,0
646,10.766666,0.10302477,33.326298,33.42932,-0.0011757653,33.42932,0.00010015525,238,238,63,0.25678277,0.53993076,0.004120062,0.20678781,0
647,10.783334,0.1180717,33.30996,33.428032,-0.001290461,33.428032,0.00010020107,235,235,62,0.27508023,0.5851613,0.0044380543,0.20637661,0
648,10.8,0.13248833,33.294163,33.42665,-0.0013825962,33.42665,0.00010022161,233,233,61,0.29174665,0.63336205,0.0047290227,0.20597515,0
649,10.816667,0.1458309,33.27935,33.425182,-0.0014665886,33.425182,0.00010023088,234,234,61,0.3065795,0.68242025,0.0049919183,0.20559455,0
650,10.833333,0.15769255,33.26599,33.423683,-0.0015004376,33.423683,0.000100292855,235,235,61,0.31932175,0.7334553,0.0052217944,0.2052468,0
651,10.85,0.1677082,33.254425,33.422134,-0.0015478886,33.422134,0.00010026185,239,239,61,0.32993364,0.7852308,0.0054160627,0.20493992,0
652,10.866667,0.17557256,33.244957,33.42053,-0.0016057014,33.42053,0.0001002822,243,243,61,0.33831233,0.83558005,0.0055740587,0.20468119,0
653,10.883333,0.1810137,33.237858,33.418873,-0.0016577838,33.418873,0.00010019414,242,242,61,0.3448202,0.85517013,0.005695234,0.20447828,0
654,10.9,0.1838921,33.23328,33.417175,-0.0016976132,33.417175,0.000100252575,242,242,61,0.3491409,0.81321967,0.0057887244,0.20433582,0
655,10.916667,0.18414374,33.23131,33.415455,-0.0017184751,33.415455,0.00010029934,242,242,61,0.35098818,0.83424103,0.0058380314,0.20425765,0
656,10.933333,0.18175824,33.231903,33.413662,-0.0017921368,33.413662,0.00010034791,242,242,61,0.35066321,0.8527494,0.0058505307,0.20424354,0
657,10.95,0.17682777,33.234993,33.411823,-0.0018406226,33.411823,0.00010040312,243,243,62,0.3480797,0.8676012,0.005825878,0.20429401,0
658,10.966666,0.16955237,33.240334,33.409885,-0.0019352777,33.409885,0.00010055441,243,243,61,0.34324878,0.86879367,0.005764,0.20440625,0
659,10.983334,0.16018322,33.247772,33.407955,-0.0019324059,33.407955,0.00010044625,245,245,61,0.33622319,0.8640569,0.005664429,0.20458022,0
660,11,0.14902171,33.257,33.40602,-0.0019343388,33.40602,0.00010059833,242,242,61,0.32704484,0.8550961,0.005528935,0.20481095,0
661,11.016666,0.13639408,33.267708,33.404102,-0.0019173165,33.404102,0.00010053304,243,243,64,0.31566933,0.84330666,0.0053572506,0.20509274,0
662,11.033334,0.12266033,33.279568,33.40223,-0.0018742814,33.40223,0.00010059443,243,243,63,0.30211872,0.82890856,0.005149041,0.20541766,0
663,11.05,0.10820473,33.2922,33.400402,-0.0018258648,33.400402,0.00010042564,244,244,63,0.28642946,0.8113852,0.0049048024,0.20577636,0
664,11.066667,0.093420416,33.30523,33.39865,-0.0017522417,33.39865,0.00010050375,246,246,64,0.2685866,0.78931826,0.004624895,0.20615879,0
665,11.083333,0.078717306,33.318302,33.39702,-0.001632973,33.39702,0.00010049357,246,246,64,0.2487453,0.76272666,0.004310473,0.2065552,0
666,11.1,0.0645075,33.330997,33.395504,-0.0015137336,33.395504,0.00010058123,246,246,64,0.22695822,0.7293079,0.0039628376,0.20695177,0
667,11.116667,0.051202416,33.342922,33.394127,-0.0013789395,33.394127,0.000100547935,246,246,64,0.20334421,0.68726104,0.0035839812,0.2073353,0
668,11.133333,0.03919606,33.353683,33.39288,-0.0012468303,33.39288,0.00010052332,249,249,65,0.17820999,0.636156,0.0031765914,0.20769216,0
669,11.15,0.02884979,33.362926,33.391777,-0.0011014885,33.391777,0.00010047748,248,248,65,0.15217139,0.58263516,0.0027490747,0.20800893,0
670,11.166667,0.020453157,33.37037,33.39082,-0.0009555534,33.39082,0.000100506426,247,247,65,0.12609842,0.53008586,0.002311716,0.20827386,0
671,11.183333,0.014246355,33.375713,33.38996,-0.0008613692,33.38996,0.00010048637,246,246,65,0.10154497,0.47588676,0.0018854862,0.2084744,0
672,11.2,0.010150434,33.378857,33.389008,-0.00095103955,33.389008,0.000100366764,243,243,64,0.08320477,0.42115632,0.0015181932,0.2086058,0
673,11.216666,0.008571585,33.379562,33.388134,-0.000875092,33.388134,0.00010041657,236,236,62,0.07446996,0.3708374,0.0012925152,0.208661,0
674,11.233334,0.009494693,33.377872,33.387367,-0.00076521194,33.387367,0.00010042962,239,239,62,0.076763965,0.29495236,0.0012350628,0.2086344,0
675,11.25,0.012780958,33.374035,33.386814,-0.00055406085,33.386814,0.00010024425,239,239,62,0.08835727,0.20242509,0.0013609853,0.20853923,0
676,11.266666,0.018134968,33.368114,33.38625,-0.00056600064,33.38625,0.00010020707,238,238,62,0.10681942,0.22658238,0.0016187774,0.20837827,0
677,11.283334,0.02531144,33.360355,33.38567,-0.0005798273,33.38567,0.0001001827,238,238,62,0.12746955,0.26878098,0.0019574887,0.20815706,0
678,11.3,0.034020912,33.351025,33.385044,-0.0006244211,33.385044,0.00010013781,239,239,62,0.1477511,0.3115928,0.002296585,0.2078932,0
679,11.316667,0.043978494,33.340355,33.38433,-0.0007120028,33.38433,0.00010018109,240,240,62,0.16801237,0.35461798,0.0026354487,0.20759171,0
680,11.333333,0.05486931,33.328667,33.383533,-0.000797581,33.383533,0.00010015376,240,240,62,0.18767646,0.3961883,0.0029688147,0.20726019,0
681,11.35,0.06635249,33.316303,33.382656,-0.000877721,33.382656,0.000100111254,240,240,62,0.20641944,0.43606946,0.0032891552,0.20690732,0
682,11.366667,0.078069985,33.303604,33.38167,-0.0009838941,33.38167,0.000100246536,241,241,62,0.22371864,0.468901,0.0035901435,0.20654172,0
683,11.383333,0.08965863,33.29092,33.380577,-0.0010954479,33.380577,0.00010025571,241,241,62,0.24000119,0.50410503,0.0038689014,0.20617218,0
684,11.4,0.10075978,33.278595,33.379353,-0.0012236731,33.379353,0.00010037362,243,243,62,0.2548828,0.53818405,0.0041290796,0.20580645,0
685,11.416667,0.11103319,33.267002,33.378036,-0.0013192318,33.378036,0.00010044112,244,244,62,0.26825696,0.5706565,0.0043638507,0.2054538,0
686,11.433333,0.120169714,33.256443,33.376614,-0.001420172,33.376614,0.0001003584,244,244,62,0.28005132,0.60162085,0.004573477,0.20512193,0
687,11.45,0.12789863,33.247208,33.375107,-0.0015078747,33.375107,0.00010032821,239,239,61,0.29013148,0.6306614,0.0047555254,0.2048187,0
688,11.466666,0.13399953,33.239502,33.3735,-0.0016063681,33.3735,0.000100344434,239,239,61,0.29846016,0.65789765,0.00490871,0.20455012,0
689,11.483334,0.13829906,33.233494,33.37179,-0.0017074255,33.37179,0.00010032219,239,239,61,0.3049158,0.6826637,0.0050317156,0.2043222,0
690,11.5,0.14067824,33.22931,33.369984,-0.0018072875,33.369984,0.00010039498,239,239,61,0.30936018,0.70488507,0.005122269,0.20413959,0
691,11.516666,0.14107081,33.22701,33.36808,-0.0019040776,33.36808,0.0001003969,239,239,61,0.31169418,0.7241322,0.005178574,0.20400634,0
692,11.533334,0.13946497,33.226646,33.36611,-0.0019709268,33.36611,0.00010032762,238,238,61,0.31177464,0.7390312,0.0051983222,0.20392552,0
693,11.55,0.1359048,33.228176,33.36408,-0.0020304576,33.36408,0.00010034442,238,238,61,0.3096672,0.75263137,0.005180897,0.20389844,0
694,11.566667,0.13049427,33.231518,33.362015,-0.0020664812,33.362015,0.00010035906,238,238,61,0.30545667,0.7663454,0.0051276535,0.20392488,0
695,11.583333,0.1233958,33.236546,33.35994,-0.0020729117,33.35994,0.000100357975,238,238,61,0.2991691,0.78080726,0.0050398475,0.20400299,0
696,11.6,0.114829205,33.243046,33.357876,-0.0020658567,33.357876,0.00010028226,237,237,61,0.29075605,0.7941273,0.0049170055,0.20412931,0
697,11.616667,0.105047055,33.251057,33.356106,-0.0017704889,33.356106,0.000100189696,232,232,59,0.2801092,0.8039094,0.004757792,0.20430584,0
698,11.633333,0.094364755,33.260036,33.354404,-0.0017013677,33.354404,0.00010005517,231,231,59,0.26731917,0.8083758,0.0045621214,0.20452091,0
699,11.65,0.08310372,33.269688,33.35279,-0.0016127514,33.35279,0.00010009967,231,231,59,0.25243956,0.8037738,0.0043309187,0.2047668,0
700,11.666667,0.07159613,33.279705,33.351303,-0.0014883906,33.351303,0.00010004793,233,233,60,0.2356439,0.78635365,0.0040662577,0.2050351,0
701,11.683333,0.0601626,33.289757,33.34992,-0.0013832464,33.34992,0.00010012766,235,235,61,0.21712168,0.7542512,0.003771322,0.20531678,0
702,11.7,0.049115915,33.299515,33.34863,-0.0012888415,33.34863,0.000100150864,227,227,59,0.19701606,0.7058689,0.0034488323,0.2056019,0
703,11.716666,0.038768973,33.308678,33.347446,-0.001181799,33.347446,0.000100104706,225,225,58,0.17553824,0.6449962,0.0031015566,0.20588021,0
704,11.733334,0.029422244,33.31695,33.346375,-0.0010732107,33.346375,0.00010006909,224,224,58,0.15299013,0.58073664,0.0027337791,0.20614113,0
705,11.75,0.021318844,33.32376,33.345078,-0.0012965853,33.345078,0.00010030833,223,223,58,0.12952872,0.5153766,0.0023500526,0.20636775,0
706,11.766666,0.014723335,33.329308,33.344032,-0.0010455808,33.344032,0.00010029691,227,227,60,0.10600586,0.4430606,0.0019556878,0.2065563,0
707,11.783334,0.009832299,33.33335,33.343185,-0.00084821094,33.343185,0.00010022348,226,226,60,0.08407945,0.36693877,0.0015733268,0.20670065,0
708,11.8,0.00677826,33.33588,33.34266,-0.0005248007,33.34266,0.000100189,226,226,60,0.06678599,0.28591862,0.0012387143,0.20679967,0
709,11.816667,0.005619084,33.336643,33.342262,-0.0003977279,33.342262,0.000100076344,229,229,61,0.05916848,0.19096684,0.001022958,0.20684327,0
710,11.833333,0.006275163,33.33565,33.341927,-0.0003338039,33.341927,0.0001001194,228,228,60,0.062747225,0.14071988,0.0009943343,0.20683415,0
711,11.85,0.008624023,33.33294,33.341564,-0.00036309252,33.341564,0.00010010601,227,227,60,0.07445263,0.15645796,0.0011347004,0.20677449,0
712,11.866667,0.012503885,33.328457,33.34096,-0.000602708,33.34096,0.000100535886,227,227,60,0.08951799,0.1875097,0.001362198,0.20666797,0
713,11.883333,0.017644504,33.32187,33.33951,-0.001450065,33.33951,0.00010120285,227,227,60,0.106643006,0.22541896,0.0016365645,0.20649816,0
714,11.9,0.02397204,33.314873,33.338844,-0.0006663161,33.338844,0.00010024142,228,228,60,0.12385204,0.2586524,0.0019217856,0.20632312,0
715,11.916667,0.03132483,33.30686,33.338184,-0.00065954047,33.338184,0.000100236975,228,228,60,0.14159653,0.2958686,0.0022156984,0.20612915,0
716,11.933333,0.039436813,33.298023,33.33746,-0.00072796724,33.33746,0.00010031462,229,229,60,0.15887119,0.33186796,0.0025082482,0.2059148,0
717,11.95,0.04805227,33.288605,33.33666,-0.0008007318,33.33666,0.00010026532,229,229,60,0.17537385,0.36645502,0.0027901302,0.20568572,0
718,11.966666,0.056901176,33.278896,33.335796,-0.0008603906,33.335796,0.00010032785,227,227,59,0.19086164,0.39898524,0.0030569562,0.2054487,0
719,11.983334,0.0657076,33.269154,33.33486,-0.0009352875,33.33486,0.00010038058,230,230,60,0.20515864,0.42931604,0.003305225,0.20520955,0
720,12,0.07419647,33.25966,33.333855,-0.0010084503,33.333855,0.00010037247,231,231,60,0.21815735,0.45751902,0.0035328253,0.2049749,0
721,12.016666,0.08210027,33.25068,33.33278,-0.0010749736,33.33278,0.000100433834,235,235,62,0.22958902,0.48249522,0.0037364368,0.20475139,0
722,12.033334,0.08918057,33.242462,33.331642,-0.0011373605,33.331642,0.000100452016,235,235,62,0.23943742,0.5042571,0.003913756,0.20454516,0
723,12.05,0.09521699,33.23523,33.33045,-0.001193014,33.33045,0.00010051252,239,239,63,0.2474862,0.5220829,0.0040626987,0.20436166,0
724,12.066667,0.10002656,33.229187,33.329216,-0.0012331354,33.329216,0.00010052919,239,239,63,0.25371635,0.53562146,0.0041813836,0.20420592,0
725,12.083333,0.103455275,33.224483,33.327938,-0.0012756386,33.327938,0.00010057394,239,239,63,0.2581474,0.5460406,0.0042700255,0.2040817,0
726,12.1,0.1053988,33.22124,33.32664,-0.001297627,33.32664,0.00010053058,239,239,63,0.26093185,0.5567916,0.0043294774,0.20399183,0
727,12.116667,0.10580077,33.219524,33.325325,-0.0013149433,33.325325,0.00010051709,238,238,63,0.26207858,0.5670405,0.0043619387,0.20393799,0
728,12.133333,0.10465328,33.21935,33.324,-0.0013255487,33.324,0.000100504294,238,238,63,0.2616598,0.57768035,0.0043677217,0.20392072,0
729,12.15,0.10199832,33.22067,33.322666,-0.0013338926,33.322666,0.000100506506,238,238,63,0.2596702,0.58850646,0.004347167,0.20394033,0
730,12.166667,0.09792512,33.223396,33.321323,-0.001345791,33.321323,0.00010059306,238,238,63,0.2561004,0.6001866,0.004300533,0.2039948,0
731,12.183333,0.092569284,33.2274,33.31997,-0.0013514105,33.31997,0.00010054451,238,238,63,0.25091466,0.611124,0.0042272964,0.20408238,0
732,12.2,0.08609942,33.23252,33.318623,-0.0013485422,33.318623,0.00010051745,236,236,62,0.24406008,0.62002057,0.004126604,0.20420016,0
733,12.216666,0.0787076,33.23856,33.317265,-0.001355439,33.317265,0.00010049544,236,236,62,0.23554604,0.6256766,0.0039980575,0.20434462,0
734,12.233334,0.070632234,33.24529,33.31592,-0.0013443561,33.31592,0.000100639474,238,238,63,0.22540307,0.62653935,0.0038421585,0.20451172,0
735,12.25,0.062124334,33.25248,33.3146,-0.0013190326,33.3146,0.00010060979,238,238,63,0.21364793,0.6213539,0.0036592379,0.20469667,0
736,12.266666,0.05343659,33.259876,33.313313,-0.0012885636,33.313313,0.00010048762,237,237,62,0.20032689,0.6089875,0.0034498002,0.20489404,0
737,12.283334,0.044819094,33.26726,33.31208,-0.0012347703,33.31208,0.00010057489,236,236,62,0.185507,0.58860385,0.0032148738,0.2050989,0
738,12.3,0.0365183,33.274426,33.310944,-0.0011355291,33.310944,0.00010056076,236,236,62,0.16929457,0.559929,0.0029560116,0.20530671,0
739,12.316667,0.028772064,33.281105,33.309875,-0.0010679396,33.309875,0.00010053832,242,242,64,0.15181878,0.52271867,0.0026747668,0.20550884,0
740,12.333333,0.021794187,33.28709,33.308884,-0.0009910312,33.308884,0.000100586265,242,242,64,0.1332578,0.4763528,0.002373862,0.20569845,0
741,12.35,0.015765734,33.29221,33.307976,-0.0009089602,33.307976,0.00010053155,242,242,64,0.11389148,0.42200604,0.0020570022,0.20586887,0
742,12.366667,0.010847382,33.296314,33.307163,-0.0008126819,33.307163,0.000100531215,243,243,64,0.094211385,0.35912237,0.0017302912,0.20601363,0
743,12.383333,0.0070649325,33.29933,33.306396,-0.0007665829,33.306396,0.000100612655,243,243,64,0.07376568,0.30744228,0.0013934615,0.20612557,0
744,12.4,0.0046996167,33.301144,33.305843,-0.00055496395,33.305843,0.000100468,241,241,63,0.05632254,0.23823845,0.0010722594,0.20619959,0
745,12.416667,0.0037198924,33.301598,33.305317,-0.00052501675,33.305317,0.00010051298,239,239,62,0.047233466,0.17603749,0.0008398606,0.20623086,0
746,12.433333,0.00408342,33.300762,33.304848,-0.00046941006,33.304848,0.00010054304,239,239,62,0.049730346,0.12973182,0.0007839617,0.20621856,0
747,12.45,0.0057154354,33.298737,33.30445,-0.00039446822,33.30445,0.000100501966,239,239,62,0.05996977,0.1275287,0.00090222666,0.20616513,0
748,12.466666,0.008500187,33.29561,33.304108,-0.00034400285,33.304108,0.00010035218,239,239,62,0.07371219,0.15380871,0.0011139968,0.2060778,0
749,12.483334,0.012296522,33.2914,33.3037,-0.00041058354,33.3037,0.000100321035,240,240,62,0.08857168,0.18427338,0.0013528029,0.20596166,0
750,12.5,0.01696868,33.286263,33.30323,-0.00046711823,33.30323,0.00010029643,240,240,62,0.1040112,0.21658249,0.0016069754,0.20582075,0
751,12.516666,0.022364175,33.28034,33.3027,-0.0005300034,33.3027,0.00010025501,240,240,62,0.119415715,0.24858136,0.0018649308,0.2056584,0
752,12.533334,0.028311355,33.273796,33.30211,-0.0005924637,33.30211,0.000100270634,240,240,62,0.13437955,0.2795967,0.0021183817,0.20547904,0
753,12.55,0.034623377,33.26683,33.301456,-0.000653402,33.301456,0.000100217556,241,241,62,0.1486209,0.30903605,0.002362059,0.20528705,0
754,12.566667,0.041102726,33.25964,33.300743,-0.00071234436,33.300743,0.00010026127,241,241,62,0.16197889,0.33656326,0.0025921573,0.20508763,0
755,12.583333,0.047547597,33.25243,33.29998,-0.0007636179,33.29998,0.000100225225,242,242,62,0.17428893,0.3629932,0.0028059962,0.20488581,0
756,12.6,0.05375753,33.245407,33.299164,-0.00081550836,33.299164,0.00010026412,243,243,63,0.18539016,0.38698512,0.003001084,0.20468657,0
757,12.616667,0.059539653,33.238754,33.298294,-0.0008710715,33.298294,0.00010031462,242,242,62,0.19519718,0.4084527,0.003175003,0.20449464,0
758,12.633333,0.06471504,33.232685,33.297398,-0.00089408515,33.297398,0.00010019674,242,242,62,0.20358223,0.4269248,0.0033264884,0.2043153,0
759,12.65,0.06912243,33.22735,33.29647,-0.00092856766,33.29647,0.000100166224,239,239,61,0.21049146,0.44259906,0.003453797,0.20415245,0
760,12.666667,0.07262522,33.22289,33.295513,-0.000956343,33.295513,0.000100138044,239,239,61,0.21554409,0.45016596,0.0035546406,0.20400992,0
761,12.683333,0.075114794,33.21942,33.294533,-0.0009791686,33.294533,0.000100137775,239,239,61,0.219161,0.45696875,0.0036249713,0.20389083,0
762,12.7,0.07651397,33.217033,33.293545,-0.000988247,33.293545,0.000100146885,239,239,61,0.22123697,0.4617475,0.0036724634,0.20379734,0
763,12.716666,0.07677931,33.215763,33.292545,-0.0010028488,33.292545,0.00010010644,239,239,61,0.22165735,0.462905,0.00369304,0.20373076,0
764,12.733334,0.07590282,33.215626,33.291527,-0.0010154826,33.291527,0.00010016561,242,242,62,0.22050916,0.46112758,0.0036863296,0.2036916,0
765,12.75,0.073913,33.21658,33.290493,-0.001034851,33.290493,0.000100210986,242,242,62,0.21791616,0.4586029,0.0036547352,0.20367923,0
766,12.766666,0.07087288,33.218563,33.289436,-0.0010580297,33.289436,0.000100366764,244,244,63,0.21384808,0.45440593,0.0035988707,0.20369253,0
767,12.783334,0.06688594,33.22144,33.288326,-0.001110058,33.288326,0.00010051946,244,244,63,0.20875059,0.44910547,0.0035212042,0.20372903,0
768,12.8,0.06207342,33.225163,33.287235,-0.0010889069,33.287235,0.000100463025,244,244,63,0.20220692,0.44428962,0.0034246636,0.20378824,0
769,12.816667,0.05658796,33.229565,33.28615,-0.0010830236,33.28615,0.000100444624,244,244,63,0.19427401,0.43721256,0.0033032417,0.20386668,0
770,12.833333,0.05060387,33.23445,33.285053,-0.0010981892,33.285053,0.00010045968,244,244,63,0.18514079,0.4288063,0.0031607426,0.20396109,0
771,12.85,0.044309277,33.23964,33.283947,-0.0011062704,33.283947,0.00010048845,244,244,63,0.17483549,0.41883317,0.002998433,0.20406762,0
772,12.866667,0.037902445,33.24494,33.282845,-0.0011052905,33.282845,0.00010043929,237,237,61,0.1634421,0.4057785,0.0028171826,0.20418268,0
773,12.883333,0.031615067,33.25034,33.28195,-0.00088990503,33.28195,0.00010009117,235,235,60,0.15119562,0.3846211,0.002619952,0.20430611,0
774,12.9,0.025619274,33.255447,33.281067,-0.00088594283,33.281067,0.00010007622,234,234,60,0.13812254,0.3627883,0.0024093175,0.2044298,0
775,12.916667,0.020055199,33.260162,33.280216,-0.0008504117,33.280216,0.0001000749,234,234,60,0.124191836,0.34194338,0.0021840343,0.20455089,0
776,12.933333,0.015059535,33.264355,33.279415,-0.0008032095,33.279415,0.00010015284,234,234,60,0.10936474,0.32018977,0.0019442375,0.20466594,0
777,12.95,0.010750915,33.26792,33.27867,-0.0007426153,33.27867,0.00010012407,228,228,58,0.09372843,0.29490307,0.0016899323,0.20477131,0
778,12.966666,0.007218018,33.270718,33.277935,-0.0007353223,33.277935,0.00010020437,230,230,59,0.077528656,0.26833108,0.00142337,0.2048621,0
779,12.983334,0.0045018685,33.27238,33.276882,-0.0010540975,33.276882,0.00010027386,229,229,59,0.06036008,0.24549504,0.0011439093,0.20492819,0
780,13,0.00284752,33.273273,33.276123,-0.00075956364,33.276123,0.00010015483,228,228,59,0.04433598,0.21892309,0.0008646005,0.20497462,0
781,13.016666,0.0022119256,33.27353,33.27574,-0.00038205538,33.27574,0.000100049816,228,228,59,0.0343282,0.16431978,0.0006388471,0.20500462,0
782,13.033334,0.0024962688,33.27287,33.275364,-0.0003761881,33.275364,0.00010014622,228,228,59,0.0339337,0.09685916,0.0005437786,0.2050105,0
783,13.05,0.00365009,33.271355,33.275005,-0.00035777,33.275005,0.00010012385,229,229,59,0.043705475,0.10876034,0.0006320061,0.20499086,0
784,13.066667,0.0056001446,33.268814,33.274414,-0.000591487,33.274414,0.00010054128,227,227,58,0.058751266,0.12728125,0.00085128087,0.20493864,0
785,13.083333,0.008208745,33.26522,33.27343,-0.0009861664,33.27343,0.00010132168,226,226,58,0.07286346,0.15491104,0.0011021146,0.2048546,0
786,13.1,0.011332526,33.261265,33.2726,-0.00083159393,33.2726,0.000101537735,227,227,58,0.0855128,0.18068278,0.0013245794,0.20476434,0
787,13.116667,0.014878952,33.25683,33.271706,-0.0008900909,33.271706,0.00010155296,227,227,58,0.09805179,0.20746659,0.0015340181,0.20466281,0
788,13.133333,0.018741583,33.251984,33.270725,-0.0009815427,33.270725,0.000101569254,231,231,60,0.1101117,0.23339513,0.0017394697,0.2045517,0
789,13.15,0.022798587,33.24687,33.26967,-0.0010576677,33.26967,0.000101502155,231,231,60,0.12152208,0.25802255,0.0019353688,0.20443487,0
790,13.166667,0.027135797,33.242077,33.269215,-0.00045376227,33.269215,0.00010032775,233,233,61,0.1322648,0.27916387,0.002118167,0.2043254,0
791,13.183333,0.03152923,33.23705,33.268578,-0.00063562015,33.268578,0.000100279416,237,237,62,0.14259191,0.3010318,0.0022940242,0.20421237,0
792,13.2,0.035789456,33.2321,33.26789,-0.0006880221,33.26789,0.00010028251,237,237,62,0.15207483,0.32193568,0.0024590944,0.2041014,0
793,13.216666,0.039787985,33.227375,33.267162,-0.00072876766,33.267162,0.00010031787,237,237,62,0.16051221,0.3408501,0.0026087074,0.20399554,0
794,13.233334,0.043399867,33.22299,33.266388,-0.0007734263,33.266388,0.00010047867,237,237,62,0.16769204,0.35643306,0.0027386774,0.20389822,0
795,13.25,0.046515863,33.219067,33.265583,-0.00080496416,33.265583,0.00010034235,237,237,62,0.17365646,0.36943278,0.0028480056,0.20381215,0
796,13.266666,0.04904139,33.215706,33.264748,-0.0008348219,33.264748,0.00010034572,237,237,62,0.17838171,0.3799581,0.0029369376,0.20373964,0
797,13.283334,0.050895326,33.212994,33.26389,-0.00085868203,33.26389,0.00010043993,237,237,62,0.18181191,0.38787803,0.0030047582,0.2036829,0
798,13.3,0.052021135,33.210987,33.26301,-0.0008812241,33.26301,0.00010042716,237,237,62,0.18390705,0.39300558,0.0030505965,0.2036432,0
799,13.316667,0.05238427,33.209732,33.262115,-0.00089308765,33.262115,0.00010051961,237,237,62,0.1846486,0.39526626,0.0030739922,0.20362142,0
800,13.333333,0.05197344,33.209236,33.26121,-0.00090460526,33.26121,0.000100434685,237,237,62,0.1840313,0.39467075,0.0030748209,0.20361835,0
801,13.35,0.050801992,33.2095,33.260303,-0.00090876594,33.260303,0.00010052073,236,236,62,0.18207142,0.39132392,0.0030530754,0.20363346,0
802,13.366667,0.048906084,33.21049,33.2594,-0.000904364,33.2594,0.00010048941,236,236,62,0.17876807,0.38496736,0.0030089642,0.20366594,0
803,13.383333,0.046343777,33.21216,33.258503,-0.0008952661,33.258503,0.00010053747,236,236,62,0.17417377,0.3761114,0.0029430157,0.20371453,0
804,13.4,0.043194376,33.214424,33.257618,-0.00088367594,33.257618,0.00010053164,236,236,62,0.16831115,0.36451784,0.0028554671,0.20377754,0
805,13.416667,0.039554946,33.217205,33.25676,-0.0008581484,33.25676,0.00010049951,236,236,62,0.16127788,0.35092732,0.0027476917,0.20385283,0
806,13.433333,0.03553783,33.22039,33.255928,-0.00083333254,33.255928,0.00010056894,236,236,62,0.15303707,0.33417472,0.002620014,0.2039381,0
807,13.45,0.031265713,33.22387,33.255135,-0.0007914016,33.255135,0.00010063273,236,236,62,0.14378534,0.31561708,0.0024739422,0.20403063,0
808,13.466666,0.026862808,33.22751,33.25437,-0.000763415,33.25437,0.00010060483,235,235,61,0.13357249,0.29519445,0.0023114306,0.20412679,0
809,13.483334,0.022469774,33.231216,33.25369,-0.00068438036,33.25369,0.00010050448,239,239,62,0.12249853,0.2731574,0.002133644,0.20422435,0
810,13.5,0.01822263,33.234825,33.253048,-0.00063857733,33.253048,0.00010053379,240,240,63,0.11068993,0.2495039,0.0019427518,0.20431943,0
811,13.516666,0.0142455045,33.23822,33.25247,-0.00058302836,33.25247,0.000100486126,240,240,63,0.09818952,0.22359563,0.0017396448,0.20440906,0
812,13.533334,0.010656374,33.24128,33.251938,-0.0005303699,33.251938,0.00010052787,240,240,63,0.085258305,0.19660744,0.001527215,0.2044901,0
813,13.55,0.0075583006,33.243904,33.251465,-0.00047224062,33.251465,0.00010052266,239,239,62,0.07216367,0.16921653,0.001309747,0.20455998,0
814,13.566667,0.005041152,33.246006,33.25105,-0.0004158508,33.25105,0.000100477024,239,239,62,0.059254836,0.14159219,0.0010923132,0.2046165,0
815,13.583333,0.003166211,33.247543,33.25071,-0.0003402401,33.25071,0.00010043792,239,239,62,0.046779882,0.11163049,0.00088045065,0.20465797,0
816,13.6,0.0019904876,33.2484,33.250393,-0.00031618474,33.250393,0.0001005445,239,239,62,0.037134632,0.089032196,0.0006905208,0.2046816,0
817,13.616667,0.00149587,33.248615,33.250114,-0.00027881857,33.250114,0.00010047895,239,239,62,0.031613257,0.07330651,0.0005611603,0.20468819,0
818,13.633333,0.0016437938,33.248234,33.249878,-0.0002337978,33.249878,0.0001004139,239,239,62,0.032369047,0.06935149,0.0005197798,0.20467821,0
819,13.65,0.0023764009,33.247265,33.24964,-0.00023898757,33.24964,0.00010042243,239,239,62,0.038904432,0.08152147,0.0005858779,0.20465147,0
820,13.666667,0.0036406552,33.245766,33.249405,-0.00023353781,33.249405,0.00010031099,239,239,62,0.048069555,0.10069164,0.00072288373,0.20461012,0
821,13.683333,0.00537638,33.243748,33.249126,-0.0002807829,33.249126,0.00010028694,239,239,62,0.058416665,0.1224787,0.00088767684,0.20455548,0
822,13.7,0.007519898,33.241283,33.248802,-0.0003232086,33.248802,0.000100300495,239,239,62,0.06914253,0.14467204,0.0010644681,0.20448916,0
823,13.716666,0.010001697,33.238438,33.248436,-0.0003644884,33.248436,0.00010031566,237,237,61,0.07980933,0.16672432,0.0012433352,0.20441268,0
824,13.733334,0.012741211,33.2353,33.24804,-0.0003998805,33.24804,0.000100273704,238,238,62,0.090144046,0.18790364,0.0014185922,0.20432824,0
825,13.75,0.015651803,33.231926,33.247578,-0.00045839985,33.247578,0.000100349025,238,238,62,0.09997244,0.20818737,0.0015867264,0.20423743,0
826,13.766666,0.018642332,33.228462,33.247105,-0.0004753912,33.247105,0.00010024106,237,237,62,0.10915229,0.22778583,0.0017451929,0.20414339,0
827,13.783334,0.02161943,33.22497,33.24659,-0.00051475747,33.24659,0.00010027702,237,237,62,0.11759186,0.24588147,0.0018920383,0.20404801,0
828,13.8,0.024490494,33.221554,33.246044,-0.00054597674,33.246044,0.00010027089,236,236,61,0.12520544,0.2623635,0.0020257689,0.2039537,0
829,13.816667,0.027166318,33.2183,33.24547,-0.0005771224,33.24547,0.00010020725,236,236,61,0.13191813,0.27698582,0.0021450697,0.20386298,0
830,13.833333,0.029563777,33.215305,33.24487,-0.0005987906,33.24487,0.000100268604,236,236,61,0.13767107,0.2896877,0.0022488644,0.20377778,0
831,13.85,0.03160893,33.21264,33.244247,-0.0006189178,33.244247,0.000100174926,236,236,61,0.14241225,0.30035916,0.002336182,0.20370023,0
832,13.866667,0.033238176,33.210377,33.243614,-0.0006338193,33.243614,0.00010018304,237,237,61,0.1461003,0.30889025,0.002406275,0.20363204,0
833,13.883333,0.034400802,33.208572,33.242973,-0.0006414075,33.242973,0.00010014615,237,237,61,0.14870752,0.31524548,0.0024585747,0.20357472,0
834,13.9,0.03506128,33.20726,33.24232,-0.0006512726,33.24232,0.000100169455,241,241,62,0.15019876,0.319371,0.0024925456,0.20352924,0
835,13.916667,0.03519937,33.206467,33.241665,-0.00065578107,33.241665,0.00010022319,241,241,62,0.15057002,0.32114688,0.0025078391,0.20349629,0
836,13.933333,0.03481074,33.206196,33.241005,-0.00065962615,33.241005,0.000100138976,241,241,62,0.14982316,0.3206831,0.002504486,0.20347627,0
837,13.95,0.033907153,33.20645,33.240356,-0.0006493831,33.240356,0.000100129895,241,241,62,0.14796184,0.3179463,0.002482501,0.20346916,0
838,13.966666,0.032516807,33.2072,33.239716,-0.0006425308,33.239716,0.00010018303,241,241,62,0.1449943,0.3128411,0.0024420624,0.20347446,0
839,13.983334,0.03068275,33.208405,33.23909,-0.0006257129,33.23909,0.000100125435,241,241,62,0.14099024,0.30615422,0.0023834833,0.20349151,0
840,14,0.028461985,33.210022,33.238483,-0.00060659414,33.238483,0.00010016944,239,239,61,0.13608012,0.29937148,0.002308958,0.20351906,0
841,14.016666,0.025919592,33.211967,33.23789,-0.00059355143,33.23789,0.00010019849,239,239,61,0.12933274,0.27694663,0.0022164157,0.20355551,0
842,14.033334,0.02313703,33.21419,33.23733,-0.0005587353,33.23733,0.00010010601,239,239,61,0.12161198,0.25322795,0.0020871202,0.20359845,0
843,14.05,0.020198768,33.216602,33.2368,-0.0005307207,33.2368,0.00010012991,239,239,61,0.11364444,0.23679164,0.0019598359,0.2036466,0
844,14.066667,0.017194452,33.219116,33.23631,-0.0004898748,33.23631,0.00010014703,239,239,61,0.10487314,0.21864596,0.0018200085,0.20369825,0
845,14.083333,0.014215907,33.221645,33.23586,-0.00044997147,33.23586,0.000100186124,238,238,61,0.09539264,0.19909063,0.0016675981,0.20375125,0
846,14.1,0.011354672,33.22409,33.235443,-0.0004149585,33.235443,0.00010016374,238,238,61,0.08531987,0.1784571,0.0015043099,0.2038035,0
847,14.116667,0.008698042,33.226376,33.235073,-0.00037028946,33.235073,0.00010013832,238,238,61,0.07481192,0.15726528,0.001332442,0.20385303,0
848,14.133333,0.0063269176,33.228413,33.234737,-0.00033549726,33.234737,0.000100124176,238,238,61,0.06410104,0.13659927,0.0011550045,0.20389806,0
849,14.15,0.004313778,33.230114,33.234425,-0.00031251635,33.234425,0.00010013809,238,238,61,0.0534427,0.11741978,0.0009766008,0.20393679,0
850,14.166667,0.0027203553,33.231422,33.234142,-0.0002828339,33.234142,0.000100179685,238,238,61,0.043221977,0.100693226,0.0008016758,0.2039681,0
851,14.183333,0.0015916062,33.232292,33.233883,-0.00025890252,33.233883,0.00010014665,238,238,61,0.033936948,0.08593741,0.0006384186,0.20399125,0
852,14.2,0.0009248224,33.232708,33.233635,-0.00025064728,33.233635,0.000100243255,238,238,61,0.025860421,0.06742133,0.0004924891,0.20400563,0
853,14.216666,0.0006801885,33.23273,33.23341,-0.00022218948,33.23341,0.00010020274,238,238,61,0.021072414,0.04700266,0.00037717682,0.20401071,0
854,14.233334,0.00085688924,33.232407,33.23326,-0.00015015675,33.23326,0.000100123274,238,238,61,0.023388438,0.048737884,0.00035619372,0.20400636,0
855,14.25,0.0014131375,33.231705,33.233116,-0.00014385185,33.233116,0.00010011811,238,238,61,0.030058565,0.062807016,0.00044124326,0.20399302,0
856,14.266666,0.0022832782,33.23057,33.232857,-0.00026089264,33.232857,0.00010044254,238,238,61,0.03824153,0.08014729,0.00056935154,0.20397048,0
857,14.283334,0.0034129415,33.22892,33.232334,-0.000522081,33.232334,0.0001011723,237,237,61,0.046677172,0.097416185,0.0007096501,0.20393646,0
858,14.3,0.004740337,33.226933,33.231674,-0.0006623454,33.231674,0.00010148225,237,237,61,0.054990347,0.11532434,0.0008495729,0.20389453,0
859,14.316667,0.0062221857,33.224808,33.23103,-0.00064222614,33.23103,0.000101492325,239,239,61,0.06303125,0.13197444,0.000986494,0.20384946,0
860,14.333333,0.007818071,33.22252,33.23034,-0.00069195067,33.23034,0.00010146429,238,238,61,0.070683636,0.14777566,0.0011175253,0.20380114,0
861,14.35,0.009476547,33.220123,33.2296,-0.00073775824,33.2296,0.00010153717,238,238,61,0.07767142,0.16347106,0.0012401311,0.20375091,0
862,14.366667,0.011149762,33.217667,33.228817,-0.0007832042,33.228817,0.0001015511,238,238,61,0.08448181,0.17655778,0.0013556689,0.20369996,0
863,14.383333,0.012783334,33.215202,33.22799,-0.0008299962,33.22799,0.00010167934,238,238,61,0.090479374,0.18923269,0.0014615705,0.20364933,0
864,14.4,0.014326082,33.21279,33.227116,-0.0008714416,33.227116,0.00010160594,238,238,61,0.09577927,0.20028532,0.0015556557,0.20360002,0
865,14.416667,0.015754618,33.21072,33.226475,-0.0006430026,33.226475,0.00010074334,237,237,61,0.100406446,0.20940606,0.0016381617,0.20355868,0
866,14.433333,0.017169261,33.208958,33.226128,-0.00034666227,33.226128,0.0001001962,237,237,61,0.10480761,0.21838407,0.0017123952,0.20352653,0
867,14.45,0.01838582,33.207268,33.225655,-0.00047325905,33.225655,0.00010016818,237,237,61,0.108430795,0.22573419,0.0017788267,0.20349684,0
868,14.466666,0.01937287,33.2058,33.22517,-0.00048231275,33.22517,0.00010017787,237,237,61,0.111296035,0.23161124,0.0018328815,0.20347252,0
869,14.483334,0.020096114,33.204586,33.22468,-0.0004882556,33.22468,0.000100195226,237,237,61,0.1133475,0.23581392,0.0018737266,0.20345436,0
870,14.5,0.02053249,33.203655,33.224186,-0.00049531605,33.224186,0.000100127276,237,237,61,0.11456706,0.23830482,0.0019008267,0.2034428,0
871,14.516666,0.020668183,33.20302,33.223686,-0.00050006836,33.223686,0.00010013201,237,237,61,0.114942715,0.23907202,0.0019139576,0.20343818,0
872,14.533334,0.020498862,33.202694,33.22319,-0.00049534556,33.22319,0.000100147925,237,237,61,0.11447532,0.23812813,0.0019130132,0.2034407,0
873,14.55,0.020029504,33.20267,33.2227,-0.00049246976,33.2227,0.00010015213,237,237,61,0.11316585,0.23546292,0.0018980245,0.20345013,0
874,14.566667,0.019274438,33.202938,33.22221,-0.00048839283,33.22221,0.0001002368,237,237,61,0.111029476,0.23114362,0.0018691304,0.20346613,0
875,14.583333,0.018256707,33.20348,33.221737,-0.00047507265,33.221737,0.00010015322,237,237,61,0.108075224,0.22513251,0.0018264995,0.20348828,0
876,14.6,0.01700769,33.204258,33.221268,-0.00046828378,33.221268,0.000100124045,236,236,61,0.10433689,0.21754654,0.0017705316,0.20351578,0
877,14.616667,0.015565618,33.20525,33.220818,-0.0004501944,33.220818,0.000100191326,236,236,61,0.09986272,0.20873144,0.0017019187,0.2035477,0
878,14.633333,0.013974576,33.206417,33.22039,-0.00042692313,33.22039,0.0001001527,236,236,61,0.09463038,0.19784014,0.0016207584,0.20358305,0
879,14.65,0.012283333,33.207703,33.219986,-0.0004059262,33.219986,0.00010019476,236,236,61,0.08874149,0.1857324,0.0015279183,0.20362076,0
880,14.666667,0.01054341,33.20906,33.219604,-0.00037995598,33.219604,0.000100196434,236,236,61,0.08223979,0.17234692,0.0014244441,0.20365947,0
881,14.683333,0.008807841,33.21044,33.21925,-0.0003546549,33.21925,0.00010018083,236,236,61,0.07519157,0.1578114,0.0013113105,0.20369801,0
882,14.7,0.007129285,33.211796,33.218925,-0.00032357642,33.218925,0.00010015706,236,236,61,0.06767425,0.1422796,0.0011897066,0.20373508,0
883,14.716666,0.0055583743,33.213085,33.218643,-0.0002830986,33.218643,0.000100148325,236,236,61,0.059782147,0.12594402,0.0010610633,0.20376968,0
884,14.733334,0.0041423854,33.21424,33.218384,-0.00025918614,33.218384,0.000100246914,236,236,61,0.051625386,0.10894509,0.000927058,0.20380047,0
885,14.75,0.002922861,33.215237,33.21816,-0.0002248206,33.21816,0.000100122685,236,236,61,0.04339181,0.09182569,0.0007900449,0.20382644,0
886,14.766666,0.0019340354,33.216034,33.217968,-0.00019113351,33.217968,0.00010013173,236,236,61,0.035321806,0.074996084,0.00065361604,0.20384692,0
887,14.783334,0.0012019511,33.216614,33.217815,-0.00015301794,33.217815,0.000100157464,236,236,61,0.027864356,0.05935961,0.0005231251,0.20386118,0
888,14.8,0.00074157934,33.21694,33.217686,-0.00012985655,33.217686,0.000100154306,236,236,61,0.021894503,0.046742678,0.00040907008,0.20386866,0
889,14.816667,0.000552381,33.21703,33.217583,-0.000103410755,33.217583,0.000100136094,236,236,61,0.018904692,0.040409766,0.00033147505,0.2038694,0
890,14.833333,0.00061163947,33.216873,33.217487,-9.502621e-05,33.217487,0.00010016831,236,236,61,0.020004759,0.043512672,0.00031614435,0.20386347,0
891,14.85,0.00087814697,33.2165,33.217377,-0.00010856397,33.217377,0.00010014331,236,236,61,0.024001727,0.05233099,0.00036350716,0.20385131,0
892,14.866667,0.0013194747,33.215935,33.217255,-0.00012410585,33.217255,0.000100170575,236,236,61,0.029289268,0.06289502,0.000443256,0.20383401,0
893,14.883333,0.0019118115,33.215195,33.217106,-0.00014816325,33.217106,0.00010016368,236,236,61,0.035167467,0.074832626,0.00053753064,0.20381199,0
894,14.9,0.0026317122,33.2143,33.21693,-0.00017505029,33.21693,0.000100144185,236,236,61,0.04120614,0.08725607,0.00063748605,0.20378575,0
895,14.916667,0.003454275,33.213284,33.216736,-0.00019358854,33.216736,0.00010014532,236,236,61,0.047162864,0.09952425,0.00073769095,0.20375597,0
896,14.933333,0.0043526846,33.212166,33.21652,-0.00021832572,33.21652,0.00010017017,236,236,61,0.052912593,0.11142979,0.0008353933,0.2037233,0
897,14.95,0.0052983,33.21098,33.216278,-0.00024094686,33.216278,0.00010014342,236,236,61,0.058359224,0.12275124,0.0009287572,0.20368844,0
898,14.966666,0.0062613366,33.209747,33.216007,-0.00026924637,33.216007,0.000100094156,236,236,61,0.06343083,0.13333008,0.0010164285,0.20365214,0
899,14.983334,0.007211633,33.20851,33.215725,-0.00028398103,33.215725,0.00010011128,236,236,61,0.06806864,0.14302874,0.0010973356,0.20361528,0
900,15,0.008120216,33.207302,33.215424,-0.0003025848,33.215424,0.00010014371,237,237,61,0.072222754,0.15169673,0.0011705608,0.20357858,0
901,15.016666,0.008958611,33.206142,33.215103,-0.00032023765,33.215103,0.00010012721,235,235,60,0.07585246,0.15925021,0.0012354363,0.20354286,0
902,15.033334,0.00970092,33.205067,33.214767,-0.00033402588,33.214767,0.00010012966,235,235,60,0.078929074,0.16567273,0.0012911833,0.20350888,0
903,15.05,0.01032344,33.2041,33.214424,-0.00034325648,33.214424,0.00010016669,235,235,60,0.08142005,0.17088223,0.0013374897,0.20347728,0
904,15.066667,0.01080687,33.203262,33.21407,-0.00035466178,33.21407,0.00010010662,235,235,60,0.08330474,0.17483471,0.001373848,0.20344865,0
905,15.083333,0.011136091,33.20257,33.213707,-0.00036256568,33.213707,0.00010014034,235,235,60,0.0845144,0.17698167,0.0013999086,0.20342343,0
906,15.1,0.01130086,33.20204,33.21334,-0.0003667488,33.21334,0.00010015657,235,235,60,0.08510768,0.17809123,0.0014144992,0.20340216,0
907,15.116667,0.011296078,33.201675,33.212975,-0.0003678835,33.212975,0.000100133584,235,235,60,0.08509712,0.17805609,0.0014192091,0.20338494,0
908,15.133333,0.011121852,33.20148,33.212605,-0.00036990742,33.212605,0.00010012107,235,235,60,0.084431596,0.17667761,0.0014133371,0.20337184,0
909,15.15,0.010783446,33.201454,33.21224,-0.0003650068,33.21224,0.00010013995,235,235,60,0.0831443,0.17403854,0.0013970998,0.20336302,0
910,15.166667,0.010291241,33.201588,33.211876,-0.00036069757,33.211876,0.00010009851,236,236,60,0.08123742,0.17015532,0.0013702144,0.2033582,0
911,15.183333,0.009660411,33.201866,33.21153,-0.00034902815,33.21153,0.000100095574,236,236,60,0.078725584,0.16506095,0.0013332289,0.20335726,0
912,15.2,0.008910281,33.202282,33.211193,-0.0003354896,33.211193,0.0001001631,236,236,60,0.07560102,0.15846473,0.0012860092,0.20335983,0
913,15.216666,0.008063826,33.202805,33.21087,-0.0003245802,33.21087,0.000100112135,236,236,60,0.07192212,0.1507811,0.0012292995,0.20336539,0
914,15.233334,0.0071470607,33.203415,33.21056,-0.00030777272,33.21056,0.00010014422,236,236,60,0.06774414,0.14229298,0.0011635608,0.2033735,0
915,15.25,0.0061879214,33.204082,33.210274,-0.0002879675,33.210274,0.000100127945,236,236,60,0.063063234,0.13267094,0.0010896025,0.20338362,0
916,15.266666,0.005215654,33.204784,33.21,-0.00027166813,33.21,0.00010012491,236,236,60,0.057943467,0.122214295,0.0010077864,0.20339495,0
917,15.283334,0.004259936,33.20549,33.20975,-0.0002502979,33.20975,0.00010016861,236,236,60,0.052264124,0.10946277,0.00091804675,0.20340706,0
918,15.3,0.0033500355,33.206173,33.209526,-0.00022592719,33.209526,0.00010013361,236,236,60,0.04635689,0.09717661,0.0008209074,0.20341922,0
919,15.316667,0.0025130776,33.206814,33.209328,-0.00019787355,33.209328,0.00010016297,236,236,60,0.040163748,0.08429607,0.0007198881,0.20343097,0
920,15.333333,0.0017740532,33.20738,33.209152,-0.00017575211,33.209152,0.0001001363,236,236,60,0.033756055,0.070943646,0.0006146738,0.20344166,0
921,15.35,0.0011545941,33.207848,33.209003,-0.00014679586,33.209003,0.00010019612,236,236,60,0.027243583,0.057364404,0.0005067596,0.20345083,0
922,15.366667,0.00067204953,33.20821,33.208885,-0.0001201085,33.208885,0.000100176876,236,236,60,0.020792983,0.043868948,0.00039830143,0.2034581,0
923,15.383333,0.00033835258,33.20845,33.20879,-9.47884e-05,33.20879,0.00010013328,236,236,60,0.014749009,0.031110477,0.00029322083,0.20346312,0
924,15.4,0.00015788771,33.20856,33.208717,-7.057026e-05,33.208717,0.00010016061,236,236,60,0.010048533,0.02101304,0.0002008499,0.20346573,0
925,15.416667,0.000121415294,33.208538,33.208656,-6.0413142e-05,33.208656,0.00010024048,236,236,60,0.008842349,0.01878368,0.00014713683,0.20346588,0
926,15.433333,0.00019725868,33.208385,33.208584,-7.4118696e-05,33.208584,0.00010020084,236,236,60,0.01138894,0.025171865,0.00016437852,0.20346355,0
927,15.45,0.0003550628,33.208134,33.20849,-9.590113e-05,33.20849,0.000100217716,236,236,60,0.015191481,0.03283514,0.0002204169,0.20345902,0
928,15.466666,0.0005815427,33.207794,33.208378,-0.00011118416,33.208378,0.000100223435,236,236,60,0.019412694,0.04167734,0.00028892,0.20345293,0
929,15.483334,0.00086709287,33.20738,33.208244,-0.00013125132,33.208244,0.00010026552,236,236,60,0.023673318,0.05051554,0.00036001546,0.2034455,0
930,15.5,0.0012019956,33.206898,33.2081,-0.00014657197,33.2081,0.000100266116,236,236,60,0.02784911,0.059195675,0.00043047522,0.20343691,0
931,15.516666,0.0015754226,33.20636,33.207935,-0.00016208064,33.207935,0.00010031212,236,236,60,0.03186627,0.06757271,0.0004988472,0.20342742,0
932,15.533334,0.001975564,33.205776,33.207752,-0.00018441146,33.207752,0.000100287245,236,236,60,0.035672713,0.07551598,0.0005640879,0.20341726,0
933,15.55,0.0023899481,33.205166,33.207554,-0.00019776715,33.207554,0.00010029003,236,236,60,0.039226733,0.08291717,0.00062544696,0.20340674,0
934,15.566667,0.0028056074,33.20454,33.207344,-0.00020896092,33.207344,0.00010037329,236,236,60,0.04249669,0.0898016,0.00068231416,0.20339629,0
935,15.583333,0.0032097213,33.203907,33.20712,-0.00022782166,33.20712,0.00010030342,238,238,61,0.04545148,0.09596517,0.0007341561,0.20338602,0
936,15.6,0.0035896506,33.203285,33.206875,-0.00024136595,33.206875,0.00010028216,238,238,61,0.0480678,0.101492584,0.00078054564,0.20337632,0
937,15.616667,0.003933683,33.20269,33.206623,-0.0002529894,33.206623,0.00010032622,238,238,61,0.050334815,0.10637851,0.0008212006,0.20336743,0
938,15.633333,0.0042311493,33.20213,33.20636,-0.0002624812,33.20636,0.000100275254,236,236,60,0.05221338,0.11041558,0.0008557495,0.20335971,0
939,15.65,0.0044729277,33.20162,33.20609,-0.0002704536,33.20609,0.00010033356,236,236,60,0.053692885,0.11359587,0.0008836795,0.20335323,0
940,15.666667,0.00465148,33.201164,33.205814,-0.0002766541,33.205814,0.000100334786,236,236,60,0.05476585,0.115951434,0.00090484665,0.20334819,0
941,15.683333,0.004761336,33.20077,33.205532,-0.00028017827,33.205532,0.00010031462,236,236,60,0.05542479,0.117466055,0.00091923674,0.20334497,0
942,15.7,0.004799111,33.200447,33.20525,-0.0002859239,33.20525,0.00010028306,236,236,60,0.055661947,0.11811249,0.0009266135,0.2033434,0
943,15.716666,0.0047636735,33.2002,33.204964,-0.00028581746,33.204964,0.00010030879,236,236,60,0.0554726,0.117786914,0.00092694967,0.2033435,0
944,15.733334,0.004657032,33.200016,33.204674,-0.0002881919,33.204674,0.00010029917,238,238,61,0.054869846,0.11669997,0.0009202769,0.20334516,0
945,15.75,0.004481641,33.19991,33.20439,-0.00028262546,33.20439,0.000100275494,239,239,61,0.0538432,0.114626974,0.0009065018,0.20334864,0
946,15.766666,0.0042427373,33.199875,33.204117,-0.00027464848,33.204117,0.000100357516,239,239,61,0.05226228,0.1108779,0.0008852572,0.20335363,0
947,15.783334,0.0039481972,33.19992,33.20387,-0.00024865379,33.20387,0.00010037469,239,239,61,0.050458737,0.10764916,0.0008564672,0.20336063,0
948,15.8,0.0036065017,33.200012,33.20362,-0.0002482602,33.20362,0.00010033061,239,239,61,0.048256353,0.1031084,0.0008230277,0.20336856,0
949,15.816667,0.0032281412,33.200157,33.20339,-0.00023305364,33.20339,0.00010034471,239,239,61,0.04569071,0.09783918,0.0007831949,0.2033775,0
950,15.833333,0.002824766,33.200333,33.20316,-0.00022880732,33.20316,0.000100427205,239,239,61,0.042780362,0.0918696,0.00073745806,0.20338674,0
951,15.85,0.002408488,33.20053,33.20294,-0.00021727082,33.20294,0.00010042845,239,239,61,0.03945906,0.08435064,0.00068589434,0.20339629,0
952,15.866667,0.0019924187,33.20075,33.202744,-0.00019860757,33.202744,0.00010040748,239,239,61,0.035987724,0.07769147,0.0006284146,0.20340586,0
953,15.883333,0.0015889502,33.200966,33.202557,-0.00018700444,33.202557,0.00010042247,239,239,61,0.03215082,0.069583215,0.0005671022,0.20341492,0
954,15.9,0.001210571,33.20117,33.20238,-0.00017288777,33.20238,0.00010041754,239,239,61,0.028059976,0.060684286,0.00050160213,0.20342317,0
955,15.916667,0.0008687878,33.20136,33.20223,-0.00015541133,33.20223,0.00010039467,239,239,61,0.023811119,0.0518794,0.00043204127,0.20343061,0
956,15.933333,0.00057386275,33.20151,33.202087,-0.00014030783,33.202087,0.000100385565,239,239,61,0.019399913,0.04275994,0.00035974215,0.2034366,0
957,15.95,0.0003345663,33.20163,33.201965,-0.00012175409,33.201965,0.00010040829,239,239,61,0.014868502,0.03339962,0.00028514452,0.2034415,0
958,15.966666,0.00015771654,33.201702,33.201862,-0.00010336502,33.201862,0.00010041041,239,239,61,0.010276035,0.023961158,0.00020894468,0.20344463,0
959,15.983334,4.78443e-05,33.20173,33.20178,-8.4601474e-05,33.20178,0.00010045704,239,239,61,0.0057360195,0.014724049,0.00013249778,0.20344606,0
960,16,5.703159e-06,33.201714,33.20172,-5.71041e-05,33.20172,0.000100474914,239,239,61,0.0019647994,0.0074119437,5.9510407e-05,0.20344591,0
961,16.016666,1.2312302e-05,33.201702,33.201714,-6.8575187e-06,33.201714,0.0001002623,239,239,61,0.0030336305,0.011057453,3.3353695e-05,0.20344515,0
962,16.033333,3.6119047e-05,33.201645,33.201683,-3.0059899e-05,33.201683,0.0001002383,239,239,61,0.0050961142,0.015947748,6.784844e-05,0.2034433,0
963,16.05,7.452993e-05,33.20157,33.201645,-3.8232713e-05,33.201645,0.00010022011,239,239,61,0.007211344,0.02024657,0.00010285543,0.20344076,0
964,16.066668,0.00012633538,33.20147,33.201595,-4.8446367e-05,33.201595,0.0001002303,239,239,61,0.009307386,0.02449804,0.00013804408,0.20343752,0
965,16.083334,0.00018994886,33.201347,33.201538,-5.7586476e-05,33.201538,0.000100220976,239,239,61,0.011346752,0.028640185,0.00017253797,0.20343348,0
966,16.1,0.00026342037,33.201206,33.20147,-6.834406e-05,33.20147,0.00010019807,239,239,61,0.01330857,0.032642167,0.00020589327,0.20342876,0
967,16.116667,0.00034448405,33.20105,33.201397,-7.405232e-05,33.201397,0.000100267614,238,238,61,0.015175842,0.036473695,0.00023780634,0.2034235,0
968,16.133333,0.00043063934,33.200886,33.201317,-7.993353e-05,33.201317,0.00010026734,238,238,61,0.016932417,0.040098593,0.0002680072,0.20341767,0
969,16.15,0.00051922724,33.20071,33.20123,-8.8307526e-05,33.20123,0.00010025453,238,238,61,0.018563827,0.043482997,0.00029623462,0.20341147,0
970,16.166666,0.0006075154,33.200523,33.20113,-9.642124e-05,33.20113,0.0001002133,238,238,61,0.020057041,0.046597965,0.000322263,0.20340493,0
971,16.183332,0.0006927783,33.200336,33.20103,-0.00010044395,33.20103,0.000100285986,238,238,61,0.02140016,0.04941627,0.0003458821,0.20339815,0
972,16.2,0.0007723865,33.20015,33.200924,-0.00010875884,33.200924,0.0001002928,238,238,61,0.022582645,0.051915232,0.00036691435,0.2033912,0
973,16.216667,0.0008438871,33.19997,33.200817,-0.000106891115,33.200817,0.00010026112,238,238,61,0.023595199,0.05407303,0.00038518076,0.20338427,0
974,16.233334,0.0009050767,33.1998,33.200703,-0.0001117157,33.200703,0.00010026517,238,238,61,0.024429945,0.05587235,0.00040054542,0.20337744,0
975,16.25,0.00095407286,33.19963,33.200584,-0.0001187552,33.200584,0.000100236066,238,238,61,0.02508042,0.057298448,0.00041289616,0.20337063,0
976,16.266666,0.0009893706,33.199474,33.200466,-0.00012015075,33.200466,0.000100333375,238,238,61,0.025541585,0.05833941,0.00042212548,0.20336409,0
977,16.283333,0.0010098923,33.199337,33.200348,-0.000118467506,33.200348,0.00010030087,238,238,61,0.025809992,0.058986947,0.00042817034,0.20335783,0
978,16.3,0.0010150017,33.19921,33.200226,-0.000120080775,33.200226,0.00010021993,238,238,61,0.025883485,0.05923582,0.00043097747,0.20335197,0
979,16.316668,0.0010045562,33.199104,33.200108,-0.00011901005,33.200108,0.0001002472,238,238,61,0.02576162,0.059083007,0.00043053372,0.2033465,0
980,16.333334,0.0009788817,33.19901,33.199986,-0.00012110483,33.199986,0.00010020677,238,238,61,0.025445411,0.05853022,0.00042684335,0.20334138,0
981,16.35,0.0009388837,33.198936,33.199875,-0.000110323985,33.199875,0.00010022662,236,236,60,0.024891876,0.05716581,0.00041985925,0.2033369,0
982,16.366667,0.00088565063,33.198887,33.19977,-0.00010211201,33.19977,0.00010016179,236,236,60,0.0241956,0.055875953,0.0004090255,0.20333311,0
983,16.383333,0.0008207875,33.19885,33.19967,-0.000104764345,33.19967,0.00010013824,236,236,60,0.02334945,0.054449037,0.0003961633,0.20332968,0
984,16.4,0.0007464787,33.198822,33.19957,-0.00010024462,33.19957,0.00010024599,236,236,60,0.022367656,0.053004723,0.0003810697,0.2033267,0
985,16.416666,0.00066484633,33.198807,33.199474,-9.5597774e-05,33.199474,0.00010016207,236,236,60,0.021165915,0.050735973,0.0003625915,0.20332414,0
986,16.433332,0.00057851186,33.198807,33.199383,-8.932707e-05,33.199383,0.00010015893,236,236,60,0.019813115,0.048257496,0.00034143328,0.20332196,0
987,16.45,0.0004898136,33.19881,33.1993,-8.3045554e-05,33.1993,0.000100217105,236,236,60,0.018157536,0.044216666,0.00031651062,0.20332024,0
988,16.466667,0.0004019096,33.198822,33.199226,-7.560118e-05,33.199226,0.00010022906,236,236,60,0.016500494,0.040695325,0.0002884551,0.20331886,0
989,16.483334,0.0003173287,33.198837,33.199154,-6.995046e-05,33.199154,0.00010017956,236,236,60,0.014706234,0.037150353,0.0002601099,0.20331782,0
990,16.5,0.00023856295,33.198856,33.199093,-6.047768e-05,33.199093,0.00010017332,236,236,60,0.01280804,0.033194087,0.00022892149,0.20331705,0
991,16.516666,0.00016810712,33.198868,33.199036,-5.8651724e-05,33.199036,0.00010013782,236,236,60,0.0108407345,0.029352408,0.00019673033,0.2033164,0
992,16.533333,0.00010800405,33.198883,33.198994,-4.3643813e-05,33.198994,0.000100231344,236,236,60,0.008786415,0.025313567,0.00016315807,0.20331606,0
993,16.55,6.006126e-05,33.198895,33.198956,-3.7302467e-05,33.198956,0.00010017412,236,236,60,0.0066726445,0.021211253,0.00012836678,0.20331588,0
994,16.566668,2.5708778e-05,33.1989,33.198925,-3.0029849e-05,33.198925,0.00010010922,236,236,60,0.0045254687,0.017177057,9.2791466e-05,0.2033158,0
995,16.583334,5.937017e-06,33.198902,33.19891,-1.611415e-05,33.19891,0.00010019731,236,236,60,0.002395993,0.013408521,5.695937e-05,0.20331588,0
996,16.6,6.769028e-07,33.1989,33.1989,-8.751471e-06,33.1989,0.00010016364,236,236,60,0.0008675323,0.008634032,2.3441986e-05,0.2033161,0
997,16.616667,7.729905e-07,33.198883,33.198883,-1.652942e-05,33.198883,0.00010013579,236,236,60,0.00091931014,0.007548629,1.3568095e-05,0.20331614,0
998,16.633333,1.075076e-06,33.19887,33.19887,-1.0504495e-05,33.19887,0.00010017896,236,236,60,0.0011088483,0.00807556,1.679777e-05,0.20331633,0
999,16.65,1.1484731e-06,33.19886,33.19886,-1.2063224e-05,33.19886,0.000100124256,236,236,60,0.0011480142,0.008067544,1.8645962e-05,0.20331652,0
1000,16.666666,1.1243293e-06,33.198853,33.198853,-8.170643e-06,33.198853,0.000100161706,236,236,60,0.0011360061,0.007939081,1.8752975e-05,0.20331678,0
1001,16.683332,1.0948377e-06,33.198845,33.19885,-5.0171443e-06,33.19885,0.00010014302,236,236,60,0.0011207794,0.007874702,1.8561099e-05,0.20331702,0
1002,16.7,1.0150063e-06,33.19884,33.19884,-6.5637796e-06,33.19884,0.000100165926,236,236,60,0.0010811866,0.007775233,1.81003e-05,0.20331724,0
1003,16.716667,9.1229043e-07,33.19883,33.198833,-8.914235e-06,33.198833,0.00010014656,236,236,60,0.0010278521,0.0076081706,1.7331957e-05,0.20331743,0
1004,16.733334,8.3249273e-07,33.198826,33.198826,-5.39996e-06,33.198826,0.0001001426,236,236,60,0.0009814389,0.007387984,1.6467984e-05,0.20331764,0
1005,16.75,7.7665203e-07,33.19882,33.19882,-6.872299e-06,33.19882,0.00010011592,236,236,60,0.0009477501,0.0072656404,1.577979e-05,0.20331784,0
1006,16.766666,7.2098646e-07,33.19881,33.198814,-6.872124e-06,33.198814,0.00010014984,236,236,60,0.000911993,0.0071213897,1.5199782e-05,0.203318,0
1007,16.783333,6.955619e-07,33.198807,33.198807,-6.5093727e-06,33.198807,0.00010010513,236,236,60,0.0008946015,0.0070302384,1.4719822e-05,0.20331816,0
1008,16.8,6.7143714e-07,33.198803,33.198803,-3.5154815e-06,33.198803,0.00010014937,236,236,60,0.000878875,0.0069512916,1.4378101e-05,0.20331836,0
1009,16.816668,6.566207e-07,33.19879,33.19879,-1.0488887e-05,33.19879,0.000100099474,236,236,60,0.0008686894,0.006881107,1.4310769e-05,0.20331852,0
1010,16.833334,6.4361126e-07,33.19879,33.19879,-1.5093052e-06,33.19879,0.0001001175,236,236,60,0.0008570443,0.00684308,1.4192481e-05,0.20331874,0
1011,16.85,6.589792e-07,33.19878,33.198784,-8.629896e-06,33.198784,0.000100115,236,236,60,0.0008705419,0.006880841,1.3975418e-05,0.2033189,0
1012,16.866667,6.4209604e-07,33.198776,33.198776,-5.835811e-06,33.198776,0.00010012309,236,236,60,0.00085632055,0.0068806354,1.416033e-05,0.20331906,0
1013,16.883333,6.318865e-07,33.198772,33.198772,-4.831607e-06,33.198772,0.00010011126,236,236,60,0.000849041,0.006781066,1.3949725e-05,0.20331919,0
1014,16.9,6.370786e-07,33.198765,33.198765,-5.1487154e-06,33.198765,0.00010010961,236,236,60,0.0008542985,0.0067700325,1.4012783e-05,0.20331939,0
1015,16.916666,6.3706307e-07,33.198757,33.198757,-8.64528e-06,33.198757,0.00010012716,236,236,60,0.00085145026,0.006757455,1.390959e-05,0.2033195,0
1016,16.933332,6.0571193e-07,33.198753,33.198753,-5.517769e-06,33.198753,0.00010014625,236,236,60,0.0008304939,0.0065984325,1.3771768e-05,0.20331973,0
1017,16.95,5.940042e-07,33.198746,33.198746,-5.165615e-06,33.198746,0.00010015685,236,236,60,0.00082200416,0.0066026687,1.3532936e-05,0.20331986,0
1018,16.966667,5.8739124e-07,33.19874,33.19874,-7.820602e-06,33.19874,0.000100139114,236,236,60,0.0008177057,0.0065793567,1.33867425e-05,0.20332003,0
1019,16.983334,5.712755e-07,33.198734,33.198734,-3.3412173e-06,33.198734,0.00010014865,236,236,60,0.0008032637,0.006495752,1.3177304e-05,0.2033202,0
1020,17,5.7018354e-07,33.198727,33.198727,-7.981336e-06,33.198727,0.00010010302,236,236,60,0.0008051472,0.006434555,1.30711005e-05,0.20332032,0
1021,17.016666,5.630166e-07,33.198723,33.198723,-4.662309e-06,33.198723,0.00010017511,236,236,60,0.0007989124,0.0063989838,1.3088373e-05,0.2033205,0
1022,17.033333,5.497817e-07,33.198715,33.198715,-9.65603e-06,33.198715,0.00010011782,236,236,60,0.00078721676,0.0063245795,1.2915071e-05,0.2033206,0
1023,17.05,5.4392535e-07,33.198708,33.198708,-5.159764e-06,33.198708,0.00010014983,236,236,60,0.0007826546,0.0063147414,1.2802711e-05,0.20332076,0
1024,17.066668,5.363017e-07,33.198708,33.198708,-2.0026846e-06,33.198708,0.00010016346,236,236,60,0.00077678787,0.0062669017,1.2681175e-05,0.20332097,0
1025,17.083334,5.2866966e-07,33.1987,33.1987,-7.655366e-06,33.1987,0.000100148245,232,232,59,0.00077107945,0.0062315236,1.2597501e-05,0.20332105,0
1026,17.1,5.230988e-07,33.198692,33.198692,-6.9882844e-06,33.198692,0.00010015728,232,232,59,0.0007666853,0.006197303,1.2502568e-05,0.2033212,0
1027,17.116667,5.1696975e-07,33.19868,33.19868,-1.0978964e-05,33.19868,0.00010014136,232,232,59,0.0007619301,0.006168693,1.2437955e-05,0.20332123,0
1028,17.133333,5.112281e-07,33.198677,33.198677,-3.8296084e-06,33.198677,0.000100170066,232,232,59,0.00075713004,0.0061446303,1.23255095e-05,0.20332143,0
1029,17.15,5.049482e-07,33.198666,33.198666,-1.1311626e-05,33.198666,0.000100148834,232,232,59,0.00075186713,0.0061151977,1.2265919e-05,0.20332149,0
1030,17.166666,4.9923017e-07,33.19866,33.19866,-5.1596257e-06,33.19866,0.00010014877,232,232,59,0.0007472966,0.0060855364,1.21707835e-05,0.20332162,0
1031,17.183332,4.9447533e-07,33.198658,33.198658,-4.161132e-06,33.198658,0.00010011676,232,232,59,0.0007432219,0.0060590417,1.20911345e-05,0.20332175,0
1032,17.2,4.8950886e-07,33.198643,33.198647,-1.1642822e-05,33.198647,0.00010013488,232,232,59,0.00073922815,0.0060365032,1.203268e-05,0.20332181,0
1033,17.216667,4.8446697e-07,33.19864,33.19864,-5.990225e-06,33.19864,0.00010012567,232,232,59,0.0007351008,0.006013009,1.1962322e-05,0.20332193,0
1034,17.233334,4.795243e-07,33.198627,33.198627,-9.647737e-06,33.198627,0.00010014782,232,232,59,0.00073085923,0.0059785387,1.188839e-05,0.20332202,0
1035,17.25,4.7485668e-07,33.198624,33.198624,-4.493555e-06,33.198624,0.00010013839,232,232,59,0.00072681496,0.005955503,1.1812196e-05,0.20332219,0
1036,17.266666,4.7038085e-07,33.198616,33.198616,-1.01460355e-05,33.198616,0.00010011215,232,232,59,0.0007229821,0.005931599,1.1755707e-05,0.20332223,0
1037,17.283333,4.6596648e-07,33.19861,33.19861,-5.8233422e-06,33.19861,0.00010017111,232,232,59,0.00071919186,0.0059050214,1.1681797e-05,0.2033223,0
1038,17.3,4.6142503e-07,33.1986,33.1986,-7.81853e-06,33.1986,0.000100110046,232,232,59,0.00071532367,0.005881523,1.1613373e-05,0.20332241,0
1039,17.316668,4.5719878e-07,33.198593,33.198593,-6.3219195e-06,33.198593,0.000100149424,232,232,59,0.0007116704,0.0058580227,1.1548926e-05,0.20332253,0
1040,17.333334,4.5320922e-07,33.198586,33.198586,-9.480529e-06,33.198586,0.00010012456,232,232,59,0.0007082322,0.0058346824,1.1491806e-05,0.2033226,0
1041,17.35,4.4927768e-07,33.198578,33.198578,-8.15043e-06,33.198578,0.000100131074,232,232,59,0.0007048187,0.005812045,1.1435598e-05,0.20332268,0
1042,17.366667,4.4550123e-07,33.19857,33.19857,-8.150276e-06,33.19857,0.00010011707,232,232,59,0.0007015559,0.0057904427,1.1371835e-05,0.20332278,0
1043,17.383333,4.4170585e-07,33.198563,33.198563,-6.4877436e-06,33.198563,0.000100193036,232,232,59,0.00069821865,0.005768195,1.1320908e-05,0.20332289,0
1044,17.4,4.3820177e-07,33.198555,33.198555,-8.150003e-06,33.198555,0.00010012208,232,232,59,0.000695112,0.005746312,1.1266079e-05,0.20332296,0
1045,17.416666,4.3449808e-07,33.198547,33.198547,-8.316458e-06,33.198547,0.00010011351,232,232,59,0.0006918578,0.005725462,1.1213876e-05,0.20332305,0
1046,17.433332,4.30552e-07,33.198532,33.198532,-1.31380975e-05,33.198532,0.0001001221,232,232,59,0.0006883543,0.005703463,1.1156992e-05,0.20332307,0
1047,17.45,4.267074e-07,33.19853,33.19853,-3.827711e-06,33.19853,0.00010013094,232,232,59,0.00068493903,0.0056807115,1.1084211e-05,0.20332317,0
1048,17.466667,4.2315074e-07,33.19852,33.198524,-6.1549945e-06,33.198524,0.00010015198,232,232,59,0.0006817734,0.005660183,1.1033818e-05,0.20332327,0
1049,17.483334,4.1990393e-07,33.198513,33.198513,-1.1308593e-05,33.198513,0.000100110265,232,232,59,0.0006788146,0.0056389337,1.0991109e-05,0.2033233,0
1050,17.5,4.1682424e-07,33.198505,33.198505,-6.487028e-06,33.198505,0.00010012546,232,232,59,0.0006759949,0.0056195874,1.09358e-05,0.20332338,0
1051,17.516666,4.133512e-07,33.198498,33.198498,-7.1524414e-06,33.198498,0.000100119454,232,232,59,0.0006728577,0.0055993795,1.088375e-05,0.20332351,0
1052,17.533333,4.0991569e-07,33.198486,33.198486,-9.812486e-06,33.198486,0.000100108766,232,232,59,0.00066970795,0.005578732,1.0838001e-05,0.20332353,0
1053,17.55,4.0648027e-07,33.19848,33.19848,-9.479975e-06,33.19848,0.00010011783,232,232,59,0.0006665643,0.0055579045,1.0783902e-05,0.20332357,0
1054,17.566668,4.0323198e-07,33.19847,33.198475,-5.489666e-06,33.198475,0.00010013771,232,232,59,0.00066356396,0.0055373767,1.0715841e-05,0.20332374,0
1055,17.583334,3.9994117e-07,33.198467,33.198467,-6.9860043e-06,33.198467,0.00010013299,232,232,59,0.0006604958,0.0055169356,1.0675697e-05,0.2033238,0
1056,17.6,3.96524e-07,33.198456,33.198456,-1.0809998e-05,33.198456,0.00010010629,232,232,59,0.0006573435,0.005498141,1.06292455e-05,0.20332381,0
1057,17.616667,3.9298953e-07,33.198444,33.19845,-8.815054e-06,33.19845,0.00010013955,232,232,59,0.00065406685,0.0054775593,1.0569378e-05,0.20332383,0
1058,17.633333,3.898822e-07,33.19844,33.19844,-5.3232698e-06,33.19844,0.00010013035,232,232,59,0.00065117347,0.0054579997,1.0500149e-05,0.20332398,0
1059,17.65,3.8694333e-07,33.19843,33.198433,-9.811989e-06,33.198433,0.00010020854,232,232,59,0.00064839306,0.005438851,1.0473762e-05,0.20332399,0
1060,17.666666,3.8427137e-07,33.198425,33.198425,-5.1565794e-06,33.198425,0.0001001424,232,232,59,0.0006458315,0.005420477,1.0415599e-05,0.2033241,0
1061,17.683332,3.8164742e-07,33.198414,33.198414,-1.0642949e-05,33.198414,0.00010018638,232,232,59,0.00064327265,0.0054028654,1.0378552e-05,0.20332412,0
1062,17.7,3.7794987e-07,33.198406,33.198406,-8.150197e-06,33.198406,0.00010014532,232,232,59,0.00063985446,0.0053833006,1.0322291e-05,0.2033242,0
1063,17.716667,3.749757e-07,33.1984,33.1984,-8.315728e-06,33.1984,0.000100143996,232,232,59,0.0006369528,0.005363515,1.0277441e-05,0.20332426,0
1064,17.733334,3.7241776e-07,33.19839,33.19839,-6.486506e-06,33.19839,0.00010013035,232,232,59,0.000634478,0.005346299,1.0225319e-05,0.20332436,0
1065,17.75,3.6954398e-07,33.19838,33.19838,-1.1474474e-05,33.19838,0.00010011443,232,232,59,0.00063171587,0.0053298036,1.0182574e-05,0.20332438,0
1066,17.766666,3.6682272e-07,33.198376,33.198376,-5.3228837e-06,33.198376,0.00010016761,232,232,59,0.00062909594,0.005312783,1.0134307e-05,0.20332447,0
1067,17.783333,3.6445286e-07,33.198368,33.198368,-7.4838485e-06,33.198368,0.00010010324,232,232,59,0.0006267889,0.005297613,1.0089104e-05,0.20332457,0
1068,17.8,3.621337e-07,33.19836,33.19836,-7.982563e-06,33.19836,0.00010016852,232,232,59,0.00062450516,0.00528154,1.0049088e-05,0.20332463,0
1069,17.816668,3.5938993e-07,33.198353,33.198353,-6.652947e-06,33.198353,0.00010017058,232,232,59,0.0006218542,0.005266574,1.00094885e-05,0.20332469,0
1070,17.833334,3.5679565e-07,33.198345,33.198345,-8.481604e-06,33.198345,0.0001001082,234,234,60,0.0006193009,0.0052494667,9.9603385e-06,0.2033248,0
1071,17.85,3.5443108e-07,33.198338,33.198338,-8.148863e-06,33.198338,0.00010013044,234,234,60,0.0006169789,0.0052349847,9.918038e-06,0.20332487,0
1072,17.866667,3.5189944e-07,33.19833,33.19833,-5.8214596e-06,33.19833,0.00010011826,234,234,60,0.00061449676,0.0052191224,9.876225e-06,0.20332494,0
1073,17.883333,3.4982412e-07,33.19832,33.198322,-1.0808655e-05,33.198322,0.00010016254,234,234,60,0.0006124008,0.0052044434,9.843197e-06,0.20332499,0
1074,17.9,3.4784335e-07,33.198315,33.198315,-5.9871636e-06,33.198315,0.000100132,234,234,60,0.0006104087,0.005189393,9.814101e-06,0.20332502,0
1075,17.916666,3.458914e-07,33.198307,33.198307,-7.815941e-06,33.198307,0.00010012624,234,234,60,0.0006084168,0.0051751165,9.764943e-06,0.20332515,0
1076,17.933332,3.4366028e-07,33.1983,33.1983,-8.14873e-06,33.1983,0.000100115045,234,234,60,0.00060614175,0.0051604523,9.740092e-06,0.2033252,0
1077,17.95,3.4098045e-07,33.19829,33.198296,-4.824077e-06,33.198296,0.00010013306,234,234,60,0.0006035144,0.0051452694,9.692284e-06,0.20332527,0
1078,17.966667,3.3909987e-07,33.198284,33.198284,-8.48089e-06,33.198284,0.000100118516,234,234,60,0.000601549,0.005130627,9.65478e-06,0.20332535,0
1079,17.983334,3.371066e-07,33.19828,33.19828,-6.3196862e-06,33.19828,0.00010011771,234,234,60,0.0005995182,0.005116834,9.617765e-06,0.20332547,0
1080,18,3.3527033e-07,33.19827,33.19827,-9.478376e-06,33.19827,0.00010018899,234,234,60,0.0005976204,0.0051024687,9.5889445e-06,0.20332551,0
1081,18.016666,3.3330866e-07,33.198265,33.198265,-5.6546346e-06,33.198265,0.0001001549,234,234,60,0.00059558597,0.00508887,9.554867e-06,0.20332554,0
1082,18.033333,3.315101e-07,33.198254,33.198254,-9.8108485e-06,33.198254,0.000100138546,234,234,60,0.000593759,0.005077689,9.512175e-06,0.20332561,0
1083,18.05,3.306667e-07,33.198246,33.198246,-6.983557e-06,33.198246,0.00010013578,234,234,60,0.00059271115,0.0050652944,9.490424e-06,0.20332567,0
1084,18.066668,3.293993e-07,33.198235,33.19824,-1.0475337e-05,33.19824,0.00010012038,234,234,60,0.0005913929,0.005052112,9.469241e-06,0.20332572,0
1085,18.083334,3.2764365e-07,33.198235,33.198235,-9.992862e-07,33.198235,0.00010019634,234,234,60,0.00058950484,0.0050408808,9.434273e-06,0.20332587,0
1086,18.1,3.262105e-07,33.198223,33.198223,-1.2470564e-05,33.198223,0.000100141515,234,234,60,0.00058797305,0.0050287256,9.423706e-06,0.20332585,0
1087,18.116667,3.2445308e-07,33.19822,33.19822,-3.9918796e-06,33.19822,0.000100116704,234,234,60,0.0005861171,0.005016237,9.378089e-06,0.20332597,0
1088,18.133333,3.2320057e-07,33.198208,33.198208,-9.311537e-06,33.198208,0.000100151265,234,234,60,0.00058481033,0.0050033256,9.363764e-06,0.203326,0
1089,18.15,3.2124498e-07,33.198204,33.198204,-5.9871386e-06,33.198204,0.00010012508,234,234,60,0.00058274815,0.004989673,9.325785e-06,0.20332606,0
1090,18.166666,3.1977635e-07,33.198196,33.198196,-7.981713e-06,33.198196,0.000100147285,234,234,60,0.0005811759,0.0049793287,9.287975e-06,0.20332615,0
1091,18.183332,3.1820002e-07,33.19819,33.19819,-7.3168e-06,33.19819,0.00010016593,234,234,60,0.0005794786,0.0049656928,9.264351e-06,0.20332618,0
1092,18.2,3.1644996e-07,33.198185,33.198185,-4.4906374e-06,33.198185,0.00010017941,234,234,60,0.00057762535,0.0049537914,9.237069e-06,0.20332626,0
1093,18.216667,3.148017e-07,33.19817,33.198174,-1.2304524e-05,33.198174,0.00010013264,234,234,60,0.00057578686,0.004945398,9.212564e-06,0.20332626,0
1094,18.233334,3.1315653e-07,33.198162,33.198166,-7.4831237e-06,33.198166,0.000100115976,234,234,60,0.00057401764,0.0049337586,9.184089e-06,0.2033263,0
1095,18.25,3.120506e-07,33.198154,33.198154,-7.815095e-06,33.198154,0.00010013745,234,234,60,0.00057302846,0.0049316357,9.153507e-06,0.2033264,0
1096,18.266666,3.1071335e-07,33.198147,33.198147,-8.979112e-06,33.198147,0.00010013227,234,234,60,0.00057157653,0.0049206163,9.13141e-06,0.2033264,0
1097,18.283333,3.090756e-07,33.19814,33.19814,-6.3193306e-06,33.19814,0.000100176876,234,234,60,0.0005696247,0.004900225,9.0976355e-06,0.2033265,0
1098,18.3,3.0720207e-07,33.198135,33.198135,-6.652077e-06,33.198135,0.000100176905,234,234,60,0.0005678062,0.004897959,9.0703315e-06,0.20332655,0
1099,18.316668,3.060755e-07,33.198124,33.198124,-9.976431e-06,33.198124,0.000100132296,234,234,60,0.0005665892,0.0048909825,9.046101e-06,0.20332652,0
1100,18.333334,3.046487e-07,33.198116,33.198116,-6.485375e-06,33.198116,0.00010012474,234,234,60,0.00056501635,0.0048803533,9.008093e-06,0.20332666,0
1101,18.35,3.0279438e-07,33.198105,33.19811,-1.097469e-05,33.19811,0.000100110585,234,234,60,0.0005629645,0.0048688706,9.003038e-06,0.2033266,0
1102,18.366667,3.0079462e-07,33.198097,33.198097,-9.312284e-06,33.198097,0.00010015738,234,234,60,0.0005608482,0.0048568994,8.949043e-06,0.20332666,0
1103,18.383333,2.992671e-07,33.19809,33.198093,-5.98671e-06,33.198093,0.00010015018,234,234,60,0.00055912836,0.004845083,8.912223e-06,0.20332669,0
1104,18.4,2.97768e-07,33.198086,33.198086,-4.8228962e-06,33.198086,0.00010017518,234,234,60,0.0005574504,0.0048335767,8.880934e-06,0.20332679,0
1105,18.416666,2.9615993e-07,33.198074,33.198074,-1.0974443e-05,33.198074,0.00010015264,234,234,60,0.00055569113,0.004823412,8.864403e-06,0.20332679,0
1106,18.433332,2.945642e-07,33.19807,33.19807,-6.818054e-06,33.19807,0.00010021292,234,234,60,0.0005538948,0.0048120813,8.826623e-06,0.2033268,0
1107,18.45,2.927801e-07,33.19806,33.19806,-8.480793e-06,33.19806,0.000100123434,234,234,60,0.0005519308,0.004800674,8.785337e-06,0.20332688,0
1108,18.466667,2.9129598e-07,33.19805,33.198055,-7.150453e-06,33.198055,0.00010012941,234,234,60,0.0005502492,0.0047895685,8.7697945e-06,0.2033269,0
1109,18.483334,2.8978002e-07,33.198048,33.198048,-4.324148e-06,33.198048,0.00010020851,234,234,60,0.0005485483,0.0047788913,8.726909e-06,0.20332699,0
1110,18.5,2.883739e-07,33.198036,33.198036,-1.3135557e-05,33.198036,0.00010013134,234,234,60,0.00054687774,0.0047689197,8.7172575e-06,0.20332691,0
1111,18.516666,2.8653338e-07,33.198032,33.198032,-4.1582175e-06,33.198032,0.00010018505,234,234,60,0.0005449123,0.0047574094,8.66385e-06,0.20332702,0
1112,18.533333,2.852539e-07,33.19802,33.19802,-1.0309094e-05,33.19802,0.00010016979,236,236,61,0.00054339407,0.004746815,8.646906e-06,0.20332699,0
1113,18.55,2.839355e-07,33.198013,33.198013,-8.6465825e-06,33.198013,0.00010014617,236,236,61,0.0005418593,0.004737291,8.619583e-06,0.20332702,0
1114,18.566668,2.8225546e-07,33.198,33.198,-9.644475e-06,33.198,0.00010015818,236,236,61,0.00053995126,0.004726553,8.58897e-06,0.20332702,0
1115,18.583334,2.8062868e-07,33.197994,33.197998,-6.98434e-06,33.197998,0.0001001083,236,236,61,0.00053813576,0.0047159004,8.558964e-06,0.20332704,0
1116,18.6,2.7932367e-07,33.197987,33.197987,-8.314059e-06,33.197987,0.00010011317,236,236,61,0.0005365743,0.0047056917,8.5288675e-06,0.20332707,0
1117,18.616667,2.780361e-07,33.197975,33.197975,-1.0974123e-05,33.197975,0.00010015388,236,236,61,0.00053507555,0.0046965997,8.505214e-06,0.20332704,0
1118,18.633333,2.763987e-07,33.197968,33.197968,-7.815626e-06,33.197968,0.000100116886,236,236,61,0.00053321436,0.0046854257,8.479031e-06,0.20332703,0
1119,18.65,2.749235e-07,33.19796,33.197964,-7.1504437e-06,33.197964,0.00010013557,236,236,61,0.00053149526,0.0046764556,8.442221e-06,0.20332704,0
1120,18.666666,2.7323387e-07,33.19795,33.19795,-1.2304566e-05,33.19795,0.00010010387,236,236,61,0.0005295568,0.004665767,8.411191e-06,0.20332702,0
1121,18.683332,2.719916e-07,33.197945,33.197945,-6.1526803e-06,33.197945,0.000100169964,236,236,61,0.00052809075,0.004655727,8.368243e-06,0.20332709,0
1122,18.7,2.7087665e-07,33.197937,33.197937,-6.817573e-06,33.197937,0.000100164245,236,236,61,0.0005267456,0.004646836,8.350763e-06,0.2033271,0
1123,18.716667,2.6973547e-07,33.197926,33.197926,-9.976446e-06,33.197926,0.00010014298,236,236,61,0.00052533485,0.004637969,8.336526e-06,0.20332707,0
1124,18.733334,2.681474e-07,33.197918,33.197918,-8.480597e-06,33.197918,0.000100156096,236,236,61,0.00052350794,0.004627567,8.298785e-06,0.20332709,0
1125,18.75,2.6701088e-07,33.19791,33.19791,-8.1476355e-06,33.19791,0.000100121266,236,236,61,0.0005220823,0.0046182214,8.276193e-06,0.2033271,0
1126,18.766666,2.6561145e-07,33.197903,33.197903,-7.981644e-06,33.197903,0.000100175734,236,236,61,0.0005204176,0.004609453,8.252004e-06,0.2033271,0
1127,18.783333,2.6405516e-07,33.197895,33.197895,-8.31431e-06,33.197895,0.00010018975,236,236,61,0.0005186298,0.00459974,8.211671e-06,0.2033271,0
1128,18.8,2.6284906e-07,33.197884,33.197884,-9.644001e-06,33.197884,0.000100152516,236,236,61,0.000517157,0.0045899316,8.191802e-06,0.20332704,0
1129,18.816668,2.6139125e-07,33.197872,33.197872,-1.0475528e-05,33.197872,0.0001001705,236,236,61,0.00051541394,0.004581088,8.166736e-06,0.20332703,0
1130,18.833334,2.5996354e-07,33.197865,33.197865,-7.6491615e-06,33.197865,0.000100149395,236,236,61,0.0005137363,0.00457051,8.135366e-06,0.20332706,0
1131,18.85,2.5878688e-07,33.197857,33.197857,-1.0142737e-05,33.197857,0.00010013317,236,236,61,0.0005123147,0.0045604752,8.116942e-06,0.20332702,0
1132,18.866667,2.5780358e-07,33.197845,33.197845,-8.8125025e-06,33.197845,0.00010012123,236,236,61,0.00051109854,0.0045504053,8.082109e-06,0.203327,0
1133,18.883333,2.5691457e-07,33.197834,33.197834,-1.147249e-05,33.197834,0.00010015988,236,236,61,0.0005099865,0.0045400034,8.062347e-06,0.20332696,0
1134,18.9,2.5552774e-07,33.19783,33.19783,-5.4878046e-06,33.19783,0.00010015111,236,236,61,0.0005083592,0.004530161,8.0384225e-06,0.20332697,0
1135,18.916666,2.540455e-07,33.19782,33.19782,-1.1971848e-05,33.19782,0.000100157806,236,236,61,0.00050656527,0.004518552,8.004845e-06,0.20332697,0
1136,18.933332,2.527055e-07,33.19781,33.19781,-6.9840535e-06,33.19781,0.000100127196,236,236,61,0.000504985,0.0045076343,7.983083e-06,0.20332694,0
1137,18.95,2.5181996e-07,33.1978,33.1978,-9.643681e-06,33.1978,0.00010014076,236,236,61,0.00050385547,0.0044977376,7.960058e-06,0.20332691,0
1138,18.966667,2.5050534e-07,33.197792,33.197792,-8.480324e-06,33.197792,0.00010013189,236,236,61,0.00050227885,0.004487911,7.924035e-06,0.20332693,0
1139,18.983334,2.4932422e-07,33.197784,33.197784,-7.3164047e-06,33.197784,0.00010012705,236,236,61,0.00050081214,0.004477151,7.905378e-06,0.2033269,0
1140,19,2.4844368e-07,33.197773,33.197777,-1.0641205e-05,33.197777,0.00010014814,236,236,61,0.0004996898,0.004467163,7.883398e-06,0.2033269,0
1141,19.016666,2.4732716e-07,33.19777,33.19777,-6.4850647e-06,33.19777,0.000100189536,236,236,61,0.0004983097,0.0044577233,7.860465e-06,0.20332691,0
1142,19.033333,2.461238e-07,33.197754,33.197754,-1.2802844e-05,33.197754,0.00010012972,236,236,61,0.0004968626,0.0044478374,7.843189e-06,0.2033268,0
1143,19.05,2.447633e-07,33.19775,33.19775,-7.150329e-06,33.19775,0.0001001337,236,236,61,0.0004952287,0.004436881,7.798488e-06,0.20332682,0
1144,19.066668,2.439402e-07,33.19774,33.19774,-1.1306169e-05,33.19774,0.00010016852,236,236,61,0.00049413217,0.004427261,7.782969e-06,0.20332679,0
1145,19.083334,2.4267408e-07,33.19773,33.19773,-6.9839793e-06,33.19773,0.00010012619,236,236,61,0.00049259147,0.004417568,7.759616e-06,0.20332676,0
1146,19.1,2.4168432e-07,33.19772,33.197723,-8.812509e-06,33.197723,0.00010014956,236,236,61,0.0004913547,0.0044073546,7.735522e-06,0.20332675,0
1147,19.116667,2.4101368e-07,33.197712,33.197712,-1.1139761e-05,33.197712,0.00010014237,236,236,61,0.0004904403,0.004398337,7.721063e-06,0.2033267,0
1148,19.133333,2.3995852e-07,33.197704,33.197704,-6.8175136e-06,33.197704,0.00010018198,236,236,61,0.0004891089,0.004388692,7.70948e-06,0.20332666,0
1149,19.15,2.3885724e-07,33.197697,33.197697,-7.81509e-06,33.197697,0.00010020691,236,236,61,0.00048770657,0.0043795947,7.667225e-06,0.2033267,0
1150,19.166666,2.3769863e-07,33.19768,33.19768,-1.2636545e-05,33.19768,0.00010016231,236,236,61,0.0004862678,0.0043689264,7.654359e-06,0.20332661,0
1151,19.183332,2.3659133e-07,33.197674,33.197674,-8.6463715e-06,33.197674,0.00010018193,235,235,61,0.00048488623,0.0043597724,7.629934e-06,0.20332658,0
1152,19.2,2.3554688e-07,33.197666,33.197666,-7.316268e-06,33.197666,0.00010013858,235,235,61,0.00048354352,0.004350098,7.597471e-06,0.20332661,0
1153,19.216667,2.3466471e-07,33.197655,33.197655,-1.1306228e-05,33.197655,0.000100133606,235,235,61,0.0004823823,0.004340912,7.5892667e-06,0.20332655,0
1154,19.233334,2.3362443e-07,33.197647,33.197647,-7.3162637e-06,33.197647,0.00010013534,235,235,61,0.00048110634,0.00433112,7.560115e-06,0.20332655,0
1155,19.25,2.3272766e-07,33.19764,33.19764,-9.643692e-06,33.19764,0.00010016784,235,235,61,0.00047992598,0.0043223123,7.543377e-06,0.2033265,0
1156,19.266666,2.3145849e-07,33.197628,33.197628,-9.976574e-06,33.197628,0.000100142235,235,235,61,0.00047833216,0.0043123923,7.5117487e-06,0.20332646,0
1157,19.283333,2.3049674e-07,33.19762,33.19762,-7.48244e-06,33.19762,0.00010012729,235,235,61,0.0004770789,0.0043036737,7.488865e-06,0.20332645,0
1158,19.3,2.295187e-07,33.197613,33.197613,-9.976283e-06,33.197613,0.00010012758,238,238,62,0.0004758502,0.004293684,7.469162e-06,0.20332645,0
1159,19.316668,2.2851731e-07,33.1976,33.1976,-9.311286e-06,33.1976,0.00010018052,238,238,62,0.00047454404,0.004284609,7.4590835e-06,0.20332633,0
1160,19.333334,2.2768012e-07,33.197594,33.197594,-9.144866e-06,33.197594,0.00010015814,238,238,62,0.00047344097,0.004276623,7.4148957e-06,0.20332637,0
1161,19.35,2.2676319e-07,33.197582,33.197586,-8.812436e-06,33.197586,0.00010018314,238,238,62,0.000472236,0.004267112,7.4082586e-06,0.2033263,0
1162,19.366667,2.2578041e-07,33.197575,33.197575,-1.09738185e-05,33.197575,0.00010014335,238,238,62,0.0004709305,0.00425826,7.382414e-06,0.20332627,0
1163,19.383333,2.2466222e-07,33.197563,33.197563,-8.313872e-06,33.197563,0.00010016242,238,238,62,0.00046954388,0.004248695,7.354391e-06,0.20332624,0
1164,19.4,2.2396024e-07,33.19756,33.19756,-5.48712e-06,33.19756,0.00010012055,238,238,62,0.0004685556,0.004240477,7.333417e-06,0.20332626,0
1165,19.416666,2.2297125e-07,33.197548,33.197548,-1.247012e-05,33.197548,0.00010018006,238,238,62,0.000467274,0.004231149,7.332428e-06,0.20332615,0
1166,19.433332,2.2209416e-07,33.19754,33.19754,-6.4848255e-06,33.19754,0.00010015667,238,238,62,0.00046614333,0.0042225798,7.2829052e-06,0.2033262,0
1167,19.45,2.2135616e-07,33.197533,33.197533,-8.978513e-06,33.197533,0.00010013929,238,238,62,0.0004651197,0.0042136814,7.282043e-06,0.20332614,0
1168,19.466667,2.2036785e-07,33.19752,33.19752,-1.1805099e-05,33.19752,0.00010012688,238,238,62,0.0004638072,0.0042051217,7.261627e-06,0.20332609,0
1169,19.483334,2.1937896e-07,33.197514,33.197514,-7.3162123e-06,33.197514,0.00010019855,238,238,62,0.00046251694,0.004195906,7.2301787e-06,0.20332609,0
1170,19.5,2.1851714e-07,33.197502,33.197502,-9.809912e-06,33.197502,0.0001001573,238,238,62,0.00046136364,0.004188016,7.219326e-06,0.20332602,0
1171,19.516666,2.175663e-07,33.197495,33.197495,-9.643745e-06,33.197495,0.00010017547,238,238,62,0.00046011095,0.004179047,7.195078e-06,0.20332596,0
1172,19.533333,2.1662922e-07,33.197483,33.197483,-8.479946e-06,33.197483,0.00010016264,238,238,62,0.00045889156,0.004170996,7.1712698e-06,0.20332597,0
1173,19.55,2.1566558e-07,33.19748,33.19748,-4.323596e-06,33.19748,0.00010015366,238,238,62,0.00045755293,0.0041613923,7.1356417e-06,0.203326,0
1174,19.566668,2.1506578e-07,33.19746,33.19746,-1.9119934e-05,33.19746,0.00010017241,238,238,62,0.00045673279,0.0041533206,7.151765e-06,0.20332584,0
1175,19.583334,2.1431111e-07,33.197456,33.197456,-5.6534273e-06,33.197456,0.000100156176,238,238,62,0.00045572643,0.0041458756,7.108602e-06,0.20332587,0
1176,19.6,2.1352005e-07,33.197445,33.197445,-9.47733e-06,33.197445,0.00010014428,238,238,62,0.0004546375,0.0041371468,7.102017e-06,0.2033258,0
1177,19.616667,2.1273951e-07,33.197437,33.197437,-9.80983e-06,33.197437,0.00010013845,238,238,62,0.00045357665,0.004129338,7.0807305e-06,0.20332575,0
1178,19.633333,2.1170392e-07,33.197426,33.197426,-9.97634e-06,33.197426,0.000100162186,234,234,61,0.00045218325,0.004120447,7.0619644e-06,0.20332566,0
1179,19.65,2.1105126e-07,33.19742,33.19742,-6.650856e-06,33.19742,0.000100220816,234,234,61,0.00045125207,0.004112573,7.020548e-06,0.20332572,0
1180,19.666666,2.0988074e-07,33.19741,33.19741,-9.976476e-06,33.19741,0.00010014366,234,234,61,0.0004497374,0.0041032853,7.0170618e-06,0.20332566,0
1181,19.683332,2.0928097e-07,33.197403,33.197403,-7.3158235e-06,33.197403,0.00010019679,233,233,61,0.00044884527,0.0040954216,6.991659e-06,0.20332563,0
1182,19.7,2.0852418e-07,33.19739,33.19739,-1.0973592e-05,33.19739,0.00010015392,233,233,61,0.00044783822,0.0040875035,6.983447e-06,0.20332554,0
1183,19.716667,2.075903e-07,33.197384,33.197384,-7.3161573e-06,33.197384,0.00010011768,234,234,61,0.0004465537,0.0040791905,6.9491675e-06,0.20332557,0
1184,19.733334,2.066946e-07,33.197372,33.197372,-9.976201e-06,33.197372,0.000100139674,236,236,61,0.0004453485,0.0040712343,6.9409143e-06,0.20332545,0
1185,19.75,2.0604175e-07,33.197365,33.197365,-7.980897e-06,33.197365,0.000100158686,236,236,61,0.00044439605,0.004062917,6.911287e-06,0.20332545,0
1186,19.766666,2.0551347e-07,33.197357,33.197357,-9.144558e-06,33.197357,0.000100121426,236,236,61,0.00044361813,0.0040552043,6.8901445e-06,0.20332544,0
1187,19.783333,2.0441038e-07,33.197346,33.197346,-1.0308918e-05,33.197346,0.00010019607,236,236,61,0.0004421963,0.004047031,6.888931e-06,0.20332535,0
1188,19.8,2.035023e-07,33.19734,33.19734,-9.144937e-06,33.19734,0.0001001416,236,236,61,0.00044090793,0.004038929,6.8471927e-06,0.20332533,0
1189,19.816668,2.0279406e-07,33.197327,33.197327,-1.0641033e-05,33.197327,0.00010011558,236,236,61,0.0004399413,0.004030985,6.831957e-06,0.20332527,0
1190,19.833334,2.0220425e-07,33.197315,33.197315,-9.9758945e-06,33.197315,0.000100169,236,236,61,0.0004390527,0.0040236837,6.8238405e-06,0.20332521,0
1191,19.85,2.0150652e-07,33.197308,33.197308,-1.06410225e-05,33.197308,0.00010016717,236,236,61,0.00043809865,0.0040156413,6.804392e-06,0.20332515,0
1192,19.866667,2.0067344e-07,33.197296,33.197296,-9.976138e-06,33.197296,0.000100150435,236,236,61,0.00043693135,0.004008204,6.7843553e-06,0.20332512,0
1193,19.883333,1.9970474e-07,33.197285,33.197285,-9.477509e-06,33.197285,0.00010013895,236,236,61,0.0004356521,0.004000368,6.768724e-06,0.20332505,0
1194,19.9,1.9890741e-07,33.19728,33.19728,-4.9884497e-06,33.19728,0.00010010741,236,236,61,0.00043449827,0.0039922036,6.7313886e-06,0.20332511,0
1195,19.916666,1.983306e-07,33.19727,33.19727,-1.1804687e-05,33.19727,0.00010014813,236,236,61,0.00043361893,0.0039841407,6.735431e-06,0.203325,0
1196,19.933332,1.977961e-07,33.19726,33.19726,-8.313288e-06,33.19726,0.00010020843,236,236,61,0.00043289014,0.003977309,6.70988e-06,0.20332494,0
1197,19.95,1.9704527e-07,33.19725,33.19725,-1.0641076e-05,33.19725,0.000100142395,236,236,61,0.00043183294,0.003970208,6.6941348e-06,0.20332488,0
1198,19.966667,1.9610499e-07,33.197247,33.197247,-5.487358e-06,33.197247,0.000100117635,236,236,61,0.0004304851,0.0039602583,6.656609e-06,0.20332493,0
1199,19.983334,1.9520033e-07,33.19723,33.19723,-1.3301311e-05,33.19723,0.000100153135,236,236,61,0.00042920408,0.0039519807,6.659578e-06,0.20332481,0
1200,20,1.9444668e-07,33.197224,33.197224,-7.149722e-06,33.197224,0.000100132704,236,236,61,0.00042809974,0.003944054,6.619452e-06,0.20332476,0
1201,20.016666,1.9388041e-07,33.197212,33.197216,-1.0640892e-05,33.197216,0.00010015257,236,236,61,0.00042721228,0.003935938,6.6143407e-06,0.2033247,0
1202,20.033333,1.9328036e-07,33.197205,33.19721,-7.648334e-06,33.19721,0.000100155696,236,236,61,0.00042635074,0.0039290553,6.585648e-06,0.20332468,0
1203,20.05,1.9226106e-07,33.197197,33.197197,-1.0973855e-05,33.197197,0.00010014643,236,236,61,0.00042494218,0.003920418,6.575259e-06,0.20332462,0
1204,20.066668,1.9158055e-07,33.197186,33.197186,-9.310965e-06,33.197186,0.00010016025,236,236,61,0.00042395043,0.0039132168,6.5455893e-06,0.20332459,0
1205,20.083334,1.9108226e-07,33.197178,33.197178,-8.812018e-06,33.197178,0.000100120786,236,236,61,0.00042319638,0.0039057361,6.5380173e-06,0.20332451,0
1206,20.1,1.9038708e-07,33.19717,33.19717,-8.812214e-06,33.19717,0.00010014582,236,236,61,0.0004221632,0.0038988309,6.5185222e-06,0.20332447,0
1207,20.116667,1.8941338e-07,33.19716,33.19716,-1.0973809e-05,33.19716,0.000100111385,236,236,61,0.00042081924,0.0038912036,6.499117e-06,0.2033244,0
1208,20.133333,1.8878242e-07,33.197147,33.197147,-9.310916e-06,33.197147,0.0001001357,236,236,61,0.00041988818,0.0038830582,6.4825003e-06,0.20332435,0
1209,20.15,1.8806158e-07,33.19714,33.19714,-9.311006e-06,33.19714,0.00010015645,236,236,61,0.00041887382,0.003876,6.4592787e-06,0.20332429,0
1210,20.166666,1.8748969e-07,33.19713,33.19713,-8.978346e-06,33.19713,0.00010013631,236,236,61,0.0004179818,0.0038689394,6.443963e-06,0.20332426,0
1211,20.183332,1.8696986e-07,33.19712,33.19712,-9.643314e-06,33.19712,0.00010013568,236,236,61,0.0004172148,0.0038616974,6.434483e-06,0.20332417,0
1212,20.2,1.8630828e-07,33.197113,33.197113,-8.3134155e-06,33.197113,0.00010010189,236,236,61,0.00041622584,0.003854793,6.3989787e-06,0.20332417,0
1213,20.216667,1.8575712e-07,33.1971,33.1971,-1.0640876e-05,33.1971,0.00010015234,236,236,61,0.00041538398,0.0038476058,6.4020383e-06,0.20332408,0
1214,20.233334,1.851381e-07,33.19709,33.19709,-1.16384745e-05,33.19709,0.00010010811,236,236,61,0.00041446916,0.0038404302,6.3897023e-06,0.20332399,0
1215,20.25,1.8442238e-07,33.19708,33.197083,-9.1447455e-06,33.197083,0.00010013158,236,236,61,0.00041341016,0.0038338106,6.364137e-06,0.20332395,0
1216,20.266666,1.8360925e-07,33.19707,33.19707,-7.981057e-06,33.19707,0.00010014809,236,236,61,0.0004122068,0.0038258375,6.3427465e-06,0.20332392,0
1217,20.283333,1.8308202e-07,33.197063,33.197063,-8.313281e-06,33.197063,0.00010013744,236,236,61,0.000411429,0.003819303,6.333518e-06,0.20332383,0
1218,20.3,1.8240787e-07,33.197052,33.197052,-1.296857e-05,33.197052,0.00010012477,236,236,61,0.00041043104,0.0038122446,6.30579e-06,0.20332377,0
1219,20.316668,1.8183385e-07,33.197044,33.197044,-7.3157976e-06,33.197044,0.00010012554,236,236,61,0.00040951438,0.0038049887,6.2939785e-06,0.2033237,0
1220,20.333334,1.8105591e-07,33.197033,33.197033,-1.2636164e-05,33.197033,0.00010014377,236,236,61,0.0004084144,0.003798435,6.2771196e-06,0.20332362,0
1221,20.35,1.8040788e-07,33.197025,33.197025,-6.152086e-06,33.197025,0.00010013229,237,237,61,0.00040746256,0.003791289,6.249043e-06,0.2033236,0
1222,20.366667,1.7970693e-07,33.197014,33.197014,-1.1472302e-05,33.197014,0.00010015353,237,237,61,0.00040646366,0.0037840737,6.2442996e-06,0.2033235,0
1223,20.383333,1.7941016e-07,33.197006,33.197006,-7.64803e-06,33.197006,0.00010011179,237,237,61,0.0004059017,0.0037785564,6.2207946e-06,0.20332347,0
1224,20.4,1.7881067e-07,33.196995,33.197,-9.477139e-06,33.197,0.00010014195,237,237,61,0.00040500454,0.003771424,6.2146046e-06,0.2033234,0
1225,20.416666,1.782519e-07,33.196987,33.196987,-9.975864e-06,33.196987,0.00010015159,237,237,61,0.00040416815,0.003764498,6.197284e-06,0.20332333,0
1226,20.433332,1.7748458e-07,33.196976,33.196976,-1.1804878e-05,33.196976,0.000100121935,237,237,61,0.0004030687,0.0037576936,6.191098e-06,0.20332323,0
1227,20.45,1.7707265e-07,33.19697,33.19697,-3.4917687e-06,33.19697,0.00010013704,237,237,61,0.00040234576,0.0037510192,6.162249e-06,0.20332325,0
1228,20.466667,1.7638708e-07,33.19696,33.19696,-1.1971051e-05,33.19696,0.000100161,237,237,61,0.00040131525,0.0037441135,6.1552087e-06,0.20332316,0
1229,20.483334,1.7548484e-07,33.19695,33.19695,-1.0807483e-05,33.19695,0.00010014382,237,237,61,0.00040003937,0.0037364797,6.135474e-06,0.20332305,0
1230,20.5,1.7515013e-07,33.19694,33.19694,-7.980579e-06,33.19694,0.00010015747,237,237,61,0.00039947577,0.0037309278,6.0988878e-06,0.20332305,0
1231,20.516666,1.7469767e-07,33.19693,33.19693,-1.0474522e-05,33.19693,0.00010022251,237,237,61,0.00039877315,0.003724317,6.105209e-06,0.20332295,0
1232,20.533333,1.740452e-07,33.19692,33.19692,-1.0807233e-05,33.19692,0.000100148616,237,237,61,0.00039779226,0.003717395,6.0944667e-06,0.20332284,0
1233,20.55,1.7377381e-07,33.196915,33.196915,-6.3179646e-06,33.196915,0.00010014465,237,237,61,0.00039728548,0.003711816,6.0647967e-06,0.20332284,0
1234,20.566668,1.7309065e-07,33.196903,33.196903,-1.0641008e-05,33.196903,0.00010016494,237,237,61,0.00039625552,0.0037043944,6.057105e-06,0.20332278,0
1235,20.583334,3.207422e-07,33.19689,33.19689,-1.1822714e-05,33.19689,0.00010015909,237,237,61,0.0005457947,0.004043381,6.5657473e-06,0.20332263,0
1236,20.6,4.6014333e-07,33.196873,33.196873,-1.8314913e-05,33.196873,0.00010011843,237,237,61,0.0006718184,0.0045278636,9.987201e-06,0.2033225,0
1237,20.616667,4.7527075e-07,33.196857,33.196857,-1.5114085e-05,33.196857,0.000100127094,237,237,61,0.0006878637,0.0046273535,1.0952691e-05,0.2033224,0
1238,20.633333,4.6777748e-07,33.196846,33.196846,-1.1645349e-05,33.196846,0.0001001373,237,237,61,0.00068118505,0.004623517,1.0970131e-05,0.20332234,0
1239,20.65,4.6404642e-07,33.196835,33.196835,-1.1641587e-05,33.196835,0.00010018458,237,237,61,0.0006751176,0.0045925197,1.0842297e-05,0.20332228,0
1240,20.666666,4.6261556e-07,33.196823,33.196823,-1.1971797e-05,33.196823,0.00010013807,237,237,61,0.0006720093,0.0045482265,1.0761708e-05,0.20332225,0
1241,20.683332,4.657147e-07,33.196804,33.196808,-1.5624879e-05,33.196808,0.00010018031,237,237,61,0.0006745137,0.0045384034,1.0771969e-05,0.2033221,0
1242,20.7,4.6972562e-07,33.196793,33.196793,-1.4460181e-05,33.196793,0.00010014025,237,237,61,0.00067845325,0.00454093,1.08294325e-05,0.20332205,0
1243,20.716667,4.7293761e-07,33.196777,33.196777,-1.446098e-05,33.196777,0.00010019634,237,237,61,0.0006816235,0.0045538903,1.0891195e-05,0.20332195,0
1244,20.733334,4.773005e-07,33.196766,33.196766,-1.2464769e-05,33.196766,0.00010017523,237,237,61,0.00068517844,0.0045615635,1.094338e-05,0.20332187,0
1245,20.75,4.859494e-07,33.19675,33.19675,-1.2460482e-05,33.19675,0.00010018813,237,237,61,0.0006919927,0.004580804,1.10273095e-05,0.2033218,0
1246,20.766666,4.9342344e-07,33.19674,33.19674,-1.3957952e-05,33.19674,0.00010014021,237,237,61,0.00069780904,0.004588533,1.1146093e-05,0.20332171,0
1247,20.783333,4.9865633e-07,33.196724,33.196724,-1.2796409e-05,33.196724,0.00010014101,237,237,61,0.0007021875,0.004593205,1.1229398e-05,0.20332167,0
1248,20.8,5.0211844e-07,33.19671,33.196712,-1.512575e-05,33.196712,0.000100152996,237,237,61,0.00070510147,0.0045926827,1.1296659e-05,0.20332159,0
1249,20.816668,5.0491445e-07,33.196697,33.196697,-1.4295141e-05,33.196697,0.00010013895,237,237,61,0.00070727326,0.0045876354,1.1343087e-05,0.20332144,0
1250,20.833334,5.086313e-07,33.196682,33.196682,-1.34629445e-05,33.196682,0.00010013382,237,237,61,0.00071010954,0.0045835217,1.137455e-05,0.2033214,0
1251,20.85,5.11343e-07,33.196667,33.196667,-1.545901e-05,33.196667,0.000100157966,237,237,61,0.0007121894,0.004577143,1.1423072e-05,0.2033213,0
1252,20.866667,5.130907e-07,33.196655,33.196655,-1.0472322e-05,33.196655,0.00010014652,237,237,61,0.0007136131,0.004570777,1.1451943e-05,0.20332131,0
1253,20.883333,5.1464815e-07,33.19664,33.19664,-1.595893e-05,33.19664,0.0001001689,237,237,61,0.00071477535,0.0045632133,1.1481635e-05,0.20332122,0
1254,20.9,5.1631054e-07,33.19663,33.196632,-1.0139897e-05,33.196632,0.000100192294,237,237,61,0.00071593013,0.004555798,1.1496291e-05,0.20332117,0
1255,20.916666,5.1949405e-07,33.196617,33.196617,-1.4793519e-05,33.196617,0.000100180965,237,237,61,0.0007176666,0.0045598117,1.1522389e-05,0.20332107,0
1256,20.933332,5.3662984e-07,33.1966,33.1966,-1.4280801e-05,33.1966,0.00010014794,237,237,61,0.0007274955,0.0045620627,1.16015435e-05,0.20332098,0
1257,20.95,5.4952324e-07,33.196587,33.196587,-1.3453768e-05,33.196587,0.00010012107,237,237,61,0.0007359263,0.004575121,1.17718355e-05,0.20332097,0
1258,20.966667,5.558803e-07,33.19657,33.19657,-1.595413e-05,33.19657,0.000100173565,237,237,61,0.00074023195,0.004583823,1.1887602e-05,0.20332082,0
1259,20.983334,5.5677134e-07,33.19656,33.196564,-1.0140669e-05,33.196564,0.000100180885,237,237,61,0.00074076175,0.0045789727,1.1925146e-05,0.20332077,0
1260,21,5.524263e-07,33.19655,33.19655,-1.4801048e-05,33.19655,0.00010017327,237,237,61,0.0007377619,0.004565183,1.1897177e-05,0.20332073,0
1261,21.016666,5.470092e-07,33.196533,33.196533,-1.3638333e-05,33.196533,0.00010019459,237,237,61,0.0007339073,0.00454742,1.1839186e-05,0.20332067,0
1262,21.033333,5.417925e-07,33.19652,33.196526,-9.980522e-06,33.196526,0.00010012491,237,237,61,0.0007300975,0.004528451,1.1771534e-05,0.20332064,0
1263,21.05,5.376058e-07,33.196507,33.196507,-1.546591e-05,33.196507,0.00010014004,237,237,61,0.00072689017,0.004510771,1.172484e-05,0.20332053,0
1264,21.066668,5.343184e-07,33.196495,33.1965,-1.1308633e-05,33.1965,0.00010012945,237,237,61,0.00072449737,0.004497214,1.1655327e-05,0.2033205,0
1265,21.083334,5.307083e-07,33.19648,33.196484,-1.4800312e-05,33.196484,0.000100166675,237,237,61,0.00072172796,0.0044810125,1.1613853e-05,0.20332043,0
1266,21.1,5.275251e-07,33.196465,33.196465,-1.6129927e-05,33.196465,0.00010013644,237,237,61,0.00071921694,0.0044660703,1.158068e-05,0.20332032,0
1267,21.116667,5.248353e-07,33.196453,33.196453,-1.1806801e-05,33.196453,0.0001001151,237,237,61,0.0007170938,0.00445218,1.1530248e-05,0.20332025,0
1268,21.133333,5.2171123e-07,33.196438,33.196438,-1.6961143e-05,33.196438,0.00010011116,237,237,61,0.00071475864,0.0044391933,1.1505025e-05,0.20332013,0
1269,21.15,5.185376e-07,33.19643,33.19643,-7.650908e-06,33.19643,0.00010016564,237,237,61,0.0007122713,0.0044241585,1.1439112e-05,0.20332016,0
1270,21.166666,5.157411e-07,33.19641,33.19641,-1.679456e-05,33.19641,0.00010018155,237,237,61,0.00070998445,0.004408935,1.1420331e-05,0.20332003,0
1271,21.183332,5.124042e-07,33.1964,33.1964,-1.3802509e-05,33.1964,0.00010013279,237,237,61,0.00070751784,0.0043949774,1.1369462e-05,0.20331992,0
1272,21.2,5.0770456e-07,33.19639,33.19639,-1.214132e-05,33.19639,0.00010018799,237,237,61,0.0007040711,0.0043791723,1.1321212e-05,0.20331988,0
1273,21.216667,5.034096e-07,33.19637,33.196373,-1.5466017e-05,33.196373,0.000100185374,237,237,61,0.00070077105,0.004363266,1.12698e-05,0.20331974,0
1274,21.233334,5.0024926e-07,33.196358,33.19636,-1.1807271e-05,33.19636,0.000100149366,237,237,61,0.00069826667,0.0043478617,1.1211423e-05,0.20331973,0
1275,21.25,4.965359e-07,33.196346,33.196346,-1.3304119e-05,33.196346,0.00010014119,237,237,61,0.00069541595,0.004332779,1.1172184e-05,0.20331964,0
1276,21.266666,4.930582e-07,33.196335,33.196335,-1.2140099e-05,33.196335,0.0001001769,237,237,61,0.00069269893,0.0043182485,1.111623e-05,0.2033196,0
1277,21.283333,4.8779043e-07,33.196316,33.196316,-1.6630776e-05,33.196316,0.00010018583,237,237,61,0.00068898394,0.0043111695,1.1074689e-05,0.20331945,0
1278,21.3,4.844376e-07,33.1963,33.1963,-1.5465075e-05,33.1963,0.000100141755,237,237,61,0.00068441307,0.0042846375,1.0995234e-05,0.20331928,0
1279,21.316668,4.920256e-07,33.19629,33.19629,-1.3625328e-05,33.19629,0.00010017265,237,237,61,0.00068883796,0.0042795506,1.0990691e-05,0.20331922,0
1280,21.333334,5.0055644e-07,33.196274,33.196274,-1.2959365e-05,33.196274,0.00010014884,237,237,61,0.00069472665,0.004286206,1.1092844e-05,0.20331913,0
1281,21.35,5.0443526e-07,33.196262,33.196266,-1.1135212e-05,33.196266,0.00010018196,236,236,61,0.0006976167,0.0042906688,1.11682275e-05,0.20331909,0
1282,21.366667,5.0331846e-07,33.19625,33.19625,-1.4797819e-05,33.19625,0.00010017098,237,237,61,0.00069695077,0.0042859227,1.118938e-05,0.20331898,0
1283,21.383333,4.9953206e-07,33.196236,33.196236,-1.2971683e-05,33.196236,0.00010024988,237,237,61,0.00069402944,0.004269918,1.11528525e-05,0.20331886,0
1284,21.4,4.941626e-07,33.196224,33.196224,-1.1310715e-05,33.196224,0.00010018216,237,237,61,0.00068995834,0.0042531826,1.1081142e-05,0.20331886,0
1285,21.416666,4.90551e-07,33.196205,33.19621,-1.7792905e-05,33.19621,0.000100158315,237,237,61,0.00068694603,0.004235581,1.1040635e-05,0.20331867,0
1286,21.433332,4.868087e-07,33.196194,33.196194,-1.2306618e-05,33.196194,0.00010018828,237,237,61,0.0006841014,0.0042213406,1.0967689e-05,0.20331861,0
1287,21.45,4.829608e-07,33.196182,33.196182,-1.4301785e-05,33.196182,0.00010022544,238,238,61,0.0006810813,0.004204994,1.093624e-05,0.20331852,0
1288,21.466667,4.7936476e-07,33.19617,33.19617,-1.0311411e-05,33.19617,0.00010020372,238,238,61,0.0006781328,0.0041900864,1.08748245e-05,0.20331846,0
1289,21.483334,4.7654717e-07,33.196156,33.196156,-1.646207e-05,33.196156,0.000100190075,238,238,61,0.00067579886,0.0041754264,1.0841034e-05,0.20331833,0
1290,21.5,4.7353174e-07,33.196136,33.196136,-1.5797248e-05,33.196136,0.000100167985,238,238,61,0.00067338673,0.0041629653,1.0790492e-05,0.20331822,0
1291,21.516666,4.7056182e-07,33.196125,33.196125,-1.1973336e-05,33.196125,0.00010019371,238,238,61,0.0006709791,0.004149187,1.0750078e-05,0.20331813,0
1292,21.533333,4.6735383e-07,33.19611,33.19611,-1.5963697e-05,33.19611,0.00010021545,238,238,61,0.0006683325,0.0041343276,1.0718682e-05,0.20331801,0
1293,21.55,4.639657e-07,33.1961,33.196102,-1.0144948e-05,33.196102,0.00010018757,238,238,61,0.00066572963,0.0041216575,1.0669802e-05,0.20331794,0
1294,21.566668,4.6028e-07,33.196083,33.196083,-1.5465408e-05,33.196083,0.000100136145,239,239,61,0.00066264794,0.004104936,1.0618792e-05,0.2033178,0
1295,21.583334,4.5685007e-07,33.196068,33.19607,-1.4633877e-05,33.19607,0.00010012123,239,239,61,0.00065987837,0.004090493,1.0567125e-05,0.20331772,0
1296,21.6,4.5335787e-07,33.196056,33.196056,-1.1973858e-05,33.196056,0.00010013774,239,239,61,0.00065701077,0.0040760906,1.0514574e-05,0.20331763,0
1297,21.616667,4.5014818e-07,33.19604,33.19604,-1.6462463e-05,33.19604,0.0001001272,239,239,61,0.00065440196,0.0040623387,1.0468492e-05,0.2033175,0
1298,21.633333,4.4672478e-07,33.19603,33.19603,-1.2472555e-05,33.19603,0.000100122015,236,236,60,0.0006518343,0.0040471978,1.0435102e-05,0.20331739,0
1299,21.65,4.4361917e-07,33.19602,33.19602,-1.1474706e-05,33.19602,0.00010014091,236,236,60,0.00064895244,0.0040326114,1.0379877e-05,0.20331731,0
1300,21.666666,4.4071467e-07,33.196007,33.196007,-1.1474505e-05,33.196007,0.00010019556,236,236,60,0.0006467037,0.0040203044,1.0328605e-05,0.20331724,0
1301,21.683332,4.3923947e-07,33.19599,33.19599,-1.3135626e-05,33.19599,0.000100155485,236,236,60,0.00064512703,0.004006753,1.0298955e-05,0.20331714,0
1302,21.7,4.3700112e-07,33.195976,33.195976,-1.5297706e-05,33.195976,0.0001001527,236,236,60,0.0006433663,0.003995953,1.0274741e-05,0.20331702,0
1303,21.716667,4.344607e-07,33.19596,33.19596,-1.6628048e-05,33.19596,0.000100154866,235,235,60,0.00064122974,0.0039827395,1.0242203e-05,0.20331687,0
1304,21.733334,4.3182536e-07,33.19595,33.19595,-1.3136787e-05,33.19595,0.00010016757,235,235,60,0.000638896,0.003968049,1.02117265e-05,0.20331673,0
1305,21.75,4.306297e-07,33.19594,33.19594,-9.145225e-06,33.19594,0.000100169025,235,235,60,0.0006377167,0.0039434554,1.01732985e-05,0.20331669,0
1306,21.766666,4.2653303e-07,33.195923,33.195923,-1.546582e-05,33.195923,0.000100166566,235,235,60,0.0006347182,0.0039323983,1.0158331e-05,0.20331655,0
1307,21.783333,4.2108343e-07,33.195908,33.195908,-1.5799682e-05,33.195908,0.00010014339,235,235,60,0.00063015276,0.003907044,1.0084279e-05,0.20331642,0
1308,21.8,4.158565e-07,33.195896,33.195896,-1.2308103e-05,33.195896,0.00010016744,235,235,60,0.0006257588,0.0038874345,1.00026145e-05,0.2033163,0
1309,21.816668,4.1192456e-07,33.19588,33.19588,-1.4135614e-05,33.19588,0.00010013114,235,235,60,0.0006223509,0.00386899,9.93549e-06,0.2033162,0
1310,21.833334,4.0876424e-07,33.195866,33.195866,-1.4966117e-05,33.195866,0.000100205754,235,235,60,0.0006196887,0.003856391,9.885412e-06,0.20331605,0
1311,21.85,4.0552976e-07,33.195854,33.195854,-1.2971131e-05,33.195854,0.00010016681,237,237,61,0.00061684934,0.003841114,9.838858e-06,0.20331593,0
1312,21.866667,4.019854e-07,33.19584,33.19584,-1.5132757e-05,33.19584,0.000100174555,237,237,61,0.00061382895,0.0038269619,9.78303e-06,0.2033158,0
1313,21.883333,3.9925067e-07,33.195827,33.195827,-1.064306e-05,33.195827,0.00010015193,237,237,61,0.00061139575,0.003813356,9.728534e-06,0.2033157,0
1314,21.9,3.9693228e-07,33.195812,33.195812,-1.6295317e-05,33.195812,0.00010016567,237,237,61,0.000609276,0.003801401,9.700881e-06,0.20331556,0
1315,21.916666,3.9365395e-07,33.1958,33.1958,-1.1641134e-05,33.1958,0.00010019647,237,237,61,0.0006064264,0.003786899,9.6566555e-06,0.20331544,0
1316,21.933332,3.9082775e-07,33.195786,33.195786,-1.2638212e-05,33.195786,0.00010014072,237,237,61,0.0006039015,0.0037739277,9.602785e-06,0.20331535,0
1317,21.95,3.880416e-07,33.195774,33.195778,-1.0643112e-05,33.195778,0.000100124416,237,237,61,0.00060136983,0.0037606966,9.572047e-06,0.20331526,0
1318,21.966667,3.8560358e-07,33.195763,33.195763,-1.413412e-05,33.195763,0.00010014806,237,237,61,0.00059917074,0.0037475917,9.52953e-06,0.2033151,0
1319,21.983334,3.834638e-07,33.195747,33.195747,-1.4133821e-05,33.195747,0.00010014841,237,237,61,0.0005971224,0.0037366673,9.493939e-06,0.20331496,0
1320,22,3.8059193e-07,33.195732,33.195732,-1.6794635e-05,33.195732,0.00010014334,237,237,61,0.00059456425,0.0037227364,9.460698e-06,0.20331483,0
1321,22.016666,3.7787768e-07,33.19572,33.19572,-1.0476784e-05,33.19572,0.000100148594,237,237,61,0.0005920621,0.0037105584,9.405175e-06,0.20331472,0
1322,22.033333,3.744524e-07,33.195705,33.195705,-1.4467617e-05,33.195705,0.000100180594,237,237,61,0.0005890288,0.0036944998,9.354998e-06,0.20331459,0
1323,22.05,3.7234355e-07,33.195694,33.195694,-1.2637495e-05,33.195694,0.000100153404,237,237,61,0.0005869151,0.0036816085,9.316558e-06,0.20331444,0
1324,22.066668,3.7024435e-07,33.19568,33.19568,-1.3468761e-05,33.19568,0.000100183956,237,237,61,0.00058498164,0.0036712366,9.2881355e-06,0.2033143,0
1325,22.083334,3.6740892e-07,33.195667,33.195667,-1.2139456e-05,33.195667,0.00010012495,238,238,61,0.0005823237,0.003656783,9.245229e-06,0.20331423,0
1326,22.1,3.6390875e-07,33.195652,33.195652,-1.6296499e-05,33.195652,0.00010014806,238,238,61,0.0005792349,0.003644428,9.20232e-06,0.20331405,0
1327,22.116667,3.605784e-07,33.195637,33.195637,-1.5465053e-05,33.195637,0.00010017852,238,238,61,0.0005762506,0.003630247,9.145804e-06,0.20331389,0
1328,22.133333,3.5745194e-07,33.19562,33.19562,-1.3469788e-05,33.19562,0.00010015179,238,238,61,0.0005733043,0.0036154313,9.091136e-06,0.20331372,0
1329,22.15,3.5493144e-07,33.19561,33.19561,-1.1141611e-05,33.19561,0.00010015743,238,238,61,0.00057088624,0.0036022135,9.0411195e-06,0.20331365,0
1330,22.166666,3.5250187e-07,33.195595,33.195595,-1.6627937e-05,33.195595,0.000100180376,238,238,61,0.00056850264,0.0035885102,9.006601e-06,0.2033135,0
1331,22.183332,3.5050286e-07,33.19558,33.19558,-1.4466191e-05,33.19558,0.000100124096,238,238,61,0.00056646153,0.0035767707,8.969574e-06,0.2033133,0
1332,22.2,3.4840045e-07,33.195568,33.195568,-1.3635019e-05,33.195568,0.000100143516,238,238,61,0.0005644645,0.0035660577,8.928125e-06,0.20331319,0
1333,22.216667,3.4560762e-07,33.195553,33.195553,-1.2305669e-05,33.195553,0.00010016184,238,238,61,0.0005617832,0.0035533458,8.893873e-06,0.20331304,0
1334,22.233334,3.431361e-07,33.19554,33.195545,-1.1141562e-05,33.195545,0.000100195786,238,238,61,0.000559464,0.003541859,8.837177e-06,0.20331293,0
1335,22.25,3.4084914e-07,33.195526,33.195526,-1.579652e-05,33.195526,0.00010014354,238,238,61,0.0005571375,0.0035278993,8.807393e-06,0.2033128,0
1336,22.266666,3.3877134e-07,33.195515,33.195515,-1.2969974e-05,33.195515,0.000100186386,238,238,61,0.0005549925,0.0035154384,8.771046e-06,0.20331262,0
1337,22.283333,3.3647402e-07,33.1955,33.1955,-1.513151e-05,33.1955,0.000100137484,238,238,61,0.00055279746,0.0035053513,8.729473e-06,0.20331243,0
1338,22.3,3.335645e-07,33.195488,33.19549,-9.47945e-06,33.19549,0.000100153295,238,238,61,0.0005500162,0.0034922645,8.676148e-06,0.20331238,0
1339,22.316668,3.3114668e-07,33.195477,33.195477,-1.3967845e-05,33.195477,0.00010015894,238,238,61,0.00054755114,0.0034790062,8.641773e-06,0.20331223,0
1340,22.333334,3.2837957e-07,33.19546,33.19546,-1.3469428e-05,33.19546,0.000100147765,238,238,61,0.0005448887,0.0034676108,8.60167e-06,0.20331204,0
1341,22.35,3.2554965e-07,33.19545,33.19545,-1.4134512e-05,33.19545,0.00010012207,238,238,61,0.00054203754,0.0034526938,8.541742e-06,0.2033119,0
1342,22.366667,3.2296683e-07,33.19543,33.19543,-1.7126857e-05,33.19543,0.00010012112,238,238,61,0.0005395856,0.0034416306,8.508269e-06,0.20331171,0
1343,22.383333,3.208361e-07,33.195415,33.19542,-1.3801302e-05,33.19542,0.000100131045,238,238,61,0.00053724746,0.003427354,8.460833e-06,0.20331158,0
1344,22.4,3.1852232e-07,33.195404,33.195404,-1.2471445e-05,33.195404,0.00010019595,238,238,61,0.00053499773,0.0034161112,8.432553e-06,0.20331138,0
1345,22.416666,3.1620047e-07,33.195393,33.195393,-1.2637708e-05,33.195393,0.00010020582,238,238,61,0.0005325922,0.00340347,8.371474e-06,0.2033113,0
1346,22.433332,3.1372159e-07,33.19538,33.19538,-1.180659e-05,33.19538,0.00010016244,238,238,61,0.0005300804,0.0033919741,8.335446e-06,0.20331116,0
1347,22.45,3.1150148e-07,33.195366,33.195366,-1.5297688e-05,33.195366,0.00010015536,238,238,61,0.0005278611,0.0033806895,8.30506e-06,0.20331098,0
1348,22.466667,3.0939268e-07,33.19535,33.19535,-1.4466301e-05,33.19535,0.000100145066,238,238,61,0.0005256225,0.0033681476,8.264592e-06,0.20331079,0
1349,22.483334,3.0705968e-07,33.19534,33.19534,-9.977638e-06,33.19534,0.00010012292,238,238,61,0.00052322977,0.003356095,8.217365e-06,0.20331067,0
1350,22.5,3.0461717e-07,33.195328,33.195328,-1.396787e-05,33.195328,0.000100173216,238,238,61,0.0005207482,0.003343694,8.17082e-06,0.20331055,0
1351,22.516666,3.0227588e-07,33.195312,33.195312,-1.3801513e-05,33.195312,0.00010016637,238,238,61,0.00051819306,0.00332909,8.136018e-06,0.20331033,0
1352,22.533333,2.9986643e-07,33.195297,33.195297,-1.5297877e-05,33.195297,0.000100157486,238,238,61,0.0005157471,0.0033184916,8.091563e-06,0.20331018,0
1353,22.55,2.9736185e-07,33.195286,33.195286,-1.0809084e-05,33.195286,0.000100174715,238,238,61,0.000513198,0.0033065304,8.0414475e-06,0.20331004,0
1354,22.566668,2.9530307e-07,33.19527,33.19527,-1.5463782e-05,33.19527,0.000100127065,238,238,61,0.00051091023,0.0032933701,8.01108e-06,0.20330985,0
1355,22.583334,2.932505e-07,33.195263,33.195263,-9.312337e-06,33.195263,0.00010016996,238,238,61,0.0005087217,0.003281976,7.957343e-06,0.20330976,0
1356,22.6,2.9042283e-07,33.195248,33.195248,-1.479953e-05,33.195248,0.00010017519,238,238,61,0.0005058824,0.003269297,7.923605e-06,0.2033096,0
1357,22.616667,2.8814827e-07,33.195232,33.195236,-1.2970171e-05,33.195236,0.00010013501,238,238,61,0.00050341163,0.0032568204,7.877303e-06,0.20330942,0
1358,22.633333,2.8641585e-07,33.195217,33.195217,-1.6793496e-05,33.195217,0.00010012573,238,238,61,0.00050147576,0.003244795,7.840003e-06,0.20330925,0
1359,22.65,2.841837e-07,33.195206,33.195206,-1.1307578e-05,33.195206,0.00010014594,238,238,61,0.0004990739,0.0032336072,7.802799e-06,0.2033091,0
1360,22.666666,2.8196084e-07,33.19519,33.19519,-1.629522e-05,33.19519,0.00010013607,238,238,61,0.000496711,0.0032220257,7.767937e-06,0.2033089,0
1361,22.683332,2.7985695e-07,33.19518,33.19518,-1.0309919e-05,33.19518,0.000100123776,238,238,61,0.0004943435,0.0032093143,7.7086115e-06,0.20330878,0
1362,22.7,2.7768755e-07,33.19516,33.195164,-1.7791463e-05,33.195164,0.00010016531,238,238,61,0.0004920109,0.0031971913,7.69139e-06,0.20330852,0
1363,22.716667,2.751075e-07,33.19515,33.19515,-1.2139201e-05,33.19515,0.00010013458,238,238,61,0.00048924924,0.0031861195,7.630238e-06,0.20330839,0
1364,22.733334,2.7272662e-07,33.19514,33.19514,-9.977685e-06,33.19514,0.00010017955,238,238,61,0.0004866365,0.0031732176,7.588158e-06,0.20330824,0
1365,22.75,2.7032897e-07,33.195126,33.195126,-1.47990995e-05,33.195126,0.00010013443,238,238,61,0.00048402042,0.0031600161,7.531764e-06,0.20330808,0
1366,22.766666,2.675332e-07,33.19511,33.19511,-1.3801968e-05,33.19511,0.00010011931,238,238,61,0.00048188402,0.0031391392,7.512632e-06,0.20330788,0
1367,22.783333,2.696877e-07,33.195095,33.195095,-1.4462037e-05,33.195095,0.000100113095,238,238,61,0.00048302565,0.0031381832,7.532501e-06,0.20330769,0
1368,22.8,2.7218076e-07,33.195084,33.195084,-1.1469107e-05,33.195084,0.00010014208,238,238,61,0.00048496496,0.003134505,7.543153e-06,0.20330755,0
1369,22.816668,2.7363566e-07,33.195072,33.195072,-1.3631462e-05,33.195072,0.00010012643,238,238,61,0.00048633938,0.003134392,7.5765174e-06,0.2033074,0
1370,22.833334,2.7312603e-07,33.19506,33.19506,-1.0973345e-05,33.19506,0.00010014299,238,238,61,0.00048578126,0.0031304397,7.588855e-06,0.20330726,0
1371,22.85,2.7133146e-07,33.195045,33.195045,-1.4133477e-05,33.195045,0.000100130965,237,237,61,0.00048379516,0.0031208196,7.5659373e-06,0.20330709,0
1372,22.866667,2.6971216e-07,33.195038,33.195038,-9.644414e-06,33.195038,0.00010016766,237,237,61,0.00048182072,0.0031087026,7.5249623e-06,0.20330697,0
1373,22.883333,2.6759594e-07,33.195023,33.195023,-1.5630094e-05,33.195023,0.00010014746,237,237,61,0.00047954856,0.003098696,7.497872e-06,0.2033068,0
1374,22.9,2.6512015e-07,33.195007,33.195007,-1.5464198e-05,33.195007,0.00010017776,237,237,61,0.00047680837,0.003086312,7.453055e-06,0.2033066,0
1375,22.916666,2.6292477e-07,33.194996,33.194996,-1.1307541e-05,33.194996,0.000100158526,237,237,61,0.0004742976,0.0030731952,7.404468e-06,0.20330639,0
1376,22.933332,2.6066698e-07,33.19498,33.19498,-1.4632705e-05,33.19498,0.00010013205,237,237,61,0.0004717921,0.0030611649,7.3555766e-06,0.20330627,0
1377,22.95,2.5883614e-07,33.19497,33.19497,-1.18059415e-05,33.19497,0.000100142235,237,237,61,0.00046959912,0.0030490712,7.3150118e-06,0.20330611,0
1378,22.966667,2.5660555e-07,33.19495,33.194954,-1.5962718e-05,33.194954,0.00010019745,237,237,61,0.00046722416,0.003035322,7.2847924e-06,0.2033059,0
1379,22.983334,2.553674e-07,33.19494,33.19494,-1.39666645e-05,33.19494,0.0001001714,237,237,61,0.0004654587,0.0030253301,7.251949e-06,0.20330566,0
1380,23,2.5333935e-07,33.194927,33.194927,-1.0143588e-05,33.194927,0.00010013925,237,237,61,0.00046342876,0.00301125,7.2075e-06,0.20330556,0
1381,23.016666,2.5168228e-07,33.194916,33.194916,-1.3468319e-05,33.194916,0.000100152705,237,237,61,0.00046157432,0.0030047975,7.175252e-06,0.2033054,0
1382,23.033333,2.5041294e-07,33.194904,33.194904,-1.1639125e-05,33.194904,0.00010019326,237,237,61,0.0004599683,0.002989532,7.1431828e-06,0.20330524,0
1383,23.05,2.489768e-07,33.194885,33.194885,-1.6128179e-05,33.194885,0.00010016792,237,237,61,0.00045822788,0.0029802911,7.133408e-06,0.20330502,0
1384,23.066668,2.4725037e-07,33.194874,33.194874,-1.3967153e-05,33.194874,0.00010018844,237,237,61,0.00045626645,0.0029704317,7.0820097e-06,0.20330487,0
1385,23.083334,2.454427e-07,33.194866,33.194866,-8.3145615e-06,33.194866,0.000100185774,237,237,61,0.00045407467,0.0029592952,7.052093e-06,0.20330475,0
1386,23.1,2.4353713e-07,33.19485,33.19485,-1.4299842e-05,33.19485,0.000100142715,237,237,61,0.00045179206,0.0029476562,7.005773e-06,0.20330457,0
1387,23.116667,2.415779e-07,33.194836,33.194836,-1.2969856e-05,33.194836,0.000100129815,237,237,61,0.00044955104,0.0029383805,6.9778516e-06,0.2033044,0
1388,23.133333,2.3977424e-07,33.194824,33.194824,-1.363472e-05,33.194824,0.00010017133,237,237,61,0.00044729328,0.0029265718,6.942456e-06,0.20330416,0
1389,23.15,2.3815204e-07,33.194813,33.194813,-1.1971988e-05,33.194813,0.00010011303,237,237,61,0.00044531556,0.0029148923,6.8886106e-06,0.20330401,0
1390,23.166666,2.3664978e-07,33.194798,33.194798,-1.3301908e-05,33.194798,0.000100128265,237,237,61,0.00044341455,0.0029042037,6.8561026e-06,0.20330386,0
1391,23.183332,2.3508903e-07,33.194786,33.194786,-1.3800733e-05,33.194786,0.00010015266,237,237,61,0.0004414394,0.0028924444,6.83431e-06,0.20330364,0
1392,23.2,2.3304973e-07,33.19477,33.19477,-1.2803681e-05,33.19477,0.00010015955,237,237,61,0.0004390412,0.002883984,6.7884853e-06,0.20330347,0
1393,23.216667,2.3098534e-07,33.19476,33.19476,-1.3634981e-05,33.19476,0.00010013978,237,237,61,0.0004365696,0.0028729425,6.757874e-06,0.20330326,0
1394,23.233334,2.2877649e-07,33.194744,33.194744,-1.4632656e-05,33.194744,0.00010011904,237,237,61,0.00043388255,0.0028592828,6.702125e-06,0.20330308,0
1395,23.25,2.2699962e-07,33.194733,33.194733,-1.14733775e-05,33.194733,0.000100165256,237,237,61,0.00043160957,0.002846402,6.655415e-06,0.20330295,0
1396,23.266666,2.254148e-07,33.194717,33.194717,-1.3800756e-05,33.194717,0.00010016402,235,235,60,0.00042956916,0.0028378512,6.6275143e-06,0.20330276,0
1397,23.283333,2.2372645e-07,33.194706,33.194706,-1.0808269e-05,33.194706,0.0001001796,235,235,60,0.0004275856,0.0028281305,6.585833e-06,0.20330259,0
1398,23.3,2.2182941e-07,33.19469,33.19469,-1.5629874e-05,33.19469,0.000100157245,235,235,60,0.0004251727,0.0028164692,6.557471e-06,0.20330235,0
1399,23.316668,2.2046433e-07,33.194675,33.194675,-1.4798067e-05,33.194675,0.00010013888,235,235,60,0.00042323244,0.0028039122,6.511324e-06,0.20330216,0
1400,23.333334,2.1902873e-07,33.194664,33.194664,-1.14730365e-05,33.194664,0.00010014356,235,235,60,0.00042144317,0.0027962578,6.475261e-06,0.203302,0
1401,23.35,2.1733894e-07,33.194656,33.194656,-1.014325e-05,33.194656,0.00010015534,235,235,60,0.00041923538,0.0027849516,6.4385367e-06,0.20330183,0
1402,23.366667,2.158544e-07,33.19464,33.19464,-1.4299421e-05,33.19464,0.00010020111,235,235,60,0.0004173073,0.0027753767,6.4091114e-06,0.20330162,0
1403,23.383333,2.1430692e-07,33.194626,33.194626,-1.4299484e-05,33.194626,0.000100178586,235,235,60,0.0004152954,0.002764479,6.3712996e-06,0.20330144,0
1404,23.4,2.1266654e-07,33.194614,33.194614,-1.2803282e-05,33.194614,0.000100156176,235,235,60,0.0004131871,0.002754851,6.339577e-06,0.20330125,0
1405,23.416666,2.1115771e-07,33.194603,33.194603,-1.180562e-05,33.194603,0.00010017992,235,235,60,0.00041121177,0.0027457315,6.300821e-06,0.20330106,0
1406,23.433332,2.0961016e-07,33.194588,33.194588,-1.5962036e-05,33.194588,0.00010016834,235,235,60,0.00040916237,0.00273594,6.279256e-06,0.20330079,0
1407,23.45,2.0804478e-07,33.194572,33.194572,-1.4632013e-05,33.194572,0.00010013354,235,235,60,0.000407047,0.002724451,6.237557e-06,0.20330055,0
1408,23.466667,2.0625188e-07,33.19456,33.19456,-9.478333e-06,33.19456,0.0001001717,235,235,60,0.000404764,0.0027145194,6.1801807e-06,0.20330048,0
1409,23.483334,2.0450418e-07,33.19455,33.19455,-1.3135899e-05,33.19455,0.00010019809,235,235,60,0.00040243578,0.0027037703,6.14812e-06,0.20330028,0
1410,23.5,2.0284564e-07,33.19454,33.19454,-1.1307004e-05,33.19454,0.00010016693,235,235,60,0.00040019437,0.0026920552,6.1090436e-06,0.2033001,0
1411,23.516666,2.013481e-07,33.19452,33.19452,-1.6793261e-05,33.19452,0.000100174744,235,235,60,0.00039816968,0.0026821964,6.087299e-06,0.20329982,0
1412,23.533333,1.9985495e-07,33.19451,33.19451,-1.0143053e-05,33.19451,0.00010014555,235,235,60,0.0003961419,0.0026729533,6.0239295e-06,0.20329969,0
1413,23.55,1.9837194e-07,33.194496,33.194496,-1.5463205e-05,33.194496,0.00010015408,235,235,60,0.00039421226,0.0026641202,6.0117586e-06,0.20329946,0
1414,23.566668,1.9681016e-07,33.19448,33.19448,-1.2969458e-05,33.19448,0.000100123776,235,235,60,0.0003920573,0.0026539967,5.9735153e-06,0.20329922,0
1415,23.583334,1.9513654e-07,33.194473,33.194473,-1.0143233e-05,33.194473,0.00010015938,235,235,60,0.0003897552,0.0026423805,5.927347e-06,0.20329903,0
1416,23.6,1.9359862e-07,33.194458,33.194458,-1.3966965e-05,33.194458,0.000100193465,235,235,60,0.00038758563,0.0026319653,5.8881506e-06,0.20329885,0
1417,23.616667,1.9226168e-07,33.194443,33.194443,-1.4299274e-05,33.194443,0.000100174744,235,235,60,0.00038570358,0.0026223122,5.857166e-06,0.20329864,0
1418,23.633333,1.9108403e-07,33.19443,33.19443,-1.2636564e-05,33.19443,0.0001001639,235,235,60,0.00038403386,0.0026137966,5.820917e-06,0.20329846,0
1419,23.65,1.8986955e-07,33.194416,33.194416,-1.3800386e-05,33.194416,0.000100192505,235,235,60,0.00038232942,0.0026048764,5.7949846e-06,0.20329827,0
1420,23.666666,1.8864863e-07,33.194405,33.194405,-1.1805331e-05,33.194405,0.00010016115,235,235,60,0.00038050686,0.0025953057,5.7607604e-06,0.20329808,0
1421,23.683332,1.8750995e-07,33.194393,33.194393,-1.313529e-05,33.194393,0.00010017534,235,235,60,0.00037890128,0.0025873648,5.7370567e-06,0.20329782,0
1422,23.7,1.8623463e-07,33.194378,33.194378,-1.3467937e-05,33.194378,0.00010018478,235,235,60,0.0003770399,0.0025780725,5.6986923e-06,0.20329763,0
1423,23.716667,1.8484091e-07,33.194363,33.194366,-1.4465586e-05,33.194366,0.000100165926,235,235,60,0.00037510908,0.0025691707,5.6656318e-06,0.20329744,0
1424,23.733334,1.8336998e-07,33.19435,33.19435,-1.1639327e-05,33.19435,0.00010016525,235,235,60,0.00037294993,0.0025594712,5.63395e-06,0.20329723,0
1425,23.75,1.821474e-07,33.19434,33.19434,-1.2802864e-05,33.19434,0.00010019998,235,235,60,0.0003712019,0.0025497263,5.6013623e-06,0.203297,0
1426,23.766666,1.8080081e-07,33.19433,33.19433,-1.3468009e-05,33.19433,0.00010017343,235,235,60,0.00036919033,0.0025407593,5.558952e-06,0.20329681,0
1427,23.783333,1.79257e-07,33.194313,33.194313,-1.230442e-05,33.194313,0.00010013733,235,235,60,0.00036704424,0.0025321625,5.5247574e-06,0.2032966,0
1428,23.8,1.7778187e-07,33.1943,33.1943,-1.1140565e-05,33.1943,0.00010013156,235,235,60,0.00036482923,0.0025201119,5.485288e-06,0.20329641,0
1429,23.816668,1.7672056e-07,33.19429,33.19429,-1.4298998e-05,33.19429,0.00010018647,235,235,60,0.00036321828,0.0025111407,5.457178e-06,0.20329617,0
1430,23.833334,1.7526439e-07,33.19428,33.19428,-1.0808037e-05,33.19428,0.00010012317,235,235,60,0.00036118284,0.0025045313,5.4179627e-06,0.203296,0
1431,23.85,1.7428542e-07,33.194267,33.194267,-1.1638835e-05,33.194267,0.00010017518,235,235,60,0.0003595499,0.00249403,5.388321e-06,0.2032958,0
1432,23.866667,1.7341144e-07,33.194252,33.194252,-1.3800046e-05,33.194252,0.00010015259,235,235,60,0.0003582224,0.002487012,5.3654794e-06,0.20329557,0
1433,23.883333,1.7236457e-07,33.19424,33.19424,-1.3633963e-05,33.19424,0.00010016414,235,235,60,0.00035671904,0.002481265,5.343037e-06,0.20329534,0
1434,23.9,1.711863e-07,33.194225,33.194225,-1.446537e-05,33.194225,0.00010016175,235,235,60,0.00035488073,0.0024716323,5.307881e-06,0.20329508,0
1435,23.916666,1.6990359e-07,33.194218,33.194218,-7.649017e-06,33.194218,0.00010014375,236,236,60,0.00035285234,0.0024613836,5.257048e-06,0.20329499,0
1436,23.933332,1.6898593e-07,33.194202,33.194202,-1.380009e-05,33.194202,0.00010019289,236,236,60,0.00035140576,0.0024525083,5.247652e-06,0.20329474,0
1437,23.95,1.6821247e-07,33.19419,33.19419,-1.2802415e-05,33.19419,0.00010017524,236,236,60,0.00035013113,0.0024460992,5.21813e-06,0.20329452,0
1438,23.966667,1.6716048e-07,33.194176,33.194176,-1.2968948e-05,33.194176,0.00010014686,236,236,60,0.00034854596,0.002438757,5.1832e-06,0.20329434,0
1439,23.983334,1.6563484e-07,33.19416,33.194164,-1.4964483e-05,33.194164,0.00010017806,236,236,60,0.00034624338,0.0024294292,5.1653415e-06,0.2032941,0
1440,24,1.6429821e-07,33.19415,33.194153,-1.1472937e-05,33.194153,0.00010016164,236,236,60,0.0003442323,0.0024202398,5.1237294e-06,0.20329387,0
1441,24.016666,1.6320988e-07,33.194138,33.194138,-1.346775e-05,33.194138,0.00010013201,236,236,60,0.00034246565,0.0024097718,5.084192e-06,0.20329365,0
1442,24.033333,1.6212476e-07,33.194122,33.194122,-1.4299022e-05,33.194122,0.00010015613,236,236,60,0.00034077224,0.00240268,5.056594e-06,0.20329341,0
1443,24.05,1.6107809e-07,33.19411,33.19411,-1.2636433e-05,33.19411,0.00010016166,236,236,60,0.00033902773,0.0023942033,5.030178e-06,0.20329317,0
1444,24.066668,1.6023313e-07,33.194096,33.194096,-1.3966272e-05,33.194096,0.000100173245,236,236,60,0.00033757408,0.0023856428,4.9979376e-06,0.20329294,0
1445,24.083334,1.5900399e-07,33.19408,33.194084,-1.4299166e-05,33.194084,0.00010013139,236,236,60,0.00033583076,0.0023746057,4.971766e-06,0.2032927,0
1446,24.1,1.5833196e-07,33.194073,33.194073,-1.0308487e-05,33.194073,0.00010020238,236,236,60,0.00033511792,0.0023626662,4.935507e-06,0.20329255,0
1447,24.116667,1.5815385e-07,33.19406,33.19406,-1.1970544e-05,33.19406,0.00010014838,236,236,60,0.0003344024,0.002356508,4.929967e-06,0.20329234,0
1448,24.133333,1.5751765e-07,33.194046,33.194046,-1.2137257e-05,33.194046,0.000100155215,236,236,60,0.00033350117,0.0023527865,4.924305e-06,0.20329209,0
1449,24.15,1.567805e-07,33.194035,33.194035,-1.2303613e-05,33.194035,0.00010013342,236,236,60,0.00033213178,0.002343409,4.8960637e-06,0.20329191,0
1450,24.166666,1.5605804e-07,33.194023,33.194023,-1.2968619e-05,33.194023,0.000100184574,236,236,60,0.00033099545,0.0023366525,4.8830166e-06,0.20329167,0
1451,24.183332,1.5495475e-07,33.19401,33.19401,-9.145133e-06,33.19401,0.00010012991,236,236,60,0.00032924084,0.0023306313,4.846008e-06,0.20329148,0
1452,24.2,1.5367485e-07,33.194,33.194,-1.2137901e-05,33.194,0.00010014033,236,236,60,0.0003272641,0.0023225008,4.813824e-06,0.20329128,0
1453,24.216667,1.5256143e-07,33.193985,33.193985,-1.4964071e-05,33.193985,0.00010012915,236,236,60,0.00032538892,0.0023138095,4.7898125e-06,0.20329101,0
1454,24.233334,1.5145318e-07,33.193974,33.193974,-1.313526e-05,33.193974,0.00010013143,236,236,60,0.00032349597,0.0023035496,4.7531094e-06,0.20329079,0
1455,24.25,1.5067603e-07,33.193962,33.193962,-1.2303653e-05,33.193962,0.00010015397,236,236,60,0.0003220862,0.0022962734,4.7232643e-06,0.20329055,0
1456,24.266666,1.4977823e-07,33.193947,33.193947,-1.3135049e-05,33.193947,0.0001001186,236,236,60,0.00032062174,0.0022884544,4.688684e-06,0.20329036,0
1457,24.283333,1.4888863e-07,33.193935,33.193935,-1.3467551e-05,33.193935,0.00010012514,236,236,60,0.00031918375,0.0022831855,4.6732075e-06,0.2032901,0
1458,24.3,1.4790078e-07,33.193924,33.193924,-1.1971354e-05,33.193924,0.00010013548,236,236,60,0.00031751377,0.0022747489,4.640375e-06,0.2032899,0
1459,24.316668,1.4744835e-07,33.19391,33.19391,-1.2635838e-05,33.19391,0.0001001405,236,236,60,0.0003165661,0.0022669649,4.616895e-06,0.20328966,0
1460,24.333334,1.470038e-07,33.193897,33.1939,-1.0474515e-05,33.1939,0.0001001442,236,236,60,0.00031570636,0.002260658,4.5933866e-06,0.20328946,0
1461,24.35,1.4607406e-07,33.193886,33.193886,-1.3800101e-05,33.193886,0.000100120844,236,236,60,0.0003141828,0.0022548265,4.5838783e-06,0.20328921,0
1462,24.366667,1.4521939e-07,33.193874,33.193874,-1.1139945e-05,33.193874,0.00010014231,236,236,60,0.00031264962,0.002246261,4.5462702e-06,0.20328902,0
1463,24.383333,1.441833e-07,33.19386,33.19386,-1.3633953e-05,33.19386,0.00010016476,236,236,60,0.0003109547,0.0022392075,4.521458e-06,0.20328878,0
1464,24.4,1.430569e-07,33.193848,33.193848,-1.2470257e-05,33.193848,0.000100157595,236,236,60,0.00030897104,0.0022302968,4.489789e-06,0.20328853,0
1465,24.416666,1.4221047e-07,33.193832,33.193832,-1.4963804e-05,33.193832,0.000100161575,236,236,60,0.0003074101,0.0022223282,4.463652e-06,0.20328826,0
1466,24.433332,1.411734e-07,33.19382,33.19382,-1.2137658e-05,33.19382,0.000100151956,236,236,60,0.000305642,0.002215655,4.4216654e-06,0.20328803,0
1467,24.45,1.4029018e-07,33.19381,33.19381,-1.2303759e-05,33.19381,0.0001001264,236,236,60,0.0003040601,0.0022087954,4.3953037e-06,0.2032878,0
1468,24.466667,1.3947121e-07,33.193798,33.193798,-1.0807399e-05,33.193798,0.00010013798,236,236,60,0.00030266703,0.0022031667,4.363797e-06,0.20328757,0
1469,24.483334,1.3870232e-07,33.193787,33.193787,-1.0474839e-05,33.193787,0.00010012747,236,236,60,0.00030122473,0.0021951508,4.336148e-06,0.20328738,0
1470,24.5,1.379524e-07,33.193775,33.193775,-1.3301156e-05,33.193775,0.00010014601,236,236,60,0.00029996326,0.0021917329,4.3164996e-06,0.20328714,0
1471,24.516666,1.3710574e-07,33.19376,33.19376,-1.2802488e-05,33.19376,0.00010014622,236,236,60,0.0002983849,0.0021838304,4.296796e-06,0.20328689,0
1472,24.533333,1.3616362e-07,33.19375,33.19375,-1.1472543e-05,33.19375,0.00010014443,236,236,60,0.0002966523,0.0021768399,4.2630527e-06,0.20328666,0
1473,24.55,1.3516389e-07,33.193737,33.193737,-1.2303875e-05,33.193737,0.00010013193,236,236,60,0.00029490513,0.0021705877,4.2286315e-06,0.20328645,0
1474,24.566668,1.3450693e-07,33.19372,33.19372,-1.4464849e-05,33.19372,0.0001001404,236,236,60,0.00029347374,0.002160076,4.2023717e-06,0.2032862,0
1475,24.583334,1.3383699e-07,33.193714,33.193714,-9.643465e-06,33.193714,0.00010013841,236,236,60,0.0002923752,0.0021576046,4.1734606e-06,0.20328602,0
1476,24.6,1.332321e-07,33.1937,33.1937,-1.3301012e-05,33.1937,0.00010015435,236,236,60,0.00029120612,0.0021515621,4.1615144e-06,0.20328575,0
1477,24.616667,1.3274835e-07,33.193687,33.193687,-1.1472084e-05,33.193687,0.00010014264,236,236,60,0.00029016373,0.0021458522,4.135119e-06,0.20328553,0
1478,24.633333,1.3207948e-07,33.193676,33.193676,-1.16385245e-05,33.193676,0.000100172365,236,236,60,0.00028900115,0.0021410312,4.1127596e-06,0.20328532,0
1479,24.65,1.31561e-07,33.19366,33.19366,-1.5295986e-05,33.19366,0.00010014266,236,236,60,0.00028800056,0.0021361934,4.1139388e-06,0.203285,0
1480,24.666666,1.3088572e-07,33.19365,33.193653,-1.0474745e-05,33.193653,0.00010013751,236,236,60,0.00028676217,0.002130917,4.0636805e-06,0.20328483,0
1481,24.683332,1.303539e-07,33.193638,33.193638,-1.51297445e-05,33.193638,0.00010015399,236,236,60,0.0002855374,0.002123382,4.058509e-06,0.20328455,0
1482,24.7,1.299525e-07,33.193623,33.193623,-1.2968298e-05,33.193623,0.00010014796,236,236,60,0.0002847977,0.0021203207,4.0408067e-06,0.20328431,0
1483,24.716667,1.2927843e-07,33.19361,33.19361,-1.263606e-05,33.19361,0.00010014131,236,236,60,0.00028348708,0.00211395,4.020993e-06,0.20328404,0
1484,24.733334,1.28423e-07,33.193596,33.193596,-1.5628833e-05,33.193596,0.00010012995,236,236,60,0.000281925,0.0021086838,3.995007e-06,0.20328377,0
1485,24.75,1.2770775e-07,33.19359,33.19359,-7.648449e-06,33.19359,0.0001001557,236,236,60,0.00028049338,0.002102275,3.951943e-06,0.20328362,0
1486,24.766666,1.2703477e-07,33.193577,33.193577,-1.0807254e-05,33.193577,0.00010017802,236,236,60,0.0002791506,0.0020957147,3.946374e-06,0.20328334,0
1487,24.783333,1.2641658e-07,33.19356,33.19356,-1.4631065e-05,33.19356,0.00010013095,236,236,60,0.00027790765,0.002090212,3.9112297e-06,0.20328313,0
1488,24.8,1.2577463e-07,33.19355,33.19355,-1.0142202e-05,33.19355,0.00010012796,236,236,60,0.00027661593,0.0020845423,3.883202e-06,0.20328291,0
1489,24.816668,1.2509433e-07,33.19354,33.19354,-1.4132363e-05,33.19354,0.000100172394,236,236,60,0.00027531086,0.0020783672,3.870859e-06,0.20328265,0
1490,24.833334,1.2429571e-07,33.193523,33.193523,-1.3301205e-05,33.193523,0.000100161094,236,236,60,0.00027382254,0.0020739536,3.854662e-06,0.20328233,0
1491,24.85,1.2388628e-07,33.193512,33.193512,-1.2303285e-05,33.193512,0.000100184705,236,236,60,0.000272804,0.0020661587,3.8059452e-06,0.20328215,0
1492,24.866667,1.2338565e-07,33.193497,33.193497,-1.4464693e-05,33.193497,0.0001001664,236,236,60,0.0002718926,0.0020633573,3.813452e-06,0.20328183,0
1493,24.883333,1.2288575e-07,33.193485,33.193485,-1.1638355e-05,33.193485,0.00010014792,236,236,60,0.00027090753,0.0020598606,3.7755394e-06,0.20328166,0
1494,24.9,1.224589e-07,33.193474,33.193474,-1.2635813e-05,33.193474,0.000100117264,236,236,60,0.00026995578,0.0020538156,3.770544e-06,0.20328139,0
1495,24.916666,1.2191623e-07,33.193462,33.193462,-1.1804654e-05,33.193462,0.00010016841,236,236,60,0.0002688945,0.0020494587,3.7485008e-06,0.20328113,0
1496,24.933332,1.214949e-07,33.193447,33.193447,-1.3134572e-05,33.193447,0.00010014447,236,236,60,0.00026796694,0.0020444768,3.7336479e-06,0.20328088,0
1497,24.95,1.2117893e-07,33.193436,33.193436,-1.1804426e-05,33.193436,0.00010014041,236,236,60,0.00026715573,0.002038995,3.709449e-06,0.20328066,0
1498,24.966667,1.2055193e-07,33.193428,33.193428,-8.479636e-06,33.193428,0.000100170735,236,236,60,0.0002660276,0.0020372476,3.6854333e-06,0.20328046,0
1499,24.983334,1.1991395e-07,33.193413,33.193413,-1.4797341e-05,33.193413,0.00010017037,236,236,60,0.00026463534,0.0020301766,3.6788363e-06,0.20328018,0
1500,25,1.193752e-07,33.1934,33.1934,-1.3300945e-05,33.1934,0.00010014267,236,236,60,0.000263492,0.002024947,3.6471333e-06,0.20327991,0
1501,25.016666,1.1898682e-07,33.193386,33.193386,-1.3633305e-05,33.193386,0.00010015913,236,236,60,0.00026257453,0.002019427,3.6373235e-06,0.20327961,0
1502,25.033333,1.1843364e-07,33.19338,33.19338,-9.144583e-06,33.19338,0.000100125704,236,236,60,0.00026151515,0.0020157713,3.5996281e-06,0.20327942,0
1503,25.05,1.18047566e-07,33.193363,33.193363,-1.3134538e-05,33.193363,0.000100135476,236,236,60,0.0002606035,0.0020103594,3.5916448e-06,0.20327917,0
1504,25.066668,1.17526035e-07,33.19335,33.19335,-1.0807102e-05,33.19335,0.00010016376,236,236,60,0.0002595895,0.0020080525,3.5751175e-06,0.20327891,0
1505,25.083334,1.1717596e-07,33.19334,33.19334,-1.2469482e-05,33.19334,0.00010011222,236,236,60,0.0002587893,0.0020031596,3.5478395e-06,0.20327872,0
1506,25.1,1.1661227e-07,33.193325,33.193325,-1.5129776e-05,33.193325,0.000100150646,236,236,60,0.0002575517,0.0019961242,3.543472e-06,0.20327844,0
1507,25.116667,1.1605422e-07,33.193317,33.193317,-9.643352e-06,33.193317,0.000100134195,236,236,60,0.00025635434,0.0019920357,3.5147873e-06,0.2032782,0
1508,25.133333,1.1577042e-07,33.193302,33.193302,-1.2469415e-05,33.193302,0.00010015947,236,236,60,0.00025564453,0.0019873371,3.4986463e-06,0.20327795,0
1509,25.15,1.1541029e-07,33.193295,33.193295,-9.643155e-06,33.193295,0.000100161174,236,236,60,0.00025487092,0.0019842733,3.479839e-06,0.20327774,0
1510,25.166666,1.1499794e-07,33.19328,33.19328,-1.59609e-05,33.19328,0.000100155805,236,236,60,0.00025396913,0.001980059,3.4800821e-06,0.20327744,0
1511,25.183332,1.1465854e-07,33.193268,33.193268,-9.476879e-06,33.193268,0.000100176585,236,236,60,0.00025289087,0.0019689747,3.4430147e-06,0.20327722,0
1512,25.2,1.1465027e-07,33.193256,33.193256,-1.0474078e-05,33.193256,0.000100164,236,236,60,0.0002527708,0.0019675067,3.431447e-06,0.20327699,0
1513,25.216667,1.1380767e-07,33.193245,33.193245,-1.3800014e-05,33.193245,0.000100162106,236,236,60,0.00025181856,0.0019682448,3.4297314e-06,0.20327671,0
1514,25.233334,1.13158755e-07,33.19323,33.19323,-1.280229e-05,33.19323,0.00010012825,236,236,60,0.00025042842,0.001962021,3.4002876e-06,0.20327646,0
1515,25.25,1.1257714e-07,33.19322,33.19322,-1.19709475e-05,33.19322,0.00010017103,236,236,60,0.00024914194,0.0019566927,3.378745e-06,0.20327619,0
1516,25.266666,1.119888e-07,33.193207,33.193207,-1.0807169e-05,33.193207,0.00010015286,236,236,60,0.00024778894,0.0019517936,3.3462036e-06,0.203276,0
1517,25.283333,1.1166723e-07,33.193195,33.193195,-1.4797024e-05,33.193195,0.00010016038,236,236,60,0.00024686463,0.0019450712,3.3316483e-06,0.20327571,0
1518,25.3,1.1155126e-07,33.19318,33.19318,-1.2469247e-05,33.19318,0.000100160505,236,236,60,0.0002465845,0.0019425699,3.328111e-06,0.2032754,0
1519,25.316668,1.11361516e-07,33.19317,33.19317,-1.2968086e-05,33.19317,0.00010017153,236,236,60,0.00024612973,0.0019405284,3.3098324e-06,0.20327516,0
1520,25.333334,1.1085427e-07,33.193153,33.193153,-1.3467169e-05,33.193153,0.00010013878,236,236,60,0.00024499506,0.0019364344,3.293985e-06,0.2032749,0
1521,25.35,1.1061172e-07,33.193146,33.193146,-1.08068225e-05,33.193146,0.00010014848,236,236,60,0.00024432226,0.0019332325,3.2767662e-06,0.20327465,0
1522,25.366667,1.1039276e-07,33.193127,33.193127,-1.8787043e-05,33.193127,0.00010016525,236,236,60,0.00024387105,0.0019295521,3.2853268e-06,0.20327431,0
1523,25.383333,1.1006832e-07,33.193115,33.193115,-8.978099e-06,33.193115,0.00010014283,236,236,60,0.00024305086,0.0019264016,3.2511875e-06,0.2032741,0
1524,25.4,1.0978848e-07,33.193108,33.193108,-7.814268e-06,33.193108,0.00010013217,236,236,60,0.00024231031,0.0019213296,3.2326443e-06,0.20327388,0
1525,25.416666,4.115122e-07,33.193085,33.193085,-2.2641478e-05,33.193085,0.000100175836,238,238,61,0.00041857,0.0030597914,3.7376665e-06,0.20327349,0
1526,25.433332,1.8942261e-06,33.19307,33.19307,-1.4976539e-05,33.19307,0.00010017234,238,238,61,0.0010944803,0.003348081,1.2950373e-05,0.20327324,0
1527,25.45,3.491717e-06,33.19305,33.193054,-1.835312e-05,33.193054,0.00010022437,238,238,61,0.0015281476,0.0041013323,2.219122e-05,0.20327288,0
1528,25.466667,4.947487e-06,33.193035,33.19304,-1.2509657e-05,33.19304,0.00010022913,238,238,61,0.0018391374,0.0049116695,2.8371805e-05,0.20327264,0
1529,25.483334,6.136682e-06,33.19302,33.193027,-1.2277466e-05,33.193027,0.00010024019,238,238,61,0.0020596082,0.005474429,3.2738753e-05,0.20327239,0
1530,25.5,7.054547e-06,33.19301,33.193012,-1.3878836e-05,33.193012,0.00010025766,238,238,61,0.0022189806,0.006022639,3.587143e-05,0.2032721,0
1531,25.516666,7.707576e-06,33.19299,33.192997,-1.6138734e-05,33.192997,0.00010029529,238,238,61,0.0023226994,0.0061980225,3.8038113e-05,0.20327185,0
1532,25.533333,8.142484e-06,33.192978,33.192986,-1.2366732e-05,33.192986,0.000100235484,238,238,61,0.0023905055,0.006445385,3.9444767e-05,0.2032716,0
1533,25.55,8.386506e-06,33.19296,33.192966,-1.7379018e-05,33.192966,0.000100242425,238,238,61,0.002428767,0.00656119,4.0297877e-05,0.20327142,0
1534,25.566668,8.460371e-06,33.192944,33.192955,-1.4722837e-05,33.192955,0.00010027358,238,238,61,0.0024418863,0.0066445107,4.0713065e-05,0.20327123,0
1535,25.583334,8.405029e-06,33.192932,33.19294,-1.1693198e-05,33.19294,0.00010024031,238,238,61,0.0024329186,0.006539882,4.0747855e-05,0.20327102,0
1536,25.6,8.266556e-06,33.192917,33.192924,-1.576645e-05,33.192924,0.00010020425,238,238,61,0.0024134456,0.0065653017,4.049719e-05,0.20327081,0
1537,25.616667,8.042135e-06,33.192905,33.192913,-1.2693551e-05,33.192913,0.000100259116,238,238,61,0.002378035,0.006382142,4.003946e-05,0.20327067,0
1538,25.633333,7.753744e-06,33.19289,33.192898,-1.5085093e-05,33.192898,0.000100253776,238,238,61,0.0023346322,0.0063463417,3.9369163e-05,0.20327045,0
1539,25.65,7.4137665e-06,33.19288,33.192886,-1.2476599e-05,33.192886,0.00010030581,238,238,61,0.0022801124,0.0061950805,3.8531864e-05,0.20327029,0
1540,25.666666,7.0449737e-06,33.192863,33.19287,-1.533175e-05,33.19287,0.000100282785,238,238,61,0.002219084,0.006020296,3.756068e-05,0.20327008,0
1541,25.683332,6.6591087e-06,33.192852,33.19286,-1.1857465e-05,33.19286,0.0001002404,236,236,60,0.0021533298,0.0058289873,3.6502184e-05,0.20326991,0
1542,25.7,6.2671397e-06,33.192837,33.192844,-1.3692375e-05,33.192844,0.000100278194,236,236,60,0.0020854142,0.005620755,3.5384695e-05,0.2032697,0
1543,25.716667,5.8794894e-06,33.192825,33.19283,-1.40205675e-05,33.19283,0.00010026266,236,236,60,0.0020153176,0.005350317,3.4239485e-05,0.2032695,0
1544,25.733334,5.5102373e-06,33.192806,33.192814,-1.7493525e-05,33.192814,0.000100184,235,235,60,0.0019476239,0.0051447516,3.3099976e-05,0.20326918,0
1545,25.75,5.154492e-06,33.192795,33.192802,-1.13285805e-05,33.192802,0.00010017906,235,235,60,0.0018806612,0.0049930927,3.1988428e-05,0.203269,0
1546,25.766666,4.816562e-06,33.192787,33.19279,-1.047949e-05,33.19279,0.0001001951,235,235,60,0.0018157598,0.0049224924,3.0870335e-05,0.20326878,0
1547,25.783333,4.4961926e-06,33.192772,33.192776,-1.4784561e-05,33.192776,0.000100205936,235,235,60,0.0017510661,0.004758514,2.977685e-05,0.20326859,0
1548,25.8,4.199547e-06,33.192757,33.19276,-1.4428327e-05,33.19276,0.0001001676,235,235,60,0.0016885636,0.0045970962,2.8708033e-05,0.20326833,0
1549,25.816668,3.927302e-06,33.192745,33.19275,-1.4237672e-05,33.19275,0.000100289275,235,235,60,0.0016295088,0.0044528916,2.7694216e-05,0.2032681,0
1550,25.833334,3.6768497e-06,33.192734,33.192734,-1.22208185e-05,33.192734,0.00010026986,235,235,60,0.001573216,0.0043168482,2.6728494e-05,0.20326786,0
1551,25.85,3.4450165e-06,33.192715,33.19272,-1.685734e-05,33.19272,0.00010023102,235,235,60,0.0015197417,0.0041885087,2.5809264e-05,0.20326756,0
1552,25.866667,3.2329554e-06,33.192703,33.192703,-1.3678723e-05,33.192703,0.00010020519,235,235,60,0.0014675731,0.0039717657,2.4935085e-05,0.2032673,0
1553,25.883333,3.0531662e-06,33.192688,33.19269,-1.5142747e-05,33.19269,0.00010029501,235,235,60,0.0014242416,0.003955086,2.4142148e-05,0.20326707,0
1554,25.9,2.896098e-06,33.19267,33.192673,-1.7281342e-05,33.192673,0.00010024832,235,235,60,0.0014037591,0.004443643,2.3463848e-05,0.20326675,0
1555,25.916666,3.1078466e-06,33.192642,33.192646,-2.8550381e-05,33.192646,0.000100268175,235,235,60,0.0014375809,0.0040185447,2.3428613e-05,0.2032662,0
1556,25.933332,3.1731663e-06,33.1926,33.192604,-4.016841e-05,33.192604,0.000100279736,234,234,60,0.0015185904,0.004596747,2.4307014e-05,0.20326531,0
1557,25.95,4.1995545e-06,33.19255,33.192554,-4.801886e-05,33.192554,0.00010028929,234,234,60,0.0017334416,0.005080882,2.67424e-05,0.20326422,0
1558,25.966667,5.6694525e-06,33.192486,33.19249,-6.503213e-05,33.19249,0.00010041974,234,234,60,0.0020937894,0.0062094266,3.1530362e-05,0.20326258,0
1559,25.983334,6.7640144e-06,33.192413,33.19242,-6.939759e-05,33.19242,0.000100517645,237,237,61,0.0023007304,0.00703731,3.6434147e-05,0.20326053,0
1560,26,7.346878e-06,33.19235,33.192356,-6.7082954e-05,33.192356,0.000100493795,237,237,61,0.0024128614,0.0073939697,3.9195053e-05,0.2032587,0
1561,26.016666,7.5449802e-06,33.192284,33.19229,-6.497389e-05,33.19229,0.00010047038,237,237,61,0.002452436,0.007581662,4.0373485e-05,0.20325667,0
1562,26.033333,7.5756047e-06,33.192215,33.192223,-6.647141e-05,33.192223,0.00010043786,237,237,61,0.002462266,0.0076715094,4.0774987e-05,0.20325446,0
1563,26.05,7.5254757e-06,33.192154,33.19216,-6.289455e-05,33.19216,0.00010049606,237,237,61,0.0024569798,0.007704333,4.083173e-05,0.20325229,0
1564,26.066668,7.4294308e-06,33.192085,33.192093,-6.560054e-05,33.192093,0.000100454796,237,237,61,0.002441983,0.007696079,4.0689676e-05,0.20325032,0
1565,26.083334,7.282112e-06,33.19202,33.192028,-6.5651824e-05,33.192028,0.000100487196,237,237,61,0.0024177614,0.0076531274,4.0356907e-05,0.20324817,0
1566,26.1,7.093423e-06,33.19196,33.191967,-6.353187e-05,33.191967,0.00010048118,237,237,61,0.0023854931,0.007590007,3.987206e-05,0.2032461,0
1567,26.116667,6.927022e-06,33.191895,33.191902,-6.400835e-05,33.191902,0.00010046369,237,237,61,0.0023560156,0.007522681,3.9359536e-05,0.20324402,0
1568,26.133333,6.777915e-06,33.19183,33.191837,-6.399106e-05,33.191837,0.000100513236,237,237,61,0.002328776,0.007452297,3.887913e-05,0.20324193,0
1569,26.15,6.629802e-06,33.19177,33.191776,-6.116373e-05,33.191776,0.00010045866,237,237,61,0.0023012073,0.007377614,3.842076e-05,0.20323986,0
1570,26.166666,6.4799706e-06,33.191704,33.19171,-6.498931e-05,33.19171,0.00010045065,237,237,61,0.0022728296,0.007306246,3.7949587e-05,0.20323777,0
1571,26.183332,6.331779e-06,33.191647,33.19165,-5.9833765e-05,33.19165,0.00010049424,237,237,61,0.0022438506,0.0072175544,3.7460846e-05,0.20323576,0
1572,26.2,6.1812484e-06,33.191586,33.19159,-6.1166145e-05,33.19159,0.00010052214,237,237,61,0.0022144718,0.0071330224,3.697109e-05,0.20323381,0
1573,26.216667,6.0356e-06,33.19152,33.191525,-6.448636e-05,33.191525,0.00010043485,236,236,61,0.0021851615,0.0070466124,3.6454705e-05,0.20323177,0
1574,26.233334,5.8886503e-06,33.19146,33.191467,-5.866874e-05,33.191467,0.000100561505,236,236,61,0.0021564232,0.006957012,3.5966135e-05,0.20322977,0
1575,26.25,5.746693e-06,33.191402,33.191406,-5.9993785e-05,33.191406,0.000100508754,236,236,61,0.0021271228,0.006870836,3.5474102e-05,0.20322786,0
1576,26.266666,5.6059166e-06,33.191338,33.191345,-6.215392e-05,33.191345,0.00010047563,236,236,61,0.0020977338,0.006790612,3.4960227e-05,0.20322579,0
1577,26.283333,5.4652114e-06,33.19128,33.191284,-5.8828748e-05,33.191284,0.0001004459,236,236,61,0.0020682863,0.006709012,3.4483775e-05,0.20322402,0
1578,26.3,5.3263584e-06,33.191223,33.191227,-5.9325663e-05,33.191227,0.000100456105,236,236,61,0.002034593,0.006638937,3.393835e-05,0.20322217,0
1579,26.316668,5.1853435e-06,33.191162,33.19117,-5.7831527e-05,33.19117,0.000100482415,236,236,61,0.002003925,0.006555998,3.337439e-05,0.20322031,0
1580,26.333334,5.0529256e-06,33.1911,33.19111,-6.0981776e-05,33.19111,0.000100451965,235,235,61,0.001974526,0.006466733,3.2862423e-05,0.20321843,0
1581,26.35,4.9244973e-06,33.191048,33.19105,-5.715392e-05,33.19105,0.00010044017,235,235,61,0.0019459482,0.0063809757,3.2376567e-05,0.20321666,0
1582,26.366667,4.8013903e-06,33.190987,33.19099,-5.8644895e-05,33.19099,0.00010038965,235,235,61,0.0019178634,0.0062968596,3.1875803e-05,0.20321472,0
1583,26.383333,4.6805253e-06,33.19093,33.190937,-5.681385e-05,33.190937,0.00010042478,235,235,61,0.0018901468,0.006214224,3.139936e-05,0.20321289,0
1584,26.4,4.6010896e-06,33.190872,33.19088,-5.7271183e-05,33.19088,0.000100489546,235,235,61,0.0018909608,0.006188819,3.110947e-05,0.20321128,0
1585,26.416666,4.5798297e-06,33.190815,33.19082,-5.9041813e-05,33.19082,0.00010044271,235,235,61,0.0018857449,0.0061718556,3.128611e-05,0.20320944,0
1586,26.433332,4.5252214e-06,33.19076,33.190765,-5.4253764e-05,33.190765,0.000100515805,235,235,61,0.0018728364,0.006123413,3.1112028e-05,0.20320766,0
1587,26.45,4.4696008e-06,33.1907,33.190704,-6.057247e-05,33.190704,0.00010042643,235,235,61,0.0018735621,0.0060040415,3.088295e-05,0.20320584,0
1588,26.466667,4.400834e-06,33.190643,33.190647,-5.7260513e-05,33.190647,0.00010047421,235,235,61,0.0018576145,0.0059548784,3.069717e-05,0.20320405,0
1589,26.483334,4.3145037e-06,33.19059,33.190594,-5.411923e-05,33.190594,0.00010041691,235,235,61,0.0018373664,0.005893908,3.0379675e-05,0.2032023,0
1590,26.5,4.1891954e-06,33.19053,33.190533,-6.030965e-05,33.190533,0.00010048499,236,236,61,0.0017749018,0.0058620865,2.9890209e-05,0.20320058,0
1591,26.516666,3.998599e-06,33.19048,33.190483,-5.0898398e-05,33.190483,0.00010045175,236,236,61,0.0017246956,0.0057247966,2.867199e-05,0.20319878,0
1592,26.533333,3.8716726e-06,33.190426,33.19043,-5.1333493e-05,33.19043,0.000100457415,236,236,61,0.0016920649,0.0056079775,2.8011611e-05,0.2031974,0
1593,26.55,3.7766652e-06,33.190372,33.190376,-5.37954e-05,33.190376,0.0001004591,236,236,61,0.0016673421,0.005516961,2.749882e-05,0.20319578,0
1594,26.566668,3.695843e-06,33.190323,33.190327,-4.879356e-05,33.190327,0.00010042651,236,236,61,0.0016460379,0.0054393187,2.7106651e-05,0.2031943,0
1595,26.583334,3.6202719e-06,33.190273,33.190277,-5.211341e-05,33.190277,0.000100487,236,236,61,0.0016259649,0.0053688544,2.6745256e-05,0.2031928,0
1596,26.6,3.5453959e-06,33.19022,33.190224,-5.1115185e-05,33.190224,0.0001004656,237,237,61,0.0016059733,0.0053019924,2.6383817e-05,0.20319115,0
1597,26.616667,3.470297e-06,33.19017,33.19017,-5.2445448e-05,33.19017,0.000100453355,237,237,61,0.0015857872,0.005237579,2.6041214e-05,0.20318976,0
1598,26.633333,3.3949866e-06,33.19012,33.190125,-4.779052e-05,33.190125,0.00010045344,237,237,61,0.0015653952,0.0051751803,2.5672874e-05,0.20318823,0
1599,26.65,3.3197043e-06,33.19007,33.190075,-4.8621765e-05,33.190075,0.00010044171,237,237,61,0.0015448377,0.00511432,2.532707e-05,0.20318688,0
1600,26.666666,3.2446967e-06,33.190018,33.19002,-5.3442887e-05,33.19002,0.00010041359,236,236,61,0.0015241643,0.0050546997,2.4949259e-05,0.20318526,0
1601,26.683332,3.1702302e-06,33.18997,33.189972,-5.0782266e-05,33.189972,0.00010046539,236,236,61,0.0015034111,0.0049966155,2.4599114e-05,0.2031839,0
1602,26.7,3.0964745e-06,33.18992,33.189922,-4.7955218e-05,33.189922,0.0001004677,236,236,61,0.0014826385,0.004939478,2.4236906e-05,0.20318253,0
1603,26.716667,3.023709e-06,33.189873,33.189873,-4.8785503e-05,33.189873,0.00010041629,236,236,61,0.0014619055,0.004883364,2.3865934e-05,0.203181,0
1604,26.733334,2.9520652e-06,33.18982,33.189823,-5.044693e-05,33.189823,0.00010046104,236,236,61,0.001441231,0.004828464,2.3516928e-05,0.2031797,0
1605,26.75,2.8819213e-06,33.18977,33.189774,-5.1110455e-05,33.189774,0.00010046533,236,236,61,0.0014206808,0.004774864,2.3147019e-05,0.2031782,0
1606,26.766666,2.8126942e-06,33.189724,33.189728,-4.529061e-05,33.189728,0.000100427,236,236,61,0.0014001632,0.004721767,2.2790045e-05,0.20317692,0
1607,26.783333,2.7448466e-06,33.189674,33.189674,-5.177318e-05,33.189674,0.00010045918,235,235,61,0.0013798499,0.0046695513,2.2427805e-05,0.20317538,0
1608,26.8,2.6820874e-06,33.189625,33.18963,-4.8442987e-05,33.18963,0.00010046263,238,238,63,0.0013592336,0.0046155294,2.208728e-05,0.20317414,0
1609,26.816668,2.5876448e-06,33.18957,33.189575,-5.4127344e-05,33.189575,0.000100382334,236,236,62,0.0013257945,0.0045709466,2.1608153e-05,0.20317267,0
1610,26.833334,2.4618228e-06,33.18953,33.18953,-4.2687123e-05,33.18953,0.00010041693,236,236,62,0.0012893187,0.0045577474,2.0944595e-05,0.20317145,0
1611,26.85,2.3842795e-06,33.189484,33.189484,-4.5298926e-05,33.189484,0.00010048137,236,236,62,0.0012681017,0.0045405608,2.0528145e-05,0.2031702,0
1612,26.866667,2.2942459e-06,33.189438,33.189438,-4.6973968e-05,33.189438,0.00010044709,236,236,62,0.0012389248,0.004497939,2.0134252e-05,0.20316891,0
1613,26.883333,2.2019553e-06,33.18939,33.18939,-4.8971284e-05,33.18939,0.000100334335,235,235,62,0.0012078988,0.00444966,1.9594183e-05,0.20316757,0
1614,26.9,2.1231021e-06,33.189346,33.18935,-4.114386e-05,33.18935,0.000100384656,235,235,62,0.0011808751,0.004403878,1.9102245e-05,0.20316634,0
1615,26.916666,2.0498837e-06,33.1893,33.1893,-4.7455917e-05,33.1893,0.00010047663,235,235,62,0.0011552938,0.004353583,1.8635526e-05,0.20316504,0
1616,26.933332,1.9829747e-06,33.18925,33.189255,-4.744961e-05,33.189255,0.00010045722,235,235,62,0.001131459,0.0043031983,1.8199346e-05,0.20316362,0
1617,26.95,1.921822e-06,33.18921,33.18921,-4.3121217e-05,33.18921,0.000100361984,236,236,62,0.001109262,0.0042531327,1.7800066e-05,0.20316245,0
1618,26.966667,1.865332e-06,33.189163,33.189167,-4.394783e-05,33.189167,0.00010036353,236,236,62,0.0010884169,0.0042040325,1.7425406e-05,0.2031612,0
1619,26.983334,1.8128005e-06,33.189117,33.18912,-4.577268e-05,33.18912,0.0001004712,236,236,62,0.00106871,0.004155867,1.705757e-05,0.20315993,0
1620,27,1.7634131e-06,33.18907,33.189075,-4.5270768e-05,33.189075,0.000100385325,236,236,62,0.0010499123,0.0041087084,1.6717884e-05,0.2031587,0
1621,27.016666,1.7152361e-06,33.18903,33.18903,-4.493705e-05,33.18903,0.00010042771,236,236,62,0.0010295738,0.004057797,1.6371983e-05,0.20315742,0
1622,27.033333,1.666678e-06,33.188984,33.188988,-4.4438664e-05,33.188988,0.00010039596,236,236,62,0.0010106249,0.0040129093,1.601063e-05,0.20315628,0
1623,27.05,1.6236224e-06,33.188942,33.188942,-4.4100652e-05,33.188942,0.00010040135,236,236,62,0.0009938085,0.0039703427,1.5693611e-05,0.20315504,0
1624,27.066668,1.5833955e-06,33.188896,33.188896,-4.4762844e-05,33.188896,0.0001004313,236,236,62,0.0009779118,0.0039291135,1.538593e-05,0.20315371,0
1625,27.083334,1.5452185e-06,33.188847,33.18885,-4.7088364e-05,33.18885,0.00010041603,237,237,62,0.00096262526,0.0038885153,1.5108965e-05,0.20315248,0
1626,27.1,1.5085725e-06,33.188805,33.18881,-4.2597945e-05,33.18881,0.00010038523,237,237,62,0.000947764,0.0038485865,1.483906e-05,0.20315135,0
1627,27.116667,1.4732333e-06,33.18876,33.188763,-4.558923e-05,33.188763,0.00010045211,237,237,62,0.0009332799,0.0038091436,1.4562766e-05,0.20315015,0
1628,27.133333,1.4391858e-06,33.18871,33.188713,-4.9411807e-05,33.188713,0.00010039609,237,237,62,0.00091914425,0.0037702043,1.4296477e-05,0.20314877,0
1629,27.15,1.4062012e-06,33.18867,33.18867,-4.0931733e-05,33.18867,0.000100406454,237,237,62,0.0009052985,0.0037317749,1.4046193e-05,0.2031477,0
1630,27.166666,1.3743144e-06,33.18863,33.18863,-4.1096893e-05,33.18863,0.000100412406,237,237,62,0.0008917529,0.0036940149,1.3795292e-05,0.20314652,0
1631,27.183332,1.3432802e-06,33.188583,33.188587,-4.3922377e-05,33.188587,0.00010033009,237,237,62,0.0008784246,0.003656831,1.3542825e-05,0.2031453,0
1632,27.2,1.3129712e-06,33.188538,33.188538,-4.724675e-05,33.188538,0.00010044715,237,237,62,0.00086524774,0.003619956,1.3296158e-05,0.20314407,0
1633,27.216667,1.2833787e-06,33.188496,33.188496,-4.2590895e-05,33.188496,0.0001003936,235,235,61,0.00085224526,0.0035834257,1.3050111e-05,0.20314291,0
1634,27.233334,1.2545948e-06,33.188454,33.188454,-4.2423828e-05,33.188454,0.00010046498,235,235,61,0.0008394454,0.0035474726,1.2812605e-05,0.2031417,0
1635,27.25,1.2271527e-06,33.188408,33.188408,-4.6578865e-05,33.188408,0.000100445846,235,235,61,0.0008278143,0.003486195,1.2573851e-05,0.20314048,0
1636,27.266666,1.2014045e-06,33.188366,33.188366,-4.2254538e-05,33.188366,0.00010033377,235,235,61,0.00081891054,0.0034525483,1.2387584e-05,0.20313938,0
1637,27.283333,1.1788244e-06,33.18832,33.18832,-4.557647e-05,33.18832,0.000100443365,235,235,61,0.00080946786,0.00342402,1.222106e-05,0.20313813,0
1638,27.3,1.1562697e-06,33.188274,33.188274,-4.3913897e-05,33.188274,0.0001003532,235,235,61,0.00079942564,0.00339484,1.202987e-05,0.2031369,0
1639,27.316668,1.1334805e-06,33.188236,33.188236,-3.925899e-05,33.188236,0.00010042441,235,235,61,0.0007889617,0.0033647697,1.1840626e-05,0.20313586,0
1640,27.333334,1.1105924e-06,33.188187,33.18819,-4.7738096e-05,33.18819,0.00010035578,237,237,62,0.0007782682,0.003334408,1.1637769e-05,0.20313454,0
1641,27.35,1.0878931e-06,33.18815,33.188152,-3.8095113e-05,33.188152,0.000100399535,237,237,62,0.0007675171,0.0033039667,1.1430154e-05,0.20313354,0
1642,27.366667,1.065532e-06,33.188103,33.188107,-4.5576253e-05,33.188107,0.000100351535,237,237,62,0.00075682753,0.003273317,1.1226309e-05,0.20313235,0
1643,27.383333,1.04366e-06,33.188057,33.188057,-4.773708e-05,33.188057,0.000100352576,237,237,62,0.0007464623,0.0032423434,1.1019551e-05,0.20313111,0
1644,27.4,1.0225064e-06,33.18802,33.18802,-3.8758586e-05,33.18802,0.00010037026,237,237,62,0.00073632295,0.0032117064,1.0817418e-05,0.20313005,0
1645,27.416666,1.0019776e-06,33.187973,33.187973,-4.49094e-05,33.187973,0.00010043534,238,238,62,0.00072637707,0.003181603,1.0624077e-05,0.20312892,0
1646,27.433332,9.81942e-07,33.18793,33.187935,-4.0586274e-05,33.187935,0.00010038579,238,238,62,0.0007165951,0.003152017,1.0431514e-05,0.20312776,0
1647,27.45,9.62416e-07,33.18789,33.18789,-4.4243377e-05,33.18789,0.00010039786,238,238,62,0.00070695614,0.0031228443,1.0242369e-05,0.20312662,0
1648,27.466667,9.4347286e-07,33.187843,33.187843,-4.3910284e-05,33.187843,0.00010034252,238,238,62,0.00069753395,0.0030943588,1.0051476e-05,0.20312537,0
1649,27.483334,9.25033e-07,33.1878,33.1878,-4.424229e-05,33.1878,0.000100417135,237,237,61,0.0006882241,0.0030656713,9.855039e-06,0.20312433,0
1650,27.5,9.071226e-07,33.18776,33.18776,-4.091666e-05,33.18776,0.00010045183,237,237,61,0.00068047823,0.0030393263,9.67557e-06,0.20312323,0
1651,27.516666,8.895584e-07,33.187717,33.187717,-4.108257e-05,33.187717,0.00010040054,237,237,61,0.0006734164,0.0030116145,9.489219e-06,0.20312211,0
1652,27.533333,8.72595e-07,33.187675,33.187675,-4.307703e-05,33.187675,0.00010039224,237,237,61,0.0006665057,0.0029844448,9.310127e-06,0.20312093,0
1653,27.55,8.56147e-07,33.18763,33.18763,-4.656787e-05,33.18763,0.000100382815,237,237,61,0.0006597255,0.002957826,9.128192e-06,0.2031198,0
1654,27.566668,8.402288e-07,33.187588,33.187588,-4.0914667e-05,33.187588,0.00010032803,237,237,61,0.0006530825,0.002931804,8.950501e-06,0.2031187,0
1655,27.583334,8.2485343e-07,33.187542,33.187546,-4.3906715e-05,33.187546,0.00010042153,237,237,61,0.0006465826,0.0029061057,8.780157e-06,0.20311756,0
1656,27.6,8.098457e-07,33.187504,33.187504,-3.941746e-05,33.187504,0.00010039573,237,237,61,0.0006401649,0.0028810836,8.609248e-06,0.2031165,0
1657,27.616667,7.952596e-07,33.18746,33.18746,-4.3407163e-05,33.18746,0.00010038527,237,237,61,0.000633851,0.0028564476,8.448802e-06,0.20311539,0
1658,27.633333,7.810875e-07,33.18742,33.18742,-4.2242962e-05,33.18742,0.000100313,237,237,61,0.0006276414,0.0028321298,8.288488e-06,0.2031142,0
1659,27.65,7.6725394e-07,33.187378,33.187378,-4.1078838e-05,33.187378,0.00010035847,238,238,61,0.0006215077,0.0028083543,8.118164e-06,0.20311317,0
1660,27.666666,7.5377693e-07,33.187332,33.187332,-4.4237328e-05,33.187332,0.000100352525,238,238,61,0.0006154601,0.0027848869,7.961888e-06,0.20311195,0
1661,27.683332,7.4063956e-07,33.18729,33.18729,-4.1909418e-05,33.18729,0.00010038506,238,238,61,0.0006094907,0.002761594,7.798275e-06,0.20311084,0
1662,27.7,7.277679e-07,33.187252,33.187252,-3.9415325e-05,33.187252,0.00010034108,238,238,61,0.0006035755,0.0027388365,7.636134e-06,0.20310988,0
1663,27.716667,7.152235e-07,33.187206,33.187206,-4.6730223e-05,33.187206,0.00010037387,238,238,61,0.00059773884,0.0027163085,7.49882e-06,0.20310861,0
1664,27.733334,7.01852e-07,33.187164,33.18717,-3.9582083e-05,33.18717,0.00010041875,238,238,61,0.00059149205,0.002685463,7.3256588e-06,0.20310763,0
1665,27.75,6.199564e-07,33.18713,33.18713,-3.715678e-05,33.18713,0.00010032674,238,238,61,0.0005628618,0.0022292396,7.201282e-06,0.20310666,0
1666,27.766666,6.804794e-07,33.187084,33.187084,-4.5160858e-05,33.187084,0.00010040458,238,238,61,0.00057714444,0.0026920503,7.4380036e-06,0.20310555,0
1667,27.783333,6.7752103e-07,33.187042,33.187042,-4.1067964e-05,33.187042,0.00010033051,238,238,61,0.0005743724,0.0026180272,7.2846233e-06,0.2031045,0
1668,27.8,6.7260135e-07,33.187,33.187,-4.090367e-05,33.187,0.000100271085,238,238,61,0.00057694444,0.0027977147,7.3632273e-06,0.20310345,0
1669,27.816668,6.5836815e-07,33.18696,33.186962,-4.1578005e-05,33.186962,0.00010033808,238,238,61,0.00057682773,0.002801514,7.369565e-06,0.20310247,0
1670,27.833334,6.669521e-07,33.186916,33.186916,-4.4381522e-05,33.186916,0.00010037787,241,241,62,0.0005819742,0.002846322,7.4625186e-06,0.20310141,0
1671,27.85,6.5534147e-07,33.186882,33.186882,-3.4260156e-05,33.186882,0.00010035352,241,241,62,0.000582266,0.002908379,7.4627173e-06,0.20310055,0
1672,27.866667,6.615718e-07,33.18684,33.18684,-4.02275e-05,33.18684,0.00010032574,241,241,62,0.0005872606,0.0030279758,7.546291e-06,0.20309956,0
1673,27.883333,6.5055764e-07,33.1868,33.1868,-4.2239804e-05,33.1868,0.0001003661,241,241,62,0.000584872,0.0029846453,7.5323496e-06,0.20309861,0
1674,27.9,6.5360626e-07,33.186756,33.18676,-4.1061958e-05,33.18676,0.00010044255,241,241,62,0.00058529293,0.0030078997,7.532402e-06,0.20309761,0
1675,27.916666,6.37338e-07,33.186718,33.186718,-3.9252467e-05,33.186718,0.00010038272,241,241,62,0.0005787699,0.0030112513,7.4107274e-06,0.20309666,0
1676,27.933332,6.306839e-07,33.18668,33.18668,-3.724779e-05,33.18668,0.00010039358,241,241,62,0.0005757848,0.00302796,7.357081e-06,0.20309576,0
1677,27.95,6.2311636e-07,33.186638,33.18664,-4.140508e-05,33.18664,0.000100335135,241,241,62,0.00057187385,0.003039231,7.3013885e-06,0.2030947,0
1678,27.966667,6.147734e-07,33.1866,33.1866,-4.157211e-05,33.1866,0.000100294215,241,241,62,0.0005671416,0.0030470039,7.18581e-06,0.20309378,0
1679,27.983334,6.0590094e-07,33.18656,33.18656,-3.7582522e-05,33.18656,0.000100391306,241,241,62,0.0005618246,0.0030525238,7.0663755e-06,0.20309292,0
1680,28,5.966927e-07,33.18652,33.186523,-3.9577917e-05,33.186523,0.000100369,241,241,62,0.00055612443,0.0030566156,6.9718785e-06,0.20309187,0
1681,28.016666,5.8735554e-07,33.18648,33.18648,-4.1406853e-05,33.18648,0.00010031017,241,241,62,0.0005502056,0.003059992,6.8219506e-06,0.20309097,0
1682,28.033333,5.779429e-07,33.186443,33.186443,-3.758306e-05,33.186443,0.000100324665,240,240,62,0.000544126,0.0030632173,6.687474e-06,0.20309007,0
1683,28.05,5.685207e-07,33.186405,33.186405,-3.824809e-05,33.186405,0.00010042185,241,241,62,0.0005379742,0.0030662736,6.5600457e-06,0.20308912,0
1684,28.066668,5.592107e-07,33.18636,33.18636,-4.4565673e-05,33.18636,0.00010034103,241,241,62,0.00053182547,0.003069712,6.4332517e-06,0.2030881,0
1685,28.083334,5.500205e-07,33.18632,33.18632,-3.8414113e-05,33.18632,0.00010037515,241,241,62,0.0005257082,0.0030734628,6.2814665e-06,0.20308717,0
1686,28.1,5.412835e-07,33.186283,33.186283,-3.774864e-05,33.186283,0.00010028485,241,241,62,0.00051998015,0.0030530796,6.141258e-06,0.20308623,0
1687,28.116667,5.3439163e-07,33.18624,33.186245,-4.0240622e-05,33.186245,0.00010039351,241,241,62,0.0005150697,0.003049054,6.0372377e-06,0.20308518,0
1688,28.133333,5.2755286e-07,33.186203,33.186203,-4.0739335e-05,33.186203,0.000100318604,241,241,62,0.00051020214,0.0030476297,5.895554e-06,0.2030843,0
1689,28.15,5.205361e-07,33.186165,33.186165,-3.7580667e-05,33.186165,0.00010038461,241,241,62,0.00050523656,0.0030483757,5.7862744e-06,0.20308338,0
1690,28.166666,5.1324594e-07,33.186123,33.186127,-4.024102e-05,33.186127,0.000100364916,241,241,62,0.0005001359,0.0030506207,5.679479e-06,0.2030824,0
1691,28.183332,5.059034e-07,33.18608,33.18608,-4.2568645e-05,33.18608,0.000100343816,241,241,62,0.00049500575,0.0030540975,5.5646237e-06,0.20308138,0
1692,28.2,4.9858517e-07,33.186043,33.186047,-3.70822e-05,33.186047,0.000100377896,241,241,62,0.0004899152,0.003058504,5.4256593e-06,0.20308045,0
1693,28.216667,4.9136463e-07,33.186005,33.186005,-4.057346e-05,33.186005,0.000100331854,241,241,62,0.00048489534,0.00306404,5.3040235e-06,0.20307949,0
1694,28.233334,4.842804e-07,33.185966,33.18597,-3.5918183e-05,33.18597,0.000100383375,241,241,62,0.0004799817,0.0030699852,5.1689244e-06,0.2030786,0
1695,28.25,4.7735585e-07,33.185925,33.18593,-4.1903204e-05,33.18593,0.00010036188,241,241,62,0.00047518837,0.0030767357,5.0716676e-06,0.20307758,0
1696,28.266666,4.7061826e-07,33.185886,33.185886,-3.9242936e-05,33.185886,0.00010030004,241,241,62,0.00047053403,0.0030840985,4.9526107e-06,0.20307657,0
1697,28.283333,4.640437e-07,33.18585,33.18585,-4.0406558e-05,33.18585,0.00010036986,241,241,62,0.00046600756,0.0030921323,4.8386305e-06,0.20307554,0
1698,28.3,4.576416e-07,33.185806,33.185806,-4.0406387e-05,33.185806,0.000100368736,241,241,62,0.0004616309,0.0031006464,4.699775e-06,0.2030746,0
1699,28.316668,4.5143028e-07,33.185764,33.185764,-4.057245e-05,33.185764,0.000100346166,241,241,62,0.0004573971,0.003109601,4.5981133e-06,0.20307362,0
1700,28.333334,4.453081e-07,33.185726,33.185726,-4.0738618e-05,33.185726,0.00010026386,241,241,62,0.0004532589,0.0031193749,4.4884846e-06,0.20307262,0
1701,28.35,4.3931126e-07,33.185688,33.185688,-3.5917095e-05,33.185688,0.00010027543,241,241,62,0.0004492419,0.003129979,4.336941e-06,0.20307179,0
1702,28.366667,4.3346816e-07,33.18565,33.18565,-3.9408296e-05,33.18565,0.000100290774,241,241,62,0.00044537295,0.0031409978,4.2614847e-06,0.20307082,0
1703,28.383333,4.2781107e-07,33.185608,33.185608,-4.1735682e-05,33.185608,0.00010034635,241,241,62,0.00044166992,0.0031527427,4.189287e-06,0.20306973,0
1704,28.4,4.2239364e-07,33.18557,33.185574,-3.641528e-05,33.185574,0.00010030167,241,241,62,0.0004381648,0.0031649815,4.0252316e-06,0.20306885,0
1705,28.416666,4.1707818e-07,33.18553,33.18553,-4.007279e-05,33.18553,0.000100367666,241,241,62,0.0004347884,0.0031776973,3.950346e-06,0.20306788,0
1706,28.433332,4.1201773e-07,33.185493,33.185493,-3.9740025e-05,33.185493,0.00010032343,241,241,62,0.00043162113,0.0031907011,3.8838443e-06,0.20306683,0
1707,28.45,4.0706726e-07,33.18545,33.18545,-3.924115e-05,33.18545,0.00010030111,241,241,62,0.00042858042,0.0032042058,3.7362138e-06,0.20306593,0
1708,28.466667,4.0233806e-07,33.185413,33.185413,-3.957344e-05,33.185413,0.00010041247,241,241,62,0.00042572446,0.0032181097,3.698812e-06,0.20306489,0
1709,28.483334,3.97763e-07,33.18537,33.18537,-4.1568346e-05,33.18537,0.000100303216,241,241,62,0.00042303174,0.0032325431,3.5922892e-06,0.2030639,0
1710,28.5,3.933748e-07,33.185333,33.185333,-3.9240585e-05,33.185333,0.00010029346,239,239,61,0.00042052657,0.0032470156,3.5330454e-06,0.20306286,0
1711,28.516666,3.89173e-07,33.18529,33.18529,-4.057044e-05,33.18529,0.000100311394,239,239,61,0.00041820656,0.0032621238,3.4117124e-06,0.20306194,0
1712,28.533333,3.8517703e-07,33.185253,33.185253,-3.9905215e-05,33.185253,0.00010032861,241,241,62,0.00041608876,0.003277784,3.348373e-06,0.20306098,0
1713,28.55,3.8136082e-07,33.18521,33.18521,-3.907376e-05,33.18521,0.00010034343,241,241,62,0.00041417117,0.0032936959,3.3063372e-06,0.20305999,0
1714,28.566668,3.7771707e-07,33.185177,33.185177,-3.558223e-05,33.185177,0.00010035775,241,241,62,0.00041244036,0.003310113,3.218384e-06,0.20305906,0
1715,28.583334,3.742616e-07,33.185135,33.185135,-4.2232245e-05,33.185135,0.00010024958,241,241,62,0.00041089603,0.0033267697,3.2230707e-06,0.20305799,0
1716,28.6,3.7098567e-07,33.1851,33.1851,-3.5415607e-05,33.1851,0.00010038585,241,241,62,0.0004095567,0.0033443023,3.0881263e-06,0.20305714,0
1717,28.616667,3.6782896e-07,33.18506,33.18506,-4.2231946e-05,33.18506,0.00010035598,241,241,62,0.00040834965,0.0033648137,3.124196e-06,0.2030561,0
1718,28.633333,3.6488024e-07,33.185017,33.185017,-4.0901698e-05,33.185017,0.00010030885,241,241,62,0.0004072766,0.0033849664,3.065846e-06,0.20305511,0
1719,28.65,3.624666e-07,33.18498,33.18498,-3.757606e-05,33.18498,0.000100320794,241,241,62,0.00040643464,0.003399114,3.069448e-06,0.20305407,0
1720,28.666666,3.605368e-07,33.184944,33.184944,-3.5913028e-05,33.184944,0.000100273326,241,241,62,0.0004056996,0.0034087722,2.9484333e-06,0.20305324,0
1721,28.683332,3.5891532e-07,33.184902,33.184902,-4.090037e-05,33.184902,0.00010031011,241,241,62,0.00040497334,0.003415259,3.009355e-06,0.20305222,0
1722,28.7,3.575089e-07,33.184864,33.184864,-3.8905095e-05,33.184864,0.00010036004,241,241,62,0.00040423786,0.0034192614,2.9836187e-06,0.20305121,0
1723,28.716667,3.5625126e-07,33.18482,33.184822,-4.289507e-05,33.184822,0.00010029776,241,241,62,0.00040349417,0.0034220163,2.9577486e-06,0.2030502,0
1724,28.733334,3.551187e-07,33.18478,33.184784,-3.8073547e-05,33.184784,0.00010031136,241,241,62,0.00040275522,0.0034236338,2.9195637e-06,0.20304923,0
1725,28.75,3.5403468e-07,33.184746,33.184746,-3.6078436e-05,33.184746,0.000100291,241,241,62,0.00040199506,0.0034245863,2.8725856e-06,0.20304829,0
1726,28.766666,3.5299428e-07,33.184704,33.184704,-4.189732e-05,33.184704,0.00010037727,241,241,62,0.00040124077,0.0034252878,2.8814839e-06,0.20304728,0
1727,28.783333,3.5200944e-07,33.184666,33.184666,-3.7574635e-05,33.184666,0.000100388905,241,241,62,0.00040050133,0.003425754,2.8601937e-06,0.20304626,0
1728,28.8,3.510633e-07,33.184624,33.184628,-4.1065952e-05,33.184628,0.000100288264,241,241,62,0.00039978648,0.003425971,2.8441543e-06,0.20304523,0
1729,28.816668,3.5016475e-07,33.184586,33.184586,-3.890459e-05,33.184586,0.00010031568,240,240,62,0.00039909946,0.0034261676,2.7803098e-06,0.20304428,0
1730,28.833334,3.4928246e-07,33.184547,33.184547,-3.8239552e-05,33.184547,0.000100329984,240,240,62,0.0003984278,0.0034262894,2.7866702e-06,0.20304327,0
1731,28.85,3.4840684e-07,33.18451,33.18451,-3.7740778e-05,33.18451,0.00010034202,240,240,62,0.00039776566,0.0034264976,2.718838e-06,0.20304236,0
1732,28.866667,3.476198e-07,33.184467,33.184467,-4.1897067e-05,33.184467,0.000100298676,240,240,62,0.00039716685,0.003426377,2.7938408e-06,0.20304126,0
1733,28.883333,3.468205e-07,33.18443,33.18443,-4.056704e-05,33.18443,0.000100311896,240,240,62,0.00039656402,0.003426439,2.7081217e-06,0.20304027,0
1734,28.9,3.4606003e-07,33.18439,33.18439,-3.7740665e-05,33.18439,0.00010030442,240,240,62,0.0003959986,0.0034264517,2.6854316e-06,0.2030393,0
1735,28.916666,3.4533264e-07,33.184353,33.184353,-3.7241865e-05,33.184353,0.00010037967,240,240,62,0.0003954633,0.0034265132,2.6604578e-06,0.20303835,0
1736,28.933332,3.446318e-07,33.18431,33.18431,-4.0733197e-05,33.18431,0.000100310535,240,240,62,0.0003949448,0.0034264124,2.6642986e-06,0.20303735,0
1737,28.95,3.439418e-07,33.184273,33.184273,-4.056693e-05,33.184273,0.00010032337,240,240,62,0.00039444215,0.0034264687,2.651722e-06,0.20303634,0
1738,28.966667,3.4331023e-07,33.184235,33.184235,-3.624424e-05,33.184235,0.000100372745,240,240,62,0.0003939899,0.0034263318,2.5772433e-06,0.20303544,0
1739,28.983334,3.4268305e-07,33.184196,33.184196,-4.073312e-05,33.184196,0.00010032844,240,240,62,0.0003935439,0.0034263867,2.6581708e-06,0.20303436,0
1740,29,3.4209327e-07,33.18416,33.18416,-3.8239257e-05,33.18416,0.00010037894,240,240,62,0.0003931264,0.0034266256,2.5762547e-06,0.2030334,0
1741,29.016666,3.4148633e-07,33.184116,33.184116,-3.9735572e-05,33.184116,0.000100390644,240,240,62,0.00039270354,0.0034267127,2.5733614e-06,0.2030324,0
1742,29.033333,3.4094364e-07,33.18408,33.18408,-3.9070488e-05,33.18408,0.00010034879,240,240,62,0.00039232592,0.00342656,2.5557097e-06,0.20303144,0
1743,29.05,3.4041747e-07,33.184036,33.184036,-4.139804e-05,33.184036,0.00010026965,240,240,62,0.00039196925,0.0034267616,2.5870281e-06,0.20303038,0
1744,29.066668,3.3986728e-07,33.183994,33.184,-4.0400533e-05,33.184,0.000100303856,240,240,62,0.0003916077,0.0034267935,2.542546e-06,0.20302938,0
1745,29.083334,3.3932815e-07,33.183956,33.183956,-3.9070484e-05,33.183956,0.00010031855,240,240,62,0.00039125266,0.003427005,2.56251e-06,0.20302832,0
1746,29.1,3.3885473e-07,33.183918,33.183918,-3.8904163e-05,33.183918,0.000100329824,240,240,62,0.0003909462,0.0034269292,2.5073055e-06,0.20302734,0
1747,29.116667,3.3843548e-07,33.18388,33.18388,-3.8405342e-05,33.18388,0.00010034392,240,240,62,0.00039068045,0.0034269826,2.5110216e-06,0.20302634,0
1748,29.133333,3.3794564e-07,33.183838,33.18384,-3.9901708e-05,33.18384,0.00010029714,238,238,61,0.000390369,0.0034269674,2.5456125e-06,0.20302527,0
1749,29.15,3.3754773e-07,33.1838,33.1838,-3.9402854e-05,33.1838,0.00010032479,238,238,61,0.00039012346,0.0034270352,2.4379913e-06,0.20302436,0
1750,29.166666,3.371122e-07,33.18376,33.18376,-3.9569146e-05,33.18376,0.000100284815,238,238,61,0.00038985402,0.0034271316,2.4840215e-06,0.20302334,0
1751,29.183332,3.367203e-07,33.18372,33.18372,-4.0067865e-05,33.18372,0.000100262434,238,238,61,0.00038961813,0.0034271542,2.522904e-06,0.20302226,0
1752,29.2,3.3634325e-07,33.18368,33.18368,-3.7574024e-05,33.18368,0.00010037747,232,232,59,0.00038939214,0.0034271881,2.4561778e-06,0.20302127,0
1753,29.216667,3.3591314e-07,33.183643,33.183643,-4.1065436e-05,33.183643,0.00010033417,235,235,60,0.0003891493,0.0034270682,2.4513924e-06,0.2030203,0
1754,29.233334,3.356106e-07,33.183598,33.183598,-4.2894113e-05,33.183598,0.00010032735,235,235,60,0.0003889954,0.0034273406,2.5534416e-06,0.20301914,0
1755,29.25,3.3524427e-07,33.183563,33.183563,-3.641023e-05,33.183563,0.000100317404,232,232,59,0.00038881,0.0034273884,2.4247984e-06,0.2030182,0
1756,29.266666,3.3490394e-07,33.18352,33.18352,-4.0400326e-05,33.18352,0.000100284815,232,232,59,0.0003886442,0.0034276086,2.4123901e-06,0.20301726,0
1757,29.283333,3.3458403e-07,33.183483,33.183483,-3.923652e-05,33.183483,0.00010031734,232,232,59,0.00038849682,0.00342785,2.4430146e-06,0.20301625,0
1758,29.3,3.342794e-07,33.183445,33.183445,-3.7075188e-05,33.183445,0.00010033304,235,235,60,0.00038836975,0.0034279553,2.449206e-06,0.20301522,0
1759,29.316668,3.339725e-07,33.183407,33.183407,-3.973527e-05,33.183407,0.000100393976,235,235,60,0.00038823782,0.003428165,2.4860274e-06,0.20301414,0
1760,29.333334,3.336725e-07,33.183365,33.183365,-4.1065305e-05,33.183365,0.000100347344,235,235,60,0.00038811265,0.0034282894,2.3903185e-06,0.2030132,0
1761,29.35,3.3340936e-07,33.183327,33.183327,-3.956897e-05,33.183327,0.000100298814,232,232,59,0.00038800904,0.0034284955,2.5073955e-06,0.20301206,0
1762,29.366667,3.3312605e-07,33.183285,33.18329,-3.9070226e-05,33.18329,0.00010025484,235,235,60,0.00038789597,0.0034286007,2.3745831e-06,0.20301116,0
1763,29.383333,3.328547e-07,33.183247,33.183247,-4.0732768e-05,33.183247,0.00010030294,235,235,60,0.00038778828,0.0034285833,2.435925e-06,0.20301013,0
1764,29.4,3.3263262e-07,33.18321,33.18321,-3.823889e-05,33.18321,0.0001003865,235,235,60,0.00038771055,0.0034285723,2.4069986e-06,0.20300914,0
1765,29.416666,3.3238857e-07,33.18317,33.18317,-3.8571423e-05,33.18317,0.000100341764,232,232,59,0.0003876236,0.0034288086,2.4169665e-06,0.20300813,0
1766,29.433332,3.3213723e-07,33.18313,33.18313,-4.1730276e-05,33.18313,0.00010039094,235,235,60,0.00038753514,0.0034286687,2.446444e-06,0.20300707,0
1767,29.45,3.3194496e-07,33.183086,33.183086,-3.9402647e-05,33.183086,0.000100316836,235,235,60,0.00038747585,0.0034287123,2.4194007e-06,0.20300604,0
1768,29.466667,3.3170963e-07,33.18305,33.18305,-3.840516e-05,33.18305,0.00010026941,235,235,60,0.00038739387,0.0034286235,2.3873747e-06,0.20300508,0
1769,29.483334,3.315024e-07,33.18301,33.18301,-3.940266e-05,33.18301,0.000100341764,235,235,60,0.00038733718,0.0034288047,2.4230717e-06,0.20300405,0
1770,29.5,3.3128035e-07,33.18297,33.18297,-4.056646e-05,33.18297,0.000100295365,235,235,60,0.00038727364,0.0034287835,2.4645183e-06,0.20300294,0
1771,29.516666,3.3108427e-07,33.18293,33.18293,-4.040018e-05,33.18293,0.00010028456,232,232,59,0.00038722312,0.0034289411,2.433413e-06,0.20300189,0
1772,29.533333,3.3091268e-07,33.182888,33.182888,-4.1730196e-05,33.182888,0.000100274476,232,232,59,0.0003871837,0.0034287192,2.403039e-06,0.20300089,0
1773,29.55,3.3074372e-07,33.182846,33.18285,-3.9402625e-05,33.18285,0.00010038014,235,235,60,0.0003871393,0.003428706,2.4009507e-06,0.20299989,0
1774,29.566668,3.305539e-07,33.182808,33.182808,-4.0732684e-05,33.182808,0.000100269266,235,235,60,0.0003870788,0.0034285015,2.5058653e-06,0.20299871,0
1775,29.583334,3.3039038e-07,33.18277,33.18277,-3.690879e-05,33.18277,0.000100319805,235,235,60,0.00038703252,0.0034284804,2.3379284e-06,0.20299782,0
1776,29.6,3.3021573e-07,33.182728,33.182728,-4.1896456e-05,33.182728,0.00010037117,232,232,59,0.0003869853,0.003428328,2.4179385e-06,0.2029968,0
1777,29.616667,3.299849e-07,33.18269,33.18269,-3.857141e-05,33.18269,0.000100336496,232,232,59,0.00038690775,0.0034273595,2.4269061e-06,0.20299576,0
1778,29.633333,3.297806e-07,33.182648,33.182648,-4.1563973e-05,33.182648,0.00010028705,235,235,60,0.00038679893,0.0034318152,2.417457e-06,0.20299472,0
1779,29.65,3.29868e-07,33.182613,33.182613,-3.6409776e-05,33.182613,0.00010033375,232,232,59,0.00038694718,0.003428136,2.388612e-06,0.20299372,0
1780,29.666666,3.297102e-07,33.18257,33.18257,-4.0067633e-05,33.18257,0.00010028384,232,232,59,0.00038691523,0.003427337,2.4134233e-06,0.2029927,0
1781,29.683332,3.2945937e-07,33.182533,33.182533,-4.0067724e-05,33.182533,0.00010028974,236,236,60,0.00038680993,0.0034306345,2.4668025e-06,0.20299158,0
1782,29.7,3.2934759e-07,33.18249,33.18249,-4.123137e-05,33.18249,0.0001003014,236,236,60,0.00038681386,0.0034282233,2.3846794e-06,0.20299059,0
1783,29.716667,3.2930944e-07,33.18245,33.18245,-4.0898787e-05,33.18245,0.000100330006,236,236,60,0.00038684657,0.003427248,2.4786198e-06,0.20298946,0
1784,29.733334,3.291457e-07,33.18241,33.18241,-3.690879e-05,33.18241,0.00010035724,234,234,59,0.00038679317,0.0034292073,2.3373016e-06,0.20298856,0
1785,29.75,3.288615e-07,33.18237,33.18237,-4.306035e-05,33.18237,0.00010030731,234,234,59,0.0003866689,0.0034292717,2.4653832e-06,0.20298745,0
1786,29.766666,3.2888386e-07,33.18233,33.18233,-3.740737e-05,33.18233,0.000100377896,234,234,59,0.00038676098,0.003425795,2.4017513e-06,0.20298645,0
1787,29.783333,3.287912e-07,33.182293,33.182293,-3.95688e-05,33.182293,0.00010036092,237,237,60,0.0003867426,0.003428158,2.422744e-06,0.2029854,0
1788,29.8,3.287459e-07,33.18225,33.18225,-4.1563817e-05,33.18225,0.0001003761,236,236,60,0.00038677984,0.003427253,2.426488e-06,0.20298436,0
1789,29.816668,3.2860802e-07,33.182213,33.182213,-3.8737573e-05,33.182213,0.000100365665,233,233,59,0.00038675533,0.003426287,2.4045887e-06,0.20298336,0
1790,29.833334,3.2845915e-07,33.18217,33.18217,-4.006762e-05,33.18217,0.00010031493,233,233,59,0.00038671572,0.0034260515,2.4630865e-06,0.20298225,0
1791,29.85,3.2838426e-07,33.182133,33.182133,-4.139759e-05,33.182133,0.00010027727,236,236,60,0.00038672372,0.0034258142,2.383623e-06,0.20298128,0
1792,29.866667,3.2828297e-07,33.18209,33.18209,-3.9402556e-05,33.18209,0.00010036345,230,230,58,0.00038671936,0.003425266,2.4152337e-06,0.20298025,0
1793,29.883333,3.2819844e-07,33.182053,33.182053,-3.973505e-05,33.182053,0.00010031283,233,233,59,0.00038672038,0.0034248845,2.4879118e-06,0.2029791,0
1794,29.9,3.2808947e-07,33.18201,33.18201,-3.9735074e-05,33.18201,0.00010032476,230,230,58,0.00038670455,0.0034244983,2.3810867e-06,0.20297813,0
1795,29.916666,3.2801458e-07,33.181973,33.181973,-4.073257e-05,33.181973,0.00010033402,230,230,58,0.0003867131,0.0034240815,2.4565009e-06,0.20297705,0
1796,29.933332,3.2793537e-07,33.18193,33.18193,-3.9735045e-05,33.18193,0.00010035689,233,233,59,0.00038671226,0.0034237893,2.4205294e-06,0.20297602,0
1797,29.95,3.278632e-07,33.18189,33.181892,-4.1065075e-05,33.181892,0.00010030578,233,233,59,0.00038672148,0.0034232892,2.4174394e-06,0.20297499,0
1798,29.966667,3.2779977e-07,33.18185,33.18185,-3.956877e-05,33.18185,0.00010029193,233,233,59,0.00038673112,0.0034229555,2.4421413e-06,0.20297392,0
1799,29.983334,3.2769117e-07,33.181816,33.181816,-3.5911205e-05,33.181816,0.00010033965,230,230,58,0.00038671077,0.0034225232,2.3737969e-06,0.20297296,0
1800,30,3.276463e-07,33.18177,33.18177,-4.5553938e-05,33.18177,0.00010032948,233,233,59,0.000386726,0.0034219716,2.5263548e-06,0.20297177,0
