frame,time_s,kinetic_J,potential_J,total_J,delta_E_J,ui_total_J,depth_m,contacts,matched,locked,max_speed_m_s,max_spin_rad_s,max_move_m,tip_y_m,broken
1,0.016666668,0.1063752,34.25509,34.36146,-0.0026841382,34.36146,0,122,122,29,0.16347197,0,0.0013964176,0.22860363,0
2,0.033333335,0.3645934,33.97075,34.335342,-0.026119737,34.335342,0,133,133,33,0.32688943,4.1051585e-06,0.004120469,0.22448318,0
3,0.05,0.5494327,33.586044,34.135475,-0.19986647,34.135475,0,153,153,31,0.49025264,0.9696582,0.0068436265,0.21763957,0
4,0.06666667,0.489813,33.268238,33.75805,-0.37742576,33.75805,0,180,180,35,0.65356153,1.2298001,0.009565905,0.20807366,0
5,0.083333336,0.0050029755,33.19802,33.203026,-0.55502623,33.203026,8.5218535e-06,198,198,39,0.030838896,1.3606057,0.004178516,0.20390813,0
6,0.1,0.0017378773,33.196964,33.1987,-0.004322647,33.1987,1.508273e-05,190,190,47,0.029676545,0.6943879,0.0005156375,0.20389828,0
7,0.11666667,0.0007680187,33.19554,33.196312,-0.0023908408,33.196312,1.9949623e-05,194,194,48,0.02190139,0.44093078,0.00041807722,0.20386745,0
8,0.13333334,0.00035865948,33.195366,33.195724,-0.00058525713,33.195724,2.0412108e-05,196,196,50,0.018382868,0.26260486,0.00033980588,0.20386751,0
9,0.15,0.00016119036,33.195236,33.195396,-0.00032914313,33.195396,2.0485646e-05,197,197,50,0.013569153,0.113088995,0.00026574795,0.20386781,0
10,0.16666667,9.160685e-05,33.195084,33.195175,-0.00022270443,33.195175,2.0514142e-05,197,197,50,0.009366823,0.037084423,0.00018763261,0.2038663,0
11,0.18333334,6.689799e-05,33.194897,33.19496,-0.00021141331,33.19496,2.1494718e-05,197,197,50,0.007676312,0.026123159,0.00014180165,0.20386381,0
12,0.2,4.81119e-05,33.194702,33.19475,-0.0002119745,33.19475,2.3658906e-05,197,197,50,0.006006574,0.016329648,0.00011302161,0.20386083,0
13,0.21666667,3.3625674e-05,33.194508,33.194542,-0.00020734212,33.194542,2.5821662e-05,197,197,50,0.005040894,0.01387571,9.1909e-05,0.20385785,0
14,0.23333333,2.1318148e-05,33.194317,33.194336,-0.00020516342,33.194336,2.8051565e-05,197,197,50,0.0040394305,0.011428579,7.549696e-05,0.20385487,0
15,0.25,1.165291e-05,33.194122,33.194134,-0.00020252113,33.194134,3.0303667e-05,197,197,50,0.0030202325,0.0089600785,5.860519e-05,0.2038519,0
16,0.26666668,5.0307212e-06,33.193947,33.19395,-0.00018484764,33.19395,3.136722e-05,197,197,50,0.0020291426,0.006590149,4.171387e-05,0.20384891,0
17,0.28333333,1.7672188e-06,33.19378,33.193783,-0.00016885356,33.193783,3.142414e-05,197,197,50,0.0012396394,0.004645565,2.626506e-05,0.20384593,0
18,0.3,1.3921505e-06,33.193623,33.193623,-0.00015898241,33.193623,3.1471733e-05,197,197,50,0.0010635937,0.003932775,1.8084942e-05,0.20384245,0
19,0.31666666,1.7570484e-06,33.193462,33.193462,-0.00015923998,33.193462,3.1529744e-05,197,197,50,0.0011606995,0.0039445306,1.8434988e-05,0.20383887,0
20,0.33333334,2.089549e-06,33.193302,33.193302,-0.00015927237,33.193302,3.1479085e-05,197,197,50,0.0012520835,0.0040509715,2.020259e-05,0.2038353,0
21,0.35,2.2860447e-06,33.193142,33.193146,-0.00015940839,33.193146,3.2500026e-05,197,197,50,0.0013037848,0.004118686,2.1391666e-05,0.20383172,0
22,0.36666667,2.3777332e-06,33.19298,33.192986,-0.00015951319,33.192986,3.4842113e-05,197,197,50,0.0013267553,0.0041436036,2.1991214e-05,0.20382814,0
23,0.38333333,2.4052874e-06,33.19282,33.192825,-0.00015957732,33.192825,3.730209e-05,197,197,50,0.0013327425,0.0041404166,2.2215556e-05,0.20382456,0
24,0.4,2.3969778e-06,33.192665,33.192665,-0.00015961319,33.192665,3.968272e-05,197,197,50,0.0013293424,0.004121204,2.2227689e-05,0.20382099,0
25,0.41666666,2.3695427e-06,33.192505,33.192505,-0.00015963231,33.192505,4.2111693e-05,197,197,50,0.0013209027,0.00409328,2.2123995e-05,0.20381741,0
26,0.43333334,2.3323726e-06,33.192345,33.19235,-0.00015964205,33.19235,4.459872e-05,197,197,50,0.0013098429,0.004061052,2.1958725e-05,0.20381384,0
27,0.45,2.2904896e-06,33.192184,33.19219,-0.00015964676,33.19219,4.699776e-05,197,197,50,0.0012974484,0.00402661,2.1762267e-05,0.20381026,0
28,0.46666667,2.2466118e-06,33.192024,33.192028,-0.00015964876,33.192028,4.9387014e-05,198,198,50,0.0012844234,0.00399134,2.1550313e-05,0.20380668,0
29,0.48333332,2.2021356e-06,33.191864,33.191868,-0.00015964935,33.191868,5.1756775e-05,198,198,50,0.0012711304,0.0039557694,2.1330996e-05,0.2038031,0
30,0.5,2.1577976e-06,33.191708,33.191708,-0.00015964922,33.191708,5.4186756e-05,198,198,50,0.0012577655,0.0039203526,2.11094e-05,0.20379953,0
31,0.51666665,2.1139797e-06,33.191547,33.191547,-0.0001596487,33.191547,5.66172e-05,198,198,50,0.0012444316,0.003885163,2.0887244e-05,0.20379595,0
32,0.53333336,2.063301e-06,33.191376,33.19138,-0.00017029588,33.19138,5.9014747e-05,198,198,50,0.001251022,0.003816544,2.077285e-05,0.20379238,0
33,0.55,2.0315274e-06,33.191204,33.191208,-0.00017060949,33.191208,6.149176e-05,198,198,50,0.001219345,0.0034786595,2.0654406e-05,0.2037888,0
34,0.56666666,2.01555e-06,33.191032,33.191036,-0.00017292127,33.191036,6.38896e-05,198,198,50,0.0012340735,0.0037631763,2.0613857e-05,0.20378523,0
35,0.5833333,1.978649e-06,33.19086,33.19086,-0.00017277594,33.19086,6.603682e-05,198,198,50,0.0012247971,0.0037756464,2.0363692e-05,0.20378149,0
36,0.6,1.932276e-06,33.19069,33.190693,-0.00016995906,33.190693,6.845177e-05,198,198,50,0.0012042209,0.0036367327,2.0101863e-05,0.20377791,0
37,0.6166667,1.9115803e-06,33.190514,33.190517,-0.00017442228,33.190517,7.068807e-05,198,198,50,0.0011996826,0.0036567117,2.0151232e-05,0.20377411,0
38,0.6333333,1.8824194e-06,33.190342,33.190346,-0.00017293445,33.190346,7.314126e-05,198,198,50,0.0011917843,0.0036548597,1.9948055e-05,0.20377053,0
39,0.65,1.8284392e-06,33.190174,33.190174,-0.00016996668,33.190174,7.551516e-05,198,198,50,0.0011722249,0.003573989,1.9544987e-05,0.20376696,0
40,0.6666667,1.8032337e-06,33.19,33.19,-0.00017525806,33.19,7.7818724e-05,198,198,50,0.0011661149,0.0035853104,1.9563213e-05,0.20376317,0
41,0.68333334,1.7728286e-06,33.189823,33.189827,-0.00017293569,33.189827,8.0231875e-05,198,198,50,0.0011555325,0.0035501975,1.9351002e-05,0.2037596,0
42,0.7,1.7260227e-06,33.18965,33.18965,-0.00017295209,33.18965,8.2485756e-05,198,198,50,0.0011424233,0.003550771,1.8990397e-05,0.20375581,0
43,0.71666664,1.6981485e-06,33.18948,33.18948,-0.00017293316,33.18948,8.480628e-05,205,205,52,0.001130209,0.0034762525,1.8917604e-05,0.20375223,0
44,0.73333335,1.6506742e-06,33.18931,33.18931,-0.0001706252,33.18931,8.7246786e-05,205,205,52,0.0011152162,0.0034578633,1.854024e-05,0.20374866,0
45,0.75,1.6266364e-06,33.189133,33.189137,-0.00017475813,33.189137,8.9498055e-05,205,205,52,0.001105497,0.0034058758,1.8557601e-05,0.20374486,0
46,0.76666665,1.5791265e-06,33.188965,33.188965,-0.00017012646,33.188965,9.1907765e-05,205,205,52,0.001081875,0.0032394647,1.8124174e-05,0.2037413,0
47,0.78333336,1.563072e-06,33.188786,33.18879,-0.00017608018,33.18879,9.413964e-05,205,205,52,0.0010851856,0.0033763181,1.81476e-05,0.2037375,0
48,0.8,1.5175787e-06,33.188618,33.188618,-0.00016962568,33.188618,9.656984e-05,205,205,52,0.0010451094,0.0029760196,1.7791575e-05,0.20373392,0
49,0.81666666,1.4981431e-06,33.188446,33.188446,-0.00017292472,33.188446,9.901047e-05,205,205,52,0.0010493202,0.0031064004,1.7684471e-05,0.20373034,0
50,0.8333333,1.5148307e-06,33.188267,33.188267,-0.00017870753,33.188267,9.998243e-05,205,205,52,0.0010594381,0.0032325764,1.7380898e-05,0.20372657,0
51,0.85,1.4377057e-06,33.188084,33.188084,-0.00018312396,33.188084,0.000100032536,205,205,52,0.0010369796,0.003205019,1.735575e-05,0.20372298,0
52,0.8666667,1.4014909e-06,33.1879,33.1879,-0.00018258429,33.1879,0.000100032725,205,205,52,0.001026072,0.0032098626,1.699439e-05,0.2037194,0
53,0.8833333,1.3830149e-06,33.187714,33.187717,-0.00018622416,33.187717,0.00010002281,205,205,52,0.001016012,0.003139676,1.7038106e-05,0.20371562,0
54,0.9,1.346939e-06,33.18753,33.187534,-0.00018191914,33.187534,0.00010001352,206,206,52,0.0009762133,0.00277619,1.6714666e-05,0.20371205,0
55,0.9166667,1.3226273e-06,33.187347,33.187347,-0.00018556498,33.187347,0.000100063255,206,206,52,0.0009919733,0.0030584205,1.657797e-05,0.20370847,0
56,0.93333334,1.2878929e-06,33.187164,33.187164,-0.00018258281,33.187164,0.000100054625,206,206,52,0.00097284693,0.0029284456,1.6358119e-05,0.20370474,0
57,0.95,1.2704714e-06,33.186977,33.18698,-0.00018555809,33.18698,0.000100025485,206,206,52,0.0009719884,0.0030112024,1.626537e-05,0.20370117,0
58,0.96666664,1.2377112e-06,33.1868,33.186802,-0.0001797545,33.186802,9.997654e-05,206,206,52,0.00096120435,0.0030072858,1.5898348e-05,0.2036976,0
59,0.98333335,1.2203385e-06,33.186615,33.186615,-0.00018456051,33.186615,9.999632e-05,206,206,52,0.00095228705,0.0029606377,1.597467e-05,0.20369382,0
60,1,1.1988902e-06,33.186428,33.186428,-0.00018589463,33.186428,0.00010004722,206,206,52,0.0009161527,0.0028288641,1.5766784e-05,0.20369025,0
61,1.0166667,1.1695226e-06,33.18624,33.186245,-0.00018557004,33.186245,0.00010006819,206,206,52,0.00093053275,0.0028817141,1.5475196e-05,0.20368667,0
62,1.0333333,1.1396585e-06,33.186058,33.186058,-0.000184573,33.186058,0.00010011855,206,206,52,0.0009182556,0.002848888,1.5297695e-05,0.20368294,0
63,1.05,1.1141872e-06,33.185875,33.185875,-0.00018406984,33.185875,9.995148e-05,206,206,52,0.0008850067,0.0025404475,1.5117703e-05,0.20367938,0
64,1.0666667,1.1005322e-06,33.185688,33.18569,-0.00018522181,33.18569,0.00010009097,206,206,52,0.00087713875,0.0028207987,1.501635e-05,0.2036758,0
65,1.0833334,1.0720132e-06,33.185505,33.18551,-0.00018340787,33.18551,0.00010006945,206,206,52,0.00088989467,0.0027733718,1.4777598e-05,0.2036721,0
66,1.1,1.0498904e-06,33.18532,33.18532,-0.00018373398,33.18532,0.000100027275,206,206,52,0.00085525226,0.0024740926,1.4630346e-05,0.20366856,0
67,1.1166667,1.0328e-06,33.185135,33.185135,-0.00018805159,33.185135,9.998673e-05,206,206,52,0.0008708755,0.0026941611,1.4607039e-05,0.2036648,0
68,1.1333333,1.0198752e-06,33.184948,33.184948,-0.00018788116,33.184948,0.00010006297,206,206,52,0.000866414,0.002703994,1.4500081e-05,0.20366122,0
69,1.15,3.249138e-07,33.18478,33.184784,-0.00016512124,33.184784,0.00010008643,207,207,53,0.00047911968,0.002281878,1.207601e-05,0.2036576,0
70,1.1666666,7.587547e-07,33.184628,33.184628,-0.00015501466,33.184628,0.00010006304,207,207,53,0.0006895419,0.0029777812,8.059035e-06,0.20365433,0
71,1.1833333,1.9473287e-06,33.184464,33.184467,-0.0001599126,33.184467,0.000100024445,207,207,53,0.0011378656,0.003895465,1.5413e-05,0.2036508,0
72,1.2,3.2512312e-06,33.1843,33.184303,-0.0001652837,33.184303,0.00010005048,207,207,53,0.0014945758,0.0046694702,2.21665e-05,0.20364752,0
73,1.2166667,4.3987993e-06,33.184124,33.184128,-0.00017358652,33.184128,0.000100075245,207,207,53,0.0017485045,0.005237186,2.7213555e-05,0.20364396,0
74,1.2333333,5.3538506e-06,33.18395,33.183952,-0.0001742778,33.183952,0.00010008854,207,207,53,0.0019297947,0.0056636,3.0780742e-05,0.20364048,0
75,1.25,5.933924e-06,33.183773,33.183777,-0.00017531781,33.183777,0.00010008986,207,207,53,0.0020422605,0.005880039,3.3138305e-05,0.20363711,0
76,1.2666667,6.4987194e-06,33.183598,33.1836,-0.00017616435,33.1836,0.00010004091,205,205,52,0.002208039,0.005904589,3.470046e-05,0.20363367,0
77,1.2833333,6.5450563e-06,33.18342,33.183426,-0.0001778466,33.183426,0.00010005922,207,207,53,0.0021470636,0.0061191577,3.5521873e-05,0.2036303,0
78,1.3,6.6034527e-06,33.183243,33.18325,-0.00017600573,33.18325,0.00010002709,207,207,53,0.0021560185,0.006141094,3.5893092e-05,0.20362704,0
79,1.3166667,6.541475e-06,33.18306,33.183067,-0.00018194504,33.183067,9.996547e-05,207,207,53,0.002145685,0.0061130146,3.58878e-05,0.20362349,0
80,1.3333334,5.818124e-06,33.18289,33.1829,-0.00016847473,33.1829,0.00010013597,207,207,53,0.0020389815,0.006014783,3.5364854e-05,0.20362023,0
81,1.35,4.9839e-06,33.182735,33.18274,-0.00015910905,33.18274,0.000100100944,207,207,53,0.0018701067,0.0057396255,3.2191525e-05,0.2036168,0
82,1.3666667,4.8285724e-06,33.18258,33.182587,-0.00015394128,33.182587,0.0001000032,207,207,53,0.0018475543,0.0056880247,3.0920037e-05,0.2036136,0
83,1.3833333,4.7759218e-06,33.182426,33.18243,-0.00015583367,33.18243,9.999921e-05,207,207,53,0.0018370182,0.0057041715,3.0688723e-05,0.20361039,0
84,1.4,4.684523e-06,33.182266,33.182274,-0.0001570362,33.182274,0.00010007632,207,207,53,0.001813797,0.005694487,3.052084e-05,0.20360696,0
85,1.4166666,4.567686e-06,33.182114,33.182117,-0.00015490032,33.182117,0.00010006347,207,207,53,0.001798838,0.005621395,3.0172761e-05,0.20360376,0
86,1.4333333,4.402862e-06,33.181957,33.18196,-0.00015594583,33.18196,0.00010001231,207,207,53,0.0017641213,0.005552732,2.9691735e-05,0.20360056,0
87,1.45,4.2083325e-06,33.1818,33.181805,-0.00015780434,33.181805,0.000100130805,207,207,53,0.001720476,0.005423469,2.9089262e-05,0.20359713,0
88,1.4666667,4.00437e-06,33.181644,33.18165,-0.00015498744,33.18165,0.00010006133,207,207,53,0.0016819956,0.005349785,2.837929e-05,0.20359392,0
89,1.4833333,3.8196954e-06,33.181488,33.18149,-0.000158127,33.18149,0.00010010106,207,207,53,0.0016334383,0.00528708,2.7654194e-05,0.2035905,0
90,1.5,3.5777066e-06,33.18133,33.181335,-0.00015402793,33.181335,0.00010012228,207,207,53,0.0015873897,0.005112762,2.6821564e-05,0.2035873,0
91,1.5166667,3.369347e-06,33.18118,33.181183,-0.00015532435,33.181183,0.00010010367,207,207,53,0.001537674,0.00500698,2.6034639e-05,0.20358409,0
92,1.5333333,3.1667762e-06,33.181023,33.181026,-0.00015614984,33.181026,0.00010003483,208,208,53,0.0014866772,0.0048701027,2.523422e-05,0.20358066,0
93,1.55,2.9705682e-06,33.180866,33.18087,-0.00015497969,33.18087,0.00010013389,208,208,53,0.0014414157,0.0047698827,2.4418614e-05,0.20357746,0
94,1.5666667,2.7743606e-06,33.18071,33.180714,-0.00015614348,33.180714,0.000100081954,209,209,53,0.0013845998,0.004674856,2.364046e-05,0.20357403,0
95,1.5833334,2.607006e-06,33.180557,33.18056,-0.00015328829,33.18056,0.00010006319,209,209,53,0.0013479016,0.0045321616,2.282889e-05,0.20357083,0
96,1.6,2.44251e-06,33.180405,33.18041,-0.00015395044,33.18041,0.00010012422,209,209,53,0.0013018077,0.0044355104,2.207839e-05,0.20356762,0
97,1.6166667,2.286158e-06,33.180252,33.180252,-0.00015327729,33.180252,0.00010007539,209,209,53,0.0012564767,0.0043319855,2.132608e-05,0.20356442,0
98,1.6333333,2.131983e-06,33.180103,33.180103,-0.0001484537,33.180103,0.00010018603,209,209,53,0.0012045177,0.004321654,2.0635736e-05,0.203561,0
99,1.65,1.9935037e-06,33.179966,33.179966,-0.00013763143,33.179966,0.00010015288,209,209,53,0.0011666674,0.004091737,1.9897521e-05,0.20355779,0
100,1.6666666,1.8726453e-06,33.17982,33.179825,-0.000143599,33.179825,0.00010011811,209,209,53,0.0011329125,0.0040423963,1.9219706e-05,0.20355459,0
101,1.6833333,1.7499918e-06,33.179688,33.17969,-0.00013312671,33.17969,0.000100156416,209,209,53,0.0010934281,0.0039317184,1.8533812e-05,0.2035516,0
102,1.7,1.6365693e-06,33.17956,33.17956,-0.00012779732,33.17956,0.00010020515,209,209,53,0.0010555907,0.0038402164,1.788505e-05,0.20354863,0
103,1.7166667,1.5306765e-06,33.17944,33.179443,-0.000121139594,33.179443,0.00010015398,209,209,53,0.0010191358,0.003751324,1.7265742e-05,0.20354564,0
104,1.7333333,1.4319585e-06,33.179317,33.179317,-0.0001237925,33.179317,0.000100133686,209,209,53,0.0009839764,0.003665044,1.6668553e-05,0.20354266,0
105,1.75,1.3400521e-06,33.179188,33.179188,-0.00012844084,33.179188,0.00010014561,209,209,53,0.00095014175,0.0035817416,1.6093067e-05,0.20353968,0
106,1.7666667,1.2545154e-06,33.179066,33.179066,-0.00012411183,33.179066,0.000100197576,209,209,53,0.00091759034,0.0035014413,1.5539294e-05,0.2035367,0
107,1.7833333,1.1121655e-06,33.17894,33.178944,-0.0001231711,33.178944,0.000100167075,209,209,53,0.0008397799,0.0032194215,1.4876625e-05,0.20353372,0
108,1.8,1.115293e-06,33.178818,33.178818,-0.0001250207,33.178818,0.0001001378,209,209,53,0.0008856443,0.0038542724,1.4086685e-05,0.20353074,0
109,1.8166667,1.2795031e-06,33.17869,33.17869,-0.00012352956,33.17869,0.0001001857,210,210,53,0.00095854286,0.004065739,1.5359637e-05,0.20352776,0
110,1.8333334,1.3174489e-06,33.178566,33.178566,-0.00012698093,33.178566,0.000100207435,210,210,53,0.0009472159,0.0039229947,1.6173479e-05,0.20352478,0
111,1.85,1.2629965e-06,33.17844,33.17844,-0.0001260758,33.17844,0.000100194105,210,210,53,0.00092984637,0.0038587833,1.570082e-05,0.2035218,0
112,1.8666667,1.2098731e-06,33.178314,33.178314,-0.00012540945,33.178314,0.00010017404,210,210,53,0.0009086392,0.0038047282,1.5361033e-05,0.20351882,0
113,1.8833333,1.154184e-06,33.178192,33.178192,-0.0001214219,33.178192,0.00010019239,210,210,53,0.0008856942,0.003742939,1.4993565e-05,0.20351584,0
114,1.9,1.0959469e-06,33.178066,33.17807,-0.00012508206,33.17807,0.00010017085,210,210,53,0.000861013,0.0036747756,1.4597859e-05,0.20351286,0
115,1.9166666,1.0360491e-06,33.17794,33.17794,-0.00012741129,33.17794,0.00010012054,210,210,53,0.00083487824,0.003601327,1.4174186e-05,0.20350988,0
116,1.9333333,9.758037e-07,33.17782,33.17782,-0.00012375403,33.17782,0.000100190526,210,210,53,0.0008086522,0.0034953451,1.3738504e-05,0.2035069,0
117,1.95,9.169387e-07,33.177692,33.177692,-0.00012342013,33.177692,0.00010014059,210,210,53,0.00078131177,0.0034179126,1.3292967e-05,0.20350392,0
118,1.9666667,8.5922915e-07,33.177567,33.177567,-0.00012807413,33.177567,0.00010015967,210,210,53,0.0007536109,0.0033390562,1.2835416e-05,0.20350094,0
119,1.9833333,8.0314203e-07,33.17743,33.17743,-0.00013705027,33.17743,0.00010016899,210,210,53,0.0007257369,0.003259162,1.2373719e-05,0.20349796,0
120,2,7.4919836e-07,33.17729,33.17729,-0.0001360506,33.17729,0.00010011473,210,210,53,0.0006979521,0.003179035,1.1911323e-05,0.20349498,0
121,2.0166667,6.9779634e-07,33.177155,33.177155,-0.00013704559,33.177155,0.0001000914,210,210,53,0.00067047396,0.003099651,1.1452701e-05,0.203492,0
122,2.0333333,6.492049e-07,33.17702,33.17702,-0.00013471521,33.17702,0.00010012185,210,210,53,0.00064351654,0.003021211,1.1000786e-05,0.20348902,0
123,2.05,6.035409e-07,33.176884,33.176884,-0.00013803739,33.176884,0.000100148885,210,210,53,0.0006172139,0.002944681,1.0559053e-05,0.20348604,0
124,2.0666666,5.6079995e-07,33.176746,33.176746,-0.00013670442,33.176746,0.00010012434,210,210,53,0.00059163995,0.0028695636,1.0129157e-05,0.20348306,0
125,2.0833333,5.209891e-07,33.17661,33.17661,-0.000137034,33.17661,0.00010015783,210,210,53,0.0005668905,0.002796312,9.71201e-06,0.20348008,0
126,2.1,4.840436e-07,33.17647,33.17647,-0.00013703114,33.17647,0.00010013148,210,210,53,0.0005430436,0.0027247418,9.309374e-06,0.2034771,0
127,2.1166666,4.498331e-07,33.17634,33.17634,-0.00013470082,33.17634,0.00010016596,210,210,53,0.00052010873,0.0026553224,8.92253e-06,0.20347412,0
128,2.1333334,4.1823037e-07,33.1762,33.1762,-0.00013569575,33.1762,0.00010019399,210,210,53,0.0004981032,0.0025882882,8.550771e-06,0.20347114,0
129,2.15,3.8913888e-07,33.176064,33.176067,-0.00013635826,33.176067,0.000100102836,210,210,53,0.0004770652,0.0025233594,8.196206e-06,0.20346816,0
130,2.1666667,3.624165e-07,33.17593,33.17593,-0.00013535836,33.17593,0.00010011389,210,210,53,0.00045701352,0.0024611305,7.8563735e-06,0.20346518,0
131,2.1833334,3.3793103e-07,33.175797,33.175797,-0.0001346911,33.175797,0.000100139274,210,210,53,0.00043796544,0.0024007831,7.5328667e-06,0.2034622,0
132,2.2,3.1552358e-07,33.17566,33.17566,-0.00013668409,33.17566,0.0001001436,210,210,53,0.0004199085,0.0023430677,7.2270855e-06,0.20345922,0
133,2.2166667,2.9502868e-07,33.175526,33.175526,-0.0001343546,33.175526,0.000100137695,210,210,53,0.00040283045,0.002287557,6.9379626e-06,0.20345624,0
134,2.2333333,2.763295e-07,33.17539,33.17539,-0.00013568284,33.17539,0.0001000825,210,210,53,0.0003869784,0.002233905,6.664724e-06,0.20345326,0
135,2.25,2.5927923e-07,33.17525,33.175255,-0.0001356812,33.175255,0.000100078265,210,210,53,0.00037417663,0.00218249,6.4074247e-06,0.20345028,0
136,2.2666667,2.414377e-07,33.175117,33.175117,-0.00013568198,33.175117,0.00010011451,210,210,53,0.00036021165,0.0021305215,6.158317e-06,0.2034473,0
137,2.2833333,1.275885e-06,33.17483,33.17483,-0.0002849243,33.17483,0.000100295176,210,210,53,0.0008424914,0.0028303252,8.664198e-06,0.20344163,0
138,2.3,2.9568514e-06,33.174404,33.174408,-0.00042625962,33.174408,0.00010026522,210,210,53,0.0014057908,0.0038844375,1.9214753e-05,0.20343299,0
139,2.3166666,4.1146636e-06,33.173923,33.173927,-0.00048015066,33.173927,0.00010025346,210,210,53,0.0017077378,0.004960026,2.6251497e-05,0.20342386,0
140,2.3333333,4.770785e-06,33.17343,33.173435,-0.0004907939,33.173435,0.00010029908,210,210,53,0.0018606214,0.0055327113,2.9972678e-05,0.20341432,0
141,2.35,5.154877e-06,33.172935,33.17294,-0.00049572106,33.17294,0.00010030112,210,210,53,0.0019405277,0.005821636,3.1761374e-05,0.20340475,0
142,2.3666666,5.345877e-06,33.172424,33.17243,-0.0005098796,33.17243,0.00010031292,210,210,53,0.001976394,0.005963386,3.268935e-05,0.20339462,0
143,2.3833334,5.397225e-06,33.171913,33.17192,-0.0005096867,33.17192,0.00010032016,210,210,53,0.0019877607,0.0060244314,3.29947e-05,0.20338449,0
144,2.4,5.3946364e-06,33.171402,33.171406,-0.00051240076,33.171406,0.00010032086,211,211,54,0.0019876242,0.006038294,3.3060755e-05,0.20337436,0
145,2.4166667,5.3623767e-06,33.17088,33.170883,-0.00052456703,33.170883,0.00010034338,211,211,54,0.00198088,0.0060236747,3.3089527e-05,0.20336388,0
146,2.4333334,5.313142e-06,33.17035,33.170353,-0.0005294054,33.170353,0.000100327365,211,211,54,0.0019702576,0.0059919995,3.3007233e-05,0.20335315,0
147,2.45,5.254157e-06,33.169815,33.169823,-0.00053174276,33.169823,0.00010030926,211,211,54,0.001957353,0.005950134,3.2794484e-05,0.20334242,0
148,2.4666667,5.189789e-06,33.16929,33.169292,-0.000529088,33.169292,0.000100329846,211,211,54,0.0019431236,0.005902214,3.255223e-05,0.2033317,0
149,2.4833333,5.122749e-06,33.168755,33.168762,-0.0005320833,33.168762,0.00010033944,211,211,54,0.001928176,0.005850995,3.229404e-05,0.20332097,0
150,2.5,5.054753e-06,33.16822,33.16823,-0.0005337468,33.16823,0.000100298836,211,211,54,0.001912876,0.0057980595,3.2026666e-05,0.20331024,0
151,2.5166667,4.9869877e-06,33.167675,33.167683,-0.00054571696,33.167683,0.0001003985,211,211,54,0.0018975808,0.0057457667,3.1756743e-05,0.20329951,0
152,2.5333333,4.920415e-06,33.167133,33.167137,-0.0005440532,33.167137,0.00010039201,211,211,54,0.0018824745,0.005694181,3.1489504e-05,0.20328878,0
153,2.55,4.8549828e-06,33.166615,33.16662,-0.0005187813,33.16662,0.00010033842,211,211,54,0.0018675552,0.0056432975,3.12259e-05,0.20327805,0
154,2.5666666,4.792532e-06,33.166214,33.16622,-0.0003980771,33.16622,0.00010042104,212,212,54,0.0018534998,0.0055977604,3.097158e-05,0.20326732,0
155,2.5833333,4.733749e-06,33.165817,33.16582,-0.00039873846,33.16582,0.00010039505,212,212,54,0.0018402964,0.005555978,3.0735024e-05,0.20325659,0
156,2.6,4.677461e-06,33.165417,33.16542,-0.0004003985,33.16542,0.000100380894,212,212,54,0.0018276274,0.005516596,3.0510819e-05,0.20324586,0
157,2.6166666,4.6228492e-06,33.165016,33.16502,-0.00039973183,33.16502,0.000100355915,212,212,54,0.0018153071,0.005478746,3.0294377e-05,0.20323513,0
158,2.6333334,4.569488e-06,33.164616,33.16462,-0.0004007281,33.16462,0.000100372956,212,212,54,0.0018032264,0.0054419516,3.008353e-05,0.2032244,0
159,2.65,4.517009e-06,33.164215,33.164223,-0.0003993972,33.164223,0.00010035875,212,212,54,0.0017913067,0.005405896,2.9876495e-05,0.20321368,0
160,2.6666667,4.4655094e-06,33.163815,33.163822,-0.00040072625,33.163822,0.0001003139,212,212,54,0.0017795637,0.0053706486,2.9672465e-05,0.20320295,0
161,2.6833334,4.413321e-06,33.163414,33.16342,-0.00040039443,33.16342,0.00010039079,212,212,54,0.0017677221,0.005334853,2.9471135e-05,0.20319222,0
162,2.7,4.3581845e-06,33.163017,33.16302,-0.00039973235,33.16302,0.000100379795,212,212,54,0.0017554916,0.005299036,2.9270142e-05,0.20318149,0
163,2.7166667,4.3029327e-06,33.162617,33.16262,-0.00040006498,33.16262,0.00010034462,210,210,54,0.0017432417,0.00526358,2.9070054e-05,0.20317076,0
164,2.7333333,4.248344e-06,33.162216,33.16222,-0.00040106184,33.16222,0.00010039016,210,210,54,0.0017310764,0.005228482,2.8871926e-05,0.20316003,0
165,2.75,4.1967246e-06,33.161873,33.161877,-0.00034220458,33.161877,0.00010037237,210,210,54,0.0017194875,0.0051956335,2.8677094e-05,0.2031493,0
166,2.7666667,4.149856e-06,33.161545,33.16155,-0.00032923193,33.16155,0.00010038786,208,208,53,0.0017088972,0.005166821,2.8494656e-05,0.20313857,0
167,2.7833333,4.1056765e-06,33.16121,33.161217,-0.00033288685,33.161217,0.000100412726,208,208,53,0.0016989106,0.0051405323,2.8324366e-05,0.20312785,0
168,2.8,4.0631476e-06,33.16088,33.160885,-0.00032989262,33.160885,0.00010038284,208,208,53,0.0016892988,0.005116101,2.8159855e-05,0.20311712,0
169,2.8166666,4.0220107e-06,33.16055,33.160557,-0.00033022373,33.160557,0.000100441845,208,208,53,0.0016799953,0.005092915,2.800276e-05,0.20310639,0
170,2.8333333,3.981894e-06,33.160217,33.160225,-0.00033188527,33.160225,0.000100401696,208,208,53,0.0016709018,0.0050707613,2.7645297e-05,0.20309614,0
171,2.85,3.943646e-06,33.1599,33.159904,-0.00031908174,33.159904,0.00010038681,208,208,53,0.0016623068,0.005052013,2.6351612e-05,0.20308894,0
172,2.8666666,3.907214e-06,33.15958,33.159584,-0.00031941244,33.159584,0.000100436235,208,208,53,0.0016541299,0.005034639,2.6217698e-05,0.20308171,0
173,2.8833334,3.872019e-06,33.159264,33.159267,-0.00031874617,33.159267,0.00010036384,208,208,53,0.0016462405,0.005018462,2.6069803e-05,0.20307451,0
174,2.9,3.837779e-06,33.158943,33.158947,-0.00032057404,33.158947,0.00010036664,208,208,53,0.0016385531,0.0050030146,2.5950423e-05,0.20306727,0
175,2.9166667,3.804331e-06,33.158623,33.158627,-0.00031857818,33.158627,0.00010037282,209,209,53,0.0016310379,0.0049883355,2.5810605e-05,0.20306006,0
176,2.9333334,3.830768e-06,33.158302,33.158306,-0.00032117838,33.158306,0.00010038909,209,209,53,0.0016373586,0.0047727264,2.5712743e-05,0.20305276,0
177,2.95,5.2247924e-06,33.15793,33.157936,-0.0003708511,33.157936,0.00010041638,209,209,53,0.0019977605,0.007315303,2.9085182e-05,0.20304446,0
178,2.9666667,6.123255e-06,33.157536,33.157543,-0.00039179603,33.157543,0.000100498466,209,209,53,0.002210283,0.009181737,3.344635e-05,0.20303564,0
179,2.9833333,8.56152e-06,33.157104,33.157112,-0.00042915993,33.157112,0.00010050846,209,209,53,0.002725813,0.014989827,3.7980324e-05,0.20302631,0
180,3,1.091344e-05,33.156647,33.156654,-0.0004576759,33.156654,0.00010052505,210,210,53,0.0032243424,0.019297143,4.8536458e-05,0.20301607,0
181,3.0166667,1.2381542e-05,33.156197,33.156208,-0.00044808563,33.156208,0.00010058191,210,210,53,0.0034894017,0.020822186,5.4836026e-05,0.20300588,0
182,3.0333333,1.3193875e-05,33.155754,33.15577,-0.0004399299,33.15577,0.000100647885,210,210,53,0.0036257943,0.021507623,5.8217935e-05,0.20299594,0
183,3.05,1.353764e-05,33.155323,33.15534,-0.00042959186,33.15534,0.00010055782,210,210,53,0.003681702,0.021713903,5.9821028e-05,0.20298614,0
184,3.0666666,1.3582866e-05,33.154896,33.15491,-0.00042822785,33.15491,0.000100511614,210,210,53,0.0036895175,0.021653736,6.0338796e-05,0.20297642,0
185,3.0833333,1.3448041e-05,33.15447,33.15448,-0.00042874043,33.15448,0.000100468176,210,210,53,0.0036689106,0.021439001,6.0223254e-05,0.2029667,0
186,3.1,1.3210298e-05,33.15404,33.154057,-0.00042518572,33.154057,0.00010046571,210,210,53,0.0036318898,0.021135993,5.9718674e-05,0.20295705,0
187,3.1166666,1.2917359e-05,33.153618,33.15363,-0.00042690348,33.15363,0.00010054802,209,209,53,0.0035856667,0.020784775,5.9002334e-05,0.20294742,0
188,3.1333334,1.260316e-05,33.153244,33.153255,-0.00037388937,33.153255,0.000100576406,209,209,53,0.0035355706,0.020426419,5.7974765e-05,0.2029391,0
189,3.15,1.2288773e-05,33.15288,33.152893,-0.0003615867,33.152893,0.00010052987,209,209,53,0.0034848768,0.020076735,5.7056197e-05,0.20293115,0
190,3.1666667,1.1978646e-05,33.15252,33.15253,-0.00036141617,33.15253,0.000100562684,209,209,53,0.0034341258,0.019728823,5.6203502e-05,0.20292307,0
191,3.1833334,1.1675906e-05,33.15216,33.152172,-0.0003599125,33.152172,0.00010056323,211,211,54,0.0033838435,0.019385189,5.529296e-05,0.20291528,0
192,3.2,1.1381569e-05,33.151802,33.151814,-0.0003602366,33.151814,0.00010063766,212,212,54,0.003334219,0.019045584,5.4436812e-05,0.20290746,0
193,3.2166667,1.1094754e-05,33.15144,33.15145,-0.00036139286,33.15145,0.000100568985,211,211,54,0.0032851032,0.018706849,5.359735e-05,0.20289956,0
194,3.2333333,1.0816471e-05,33.151077,33.15109,-0.00036155057,33.15109,0.00010050009,207,207,53,0.0032367273,0.018372487,5.275777e-05,0.20289165,0
195,3.25,1.0547145e-05,33.150715,33.150726,-0.00036253914,33.150726,0.00010058106,207,207,53,0.0031892015,0.018043492,5.1933137e-05,0.2028837,0
196,3.2666667,1.02870235e-05,33.150356,33.150364,-0.0003620312,33.150364,0.00010056765,207,207,53,0.0031426311,0.017720757,5.1078987e-05,0.20287602,0
197,3.2833333,1.0035955e-05,33.14999,33.15,-0.0003631859,33.15,0.00010061269,206,206,52,0.0030970667,0.017404629,5.030726e-05,0.20286816,0
198,3.3,9.793642e-06,33.14963,33.14964,-0.0003611821,33.14964,0.00010059989,207,207,52,0.003052433,0.017093817,4.952006e-05,0.20286034,0
199,3.3166666,9.560475e-06,33.14927,33.149277,-0.000362503,33.149277,0.0001005813,207,207,52,0.0030088616,0.016790176,4.8738813e-05,0.2028526,0
200,3.3333333,9.3355675e-06,33.148903,33.14891,-0.00036681737,33.14891,0.00010062547,210,210,54,0.002966325,0.01649422,4.8004305e-05,0.20284478,0
201,3.35,9.116863e-06,33.14854,33.14855,-0.00036298728,33.14855,0.00010064871,211,211,54,0.0029244667,0.016203824,4.72614e-05,0.202837,0
202,3.3666666,8.902723e-06,33.148174,33.148186,-0.00036414652,33.148186,0.00010060745,211,211,54,0.0028826862,0.01590833,4.6531328e-05,0.20282921,0
203,3.3833334,8.694764e-06,33.147808,33.14782,-0.00036563663,33.14782,0.00010058708,211,211,54,0.0028413704,0.0156156,4.5797595e-05,0.20282143,0
204,3.4,8.494273e-06,33.147446,33.147453,-0.0003651304,33.147453,0.000100602054,211,211,54,0.0028007848,0.015327965,4.5086712e-05,0.20281358,0
205,3.4166667,8.301684e-06,33.14708,33.147087,-0.000365455,33.147087,0.00010061746,211,211,54,0.0027610199,0.015045713,4.4344924e-05,0.20280588,0
206,3.4333334,8.113884e-06,33.14671,33.14672,-0.0003687753,33.14672,0.00010058254,211,211,54,0.0027219658,0.014767906,4.364138e-05,0.20279817,0
207,3.45,7.929783e-06,33.146347,33.146355,-0.00036528026,33.146355,0.000100586934,211,211,54,0.0026836905,0.014495587,4.297021e-05,0.2027904,0
208,3.4666667,7.637024e-06,33.145977,33.145985,-0.00036738397,33.145985,0.000100579884,211,211,54,0.0026253094,0.014260159,4.2274383e-05,0.20278262,0
209,3.4833333,7.4451937e-06,33.14561,33.14562,-0.00036828057,33.14562,0.00010059589,211,211,54,0.0025953408,0.0141605195,4.1553078e-05,0.20277496,0
210,3.5,7.4012532e-06,33.145245,33.145252,-0.00036696892,33.145252,0.000100593235,211,211,54,0.0025761845,0.0138135115,4.094895e-05,0.20276728,0
211,3.5166667,7.2847083e-06,33.144875,33.144882,-0.00037069913,33.144882,0.000100609715,211,211,54,0.0025470671,0.013443941,4.0368013e-05,0.20275952,0
212,3.5333333,7.1847444e-06,33.14451,33.144516,-0.0003653624,33.144516,0.00010051575,211,211,54,0.0025177333,0.013078288,3.976271e-05,0.20275185,0
213,3.55,7.0480646e-06,33.14414,33.144146,-0.00036889044,33.144146,0.000100539844,211,211,54,0.0024813423,0.012793998,3.919429e-05,0.20274416,0
214,3.5666666,6.8718105e-06,33.14377,33.143776,-0.0003704263,33.143776,0.00010063378,211,211,54,0.0024415157,0.012646343,3.8638536e-05,0.20273645,0
215,3.5833333,6.4244437e-06,33.143402,33.14341,-0.0003675386,33.14341,0.000100533434,211,211,54,0.0023762137,0.012713192,3.8011825e-05,0.2027288,0
216,3.6,6.537596e-06,33.143036,33.14304,-0.00036747684,33.14304,0.000100575366,210,210,54,0.0023767694,0.012190841,3.7342917e-05,0.20272097,0
217,3.6166666,6.449208e-06,33.142662,33.14267,-0.00037083722,33.14267,0.000100535784,210,210,54,0.0023378832,0.011696417,3.661769e-05,0.20271343,0
218,3.6333334,6.0000452e-06,33.1423,33.142303,-0.00036504655,33.142303,0.00010059611,210,210,54,0.0022729707,0.011936955,3.6097288e-05,0.20270579,0
219,3.65,6.139446e-06,33.14193,33.141937,-0.0003677831,33.141937,0.000100582205,208,208,53,0.0022812393,0.0115006035,3.549236e-05,0.20269826,0
220,3.6666667,6.0791176e-06,33.141563,33.141567,-0.00036931285,33.141567,0.000100593876,208,208,53,0.0022482674,0.011046352,3.497663e-05,0.20269062,0
221,3.6833334,5.6561353e-06,33.141193,33.141197,-0.00036967552,33.141197,0.00010057785,207,207,53,0.0021877657,0.01131335,3.451937e-05,0.20268297,0
222,3.7,5.805595e-06,33.14082,33.140827,-0.00037143065,33.140827,0.00010058622,207,207,53,0.002199359,0.010910532,3.4013494e-05,0.20267533,0
223,3.7166667,5.7629686e-06,33.140453,33.140457,-0.0003684639,33.140457,0.000100538826,207,207,53,0.0021699474,0.0104783075,3.3519642e-05,0.20266773,0
224,3.7333333,5.3588014e-06,33.140083,33.140087,-0.00036915793,33.140087,0.000100573,207,207,53,0.0021121833,0.010759521,3.3109172e-05,0.20266016,0
225,3.75,5.514414e-06,33.139713,33.139717,-0.00037059322,33.139717,0.0001005379,207,207,53,0.0021262274,0.0103917355,3.2652464e-05,0.20265256,0
226,3.7666667,5.4966968e-06,33.139343,33.139347,-0.00036993527,33.139347,0.000100603575,207,207,53,0.0021140832,0.010185457,3.234074e-05,0.20264485,0
227,3.7833333,5.4498946e-06,33.138973,33.138977,-0.00036996437,33.138977,0.0001005614,207,207,53,0.0021068095,0.010186941,3.2184722e-05,0.20263727,0
228,3.8,5.3746553e-06,33.1386,33.138607,-0.0003721541,33.138607,0.000100563084,207,207,53,0.002090942,0.010153175,3.19826e-05,0.2026297,0
229,3.8166666,5.2888695e-06,33.13823,33.138237,-0.0003708346,33.138237,0.00010058067,207,207,53,0.002072537,0.010096033,3.172004e-05,0.2026221,0
230,3.8333333,5.19436e-06,33.137863,33.137867,-0.00036851576,33.137867,0.00010063961,207,207,53,0.0020530631,0.01004548,3.13903e-05,0.20261456,0
231,3.85,5.08052e-06,33.137493,33.137497,-0.00036986513,33.137497,0.00010057541,207,207,53,0.002026979,0.009973414,3.105943e-05,0.20260699,0
232,3.8666666,4.946558e-06,33.137123,33.137127,-0.00037071653,33.137127,0.000100515725,208,208,54,0.0019996117,0.009862716,3.0714124e-05,0.2025994,0
233,3.8833334,4.798469e-06,33.136753,33.136757,-0.00036773807,33.136757,0.00010059314,209,209,54,0.0019660424,0.009704614,3.0340127e-05,0.20259188,0
234,3.9,4.8865622e-06,33.136383,33.13639,-0.00036982947,33.13639,0.00010057436,207,207,53,0.0019656043,0.009288407,2.9875906e-05,0.20258433,0
235,3.9166667,4.847875e-06,33.136017,33.13602,-0.00036762867,33.13602,0.00010058968,207,207,53,0.0019363436,0.008762523,2.9240104e-05,0.20257683,0
236,3.9333334,4.553862e-06,33.135647,33.13565,-0.00036888153,33.13565,0.00010062497,207,207,53,0.00188128,0.008904868,2.8798895e-05,0.20256937,0
237,3.95,4.6683053e-06,33.135277,33.13528,-0.00037113315,33.13528,0.00010057811,207,207,53,0.0019046359,0.008861771,2.85526e-05,0.20256175,0
238,3.9666667,1.9598647e-05,33.134632,33.13465,-0.00063063815,33.13465,0.00010081185,207,207,53,0.0029899364,0.04200113,3.5463483e-05,0.20254955,0
239,3.9833333,3.289399e-05,33.134003,33.134033,-0.00061614637,33.134033,0.0001007315,207,207,53,0.0045005125,0.040998377,5.9682334e-05,0.20253772,0
240,4,5.309424e-05,33.133373,33.133427,-0.0006062489,33.133427,0.0001008532,209,209,54,0.0060960404,0.040414717,8.691531e-05,0.20252594,0
241,4.016667,7.86399e-05,33.13276,33.132835,-0.0005909282,33.132835,0.000100779296,209,209,54,0.0075893034,0.04141057,0.00011355802,0.20251408,0
242,4.0333333,0.00010775001,33.132145,33.132256,-0.00058287487,33.132256,0.00010075616,208,208,54,0.008952547,0.042782005,0.00013737357,0.2025026,0
243,4.05,0.00014056047,33.131542,33.131683,-0.0005701967,33.131683,0.00010086818,208,208,54,0.010214588,0.04489431,0.00015947792,0.2024911,0
244,4.0666666,0.00017559373,33.130947,33.131123,-0.00056165626,33.131123,0.000100789286,211,211,55,0.011357082,0.047416564,0.00017964044,0.2024794,0
245,4.0833335,0.0001974149,33.130764,33.13096,-0.0001622232,33.13096,0.00010030146,211,211,55,0.012337267,0.036802836,0.00019775477,0.20247611,0
246,4.1,0.0002049072,33.13056,33.130768,-0.00019434137,33.130768,0.00010024511,211,211,55,0.0128909005,0.04182495,0.00021145724,0.20247224,0
247,4.116667,0.00014398011,33.130398,33.130543,-0.0002226933,33.130543,0.0001002347,211,211,55,0.010666732,0.035624247,0.00019499684,0.20246853,0
248,4.133333,9.468135e-05,33.130253,33.13035,-0.00019510445,33.13035,0.00010025317,211,211,55,0.0087672565,0.030603243,0.00016145142,0.20246512,0
249,4.15,5.559551e-05,33.130108,33.13016,-0.00018505781,33.13016,0.00010025688,211,211,55,0.0068939985,0.026288167,0.00013007122,0.20246175,0
250,4.1666665,2.7491858e-05,33.12996,33.129986,-0.00017823199,33.129986,0.00010023723,211,211,55,0.0050484287,0.021875134,9.895993e-05,0.20245837,0
251,4.1833334,1.0815597e-05,33.129803,33.12981,-0.00017312229,33.12981,0.00010032436,211,211,55,0.003324442,0.017040994,6.870253e-05,0.2024549,0
252,4.2,5.053857e-06,33.12963,33.12964,-0.00017401189,33.12964,0.00010032007,211,211,55,0.00226695,0.011793977,4.5208682e-05,0.20245135,0
253,4.2166667,2.620353e-06,33.129456,33.12946,-0.00018016019,33.12946,0.00010034726,211,211,55,0.0016018377,0.008273512,3.0965526e-05,0.20244764,0
254,4.233333,1.8620768e-06,33.129276,33.12928,-0.00017815245,33.12928,0.00010033865,211,211,55,0.0013260838,0.006334762,2.290909e-05,0.20244402,0
255,4.25,1.8372034e-06,33.12909,33.129093,-0.00018789312,33.129093,0.00010030862,211,211,55,0.0012805641,0.0058177956,2.0460871e-05,0.20244029,0
256,4.266667,1.5692101e-06,33.128918,33.128918,-0.00017367204,33.128918,0.00010030967,211,211,55,0.0011884492,0.005724734,1.954485e-05,0.20243673,0
257,4.2833333,1.5624781e-06,33.128735,33.12874,-0.00018105851,33.12874,0.00010028597,211,211,55,0.0011699803,0.005512601,1.8688826e-05,0.20243308,0
258,4.3,1.8000619e-06,33.128544,33.128548,-0.0001892932,33.128548,0.00010029345,211,211,55,0.0012654422,0.005623039,1.9019304e-05,0.20242926,0
259,4.3166666,1.5926115e-06,33.128365,33.128365,-0.00018242301,33.128365,0.00010033525,211,211,55,0.0011831229,0.0056132246,1.95028e-05,0.20242563,0
260,4.3333335,1.7575754e-06,33.12818,33.12818,-0.0001820506,33.12818,0.0001003008,211,211,55,0.0012464452,0.0055152425,1.8913746e-05,0.202422,0
261,4.35,1.5874804e-06,33.128002,33.128006,-0.00017773052,33.128006,0.00010032339,211,211,55,0.0011846843,0.0055205785,1.8922563e-05,0.20241842,0
262,4.366667,1.5135782e-06,33.127823,33.127823,-0.00018062691,33.127823,0.000100324454,211,211,55,0.0011487034,0.005337997,1.8289578e-05,0.20241475,0
263,4.383333,1.8430244e-06,33.127636,33.127636,-0.00018787131,33.127636,0.00010032895,211,211,55,0.0012692903,0.0055820025,1.9189778e-05,0.20241106,0
264,4.4,1.5978025e-06,33.127453,33.127457,-0.00018079823,33.127457,0.00010041565,211,211,55,0.0011788225,0.0054689464,1.9367391e-05,0.20240733,0
265,4.4166665,1.551234e-06,33.12727,33.12727,-0.0001845897,33.12727,0.00010026596,211,211,55,0.0011554841,0.005358677,1.8432009e-05,0.20240372,0
266,4.4333334,1.4453233e-06,33.127087,33.12709,-0.0001814902,33.12709,0.00010028049,211,211,55,0.0011394593,0.0053529707,1.7871549e-05,0.2024001,0
267,4.45,6.7193805e-06,33.12686,33.12687,-0.00022033408,33.12687,0.00010040135,211,211,55,0.0019208032,0.030361066,2.183347e-05,0.20239544,0
268,4.4666667,1.1568114e-05,33.12676,33.12677,-0.00010122201,33.12677,0.00010016822,211,211,55,0.0029719558,0.025862027,4.043175e-05,0.20239314,0
269,4.483333,1.7215425e-05,33.126713,33.126728,-3.9075305e-05,33.126728,0.00010018078,211,211,55,0.0037853639,0.027930928,5.684056e-05,0.20239232,0
270,4.5,2.1925121e-05,33.12667,33.126694,-3.735284e-05,33.126694,0.00010017362,211,211,55,0.004421055,0.029738024,6.875516e-05,0.20239162,0
271,4.516667,2.5148645e-05,33.12663,33.126656,-3.784148e-05,33.126656,0.00010020823,211,211,55,0.00488592,0.030868739,7.782811e-05,0.20239095,0
272,4.5333333,2.8161185e-05,33.126595,33.12662,-3.2067284e-05,33.12662,0.00010023208,211,211,55,0.0052816477,0.030659609,8.4891064e-05,0.20239037,0
273,4.55,3.1840733e-05,33.126556,33.126587,-3.3395336e-05,33.126587,0.00010021703,211,211,55,0.005656921,0.031626433,9.121354e-05,0.20238982,0
274,4.5666666,3.3143944e-05,33.126526,33.12656,-3.0285255e-05,33.12656,0.000100188205,211,211,55,0.005976116,0.033647135,9.7438926e-05,0.20238943,0
275,4.5833335,5.6683507e-06,33.12647,33.126476,-8.283854e-05,33.126476,0.00010015596,211,211,55,0.002052941,0.005409065,6.4604676e-05,0.20238817,0
276,4.6,7.7263957e-07,33.12639,33.126392,-8.4531894e-05,33.126392,0.00010014145,209,209,54,0.0008007711,0.003028981,2.1930091e-05,0.20238642,0
277,4.616667,1.7537461e-07,33.126312,33.126312,-7.85709e-05,33.126312,0.000100144476,209,209,54,0.00039598675,0.002903735,8.861383e-06,0.2023848,0
278,4.633333,1.3040092e-07,33.126232,33.126232,-8.0678685e-05,33.126232,0.00010019385,209,209,54,0.00025273865,0.0014650554,3.3885458e-06,0.20238312,0
279,4.65,6.0485476e-08,33.12615,33.12615,-8.30312e-05,33.12615,0.00010011845,209,209,54,0.00015034401,0.0018719638,2.8448935e-06,0.20238137,0
280,4.6666665,1.2681633e-07,33.126064,33.126064,-8.439125e-05,33.126064,0.000100151075,209,209,54,0.00022440331,0.0016130365,3.143563e-06,0.20237961,0
281,4.6833334,9.860493e-08,33.125988,33.12599,-7.4344236e-05,33.12599,0.00010018169,209,209,54,0.0001945973,0.002219809,3.1286802e-06,0.20237805,0
282,4.7,5.5342333e-08,33.125908,33.125908,-8.0344464e-05,33.125908,0.000100153324,209,209,54,0.00016087055,0.001978832,3.0358688e-06,0.20237637,0
283,4.7166667,9.266008e-08,33.12583,33.12583,-7.743755e-05,33.12583,0.00010013087,209,209,54,0.00021159677,0.0015705273,2.9370249e-06,0.2023747,0
284,4.733333,1.0413578e-07,33.125748,33.125748,-8.26173e-05,33.125748,0.000100135105,209,209,54,0.00023581243,0.0026426725,2.9687878e-06,0.20237298,0
285,4.75,1.305809e-07,33.125668,33.125668,-8.326735e-05,33.125668,0.00010013749,209,209,54,0.0002477475,0.0022481775,2.870256e-06,0.20237127,0
286,4.766667,5.82225e-08,33.125587,33.125587,-7.7713485e-05,33.125587,0.00010013714,209,209,54,0.00016416528,0.0016926829,2.7344518e-06,0.20236959,0
287,4.7833333,1.00071716e-07,33.125504,33.125504,-8.375071e-05,33.125504,0.00010014322,209,209,54,0.00019195466,0.002251678,3.1393263e-06,0.20236786,0
288,4.8,6.46495e-08,33.12543,33.12543,-7.2855146e-05,33.12543,0.000100179226,209,209,54,0.00017559757,0.001767365,2.9157827e-06,0.20236634,0
289,4.8166666,9.537272e-08,33.12535,33.12535,-7.960546e-05,33.12535,0.00010021156,210,210,54,0.00021812702,0.0022751333,2.860814e-06,0.20236465,0
290,4.8333335,8.699184e-08,33.12527,33.12527,-7.964457e-05,33.12527,0.000100142104,213,213,55,0.00019638428,0.0024041012,2.9896485e-06,0.20236297,0
291,4.85,1.4858323e-07,33.1252,33.125202,-7.2425624e-05,33.125202,0.00010013158,213,213,55,0.00026145033,0.0016219664,2.5996737e-06,0.20236151,0
292,4.866667,8.3559776e-08,33.125134,33.125134,-6.623455e-05,33.125134,0.000100184625,213,213,55,0.00017517107,0.0023457948,2.5725572e-06,0.20236017,0
293,4.883333,8.8826674e-08,33.12507,33.12507,-6.682928e-05,33.12507,0.00010014299,213,213,55,0.0001875037,0.0011237073,2.3522066e-06,0.20235886,0
294,4.9,1.567863e-07,33.125,33.125,-6.726535e-05,33.125,0.0001001204,213,213,55,0.00025591746,0.0013475447,2.640186e-06,0.20235747,0
295,4.9166665,1.11174515e-07,33.12493,33.12493,-6.8210196e-05,33.12493,0.00010017007,213,213,55,0.00023857394,0.0024386044,2.9305152e-06,0.2023561,0
296,4.9333334,5.7623918e-08,33.124866,33.124866,-6.3396736e-05,33.124866,0.00010016608,213,213,55,0.00017577455,0.0017307746,3.041457e-06,0.20235483,0
297,4.95,1.05267965e-07,33.1248,33.1248,-6.562311e-05,33.1248,0.000100185986,210,210,54,0.00019990704,0.0016547112,2.2643997e-06,0.2023535,0
298,4.9666667,1.06284695e-07,33.124737,33.124737,-6.699978e-05,33.124737,0.00010015306,212,212,55,0.00024454587,0.002457987,3.0357996e-06,0.20235215,0
299,4.983333,1.05232225e-07,33.124672,33.124676,-6.184794e-05,33.124676,0.00010013582,212,212,55,0.00021526706,0.0022924868,2.4004157e-06,0.2023509,0
300,5,1.0456539e-07,33.12461,33.12461,-6.234632e-05,33.12461,0.00010013081,212,212,55,0.0002252323,0.0019423658,2.5310662e-06,0.20234963,0
301,5.016667,8.397111e-08,33.12455,33.12455,-5.9872422e-05,33.12455,0.000100122284,212,212,55,0.00020824885,0.0021116666,2.759589e-06,0.20234841,0
302,5.0333333,1.0725525e-07,33.12449,33.12449,-6.3984924e-05,33.12449,0.00010014734,212,212,55,0.00023114486,0.002108264,2.6898922e-06,0.20234711,0
303,5.05,1.13048564e-07,33.124428,33.124428,-6.001229e-05,33.124428,0.00010014165,212,212,55,0.00017755834,0.0026964662,2.2302831e-06,0.20234588,0
304,5.0666666,1.6570111e-07,33.124363,33.124363,-6.362305e-05,33.124363,0.00010011692,212,212,55,0.00025319424,0.0012656004,2.4104052e-06,0.20234458,0
305,5.0833335,5.5388377e-08,33.124306,33.124306,-5.9463375e-05,33.124306,0.000100144185,212,212,55,0.00016277251,0.0016888004,2.6198884e-06,0.20234334,0
306,5.1,9.833443e-08,33.124245,33.124245,-6.097267e-05,33.124245,0.000100174555,212,212,55,0.0002461765,0.002537631,2.4199621e-06,0.20234211,0
307,5.116667,8.8755534e-08,33.124176,33.124176,-6.8340414e-05,33.124176,0.00010018596,212,212,55,0.00020036036,0.0025907203,2.8133127e-06,0.20234072,0
308,5.133333,9.592683e-08,33.124115,33.124115,-5.9013382e-05,33.124115,0.00010014832,212,212,55,0.00019518324,0.0022291318,2.2607087e-06,0.20233952,0
309,5.15,6.864731e-08,33.124054,33.124058,-6.0377875e-05,33.124058,0.00010012074,212,212,55,0.0001675756,0.0022521159,2.2041831e-06,0.20233831,0
310,5.1666665,8.207164e-08,33.12399,33.12399,-6.549108e-05,33.12399,0.00010015505,212,212,55,0.00020456214,0.001343932,2.6033713e-06,0.202337,0
311,5.1833334,9.833412e-08,33.123928,33.123928,-6.1664374e-05,33.123928,0.00010018066,212,212,55,0.00024448952,0.0024972747,2.6008631e-06,0.2023357,0
312,5.2,1.0457602e-07,33.123863,33.123863,-6.616328e-05,33.123863,0.000100132434,212,212,55,0.0002209829,0.0018796893,2.811938e-06,0.20233436,0
313,5.2166667,1.062441e-07,33.123795,33.123795,-6.9160444e-05,33.123795,0.00010021779,212,212,55,0.00025085075,0.0025134343,2.7572582e-06,0.20233302,0
314,5.233333,7.785561e-08,33.12373,33.12373,-6.25403e-05,33.12373,0.00010013337,212,212,55,0.00020546837,0.0018833594,3.4631764e-06,0.20233174,0
315,5.25,1.2389087e-07,33.123665,33.123665,-6.761978e-05,33.123665,0.00010017696,212,212,55,0.00026423397,0.0018156706,3.7924617e-06,0.20233038,0
316,5.266667,1.0032251e-07,33.123604,33.123604,-6.0041653e-05,33.123604,0.00010010007,212,212,55,0.00020360442,0.002262106,3.0217886e-06,0.20232911,0
317,5.2833333,8.8600956e-08,33.123535,33.123535,-6.6181245e-05,33.123535,0.00010013737,212,212,55,0.00018193961,0.0017177128,2.3719597e-06,0.2023278,0
318,5.3,1.09550385e-07,33.123474,33.123474,-6.165969e-05,33.123474,0.00010021617,212,212,55,0.00020088218,0.0019003685,2.374514e-06,0.2023265,0
319,5.3166666,9.237991e-08,33.123413,33.123413,-6.053402e-05,33.123413,0.00010014213,212,212,55,0.00020886103,0.0030317192,2.311489e-06,0.20232531,0
320,5.3333335,1.2533997e-07,33.123356,33.123356,-5.9652615e-05,33.123356,0.00010013597,212,212,55,0.00024895047,0.0014921199,2.4566236e-06,0.20232408,0
321,5.35,1.05299996e-07,33.123295,33.123295,-6.136816e-05,33.123295,0.00010020243,212,212,55,0.0002196198,0.0018940559,2.9860241e-06,0.20232284,0
322,5.366667,1.3589307e-07,33.123234,33.123234,-5.898996e-05,33.123234,0.000100122,212,212,55,0.00027919374,0.0025607473,3.0294693e-06,0.20232163,0
323,5.383333,1.09449566e-07,33.12317,33.12317,-6.42009e-05,33.12317,0.00010015227,212,212,55,0.00023242264,0.0023156567,2.9999105e-06,0.20232035,0
324,5.4,7.6555175e-08,33.123116,33.123116,-5.6393368e-05,33.123116,0.0001001883,212,212,55,0.00016668411,0.0023011009,2.3891532e-06,0.20231918,0
325,5.4166665,9.509441e-08,33.12306,33.12306,-5.7671972e-05,33.12306,0.0001001565,212,212,55,0.00021471959,0.0024527463,2.4040937e-06,0.20231797,0
326,5.4333334,1.00541975e-07,33.122997,33.122997,-5.8350084e-05,33.122997,0.00010013935,212,212,55,0.00021335199,0.001400904,2.4848273e-06,0.20231676,0
327,5.45,9.170948e-08,33.122936,33.122936,-6.285325e-05,33.122936,0.00010013909,212,212,55,0.00020362879,0.0023953845,2.2303288e-06,0.20231554,0
328,5.4666667,9.187304e-08,33.12287,33.12287,-6.517183e-05,33.12287,0.000100139245,213,213,55,0.00020157597,0.0027752607,2.4966462e-06,0.2023142,0
329,5.483333,1.3744912e-07,33.12281,33.12281,-5.914123e-05,33.12281,0.00010022217,213,213,55,0.0002331674,0.001935945,2.1703195e-06,0.202313,0
330,5.5,1.0135827e-07,33.122746,33.122746,-6.387804e-05,33.122746,0.000100151534,213,213,55,0.00017339582,0.0023845134,2.0201826e-06,0.2023117,0
331,5.516667,8.639768e-08,33.122692,33.122692,-5.654169e-05,33.122692,0.00010013063,213,213,55,0.00019071047,0.0022112646,2.286689e-06,0.20231056,0
332,5.5333333,9.737467e-08,33.12263,33.12263,-6.117089e-05,33.12263,0.00010011268,213,213,55,0.00021523696,0.0016756731,2.3615637e-06,0.20230931,0
333,5.55,7.895884e-08,33.12257,33.12257,-5.837395e-05,33.12257,0.00010018337,213,213,55,0.00019105038,0.002449593,2.5227794e-06,0.2023081,0
334,5.5666666,2.4817004e-07,33.122482,33.122482,-9.01073e-05,33.122482,0.00010022373,213,213,55,0.00036188227,0.0023770656,3.1754576e-06,0.20230627,0
335,5.5833335,2.3970782e-07,33.12237,33.12237,-0.00011056809,33.12237,0.00010030338,213,213,55,0.00035822342,0.0020943824,2.9696862e-06,0.20230402,0
336,5.6,2.29066e-07,33.12227,33.122272,-9.976369e-05,33.122272,0.00010020973,213,213,55,0.00034381164,0.0016867837,4.1362387e-06,0.202302,0
337,5.616667,2.1641097e-07,33.122158,33.12216,-0.000110572284,33.12216,0.00010020545,213,213,55,0.0003543225,0.0020776081,4.6796013e-06,0.20229977,0
338,5.633333,3.6624948e-07,33.122047,33.122047,-0.000113402384,33.122047,0.000100194404,213,213,55,0.0004602725,0.002419248,5.0915673e-06,0.20229746,0
339,5.65,2.507793e-07,33.121952,33.121952,-9.521338e-05,33.121952,0.00010026716,213,213,55,0.00041891515,0.0028976253,5.2505115e-06,0.20229559,0
340,5.6666665,2.584656e-07,33.12185,33.12185,-0.000101574165,33.12185,0.000100282996,213,213,55,0.00041405964,0.002478805,4.9002074e-06,0.20229349,0
341,5.6833334,1.6416878e-07,33.121746,33.121746,-0.000102341175,33.121746,0.00010019551,213,213,55,0.00032959876,0.0027401978,4.4506123e-06,0.20229147,0
342,5.7,3.0220988e-07,33.121643,33.121643,-0.00010410389,33.121643,0.00010022816,213,213,55,0.00043886964,0.0024409893,5.118022e-06,0.20228931,0
343,5.7166667,2.2846508e-07,33.121548,33.121548,-9.450663e-05,33.121548,0.00010018454,213,213,55,0.00035006396,0.0026054375,3.836417e-06,0.20228744,0
344,5.733333,2.4355614e-07,33.121445,33.121445,-0.00010406059,33.121445,0.00010020378,213,213,55,0.00036689735,0.0021533864,3.9813153e-06,0.20228535,0
345,5.75,2.5109966e-07,33.12134,33.12134,-0.0001012418,33.12134,0.00010022988,213,213,55,0.00036222386,0.0016364637,3.8277076e-06,0.20228331,0
346,5.766667,1.6172207e-07,33.121243,33.121243,-9.917741e-05,33.121243,0.00010023418,213,213,55,0.00027884846,0.0027395631,3.799659e-06,0.20228125,0
347,5.7833333,3.0242057e-07,33.121136,33.121136,-0.000107758846,33.121136,0.00010024191,213,213,55,0.0004036304,0.0017848834,4.0504706e-06,0.20227906,0
348,5.8,1.5787413e-07,33.121037,33.121037,-9.8733806e-05,33.121037,0.00010017199,213,213,55,0.00029391973,0.0016011548,4.1474677e-06,0.20227711,0
349,5.8166666,1.8847483e-07,33.12094,33.12094,-9.8392404e-05,33.12094,0.00010019548,213,213,55,0.00031998116,0.0015779212,4.0078094e-06,0.20227508,0
350,5.8333335,3.155804e-07,33.12083,33.12083,-0.000109434994,33.12083,0.00010027346,213,213,55,0.00042121718,0.002306154,4.0272507e-06,0.20227292,0
351,5.85,2.7548353e-07,33.120724,33.120724,-0.00010727462,33.120724,0.00010021624,213,213,55,0.00039289417,0.0021846876,4.238675e-06,0.20227073,0
352,5.866667,3.2293082e-07,33.120625,33.120625,-9.887433e-05,33.120625,0.00010024172,213,213,55,0.0004074944,0.0013781365,4.303646e-06,0.20226875,0
353,5.883333,2.6908705e-07,33.12053,33.12053,-9.3322946e-05,33.12053,0.00010023,213,213,55,0.00037634754,0.0024119886,3.5241526e-06,0.2022668,0
354,5.9,2.495743e-07,33.120426,33.120426,-0.0001044277,33.120426,0.00010025507,213,213,55,0.00035754722,0.0022042394,3.6560486e-06,0.20226474,0
355,5.9166665,2.2177532e-07,33.120327,33.120327,-9.845081e-05,33.120327,0.00010017768,213,213,55,0.00034688218,0.0021184967,3.990906e-06,0.20226277,0
356,5.9333334,2.357732e-07,33.12022,33.12022,-0.00010722053,33.12022,0.00010026968,213,213,55,0.0003640712,0.0020689778,3.944584e-06,0.20226058,0
357,5.95,2.565703e-07,33.120113,33.120113,-0.00010604994,33.120113,0.00010013994,213,213,55,0.00036912988,0.002126291,3.966181e-06,0.20225841,0
358,5.9666667,1.8264235e-07,33.120014,33.120014,-9.9826975e-05,33.120014,0.00010023649,213,213,55,0.0003046882,0.0021792634,4.0349014e-06,0.20225644,0
359,5.983333,1.5619653e-07,33.11992,33.11992,-9.462559e-05,33.11992,0.00010019545,213,213,55,0.00029123825,0.0014003563,3.7630487e-06,0.20225449,0
360,6,1.692029e-07,33.119812,33.119812,-0.00010755403,33.119812,0.000100255565,213,213,55,0.00028690614,0.0024068072,3.6575395e-06,0.20225227,0
361,6.016667,2.725368e-07,33.119736,33.119736,-7.770404e-05,33.119736,0.000100272264,213,213,55,0.00038170285,0.0023622185,3.9552474e-06,0.20225042,0
362,6.0333333,1.8488672e-07,33.11966,33.11966,-7.373865e-05,33.11966,0.00010024872,213,213,55,0.0003327678,0.0020790969,4.132443e-06,0.20224865,0
363,6.05,2.5997593e-07,33.119583,33.119583,-7.8563564e-05,33.119583,0.00010034257,213,213,55,0.00037512797,0.002491465,3.719047e-06,0.20224681,0
364,6.0666666,3.2350403e-07,33.119503,33.119503,-8.040393e-05,33.119503,0.000100239544,213,213,55,0.0004381055,0.0025721015,4.4495537e-06,0.20224497,0
365,6.0833335,2.7335713e-07,33.119427,33.119427,-7.669374e-05,33.119427,0.00010031691,212,212,55,0.0003904795,0.0014881294,4.2532483e-06,0.20224313,0
366,6.1,2.6622322e-07,33.119347,33.119347,-7.980957e-05,33.119347,0.00010032235,212,212,55,0.00038413878,0.0021473903,4.2989686e-06,0.2022412,0
367,6.116667,3.0738826e-07,33.119263,33.119267,-8.075881e-05,33.119267,0.00010031462,212,212,55,0.00041969353,0.002869567,4.3741525e-06,0.20223932,0
368,6.133333,2.3307918e-07,33.119186,33.119186,-7.887922e-05,33.119186,0.00010032558,212,212,55,0.00037809706,0.002213384,4.3715295e-06,0.20223744,0
369,6.15,2.9948112e-07,33.119102,33.119102,-8.3559906e-05,33.119102,0.00010022329,212,212,55,0.00041066934,0.0025043155,4.526466e-06,0.20223549,0
370,6.1666665,2.52921e-07,33.11903,33.11903,-7.236752e-05,33.11903,0.00010024878,212,212,55,0.0003682251,0.0018752745,3.9414335e-06,0.20223375,0
371,6.1833334,2.70848e-07,33.118954,33.118954,-7.5295626e-05,33.118954,0.000100247,212,212,55,0.000388717,0.0023890838,3.9135525e-06,0.202232,0
372,6.2,2.8387643e-07,33.118877,33.118877,-7.646431e-05,33.118877,0.000100235375,212,212,55,0.0004069925,0.0026715659,3.924593e-06,0.20223019,0
373,6.2166667,2.1940164e-07,33.1188,33.1188,-7.803811e-05,33.1188,0.00010026966,212,212,55,0.00035570914,0.0022532602,3.8883854e-06,0.20222832,0
374,6.233333,2.5855502e-07,33.118725,33.118725,-7.610567e-05,33.118725,0.00010022563,212,212,55,0.00038230707,0.0020171555,4.0703444e-06,0.20222653,0
375,6.25,2.7273953e-07,33.118656,33.118656,-6.948044e-05,33.118656,0.00010021051,212,212,55,0.00039778263,0.002078222,4.236351e-06,0.20222484,0
376,6.266667,1.8790767e-07,33.11858,33.11858,-7.4068346e-05,33.11858,0.00010018793,212,212,55,0.00033422862,0.0021612132,3.961855e-06,0.20222318,0
377,6.2833333,1.8933004e-07,33.118507,33.118507,-7.364958e-05,33.118507,0.000100282254,212,212,55,0.00032986567,0.0015356423,3.7574996e-06,0.20222135,0
378,6.3,1.9126469e-07,33.118435,33.118435,-7.198651e-05,33.118435,0.00010026588,212,212,55,0.00033973626,0.0020742246,3.7563896e-06,0.20221972,0
379,6.3166666,1.5125521e-07,33.11837,33.11837,-6.438073e-05,33.11837,0.00010017199,212,212,55,0.00028528704,0.0018923698,3.1842947e-06,0.20221816,0
380,6.3333335,1.4937484e-07,33.1183,33.1183,-6.9496506e-05,33.1183,0.00010024296,212,212,55,0.0002807826,0.0016556391,3.206898e-06,0.20221649,0
381,6.35,1.9547458e-07,33.118233,33.118233,-6.994729e-05,33.118233,0.0001002163,212,212,55,0.00032907975,0.0012144212,3.483325e-06,0.20221493,0
382,6.366667,1.8156464e-07,33.11816,33.11816,-7.250113e-05,33.11816,0.00010026935,212,212,55,0.00030448736,0.0018200804,3.6871215e-06,0.20221317,0
383,6.383333,2.1547234e-07,33.118084,33.118084,-7.2952076e-05,33.118084,0.00010028763,212,212,55,0.00034255415,0.001986813,3.3053675e-06,0.20221145,0
384,6.4,1.6996717e-07,33.11802,33.11802,-6.621503e-05,33.11802,0.000100298676,212,212,55,0.00030995774,0.0019193267,3.4659934e-06,0.20220985,0
385,6.4166665,2.6684705e-07,33.117947,33.117947,-7.388663e-05,33.117947,0.00010025614,212,212,55,0.00035618542,0.0014096878,3.629569e-06,0.20220813,0
386,6.4333334,2.292711e-07,33.117878,33.117878,-6.687212e-05,33.117878,0.00010027281,212,212,55,0.0003345476,0.002554979,3.608305e-06,0.20220646,0
387,6.45,2.0631047e-07,33.117813,33.117813,-6.602623e-05,33.117813,0.000100250545,212,212,55,0.00031915776,0.002293843,3.1035938e-06,0.20220484,0
388,6.4666667,1.2849975e-07,33.117752,33.117752,-6.059466e-05,33.117752,0.0001002552,212,212,55,0.00025453477,0.0015627485,2.9575097e-06,0.20220335,0
389,6.483333,2.0872453e-07,33.117683,33.117683,-6.874938e-05,33.117683,0.00010019559,212,212,55,0.00029905012,0.0022373549,2.984918e-06,0.20220171,0
390,6.5,1.7743402e-07,33.11762,33.11762,-6.304197e-05,33.11762,0.000100255194,212,212,55,0.00032104092,0.0022538279,3.118497e-06,0.20220014,0
391,6.516667,2.402743e-07,33.117554,33.117554,-6.6272936e-05,33.117554,0.000100195575,212,212,55,0.0003511939,0.0014172242,3.3049985e-06,0.20219855,0
392,6.5333333,2.428263e-07,33.11749,33.11749,-6.4338165e-05,33.11749,0.000100195575,212,212,55,0.00034780471,0.001946759,3.3770198e-06,0.2021969,0
393,6.55,1.6733028e-07,33.117424,33.117424,-6.6743785e-05,33.117424,0.000100195575,212,212,55,0.0003091335,0.0020355543,3.3378935e-06,0.20219527,0
394,6.5666666,2.4829265e-07,33.117355,33.117355,-6.791737e-05,33.117355,0.000100195575,212,212,55,0.00036104707,0.0017111932,3.3739548e-06,0.20219362,0
395,6.5833335,1.8958687e-07,33.117294,33.117294,-6.1406834e-05,33.117294,0.00010023289,212,212,55,0.00032344693,0.0018454787,3.3734038e-06,0.20219205,0
396,6.6,2.2213086e-07,33.11723,33.11723,-6.414192e-05,33.11723,0.000100235586,212,212,55,0.00034703885,0.0019893511,3.0863519e-06,0.2021905,0
397,6.616667,2.1304635e-07,33.11716,33.11716,-6.734239e-05,33.11716,0.00010019556,212,212,55,0.00032959922,0.001483729,3.2197488e-06,0.20218885,0
398,6.633333,2.0193345e-07,33.117092,33.117092,-6.834195e-05,33.117092,0.000100325524,212,212,55,0.00032649055,0.0018762845,3.0171198e-06,0.2021872,0
399,6.65,2.4082686e-07,33.117027,33.117027,-6.5631866e-05,33.117027,0.00010020702,212,212,55,0.00035768579,0.0018299719,3.579255e-06,0.20218554,0
400,6.6666665,1.9533216e-07,33.116962,33.116962,-6.621502e-05,33.116962,0.000100288475,212,212,55,0.0003216619,0.002327477,3.4435905e-06,0.2021839,0
401,6.6833334,2.1815643e-07,33.116894,33.116894,-6.963805e-05,33.116894,0.00010030574,212,212,55,0.00034342858,0.0015408788,3.7156437e-06,0.20218222,0
402,6.7,2.0894595e-07,33.11682,33.11682,-7.066762e-05,33.11682,0.00010031478,212,212,55,0.00034160353,0.0023947626,3.6511253e-06,0.2021805,0
403,6.7166667,2.516742e-07,33.116753,33.116753,-6.729058e-05,33.116753,0.00010029363,212,212,55,0.00035600684,0.002194169,3.5001492e-06,0.20217885,0
404,6.733333,1.6033766e-07,33.116688,33.116688,-6.60946e-05,33.116688,0.00010020022,212,212,55,0.00029846188,0.0020913456,3.5404994e-06,0.20217726,0
405,6.75,2.5157894e-07,33.11662,33.11662,-6.907087e-05,33.11662,0.00010028364,212,212,55,0.00037550429,0.0022150697,3.897192e-06,0.20217553,0
406,6.766667,2.4283645e-07,33.11655,33.11655,-7.016839e-05,33.11655,0.00010025402,212,212,55,0.0003557776,0.0020961554,3.6108722e-06,0.2021738,0
407,6.7833333,1.4284396e-07,33.11648,33.11648,-6.74333e-05,33.11648,0.00010024425,212,212,55,0.0002820419,0.0017689322,3.3697495e-06,0.2021722,0
408,6.8,2.3534976e-07,33.116413,33.116413,-6.840459e-05,33.116413,0.00010031477,212,212,55,0.0003492448,0.001708295,3.2259552e-06,0.20217048,0
409,6.8166666,2.1800672e-07,33.116344,33.116344,-6.8846944e-05,33.116344,0.00010025503,212,212,55,0.00033217945,0.0019872684,3.4445925e-06,0.2021688,0
410,6.8333335,2.1770079e-07,33.116276,33.116276,-6.766612e-05,33.116276,0.00010019556,212,212,55,0.00033398074,0.0021005182,3.3164577e-06,0.20216712,0
411,6.85,1.5235331e-07,33.11621,33.11621,-6.590236e-05,33.11621,0.00010019556,212,212,55,0.00029040923,0.0020750351,3.2960381e-06,0.20216548,0
412,6.866667,2.564604e-07,33.11614,33.11614,-7.20506e-05,33.11614,0.00010025512,212,212,55,0.0003530692,0.0022155654,3.228621e-06,0.20216376,0
413,6.883333,2.2451322e-07,33.11607,33.11607,-6.9692825e-05,33.11607,0.000100314996,212,212,55,0.0003572812,0.001893219,3.3760277e-06,0.20216201,0
414,6.9,1.7986675e-07,33.116005,33.116005,-6.338783e-05,33.116005,0.00010027243,212,212,55,0.00032202128,0.0019062085,3.582392e-06,0.20216045,0
415,6.9166665,1.8425482e-07,33.115936,33.115936,-6.849271e-05,33.115936,0.00010019709,212,212,55,0.00031934763,0.0017912673,3.1511865e-06,0.20215875,0
416,6.9333334,1.7014202e-07,33.11587,33.11587,-6.701491e-05,33.11587,0.00010022784,212,212,55,0.00029749572,0.0023936406,3.215648e-06,0.2021571,0
417,6.95,2.4746956e-07,33.115795,33.115795,-7.4072435e-05,33.115795,0.00010024217,212,212,55,0.00034002762,0.0019910848,3.2842672e-06,0.20215537,0
418,6.9666667,1.5880065e-07,33.11573,33.11573,-6.393062e-05,33.11573,0.00010020396,212,212,55,0.00029996567,0.0020986944,3.5149812e-06,0.20215367,0
419,6.983333,2.0651198e-07,33.11566,33.11566,-6.9779424e-05,33.11566,0.00010026963,212,212,55,0.00033931618,0.0020724041,3.3340434e-06,0.202152,0
420,7,1.7733394e-07,33.115597,33.115597,-6.370487e-05,33.115597,0.000100223544,212,212,55,0.00030498923,0.0016857663,3.1132097e-06,0.20215043,0
421,7.016667,1.483676e-07,33.11553,33.11553,-7.185116e-05,33.11553,0.00010030465,212,212,55,0.00028484932,0.0015823952,3.4542206e-06,0.20214868,0
422,7.0333333,2.4182845e-07,33.115456,33.115456,-7.22275e-05,33.115456,0.00010027028,212,212,55,0.00035016832,0.0018065424,3.5201563e-06,0.20214696,0
423,7.05,2.0227671e-07,33.11539,33.11539,-6.53778e-05,33.11539,0.000100325895,212,212,55,0.00031712267,0.0024078696,3.3648869e-06,0.20214531,0
424,7.0666666,2.472716e-07,33.11532,33.11532,-6.9117115e-05,33.11532,0.0001001965,213,213,55,0.0003582523,0.0019037109,3.2610342e-06,0.20214358,0
425,7.0833335,2.5932118e-06,33.11503,33.115032,-0.0002872704,33.115032,0.00010071544,216,216,56,0.0011446363,0.0019278583,8.458649e-06,0.20213714,0
426,7.1,3.4954796e-06,33.11479,33.114796,-0.0002368425,33.114796,0.000100802594,214,214,55,0.0014150443,0.0031453324,1.5218312e-05,0.20213121,0
427,7.116667,3.984896e-06,33.1146,33.114605,-0.00019070393,33.114605,0.00010078351,213,213,55,0.0015415684,0.0036185682,1.8968944e-05,0.20212647,0
428,7.133333,3.3628346e-06,33.114464,33.114468,-0.00013911254,33.114468,0.000100619414,213,213,55,0.0014175598,0.0031100386,1.9404833e-05,0.20212276,0
429,7.15,3.3178803e-06,33.114307,33.11431,-0.00015482843,33.11431,0.00010072761,213,213,55,0.0014126401,0.0032056812,1.9042287e-05,0.20211878,0
430,7.1666665,3.3162596e-06,33.114155,33.11416,-0.00015262379,33.11416,0.0001006986,213,213,55,0.0014133118,0.0032333978,1.8912591e-05,0.20211491,0
431,7.1833334,3.2564908e-06,33.114002,33.114006,-0.00015318069,33.114006,0.00010064905,213,213,55,0.001400322,0.0032798843,1.8733246e-05,0.20211108,0
432,7.2,3.2975568e-06,33.113853,33.113857,-0.00014842472,33.113857,0.000100636964,216,216,56,0.0014118999,0.0032443455,1.859651e-05,0.20210728,0
433,7.2166667,3.2601788e-06,33.113705,33.113705,-0.00015066448,33.113705,0.00010069717,215,215,56,0.0013989393,0.003221457,1.8547638e-05,0.20210353,0
434,7.233333,3.2358016e-06,33.113556,33.113556,-0.00014898893,33.113556,0.000100681245,213,213,55,0.0013962832,0.0032393062,1.8443112e-05,0.20209977,0
435,7.25,3.2187188e-06,33.113407,33.11341,-0.00014532403,33.11341,0.00010072979,213,213,55,0.0013952194,0.0032673061,1.8360568e-05,0.2020961,0
436,7.266667,3.2665844e-06,33.113274,33.113277,-0.0001362813,33.113277,0.00010072518,213,213,55,0.0014035648,0.0034342122,1.8348652e-05,0.20209259,0
437,7.2833333,3.2645607e-06,33.113132,33.113136,-0.00013915752,33.113136,0.00010064848,213,213,55,0.0014080628,0.003460784,1.8324656e-05,0.20208903,0
438,7.3,3.241791e-06,33.112995,33.113,-0.00013934453,33.113,0.00010072246,213,213,55,0.0013981911,0.0034673424,1.8233442e-05,0.20208539,0
439,7.3166666,3.2326657e-06,33.112854,33.112858,-0.00013916462,33.112858,0.00010065528,212,212,55,0.0014005109,0.0034479757,1.8178858e-05,0.20208186,0
440,7.3333335,3.204055e-06,33.112713,33.112717,-0.00014151169,33.112717,0.000100734345,212,212,55,0.0013892255,0.0034568724,1.8085833e-05,0.20207827,0
441,7.35,3.1946117e-06,33.112576,33.11258,-0.00013617236,33.11258,0.00010067699,212,212,55,0.0013870632,0.0034187718,1.8016424e-05,0.20207474,0
442,7.366667,3.1753998e-06,33.112442,33.112446,-0.00013634838,33.112446,0.000100686564,212,212,55,0.0013831533,0.0034455843,1.793971e-05,0.20207116,0
443,7.383333,3.1580835e-06,33.112305,33.112305,-0.00013767653,33.112305,0.00010066474,212,212,55,0.0013786051,0.003410939,1.7831428e-05,0.20206758,0
444,7.4,3.1445943e-06,33.112164,33.112167,-0.00014000027,33.112167,0.00010070719,212,212,55,0.0013745796,0.0034005581,1.7719043e-05,0.2020638,0
445,7.4166665,3.122737e-06,33.11203,33.11203,-0.00013485472,33.11203,0.0001007116,211,211,55,0.0013675264,0.0034083102,1.7674058e-05,0.2020603,0
446,7.4333334,3.112634e-06,33.111893,33.111893,-0.0001373368,33.111893,0.00010075398,211,211,55,0.0013691152,0.003383817,1.7620128e-05,0.20205693,0
447,7.45,3.0950562e-06,33.11175,33.111755,-0.00013933933,33.111755,0.0001007254,211,211,55,0.0013598436,0.003388058,1.7517626e-05,0.20205344,0
448,7.4666667,3.0818592e-06,33.111618,33.111618,-0.00013517858,33.111618,0.0001006828,209,209,54,0.0013593336,0.0033591613,1.7390677e-05,0.20204976,0
449,7.483333,3.059401e-06,33.111477,33.11148,-0.00013967673,33.11148,0.00010073851,212,212,55,0.0013525574,0.0033855373,1.735303e-05,0.20204622,0
450,7.5,3.0417991e-06,33.11134,33.111343,-0.00013634677,33.111343,0.00010073548,212,212,55,0.0013460487,0.003354076,1.7287568e-05,0.20204279,0
451,7.516667,3.0338601e-06,33.111202,33.111206,-0.00013799965,33.111206,0.00010064818,212,212,55,0.001345236,0.003345898,1.7170625e-05,0.20203921,0
452,7.5333333,3.7525692e-06,33.111076,33.11108,-0.00012663269,33.11108,0.00010062787,212,212,55,0.0015744533,0.0040597036,1.8829338e-05,0.2020359,0
453,7.55,4.550201e-06,33.110943,33.110947,-0.00013287146,33.110947,0.00010066304,211,211,55,0.0017660435,0.00470922,2.3928038e-05,0.20203254,0
454,7.5666666,4.9010796e-06,33.110813,33.110817,-0.0001299931,33.110817,0.00010065655,211,211,55,0.001840013,0.0048924214,2.6231537e-05,0.20202917,0
455,7.5833335,5.0158937e-06,33.110672,33.110676,-0.00013987196,33.110676,0.000100592784,211,211,55,0.0018612553,0.0049511236,2.7033744e-05,0.20202547,0
456,7.6,4.937885e-06,33.11054,33.110546,-0.00013175204,33.110546,0.000100592704,211,211,55,0.0018295505,0.0047529335,2.6783991e-05,0.20202225,0
457,7.616667,4.8378456e-06,33.110405,33.11041,-0.00013443414,33.11041,0.000100635654,211,211,55,0.0018064181,0.00469466,2.6321011e-05,0.20201883,0
458,7.633333,4.771738e-06,33.110268,33.110275,-0.00013639528,33.110275,0.00010063878,211,211,55,0.0017912893,0.004672686,2.5945781e-05,0.2020154,0
459,7.65,5.7753587e-06,33.110065,33.11007,-0.00020332387,33.11007,0.00010084267,211,211,55,0.0019410162,0.005040874,2.6026793e-05,0.20201044,0
460,7.6666665,5.719588e-06,33.109894,33.1099,-0.00016996847,33.1099,0.00010079861,211,211,55,0.0019324379,0.00503653,2.619697e-05,0.20200606,0
461,7.6833334,5.6854087e-06,33.109726,33.10973,-0.00017027938,33.10973,0.000100762525,211,211,55,0.0019239088,0.0050224788,2.6131005e-05,0.2020017,0
462,7.7,5.615312e-06,33.109554,33.109562,-0.00016898527,33.109562,0.000100780104,211,211,55,0.0019116581,0.004983073,2.5946962e-05,0.20199738,0
463,7.7166667,5.5680894e-06,33.10938,33.109386,-0.00017494756,33.109386,0.00010079893,213,213,56,0.0019031593,0.004930156,2.5809008e-05,0.20199274,0
464,7.733333,5.523135e-06,33.109207,33.109215,-0.00017211896,33.109215,0.000100808036,213,213,56,0.0018936336,0.0049328855,2.553663e-05,0.20198822,0
465,7.75,5.1879097e-06,33.10904,33.109043,-0.00016991541,33.109043,0.00010075851,213,213,56,0.0018171292,0.0046277237,2.4598186e-05,0.20198414,0
466,7.766667,5.037385e-06,33.108868,33.10887,-0.00017089449,33.10887,0.000100825804,213,213,56,0.0017824331,0.0045256848,2.3655624e-05,0.20197977,0
467,7.7833333,4.9193163e-06,33.108696,33.1087,-0.0001731896,33.1087,0.00010083271,213,213,56,0.0017588397,0.004421916,2.312398e-05,0.20197502,0
468,7.8,4.8388565e-06,33.108524,33.10853,-0.0001716557,33.10853,0.000100726604,213,213,56,0.0017416767,0.0043761497,2.2927881e-05,0.20197093,0
469,7.8166666,4.535757e-06,33.10834,33.108345,-0.0001816874,33.108345,0.000100875375,211,211,55,0.0016364618,0.0038678076,2.2330569e-05,0.2019663,0
470,7.8333335,3.968476e-06,33.10817,33.108173,-0.00017463636,33.108173,0.00010089737,211,211,55,0.0015014899,0.0033747233,1.9508041e-05,0.20196185,0
471,7.85,3.7082148e-06,33.10799,33.107994,-0.00017649065,33.107994,0.00010084303,211,211,55,0.0014380022,0.0033044976,1.7687154e-05,0.20195732,0
472,7.866667,3.6056845e-06,33.10782,33.107822,-0.00017500288,33.107822,0.00010082735,211,211,55,0.001414109,0.0032684184,1.6884847e-05,0.20195279,0
473,7.883333,3.5772457e-06,33.107643,33.107647,-0.00017492878,33.107647,0.00010082002,211,211,55,0.0014070671,0.003269122,1.651921e-05,0.2019482,0
474,7.9,3.5411852e-06,33.107468,33.10747,-0.00017393887,33.10747,0.000100812664,211,211,55,0.0013995905,0.0032579452,1.6440681e-05,0.20194381,0
475,7.9166665,3.5385037e-06,33.107296,33.1073,-0.00017357299,33.1073,0.00010079209,211,211,55,0.0013982696,0.0032631594,1.6297296e-05,0.20193902,0
476,7.9333334,1.0642564e-05,33.10706,33.10707,-0.00022665058,33.10707,0.00010098557,210,210,55,0.0015396482,0.04393808,1.5054075e-05,0.2019333,0
477,7.95,2.0231484e-05,33.10685,33.10687,-0.00020338384,33.10687,0.000101077385,210,210,55,0.0029995067,0.056812134,3.8639533e-05,0.2019277,0
478,7.9666667,3.334028e-05,33.106655,33.10669,-0.00017841706,33.10669,0.00010108922,211,211,55,0.004167164,0.06445183,6.195375e-05,0.20192216,0
479,7.983333,2.264437e-05,33.10648,33.106503,-0.0001872588,33.106503,0.00010097796,211,211,55,0.0028323508,0.051081646,4.8415597e-05,0.20191713,0
480,8,1.4421681e-05,33.106304,33.10632,-0.00018295678,33.10632,0.000100888,210,210,54,0.0025060643,0.009874351,4.3302127e-05,0.20191193,0
481,8.016666,2.492045e-05,33.106087,33.10611,-0.00020929045,33.10611,0.00010106535,210,210,54,0.002971307,0.046862565,4.39339e-05,0.20190611,0
482,8.033334,2.8919601e-05,33.1059,33.105927,-0.00018253905,33.105927,0.000101251804,211,211,55,0.0035551025,0.0445742,5.0641498e-05,0.2019009,0
483,8.05,2.5971876e-05,33.105732,33.105755,-0.00017119787,33.105755,0.00010103846,210,210,55,0.0039525726,0.012635865,5.988806e-05,0.20189604,0
484,8.066667,3.0541698e-05,33.105553,33.105583,-0.00017282435,33.105583,0.00010104375,211,211,55,0.0044067786,0.011145942,6.869043e-05,0.20189096,0
485,8.083333,3.9925646e-05,33.105362,33.105404,-0.00018047936,33.105404,0.00010104826,211,211,55,0.0046522273,0.043206654,7.4113785e-05,0.2018855,0
486,8.1,4.0248262e-05,33.105198,33.10524,-0.00016443616,33.10524,0.00010092203,211,211,55,0.0048952796,0.034071,7.724269e-05,0.20188093,0
487,8.116667,4.4871176e-05,33.105007,33.105053,-0.00018657043,33.105053,0.00010103405,211,211,55,0.0051503438,0.041634817,8.221108e-05,0.20187563,0
488,8.133333,5.0740866e-05,33.104816,33.104866,-0.00018665369,33.104866,0.00010109585,210,210,55,0.0056872577,0.042572897,8.6846885e-05,0.20187014,0
489,8.15,5.0945204e-05,33.10464,33.10469,-0.00017419724,33.10469,0.00010109942,210,210,55,0.006338103,0.04516787,9.867279e-05,0.2018648,0
490,8.166667,4.628511e-05,33.10447,33.104515,-0.00017723287,33.104515,0.00010092342,210,210,55,0.006586439,0.04295237,0.00010748514,0.20185961,0
491,8.183333,5.1116855e-05,33.10423,33.10428,-0.00023457556,33.10428,0.00010124094,210,210,55,0.0063916417,0.04710056,0.00010711967,0.20185299,0
492,8.2,4.836402e-05,33.10402,33.10407,-0.00021057168,33.10407,0.00010115632,210,210,55,0.0063006165,0.04201476,0.000104039675,0.20184694,0
493,8.216666,4.9197e-05,33.103817,33.103867,-0.00020116694,33.103867,0.000101146914,210,210,55,0.0062253415,0.045264028,0.0001031033,0.20184097,0
494,8.233334,4.756678e-05,33.10361,33.10366,-0.00020895031,33.10366,0.000101082864,210,210,55,0.006102185,0.044920407,0.00010033262,0.20183499,0
495,8.25,3.698415e-05,33.10344,33.103477,-0.00018182537,33.103477,0.00010097536,210,210,55,0.0058473884,0.037355926,9.78217e-05,0.20182972,0
496,8.266666,3.8636812e-05,33.1032,33.10324,-0.00023775465,33.10324,0.00010114756,210,210,55,0.0055792313,0.039262526,9.388296e-05,0.20182283,0
497,8.283334,3.8515056e-05,33.10301,33.103046,-0.0001916476,33.103046,0.000101123595,210,210,54,0.005367196,0.04239905,8.951358e-05,0.20181794,0
498,8.3,3.557055e-05,33.102818,33.10285,-0.00019596666,33.10285,0.00010122056,210,210,54,0.0051034247,0.039851017,8.493524e-05,0.20181313,0
499,8.316667,2.8995526e-05,33.10266,33.10269,-0.00016119225,33.10269,0.00010092999,210,210,54,0.004957072,0.033524755,8.085057e-05,0.20180854,0
500,8.333333,2.8557854e-05,33.102455,33.10248,-0.00020676023,33.10248,0.000101212165,208,208,53,0.0046724165,0.037259586,7.783128e-05,0.2018037,0
501,8.35,2.7157019e-05,33.10227,33.102295,-0.0001869415,33.102295,0.000101220074,208,208,53,0.004390278,0.040487316,7.258916e-05,0.20179896,0
502,8.366667,1.9718673e-05,33.10209,33.102108,-0.00018882264,33.102108,0.00010115754,209,209,53,0.003974692,0.03212706,6.6316854e-05,0.20179462,0
503,8.383333,2.1531765e-05,33.1019,33.10192,-0.00018721893,33.10192,0.0001011693,208,208,53,0.0037019034,0.038791377,5.9863105e-05,0.20178984,0
504,8.4,1.736037e-05,33.10171,33.10173,-0.00019154086,33.10173,0.000101214224,211,211,54,0.0032903545,0.03451113,5.3643245e-05,0.20178509,0
505,8.416667,1.6519954e-05,33.101524,33.10154,-0.00018887491,33.10154,0.000101133686,208,208,53,0.0029649024,0.036012333,4.714689e-05,0.20178048,0
506,8.433333,1.51537015e-05,33.101345,33.10136,-0.00017992422,33.10136,0.00010110339,208,208,53,0.0025749109,0.037614554,4.0468203e-05,0.20177577,0
507,8.45,1.3089987e-05,33.101177,33.10119,-0.0001716439,33.10119,0.00010106082,208,208,53,0.0023599472,0.035250798,3.402658e-05,0.20177136,0
508,8.466666,7.531728e-06,33.10097,33.10098,-0.00021021826,33.10098,0.000101128695,208,208,53,0.001866927,0.022660453,2.747114e-05,0.20176667,0
509,8.483334,6.283336e-06,33.100815,33.100822,-0.00015669689,33.100822,0.00010093076,206,206,52,0.0017958282,0.023755023,2.3136832e-05,0.2017623,0
510,8.5,1.3019977e-05,33.100616,33.100628,-0.00019393324,33.100628,0.00010114691,206,206,52,0.0018828894,0.037288617,2.435384e-05,0.20175743,0
511,8.516666,1.3625037e-05,33.10044,33.100456,-0.00017263273,33.100456,0.00010097053,206,206,52,0.0016919547,0.043340832,2.6343616e-05,0.20175329,0
512,8.533334,1.4385632e-05,33.100277,33.100292,-0.00016366568,33.100292,0.00010108903,206,206,52,0.0020311864,0.046664923,3.2845146e-05,0.20174916,0
513,8.55,5.6214367e-06,33.10014,33.100147,-0.00014509336,33.100147,0.00010084136,206,206,52,0.0015765746,0.01992642,1.5519192e-05,0.20174523,0
514,8.566667,7.5694625e-06,33.099937,33.099945,-0.00020121568,33.099945,0.00010103681,206,206,52,0.0018197908,0.022743888,1.9150037e-05,0.20174094,0
515,8.583333,7.879739e-06,33.099743,33.09975,-0.00019470694,33.09975,0.00010094271,206,206,52,0.0018801348,0.023820106,2.1872447e-05,0.20173654,0
516,8.6,8.170781e-06,33.099575,33.099583,-0.00016779285,33.099583,0.00010083562,205,205,51,0.0019189452,0.024040746,2.3737335e-05,0.20173259,0
517,8.616667,6.0925927e-06,33.09941,33.09942,-0.00016500817,33.09942,0.00010078901,205,205,51,0.0015564889,0.017714344,2.4801811e-05,0.2017289,0
518,8.633333,6.930298e-06,33.09922,33.099228,-0.00018869308,33.099228,0.000100991674,205,205,51,0.0021577696,0.0058641834,2.7067808e-05,0.20172496,0
519,8.65,7.990285e-06,33.099068,33.099075,-0.00015305847,33.099075,0.000100753816,205,205,51,0.002273918,0.005482522,3.1874442e-05,0.20172122,0
520,8.666667,9.248988e-06,33.098892,33.098904,-0.0001738079,33.098904,0.00010092598,205,205,51,0.0024436242,0.0058176336,3.527835e-05,0.20171763,0
521,8.683333,1.0038405e-05,33.098717,33.098724,-0.00017593973,33.098724,0.000100939666,205,205,51,0.0025650286,0.0061684907,3.7789432e-05,0.20171335,0
522,8.7,1.0451268e-05,33.098537,33.09855,-0.00017748008,33.09855,0.00010088074,205,205,51,0.0026701202,0.0068519586,3.9251052e-05,0.20170972,0
523,8.716666,1.03913035e-05,33.098335,33.098347,-0.00020255866,33.098347,0.00010097011,208,208,52,0.0027832058,0.010541634,3.9968283e-05,0.20170543,0
524,8.733334,1.6824255e-05,33.098114,33.09813,-0.00021718013,33.09813,0.00010107087,208,208,52,0.003392317,0.009062298,4.4214372e-05,0.20170058,0
525,8.75,2.6034428e-05,33.097866,33.097893,-0.00023634858,33.097893,0.00010109292,208,208,52,0.0043111765,0.013426765,5.7333833e-05,0.20169508,0
526,8.766666,3.9560422e-05,33.09756,33.0976,-0.0002918846,33.0976,0.0001013632,208,208,52,0.005070011,0.032634538,7.093424e-05,0.20168875,0
527,8.783334,4.0508527e-05,33.097343,33.09738,-0.0002181761,33.09738,0.000101334095,208,208,52,0.005551255,0.020161709,8.283598e-05,0.20168401,0
528,8.8,4.820152e-05,33.097115,33.097164,-0.00021841392,33.097164,0.00010127326,207,207,52,0.006124968,0.019050064,9.327285e-05,0.20167907,0
529,8.816667,5.611382e-05,33.096886,33.096943,-0.00022201848,33.096943,0.00010105724,207,207,52,0.006598443,0.018933497,0.00010262973,0.2016741,0
530,8.833333,6.620064e-05,33.09663,33.096695,-0.0002474423,33.096695,0.00010111674,207,207,52,0.007165033,0.021865718,0.000110832945,0.20166872,0
531,8.85,7.278896e-05,33.096333,33.096405,-0.00028868072,33.096405,0.00010127811,207,207,52,0.0075236936,0.027475493,0.00011820745,0.20166261,0
532,8.866667,7.6363845e-05,33.096123,33.0962,-0.000205574,33.0962,0.00010101712,208,208,52,0.0077461605,0.02251994,0.00012390273,0.20165814,0
533,8.883333,8.11599e-05,33.09588,33.09596,-0.00024059643,33.09596,0.000101037,208,208,52,0.007974307,0.023007805,0.00012817967,0.20165272,0
534,8.9,9.016137e-05,33.095562,33.095654,-0.00030821323,33.095654,0.000101355836,208,208,52,0.008236502,0.036353633,0.00013145349,0.20164667,0
535,8.916667,8.51862e-05,33.095367,33.095455,-0.00019799732,33.095455,0.00010106954,208,208,52,0.008163908,0.024351342,0.00013317939,0.2016426,0
536,8.933333,8.4647545e-05,33.09517,33.095257,-0.0001983822,33.095257,0.00010113666,206,206,51,0.008173779,0.02359285,0.00013373095,0.2016384,0
537,8.95,8.3855615e-05,33.095005,33.09509,-0.00016754578,33.09509,0.0001011172,209,209,52,0.008119206,0.023516728,0.00013283611,0.2016346,0
538,8.966666,8.947408e-05,33.094772,33.094864,-0.00022547609,33.094864,0.00010142334,209,209,52,0.008195524,0.039899148,0.00013137027,0.20162995,0
539,8.983334,7.620158e-05,33.09466,33.094738,-0.00012349962,33.094738,0.00010127162,209,209,52,0.007821699,0.024504285,0.00012830585,0.20162785,0
540,9,7.0783404e-05,33.094505,33.094574,-0.00016402552,33.094574,0.000101304904,208,208,52,0.0073961006,0.022097696,0.00012326796,0.20162445,0
541,9.016666,6.464209e-05,33.09439,33.094456,-0.00012035856,33.094456,0.000101071324,208,208,52,0.007102612,0.020471957,0.000117506,0.20162214,0
542,9.033334,6.2601655e-05,33.09423,33.09429,-0.00016147905,33.09429,0.00010112751,208,208,52,0.006928199,0.023661159,0.00011135591,0.20161888,0
543,9.05,5.59609e-05,33.094025,33.094078,-0.0002129633,33.094078,0.00010141543,208,208,52,0.0064557507,0.025770534,0.000104387516,0.20161475,0
544,9.066667,4.423506e-05,33.093895,33.093937,-0.00014123855,33.093937,0.000101415055,208,208,52,0.0058504143,0.019027287,9.6059826e-05,0.20161203,0
545,9.083333,3.7152764e-05,33.093754,33.093792,-0.00014823287,33.093792,0.0001013795,208,208,52,0.005320305,0.017325902,8.731333e-05,0.20160906,0
546,9.1,3.5244106e-05,33.093605,33.09364,-0.00015120572,33.09364,0.00010145274,208,208,52,0.004940077,0.024916608,7.8084566e-05,0.2016059,0
547,9.116667,2.4768318e-05,33.093483,33.09351,-0.00013134323,33.09351,0.00010147511,208,208,52,0.0042436267,0.012620106,6.868412e-05,0.20160323,0
548,9.133333,1.8561324e-05,33.093384,33.093403,-0.00010496251,33.093403,0.000101202655,206,206,51,0.0036337238,0.009929122,5.9198093e-05,0.20160061,0
549,9.15,1.8771947e-05,33.093266,33.093285,-0.000117664225,33.093285,0.00010108338,210,210,52,0.003406372,0.017994419,4.891449e-05,0.20159839,0
550,9.166667,1.021304e-05,33.09314,33.09315,-0.00013458026,33.09315,0.00010119337,210,210,52,0.002519526,0.0067708595,3.845161e-05,0.20159553,0
551,9.183333,1.9646284e-05,33.092934,33.092953,-0.00019772058,33.092953,0.00010134667,211,211,52,0.0027596483,0.029593108,2.9658591e-05,0.20159115,0
552,9.2,6.9875305e-06,33.092808,33.092815,-0.00013701756,33.092815,0.00010129653,211,211,52,0.0018867579,0.0064402088,2.0456335e-05,0.20158817,0
553,9.216666,6.2782756e-06,33.092712,33.09272,-9.680469e-05,33.09272,0.00010121782,211,211,52,0.0017589554,0.004830253,1.5399663e-05,0.20158552,0
554,9.233334,5.444182e-06,33.092598,33.0926,-0.00011588261,33.0926,0.00010106114,211,211,52,0.0016193907,0.0042037177,1.2423626e-05,0.20158322,0
555,9.25,5.020736e-06,33.09248,33.092484,-0.00011813204,33.092484,0.00010110421,211,211,52,0.001535525,0.0036962521,1.1045818e-05,0.20158042,0
556,9.266666,4.7671747e-06,33.09236,33.09237,-0.00011713088,33.09237,0.00010107651,212,212,52,0.0014838261,0.0033614868,1.0048009e-05,0.20157799,0
557,9.283334,4.6165974e-06,33.09224,33.092247,-0.00012251432,33.092247,0.000101123995,211,211,52,0.0014525143,0.003029113,9.094993e-06,0.20157525,0
558,9.3,4.56708e-06,33.09212,33.092125,-0.00011908815,33.092125,0.00010108191,211,211,52,0.0014389892,0.0028075976,8.33764e-06,0.20157236,0
559,9.316667,4.605252e-06,33.092,33.092007,-0.00012099553,33.092007,0.00010110357,211,211,52,0.0014432402,0.0027125608,7.847995e-06,0.20156965,0
560,9.333333,4.608992e-06,33.091877,33.09188,-0.00012418881,33.09188,0.000101065954,211,211,52,0.001444865,0.0026383116,7.5361454e-06,0.2015668,0
561,9.35,4.5740358e-06,33.09176,33.091763,-0.00011874108,33.091763,0.00010108519,211,211,52,0.0014406533,0.002538033,7.2426815e-06,0.20156409,0
562,9.366667,4.562667e-06,33.091637,33.09164,-0.00012287387,33.09164,0.00010103928,211,211,52,0.0014379857,0.002484082,6.9974803e-06,0.2015611,0
563,9.383333,4.5448396e-06,33.091515,33.09152,-0.00012204906,33.09152,0.00010109025,210,210,51,0.0014341882,0.0024789656,7.0835604e-06,0.20155844,0
564,9.4,1.5591844e-05,33.091278,33.091293,-0.00022304014,33.091293,0.00010143046,209,209,50,0.0021109614,0.033287942,1.263268e-05,0.2015535,0
565,9.416667,2.0484857e-05,33.091095,33.091118,-0.00017798757,33.091118,0.00010149674,209,209,50,0.002564319,0.03238806,3.2486845e-05,0.20154944,0
566,9.433333,6.189006e-06,33.0911,33.091103,-1.3464574e-05,33.091103,0.00010090785,209,209,50,0.0018604057,0.0037050208,3.07361e-05,0.2015493,0
567,9.45,4.99439e-06,33.090977,33.09098,-0.0001230596,33.09098,0.000101087775,209,209,50,0.0016550304,0.0038637638,2.2836517e-05,0.20154658,0
568,9.466666,4.435505e-06,33.09086,33.090862,-0.00011859999,33.090862,0.000101069636,209,209,50,0.0014793299,0.002918238,1.569139e-05,0.20154381,0
569,9.483334,4.242661e-06,33.090736,33.09074,-0.000120229015,33.09074,0.00010103397,209,209,50,0.0014119868,0.0023781923,1.0818854e-05,0.2015411,0
570,9.5,3.80614e-06,33.09062,33.090622,-0.00011914265,33.090622,0.00010100146,209,209,50,0.0013531176,0.005526048,8.995125e-06,0.20153835,0
571,9.516666,3.9325264e-06,33.09054,33.090546,-7.817976e-05,33.090546,0.00010092004,209,209,50,0.0014788595,0.003845542,1.6244785e-05,0.20153646,0
572,9.533334,1.9005336e-05,33.090363,33.09038,-0.0001636514,33.09038,0.000101160025,209,209,50,0.0026684839,0.032418527,2.1379212e-05,0.20153275,0
573,9.55,2.2097032e-05,33.090263,33.090286,-9.333625e-05,33.090286,0.000101118945,209,209,50,0.0033037232,0.033181418,5.076935e-05,0.20153093,0
574,9.566667,6.7824544e-06,33.09017,33.090176,-0.00010974746,33.090176,0.00010107679,209,209,50,0.001636839,0.01070743,2.963965e-05,0.20152912,0
575,9.583333,4.5670176e-06,33.09005,33.090054,-0.00012258411,33.090054,0.0001010653,209,209,50,0.0013818047,0.00574679,1.7510129e-05,0.2015264,0
576,9.6,1.455083e-05,33.089886,33.089897,-0.0001557725,33.089897,0.00010112143,210,210,51,0.0021364284,0.033307333,1.64423e-05,0.20152299,0
577,9.616667,3.408834e-05,33.08975,33.08978,-0.000118121694,33.08978,0.00010124363,210,210,51,0.003648416,0.035490625,4.296628e-05,0.20152046,0
578,9.633333,8.678297e-06,33.089672,33.08968,-9.906104e-05,33.08968,0.000100999205,210,210,51,0.0018484045,0.016120633,3.845485e-05,0.20151883,0
579,9.65,5.4778407e-06,33.089542,33.08955,-0.00013287942,33.08955,0.00010104444,210,210,51,0.0016716551,0.008671881,1.6815538e-05,0.20151645,0
580,9.666667,1.920714e-05,33.08938,33.089397,-0.00015235953,33.089397,0.00010126154,211,211,52,0.0026935309,0.03153093,1.960958e-05,0.2015131,0
581,9.683333,3.50751e-05,33.08925,33.089283,-0.00011430977,33.089283,0.00010131009,211,211,52,0.003919143,0.036785442,4.86293e-05,0.20151082,0
582,9.7,7.971031e-06,33.089176,33.089184,-9.709746e-05,33.089184,0.0001010233,211,211,52,0.001971556,0.015441174,4.2269283e-05,0.20150967,0
583,9.716666,5.4230973e-06,33.089043,33.08905,-0.00013605076,33.08905,0.00010106222,211,211,52,0.0017427829,0.007345532,1.7507575e-05,0.20150676,0
584,9.733334,2.2191198e-05,33.088875,33.088898,-0.00015031826,33.088898,0.00010117401,211,211,52,0.0031604678,0.031017676,2.9085322e-05,0.20150341,0
585,9.75,3.4384073e-05,33.088753,33.088787,-0.00011199967,33.088787,0.00010120213,211,211,52,0.0041603404,0.036421854,5.521774e-05,0.20150149,0
586,9.766666,1.0256732e-05,33.088688,33.0887,-8.863431e-05,33.0887,0.00010107309,211,211,52,0.0024031105,0.018153299,5.6797828e-05,0.20150074,0
587,9.783334,4.5776915e-06,33.08857,33.088573,-0.00012554895,33.088573,0.00010108358,212,212,52,0.0016018943,0.005345079,2.024279e-05,0.20149826,0
588,9.8,1.6513934e-05,33.0884,33.08842,-0.00015265628,33.08842,0.000101210455,213,213,52,0.0027898492,0.030644765,2.2080836e-05,0.20149483,0
589,9.816667,2.8525234e-05,33.08827,33.088295,-0.00012398536,33.088295,0.00010119259,213,213,52,0.0038880503,0.032484632,4.9600083e-05,0.20149268,0
590,9.833333,3.4691668e-05,33.088154,33.08819,-0.00010871583,33.08819,0.00010122748,213,213,52,0.0044875373,0.035791855,6.464862e-05,0.20149097,0
591,9.85,3.1094063e-05,33.088093,33.088123,-6.461322e-05,33.088123,0.0001012191,213,213,52,0.004704966,0.03606715,7.295794e-05,0.20149077,0
592,9.866667,2.0854513e-06,33.08814,33.08814,1.7709068e-05,33.08814,0.00010071838,213,213,52,0.0010786991,0.002609234,3.2786695e-05,0.20149177,0
593,9.883333,2.4780445e-06,33.08806,33.088062,-7.791355e-05,33.088062,0.00010075174,213,213,52,0.0011454076,0.002437205,4.4315643e-06,0.20149033,0
594,9.9,3.4949787e-06,33.087955,33.08796,-0.00010355751,33.08796,0.00010085907,213,213,52,0.0013464049,0.0029599627,9.200949e-06,0.20148832,0
595,9.916667,4.0621544e-06,33.087856,33.08786,-9.669205e-05,33.08786,0.0001010208,213,213,52,0.0014677566,0.003472715,9.893187e-06,0.20148642,0
596,9.933333,1.4171765e-06,33.087883,33.087883,2.2625794e-05,33.087883,0.000100528414,213,213,52,0.00093965366,0.0038277993,1.0644529e-05,0.2014869,0
597,9.95,1.0327261e-06,33.087845,33.08785,-3.7791844e-05,33.08785,0.000100519894,213,213,52,0.0006916131,0.001280433,4.734096e-06,0.20148617,0
598,9.966666,1.1999913e-06,33.087795,33.087795,-5.0540533e-05,33.087795,0.00010056385,213,213,52,0.0007496605,0.00088693027,3.6212118e-06,0.20148502,0
599,9.983334,1.2860115e-06,33.087746,33.087746,-5.062178e-05,33.087746,0.00010065257,213,213,52,0.0007768881,0.00094949506,5.105225e-06,0.20148405,0
600,10,1.3170364e-06,33.08769,33.087692,-5.4999407e-05,33.087692,0.000100548205,213,213,52,0.00078677793,0.00096214196,5.3594918e-06,0.20148279,0
601,10.016666,1.3229326e-06,33.087643,33.087643,-4.8208076e-05,33.087643,0.00010058955,213,213,52,0.0007891868,0.0011567925,5.4611046e-06,0.20148174,0
602,10.033334,1.3328192e-06,33.08759,33.087593,-5.019915e-05,33.087593,0.000100646,213,213,52,0.0007959563,0.0010634932,5.7105444e-06,0.20148079,0
603,10.05,1.3481077e-06,33.087543,33.087547,-4.570486e-05,33.087547,0.00010062822,213,213,52,0.0008039659,0.001090611,6.1098654e-06,0.20147976,0
604,10.066667,1.3627415e-06,33.087494,33.087498,-5.0526913e-05,33.087498,0.00010067142,213,213,52,0.00081225974,0.0010817172,6.464513e-06,0.20147872,0
605,10.083333,1.3410192e-06,33.087444,33.08745,-4.8900714e-05,33.08745,0.00010059511,213,213,52,0.00080116396,0.0010487222,6.3974153e-06,0.20147768,0
606,10.1,1.323523e-06,33.087395,33.087395,-5.2221592e-05,33.087395,0.00010058555,213,213,52,0.0007888354,0.001326048,5.779836e-06,0.20147642,0
607,10.116667,1.3063933e-06,33.087345,33.087345,-4.9228634e-05,33.087345,0.00010053965,213,213,52,0.00078059465,0.0013679909,5.069625e-06,0.20147532,0
608,10.133333,1.2994184e-06,33.087296,33.087296,-4.8719714e-05,33.087296,0.0001006215,213,213,52,0.00077866775,0.0013603108,4.8291377e-06,0.2014745,0
609,10.15,1.2729461e-06,33.087246,33.087246,-5.006925e-05,33.087246,0.00010057754,213,213,52,0.00077061437,0.0013462479,4.8666366e-06,0.20147344,0
610,10.166667,1.2785084e-06,33.087196,33.087196,-5.103475e-05,33.087196,0.00010054798,213,213,52,0.0007725386,0.0013426013,4.965915e-06,0.20147233,0
611,10.183333,1.3031774e-06,33.087143,33.087143,-5.1015642e-05,33.087143,0.000100611134,213,213,52,0.00078075065,0.0013368708,5.0057142e-06,0.20147136,0
612,10.2,1.2789355e-06,33.087093,33.087097,-4.873698e-05,33.087097,0.00010054219,213,213,52,0.0007738494,0.0013178253,5.0480394e-06,0.2014703,0
613,10.216666,1.2830194e-06,33.087044,33.087044,-5.2532523e-05,33.087044,0.00010055697,213,213,52,0.00077516184,0.001327429,5.082121e-06,0.20146917,0
614,10.233334,1.2905441e-06,33.086994,33.086994,-4.7707683e-05,33.086994,0.00010063353,213,213,52,0.00077668345,0.0013368992,5.0518775e-06,0.20146817,0
615,10.25,1.3008795e-06,33.086945,33.08695,-4.9034912e-05,33.08695,0.00010061989,213,213,52,0.0007802912,0.0013502879,5.0472054e-06,0.20146714,0
616,10.266666,1.275873e-06,33.086895,33.086895,-5.0067785e-05,33.086895,0.000100612706,213,213,52,0.0007727151,0.0013050041,5.059362e-06,0.20146605,0
617,10.283334,1.2834e-06,33.08684,33.086845,-5.2529078e-05,33.086845,0.000100574965,212,212,52,0.00077486486,0.0013162636,5.0788894e-06,0.20146498,0
618,10.3,1.3005397e-06,33.086792,33.086796,-4.902811e-05,33.086796,0.00010063962,212,212,52,0.00077984773,0.0013326803,5.0798335e-06,0.2014639,0
619,10.316667,1.273777e-06,33.086742,33.086742,-5.1233328e-05,33.086742,0.00010063006,212,212,52,0.0007725841,0.0012866004,5.1038137e-06,0.20146273,0
620,10.333333,1.2760755e-06,33.086693,33.086697,-4.8876696e-05,33.086697,0.0001005623,211,211,52,0.00077317224,0.0013092658,5.081301e-06,0.20146187,0
621,10.35,1.2880311e-06,33.086647,33.086647,-4.720449e-05,33.086647,0.00010066565,211,211,52,0.0007764294,0.0012921293,5.092007e-06,0.20146082,0
622,10.366667,1.302773e-06,33.086594,33.086594,-5.4516924e-05,33.086594,0.00010065445,211,211,52,0.0007811969,0.0013460051,5.15763e-06,0.20145963,0
623,10.383333,1.279197e-06,33.08654,33.086544,-5.0398867e-05,33.086544,0.000100582416,211,211,52,0.0007741991,0.0012925976,5.122992e-06,0.20145866,0
624,10.4,1.2819327e-06,33.08649,33.08649,-5.1370083e-05,33.08649,0.00010057433,211,211,52,0.00077442796,0.0013002575,5.138393e-06,0.20145757,0
625,10.416667,1.300336e-06,33.086437,33.08644,-5.1188163e-05,33.08644,0.000100653786,211,211,52,0.0007802385,0.0013233243,5.1500583e-06,0.20145641,0
626,10.433333,1.280074e-06,33.086388,33.086388,-5.1393083e-05,33.086388,0.000100549376,211,211,52,0.0007746113,0.0012825646,5.140925e-06,0.20145535,0
627,10.45,1.2812936e-06,33.086338,33.086338,-5.0207815e-05,33.086338,0.00010059738,214,214,53,0.0007747138,0.0012933953,5.1475718e-06,0.2014544,0
628,10.466666,1.2938673e-06,33.08629,33.08629,-5.052897e-05,33.08629,0.000100608566,214,214,53,0.00077812705,0.0013059445,5.172062e-06,0.20145336,0
629,10.483334,1.3031952e-06,33.08624,33.08624,-4.9867198e-05,33.08624,0.00010056819,214,214,53,0.00078177697,0.0013414287,5.1712495e-06,0.20145229,0
630,10.5,1.2822343e-06,33.086185,33.08619,-5.039625e-05,33.08619,0.00010061479,214,214,53,0.0007749004,0.0013000031,5.1856878e-06,0.20145114,0
631,10.516666,1.2848976e-06,33.086143,33.086143,-4.388868e-05,33.086143,0.000100579506,214,214,53,0.0007762034,0.0012744326,5.172025e-06,0.20145024,0
632,10.533334,1.3017902e-06,33.08609,33.086094,-5.1023417e-05,33.086094,0.00010063586,214,214,53,0.0007803661,0.0013132816,5.195383e-06,0.20144919,0
633,10.55,1.2825794e-06,33.08605,33.08605,-4.4575572e-05,33.08605,0.00010059076,214,214,53,0.00077561854,0.0012678504,5.221291e-06,0.2014479,0
634,10.566667,1.2828566e-06,33.086,33.086002,-4.771493e-05,33.086002,0.000100619065,215,215,53,0.0007751562,0.0012924238,5.182605e-06,0.20144711,0
635,10.583333,1.2942137e-06,33.085957,33.085957,-4.4545006e-05,33.085957,0.00010058401,215,215,53,0.000778698,0.0012858104,5.2026885e-06,0.20144616,0
636,10.6,1.3054531e-06,33.085907,33.085907,-4.87015e-05,33.085907,0.00010059533,215,215,53,0.0007822662,0.001330658,5.2210157e-06,0.20144498,0
637,10.616667,1.2833507e-06,33.085857,33.08586,-4.7903566e-05,33.08586,0.0001006563,215,215,53,0.0007755059,0.001277259,5.2016812e-06,0.201444,0
638,10.633333,1.2864366e-06,33.08581,33.08581,-4.6548335e-05,33.08581,0.000100645564,215,215,53,0.00077644526,0.0012686477,5.1985166e-06,0.20144302,0
639,10.65,1.302706e-06,33.085766,33.085766,-4.7865193e-05,33.085766,0.00010057526,215,215,53,0.00078101107,0.0012945664,5.2137525e-06,0.20144197,0
640,10.666667,1.2833179e-06,33.085716,33.08572,-4.5905792e-05,33.08572,0.00010062186,215,215,53,0.00077582785,0.001265405,5.247334e-06,0.20144075,0
641,10.683333,1.2817299e-06,33.08567,33.08567,-4.755054e-05,33.08567,0.00010056031,215,215,53,0.00077543914,0.0012777054,5.1986904e-06,0.20144,0
642,10.7,1.2948852e-06,33.085625,33.085625,-4.5208228e-05,33.085625,0.00010066904,214,214,53,0.0007785453,0.001281871,5.2144756e-06,0.201439,0
643,10.716666,1.3051564e-06,33.085575,33.08558,-4.8702466e-05,33.08558,0.00010061159,214,214,53,0.00078221504,0.0013139663,5.221196e-06,0.20143797,0
644,10.733334,1.2833722e-06,33.08553,33.085533,-4.6406953e-05,33.085533,0.00010053354,214,214,53,0.0007755928,0.0012661727,5.235031e-06,0.20143694,0
645,10.75,1.2846655e-06,33.085484,33.085484,-4.821268e-05,33.085484,0.00010053602,214,214,53,0.0007759723,0.00125811,5.236483e-06,0.2014359,0
646,10.766666,1.3027243e-06,33.085434,33.085438,-4.7198384e-05,33.085438,0.00010060733,214,214,53,0.00078160176,0.0012729797,5.247165e-06,0.20143482,0
647,10.783334,1.2846895e-06,33.08539,33.08539,-4.7068224e-05,33.08539,0.00010057276,214,214,53,0.00077569485,0.0012682608,5.2538117e-06,0.20143358,0
648,10.8,1.2790475e-06,33.085342,33.085342,-4.639081e-05,33.085342,0.00010064858,214,214,53,0.0007743906,0.0012596691,5.200757e-06,0.20143282,0
649,10.816667,1.2933148e-06,33.085293,33.085293,-4.8199705e-05,33.085293,0.000100612626,214,214,53,0.0007779544,0.001278034,5.2391497e-06,0.20143169,0
650,10.833333,1.301015e-06,33.085243,33.085247,-4.870504e-05,33.085247,0.00010058573,214,214,53,0.0007810863,0.0012932058,5.2254723e-06,0.20143063,0
651,10.85,1.2816506e-06,33.085197,33.085197,-4.756832e-05,33.085197,0.00010063028,214,214,53,0.0007745932,0.0012754385,5.2249743e-06,0.20142962,0
652,10.866667,1.1689144e-06,33.085155,33.08516,-3.9681447e-05,33.08516,0.00010052058,214,214,53,0.0007395981,0.000940183,5.1271663e-06,0.20142867,0
653,10.883333,1.1807572e-06,33.085114,33.085117,-4.205069e-05,33.085117,0.00010066734,214,214,53,0.0007431604,0.0009341673,5.082206e-06,0.2014279,0
654,10.9,1.1890867e-06,33.085068,33.08507,-4.6376837e-05,33.08507,0.000100594385,214,214,53,0.0007437441,0.00093767483,5.129586e-06,0.20142679,0
655,10.916667,1.1672311e-06,33.085022,33.085026,-4.540949e-05,33.085026,0.00010059196,212,212,53,0.00073643244,0.0009503282,5.1223856e-06,0.20142594,0
656,10.933333,1.1706632e-06,33.08498,33.084984,-4.2225358e-05,33.084984,0.000100547426,212,212,53,0.0007375593,0.0009441355,5.130246e-06,0.20142505,0
657,10.95,1.1894823e-06,33.084934,33.084938,-4.6200093e-05,33.084938,0.0001005719,212,212,53,0.0007462988,0.0009341258,5.133285e-06,0.20142397,0
658,10.966666,1.1670022e-06,33.084896,33.084896,-4.0089955e-05,33.084896,0.00010062365,212,212,53,0.0007361065,0.0009487003,5.102588e-06,0.20142327,0
659,10.983334,1.1660456e-06,33.08485,33.08485,-4.5721103e-05,33.08485,0.000100615995,212,212,53,0.0007357226,0.00094952865,5.1310953e-06,0.20142215,0
660,11,1.17704e-06,33.084805,33.084805,-4.4877877e-05,33.084805,0.00010055995,212,212,53,0.0007394514,0.0009381407,5.093934e-06,0.20142147,0
661,11.016666,1.186695e-06,33.08476,33.08476,-4.554424e-05,33.08476,0.00010066298,212,212,53,0.0007428733,0.0009328797,5.0986437e-06,0.20142052,0
662,11.033334,1.1651715e-06,33.084713,33.084717,-4.407912e-05,33.084717,0.000100593534,212,212,53,0.00073813915,0.00094379135,5.0933595e-06,0.20141958,0
663,11.05,1.1666948e-06,33.08467,33.084675,-4.2393523e-05,33.084675,0.000100531666,213,213,53,0.0007356753,0.0009404519,5.0687563e-06,0.20141879,0
664,11.066667,1.1829056e-06,33.08463,33.08463,-4.454015e-05,33.08463,0.000100608646,213,213,53,0.00074116257,0.00093092,5.0783697e-06,0.2014179,0
665,11.083333,1.1632083e-06,33.084583,33.084583,-4.4077293e-05,33.084583,0.000100623234,213,213,53,0.00073712517,0.0009414772,5.0619838e-06,0.20141701,0
666,11.1,1.1607137e-06,33.084538,33.08454,-4.522388e-05,33.08454,0.00010055814,213,213,53,0.00073376537,0.0009403851,5.074469e-06,0.20141591,0
667,11.116667,1.173907e-06,33.084496,33.084496,-4.254811e-05,33.084496,0.000100551224,213,213,53,0.0007406518,0.000931103,5.0392523e-06,0.2014151,0
668,11.133333,1.1826627e-06,33.08445,33.08445,-4.6542667e-05,33.08445,0.0001006274,213,213,53,0.0007435682,0.0009271506,5.054066e-06,0.20141406,0
669,11.15,1.1586066e-06,33.084408,33.084408,-4.1920335e-05,33.084408,0.00010062772,213,213,53,0.0007328347,0.00093938445,5.0185286e-06,0.20141344,0
670,11.166667,1.1616324e-06,33.084362,33.084362,-4.604963e-05,33.084362,0.000100585734,213,213,53,0.0007336664,0.0009374036,5.025805e-06,0.2014125,0
671,11.183333,1.1774353e-06,33.08432,33.08432,-4.0882947e-05,33.08432,0.00010066113,213,213,53,0.0007388733,0.0009260503,5.00368e-06,0.2014117,0
672,11.2,1.1584953e-06,33.084274,33.084274,-4.6570363e-05,33.084274,0.00010065885,213,213,53,0.0007327886,0.00093429437,5.014876e-06,0.20141062,0
673,11.216666,1.1566508e-06,33.084232,33.084232,-4.106685e-05,33.084232,0.00010058552,213,213,53,0.0007344727,0.0009285422,4.9774662e-06,0.20140992,0
674,11.233334,1.1666838e-06,33.084187,33.084187,-4.6707646e-05,33.084187,0.00010055274,212,212,53,0.00073511136,0.0009241434,4.9850582e-06,0.20140901,0
675,11.25,1.1752508e-06,33.08414,33.084145,-4.3716518e-05,33.084145,0.000100552774,212,212,53,0.0007381431,0.0009198927,4.967562e-06,0.2014081,0
676,11.266666,1.1529493e-06,33.084103,33.084103,-4.1419815e-05,33.084103,0.00010062836,207,207,51,0.00073053816,0.0009328394,4.9523405e-06,0.20140725,0
677,11.283334,1.1560389e-06,33.084053,33.084057,-4.70471e-05,33.084057,0.00010062412,207,207,51,0.000734098,0.00092008855,4.944996e-06,0.20140634,0
678,11.3,1.1726861e-06,33.084007,33.08401,-4.5537246e-05,33.08401,0.000100550744,207,207,51,0.0007368946,0.000916474,4.9393525e-06,0.20140539,0
679,11.316667,1.1516929e-06,33.083965,33.083965,-4.3579825e-05,33.083965,0.00010060055,207,207,51,0.0007298704,0.00092657615,4.9193713e-06,0.20140453,0
680,11.333333,1.1485331e-06,33.08392,33.08392,-4.4725777e-05,33.08392,0.00010053918,207,207,51,0.00072848715,0.000928039,4.914462e-06,0.20140368,0
681,11.35,1.1590919e-06,33.083874,33.083878,-4.4878314e-05,33.083878,0.0001005847,210,210,52,0.00073205575,0.0009163071,4.901587e-06,0.20140278,0
682,11.366667,1.169369e-06,33.083828,33.08383,-4.6208635e-05,33.08383,0.00010064212,210,210,52,0.0007357922,0.00091196125,4.893791e-06,0.2014018,0
683,11.383333,1.1482605e-06,33.08379,33.08379,-4.0421095e-05,33.08379,0.00010057301,210,210,52,0.0007312404,0.0009165332,4.8625225e-06,0.20140104,0
684,11.4,1.1510922e-06,33.083744,33.083748,-4.3389744e-05,33.083748,0.00010062291,210,210,52,0.0007320751,0.0009102173,4.8625398e-06,0.2014001,0
685,11.416667,1.1655676e-06,33.0837,33.083702,-4.5871926e-05,33.083702,0.000100618396,210,210,52,0.0007339807,0.0009056193,4.849803e-06,0.2013992,0
686,11.433333,1.1452404e-06,33.083656,33.08366,-4.15841e-05,33.08366,0.00010054905,210,210,52,0.0007271977,0.0009160648,4.8297493e-06,0.2013984,0
687,11.45,1.1440441e-06,33.08361,33.083614,-4.5555087e-05,33.083614,0.00010063044,210,210,52,0.00072684814,0.0009107656,4.8349534e-06,0.20139748,0
688,11.466666,1.1546481e-06,33.08357,33.08357,-4.5377034e-05,33.08357,0.00010053442,210,210,52,0.0007302968,0.000901935,4.816615e-06,0.20139657,0
689,11.483334,1.1644723e-06,33.083523,33.083523,-4.4546538e-05,33.083523,0.00010052936,210,210,52,0.00073632604,0.00089517946,4.7981684e-06,0.2013957,0
690,11.5,1.1413383e-06,33.083477,33.083477,-4.5410772e-05,33.083477,0.00010051846,210,210,52,0.0007283688,0.0009050589,4.8136894e-06,0.20139459,0
691,11.516666,1.1455993e-06,33.083435,33.083435,-4.255704e-05,33.083435,0.000100629666,209,209,52,0.0007298516,0.0008975951,4.761748e-06,0.20139384,0
692,11.533334,1.1589391e-06,33.08339,33.08339,-4.6039317e-05,33.08339,0.00010059117,209,209,52,0.0007313447,0.00089310843,4.7606463e-06,0.2013929,0
693,11.55,1.1378252e-06,33.083347,33.083347,-4.141863e-05,33.083347,0.000100613666,209,209,52,0.0007241325,0.0009049749,4.7291646e-06,0.20139217,0
694,11.566667,1.1375994e-06,33.083298,33.083298,-4.9377984e-05,33.083298,0.00010055489,209,209,52,0.00072678854,0.00089677214,4.740967e-06,0.20139115,0
695,11.583333,1.1482466e-06,33.083256,33.083256,-4.3215674e-05,33.083256,0.00010060066,210,210,52,0.00073027355,0.0008873104,4.713202e-06,0.20139031,0
696,11.6,1.1573263e-06,33.08321,33.08321,-4.5046047e-05,33.08321,0.00010055565,210,210,52,0.00073343643,0.00088364136,4.705709e-06,0.20138937,0
697,11.616667,1.1352531e-06,33.083164,33.083168,-4.4245924e-05,33.083168,0.00010062371,210,210,52,0.00072600483,0.00089185254,4.675082e-06,0.20138854,0
698,11.633333,1.1379084e-06,33.08312,33.083122,-4.5384983e-05,33.083122,0.00010060279,210,210,52,0.00072669843,0.00088536186,4.668835e-06,0.20138766,0
699,11.65,1.1535024e-06,33.083073,33.083076,-4.587081e-05,33.083076,0.00010056915,209,209,52,0.0007293574,0.00086505007,4.681545e-06,0.2013865,0
700,11.666667,1.0997397e-06,33.08303,33.08303,-4.3778848e-05,33.08303,0.00010065483,207,207,51,0.0007091079,0.00070444774,4.295938e-06,0.20138586,0
701,11.683333,1.0714143e-06,33.082985,33.082985,-4.6080982e-05,33.082985,0.00010059504,207,207,51,0.0006980966,0.0007839455,3.6946853e-06,0.20138495,0
702,11.7,1.0754243e-06,33.082943,33.082943,-4.1892272e-05,33.082943,0.0001006154,207,207,51,0.00069859286,0.0007432488,3.661581e-06,0.20138414,0
703,11.716666,1.0870039e-06,33.082897,33.0829,-4.4046017e-05,33.0829,0.000100583624,207,207,51,0.00070289616,0.0007239934,3.6173528e-06,0.20138323,0
704,11.733334,1.072024e-06,33.08285,33.08285,-4.606764e-05,33.08285,0.000100641024,207,207,51,0.000697971,0.00073513354,3.5430742e-06,0.20138235,0
705,11.75,1.0726619e-06,33.08281,33.08281,-4.405696e-05,33.08281,0.00010063141,208,208,51,0.00069800136,0.0007343145,3.6499441e-06,0.20138153,0
706,11.766666,1.0809184e-06,33.082764,33.082764,-4.504687e-05,33.082764,0.00010056456,208,208,51,0.00070132426,0.000768193,3.5494147e-06,0.20138063,0
707,11.783334,1.0885822e-06,33.082718,33.08272,-4.3218657e-05,33.08272,0.000100564335,208,208,51,0.00070311234,0.0007483117,3.7117454e-06,0.20137973,0
708,11.8,1.0659434e-06,33.082672,33.082672,-4.7072826e-05,33.082672,0.00010067509,208,208,51,0.00069522153,0.0007632519,3.6177505e-06,0.20137882,0
709,11.816667,1.0720873e-06,33.08263,33.08263,-4.272141e-05,33.08263,0.00010058385,208,208,51,0.0006975949,0.000761069,3.7072255e-06,0.201378,0
710,11.833333,1.0893381e-06,33.082584,33.08259,-4.3707834e-05,33.08259,0.000100548146,209,209,51,0.00070339313,0.00077391,3.5870567e-06,0.20137724,0
711,11.85,1.0722539e-06,33.082542,33.082542,-4.4905955e-05,33.082542,0.000100608595,209,209,51,0.0006978824,0.0007756256,3.654335e-06,0.20137635,0
712,11.866667,1.072782e-06,33.082493,33.082497,-4.7215915e-05,33.082497,0.00010060256,209,209,51,0.00069771527,0.0007789769,3.603846e-06,0.20137525,0
713,11.883333,1.0850093e-06,33.08245,33.08245,-4.471039e-05,33.08245,0.000100603065,209,209,51,0.00070273445,0.00078702683,3.632016e-06,0.2013746,0
714,11.9,1.0941762e-06,33.08241,33.08241,-4.0390816e-05,33.08241,0.00010059092,209,209,51,0.000705949,0.0007968065,3.6692413e-06,0.20137382,0
715,11.916667,1.0736211e-06,33.082367,33.082367,-4.308062e-05,33.082367,0.000100599136,209,209,51,0.0006979871,0.00078574015,3.6453573e-06,0.20137294,0
716,11.933333,1.0768804e-06,33.08232,33.08232,-4.6215653e-05,33.08232,0.00010058474,207,207,50,0.0006994386,0.000791562,3.659118e-06,0.20137201,0
717,11.95,1.0946586e-06,33.08227,33.082275,-4.66999e-05,33.082275,0.000100587895,206,206,50,0.0007056711,0.00078816374,3.6008382e-06,0.2013711,0
718,11.966666,1.0729276e-06,33.08223,33.082233,-4.2084266e-05,33.082233,0.0001005238,206,206,50,0.0006981013,0.00079132756,3.6178901e-06,0.20137037,0
719,11.983334,1.0572745e-06,33.082184,33.082184,-4.640082e-05,33.082184,0.00010058458,206,206,50,0.000693218,0.00080134236,3.6828887e-06,0.20136932,0
720,12,1.0604202e-06,33.08214,33.08214,-4.23919e-05,33.08214,0.00010060294,208,208,51,0.0006942762,0.0007518677,3.6437748e-06,0.20136862,0
721,12.016666,1.0500238e-06,33.082096,33.082096,-4.5398032e-05,33.082096,0.00010057136,208,208,51,0.0006902863,0.0007383182,3.6355393e-06,0.2013677,0
722,12.033334,1.0472589e-06,33.08205,33.08205,-4.5889166e-05,33.08205,0.00010067909,208,208,51,0.000691054,0.0007540314,3.5506957e-06,0.20136687,0
723,12.05,1.0514245e-06,33.082005,33.08201,-4.4884706e-05,33.08201,0.00010049658,208,208,51,0.0006913077,0.0007669963,3.6905963e-06,0.20136598,0
724,12.066667,1.0545485e-06,33.081963,33.081963,-4.5218258e-05,33.081963,0.00010059975,208,208,51,0.00069321896,0.000770522,3.7074196e-06,0.20136493,0
725,12.083333,1.0560788e-06,33.08192,33.08192,-4.0730964e-05,33.08192,0.00010057231,208,208,51,0.00069388456,0.0007639906,3.6893402e-06,0.20136426,0
726,12.1,1.057162e-06,33.081875,33.081875,-4.52203e-05,33.081875,0.000100538135,208,208,51,0.0006940045,0.000770908,3.6555102e-06,0.20136337,0
727,12.116667,1.067125e-06,33.08183,33.08183,-4.521142e-05,33.08183,0.00010059291,208,208,51,0.0006993532,0.00082509953,3.8334188e-06,0.20136245,0
728,12.133333,1.1348681e-06,33.081783,33.081787,-4.4654873e-05,33.081787,0.00010057686,208,208,51,0.000732797,0.0009675263,4.791603e-06,0.20136157,0
729,12.15,1.2335228e-06,33.081738,33.081738,-4.7949063e-05,33.081738,0.000100602774,208,208,51,0.0007826883,0.0012781963,6.2726904e-06,0.2013606,0
730,12.166667,1.253878e-06,33.08169,33.08169,-4.6531066e-05,33.08169,0.000100535864,208,208,51,0.00079360086,0.0011730905,7.389594e-06,0.20135964,0
731,12.183333,1.2355775e-06,33.081642,33.081646,-4.6569723e-05,33.081646,0.00010055468,208,208,51,0.00078073173,0.0011012688,7.1745226e-06,0.20135872,0
732,12.2,1.2511493e-06,33.081596,33.081596,-4.8697166e-05,33.081596,0.000100602585,208,208,51,0.00078531547,0.0010855814,6.7796946e-06,0.20135775,0
733,12.216666,1.2368099e-06,33.081547,33.08155,-4.7397036e-05,33.08155,0.000100684636,208,208,51,0.00078292383,0.0010949718,6.8372265e-06,0.20135678,0
734,12.233334,1.2596571e-06,33.0815,33.0815,-4.7193596e-05,33.0815,0.000100614365,208,208,51,0.00079158525,0.0011180999,6.9563102e-06,0.20135571,0
735,12.25,1.2484899e-06,33.081455,33.081455,-4.6396333e-05,33.081455,0.000100605575,208,208,51,0.00078963814,0.001144271,7.016826e-06,0.20135483,0
736,12.266666,1.3021879e-06,33.081406,33.081406,-4.8492784e-05,33.081406,0.00010054005,208,208,51,0.0008147506,0.001328503,7.402549e-06,0.20135391,0
737,12.283334,1.2983124e-06,33.08136,33.08136,-4.688781e-05,33.08136,0.000100551195,208,208,51,0.0008176766,0.0013438592,7.884795e-06,0.20135298,0
738,12.3,1.3080693e-06,33.08131,33.08131,-4.8702983e-05,33.08131,0.00010063637,208,208,51,0.00082270906,0.0013673868,8.060865e-06,0.20135175,0
739,12.316667,1.3309873e-06,33.081264,33.081264,-4.536472e-05,33.081264,0.00010058872,208,208,51,0.00083205267,0.0014054585,8.157713e-06,0.20135093,0
740,12.333333,1.3187121e-06,33.081215,33.081215,-4.9390033e-05,33.081215,0.00010055153,208,208,51,0.00082959887,0.0014331964,8.265596e-06,0.20135002,0
741,12.35,1.323605e-06,33.08117,33.08117,-4.6712783e-05,33.08117,0.00010059285,208,208,51,0.00083188136,0.0014437599,8.320494e-06,0.20134908,0
742,12.366667,1.3377112e-06,33.08112,33.08112,-4.8864888e-05,33.08112,0.00010058391,208,208,51,0.00083609304,0.0014401914,8.338876e-06,0.2013481,0
743,12.383333,1.3194009e-06,33.081074,33.081074,-4.740101e-05,33.081074,0.00010048523,208,208,51,0.0008302177,0.0014401182,8.327808e-06,0.20134716,0
744,12.4,1.321717e-06,33.081024,33.081024,-4.7879148e-05,33.081024,0.0001005594,208,208,51,0.0008309189,0.0014329862,8.314222e-06,0.20134617,0
745,12.416667,1.3353756e-06,33.080975,33.080975,-4.9862865e-05,33.080975,0.000100502475,208,208,51,0.00083469634,0.001423771,8.304922e-06,0.20134504,0
746,12.433333,1.3167087e-06,33.080933,33.080933,-4.2912478e-05,33.080933,0.000100543104,208,208,51,0.00082868844,0.0014228113,8.268899e-06,0.20134424,0
747,12.45,1.3183727e-06,33.080883,33.080883,-5.0041115e-05,33.080883,0.00010051355,208,208,51,0.0008294018,0.0014295365,8.261342e-06,0.20134327,0
748,12.466666,1.3311083e-06,33.080833,33.080837,-4.6704943e-05,33.080837,0.00010055397,208,208,51,0.0008329111,0.0014231208,8.244051e-06,0.2013423,0
749,12.483334,1.3116544e-06,33.080788,33.080788,-4.8565937e-05,33.080788,0.000100567704,208,208,51,0.0008265437,0.0014213793,8.241167e-06,0.20134111,0
750,12.5,1.3120784e-06,33.080738,33.080738,-4.754853e-05,33.080738,0.00010067907,208,208,51,0.0008268032,0.001427829,8.192891e-06,0.20134033,0
751,12.516666,1.3249615e-06,33.08069,33.08069,-4.9531132e-05,33.08069,0.00010054717,208,208,51,0.00083007774,0.0014162543,8.203905e-06,0.20133911,0
752,12.533334,1.3060411e-06,33.080643,33.080643,-4.806664e-05,33.080643,0.00010062874,208,208,51,0.00082365185,0.0014074224,8.150915e-06,0.20133823,0
753,12.55,1.3083011e-06,33.080593,33.080597,-4.638291e-05,33.080597,0.00010064842,208,208,51,0.00082434417,0.0013998561,8.129423e-06,0.20133744,0
754,12.566667,1.3209941e-06,33.080547,33.080547,-4.8700047e-05,33.080547,0.00010050917,208,208,51,0.00082775333,0.0013911487,8.115662e-06,0.20133647,0
755,12.583333,1.3023401e-06,33.080498,33.080498,-4.9396414e-05,33.080498,0.00010058716,207,207,51,0.00082173274,0.0013872255,8.1150765e-06,0.20133533,0
756,12.6,1.3038915e-06,33.08045,33.08045,-4.854493e-05,33.08045,0.000100546975,207,207,51,0.00082228996,0.0013874529,8.080891e-06,0.20133446,0
757,12.616667,1.3168969e-06,33.080402,33.080406,-4.4875866e-05,33.080406,0.00010062203,207,207,51,0.00082582294,0.0013793003,8.063497e-06,0.20133357,0
758,12.633333,1.2973331e-06,33.080353,33.080353,-5.2057403e-05,33.080353,0.000100620746,207,207,51,0.0008193708,0.0013761624,8.053919e-06,0.20133248,0
759,12.65,1.2987275e-06,33.080303,33.080307,-4.7048794e-05,33.080307,0.00010057757,207,207,51,0.0008198073,0.0013754922,8.0218915e-06,0.20133157,0
760,12.666667,1.3117649e-06,33.080254,33.080254,-4.9863487e-05,33.080254,0.00010051166,207,207,51,0.0008233671,0.0013676402,8.0102345e-06,0.20133053,0
761,12.683333,2.6339458e-06,33.08015,33.080154,-0.000101922225,33.080154,0.0001007001,207,207,51,0.0011199726,0.0014824697,7.710488e-06,0.20132858,0
762,12.7,4.5395354e-06,33.080006,33.08001,-0.00014290259,33.08001,0.00010098789,207,207,51,0.0015295122,0.003035379,6.639185e-06,0.20132543,0
763,12.716666,6.649171e-06,33.07986,33.07987,-0.0001413685,33.07987,0.00010118092,207,207,51,0.0018766894,0.003939255,1.259631e-05,0.20132327,0
764,12.733334,8.246098e-06,33.079704,33.079712,-0.00015667791,33.079712,0.000101347905,207,207,51,0.0020597724,0.0039036984,1.40982065e-05,0.2013205,0
765,12.75,9.675728e-06,33.07956,33.079567,-0.00014420981,33.079567,0.00010141316,207,207,51,0.0023615414,0.0078824,1.4462574e-05,0.20131779,0
766,12.766666,2.2044693e-05,33.079453,33.079475,-9.220548e-05,33.079475,0.00010138871,207,207,51,0.004192274,0.015418101,4.3656088e-05,0.20131575,0
767,12.783334,4.1549152e-05,33.07935,33.07939,-8.340744e-05,33.07939,0.00010145257,204,204,49,0.006029213,0.022604506,8.0485675e-05,0.20131516,0
768,12.8,5.9880716e-05,33.079258,33.07932,-7.3607494e-05,33.07932,0.000101446676,204,204,49,0.006923408,0.021581596,0.00010275559,0.20131417,0
769,12.816667,0.00010151972,33.079193,33.079296,-2.4364263e-05,33.079296,0.00010144545,204,204,49,0.009061829,0.027850784,0.00013030475,0.2013137,0
770,12.833333,0.00015077954,33.07912,33.079273,-2.2562379e-05,33.079273,0.00010142134,204,204,49,0.011043391,0.03348522,0.0001654773,0.20131335,0
771,12.85,0.0002038437,33.079063,33.07927,-3.1300524e-06,33.07927,0.00010145786,206,206,50,0.012830073,0.038578033,0.00019730299,0.2013134,0
772,12.866667,0.00025713016,33.07901,33.07927,-7.46439e-07,33.07927,0.000101564045,206,206,50,0.014282983,0.04176613,0.00022504934,0.20131381,0
773,12.883333,0.00030229602,33.078945,33.079247,-2.0837428e-05,33.079247,0.0001016469,206,206,50,0.015368685,0.0440257,0.00024191472,0.20131394,0
774,12.9,0.00034705683,33.07891,33.079258,1.1676062e-05,33.079258,0.00010173479,206,206,50,0.016568825,0.048059933,0.0002655355,0.20131506,0
775,12.916667,0.0003873528,33.07889,33.07928,2.1675418e-05,33.07928,0.00010162809,206,206,50,0.017554218,0.05128734,0.00028349293,0.20131661,0
776,12.933333,0.0004170016,33.07889,33.079308,2.6656204e-05,33.079308,0.00010168087,207,207,50,0.018023562,0.05124604,0.00029455213,0.20131864,0
777,12.95,0.00044306272,33.07889,33.079338,2.9053686e-05,33.079338,0.0001017414,207,207,50,0.018755374,0.054657403,0.00030540815,0.20132096,0
778,12.966666,0.0004570914,33.07891,33.07937,3.2815533e-05,33.07937,0.000101615886,207,207,50,0.018880302,0.053562228,0.00031095097,0.20132369,0
779,12.983334,0.00046575547,33.079002,33.079468,9.910682e-05,33.079468,0.00010169232,207,207,50,0.019148534,0.05508869,0.00031581052,0.20132735,0
780,13,0.00046680844,33.079144,33.079613,0.00014353359,33.079613,0.00010164833,207,207,50,0.01920994,0.0554774,0.0003176182,0.20133196,0
781,13.016666,0.00045836356,33.07929,33.07975,0.0001366958,33.07975,0.00010168119,207,207,50,0.018970205,0.054362074,0.00031513147,0.20133665,0
782,13.033334,0.00044602551,33.07944,33.079887,0.00013945284,33.079887,0.000101692785,207,207,50,0.018727034,0.05470362,0.00031373758,0.20134155,0
783,13.05,0.00042629888,33.0796,33.08003,0.00013921324,33.08003,0.000101651414,207,207,50,0.018333303,0.052886512,0.00030630614,0.20134668,0
784,13.066667,0.00040280886,33.079754,33.08016,0.00013046217,33.08016,0.00010167187,207,207,50,0.017804716,0.05121221,0.00030007766,0.20135157,0
785,13.083333,0.00037557274,33.07994,33.08032,0.00015946836,33.08032,0.00010151459,208,208,50,0.017321302,0.050879125,0.0002909923,0.20135754,0
786,13.1,0.00034692822,33.080112,33.08046,0.00014093565,33.08046,0.00010152179,210,210,51,0.016647587,0.048891515,0.00028120697,0.20136297,0
787,13.116667,0.00031457076,33.080273,33.080585,0.00012741367,33.080585,0.00010151819,209,209,51,0.015786238,0.045808326,0.00026822477,0.20136793,0
788,13.133333,0.0002815015,33.08043,33.08071,0.00012570435,33.08071,0.00010149822,209,209,51,0.014962496,0.043738827,0.00025448643,0.20137328,0
789,13.15,0.00024769385,33.080578,33.080826,0.000112995585,33.080826,0.00010151097,209,209,51,0.014019149,0.04095462,0.00023963439,0.20137812,0
790,13.166667,0.00021416234,33.080723,33.080936,0.00011160918,33.080936,0.00010158807,208,208,51,0.01303946,0.038195297,0.00022321662,0.2013827,0
791,13.183333,0.00018181295,33.080856,33.081036,0.000101319696,33.081036,0.000101492675,208,208,51,0.012013864,0.035308473,0.00020633609,0.2013866,0
792,13.2,0.00015109424,33.080975,33.081127,8.981622e-05,33.081127,0.00010151777,208,208,51,0.0109404195,0.032200694,0.0001886074,0.20139022,0
793,13.216666,0.00012272528,33.081085,33.081207,8.0694386e-05,33.081207,0.000101531026,208,208,51,0.009842596,0.02899192,0.00017025744,0.20139416,0
794,13.233334,9.718184e-05,33.08118,33.08128,7.0219474e-05,33.08128,0.00010149036,208,208,51,0.008740848,0.025859566,0.00015157915,0.20139723,0
795,13.25,7.478589e-05,33.08126,33.081333,5.674147e-05,33.081333,0.0001014524,209,209,51,0.0076323226,0.022454957,0.0001327613,0.20139949,0
796,13.266666,5.5606706e-05,33.08133,33.081387,5.031544e-05,33.081387,0.00010145155,209,209,51,0.006543019,0.019238982,0.000114000824,0.2014017,0
797,13.283334,3.982856e-05,33.081383,33.081425,3.80885e-05,33.081425,0.00010145395,209,209,51,0.005483705,0.016038433,9.54133e-05,0.2014033,0
798,13.3,2.7366019e-05,33.08142,33.081448,2.4446086e-05,33.081448,0.000101340236,210,210,52,0.0044710203,0.012917954,7.718105e-05,0.20140426,0
799,13.316667,1.8156597e-05,33.08144,33.08146,1.0076169e-05,33.08146,0.000101381,210,210,52,0.003535543,0.009887361,5.9511618e-05,0.2014047,0
800,13.333333,1.1930165e-05,33.081455,33.081467,8.404014e-06,33.081467,0.00010144292,210,210,52,0.002721779,0.0070245583,4.265183e-05,0.2014048,0
801,13.35,8.3557825e-06,33.081448,33.081455,-9.227055e-06,33.081455,0.00010140372,210,210,52,0.0021088473,0.0042992244,2.6963144e-05,0.20140399,0
802,13.366667,6.9596413e-06,33.08143,33.081436,-1.9517945e-05,33.081436,0.000101375925,210,210,52,0.0017985284,0.0027964707,1.2964027e-05,0.20140347,0
803,13.383333,7.2016396e-06,33.081406,33.08141,-2.6026304e-05,33.08141,0.00010136174,210,210,52,0.0018342048,0.0038548585,6.071165e-06,0.20140228,0
804,13.4,8.659233e-06,33.081364,33.08137,-3.8776136e-05,33.08137,0.00010127756,210,210,52,0.0021201356,0.0052994867,1.5090172e-05,0.20140067,0
805,13.416667,1.0952881e-05,33.081314,33.081326,-4.708411e-05,33.081326,0.00010142701,210,210,52,0.0025101209,0.0066898945,2.5382154e-05,0.20139863,0
806,13.433333,1.3588708e-05,33.081257,33.08127,-5.5553453e-05,33.08127,0.00010137098,210,210,52,0.0029051742,0.007803349,3.4571593e-05,0.2013966,0
807,13.45,1.6220807e-05,33.081192,33.08121,-6.0046066e-05,33.08121,0.00010138949,206,206,50,0.003256654,0.00879018,4.2368792e-05,0.2013942,0
808,13.466666,1.8618224e-05,33.08113,33.08115,-6.111203e-05,33.08115,0.00010137671,206,206,50,0.003547615,0.009689683,4.8658425e-05,0.20139176,0
809,13.483334,2.0657699e-05,33.08106,33.081078,-6.978272e-05,33.081078,0.00010130494,206,206,50,0.0037757577,0.010243862,5.361753e-05,0.2013891,0
810,13.5,2.2161146e-05,33.080986,33.08101,-6.882245e-05,33.08101,0.00010138893,206,206,50,0.003935575,0.010547214,5.700334e-05,0.20138644,0
811,13.516666,2.3214263e-05,33.08091,33.080936,-7.542422e-05,33.080936,0.000101318146,206,206,50,0.0040474175,0.010789646,5.980691e-05,0.20138364,0
812,13.533334,2.3851248e-05,33.08084,33.080864,-7.135147e-05,33.080864,0.00010138711,204,204,49,0.0041064844,0.010770463,6.136967e-05,0.20138094,0
813,13.55,2.4067685e-05,33.080765,33.080788,-7.609464e-05,33.080788,0.000101364385,204,204,49,0.0041205627,0.011045153,6.196396e-05,0.20137762,0
814,13.566667,2.3996054e-05,33.08069,33.08071,-7.521893e-05,33.08071,0.000101444086,204,204,49,0.004116557,0.010813684,6.2026054e-05,0.20137532,0
815,13.583333,2.3733763e-05,33.080612,33.080635,-7.773716e-05,33.080635,0.000101463425,204,204,49,0.0040862095,0.010724956,6.1688996e-05,0.20137255,0
816,13.6,2.316126e-05,33.08054,33.080563,-7.206219e-05,33.080563,0.000101469705,204,204,49,0.004031304,0.010607782,6.089351e-05,0.2013698,0
817,13.616667,2.2296254e-05,33.080463,33.080486,-7.484852e-05,33.080486,0.00010145344,204,204,49,0.00395306,0.010459387,5.9700797e-05,0.20136711,0
818,13.633333,2.1305921e-05,33.08039,33.080414,-7.331129e-05,33.080414,0.00010134881,203,203,49,0.0038487182,0.010215057,5.8029782e-05,0.20136379,0
819,13.65,2.0240073e-05,33.080322,33.08034,-7.122549e-05,33.08034,0.000101395926,203,203,49,0.0037357712,0.009893609,5.5991262e-05,0.20136161,0
820,13.666667,1.9094865e-05,33.080257,33.080276,-6.598469e-05,33.080276,0.00010141208,204,204,49,0.0036080484,0.00951193,5.3705426e-05,0.20135932,0
821,13.683333,1.7886987e-05,33.080193,33.080208,-6.721115e-05,33.080208,0.000101430574,204,204,49,0.0034659759,0.009131401,5.098194e-05,0.20135677,0
822,13.7,1.6762315e-05,33.080128,33.080143,-6.6961686e-05,33.080143,0.00010144675,204,204,49,0.0033328114,0.0087772785,4.853402e-05,0.20135444,0
823,13.716666,1.5654548e-05,33.08006,33.080074,-6.644602e-05,33.080074,0.00010143474,206,206,50,0.0031952716,0.008388342,4.5914036e-05,0.20135154,0
824,13.733334,1.4624459e-05,33.08,33.080017,-5.8554346e-05,33.080017,0.000101426216,206,206,50,0.0030609204,0.00801773,4.314646e-05,0.20134981,0
825,13.75,1.369562e-05,33.079945,33.079956,-5.9949394e-05,33.079956,0.000101361074,206,206,50,0.0029339525,0.0076127653,4.0463936e-05,0.2013475,0
826,13.766666,1.2782818e-05,33.079887,33.0799,-5.810455e-05,33.0799,0.0001015059,206,206,50,0.0028044595,0.007242078,3.7751095e-05,0.20134538,0
827,13.783334,1.198587e-05,33.07983,33.079845,-5.582738e-05,33.079845,0.0001014621,206,206,50,0.002685716,0.006858268,3.5209818e-05,0.2013432,0
828,13.8,1.1284605e-05,33.07978,33.079792,-5.224034e-05,33.079792,0.00010143388,206,206,50,0.0025769216,0.0065388377,3.271062e-05,0.20134126,0
829,13.816667,1.0687986e-05,33.079727,33.07974,-5.3798245e-05,33.07974,0.00010144715,206,206,50,0.0024797616,0.006309114,3.0376405e-05,0.20133923,0
830,13.833333,1.0184027e-05,33.079678,33.079685,-5.0879247e-05,33.079685,0.00010152882,206,206,50,0.0023943966,0.00605636,2.8229018e-05,0.20133722,0
831,13.85,9.751439e-06,33.07963,33.07964,-4.631899e-05,33.07964,0.000101440404,206,206,50,0.0023185983,0.00576884,2.6252257e-05,0.2013354,0
832,13.866667,9.389534e-06,33.079582,33.079594,-4.8077112e-05,33.079594,0.00010131486,206,206,50,0.0022525038,0.005507486,2.4432578e-05,0.20133354,0
833,13.883333,9.074224e-06,33.079536,33.079544,-4.7199243e-05,33.079544,0.0001014627,206,206,50,0.002194012,0.0053089694,2.2764343e-05,0.20133172,0
834,13.9,8.803576e-06,33.079487,33.079494,-4.8983387e-05,33.079494,0.00010140138,203,203,49,0.0021429104,0.005129228,2.1260164e-05,0.20132977,0
835,13.916667,8.5844285e-06,33.079445,33.079453,-4.2946704e-05,33.079453,0.00010134003,203,203,49,0.0020997336,0.0049668434,1.9910238e-05,0.20132749,0
836,13.933333,8.382368e-06,33.079403,33.07941,-4.243085e-05,33.07941,0.000101475416,203,203,49,0.0020603323,0.0047699506,1.860513e-05,0.20132641,0
837,13.95,8.198004e-06,33.079365,33.079372,-3.975307e-05,33.079372,0.000101426296,203,203,49,0.002023829,0.0046342798,1.7431028e-05,0.20132472,0
838,13.966666,8.036473e-06,33.079327,33.079334,-3.806769e-05,33.079334,0.00010147286,203,203,49,0.0019920398,0.004576627,1.6288392e-05,0.20132305,0
839,13.983334,7.906882e-06,33.079285,33.079292,-4.235838e-05,33.079292,0.00010136088,203,203,49,0.0019647263,0.004283199,1.5210348e-05,0.20132144,0
840,14,7.754506e-06,33.079247,33.079254,-3.8058533e-05,33.079254,0.00010144339,203,203,49,0.0019360475,0.004229537,1.4178855e-05,0.20131983,0
841,14.016666,7.64041e-06,33.07921,33.079216,-3.8020255e-05,33.079216,0.00010150751,203,203,49,0.0019125412,0.0040697823,1.3200355e-05,0.20131822,0
842,14.033334,7.544964e-06,33.079166,33.079174,-4.1160452e-05,33.079174,0.00010142024,203,203,49,0.0018930468,0.0039358526,1.2289124e-05,0.2013166,0
843,14.05,7.4527884e-06,33.079132,33.07914,-3.4340723e-05,33.07914,0.00010140559,203,203,49,0.001874872,0.0037922757,1.1429517e-05,0.2013151,0
844,14.066667,7.3697374e-06,33.0791,33.079105,-3.2004027e-05,33.079105,0.00010142908,203,203,49,0.0018581732,0.0036648845,1.0635658e-05,0.20131367,0
845,14.083333,7.3076153e-06,33.07906,33.079067,-3.9132065e-05,33.079067,0.000101376056,206,206,50,0.0018457118,0.0035252937,9.927436e-06,0.20131211,0
846,14.1,7.2432113e-06,33.07903,33.079037,-3.198538e-05,33.079037,0.00010146878,206,206,50,0.0018331767,0.0033968114,9.266126e-06,0.20131065,0
847,14.116667,7.2011203e-06,33.07899,33.079,-3.6784462e-05,33.079,0.00010144124,206,206,50,0.0018247399,0.0032823095,8.685247e-06,0.20130917,0
848,14.133333,7.167255e-06,33.078957,33.078964,-3.54462e-05,33.078964,0.000101428304,206,206,50,0.0018178141,0.0031816084,8.180158e-06,0.2013077,0
849,14.15,7.134209e-06,33.078922,33.07893,-3.4115335e-05,33.07893,0.00010140165,206,206,50,0.0018115934,0.0030878657,7.837471e-06,0.2013056,0
850,14.166667,7.1047025e-06,33.078896,33.078903,-2.762785e-05,33.078903,0.00010135262,207,207,50,0.0018060314,0.002991974,7.3584993e-06,0.20130491,0
851,14.183333,7.0922742e-06,33.078865,33.078873,-3.110213e-05,33.078873,0.00010148107,207,207,50,0.0018038115,0.0029081353,7.1042678e-06,0.2013035,0
852,14.2,7.0719525e-06,33.07883,33.07884,-3.4435125e-05,33.07884,0.00010154581,207,207,50,0.001800553,0.002824995,6.8811337e-06,0.20130208,0
853,14.216666,7.0762085e-06,33.0788,33.078808,-2.9256638e-05,33.078808,0.00010146959,208,208,50,0.0018003731,0.0027886431,6.7087626e-06,0.20130071,0
854,14.233334,7.073773e-06,33.078773,33.078777,-2.8099545e-05,33.078777,0.000101507074,208,208,50,0.0017999841,0.0027192605,6.6045136e-06,0.20129938,0
855,14.25,7.0728393e-06,33.078735,33.078743,-3.5413264e-05,33.078743,0.000101397745,208,208,50,0.0017999789,0.0027426418,6.485461e-06,0.20129797,0
856,14.266666,7.059837e-06,33.078705,33.078712,-3.2100234e-05,33.078712,0.000101528174,208,208,50,0.0017986081,0.0026383111,6.418675e-06,0.20129658,0
857,14.283334,7.046872e-06,33.07868,33.078686,-2.6780033e-05,33.078686,0.00010142269,208,208,50,0.0017970015,0.0025672484,6.4477913e-06,0.20129526,0
858,14.3,7.052947e-06,33.078648,33.078655,-2.8423545e-05,33.078655,0.00010151342,208,208,50,0.0017986882,0.0025197084,6.487928e-06,0.20129396,0
859,14.316667,7.056536e-06,33.07862,33.07863,-2.7095988e-05,33.07863,0.000101464895,206,206,49,0.0017996809,0.0024744812,6.5311315e-06,0.20129263,0
860,14.333333,7.05472e-06,33.078587,33.078594,-3.4582874e-05,33.078594,0.00010148708,206,206,49,0.0017998995,0.0024293598,6.5679274e-06,0.20129117,0
861,14.35,7.055647e-06,33.07856,33.078564,-2.9259967e-05,33.078564,0.000101438774,206,206,49,0.0018005746,0.0023942243,6.5752492e-06,0.20128989,0
862,14.366667,7.0563283e-06,33.07853,33.078537,-2.9093959e-05,33.078537,0.00010136327,206,206,49,0.0018007809,0.0023675868,6.5944932e-06,0.2012886,0
863,14.383333,7.05229e-06,33.078503,33.07851,-2.527481e-05,33.07851,0.00010141291,206,206,49,0.0018007046,0.0023402416,6.6229536e-06,0.20128728,0
864,14.4,7.0856863e-06,33.078472,33.07848,-3.3051365e-05,33.07848,0.000101480575,204,204,48,0.0018057177,0.0023098136,6.648735e-06,0.20128581,0
865,14.416667,7.066832e-06,33.078445,33.078453,-2.5289626e-05,33.078453,0.00010148951,204,204,48,0.0018028372,0.0022723223,6.594249e-06,0.20128444,0
866,14.433333,7.086882e-06,33.07842,33.078426,-2.7578293e-05,33.078426,0.00010138855,204,204,48,0.0018050892,0.0022250921,6.4571354e-06,0.20128334,0
867,14.45,7.060804e-06,33.07839,33.078396,-3.061701e-05,33.078396,0.00010143863,203,203,48,0.0018007194,0.0021973436,6.2909894e-06,0.20128182,0
868,14.466666,7.0675155e-06,33.07836,33.07837,-2.5596572e-05,33.07837,0.00010150918,203,203,48,0.0017997327,0.0028868048,5.9647373e-06,0.20128065,0
869,14.483334,7.0828446e-06,33.078327,33.078335,-3.489824e-05,33.078335,0.0001014638,203,203,48,0.0018002276,0.003787267,5.7396283e-06,0.20127875,0
870,14.5,7.091543e-06,33.078297,33.078304,-2.8919685e-05,33.078304,0.00010142632,203,203,48,0.0017990177,0.0047980133,5.1954867e-06,0.20127758,0
871,14.516666,7.107918e-06,33.078274,33.07828,-2.4423121e-05,33.07828,0.000101500205,203,203,48,0.0017999066,0.005857725,4.762845e-06,0.20127635,0
872,14.533334,7.132089e-06,33.078247,33.078255,-2.7075406e-05,33.078255,0.00010145555,203,203,48,0.0018009641,0.006931083,4.365123e-06,0.2012749,0
873,14.55,7.1477434e-06,33.078217,33.078224,-2.858022e-05,33.078224,0.000101441285,203,203,48,0.0018034212,0.00801623,4.1069966e-06,0.20127341,0
874,14.566667,7.16648e-06,33.078182,33.07819,-3.555985e-05,33.07819,0.000101488884,203,203,48,0.0018032825,0.008987312,4.0705263e-06,0.20127177,0
875,14.583333,7.190924e-06,33.07815,33.07816,-2.890394e-05,33.07816,0.0001013897,203,203,48,0.001806074,0.009901986,3.9566553e-06,0.20127025,0
876,14.6,7.2182415e-06,33.07812,33.07813,-3.2059914e-05,33.07813,0.000101468235,203,203,48,0.0018094515,0.010713515,4.0285436e-06,0.2012686,0
877,14.616667,7.226487e-06,33.07809,33.0781,-2.8920138e-05,33.0781,0.00010147653,203,203,48,0.0018109933,0.01140202,3.964908e-06,0.20126699,0
878,14.633333,7.2562752e-06,33.078056,33.078064,-3.4385015e-05,33.078064,0.0001014717,203,203,48,0.0018156952,0.011939932,3.9150123e-06,0.20126522,0
879,14.65,7.250168e-06,33.07803,33.078037,-2.959951e-05,33.078037,0.00010142815,203,203,48,0.0018163058,0.012321124,3.8205694e-06,0.20126364,0
880,14.666667,7.2708003e-06,33.078,33.078003,-3.090281e-05,33.078003,0.00010150567,203,203,48,0.0018200681,0.012543755,3.7832729e-06,0.20126197,0
881,14.683333,7.2719076e-06,33.07797,33.077972,-3.0756084e-05,33.077972,0.00010145893,203,203,48,0.0018212723,0.012588128,3.7728746e-06,0.20126034,0
882,14.7,7.238316e-06,33.077934,33.07794,-3.2619588e-05,33.07794,0.00010141227,203,203,48,0.0018195356,0.012515462,3.961804e-06,0.20125844,0
883,14.716666,7.2484713e-06,33.077904,33.077908,-3.224333e-05,33.077908,0.000101499354,203,203,48,0.001820706,0.012191633,3.850724e-06,0.20125689,0
884,14.733334,7.200773e-06,33.07787,33.077877,-3.3631226e-05,33.077877,0.00010144483,203,203,48,0.0018164142,0.011830002,4.013394e-06,0.20125492,0
885,14.75,7.198754e-06,33.07784,33.077843,-3.1257976e-05,33.077843,0.000101466634,203,203,48,0.0018150508,0.011241592,3.7292448e-06,0.20125361,0
886,14.766666,7.171359e-06,33.077805,33.077812,-3.095084e-05,33.077812,0.000101490084,203,203,48,0.0018119245,0.010591496,3.795483e-06,0.20125191,0
887,14.783334,7.11711e-06,33.07777,33.077778,-3.413654e-05,33.077778,0.0001014398,203,203,48,0.0018051,0.009866507,3.7115306e-06,0.20125023,0
888,14.8,7.0908877e-06,33.077744,33.07775,-2.978588e-05,33.07775,0.00010145274,203,203,48,0.0018017573,0.009080156,3.6265853e-06,0.20124863,0
889,14.816667,7.0661185e-06,33.077713,33.07772,-3.0116938e-05,33.07772,0.00010143484,203,203,48,0.0017985173,0.0082664685,3.5907426e-06,0.20124704,0
890,14.833333,7.0691844e-06,33.07768,33.077686,-3.4079225e-05,33.077686,0.00010158026,203,203,48,0.0017991968,0.007446223,3.6334266e-06,0.20124535,0
891,14.85,7.034769e-06,33.07765,33.077656,-2.9129054e-05,33.077656,0.000101483085,203,203,48,0.0017940438,0.006658726,3.6185313e-06,0.20124388,0
892,14.866667,7.020502e-06,33.077625,33.07763,-2.5451294e-05,33.07763,0.00010148607,203,203,48,0.0017922063,0.0059331683,3.7421125e-06,0.20124231,0
893,14.883333,6.992489e-06,33.07759,33.0776,-3.1782733e-05,33.0776,0.00010148751,203,203,48,0.0017889257,0.0052886335,3.849615e-06,0.20124084,0
894,14.9,6.983109e-06,33.077564,33.07757,-2.7940234e-05,33.07757,0.000101478836,200,200,47,0.0017878512,0.00474,3.9843067e-06,0.20123944,0
895,14.916667,6.99213e-06,33.077538,33.077545,-2.6425538e-05,33.077545,0.00010143176,200,200,47,0.001788913,0.0042984653,4.1716207e-06,0.2012379,0
896,14.933333,6.989316e-06,33.07751,33.07752,-2.7601158e-05,33.07752,0.000101421574,200,200,47,0.0017887122,0.0039819335,4.293443e-06,0.20123644,0
897,14.95,6.990278e-06,33.07748,33.077488,-2.9093677e-05,33.077488,0.000101411446,200,200,47,0.0017890069,0.0037938065,4.370997e-06,0.20123512,0
898,14.966666,6.976961e-06,33.077454,33.07746,-2.7777916e-05,33.07746,0.000101439895,200,200,47,0.0017877234,0.0037411049,4.4698204e-06,0.20123361,0
899,14.983334,6.9837065e-06,33.077427,33.077435,-2.6427811e-05,33.077435,0.00010147925,200,200,47,0.001788605,0.0038048588,4.593339e-06,0.20123172,0
900,15,6.9876246e-06,33.077396,33.077404,-3.0753272e-05,33.077404,0.00010144595,200,200,47,0.0017889201,0.0039904485,4.472149e-06,0.2012301,0
901,15.016666,6.9887433e-06,33.07737,33.077374,-2.7597225e-05,33.077374,0.00010146004,200,200,47,0.0017891758,0.003956788,4.2402876e-06,0.20122932,0
902,15.033334,7.954561e-06,33.07734,33.077347,-2.8128821e-05,33.077347,0.00010147285,200,200,47,0.001859868,0.020933466,4.1641647e-06,0.20122766,0
903,15.05,8.834272e-06,33.0773,33.077312,-3.553015e-05,33.077312,0.00010146598,200,200,47,0.0019757356,0.028806426,6.2489676e-06,0.20122568,0
904,15.066667,9.255775e-06,33.077267,33.077274,-3.598836e-05,33.077274,0.00010146942,200,200,47,0.002063425,0.031969383,1.0428711e-05,0.20122361,0
905,15.083333,9.4068955e-06,33.077232,33.077244,-3.2767384e-05,33.077244,0.0001014217,200,200,47,0.002112486,0.0333171,1.3201959e-05,0.20122156,0
906,15.1,9.42328e-06,33.077198,33.077206,-3.5894715e-05,33.077206,0.000101382604,200,200,47,0.002131208,0.03376516,1.4639667e-05,0.2012195,0
907,15.116667,9.378682e-06,33.077164,33.07717,-3.379438e-05,33.07717,0.000101458325,200,200,47,0.0021296917,0.033707496,1.5203004e-05,0.20121722,0
908,15.133333,9.245293e-06,33.07713,33.07714,-3.2719385e-05,33.07714,0.00010150141,200,200,47,0.002113191,0.032970738,1.4888984e-05,0.20121534,0
909,15.15,9.130062e-06,33.07709,33.0771,-4.001645e-05,33.0771,0.00010143406,200,200,47,0.0020953408,0.032292444,1.4625098e-05,0.20121257,0
910,15.166667,9.027323e-06,33.07706,33.07707,-3.0693674e-05,33.07707,0.00010141423,200,200,47,0.0020788556,0.031567607,1.3729867e-05,0.20121123,0
911,15.183333,8.934237e-06,33.077026,33.077034,-3.617044e-05,33.077034,0.000101486905,200,200,47,0.002063632,0.030911176,1.3390874e-05,0.20120916,0
912,15.2,8.870552e-06,33.076992,33.077,-3.231717e-05,33.077,0.0001014204,200,200,47,0.002051782,0.030304378,1.2855493e-05,0.20120716,0
913,15.216666,8.77107e-06,33.076954,33.076965,-3.767313e-05,33.076965,0.00010140557,200,200,47,0.0020368323,0.029642863,1.2405947e-05,0.2012051,0
914,15.233334,8.700553e-06,33.07692,33.07693,-3.4152807e-05,33.07693,0.00010148749,200,200,47,0.002025078,0.029111827,1.1970825e-05,0.20120303,0
915,15.25,8.636427e-06,33.07689,33.076897,-3.2151358e-05,33.076897,0.00010143923,200,200,47,0.0020147022,0.028526504,1.1505902e-05,0.20120114,0
916,15.266666,8.576176e-06,33.076855,33.076862,-3.4475055e-05,33.076862,0.000101479185,200,200,47,0.0020046593,0.028060837,1.1379836e-05,0.20119844,0
917,15.283334,8.51996e-06,33.076817,33.076828,-3.613357e-05,33.076828,0.00010140523,203,203,48,0.001995772,0.027515639,1.0705848e-05,0.2011967,0
918,15.3,8.46616e-06,33.076782,33.076794,-3.4302346e-05,33.076794,0.000101518934,203,203,48,0.0019869437,0.027083702,1.03116945e-05,0.20119509,0
919,15.316667,8.415593e-06,33.07675,33.07676,-3.2470307e-05,33.07676,0.00010149793,203,203,48,0.0019789883,0.02657599,1.0062071e-05,0.20119317,0
920,15.333333,8.368427e-06,33.076717,33.076725,-3.5459496e-05,33.076725,0.00010142252,203,203,48,0.0019713393,0.026165135,9.7935645e-06,0.2011911,0
921,15.35,8.321043e-06,33.076683,33.076694,-3.1137082e-05,33.076694,0.00010135111,203,203,48,0.0019638268,0.025699895,9.405198e-06,0.20118923,0
922,15.366667,8.280151e-06,33.07665,33.076656,-3.6118246e-05,33.076656,0.000101460944,203,203,48,0.0019571793,0.02532186,9.150453e-06,0.2011872,0
923,15.383333,8.272947e-06,33.07662,33.076626,-3.093065e-05,33.076626,0.00010147157,203,203,48,0.0019542426,0.02499086,8.820578e-06,0.20118529,0
924,15.4,8.2017505e-06,33.076584,33.07659,-3.4984765e-05,33.07659,0.00010148065,203,203,48,0.0019446115,0.024551002,8.57546e-06,0.20118329,0
925,15.416667,8.198971e-06,33.07655,33.076557,-3.375256e-05,33.076557,0.000101441714,203,203,48,0.0019424424,0.02425334,8.329428e-06,0.20118125,0
926,15.433333,8.132343e-06,33.07652,33.076527,-3.1655094e-05,33.076527,0.00010152327,203,203,48,0.0019335183,0.02384534,8.006417e-06,0.20117937,0
927,15.45,8.132751e-06,33.076485,33.076492,-3.458065e-05,33.076492,0.00010146016,204,204,48,0.001931974,0.023572737,7.842598e-06,0.20117725,0
928,15.466666,8.069628e-06,33.076447,33.076454,-3.663924e-05,33.076454,0.0001014749,204,204,48,0.0019235936,0.023188822,7.5528887e-06,0.20117529,0
929,15.483334,8.072296e-06,33.076412,33.07642,-3.3747114e-05,33.07642,0.00010143135,204,204,48,0.0019225344,0.022935191,7.570725e-06,0.20117274,0
930,15.5,8.012746e-06,33.076378,33.07639,-3.3310567e-05,33.07639,0.00010147797,204,204,48,0.0019146653,0.022575546,6.8506965e-06,0.20117146,0
931,15.516666,8.0173595e-06,33.076344,33.07635,-3.5906483e-05,33.07635,0.00010145626,204,204,48,0.0019140097,0.02234167,6.904515e-06,0.20116943,0
932,15.533334,7.960913e-06,33.076313,33.07632,-3.247619e-05,33.07632,0.00010134862,204,204,48,0.0019066073,0.022003504,6.664301e-06,0.20116748,0
933,15.55,7.967783e-06,33.07628,33.076286,-3.241287e-05,33.076286,0.00010145245,201,201,47,0.0019063944,0.021784436,6.47827e-06,0.2011655,0
934,15.566667,7.912896e-06,33.076244,33.076252,-3.4303433e-05,33.076252,0.000101517544,201,201,47,0.0018993778,0.021450505,6.3120256e-06,0.20116347,0
935,15.583333,7.889627e-06,33.07621,33.076218,-3.410556e-05,33.076218,0.00010152516,201,201,47,0.0018959988,0.021149475,6.1021697e-06,0.20116149,0
936,15.6,7.869703e-06,33.076176,33.076183,-3.4102217e-05,33.076183,0.000101477286,201,201,47,0.0018928577,0.020945417,5.9412055e-06,0.20115948,0
937,15.616667,7.849487e-06,33.076145,33.076153,-3.2938722e-05,33.076153,0.00010149298,201,201,47,0.0018899051,0.020667799,5.771852e-06,0.20115745,0
938,15.633333,7.829817e-06,33.076107,33.076115,-3.7094553e-05,33.076115,0.00010136942,201,201,47,0.0018868461,0.020487037,5.8876076e-06,0.2011549,0
939,15.65,7.813277e-06,33.07607,33.076077,-3.6592657e-05,33.076077,0.00010139673,201,201,47,0.0018844418,0.020224437,5.224873e-06,0.20115338,0
940,15.666667,7.795312e-06,33.076035,33.076042,-3.426651e-05,33.076042,0.00010139852,201,201,47,0.0018816291,0.02006615,5.3072067e-06,0.20115136,0
941,15.683333,7.780711e-06,33.076004,33.07601,-3.143681e-05,33.07601,0.00010140348,201,201,47,0.0018795134,0.019822463,5.14293e-06,0.20114937,0
942,15.7,7.78731e-06,33.075974,33.07598,-3.2246888e-05,33.07598,0.00010146967,201,201,47,0.0018797461,0.01967996,5.5496207e-06,0.20114759,0
943,15.716666,7.735833e-06,33.075947,33.075954,-2.5488505e-05,33.075954,0.00010147956,201,201,47,0.0018734526,0.01928272,6.73165e-06,0.20114641,0
944,15.733334,7.700415e-06,33.07592,33.075928,-2.6469976e-05,33.075928,0.00010146078,201,201,47,0.001868808,0.018827723,6.8755003e-06,0.20114532,0
945,15.75,7.663733e-06,33.075897,33.075905,-2.3312392e-05,33.075905,0.000101463185,201,201,47,0.0018637488,0.01841962,6.529873e-06,0.20114425,0
946,15.766666,7.62968e-06,33.07587,33.07588,-2.4972316e-05,33.07588,0.00010143443,201,201,47,0.0018590087,0.0179224,6.307879e-06,0.20114318,0
947,15.783334,7.5947223e-06,33.07585,33.07586,-2.1648118e-05,33.07586,0.000101471414,201,201,47,0.0018540475,0.01751639,6.0224847e-06,0.20114216,0
948,15.8,7.564682e-06,33.075825,33.075832,-2.5799578e-05,33.075832,0.00010147078,201,201,47,0.0018499235,0.017024562,5.8583814e-06,0.20114113,0
949,15.816667,7.5567996e-06,33.0758,33.07581,-2.2119808e-05,33.07581,0.000101465506,201,201,47,0.0018483977,0.016642263,5.4544903e-06,0.20114008,0
950,15.833333,7.506361e-06,33.075775,33.075783,-2.6817506e-05,33.075783,0.000101475904,201,201,47,0.0018418367,0.016171487,5.435868e-06,0.20113896,0
951,15.85,7.479935e-06,33.075752,33.07576,-2.2637118e-05,33.07576,0.000101479374,201,201,47,0.001838264,0.015724298,4.807188e-06,0.20113806,0
952,15.866667,7.4538816e-06,33.07573,33.075737,-2.313551e-05,33.075737,0.00010141916,201,201,47,0.0018347396,0.0153659275,4.785791e-06,0.20113707,0
953,15.883333,7.439374e-06,33.075703,33.07571,-2.8776636e-05,33.07571,0.00010142634,201,201,47,0.0018338478,0.014923111,4.6191894e-06,0.20113601,0
954,15.9,7.4487357e-06,33.075684,33.07569,-1.8444953e-05,33.07569,0.000101422644,201,201,47,0.0018357257,0.014636883,4.261009e-06,0.20113519,0
955,15.916667,7.4088834e-06,33.07566,33.07567,-2.2650544e-05,33.07567,0.00010148571,201,201,47,0.0018311188,0.014272615,4.268841e-06,0.20113423,0
956,15.933333,7.390566e-06,33.075638,33.075645,-2.2795262e-05,33.075645,0.00010136575,201,201,47,0.0018289984,0.013910423,4.0626614e-06,0.2011333,0
957,15.95,7.3783162e-06,33.075615,33.075623,-2.2456687e-05,33.075623,0.000101514415,201,201,47,0.0018275812,0.013622616,3.9372876e-06,0.20113236,0
958,15.966666,7.348027e-06,33.075592,33.0756,-2.4137276e-05,33.0756,0.000101509344,201,201,47,0.0018239316,0.013220362,3.890937e-06,0.20113136,0
959,15.983334,7.3280603e-06,33.07557,33.075577,-2.1633128e-05,33.075577,0.000101420854,201,201,47,0.0018214675,0.012832809,3.489237e-06,0.20113055,0
960,16,7.3085666e-06,33.075542,33.07555,-2.6454052e-05,33.07555,0.000101414706,201,201,47,0.0018190645,0.012537616,3.6601941e-06,0.20112947,0
961,16.016666,7.289643e-06,33.075523,33.075527,-2.080081e-05,33.075527,0.000101439204,201,201,47,0.0018168256,0.012145884,3.1605814e-06,0.20112877,0
962,16.033333,7.2723924e-06,33.0755,33.07551,-2.1131646e-05,33.07551,0.00010149301,201,201,47,0.0018147232,0.011778963,3.2066926e-06,0.20112792,0
963,16.05,7.253093e-06,33.075478,33.075485,-2.1798714e-05,33.075485,0.00010155353,201,201,47,0.0018123749,0.011510262,3.2723765e-06,0.20112704,0
964,16.066668,7.2399826e-06,33.07546,33.075462,-2.195878e-05,33.075462,0.00010146539,201,201,47,0.0018109118,0.0111465035,3.1340742e-06,0.20112617,0
965,16.083334,7.224427e-06,33.07543,33.07544,-2.3956287e-05,33.07544,0.00010148661,201,201,47,0.0018090991,0.01079909,3.417931e-06,0.20112528,0
966,16.1,7.208009e-06,33.075413,33.075417,-2.1795833e-05,33.075417,0.00010140873,201,201,47,0.001807163,0.01056019,3.4512418e-06,0.20112431,0
967,16.116667,7.197212e-06,33.075394,33.0754,-1.8631366e-05,33.0754,0.00010146081,204,204,48,0.0018060389,0.010222682,3.1950203e-06,0.20112371,0
968,16.133333,7.212958e-06,33.075367,33.075375,-2.442375e-05,33.075375,0.00010145257,204,204,48,0.0018082611,0.010008289,3.174399e-06,0.2011229,0
969,16.15,7.1703e-06,33.075348,33.075356,-1.9827012e-05,33.075356,0.00010144992,204,204,48,0.001803014,0.009693384,3.2169899e-06,0.20112208,0
970,16.166666,7.160786e-06,33.075325,33.075333,-2.4615265e-05,33.075333,0.00010137982,204,204,48,0.0018020639,0.00938617,3.4349864e-06,0.20112127,0
971,16.183332,7.1702275e-06,33.075302,33.07531,-2.1104954e-05,33.07531,0.000101489066,204,204,48,0.0018035478,0.009186351,3.2248354e-06,0.20112042,0
972,16.2,7.1377885e-06,33.075283,33.07529,-1.9650539e-05,33.07529,0.0001014845,204,204,48,0.0017996393,0.008899099,3.2508062e-06,0.20111974,0
973,16.216667,7.1293675e-06,33.075264,33.075268,-2.0790307e-05,33.075268,0.00010147172,204,204,48,0.0017988402,0.008628076,3.2006656e-06,0.20111898,0
974,16.233334,7.148078e-06,33.07524,33.07525,-2.126194e-05,33.07525,0.00010145718,204,204,48,0.0018015294,0.008458303,3.21854e-06,0.20111817,0
975,16.25,7.1083086e-06,33.07522,33.075222,-2.431301e-05,33.075222,0.00010147352,204,204,48,0.0017967001,0.008196764,3.3354513e-06,0.20111707,0
976,16.266666,7.1017134e-06,33.07519,33.0752,-2.3448561e-05,33.0752,0.00010137013,203,203,48,0.0017962063,0.00793885,3.1865038e-06,0.20111601,0
977,16.283333,7.121373e-06,33.075176,33.075184,-1.7769635e-05,33.075184,0.000101453195,203,203,48,0.0017990214,0.007789952,3.4649393e-06,0.2011159,0
978,16.3,7.082908e-06,33.075153,33.07516,-2.1984135e-05,33.07516,0.00010139825,203,203,48,0.0017943736,0.0075509334,3.2942185e-06,0.20111525,0
979,16.316668,7.0774004e-06,33.075134,33.07514,-1.7462291e-05,33.07514,0.00010146573,203,203,48,0.0017940479,0.0073063085,3.3530332e-06,0.20111455,0
980,16.333334,7.090291e-06,33.07511,33.07512,-2.3761586e-05,33.07512,0.00010146752,203,203,48,0.0017960184,0.0071734865,3.2616992e-06,0.20111385,0
981,16.35,7.0611727e-06,33.075096,33.075104,-1.6987136e-05,33.075104,0.00010148026,203,203,48,0.0017925828,0.006951064,3.2601401e-06,0.20111316,0
982,16.366667,7.0561223e-06,33.075073,33.07508,-2.0786936e-05,33.07508,0.000101433456,203,203,48,0.001792301,0.0067314385,3.312481e-06,0.2011125,0
983,16.383333,7.0571778e-06,33.075054,33.07506,-2.078083e-05,33.07506,0.00010137986,203,203,48,0.0017926571,0.006629132,3.228809e-06,0.20111182,0
984,16.4,7.0422184e-06,33.07503,33.07504,-2.09631e-05,33.07504,0.000101442,203,203,48,0.0017911169,0.0064181983,3.2941257e-06,0.20111111,0
985,16.416666,7.0369206e-06,33.075012,33.07502,-1.9623398e-05,33.07502,0.00010142526,203,203,48,0.0017908097,0.006216029,3.2793455e-06,0.20111042,0
986,16.433332,7.030263e-06,33.074993,33.075,-1.9624757e-05,33.075,0.00010146448,203,203,48,0.0017900988,0.0061418605,3.2884898e-06,0.20110974,0
987,16.45,7.024435e-06,33.07497,33.074978,-2.2117754e-05,33.074978,0.00010143869,203,203,48,0.0017897869,0.0059351763,3.317107e-06,0.20110913,0
988,16.466667,7.0198266e-06,33.07495,33.07496,-2.0121473e-05,33.07496,0.00010144957,203,203,48,0.0017895451,0.0057573547,3.2652592e-06,0.20110843,0
989,16.483334,7.010751e-06,33.074932,33.07494,-2.045845e-05,33.07494,0.00010151003,203,203,48,0.0017884527,0.005715445,3.3723704e-06,0.20110773,0
990,16.5,7.008753e-06,33.07491,33.074917,-2.1781412e-05,33.074917,0.00010148516,202,202,48,0.0017886248,0.0055220323,3.299911e-06,0.20110697,0
991,16.516666,7.0044043e-06,33.07489,33.074898,-1.7294877e-05,33.074898,0.00010145587,202,202,48,0.001788402,0.0053580855,3.232936e-06,0.20110649,0
992,16.533333,6.996253e-06,33.074867,33.074875,-2.3616372e-05,33.074875,0.00010143605,202,202,48,0.0017874206,0.005334447,3.2875587e-06,0.2011055,0
993,16.55,6.995115e-06,33.07485,33.074856,-1.9619238e-05,33.074856,0.00010145262,202,202,48,0.0017876644,0.005153781,3.268825e-06,0.20110512,0
994,16.566668,7.0193323e-06,33.07483,33.074837,-1.7765076e-05,33.074837,0.00010142328,202,202,48,0.0017910034,0.00509688,3.3100403e-06,0.2011045,0
995,16.583334,6.9838134e-06,33.074806,33.074814,-2.3144976e-05,33.074814,0.00010145123,202,202,48,0.0017865885,0.004986871,3.2389426e-06,0.20110387,0
996,16.6,6.9821426e-06,33.07479,33.0748,-1.695969e-05,33.0748,0.000101415644,202,202,48,0.0017867117,0.004821756,3.2841697e-06,0.20110315,0
997,16.616667,6.998986e-06,33.074768,33.074776,-2.1263806e-05,33.074776,0.000101328056,202,202,48,0.0017890203,0.0047943885,3.28436e-06,0.20110267,0
998,16.633333,6.972253e-06,33.07475,33.074757,-2.0974874e-05,33.074757,0.00010145502,202,202,48,0.0017857793,0.0046722884,3.1964403e-06,0.20110202,0
999,16.65,6.9699804e-06,33.074726,33.074734,-2.3277984e-05,33.074734,0.000101420854,202,202,48,0.0017857852,0.004518381,3.2402352e-06,0.20110127,0
1000,16.666666,6.9739117e-06,33.074707,33.074715,-1.8284127e-05,33.074715,0.00010144249,202,202,48,0.0017863218,0.004533419,3.2027253e-06,0.20110077,0
1001,16.683332,6.96094e-06,33.074688,33.07469,-2.0628602e-05,33.07469,0.00010148574,202,202,48,0.001784898,0.0043932055,3.1594457e-06,0.20110008,0
1002,16.7,6.9583107e-06,33.074665,33.074673,-2.2114555e-05,33.074673,0.00010150299,202,202,48,0.0017848187,0.0042538187,3.232876e-06,0.20109947,0
1003,16.716667,6.9510124e-06,33.074646,33.074654,-1.746408e-05,33.074654,0.00010137685,202,202,48,0.0017837994,0.0043025175,3.1355482e-06,0.20109889,0
1004,16.733334,7.009426e-06,33.074623,33.07463,-2.4214827e-05,33.07463,0.00010132762,200,200,48,0.0017890282,0.0059476923,3.1153252e-06,0.20109779,0
1005,16.75,7.64585e-06,33.07461,33.07462,-8.507605e-06,33.07462,0.00010130191,201,201,48,0.0018852624,0.012981862,8.154721e-06,0.20109825,0
1006,16.766666,7.130303e-06,33.074593,33.0746,-1.9967392e-05,33.0746,0.00010144798,201,201,48,0.0018371204,0.006881929,1.0074302e-05,0.201098,0
1007,16.783333,7.548197e-06,33.07458,33.074585,-1.4212553e-05,33.074585,0.000101490856,201,201,48,0.001915255,0.012078734,1.10148585e-05,0.20109785,0
1008,16.8,7.1067457e-06,33.074566,33.07457,-1.5570664e-05,33.07457,0.00010148869,201,201,48,0.0018584635,0.007581404,1.2491519e-05,0.20109774,0
1009,16.816668,7.373647e-06,33.074547,33.074554,-1.7522392e-05,33.074554,0.000101428945,201,201,48,0.0019083197,0.010516463,1.1458089e-05,0.20109749,0
1010,16.833334,7.475851e-06,33.07453,33.07454,-1.3696968e-05,33.07454,0.000101465834,201,201,48,0.001934089,0.011286178,1.2697437e-05,0.20109732,0
1011,16.85,7.5774938e-06,33.07452,33.074528,-1.2533743e-05,33.074528,0.00010137742,201,201,48,0.0019716097,0.010623389,1.4201719e-05,0.2010973,0
1012,16.866667,7.4228474e-06,33.074505,33.074512,-1.3953818e-05,33.074512,0.0001014992,201,201,48,0.001938183,0.010855299,1.3289659e-05,0.20109716,0
1013,16.883333,7.3550714e-06,33.074493,33.0745,-1.3201928e-05,33.0745,0.00010144332,203,203,49,0.0019139773,0.009811363,1.3600079e-05,0.201097,0
1014,16.9,7.589673e-06,33.074474,33.074482,-1.9050987e-05,33.074482,0.000101416554,203,203,49,0.0019641393,0.0119171655,1.2800512e-05,0.20109664,0
1015,16.916666,7.486107e-06,33.07446,33.074463,-1.6562819e-05,33.074463,0.00010144545,203,203,49,0.00192299,0.0099929115,1.3581897e-05,0.20109645,0
1016,16.933332,7.6247975e-06,33.074444,33.07445,-1.3660481e-05,33.07445,0.00010150642,203,203,49,0.0019862684,0.012333993,1.6371541e-05,0.20109646,0
1017,16.95,7.652754e-06,33.07444,33.074448,-4.9596956e-06,33.074448,0.00010138918,203,203,49,0.0019864927,0.012595797,1.2675021e-05,0.2010964,0
1018,16.966667,7.3264487e-06,33.074425,33.074432,-1.2961692e-05,33.074432,0.00010138427,203,203,49,0.0019247222,0.009655242,1.4353487e-05,0.20109625,0
1019,16.983334,7.3909187e-06,33.074417,33.074425,-8.248284e-06,33.074425,0.000101383084,203,203,49,0.001936852,0.010752009,1.2841605e-05,0.20109619,0
1020,17,7.3653873e-06,33.074406,33.074413,-1.1497132e-05,33.074413,0.00010142662,203,203,49,0.001931479,0.01061557,1.3242117e-05,0.20109558,0
1021,17.016666,7.586496e-06,33.074398,33.074406,-7.759135e-06,33.074406,0.00010153741,203,203,49,0.0019626694,0.011925313,1.46211905e-05,0.20109612,0
1022,17.033333,7.230778e-06,33.07439,33.074398,-8.0034515e-06,33.074398,0.000101413585,203,203,49,0.0018986625,0.0086668935,1.4780613e-05,0.2010962,0
1023,17.05,7.4274167e-06,33.07438,33.074383,-1.3103768e-05,33.074383,0.00010142788,203,203,49,0.0018973899,0.008125123,1.2207369e-05,0.20109591,0
1024,17.066668,7.519433e-06,33.07437,33.07438,-7.3894626e-06,33.07438,0.00010151547,203,203,49,0.0019395372,0.0117315985,1.1956218e-05,0.2010959,0
1025,17.083334,7.709598e-06,33.07436,33.074368,-1.0616414e-05,33.074368,0.000101352365,203,203,49,0.0019679365,0.0130764395,1.2305667e-05,0.20109591,0
1026,17.1,7.2354687e-06,33.074352,33.07436,-8.121864e-06,33.07436,0.000101547535,205,205,50,0.001872918,0.0064375503,1.4268869e-05,0.20109591,0
1027,17.116667,7.235136e-06,33.07434,33.07435,-1.0640658e-05,33.07435,0.00010139831,205,205,50,0.0018742332,0.009853387,1.08834665e-05,0.20109582,0
1028,17.133333,7.679635e-06,33.074326,33.074333,-1.2855908e-05,33.074333,0.0001013778,205,205,50,0.0019477403,0.013030401,1.1570433e-05,0.20109561,0
1029,17.15,7.717142e-06,33.074318,33.074326,-9.771543e-06,33.074326,0.000101363825,205,205,50,0.0019609241,0.013161776,1.2427224e-05,0.20109574,0
1030,17.166666,7.0795636e-06,33.074306,33.074314,-1.17766685e-05,33.074314,0.00010148663,205,205,50,0.0018499442,0.007266361,1.3473662e-05,0.20109558,0
1031,17.183332,7.271042e-06,33.07429,33.0743,-1.4272714e-05,33.0743,0.0001013882,205,205,50,0.0018619105,0.0089911185,1.0346371e-05,0.20109524,0
1032,17.2,7.394982e-06,33.074287,33.074295,-4.8637125e-06,33.074295,0.00010150184,205,205,50,0.0018905036,0.011278709,9.917054e-06,0.20109554,0
1033,17.216667,7.363657e-06,33.074276,33.074284,-9.840374e-06,33.074284,0.00010147485,205,205,50,0.0018947248,0.01138141,1.301371e-05,0.20109564,0
1034,17.233334,6.982752e-06,33.074265,33.074272,-1.2018761e-05,33.074272,0.00010140612,205,205,50,0.0018157861,0.00558234,1.0816043e-05,0.20109549,0
1035,17.25,7.236673e-06,33.074253,33.07426,-1.1051425e-05,33.07426,0.00010144296,205,205,50,0.0018498232,0.009391067,9.209815e-06,0.20109543,0
1036,17.266666,7.2398007e-06,33.074238,33.074245,-1.462732e-05,33.074245,0.00010138158,205,205,50,0.0018488484,0.009727142,1.0162809e-05,0.20109528,0
1037,17.283333,7.315348e-06,33.07423,33.074238,-9.234737e-06,33.074238,0.0001014674,205,205,50,0.0018639248,0.01075236,1.04511855e-05,0.20109522,0
1038,17.3,7.1554887e-06,33.074215,33.074223,-1.4790306e-05,33.074223,0.00010145954,205,205,50,0.0018233106,0.007587949,8.628796e-06,0.20109507,0
1039,17.316668,7.100443e-06,33.074203,33.07421,-1.1692901e-05,33.07421,0.000101426675,205,205,50,0.0018164045,0.00526507,9.2661185e-06,0.20109501,0
1040,17.333334,7.5263247e-06,33.074196,33.074203,-7.2218522e-06,33.074203,0.000101414495,205,205,50,0.0018851995,0.012604254,9.922662e-06,0.20109507,0
1041,17.35,7.5582457e-06,33.07419,33.074196,-8.945854e-06,33.074196,0.00010143486,205,205,50,0.0018941123,0.012875932,1.1394307e-05,0.20109516,0
1042,17.366667,7.0403316e-06,33.07417,33.074177,-1.7309678e-05,33.074177,0.00010147182,205,205,50,0.0018208914,0.008653636,9.133948e-06,0.201095,0
1043,17.383333,7.223205e-06,33.07416,33.07417,-9.459922e-06,33.07417,0.00010139372,205,205,50,0.001845153,0.008714343,1.0907758e-05,0.20109434,0
1044,17.4,7.188388e-06,33.07415,33.074158,-1.0841398e-05,33.074158,0.000101481426,205,205,50,0.0018546231,0.008677377,1.10531055e-05,0.20109499,0
1045,17.416666,7.3071396e-06,33.074142,33.07415,-7.3627266e-06,33.07415,0.000101395686,205,205,50,0.0018494995,0.009770016,9.202573e-06,0.20109506,0
1046,17.433332,7.0267874e-06,33.07413,33.07414,-1.1918208e-05,33.07414,0.00010140705,205,205,50,0.0018033771,0.007742058,7.882478e-06,0.20109494,0
1047,17.45,7.867163e-06,33.074104,33.074112,-2.6757969e-05,33.074112,0.00010143367,205,205,50,0.0018969785,0.011582796,7.737919e-06,0.20109443,0
1048,17.466667,7.417686e-06,33.074093,33.0741,-1.0757291e-05,33.0741,0.00010146481,205,205,50,0.001858638,0.010604437,7.408478e-06,0.20109414,0
1049,17.483334,7.640131e-06,33.074085,33.074093,-8.090309e-06,33.074093,0.00010142862,205,205,50,0.0018491864,0.01300564,7.744222e-06,0.20109408,0
1050,17.5,7.428527e-06,33.074066,33.074074,-1.7335877e-05,33.074074,0.00010137093,207,207,51,0.0018369411,0.011781925,9.882475e-06,0.20109397,0
1051,17.516666,6.9298844e-06,33.07406,33.074066,-1.0473947e-05,33.074066,0.000101447586,207,207,51,0.0017794428,0.0075807557,7.5457697e-06,0.20109382,0
1052,17.533333,7.099827e-06,33.074047,33.074055,-1.0137873e-05,33.074055,0.00010137182,207,207,51,0.0017858029,0.00949079,6.0371763e-06,0.20109367,0
1053,17.55,7.003034e-06,33.07403,33.07404,-1.605728e-05,33.07404,0.000101379366,207,207,51,0.0017835249,0.0074353823,6.519062e-06,0.20109314,0
1054,17.566668,6.952234e-06,33.07402,33.074028,-1.0192361e-05,33.074028,0.00010144022,207,207,51,0.0017791879,0.0072378544,7.757346e-06,0.20109339,0
1055,17.583334,7.2142366e-06,33.07401,33.074017,-1.1542108e-05,33.074017,0.000101386366,208,208,51,0.0018043788,0.011073075,8.715406e-06,0.20109358,0
1056,17.6,6.883451e-06,33.07399,33.073997,-1.8452589e-05,33.073997,0.0001013568,208,208,51,0.0017799082,0.0036665401,7.071002e-06,0.20109336,0
1057,17.616667,7.395367e-06,33.073986,33.073994,-4.8082466e-06,33.073994,0.000101383695,208,208,51,0.0018274013,0.0121604055,6.834109e-06,0.20109345,0
1058,17.633333,7.212894e-06,33.073967,33.073975,-1.7971766e-05,33.073975,0.00010139729,209,209,51,0.0018048371,0.010918703,7.829253e-06,0.20109311,0
1059,17.65,7.0302112e-06,33.073963,33.07397,-4.3390596e-06,33.07397,0.00010136988,209,209,51,0.001793476,0.009193923,1.0352849e-05,0.20109354,0
1060,17.666666,7.082958e-06,33.07395,33.073956,-1.4078935e-05,33.073956,0.000101381476,209,209,51,0.0017965256,0.010074435,7.3421043e-06,0.20109347,0
1061,17.683332,7.1542913e-06,33.073936,33.073944,-1.3062818e-05,33.073944,0.00010140358,211,211,52,0.0018121081,0.010836016,9.098185e-06,0.20109345,0
1062,17.7,6.9755747e-06,33.073925,33.07393,-1.3146613e-05,33.07393,0.00010137863,211,211,52,0.0017814314,0.007805056,8.062738e-06,0.20109324,0
1063,17.716667,6.9854204e-06,33.073914,33.07392,-8.801673e-06,33.07392,0.000101424324,211,211,52,0.0017732882,0.008634131,5.147442e-06,0.20109323,0
1064,17.733334,6.852439e-06,33.073902,33.07391,-1.3100877e-05,33.07391,0.000101487305,211,211,52,0.0017634981,0.007858063,8.4081885e-06,0.20109323,0
1065,17.75,7.1097547e-06,33.07389,33.073895,-1.2544326e-05,33.073895,0.000101390986,211,211,52,0.0017932536,0.010330913,8.443047e-06,0.2010931,0
1066,17.766666,7.0971614e-06,33.07388,33.073883,-1.13179385e-05,33.073883,0.00010140569,211,211,52,0.0017916732,0.009874433,8.248143e-06,0.20109327,0
1067,17.783333,7.1115237e-06,33.07387,33.07388,-5.1395455e-06,33.07388,0.000101367776,211,211,52,0.0018040558,0.009451403,8.908557e-06,0.20109347,0
1068,17.8,6.9531266e-06,33.073856,33.073864,-1.49551e-05,33.073864,0.00010140177,211,211,52,0.001774517,0.007603868,7.3827923e-06,0.20109336,0
1069,17.816668,7.118229e-06,33.073845,33.073853,-1.1805263e-05,33.073853,0.00010142891,209,209,51,0.0017924937,0.010298722,7.1210065e-06,0.20109327,0
1070,17.833334,6.8258255e-06,33.073833,33.07384,-1.19302595e-05,33.07384,0.00010134685,209,209,51,0.0017664473,0.0072440016,8.5609645e-06,0.20109333,0
1071,17.85,7.099434e-06,33.073822,33.07383,-1.33593085e-05,33.07383,0.000101305166,211,211,52,0.0017845482,0.009667047,7.1111303e-06,0.20109324,0
1072,17.866667,7.120937e-06,33.07381,33.07382,-1.1450097e-05,33.07382,0.00010138445,211,211,52,0.0017870552,0.010055792,7.753922e-06,0.20109308,0
1073,17.883333,7.0122696e-06,33.0738,33.073803,-1.1746523e-05,33.073803,0.000101402584,211,211,52,0.0017758362,0.008864176,6.9278753e-06,0.2010932,0
1074,17.9,7.20303e-06,33.07378,33.073788,-1.8596063e-05,33.073788,0.00010139859,211,211,52,0.0017948896,0.010466994,7.0580795e-06,0.20109312,0
1075,17.916666,7.0214064e-06,33.07377,33.073776,-1.0988203e-05,33.073776,0.000101362995,208,208,51,0.0017728499,0.007912044,6.627831e-06,0.20109275,0
1076,17.933332,6.9133507e-06,33.073757,33.073765,-1.15796565e-05,33.073765,0.000101437065,208,208,51,0.0017644851,0.0078641055,6.327374e-06,0.20109297,0
1077,17.95,7.1733407e-06,33.07375,33.073757,-7.0552333e-06,33.073757,0.00010139646,208,208,51,0.0017913551,0.010027242,7.081316e-06,0.201093,0
1078,17.966667,6.981724e-06,33.07374,33.073742,-1.3159513e-05,33.073742,0.000101419646,208,208,51,0.0017908254,0.0061282236,7.569033e-06,0.20109294,0
1079,17.983334,7.214551e-06,33.07372,33.073723,-1.8553998e-05,33.073723,0.00010142157,208,208,51,0.0017862008,0.010476587,4.6297164e-06,0.20109272,0
1080,18,7.1232466e-06,33.07371,33.073715,-7.739038e-06,33.073715,0.00010136275,208,208,51,0.0017914375,0.009701889,9.332387e-06,0.2010929,0
1081,18.016666,7.084372e-06,33.0737,33.073708,-1.101171e-05,33.073708,0.00010149689,208,208,51,0.001782659,0.009062489,7.947619e-06,0.20109293,0
1082,18.033333,6.9105718e-06,33.073685,33.073692,-1.5303012e-05,33.073692,0.00010140573,208,208,51,0.0017738848,0.0046291077,4.720698e-06,0.20109256,0
1083,18.05,7.2122366e-06,33.07367,33.073677,-1.33312515e-05,33.073677,0.00010130837,208,208,51,0.001790563,0.010451892,7.053061e-06,0.2010924,0
1084,18.066668,6.959902e-06,33.073658,33.073666,-1.2887721e-05,33.073666,0.0001014756,209,209,51,0.001763949,0.0084357755,6.533884e-06,0.20109256,0
1085,18.083334,6.953654e-06,33.073647,33.073654,-1.0812828e-05,33.073654,0.000101427904,209,209,51,0.00179085,0.0037449447,7.168122e-06,0.20109257,0
1086,18.1,7.260535e-06,33.073635,33.073643,-1.2162251e-05,33.073643,0.00010139758,209,209,51,0.0017821321,0.009956711,3.4580196e-06,0.20109232,0
1087,18.116667,7.3927004e-06,33.073624,33.07363,-1.1339435e-05,33.07363,0.00010136664,209,209,51,0.0018204174,0.011542211,9.645729e-06,0.20109248,0
1088,18.133333,7.1182794e-06,33.07361,33.073616,-1.37410825e-05,33.073616,0.00010142687,209,209,51,0.0017890942,0.009707564,7.919191e-06,0.20109235,0
1089,18.15,6.7963183e-06,33.073597,33.073605,-1.2458582e-05,33.073605,0.00010145108,209,209,51,0.0017619749,0.0057825507,8.435509e-06,0.20109251,0
1090,18.166666,6.9913e-06,33.07359,33.073593,-8.949048e-06,33.073593,0.00010146934,209,209,51,0.0017752716,0.007446495,6.511874e-06,0.20109238,0
1091,18.183332,7.294215e-06,33.073578,33.073586,-9.339879e-06,33.073586,0.00010144236,209,209,51,0.0018114982,0.011330698,8.45189e-06,0.20109256,0
1092,18.2,6.997815e-06,33.073563,33.073566,-1.7254419e-05,33.073566,0.000101440484,209,209,51,0.001791823,0.007660849,7.4009163e-06,0.20109247,0
1093,18.216667,6.939966e-06,33.073547,33.073555,-1.26932355e-05,33.073555,0.00010143724,209,209,51,0.0017695713,0.008232083,6.19325e-06,0.20109244,0
1094,18.233334,7.095588e-06,33.07354,33.073547,-7.4921118e-06,33.073547,0.00010144982,209,209,51,0.0017830263,0.009321547,7.563986e-06,0.20109253,0
1095,18.25,7.0521896e-06,33.07353,33.073536,-1.3011295e-05,33.073536,0.00010134242,209,209,51,0.001773667,0.008854329,7.1311442e-06,0.20109247,0
1096,18.266666,7.011295e-06,33.073513,33.07352,-1.3673811e-05,33.07352,0.000101465244,210,210,52,0.0017663435,0.008156419,6.274545e-06,0.20109238,0
1097,18.283333,7.036465e-06,33.073498,33.073505,-1.7764123e-05,33.073505,0.00010141274,210,210,52,0.0017673507,0.0075143706,5.497653e-06,0.20109221,0
1098,18.3,7.0008778e-06,33.07349,33.073498,-6.187025e-06,33.073498,0.00010136044,210,210,52,0.0017637819,0.0076103425,5.8241144e-06,0.2010922,0
1099,18.316668,7.0159026e-06,33.073475,33.073483,-1.5114188e-05,33.073483,0.00010141493,210,210,52,0.0017642792,0.008258453,6.7237647e-06,0.20109215,0
1100,18.333334,6.972745e-06,33.073456,33.073463,-1.7998707e-05,33.073463,0.00010148286,213,213,53,0.0017895069,0.003702792,4.6888435e-06,0.2010918,0
1101,18.35,7.191651e-06,33.073433,33.07344,-2.355557e-05,33.07344,0.00010146889,212,212,53,0.0018182148,0.005830528,2.8495708e-06,0.20109122,0
1102,18.366667,7.333007e-06,33.073418,33.073425,-1.6317897e-05,33.073425,0.00010144771,212,212,53,0.0018399593,0.00787379,3.9681427e-06,0.20109054,0
1103,18.383333,7.41822e-06,33.073395,33.073402,-2.3190498e-05,33.073402,0.0001014829,212,212,53,0.0018585233,0.008772428,5.623921e-06,0.20108968,0
1104,18.4,7.4190293e-06,33.073368,33.073376,-2.5934984e-05,33.073376,0.000101426645,212,212,53,0.0018694985,0.008573547,6.9850225e-06,0.20108882,0
1105,18.416666,7.3406854e-06,33.07335,33.073353,-2.0860229e-05,33.073353,0.00010141836,212,212,53,0.0018641795,0.0067535928,7.677205e-06,0.20108794,0
1106,18.433332,7.3459387e-06,33.073326,33.073334,-2.0444122e-05,33.073334,0.00010142387,212,212,53,0.0018673678,0.006037847,7.997925e-06,0.20108727,0
1107,18.45,7.3618808e-06,33.073303,33.07331,-2.5088575e-05,33.07331,0.000101413025,212,212,53,0.0018711103,0.0057518696,8.344239e-06,0.20108642,0
1108,18.466667,7.3782517e-06,33.07328,33.073288,-2.226181e-05,33.073288,0.00010140698,212,212,53,0.0018746448,0.005598204,8.592908e-06,0.20108567,0
1109,18.483334,7.389681e-06,33.073254,33.07326,-2.4926832e-05,33.07326,0.00010146674,214,214,53,0.0018771164,0.005490393,8.825325e-06,0.20108451,0
1110,18.5,7.3951155e-06,33.07323,33.07324,-2.2439e-05,33.07324,0.000101460995,214,214,53,0.0018782774,0.0054079825,8.858785e-06,0.20108405,0
1111,18.516666,7.366809e-06,33.073208,33.073215,-2.2472743e-05,33.073215,0.00010142396,211,211,52,0.0018760095,0.0053324383,8.97275e-06,0.2010832,0
1112,18.533333,7.4142904e-06,33.073185,33.073193,-2.4724524e-05,33.073193,0.000101407735,211,211,52,0.0018857393,0.0053924597,9.290991e-06,0.20108172,0
1113,18.55,7.441275e-06,33.073162,33.07317,-2.0921156e-05,33.07317,0.00010145463,211,211,52,0.0018917274,0.0054096454,9.683718e-06,0.2010816,0
1114,18.566668,7.455796e-06,33.07314,33.073147,-2.3094935e-05,33.073147,0.000101395904,209,209,52,0.0018949052,0.0053889942,9.959087e-06,0.20108081,0
1115,18.583334,7.459365e-06,33.07311,33.073116,-3.0421112e-05,33.073116,0.000101418846,209,209,52,0.0018957477,0.0053410134,1.0099347e-05,0.2010799,0
1116,18.6,7.457956e-06,33.073093,33.0731,-1.8289467e-05,33.0731,0.00010142675,209,209,52,0.0018954371,0.0052963695,1.0103454e-05,0.20107922,0
1117,18.616667,7.452241e-06,33.073067,33.073074,-2.4112702e-05,33.073074,0.00010139132,209,209,52,0.0018941658,0.005243125,1.0056328e-05,0.2010784,0
1118,18.633333,7.443407e-06,33.073044,33.07305,-2.5113352e-05,33.07305,0.00010154014,209,209,52,0.0018921922,0.0051822783,9.972659e-06,0.20107752,0
1119,18.65,7.432202e-06,33.073017,33.07302,-2.7443293e-05,33.07302,0.00010139391,209,209,52,0.0018896913,0.0051212716,9.877065e-06,0.20107658,0
1120,18.666666,7.4203076e-06,33.072994,33.073,-2.0627525e-05,33.073,0.00010146662,209,209,52,0.0018869943,0.0050649587,9.697759e-06,0.20107545,0
1121,18.683332,7.4065797e-06,33.07297,33.07298,-2.3289438e-05,33.07298,0.00010149702,209,209,52,0.0018839387,0.0049945414,9.4825655e-06,0.20107512,0
1122,18.7,7.3948036e-06,33.07295,33.072956,-2.1791191e-05,33.072956,0.000101502,209,209,52,0.0018813685,0.0049374322,9.340184e-06,0.20107436,0
1123,18.716667,7.3835718e-06,33.07293,33.072937,-2.1790647e-05,33.072937,0.000101388505,208,208,52,0.0018788426,0.004879798,9.170472e-06,0.20107363,0
1124,18.733334,7.3717983e-06,33.072903,33.07291,-2.4617526e-05,33.07291,0.00010143106,208,208,52,0.0018761817,0.004817956,9.0481235e-06,0.20107283,0
1125,18.75,7.359511e-06,33.072876,33.072884,-2.727812e-05,33.072884,0.000101418715,208,208,52,0.001873412,0.0047565675,8.84438e-06,0.20107199,0
1126,18.766666,7.3474107e-06,33.072853,33.07286,-2.1126496e-05,33.07286,0.00010146415,208,208,52,0.0018706619,0.004692936,8.659766e-06,0.2010712,0
1127,18.783333,7.335588e-06,33.072834,33.072838,-2.2788769e-05,33.072838,0.0001013768,208,208,52,0.0018679524,0.0046395315,8.480752e-06,0.20107041,0
1128,18.8,7.323974e-06,33.072807,33.072815,-2.5116131e-05,33.072815,0.000101413985,208,208,52,0.0018652831,0.0045789643,8.326326e-06,0.201069,0
1129,18.816668,7.312701e-06,33.07278,33.07279,-2.478328e-05,33.07279,0.00010151,208,208,52,0.0018626814,0.004522201,8.10115e-06,0.20106839,0
1130,18.833334,7.301851e-06,33.07276,33.07277,-1.962895e-05,33.07277,0.00010145342,208,208,52,0.0018601633,0.004462528,7.881958e-06,0.20106806,0
1131,18.85,7.2911703e-06,33.07274,33.072746,-2.4616433e-05,33.072746,0.00010132936,208,208,52,0.0018576925,0.0044067227,7.747858e-06,0.20106693,0
1132,18.866667,7.2811313e-06,33.07272,33.072727,-1.9628138e-05,33.072727,0.00010136864,208,208,52,0.0018553531,0.00435056,7.4884283e-06,0.20106669,0
1133,18.883333,7.271822e-06,33.0727,33.07271,-1.8131113e-05,33.07271,0.00010135925,208,208,52,0.0018531545,0.0043001277,7.3215133e-06,0.20106602,0
1134,18.9,7.262594e-06,33.072678,33.072685,-2.3783705e-05,33.072685,0.000101455305,208,208,52,0.0018509955,0.004245025,7.1539794e-06,0.20106526,0
1135,18.916666,7.254018e-06,33.07265,33.07266,-2.6775644e-05,33.07266,0.000101483434,208,208,52,0.0018489682,0.004193144,6.999406e-06,0.2010645,0
1136,18.933332,7.2459297e-06,33.07263,33.07264,-1.9127423e-05,33.07264,0.00010140724,208,208,52,0.0018470392,0.004144568,6.7910833e-06,0.2010638,0
1137,18.95,7.2381895e-06,33.07261,33.072613,-2.3283452e-05,33.072613,0.00010142543,208,208,52,0.001845198,0.004094506,6.6779685e-06,0.20106296,0
1138,18.966667,7.2309413e-06,33.072582,33.07259,-2.3449214e-05,33.07259,0.00010142621,208,208,52,0.0018434568,0.0040482096,6.4404985e-06,0.20106232,0
1139,18.983334,7.223299e-06,33.072563,33.07257,-1.9293231e-05,33.07257,0.00010145205,208,208,52,0.001840989,0.0041940925,6.2813415e-06,0.20106164,0
1140,19,7.217269e-06,33.072544,33.07255,-2.0787915e-05,33.07255,0.00010144147,208,208,52,0.0018397926,0.004160518,6.1478813e-06,0.20106097,0
1141,19.016666,7.211109e-06,33.072517,33.072525,-2.5110678e-05,33.072525,0.00010143188,207,207,52,0.001838342,0.0041456963,5.979561e-06,0.20106018,0
1142,19.033333,7.2055063e-06,33.072502,33.07251,-1.5633581e-05,33.07251,0.00010139918,207,207,52,0.0018369704,0.004130807,5.8038813e-06,0.20105958,0
1143,19.05,7.200042e-06,33.07248,33.072487,-2.3779941e-05,33.072487,0.00010140592,207,207,52,0.0018356317,0.0041125664,5.691389e-06,0.20105879,0
1144,19.066668,7.1953077e-06,33.072456,33.07246,-2.4776742e-05,33.07246,0.00010142903,207,207,52,0.0018344247,0.0040969714,5.5780747e-06,0.201058,0
1145,19.083334,7.1907475e-06,33.072437,33.072445,-1.5798792e-05,33.072445,0.00010141642,207,207,52,0.0018332646,0.004080525,5.355942e-06,0.20105748,0
1146,19.1,7.1869495e-06,33.07242,33.072426,-2.1284448e-05,33.072426,0.000101365855,207,207,52,0.0018322598,0.0040663285,5.2512955e-06,0.2010568,0
1147,19.116667,7.18283e-06,33.07239,33.0724,-2.6937443e-05,33.0724,0.0001013901,207,207,52,0.0018312259,0.0040494334,5.132742e-06,0.20105599,0
1148,19.133333,7.179429e-06,33.072376,33.07238,-1.6130143e-05,33.07238,0.00010141453,207,207,52,0.0018303206,0.0040338538,5.0073268e-06,0.20105535,0
1149,19.15,7.176122e-06,33.07235,33.072357,-2.4442803e-05,33.072357,0.000101397665,207,207,52,0.0018294564,0.00402033,4.9526907e-06,0.20105456,0
1150,19.166666,7.1732657e-06,33.07233,33.07234,-2.0452231e-05,33.07234,0.00010151804,207,207,52,0.0018286768,0.004007643,4.725314e-06,0.20105392,0
1151,19.183332,7.1705763e-06,33.072308,33.072315,-2.2779635e-05,33.072315,0.0001014141,207,207,52,0.0018279413,0.003994227,4.6862233e-06,0.20105328,0
1152,19.2,7.1667e-06,33.072285,33.072292,-2.1118272e-05,33.072292,0.00010149152,206,206,52,0.0018270984,0.0039780643,4.5631105e-06,0.20105252,0
1153,19.216667,7.166052e-06,33.072266,33.072273,-1.9618748e-05,33.072273,0.00010130118,206,206,52,0.0018268141,0.0039694756,4.506958e-06,0.20105192,0
1154,19.233334,7.1650006e-06,33.072247,33.072254,-1.9120385e-05,33.072254,0.000101418984,206,206,52,0.0018264953,0.003961001,4.4344265e-06,0.20105119,0
1155,19.25,7.1640534e-06,33.072216,33.072224,-2.926184e-05,33.072224,0.000101462276,206,206,52,0.0018261819,0.0039510983,4.3720743e-06,0.20105045,0
1156,19.266666,7.1628447e-06,33.0722,33.07221,-1.5130421e-05,33.07221,0.00010132758,206,206,52,0.0018258155,0.0039394125,4.3113114e-06,0.20104983,0
1157,19.283333,7.1618574e-06,33.07218,33.07219,-2.1281638e-05,33.07219,0.00010153245,206,206,52,0.0018254832,0.0039321743,4.2621177e-06,0.20104921,0
1158,19.3,7.1607496e-06,33.072163,33.07217,-1.9951718e-05,33.07217,0.000101433805,206,206,52,0.0018251324,0.0039219917,4.181707e-06,0.20104852,0
1159,19.316668,7.159793e-06,33.072132,33.07214,-2.793181e-05,33.07214,0.00010139264,206,206,52,0.0018248118,0.003910826,4.3151604e-06,0.20104706,0
1160,19.333334,7.158804e-06,33.07212,33.07213,-1.3800161e-05,33.07213,0.00010140511,206,206,52,0.0018244811,0.0039006597,4.0258087e-06,0.2010472,0
1161,19.35,7.1578684e-06,33.072098,33.072105,-2.2445372e-05,33.072105,0.00010143846,206,206,52,0.0018241687,0.003890231,4.013464e-06,0.2010465,0
1162,19.366667,7.157254e-06,33.072075,33.072083,-2.1613774e-05,33.072083,0.00010146212,206,206,52,0.0018239092,0.0038810784,3.9460574e-06,0.20104581,0
1163,19.383333,7.1564536e-06,33.072056,33.072063,-1.828886e-05,33.072063,0.000101376376,206,206,52,0.0018236291,0.0038705396,3.867812e-06,0.20104513,0
1164,19.4,7.1556997e-06,33.07203,33.072037,-2.7765353e-05,33.072037,0.00010142065,206,206,52,0.0018233593,0.0038598387,3.8782755e-06,0.2010443,0
1165,19.416666,7.1550435e-06,33.07201,33.072018,-1.8953735e-05,33.072018,0.00010149218,206,206,52,0.0018231081,0.0038495378,3.7262505e-06,0.20104368,0
1166,19.433332,7.1547342e-06,33.071995,33.072002,-1.5794541e-05,33.072002,0.000101350495,206,206,52,0.0018229204,0.0038450446,3.6846056e-06,0.20104316,0
1167,19.45,7.153976e-06,33.07197,33.07198,-2.4107745e-05,33.07198,0.00010137247,206,206,52,0.0018226628,0.0038340238,3.64414e-06,0.20104243,0
1168,19.466667,7.1535906e-06,33.071953,33.07196,-1.8953464e-05,33.07196,0.000101509235,206,206,52,0.0018224778,0.0038264084,3.604376e-06,0.20104177,0
1169,19.483334,7.152012e-06,33.07193,33.071938,-2.0284699e-05,33.071938,0.000101413134,206,206,52,0.0018221156,0.003818007,3.5652058e-06,0.20104118,0
1170,19.5,7.150643e-06,33.071907,33.071915,-2.4773377e-05,33.071915,0.000101380465,206,206,52,0.0018217753,0.0038103382,3.486404e-06,0.20104042,0
1171,19.516666,7.149184e-06,33.071888,33.071896,-1.8123263e-05,33.071896,0.000101406265,206,206,52,0.0018214209,0.0038011647,3.4302375e-06,0.20103978,0
1172,19.533333,7.1476884e-06,33.071865,33.071873,-2.3775972e-05,33.071873,0.00010139638,206,206,52,0.0018210647,0.003792732,3.4085328e-06,0.20103908,0
1173,19.55,7.146359e-06,33.071846,33.071854,-1.9785684e-05,33.071854,0.000101477286,206,206,52,0.0018207347,0.00378271,3.3892197e-06,0.20103838,0
1174,19.566668,7.1448544e-06,33.071827,33.071835,-1.9120838e-05,33.071835,0.0001014712,206,206,52,0.001820377,0.0037782567,3.3659114e-06,0.20103782,0
1175,19.583334,7.1435597e-06,33.071804,33.07181,-2.14482e-05,33.07181,0.000101505175,206,206,52,0.001820059,0.0037670964,3.3954555e-06,0.2010371,0
1176,19.6,7.14221e-06,33.07178,33.07179,-2.3110806e-05,33.07179,0.00010140814,206,206,52,0.0018197336,0.003759034,3.3506979e-06,0.20103642,0
1177,19.616667,7.141087e-06,33.071766,33.07177,-1.6792887e-05,33.07177,0.00010139691,206,206,52,0.001819448,0.0037540265,3.3433353e-06,0.20103584,0
1178,19.633333,7.1399018e-06,33.071743,33.07175,-2.1448092e-05,33.07175,0.00010138738,206,206,52,0.0018191608,0.0037470912,3.2934602e-06,0.2010352,0
1179,19.65,7.13855e-06,33.07172,33.071728,-2.1448257e-05,33.071728,0.000101435195,206,206,52,0.001818851,0.0037382133,3.289984e-06,0.2010345,0
1180,19.666666,7.137414e-06,33.0717,33.07171,-2.0284255e-05,33.07171,0.00010146786,206,206,52,0.0018185813,0.0037287779,3.2615635e-06,0.20103382,0
1181,19.683332,7.1364393e-06,33.07168,33.071682,-2.4939236e-05,33.071682,0.000101392674,206,206,52,0.0018183341,0.0037244475,3.2455466e-06,0.20103316,0
1182,19.7,7.1353506e-06,33.07166,33.071667,-1.6626596e-05,33.071667,0.00010141176,206,206,52,0.0018180814,0.0037166998,3.2535438e-06,0.20103253,0
1183,19.716667,7.1344007e-06,33.07164,33.071648,-2.0117815e-05,33.071648,0.000101416146,206,206,52,0.0018178545,0.0037115659,3.2208393e-06,0.20103195,0
1184,19.733334,7.1351724e-06,33.071617,33.07162,-2.393996e-05,33.07162,0.00010149634,206,206,52,0.0018178317,0.0037068091,3.1968832e-06,0.20103118,0
1185,19.75,7.133619e-06,33.0716,33.07161,-1.5130766e-05,33.07161,0.00010139415,208,208,52,0.0018174797,0.0036979765,3.1928753e-06,0.20103069,0
1186,19.766666,7.132349e-06,33.07157,33.07158,-2.7433358e-05,33.07158,0.00010146774,208,208,52,0.0018171526,0.0036887473,3.1284835e-06,0.20102951,0
1187,19.783333,7.131324e-06,33.071556,33.071564,-1.6792788e-05,33.071564,0.00010148193,208,208,52,0.0018168931,0.0036788585,3.1151894e-06,0.20102929,0
1188,19.8,7.13051e-06,33.071533,33.07154,-2.1613974e-05,33.07154,0.00010152919,208,208,52,0.0018166772,0.003675814,3.100212e-06,0.20102863,0
1189,19.816668,7.129584e-06,33.071514,33.071518,-2.2279106e-05,33.071518,0.00010145315,208,208,52,0.0018164661,0.0036674931,3.0686795e-06,0.20102783,0
1190,19.833334,7.1286813e-06,33.071495,33.071503,-1.8621471e-05,33.071503,0.00010145003,208,208,52,0.0018162681,0.003659061,3.0806618e-06,0.20102726,0
1191,19.85,7.1281515e-06,33.071472,33.07148,-2.2943732e-05,33.07148,0.00010145666,208,208,52,0.0018161308,0.0036562406,3.049952e-06,0.20102654,0
1192,19.866667,7.127368e-06,33.071453,33.07146,-1.8953862e-05,33.07146,0.00010146799,208,208,52,0.0018159694,0.0036506157,3.062823e-06,0.20102607,0
1193,19.883333,7.126909e-06,33.071434,33.07144,-1.8953539e-05,33.07144,0.000101386344,208,208,52,0.0018158583,0.0036441688,3.0321355e-06,0.20102541,0
1194,19.9,7.126101e-06,33.071407,33.071415,-2.4606561e-05,33.071415,0.000101385674,208,208,52,0.0018157035,0.003640835,3.0279466e-06,0.20102407,0
1195,19.916666,7.1255963e-06,33.071392,33.0714,-1.5794738e-05,33.0714,0.00010140423,208,208,52,0.0018155986,0.0036325662,3.0269664e-06,0.20102406,0
1196,19.933332,7.1250793e-06,33.07137,33.071377,-2.2611208e-05,33.071377,0.000101394486,208,208,52,0.0018154952,0.0036300158,2.999242e-06,0.20102352,0
1197,19.95,7.1245076e-06,33.071346,33.071354,-2.2943774e-05,33.071354,0.000101465535,208,208,52,0.0018153837,0.0036255396,3.0171666e-06,0.20102283,0
1198,19.966667,7.124184e-06,33.071327,33.071335,-1.9285913e-05,33.071335,0.00010143235,208,208,52,0.0018153149,0.0036219535,3.0099065e-06,0.20102209,0
1199,19.983334,7.123498e-06,33.071304,33.071312,-2.1613847e-05,33.071312,0.000101464524,208,208,52,0.0018151944,0.0036166494,3.0183066e-06,0.20102152,0
1200,20,7.1232403e-06,33.071285,33.071293,-1.8953337e-05,33.071293,0.00010152062,208,208,52,0.0018151379,0.0036128368,2.9923247e-06,0.20102093,0
1201,20.016666,7.122736e-06,33.071266,33.071274,-2.11149e-05,33.071274,0.00010138111,208,208,52,0.0018150503,0.0036084873,3.0203983e-06,0.20102032,0
1202,20.033333,7.1222e-06,33.07124,33.071247,-2.5603818e-05,33.071247,0.00010142583,208,208,52,0.0018149609,0.0036034079,3.0208992e-06,0.20101954,0
1203,20.05,7.1217623e-06,33.071224,33.07123,-1.4464629e-05,33.07123,0.000101426805,208,208,52,0.0018148829,0.0035995934,2.987894e-06,0.20101902,0
1204,20.066668,7.1211725e-06,33.071205,33.07121,-2.261128e-05,33.07121,0.00010148711,208,208,52,0.0018147848,0.0035929615,3.021125e-06,0.20101827,0
1205,20.083334,7.1210006e-06,33.071182,33.07119,-2.0117037e-05,33.07119,0.00010153418,208,208,52,0.0018147512,0.0035916667,3.0164665e-06,0.2010177,0
1206,20.1,7.1204895e-06,33.07116,33.071167,-2.2278693e-05,33.071167,0.000101475605,208,208,52,0.0018146647,0.003587858,3.0048739e-06,0.20101704,0
1207,20.116667,7.120232e-06,33.07114,33.071144,-2.2112183e-05,33.071144,0.000101370875,208,208,52,0.0018146172,0.0035830212,3.02562e-06,0.20101634,0
1208,20.133333,7.1196478e-06,33.07112,33.07113,-1.7291113e-05,33.07113,0.000101435304,208,208,52,0.0018145263,0.0035797441,3.0197648e-06,0.2010158,0
1209,20.15,7.1192717e-06,33.071095,33.071102,-2.5936168e-05,33.071102,0.000101481,208,208,52,0.0018144611,0.0035728249,3.0242413e-06,0.20101497,0
1210,20.166666,7.1188942e-06,33.07108,33.071087,-1.7623415e-05,33.071087,0.00010134467,208,208,52,0.0018143976,0.0035715876,3.0281324e-06,0.2010144,0
1211,20.183332,7.1184427e-06,33.071053,33.07106,-2.4772458e-05,33.07106,0.000101448975,208,208,52,0.0018143237,0.0035681424,3.0243893e-06,0.20101337,0
1212,20.2,7.1179943e-06,33.071037,33.071045,-1.6625956e-05,33.071045,0.000101432066,208,208,52,0.001814252,0.0035637289,3.0354909e-06,0.20101319,0
1213,20.216667,7.1175314e-06,33.07101,33.07102,-2.5271236e-05,33.07102,0.000101459256,209,209,52,0.0018141719,0.0035619931,3.049495e-06,0.20101248,0
1214,20.233334,7.117337e-06,33.070988,33.070995,-2.1945865e-05,33.070995,0.00010143993,209,209,52,0.0018141324,0.003558994,3.042312e-06,0.20101129,0
1215,20.25,7.1167815e-06,33.070972,33.07098,-1.5961044e-05,33.07098,0.00010143314,209,209,52,0.0018140452,0.0035525444,3.0369088e-06,0.20101123,0
1216,20.266666,7.116477e-06,33.07095,33.070957,-2.5104822e-05,33.070957,0.00010136931,209,209,52,0.0018139913,0.0035507749,3.0526112e-06,0.20101053,0
1217,20.283333,7.11587e-06,33.07093,33.07094,-1.8953686e-05,33.07094,0.000101414305,209,209,52,0.0018138938,0.0035467457,3.048344e-06,0.2010099,0
1218,20.3,7.1154145e-06,33.070904,33.07091,-2.3941187e-05,33.07091,0.00010141971,209,209,52,0.0018138179,0.0035423501,3.0662757e-06,0.20100921,0
1219,20.316668,7.114993e-06,33.070885,33.070892,-1.89535e-05,33.070892,0.00010140897,209,209,52,0.0018137506,0.0035390623,3.0456386e-06,0.20100859,0
1220,20.333334,7.114724e-06,33.070866,33.070873,-2.1779684e-05,33.070873,0.00010133635,209,209,52,0.0018137014,0.0035366197,3.0434562e-06,0.20100798,0
1221,20.35,7.114286e-06,33.070843,33.07085,-2.0782323e-05,33.07085,0.00010149437,209,209,52,0.0018136282,0.0035338996,3.0692763e-06,0.2010073,0
1222,20.366667,7.1138397e-06,33.070824,33.07083,-2.0948586e-05,33.07083,0.000101410966,209,209,52,0.0018135528,0.0035283938,3.0640263e-06,0.20100662,0
1223,20.383333,7.1135532e-06,33.0708,33.070805,-2.3941018e-05,33.070805,0.00010141521,209,209,52,0.0018134892,0.003527182,3.0607687e-06,0.20100585,0
1224,20.4,7.1132663e-06,33.070778,33.070786,-1.9618386e-05,33.070786,0.00010144542,209,209,52,0.001813421,0.003522019,3.0590156e-06,0.20100522,0
1225,20.416666,7.112733e-06,33.07076,33.070763,-2.2444969e-05,33.070763,0.000101462705,209,209,52,0.0018133149,0.003519329,3.1036495e-06,0.20100467,0
1226,20.433332,7.112766e-06,33.070736,33.070744,-2.0283087e-05,33.070744,0.00010141073,209,209,52,0.0018132861,0.0035164715,3.0556257e-06,0.20100392,0
1227,20.45,7.112346e-06,33.070713,33.07072,-2.3774897e-05,33.07072,0.00010140388,209,209,52,0.0018132012,0.0035123948,3.0973547e-06,0.20100325,0
1228,20.466667,7.1122954e-06,33.070694,33.0707,-1.9119385e-05,33.0707,0.00010146989,209,209,52,0.0018131624,0.0035085517,3.089083e-06,0.2010027,0
1229,20.483334,7.1119953e-06,33.07067,33.07068,-2.2112226e-05,33.07068,0.00010147271,209,209,52,0.0018130935,0.0035058602,3.0716321e-06,0.20100209,0
1230,20.5,7.111577e-06,33.070652,33.07066,-1.8787243e-05,33.07066,0.00010139517,209,209,52,0.0018130054,0.003500698,3.088577e-06,0.20100145,0
1231,20.516666,7.1113413e-06,33.070625,33.070633,-2.6933558e-05,33.070633,0.00010145673,209,209,52,0.0018129456,0.0034967745,3.1069912e-06,0.20100074,0
1232,20.533333,7.1109757e-06,33.070606,33.07061,-2.1281016e-05,33.07061,0.0001014504,209,209,52,0.0018128632,0.0034930946,3.1126224e-06,0.20099999,0
1233,20.55,7.1108984e-06,33.070587,33.070595,-1.8288136e-05,33.070595,0.00010141413,209,209,52,0.0018128257,0.0034890699,3.0936133e-06,0.20099948,0
1234,20.566668,7.110489e-06,33.07056,33.070564,-2.7765009e-05,33.070564,0.000101582904,209,209,52,0.0018127399,0.0034844081,3.1202646e-06,0.20099872,0
1235,20.583334,7.110333e-06,33.07054,33.07055,-1.6791919e-05,33.07055,0.00010140415,209,209,52,0.0018126847,0.0034811527,3.1177888e-06,0.20099811,0
1236,20.6,7.1100308e-06,33.07052,33.070526,-2.2943503e-05,33.070526,0.000101346996,209,209,52,0.0018126143,0.0034768595,3.1181592e-06,0.20099743,0
1237,20.616667,7.1097834e-06,33.0705,33.070507,-1.8953326e-05,33.070507,0.00010131038,209,209,52,0.0018125563,0.0034712083,3.138922e-06,0.20099677,0
1238,20.633333,7.1094064e-06,33.070473,33.07048,-2.6767446e-05,33.07048,0.0001013911,209,209,52,0.0018124739,0.0034685987,3.1218904e-06,0.20099604,0
1239,20.65,7.1091545e-06,33.07045,33.070457,-2.1945922e-05,33.070457,0.00010147313,209,209,52,0.0018124137,0.0034622427,3.1296158e-06,0.20099542,0
1240,20.666666,7.1088357e-06,33.07043,33.07044,-2.1779735e-05,33.07044,0.000101385645,209,209,52,0.0018123346,0.003461057,3.1380475e-06,0.20099409,0
1241,20.683332,7.1100276e-06,33.07041,33.07042,-1.8286866e-05,33.07042,0.00010141958,209,209,52,0.0018124054,0.0034546477,3.1395725e-06,0.20099415,0
1242,20.7,7.109664e-06,33.07039,33.070396,-2.24448e-05,33.070396,0.0001014433,209,209,52,0.0018123104,0.003450177,3.1146271e-06,0.20099342,0
1243,20.716667,7.109413e-06,33.070366,33.070374,-2.2112177e-05,33.070374,0.000101490186,209,209,52,0.001812245,0.0034473797,3.0964484e-06,0.20099281,0
1244,20.733334,7.1090267e-06,33.070343,33.07035,-2.3109842e-05,33.07035,0.00010143626,209,209,52,0.0018121747,0.003443827,3.1223178e-06,0.20099214,0
1245,20.75,7.108697e-06,33.070324,33.07033,-1.8620898e-05,33.07033,0.000101404614,209,209,52,0.001812118,0.0034397265,3.1053823e-06,0.20099148,0
1246,20.766666,7.108273e-06,33.070297,33.070305,-2.5769961e-05,33.070305,0.00010143911,209,209,52,0.0018120444,0.003438758,3.1086374e-06,0.20099075,0
1247,20.783333,7.1080344e-06,33.07028,33.070286,-2.16134e-05,33.070286,0.000101421414,209,209,52,0.0018119888,0.003432919,3.1012626e-06,0.20099004,0
1248,20.8,7.107829e-06,33.07025,33.070255,-2.759855e-05,33.070255,0.00010137715,209,209,52,0.0018119377,0.0034307563,3.1120264e-06,0.20098941,0
1249,20.816668,7.1073673e-06,33.070232,33.07024,-1.76235e-05,33.07024,0.00010144342,210,210,52,0.0018118506,0.0034260708,3.1136356e-06,0.20098875,0
1250,20.833334,7.107442e-06,33.07021,33.070213,-2.4605677e-05,33.070213,0.000101370984,210,210,52,0.0018118342,0.003423528,3.1336801e-06,0.2009881,0
1251,20.85,7.106922e-06,33.07019,33.070198,-1.8122324e-05,33.070198,0.00010137775,210,210,52,0.0018117377,0.0034210493,3.1378408e-06,0.20098749,0
1252,20.866667,7.1066697e-06,33.070164,33.07017,-2.4273493e-05,33.07017,0.00010144072,210,210,52,0.0018116776,0.0034175334,3.1305474e-06,0.20098662,0
1253,20.883333,7.106524e-06,33.070145,33.070152,-2.1114542e-05,33.070152,0.00010145002,210,210,52,0.0018116365,0.0034149769,3.151154e-06,0.20098616,0
1254,20.9,7.106353e-06,33.07012,33.07013,-2.3275881e-05,33.07013,0.00010145412,210,210,52,0.0018115889,0.0034095333,3.1688596e-06,0.20098545,0
1255,20.916666,7.1063737e-06,33.0701,33.070107,-2.0781865e-05,33.070107,0.00010137581,210,210,52,0.0018115732,0.0034087882,3.1757572e-06,0.20098484,0
1256,20.933332,7.106084e-06,33.070076,33.070084,-2.5271062e-05,33.070084,0.00010134208,210,210,52,0.0018115095,0.0034061177,3.154468e-06,0.20098409,0
1257,20.95,7.105938e-06,33.070053,33.07006,-2.2777092e-05,33.07006,0.00010137892,209,209,52,0.001811472,0.0034041428,3.1782274e-06,0.20098276,0
1258,20.966667,7.105736e-06,33.07003,33.070038,-2.0615831e-05,33.070038,0.000101466874,209,209,52,0.0018114253,0.0033992815,3.190198e-06,0.2009828,0
1259,20.983334,7.105639e-06,33.07001,33.07002,-2.0615727e-05,33.07002,0.000101346304,209,209,52,0.0018113892,0.00340049,3.2007936e-06,0.20098202,0
1260,21,7.1053137e-06,33.069984,33.069992,-2.7432414e-05,33.069992,0.00010146522,208,208,52,0.0018113273,0.0033974957,3.1978345e-06,0.20098141,0
1261,21.016666,7.1052696e-06,33.06996,33.06997,-2.1613205e-05,33.06997,0.000101445425,207,207,52,0.0018112976,0.0033943788,3.2396526e-06,0.20098072,0
1262,21.033333,7.1052673e-06,33.069942,33.06995,-1.9618103e-05,33.06995,0.000101456455,207,207,52,0.0018112783,0.0033934815,3.2265311e-06,0.20098016,0
1263,21.05,7.104992e-06,33.069916,33.069923,-2.4439772e-05,33.069923,0.00010139093,207,207,52,0.0018112225,0.0033888207,3.245858e-06,0.2009794,0
1264,21.066668,7.104863e-06,33.069893,33.0699,-2.4439625e-05,33.0699,0.000101439364,210,210,53,0.0018111845,0.003387279,3.2445616e-06,0.2009787,0
1265,21.083334,7.1047693e-06,33.06987,33.069878,-2.310955e-05,33.069878,0.00010134043,210,210,53,0.0018111509,0.0033842216,3.2530215e-06,0.200978,0
1266,21.1,7.1045115e-06,33.069847,33.069855,-2.3109715e-05,33.069855,0.00010130022,210,210,53,0.0018110911,0.0033838209,3.2668017e-06,0.20097667,0
1267,21.116667,7.1044146e-06,33.069824,33.069828,-2.4439594e-05,33.069828,0.00010129175,211,211,54,0.001811057,0.0033809764,3.2569235e-06,0.20097627,0
1268,21.133333,7.1041327e-06,33.0698,33.06981,-1.9452127e-05,33.06981,0.00010132667,211,211,54,0.0018109981,0.003378393,3.2823903e-06,0.20097601,0
1269,21.15,7.1040745e-06,33.06978,33.069786,-2.394079e-05,33.069786,0.00010138683,211,211,54,0.0018109694,0.0033763216,3.282367e-06,0.20097536,0
1270,21.166666,7.1039503e-06,33.069756,33.069763,-2.2610815e-05,33.069763,0.00010131774,211,211,54,0.0018109302,0.003375488,3.282728e-06,0.20097467,0
1271,21.183332,7.103699e-06,33.069736,33.069744,-2.1447157e-05,33.069744,0.000101422906,212,212,54,0.0018108762,0.003370294,3.3028043e-06,0.20097385,0
1272,21.2,7.1038157e-06,33.06971,33.069717,-2.543691e-05,33.069717,0.00010145849,212,212,54,0.0018108702,0.003370457,3.3135616e-06,0.20097318,0
1273,21.216667,7.1036984e-06,33.069687,33.069695,-2.2112043e-05,33.069695,0.00010140965,212,212,54,0.0018108503,0.0033692534,3.3065535e-06,0.20097218,0
1274,21.233334,7.1032987e-06,33.069664,33.06967,-2.427364e-05,33.06967,0.00010146051,212,212,54,0.0018107983,0.0033666368,3.3087501e-06,0.20097186,0
1275,21.25,7.1033123e-06,33.069645,33.069653,-1.878681e-05,33.069653,0.000101374404,212,212,54,0.0018107955,0.0033668932,3.3406143e-06,0.20097122,0
1276,21.266666,7.102913e-06,33.069614,33.069622,-2.8430019e-05,33.069622,0.00010141852,212,212,54,0.0018107368,0.0033647176,3.321468e-06,0.20097046,0
1277,21.283333,7.1026675e-06,33.06959,33.0696,-2.3275958e-05,33.0696,0.00010142535,211,211,53,0.0018106907,0.003363742,3.3157921e-06,0.20096965,0
1278,21.3,7.1027875e-06,33.069572,33.06958,-2.1613041e-05,33.06958,0.00010146149,211,211,53,0.0018106909,0.003364695,3.329188e-06,0.20096914,0
1279,21.316668,7.1026257e-06,33.06955,33.069557,-2.2777107e-05,33.069557,0.000101374586,211,211,53,0.0018106509,0.0033615404,3.3514739e-06,0.20096844,0
1280,21.333334,7.1027316e-06,33.069527,33.069534,-2.244433e-05,33.069534,0.00010140537,211,211,53,0.0018106455,0.0033593022,3.3696667e-06,0.20096774,0
1281,21.35,7.102745e-06,33.069496,33.069504,-2.793084e-05,33.069504,0.0001014333,211,211,53,0.0018106269,0.0033581764,3.350064e-06,0.20096697,0
1282,21.366667,7.1030254e-06,33.069477,33.069485,-2.22779e-05,33.069485,0.00010137712,211,211,53,0.0018106467,0.0033569445,3.3725769e-06,0.20096631,0
1283,21.383333,7.103294e-06,33.06945,33.069458,-2.3940464e-05,33.069458,0.00010143964,211,211,53,0.0018106612,0.003354739,3.35759e-06,0.2009656,0
1284,21.4,7.1033537e-06,33.069427,33.069435,-2.2776887e-05,33.069435,0.000101436555,211,211,53,0.00181065,0.0033538027,3.3965039e-06,0.20096496,0
1285,21.416666,7.1038985e-06,33.069405,33.069412,-2.3275166e-05,33.069412,0.000101520876,211,211,53,0.0018107035,0.0033506665,3.3929564e-06,0.20096424,0
1286,21.433332,7.10389e-06,33.069378,33.069386,-2.7432097e-05,33.069386,0.00010142429,211,211,53,0.0018106883,0.0033479426,3.3953245e-06,0.20096342,0
1287,21.45,7.1041163e-06,33.069355,33.069363,-2.2610464e-05,33.069363,0.00010136297,211,211,53,0.0018107243,0.0033498618,3.3943243e-06,0.2009628,0
1288,21.466667,7.105558e-06,33.069332,33.06934,-2.2110484e-05,33.06934,0.00010138781,211,211,53,0.0018108742,0.0033480085,3.4050868e-06,0.2009621,0
1289,21.483334,7.1037834e-06,33.06931,33.069317,-2.5605057e-05,33.069317,0.00010138338,210,210,53,0.0018106471,0.0033459438,3.3999288e-06,0.20096135,0
1290,21.5,7.105474e-06,33.069286,33.06929,-2.327402e-05,33.06929,0.000101341306,210,210,53,0.0018108415,0.0033458949,3.3879505e-06,0.2009607,0
1291,21.516666,7.1041e-06,33.06926,33.069267,-2.4607127e-05,33.069267,0.0001014155,212,212,53,0.0018106744,0.0033430108,3.403786e-06,0.20095992,0
1292,21.533333,7.1043587e-06,33.069237,33.069244,-2.2444177e-05,33.069244,0.00010149049,212,212,53,0.0018106976,0.0033407416,3.4142652e-06,0.20095925,0
1293,21.55,7.104578e-06,33.069214,33.06922,-2.1945452e-05,33.06922,0.00010143638,212,212,53,0.0018107088,0.0033399756,3.4292561e-06,0.2009586,0
1294,21.566668,7.1048694e-06,33.069187,33.069195,-2.7099286e-05,33.069195,0.000101381454,212,212,53,0.001810728,0.0033413107,3.4206948e-06,0.2009579,0
1295,21.583334,7.1052823e-06,33.069164,33.06917,-2.2942788e-05,33.06917,0.000101384656,209,209,52,0.0018107678,0.0033358007,3.4322716e-06,0.20095709,0
1296,21.6,7.1056093e-06,33.06914,33.06915,-2.3441638e-05,33.06915,0.00010140228,209,209,52,0.0018107924,0.003334806,3.4532743e-06,0.20095642,0
1297,21.616667,7.1058166e-06,33.069115,33.069122,-2.743188e-05,33.069122,0.00010133007,209,209,52,0.0018107982,0.0033337798,3.466155e-06,0.20095572,0
1298,21.633333,7.1064255e-06,33.06909,33.0691,-2.1612552e-05,33.0691,0.00010138766,209,209,52,0.0018108636,0.0033300223,3.49165e-06,0.20095491,0
1299,21.65,7.106755e-06,33.069065,33.069073,-2.6932994e-05,33.069073,0.000101456506,209,209,52,0.0018108902,0.003328544,3.4939646e-06,0.20095429,0
1300,21.666666,7.107606e-06,33.069042,33.06905,-2.3773626e-05,33.06905,0.00010137636,209,209,52,0.0018109945,0.0033282954,3.53336e-06,0.20095329,0
1301,21.683332,7.107988e-06,33.06902,33.069027,-2.2776565e-05,33.069027,0.00010143301,209,209,52,0.0018110274,0.0033272873,3.5158198e-06,0.20095289,0
1302,21.7,7.1079708e-06,33.068993,33.069,-2.726585e-05,33.069,0.000101377496,209,209,52,0.0018110254,0.0033257122,3.5381845e-06,0.20095211,0
1303,21.716667,7.1053446e-06,33.068966,33.068974,-2.6270929e-05,33.068974,0.000101381906,209,209,52,0.0018102914,0.0033162266,3.54684e-06,0.20095143,0
1304,21.733334,7.103742e-06,33.068943,33.06895,-2.2113529e-05,33.06895,0.0001014094,209,209,52,0.0018101,0.0033158257,3.551339e-06,0.2009507,0
1305,21.75,7.109426e-06,33.06892,33.068928,-2.4600067e-05,33.068928,0.00010140636,209,209,52,0.0018111838,0.0033203503,3.5936937e-06,0.20094998,0
1306,21.766666,7.106339e-06,33.068897,33.068905,-2.3445053e-05,33.068905,0.0001013876,209,209,52,0.0018103227,0.003415148,3.588357e-06,0.20094925,0
1307,21.783333,7.107939e-06,33.068867,33.068874,-2.7430488e-05,33.068874,0.000101414844,209,209,52,0.0018105872,0.0033188548,3.60777e-06,0.20094849,0
1308,21.8,7.1115905e-06,33.068844,33.06885,-2.3770825e-05,33.06885,0.0001014224,209,209,52,0.0018114351,0.0033151093,3.6053775e-06,0.20094776,0
1309,21.816668,7.1069394e-06,33.06882,33.06883,-2.3612873e-05,33.06883,0.000101360434,209,209,52,0.0018104648,0.0033050452,3.6448407e-06,0.2009471,0
1310,21.833334,7.1077284e-06,33.068794,33.0688,-2.5103729e-05,33.0688,0.000101364814,209,209,52,0.0018105383,0.0033044398,3.6407423e-06,0.20094635,0
1311,21.85,7.104195e-06,33.06877,33.068775,-2.643809e-05,33.068775,0.00010151941,207,207,51,0.0018100821,0.0030848302,3.6760694e-06,0.20094565,0
1312,21.866667,7.1035793e-06,33.068745,33.068752,-2.3442582e-05,33.068752,0.00010144178,207,207,51,0.0018108154,0.0024802547,3.6948595e-06,0.20094489,0
1313,21.883333,7.1030604e-06,33.06872,33.068726,-2.6102567e-05,33.068726,0.00010151156,207,207,51,0.0018100727,0.0027067596,3.6838385e-06,0.20094422,0
1314,21.9,7.099153e-06,33.068695,33.068703,-2.527468e-05,33.068703,0.000101432444,206,206,51,0.0018067015,0.002501848,3.7066538e-06,0.20094341,0
1315,21.916666,7.1011905e-06,33.06867,33.068672,-2.8095072e-05,33.068672,0.00010141028,206,206,51,0.001807104,0.0022409286,3.7235245e-06,0.20094268,0
1316,21.933332,7.1014792e-06,33.068645,33.068653,-2.2444146e-05,33.068653,0.0001014433,206,206,51,0.0018069821,0.0024211667,3.7332281e-06,0.20094201,0
1317,21.95,7.1034538e-06,33.068623,33.06863,-2.2774972e-05,33.06863,0.000101350786,207,207,51,0.0018073879,0.0022589436,3.775573e-06,0.20094131,0
1318,21.966667,7.1041263e-06,33.068596,33.068604,-2.6766395e-05,33.068604,0.00010140965,207,207,51,0.0018074017,0.002313617,3.760214e-06,0.20094055,0
1319,21.983334,7.104897e-06,33.06857,33.068577,-2.4771236e-05,33.068577,0.00010139339,207,207,51,0.0018074836,0.002331901,3.7576583e-06,0.20093988,0
1320,22,7.1056643e-06,33.06854,33.068546,-2.9426383e-05,33.068546,0.000101378864,207,207,51,0.0018075736,0.0023318294,3.7793357e-06,0.20093882,0
1321,22.016666,7.106416e-06,33.06852,33.068523,-2.2776194e-05,33.068523,0.0001013746,206,206,51,0.0018076615,0.0023308482,3.8120488e-06,0.20093839,0
1322,22.033333,7.1070262e-06,33.068493,33.0685,-2.6101437e-05,33.0685,0.00010140973,206,206,51,0.0018077294,0.0023310443,3.8158423e-06,0.20093751,0
1323,22.05,7.1075433e-06,33.068462,33.06847,-2.8429102e-05,33.06847,0.00010137592,206,206,51,0.0018077837,0.0023317672,3.8150592e-06,0.20093687,0
1324,22.066668,7.1081895e-06,33.068443,33.06845,-2.044873e-05,33.06845,0.00010132479,206,206,51,0.0018078556,0.0023318212,3.8576627e-06,0.20093626,0
1325,22.083334,7.1088607e-06,33.068417,33.068424,-2.6932652e-05,33.068424,0.000101425365,206,206,51,0.0018079274,0.0023315046,3.852669e-06,0.20093545,0
1326,22.1,7.1097165e-06,33.06839,33.068398,-2.7098722e-05,33.068398,0.00010136867,206,206,51,0.0018080295,0.0023310948,3.8625208e-06,0.20093472,0
1327,22.116667,7.1101754e-06,33.068363,33.06837,-2.4937803e-05,33.06837,0.000101392914,206,206,51,0.001808072,0.0023329803,3.874291e-06,0.20093401,0
1328,22.133333,7.111024e-06,33.06834,33.068344,-2.5103669e-05,33.068344,0.00010137563,206,206,51,0.0018082745,0.002254258,3.8731755e-06,0.20093322,0
1329,22.15,7.1115564e-06,33.06831,33.068317,-2.9759127e-05,33.068317,0.00010133335,206,206,51,0.0018082561,0.0023003214,3.9055017e-06,0.20093255,0
1330,22.166666,7.116798e-06,33.068287,33.068295,-2.293796e-05,33.068295,0.00010147557,206,206,51,0.001808862,0.0023698215,3.916231e-06,0.20093162,0
1331,22.183332,7.112968e-06,33.06826,33.068268,-2.6604643e-05,33.068268,0.00010145551,206,206,51,0.0018085203,0.0022342775,3.912569e-06,0.200931,0
1332,22.2,7.113628e-06,33.068233,33.068237,-2.7597684e-05,33.068237,0.00010141713,206,206,51,0.0018084922,0.0022930119,3.917143e-06,0.20092963,0
1333,22.216667,7.114583e-06,33.068207,33.068214,-2.5436073e-05,33.068214,0.00010137672,206,206,51,0.001808527,0.0022884118,3.922449e-06,0.20092955,0
1334,22.233334,7.1201493e-06,33.068184,33.068188,-2.410142e-05,33.068188,0.00010132553,207,207,51,0.0018120654,0.002023627,3.9482065e-06,0.20092876,0
1335,22.25,7.1202303e-06,33.068153,33.06816,-2.8928303e-05,33.06816,0.00010143262,207,207,51,0.0018123947,0.0022403654,3.945301e-06,0.20092754,0
1336,22.266666,7.1225695e-06,33.06813,33.06814,-2.3107117e-05,33.06814,0.00010143527,207,207,51,0.0018115715,0.002868949,3.971986e-06,0.20092729,0
1337,22.283333,7.1278887e-06,33.068104,33.06811,-2.5099198e-05,33.06811,0.00010140459,207,207,51,0.0018117155,0.0038197148,3.9912593e-06,0.20092665,0
1338,22.3,7.1275676e-06,33.068077,33.068085,-2.9261215e-05,33.068085,0.000101403166,207,207,51,0.0018127349,0.00323006,3.986126e-06,0.20092578,0
1339,22.316668,7.1265226e-06,33.068047,33.068054,-2.7765644e-05,33.068054,0.00010137076,207,207,51,0.001812491,0.0032441956,3.988255e-06,0.20092502,0
1340,22.333334,7.126949e-06,33.068024,33.06803,-2.377405e-05,33.06803,0.00010129582,207,207,51,0.0018125128,0.0032772524,4.0059535e-06,0.20092423,0
1341,22.35,7.127548e-06,33.067997,33.068005,-2.7764e-05,33.068005,0.00010133421,207,207,51,0.0018125749,0.0032817742,4.0114855e-06,0.20092344,0
1342,22.366667,7.1280615e-06,33.06797,33.067974,-2.8096594e-05,33.067974,0.00010141271,207,207,51,0.0018126124,0.0032809617,4.019188e-06,0.20092268,0
1343,22.383333,7.1289405e-06,33.06794,33.067947,-2.8262484e-05,33.067947,0.00010135751,207,207,51,0.0018126963,0.003279243,4.024145e-06,0.2009214,0
1344,22.4,7.1295854e-06,33.067913,33.06792,-2.5768893e-05,33.06792,0.000101346865,207,207,51,0.0018127465,0.003275655,4.0392233e-06,0.20092115,0
1345,22.416666,7.130413e-06,33.067886,33.067894,-2.7098751e-05,33.067894,0.00010139271,207,207,51,0.0018128229,0.0032755714,4.068249e-06,0.20092039,0
1346,22.433332,7.1313348e-06,33.06786,33.067867,-2.593487e-05,33.067867,0.00010137022,207,207,51,0.0018129133,0.0032731134,4.0537507e-06,0.20091958,0
1347,22.45,7.13202e-06,33.067837,33.067844,-2.5935107e-05,33.067844,0.00010151445,206,206,51,0.0018129699,0.0032713972,4.0651607e-06,0.20091878,0
1348,22.466667,7.1328236e-06,33.067806,33.06781,-3.0756386e-05,33.06781,0.000101398145,207,207,52,0.0018130433,0.0032732957,4.096257e-06,0.20091799,0
1349,22.483334,7.1336244e-06,33.067776,33.067783,-2.8262562e-05,33.067783,0.000101312806,207,207,52,0.0018131187,0.003271502,4.0898685e-06,0.20091724,0
1350,22.5,7.134282e-06,33.06775,33.067757,-2.5602625e-05,33.067757,0.000101361074,207,207,52,0.001813175,0.0032703087,4.1092935e-06,0.20091632,0
1351,22.516666,7.1351533e-06,33.06773,33.067738,-2.1279779e-05,33.067738,0.00010137025,208,208,52,0.001813261,0.0032665213,4.115384e-06,0.20091572,0
1352,22.533333,7.1359837e-06,33.0677,33.067707,-2.9758829e-05,33.067707,0.00010154451,208,208,52,0.0018133385,0.003266555,4.1029534e-06,0.20091484,0
1353,22.55,7.136795e-06,33.06767,33.067677,-3.208642e-05,33.067677,0.00010143749,208,208,52,0.0018134147,0.0032650458,4.129685e-06,0.20091406,0
1354,22.566668,7.137591e-06,33.06764,33.067646,-3.0257628e-05,33.067646,0.00010135589,208,208,52,0.0018134854,0.0032661231,4.14675e-06,0.20091254,0
1355,22.583334,7.1383383e-06,33.067616,33.067623,-2.2942455e-05,33.067623,0.00010135766,208,208,52,0.0018135563,0.0032617974,4.142907e-06,0.20091239,0
1356,22.6,7.139219e-06,33.06759,33.067593,-2.7597462e-05,33.067593,0.00010132608,208,208,52,0.0018136419,0.003263493,4.167138e-06,0.20091173,0
1357,22.616667,7.140027e-06,33.06756,33.067562,-3.0091362e-05,33.067562,0.00010144903,208,208,52,0.0018137184,0.0032592693,4.1578605e-06,0.20091079,0
1358,22.633333,7.1408836e-06,33.06753,33.06754,-2.5934936e-05,33.06754,0.0001014186,208,208,52,0.0018138015,0.0032591417,4.171678e-06,0.2009101,0
1359,22.65,7.1416575e-06,33.067505,33.067513,-2.5436253e-05,33.067513,0.00010143957,207,207,52,0.0018138721,0.0032561144,4.1866533e-06,0.20090932,0
1360,22.666666,7.1424856e-06,33.067474,33.067482,-3.158764e-05,33.067482,0.000101385296,207,207,52,0.0018139482,0.0032575796,4.190341e-06,0.20090845,0
1361,22.683332,7.1433624e-06,33.067444,33.06745,-2.9426272e-05,33.06745,0.00010140679,207,207,52,0.001814028,0.0032565675,4.2252827e-06,0.20090763,0
1362,22.7,7.1440604e-06,33.067417,33.067425,-2.7763901e-05,33.067425,0.000101374746,207,207,52,0.0018140712,0.0032564343,4.2126667e-06,0.20090681,0
1363,22.716667,7.1448576e-06,33.06739,33.067398,-2.6267506e-05,33.067398,0.0001013576,207,207,52,0.0018141314,0.0032526543,4.206419e-06,0.20090604,0
1364,22.733334,7.145674e-06,33.06736,33.067368,-2.8595057e-05,33.067368,0.00010137604,207,207,52,0.0018141865,0.0032523447,4.2402107e-06,0.20090523,0
1365,22.75,7.146473e-06,33.06733,33.067337,-3.1255157e-05,33.067337,0.00010146334,207,207,52,0.0018142429,0.0032520373,4.2315405e-06,0.20090389,0
1366,22.766666,7.147389e-06,33.067307,33.067314,-2.4937346e-05,33.067314,0.00010139404,207,207,52,0.0018143114,0.0032487104,4.2616466e-06,0.20090365,0
1367,22.783333,7.148045e-06,33.06728,33.067287,-2.5103862e-05,33.067287,0.000101395286,207,207,52,0.0018143515,0.0032454764,4.255026e-06,0.2009028,0
1368,22.8,7.148922e-06,33.06725,33.067257,-3.2086355e-05,33.067257,0.00010140907,207,207,52,0.0018144125,0.0032471837,4.271025e-06,0.20090136,0
1369,22.816668,7.149849e-06,33.06722,33.067226,-2.9758732e-05,33.067226,0.0001015183,207,207,52,0.0018144795,0.0032462392,4.283411e-06,0.20090105,0
1370,22.833334,7.1506106e-06,33.06719,33.067196,-3.0590174e-05,33.067196,0.0001013477,207,207,52,0.0018145316,0.003243973,4.2934494e-06,0.20089982,0
1371,22.85,7.1515537e-06,33.06716,33.06717,-2.6766125e-05,33.06717,0.00010137736,207,207,52,0.0018146003,0.0032441884,4.306317e-06,0.20089957,0
1372,22.866667,7.152306e-06,33.067135,33.067142,-2.7431337e-05,33.067142,0.00010138328,207,207,52,0.0018146479,0.0032383793,4.2906986e-06,0.20089866,0
1373,22.883333,7.1531467e-06,33.067104,33.067112,-3.0257585e-05,33.067112,0.00010138855,207,207,52,0.0018147049,0.0032402626,4.324732e-06,0.20089792,0
1374,22.9,7.1543873e-06,33.067074,33.06708,-2.9093399e-05,33.06708,0.000101354766,204,204,51,0.0018148121,0.0032384582,4.342641e-06,0.20089701,0
1375,22.916666,7.155312e-06,33.067047,33.067055,-2.7431164e-05,33.067055,0.00010131888,204,204,51,0.0018148953,0.0032377276,4.335056e-06,0.20089625,0
1376,22.933332,7.1564596e-06,33.067017,33.067024,-3.0922296e-05,33.067024,0.00010130833,204,204,51,0.0018150072,0.0032342172,4.3621944e-06,0.20089538,0
1377,22.95,7.1575864e-06,33.066986,33.066994,-3.0091043e-05,33.066994,0.000101314516,204,204,51,0.0018151124,0.0032339483,4.3444984e-06,0.20089453,0
1378,22.966667,7.1969584e-06,33.066963,33.066967,-2.456638e-05,33.066967,0.00010132838,205,205,51,0.0018201843,0.0031602327,4.350001e-06,0.20089379,0
1379,22.983334,7.2209023e-06,33.06693,33.066936,-3.0733245e-05,33.066936,0.00010133361,205,205,51,0.0018230928,0.003219079,4.2797315e-06,0.20089294,0
1380,23,7.2238677e-06,33.0669,33.066902,-3.4245582e-05,33.066902,0.00010137076,205,205,51,0.001823363,0.0032199929,4.333376e-06,0.20089199,0
1381,23.016666,7.22603e-06,33.066868,33.066875,-2.8094946e-05,33.066875,0.00010136226,205,205,51,0.0018235904,0.0032183125,4.358852e-06,0.20089117,0
1382,23.033333,7.2276343e-06,33.066837,33.066845,-2.9758055e-05,33.066845,0.00010147702,205,205,51,0.0018237651,0.0032133353,4.4052485e-06,0.20089035,0
1383,23.05,7.2291095e-06,33.066807,33.066814,-3.1088224e-05,33.066814,0.000101419115,205,205,51,0.0018239298,0.0032097732,4.39895e-06,0.20088908,0
1384,23.066668,7.2302646e-06,33.06678,33.066788,-2.826221e-05,33.066788,0.000101386184,205,205,51,0.0018240423,0.0032077294,4.4266e-06,0.20088866,0
1385,23.083334,7.231556e-06,33.06675,33.066757,-2.7929562e-05,33.066757,0.000101353726,205,205,51,0.001824174,0.003206908,4.4376616e-06,0.20088774,0
1386,23.1,7.232532e-06,33.066715,33.066723,-3.4746336e-05,33.066723,0.00010138442,205,205,51,0.001824261,0.0032064838,4.455047e-06,0.20088686,0
1387,23.116667,7.23349e-06,33.06669,33.066696,-2.6932365e-05,33.066696,0.00010138695,205,205,51,0.0018243387,0.0032048044,4.472785e-06,0.200886,0
1388,23.133333,7.23457e-06,33.06666,33.066666,-2.9592324e-05,33.066666,0.000101386795,205,205,51,0.0018244366,0.003202687,4.4867456e-06,0.20088519,0
1389,23.15,7.2355906e-06,33.066624,33.06663,-3.5078803e-05,33.06663,0.000101396516,205,205,51,0.0018245213,0.0032013503,4.5030524e-06,0.20088431,0
1390,23.166666,7.236513e-06,33.0666,33.066605,-2.593487e-05,33.066605,0.00010137921,205,205,51,0.0018245927,0.0031971487,4.486848e-06,0.20088342,0
1391,23.183332,7.2197045e-06,33.066566,33.066574,-3.110651e-05,33.066574,0.000101333135,204,204,51,0.0018225871,0.0023582717,4.475674e-06,0.2008826,0
1392,23.2,7.2230014e-06,33.066536,33.066544,-3.191768e-05,33.066544,0.00010144317,204,204,51,0.0018228703,0.0023548575,4.485514e-06,0.2008817,0
1393,23.216667,7.2258836e-06,33.066505,33.066513,-3.075431e-05,33.066513,0.00010151387,204,204,51,0.0018232384,0.002302094,4.509777e-06,0.20088089,0
1394,23.233334,7.2276075e-06,33.066475,33.066483,-2.859415e-05,33.066483,0.00010142785,204,204,51,0.0018234695,0.0022778541,4.516193e-06,0.20088002,0
1395,23.25,7.2287826e-06,33.066444,33.066452,-3.058976e-05,33.066452,0.00010140499,204,204,51,0.0018236308,0.0022685775,4.490565e-06,0.20087913,0
1396,23.266666,7.229745e-06,33.066414,33.06642,-3.0423718e-05,33.06642,0.000101360514,204,204,51,0.0018237635,0.002269561,4.5592515e-06,0.2008781,0
1397,23.283333,7.23085e-06,33.066387,33.066395,-2.9426044e-05,33.066395,0.000101432284,204,204,51,0.0018239145,0.0022658757,4.54279e-06,0.20087746,0
1398,23.3,7.231944e-06,33.066353,33.06636,-3.2584903e-05,33.06636,0.00010138457,204,204,51,0.0018240649,0.002263334,4.54896e-06,0.20087665,0
1399,23.316668,7.233199e-06,33.066322,33.06633,-3.258474e-05,33.06633,0.00010138779,204,204,51,0.0018242344,0.0022634177,4.568971e-06,0.20087573,0
1400,23.333334,7.2343632e-06,33.066288,33.066296,-3.2252323e-05,33.066296,0.00010145453,204,204,51,0.0018243938,0.0022597674,4.591649e-06,0.20087484,0
1401,23.35,7.239112e-06,33.06626,33.066265,-2.9256145e-05,33.066265,0.00010142118,205,205,51,0.001825174,0.002258303,4.5907286e-06,0.20087352,0
1402,23.366667,7.2394196e-06,33.066227,33.066235,-3.2419433e-05,33.066235,0.000101361744,205,205,51,0.0018251232,0.0022954084,4.592342e-06,0.20087261,0
1403,23.383333,7.2317243e-06,33.066196,33.066204,-2.9268589e-05,33.066204,0.00010142392,204,204,51,0.0018241517,0.002692893,4.603665e-06,0.20087223,0
1404,23.4,7.2396183e-06,33.066166,33.066174,-3.3076867e-05,33.066174,0.00010133287,204,204,51,0.0018251186,0.0021941755,4.6475975e-06,0.20087141,0
1405,23.416666,7.236053e-06,33.066135,33.06614,-3.092701e-05,33.06614,0.000101409074,204,204,51,0.0018241915,0.0030950224,4.6454347e-06,0.20087045,0
1406,23.433332,7.249136e-06,33.066105,33.066113,-2.9414066e-05,33.066113,0.00010135225,205,205,51,0.0018261432,0.002405316,4.640532e-06,0.2008694,0
1407,23.45,7.251892e-06,33.066074,33.06608,-3.1918218e-05,33.06608,0.00010138335,205,205,51,0.001825752,0.0031720335,4.6902805e-06,0.20086874,0
1408,23.466667,7.2554144e-06,33.06604,33.066048,-3.0919924e-05,33.066048,0.00010140387,205,205,51,0.0018264813,0.0031695801,4.6847754e-06,0.20086785,0
1409,23.483334,7.256093e-06,33.06601,33.066017,-3.2751574e-05,33.066017,0.00010133866,204,204,51,0.0018266062,0.003156801,4.7067297e-06,0.20086691,0
1410,23.5,7.25725e-06,33.065975,33.065983,-3.324986e-05,33.065983,0.00010140979,204,204,51,0.0018267313,0.0031545626,4.709116e-06,0.20086598,0
1411,23.516666,7.2585212e-06,33.065945,33.065952,-2.9093368e-05,33.065952,0.0001013277,204,204,51,0.0018268565,0.0031510375,4.7306053e-06,0.2008651,0
1412,23.533333,7.260015e-06,33.065914,33.06592,-3.2418247e-05,33.06592,0.000101377685,204,204,51,0.0018270091,0.0031457618,4.7464555e-06,0.2008642,0
1413,23.55,7.261539e-06,33.06588,33.065887,-3.4080767e-05,33.065887,0.00010132732,204,204,51,0.0018271598,0.0031425895,4.7678277e-06,0.20086329,0
1414,23.566668,7.26283e-06,33.065845,33.065853,-3.2917214e-05,33.065853,0.00010134372,204,204,51,0.0018272854,0.0031374458,4.775345e-06,0.20086218,0
1415,23.583334,7.264479e-06,33.065815,33.065823,-3.1919328e-05,33.065823,0.00010139803,204,204,51,0.0018274556,0.0031343668,4.7832345e-06,0.20086144,0
1416,23.6,7.2658004e-06,33.065784,33.065792,-3.1587144e-05,33.065792,0.00010135403,204,204,51,0.0018275859,0.0031303691,4.8181914e-06,0.20086057,0
1417,23.616667,7.2673015e-06,33.06575,33.065758,-3.3582026e-05,33.065758,0.00010139449,204,204,51,0.0018277423,0.003124331,4.806999e-06,0.20085959,0
1418,23.633333,7.2685643e-06,33.065716,33.065723,-3.2750988e-05,33.065723,0.000101362406,204,204,51,0.0018278643,0.0031197618,4.839139e-06,0.20085874,0
1419,23.65,7.2699113e-06,33.065685,33.065693,-3.258465e-05,33.065693,0.000101317004,204,204,51,0.0018280068,0.0031189988,4.828215e-06,0.20085776,0
1420,23.666666,7.2713315e-06,33.065655,33.06566,-3.1587046e-05,33.06566,0.00010130383,204,204,51,0.001828167,0.003120919,4.869042e-06,0.20085675,0
1421,23.683332,7.272649e-06,33.065617,33.065624,-3.491225e-05,33.065624,0.00010142793,204,204,51,0.0018282885,0.00311879,4.8650977e-06,0.2008557,0
1422,23.7,7.2739977e-06,33.065586,33.065594,-3.208588e-05,33.065594,0.00010136435,204,204,51,0.0018284038,0.003114764,4.8978295e-06,0.200855,0
1423,23.716667,7.27463e-06,33.06555,33.06556,-3.4746678e-05,33.06556,0.000101335485,205,205,51,0.0018284534,0.0031088216,4.899668e-06,0.20085365,0
1424,23.733334,7.275903e-06,33.06552,33.06553,-2.959213e-05,33.06553,0.00010139786,205,205,51,0.0018285586,0.0031026616,4.9185915e-06,0.20085311,0
1425,23.75,7.277172e-06,33.065487,33.065495,-3.4247278e-05,33.065495,0.000101405785,205,205,51,0.0018286995,0.0031045522,4.9380783e-06,0.20085216,0
1426,23.766666,7.278438e-06,33.065453,33.06546,-3.4579793e-05,33.06546,0.000101379,206,206,51,0.0018288218,0.0031008935,4.9661176e-06,0.20085126,0
1427,23.783333,7.279801e-06,33.06542,33.065426,-3.3083397e-05,33.065426,0.000101297315,206,206,51,0.0018289526,0.0030980126,4.9593523e-06,0.2008503,0
1428,23.8,7.281167e-06,33.065384,33.06539,-3.4912202e-05,33.06539,0.00010135423,206,206,51,0.0018291109,0.0030935537,4.9593173e-06,0.20084934,0
1429,23.816668,7.2822772e-06,33.06535,33.065357,-3.3582415e-05,33.065357,0.00010138483,207,207,51,0.001829271,0.0030893795,4.9679174e-06,0.20084788,0
1430,23.833334,7.3043066e-06,33.06532,33.065327,-3.2231455e-05,33.065327,0.00010132322,207,207,51,0.0018325994,0.00331595,4.9787477e-06,0.20084743,0
1431,23.85,7.2985404e-06,33.065285,33.065292,-3.5085588e-05,33.065292,0.00010136416,207,207,51,0.0018320326,0.0032371718,4.9729765e-06,0.20084625,0
1432,23.866667,7.2936973e-06,33.06525,33.065258,-3.2424585e-05,33.065258,0.00010131451,207,207,51,0.0018314944,0.0031951729,5.0787485e-06,0.20084552,0
1433,23.883333,7.291706e-06,33.065216,33.065224,-3.657811e-05,33.065224,0.000101384445,210,210,52,0.0018312966,0.003174764,5.047286e-06,0.20084433,0
1434,23.9,7.2908856e-06,33.06518,33.06519,-3.3584347e-05,33.06519,0.00010137297,210,210,52,0.0018312263,0.0031647766,5.067267e-06,0.20084362,0
1435,23.916666,7.2910448e-06,33.065147,33.065155,-3.358337e-05,33.065155,0.00010131918,209,209,52,0.0018312718,0.0031560631,5.0861345e-06,0.20084263,0
1436,23.933332,7.3428705e-06,33.065113,33.06512,-3.4529232e-05,33.06512,0.00010140319,209,209,52,0.0018374266,0.0031465369,5.1042052e-06,0.20084168,0
1437,23.95,7.350426e-06,33.06508,33.065086,-3.5571033e-05,33.065086,0.00010138878,209,209,52,0.0018382379,0.0031701294,4.974242e-06,0.2008407,0
1438,23.966667,7.3500114e-06,33.06505,33.065056,-3.059135e-05,33.065056,0.00010138532,209,209,52,0.0018381386,0.0031829847,4.8960483e-06,0.20083983,0
1439,23.983334,7.3511537e-06,33.06501,33.065018,-3.541119e-05,33.065018,0.0001013623,209,209,52,0.0018382344,0.0031902643,4.874605e-06,0.20083836,0
1440,24,7.3528545e-06,33.064976,33.064983,-3.44131e-05,33.064983,0.000101382204,209,209,52,0.0018384168,0.003194039,4.866934e-06,0.20083793,0
1441,24.016666,7.354635e-06,33.06494,33.06495,-3.4080513e-05,33.06495,0.000101378784,209,209,52,0.0018386247,0.0031959263,4.8540005e-06,0.20083699,0
1442,24.033333,7.3566343e-06,33.064907,33.064915,-3.6574118e-05,33.064915,0.00010137166,209,209,52,0.0018388664,0.003195699,4.8613183e-06,0.20083597,0
1443,24.05,7.3586584e-06,33.064877,33.064884,-3.092142e-05,33.064884,0.00010134625,206,206,51,0.0018391176,0.0031908867,4.85974e-06,0.20083502,0
1444,24.066668,7.3608257e-06,33.064842,33.06485,-3.3082593e-05,33.06485,0.00010138807,206,206,51,0.0018393921,0.0031890646,4.8778675e-06,0.20083408,0
1445,24.083334,7.362869e-06,33.064804,33.06481,-3.9566665e-05,33.06481,0.00010148011,206,206,51,0.0018396511,0.003187927,4.8805005e-06,0.20083304,0
1446,24.1,7.3647607e-06,33.06477,33.064777,-3.208534e-05,33.064777,0.000101405436,206,206,51,0.0018398901,0.0031881856,4.893305e-06,0.20083216,0
1447,24.116667,7.366983e-06,33.064735,33.064743,-3.541011e-05,33.064743,0.00010136352,206,206,51,0.0018401742,0.00318789,4.939317e-06,0.20083125,0
1448,24.133333,7.3687006e-06,33.0647,33.06471,-3.5576868e-05,33.06471,0.00010138952,206,206,51,0.0018403891,0.0031870916,4.9398923e-06,0.20083012,0
1449,24.15,7.370603e-06,33.064667,33.064674,-3.3249114e-05,33.064674,0.00010138765,206,206,51,0.0018406325,0.0031868808,4.96939e-06,0.20082931,0
1450,24.166666,7.3726615e-06,33.06463,33.064636,-3.6740315e-05,33.064636,0.000101359365,206,206,51,0.0018408926,0.0031861784,4.959983e-06,0.20082834,0
1451,24.183332,7.374467e-06,33.06459,33.064598,-3.8236863e-05,33.064598,0.000101324884,206,206,51,0.0018411208,0.0031855295,4.980526e-06,0.2008268,0
1452,24.2,7.376261e-06,33.06456,33.064568,-3.25842e-05,33.064568,0.00010138741,206,206,51,0.001841346,0.0031881877,5.0246776e-06,0.20082638,0
1453,24.216667,7.378239e-06,33.064526,33.064533,-3.4412824e-05,33.064533,0.00010137917,206,206,51,0.001841599,0.0031847295,5.035199e-06,0.20082535,0
1454,24.233334,7.3801384e-06,33.064487,33.064495,-3.557669e-05,33.064495,0.00010144034,206,206,51,0.0018418367,0.0031842466,5.046639e-06,0.2008244,0
1455,24.25,7.3818896e-06,33.064453,33.06446,-3.640811e-05,33.06446,0.00010142427,206,206,51,0.0018420534,0.003187962,5.055835e-06,0.20082346,0
1456,24.266666,7.3836754e-06,33.06442,33.064426,-3.391425e-05,33.064426,0.00010137091,206,206,51,0.001842279,0.003187432,5.0629474e-06,0.20082247,0
1457,24.283333,7.3853735e-06,33.06438,33.06439,-3.7738206e-05,33.06439,0.00010143586,206,206,51,0.0018424963,0.003184533,5.084146e-06,0.20082141,0
1458,24.3,7.3871925e-06,33.064346,33.064354,-3.4412984e-05,33.064354,0.00010135748,206,206,51,0.0018427206,0.003187165,5.121758e-06,0.20082054,0
1459,24.316668,7.38895e-06,33.064312,33.06432,-3.4080535e-05,33.06432,0.00010139388,206,206,51,0.0018429405,0.003189505,5.138764e-06,0.20081954,0
1460,24.333334,7.3907554e-06,33.064274,33.06428,-3.7904352e-05,33.06428,0.000101361955,206,206,51,0.0018431662,0.0031878303,5.13722e-06,0.2008185,0
1461,24.35,7.3923516e-06,33.06424,33.064247,-3.524448e-05,33.064247,0.000101426514,207,207,51,0.0018433627,0.0031884052,5.142402e-06,0.20081724,0
1462,24.366667,7.394108e-06,33.0642,33.06421,-3.9234445e-05,33.06421,0.000101372636,207,207,51,0.0018435827,0.0031881765,5.176734e-06,0.2008162,0
1463,24.383333,7.395788e-06,33.064167,33.064175,-3.308308e-05,33.064175,0.000101369835,207,207,51,0.001843791,0.003189099,5.1966585e-06,0.20081547,0
1464,24.4,7.3975516e-06,33.064133,33.06414,-3.3748016e-05,33.06414,0.00010132882,207,207,51,0.001844011,0.0031881842,5.1976185e-06,0.20081456,0
1465,24.416666,7.3991173e-06,33.064095,33.064102,-3.7738337e-05,33.064102,0.0001013419,207,207,51,0.0018442014,0.0031901544,5.202473e-06,0.200813,0
1466,24.433332,7.4006157e-06,33.064056,33.064064,-3.790466e-05,33.064064,0.00010138923,209,209,52,0.0018443892,0.0031890906,5.202413e-06,0.20081243,0
1467,24.45,7.402182e-06,33.064022,33.06403,-3.6740807e-05,33.06403,0.00010137089,209,209,52,0.0018445775,0.0031923703,5.2326955e-06,0.20081152,0
1468,24.466667,7.403813e-06,33.06398,33.063988,-3.923457e-05,33.063988,0.000101395904,209,209,52,0.0018447783,0.0031925933,5.2498494e-06,0.20080979,0
1469,24.483334,7.4030113e-06,33.063946,33.063953,-3.657692e-05,33.063953,0.00010138847,209,209,52,0.0018446572,0.0031935063,5.2531027e-06,0.20080943,0
1470,24.5,7.4034288e-06,33.06391,33.06392,-3.3749366e-05,33.06392,0.0001014114,209,209,52,0.0018446672,0.003183255,5.2603855e-06,0.2008084,0
1471,24.516666,7.4041154e-06,33.063873,33.06388,-3.807173e-05,33.06388,0.000101400066,209,209,52,0.0018447832,0.003186791,5.2638347e-06,0.20080744,0
1472,24.533333,7.4053646e-06,33.063835,33.063843,-3.624236e-05,33.063843,0.000101403646,210,210,53,0.0018447918,0.0031465667,5.2727196e-06,0.2008064,0
1473,24.55,7.406104e-06,33.0638,33.06381,-3.6409125e-05,33.06381,0.00010143334,210,210,53,0.0018449603,0.003116253,5.266356e-06,0.20080534,0
1474,24.566668,7.407046e-06,33.06376,33.063766,-4.1562827e-05,33.063766,0.00010134017,210,210,53,0.0018450969,0.0031059992,5.3080275e-06,0.20080423,0
1475,24.583334,7.408198e-06,33.063725,33.063732,-3.5244924e-05,33.063732,0.00010139773,210,210,53,0.0018452492,0.0031002192,5.2938194e-06,0.20080331,0
1476,24.6,7.409746e-06,33.063686,33.063694,-3.8070866e-05,33.063694,0.0001013773,210,210,53,0.0018454493,0.0030943155,5.3255035e-06,0.20080219,0
1477,24.616667,7.411089e-06,33.06365,33.063652,-3.940111e-05,33.063652,0.00010143976,210,210,53,0.0018456134,0.003092879,5.3437593e-06,0.20080113,0
1478,24.633333,7.4126806e-06,33.06361,33.063618,-3.4911976e-05,33.063618,0.00010138331,210,210,53,0.0018458077,0.0030932808,5.3672807e-06,0.20080012,0
1479,24.65,7.4144546e-06,33.06357,33.063576,-4.272578e-05,33.063576,0.00010143875,210,210,53,0.0018460277,0.0030909034,5.3370095e-06,0.20079876,0
1480,24.666666,7.4160534e-06,33.06353,33.063538,-4.0065876e-05,33.063538,0.00010139584,210,210,53,0.0018462207,0.003091145,5.3590898e-06,0.20079786,0
1481,24.683332,7.417871e-06,33.06349,33.0635,-3.5078003e-05,33.0635,0.000101391786,210,210,53,0.0018464448,0.0030910538,5.3943163e-06,0.20079695,0
1482,24.7,6.6497664e-06,33.06346,33.06347,-3.1525295e-05,33.06347,0.000101366044,210,210,53,0.0017446524,0.0027470754,5.4068537e-06,0.20079604,0
1483,24.716667,6.6214466e-06,33.063435,33.063442,-2.6629134e-05,33.063442,0.000101336074,210,210,53,0.0017428536,0.0024184422,5.2837704e-06,0.20079523,0
1484,24.733334,6.6171096e-06,33.063393,33.0634,-4.173436e-05,33.0634,0.00010129803,210,210,53,0.0017427156,0.0023303477,5.148649e-06,0.20079418,0
1485,24.75,6.619248e-06,33.063362,33.06337,-3.258386e-05,33.06337,0.000101291225,210,210,53,0.001743012,0.0022925858,5.0574777e-06,0.20079322,0
1486,24.766666,6.621802e-06,33.063324,33.06333,-3.7903603e-05,33.06333,0.000101277685,210,210,53,0.0017432251,0.0022716816,5.071094e-06,0.2007923,0
1487,24.783333,6.6243447e-06,33.06329,33.063297,-3.407975e-05,33.063297,0.000101350335,214,214,54,0.0017433938,0.0022550076,5.0571357e-06,0.20079106,0
1488,24.8,6.624602e-06,33.06326,33.063263,-3.1920717e-05,33.063263,0.000101312406,214,214,54,0.00174335,0.0022377237,5.098276e-06,0.20079038,0
1489,24.816668,6.627828e-06,33.063217,33.063225,-4.106178e-05,33.063225,0.00010130407,214,214,54,0.0017436026,0.002228646,5.0753742e-06,0.2007894,0
1490,24.833334,6.6326074e-06,33.06318,33.063187,-3.7735124e-05,33.063187,0.000101322745,214,214,54,0.0017439815,0.002219753,5.1284937e-06,0.20078835,0
1491,24.85,6.6375164e-06,33.063145,33.06315,-3.5407422e-05,33.06315,0.00010139339,214,214,54,0.0017444439,0.0022126713,5.137244e-06,0.20078732,0
1492,24.866667,6.6361085e-06,33.063103,33.06311,-4.0733903e-05,33.06311,0.00010128509,214,214,54,0.0017442043,0.0022026526,5.2024557e-06,0.20078582,0
1493,24.883333,6.642814e-06,33.063072,33.063076,-3.257929e-05,33.063076,0.00010136591,214,214,54,0.0017448597,0.002195737,5.260016e-06,0.20078537,0
1494,24.9,6.6473317e-06,33.063034,33.063038,-3.823415e-05,33.063038,0.00010133204,214,214,54,0.0017453054,0.0021901783,5.2884966e-06,0.20078373,0
1495,24.916666,6.650539e-06,33.062992,33.063,-3.9731756e-05,33.063,0.000101364254,214,214,54,0.0017456651,0.0021791654,5.3693025e-06,0.2007833,0
1496,24.933332,6.6563084e-06,33.062954,33.06296,-3.6736605e-05,33.06296,0.00010133041,214,214,54,0.0017463177,0.0021752203,5.4411744e-06,0.20078236,0
1497,24.95,6.659198e-06,33.062916,33.062923,-4.056335e-05,33.062923,0.0001013205,214,214,54,0.0017467248,0.0021718529,5.4431366e-06,0.20078126,0
1498,24.966667,6.6609464e-06,33.062878,33.062885,-3.590935e-05,33.062885,0.00010135,214,214,54,0.0017469826,0.0021692782,5.4838542e-06,0.20078024,0
1499,24.983334,6.6621965e-06,33.06284,33.062847,-3.989997e-05,33.062847,0.00010132795,214,214,54,0.0017471567,0.002170963,5.5010964e-06,0.20077923,0
1500,25,6.6633793e-06,33.0628,33.06281,-3.6907444e-05,33.06281,0.00010130607,214,214,54,0.0017473102,0.0021694521,5.4984444e-06,0.20077822,0
1501,25.016666,6.664349e-06,33.062767,33.062775,-3.4746343e-05,33.062775,0.000101290985,214,214,54,0.0017474274,0.0021701185,5.556398e-06,0.20077722,0
1502,25.033333,6.665141e-06,33.062725,33.062733,-4.355804e-05,33.062733,0.00010140648,214,214,54,0.0017475211,0.0021680607,5.552047e-06,0.20077609,0
1503,25.05,6.665623e-06,33.062687,33.062695,-3.7240658e-05,33.062695,0.0001013149,214,214,54,0.0017475705,0.0021680898,5.550586e-06,0.20077507,0
1504,25.066668,6.6662074e-06,33.062653,33.062656,-3.574426e-05,33.062656,0.00010130809,214,214,54,0.0017476287,0.0021679248,5.5574233e-06,0.20077413,0
1505,25.083334,6.666719e-06,33.06261,33.06262,-4.1064493e-05,33.06262,0.00010137622,214,214,54,0.0017476782,0.0021644332,5.5492205e-06,0.20077302,0
1506,25.1,6.667222e-06,33.062572,33.06258,-3.8238166e-05,33.06258,0.000101311554,214,214,54,0.0017477232,0.0021632032,5.5703654e-06,0.20077188,0
1507,25.116667,6.667621e-06,33.062534,33.062542,-3.790576e-05,33.062542,0.000101309284,214,214,54,0.0017477596,0.0021634516,5.5859955e-06,0.20077087,0
1508,25.133333,6.668099e-06,33.06249,33.062496,-4.4389628e-05,33.062496,0.000101317164,214,214,54,0.0017478094,0.002161999,5.5701607e-06,0.20076978,0
1509,25.15,6.668643e-06,33.062454,33.06246,-3.5411787e-05,33.06246,0.000101373764,214,214,54,0.0017478714,0.002161285,5.5780474e-06,0.20076875,0
1510,25.166666,6.6690113e-06,33.062416,33.062424,-3.757328e-05,33.062424,0.00010138475,214,214,54,0.0017479124,0.0021603534,5.568244e-06,0.20076753,0
1511,25.183332,6.669363e-06,33.062374,33.06238,-4.1397165e-05,33.06238,0.00010133415,214,214,54,0.0017479493,0.0021606362,5.5842097e-06,0.2007666,0
1512,25.2,6.669721e-06,33.062336,33.062344,-3.9734605e-05,33.062344,0.00010135181,214,214,54,0.0017479917,0.0021588309,5.586517e-06,0.20076554,0
1513,25.216667,6.67009e-06,33.062298,33.062305,-3.7739534e-05,33.062305,0.000101364225,214,214,54,0.0017480328,0.002159082,5.592574e-06,0.2007645,0
1514,25.233334,6.670333e-06,33.062256,33.062263,-4.172978e-05,33.062263,0.00010130344,214,214,54,0.0017480591,0.0021577918,5.5908145e-06,0.20076342,0
1515,25.25,6.6705866e-06,33.062218,33.06222,-4.006722e-05,33.06222,0.00010128807,214,214,54,0.0017480832,0.0021580514,5.569773e-06,0.20076233,0
1516,25.266666,6.670809e-06,33.062172,33.06218,-4.32261e-05,33.06218,0.000101284044,214,214,54,0.0017481063,0.0021568493,5.5975306e-06,0.20076114,0
1517,25.283333,6.671123e-06,33.062134,33.06214,-3.740708e-05,33.06214,0.00010129709,214,214,54,0.0017481424,0.002158278,5.579835e-06,0.20076017,0
1518,25.3,6.6713883e-06,33.06209,33.062096,-4.4556098e-05,33.062096,0.00010130745,214,214,54,0.0017481762,0.0021528506,5.5770297e-06,0.20075898,0
1519,25.316668,6.6715943e-06,33.06205,33.062057,-3.9568502e-05,33.062057,0.00010134456,215,215,54,0.0017481955,0.002153764,5.5688474e-06,0.20075785,0
1520,25.333334,6.6718467e-06,33.062008,33.062016,-4.389109e-05,33.062016,0.00010129168,215,215,54,0.0017482238,0.0021527589,5.567988e-06,0.2007565,0
1521,25.35,6.672032e-06,33.061966,33.061974,-4.172984e-05,33.061974,0.000101309844,215,215,54,0.0017482411,0.0021537857,5.577858e-06,0.20075566,0
1522,25.366667,6.6722423e-06,33.061924,33.06193,-4.1064795e-05,33.06193,0.00010130188,215,215,54,0.0017482643,0.0021521084,5.5795613e-06,0.20075448,0
1523,25.383333,6.672348e-06,33.061886,33.061893,-3.9236093e-05,33.061893,0.000101288555,215,215,54,0.0017482725,0.0021534988,5.5746045e-06,0.20075344,0
1524,25.4,6.6725465e-06,33.061836,33.061844,-4.8546284e-05,33.061844,0.00010131155,215,215,54,0.001748291,0.0021540588,5.5774776e-06,0.20075183,0
1525,25.416666,6.59682e-06,33.061802,33.061806,-3.615308e-05,33.061806,0.00010125775,215,215,54,0.0017379128,0.002007622,5.604123e-06,0.20075119,0
1526,25.433332,7.072665e-06,33.061764,33.06177,-3.610027e-05,33.06177,0.00010129814,215,215,54,0.0017513488,0.019886792,5.691356e-06,0.20075005,0
1527,25.45,8.555366e-06,33.061718,33.061726,-4.5899997e-05,33.061726,0.00010128018,215,215,54,0.0019569315,0.033272628,1.245357e-05,0.20074837,0
1528,25.466667,8.996174e-06,33.061672,33.06168,-4.527934e-05,33.06168,0.00010128327,215,215,54,0.002071661,0.035990685,1.7825814e-05,0.20074677,0
1529,25.483334,9.124532e-06,33.061623,33.061634,-4.6921832e-05,33.061634,0.00010134952,215,215,54,0.0021172236,0.03662659,2.0383393e-05,0.20074512,0
1530,25.5,9.03873e-06,33.06158,33.06159,-4.3977143e-05,33.06159,0.000101259546,215,215,54,0.0021207177,0.036456287,2.0917892e-05,0.2007436,0
1531,25.516666,8.97133e-06,33.061535,33.061543,-4.5455035e-05,33.061543,0.00010131556,215,215,54,0.0021155062,0.036046684,2.124758e-05,0.20074192,0
1532,25.533333,8.892201e-06,33.06149,33.061497,-4.696306e-05,33.061497,0.000101295474,215,215,54,0.002106124,0.03552943,2.0775693e-05,0.20074052,0
1533,25.55,8.803396e-06,33.06144,33.06145,-4.7305246e-05,33.06145,0.0001012367,215,215,54,0.0020920886,0.035004128,2.0743712e-05,0.2007389,0
1534,25.566668,8.707124e-06,33.061394,33.0614,-4.8642756e-05,33.0614,0.00010128749,215,215,54,0.0020752554,0.034454763,2.0481042e-05,0.20073718,0
1535,25.583334,8.609512e-06,33.061348,33.061356,-4.5651504e-05,33.061356,0.000101174424,215,215,54,0.002057923,0.03388885,1.9666792e-05,0.20073584,0
1536,25.6,8.521473e-06,33.0613,33.061306,-4.8468268e-05,33.061306,0.000101158286,215,215,54,0.0020420447,0.03332008,1.9469077e-05,0.20073424,0
1537,25.616667,8.436148e-06,33.061253,33.06126,-4.6969257e-05,33.06126,0.00010131413,215,215,54,0.0020273337,0.03276081,1.9086232e-05,0.20073245,0
1538,25.633333,8.356819e-06,33.061203,33.06121,-4.845956e-05,33.06121,0.000101180995,214,214,54,0.0020137301,0.032219015,1.8613944e-05,0.20073077,0
1539,25.65,8.280371e-06,33.061157,33.061165,-4.4466557e-05,33.061165,0.000101250014,214,214,54,0.002000672,0.031691924,1.8069291e-05,0.20072971,0
1540,25.666666,8.20727e-06,33.06111,33.06112,-4.6624522e-05,33.06112,0.00010123285,214,214,54,0.001988063,0.031179318,1.7917102e-05,0.2007281,0
1541,25.683332,8.13722e-06,33.06106,33.06107,-4.9614064e-05,33.06107,0.00010123435,215,215,54,0.0019757687,0.030682895,1.7705304e-05,0.20072646,0
1542,25.7,8.069717e-06,33.061016,33.061024,-4.5621393e-05,33.061024,0.000101224905,214,214,54,0.0019640175,0.030191323,1.6940845e-05,0.20072515,0
1543,25.716667,8.001846e-06,33.06097,33.060978,-4.7616824e-05,33.060978,0.00010126451,214,214,54,0.0019524479,0.029701866,1.6952748e-05,0.20072357,0
1544,25.733334,7.939302e-06,33.06092,33.06093,-4.910779e-05,33.06093,0.00010126554,213,213,54,0.0019416675,0.029221784,1.6559936e-05,0.2007218,0
1545,25.75,7.879587e-06,33.06087,33.06088,-4.8606198e-05,33.06088,0.00010123188,214,214,54,0.0019311465,0.028759664,1.5990488e-05,0.20072055,0
1546,25.766666,7.822313e-06,33.060825,33.060833,-4.7938738e-05,33.060833,0.00010126829,214,214,54,0.0019211097,0.028305246,1.5940974e-05,0.20071915,0
1547,25.783333,7.767023e-06,33.060776,33.060783,-4.843552e-05,33.060783,0.00010129843,214,214,54,0.0019114302,0.02785771,1.5500571e-05,0.20071734,0
1548,25.8,7.713781e-06,33.060726,33.060734,-4.843347e-05,33.060734,0.000101308,214,214,54,0.001902077,0.027419712,1.4790793e-05,0.20071611,0
1549,25.816668,7.66251e-06,33.060677,33.060684,-4.9927796e-05,33.060684,0.000101297126,214,214,54,0.0018930769,0.026987886,1.4663972e-05,0.20071462,0
1550,25.833334,7.6131764e-06,33.060627,33.060635,-4.9094582e-05,33.060635,0.00010124638,214,214,54,0.0018844124,0.026565867,1.457739e-05,0.20071255,0
1551,25.85,7.565804e-06,33.06058,33.06059,-4.7430072e-05,33.06059,0.00010129623,214,214,54,0.0018760946,0.026151633,1.3908648e-05,0.20071167,0
1552,25.866667,7.519761e-06,33.060528,33.060535,-5.141886e-05,33.060535,0.0001012587,215,215,54,0.0018680921,0.025739798,1.3980467e-05,0.20071016,0
1553,25.883333,7.47264e-06,33.060482,33.06049,-4.709731e-05,33.06049,0.00010122906,215,215,54,0.0018600237,0.025310868,1.3654807e-05,0.20070872,0
1554,25.9,7.780357e-06,33.060425,33.060432,-5.688403e-05,33.060432,0.00010130695,216,216,54,0.0019007783,0.025500955,1.3447106e-05,0.20070714,0
1555,25.916666,7.821181e-06,33.06037,33.06038,-5.3992077e-05,33.06038,0.00010124196,216,216,54,0.0019102382,0.025564723,1.40122265e-05,0.20070495,0
1556,25.933332,7.812648e-06,33.06032,33.06033,-4.8222508e-05,33.06033,0.00010124284,219,219,55,0.0019120665,0.025318723,1.3959049e-05,0.20070405,0
1557,25.95,7.789782e-06,33.06027,33.060276,-5.289198e-05,33.060276,0.00010132267,219,219,55,0.0019105668,0.025019923,1.4065791e-05,0.20070247,0
1558,25.966667,6.78909e-06,33.060207,33.060215,-6.218256e-05,33.060215,0.000101215024,219,219,55,0.0017921341,0.008300351,1.5099927e-05,0.20069952,0
1559,25.983334,6.5545023e-06,33.06014,33.060146,-7.022798e-05,33.060146,0.00010126657,219,219,55,0.0017403996,0.006002574,9.545758e-06,0.20069677,0
1560,26,6.48736e-06,33.06009,33.060097,-4.911239e-05,33.060097,0.00010122855,219,219,55,0.0017166114,0.0061022565,5.4729976e-06,0.20069553,0
1561,26.016666,6.4643577e-06,33.06004,33.060047,-4.9733273e-05,33.060047,0.00010129907,219,219,55,0.0017166835,0.00462448,5.4042816e-06,0.20069432,0
1562,26.033333,6.4574824e-06,33.05999,33.059998,-4.8387104e-05,33.059998,0.00010135221,219,219,55,0.0017184466,0.0052884673,5.3686026e-06,0.200693,0
1563,26.05,6.484944e-06,33.059937,33.059944,-5.500297e-05,33.059944,0.00010136335,219,219,55,0.0017217328,0.0055474737,5.3672284e-06,0.20069155,0
1564,26.066668,6.4783712e-06,33.059887,33.059895,-4.871931e-05,33.059895,0.000101241545,219,219,55,0.0017203143,0.0044190357,5.370815e-06,0.20069034,0
1565,26.083334,7.330697e-06,33.059826,33.059834,-6.149333e-05,33.059834,0.000101386184,219,219,55,0.0018376024,0.0048471545,5.5251226e-06,0.20068893,0
1566,26.1,7.302547e-06,33.05977,33.059776,-5.738615e-05,33.059776,0.00010136357,219,219,55,0.001832107,0.004973777,5.559728e-06,0.20068745,0
1567,26.116667,7.3128936e-06,33.059715,33.059723,-5.38563e-05,33.059723,0.00010132964,219,219,55,0.0018327055,0.0036487903,5.662038e-06,0.20068605,0
1568,26.133333,7.3373785e-06,33.059658,33.059666,-5.4673437e-05,33.059666,0.000101415295,219,219,55,0.0018379354,0.005240344,5.7361103e-06,0.20068476,0
1569,26.15,7.32201e-06,33.059605,33.059612,-5.637584e-05,33.059612,0.00010138525,219,219,55,0.0018372942,0.0054117357,5.79809e-06,0.20068328,0
1570,26.166666,7.375866e-06,33.059547,33.059555,-5.7304147e-05,33.059555,0.000101364734,219,219,55,0.0018368806,0.004412935,5.942849e-06,0.2006819,0
1571,26.183332,7.3245938e-06,33.05949,33.059498,-5.4749195e-05,33.059498,0.00010140387,219,219,55,0.0018380879,0.00471712,5.9039685e-06,0.20068045,0
1572,26.2,7.3466576e-06,33.059437,33.05944,-5.6172154e-05,33.05944,0.000101392434,219,219,55,0.0018353484,0.0036728776,6.0110265e-06,0.20067899,0
1573,26.216667,7.364696e-06,33.05938,33.059387,-5.5344903e-05,33.059387,0.00010147421,219,219,55,0.0018424203,0.005224361,5.984285e-06,0.20067754,0
1574,26.233334,7.3660235e-06,33.059322,33.05933,-5.818795e-05,33.05933,0.000101346224,219,219,55,0.0018416893,0.004589643,6.0493403e-06,0.20067605,0
1575,26.25,5.3298477e-06,33.059307,33.059315,-1.4837817e-05,33.059315,0.00010116217,219,219,55,0.0015588502,0.004751951,6.1519127e-06,0.20067553,0
1576,26.266666,5.2410205e-06,33.059265,33.05927,-4.364766e-05,33.05927,0.0001011358,219,219,55,0.001545501,0.005520092,5.584223e-06,0.20067449,0
1577,26.283333,5.259986e-06,33.05922,33.059223,-4.7197478e-05,33.059223,0.00010113332,219,219,55,0.0015456475,0.0050667436,5.249347e-06,0.20067336,0
1578,26.3,5.2660826e-06,33.05917,33.059174,-4.937166e-05,33.059174,0.00010118667,219,219,55,0.0015494904,0.0042539756,5.1987176e-06,0.20067212,0
1579,26.316668,5.2811006e-06,33.05912,33.059128,-4.637015e-05,33.059128,0.000101088524,219,219,55,0.0015531738,0.0052630245,5.1779075e-06,0.20067097,0
1580,26.333334,5.315339e-06,33.059074,33.059082,-4.701595e-05,33.059082,0.00010118947,219,219,55,0.0015590433,0.0049865604,5.1375187e-06,0.20066985,0
1581,26.35,5.3235435e-06,33.059025,33.059032,-4.92033e-05,33.059032,0.000101161815,219,219,55,0.0015638038,0.004412016,5.103541e-06,0.20066875,0
1582,26.366667,5.33419e-06,33.058975,33.05898,-5.0364644e-05,33.05898,0.00010121825,219,219,55,0.0015610348,0.005428029,5.1196994e-06,0.20066755,0
1583,26.383333,5.358577e-06,33.058926,33.058933,-4.9020862e-05,33.058933,0.000101193764,216,216,54,0.0015655719,0.005047978,5.0927624e-06,0.20066643,0
1584,26.4,5.350254e-06,33.058876,33.058884,-4.9386083e-05,33.058884,0.00010112649,216,216,54,0.0015701231,0.004497148,5.128146e-06,0.20066525,0
1585,26.416666,5.3491344e-06,33.05883,33.058834,-4.7051308e-05,33.058834,0.00010117088,215,215,54,0.0015630551,0.0054684053,5.1472775e-06,0.2006641,0
1586,26.433332,5.370013e-06,33.05878,33.058784,-4.935688e-05,33.058784,0.00010114295,215,215,54,0.0015676805,0.0050432,5.1390316e-06,0.20066299,0
1587,26.45,5.403776e-06,33.058727,33.05873,-5.3500375e-05,33.05873,0.00010111683,215,215,54,0.0015737478,0.0048606684,5.1446536e-06,0.20066126,0
1588,26.466667,5.401453e-06,33.058678,33.05868,-5.0211358e-05,33.05868,0.000101107216,215,215,54,0.0015724504,0.004868936,5.1691513e-06,0.20066048,0
1589,26.483334,5.399172e-06,33.058628,33.05863,-5.004506e-05,33.05863,0.00010126325,215,215,54,0.0015712914,0.004862867,5.198125e-06,0.20065928,0
1590,26.5,5.397197e-06,33.058575,33.058582,-5.0709776e-05,33.058582,0.00010118426,215,215,54,0.0015702072,0.004846426,5.2592222e-06,0.2006581,0
1591,26.516666,5.395531e-06,33.058525,33.05853,-5.1041978e-05,33.05853,0.000101167556,215,215,54,0.0015698981,0.004840004,5.2431815e-06,0.20065692,0
1592,26.533333,5.393036e-06,33.058475,33.05848,-5.0377785e-05,33.05848,0.00010115161,215,215,54,0.0015695073,0.0048225787,5.2671503e-06,0.20065577,0
1593,26.55,5.0741883e-06,33.058426,33.05843,-4.9696606e-05,33.05843,0.00010111907,214,214,54,0.0015245865,0.005117165,5.2895098e-06,0.20065448,0
1594,26.566668,4.7557933e-06,33.058388,33.05839,-3.9055827e-05,33.05839,0.000101072015,214,214,54,0.0014818928,0.0045566643,5.138842e-06,0.20065351,0
1595,26.583334,4.6499563e-06,33.058342,33.058346,-4.366467e-05,33.058346,0.00010104898,214,214,54,0.0014733885,0.0040969425,4.799135e-06,0.20065235,0
1596,26.6,4.5181764e-06,33.0583,33.058308,-4.1196785e-05,33.058308,0.00010114118,214,214,54,0.001458462,0.0030575646,5.9286817e-06,0.20065135,0
1597,26.616667,4.4680037e-06,33.058254,33.058258,-4.6601595e-05,33.058258,0.00010104628,214,214,54,0.0014545602,0.0029662978,7.97919e-06,0.20065016,0
1598,26.633333,4.510403e-06,33.058212,33.05822,-4.1687625e-05,33.05822,0.00010109247,214,214,54,0.0014678637,0.0030771347,9.5188025e-06,0.20064892,0
1599,26.65,4.5516495e-06,33.058163,33.058167,-5.0666553e-05,33.058167,0.00010099708,214,214,54,0.0014764167,0.0031896455,1.0365403e-05,0.20064759,0
1600,26.666666,4.5782754e-06,33.058117,33.05812,-4.702356e-05,33.05812,0.00010098792,214,214,54,0.0014810101,0.0031964013,1.0650672e-05,0.20064636,0
1601,26.683332,4.58753e-06,33.058064,33.058067,-5.1363564e-05,33.058067,0.0001010858,214,214,54,0.0014824682,0.003176849,1.0905097e-05,0.20064497,0
1602,26.7,4.58549e-06,33.058018,33.05802,-4.5888442e-05,33.05802,0.0001009961,214,214,54,0.0014813733,0.0031480875,1.0953231e-05,0.20064366,0
1603,26.716667,4.577617e-06,33.05797,33.057976,-4.8720613e-05,33.057976,0.00010101095,214,214,54,0.001479632,0.0031198447,1.0748284e-05,0.20064233,0
1604,26.733334,3.7473224e-06,33.057938,33.05794,-3.4746332e-05,33.05794,0.000100933146,215,215,54,0.0013593724,0.0028354474,1.0622422e-05,0.20064126,0
1605,26.75,3.7178954e-06,33.057896,33.0579,-4.1593197e-05,33.0579,0.00010092836,215,215,54,0.0013574562,0.002924666,1.0655758e-05,0.2006401,0
1606,26.766666,3.2067474e-06,33.05786,33.057865,-3.4094675e-05,33.057865,0.00010092364,215,215,54,0.0012679048,0.003176973,1.09431e-05,0.20063905,0
1607,26.783333,3.20946e-06,33.05783,33.05783,-3.191826e-05,33.05783,0.00010085655,215,215,54,0.0012751092,0.00320113,1.1103296e-05,0.2006381,0
1608,26.8,3.230336e-06,33.05779,33.057793,-4.1210384e-05,33.057793,0.000100918885,215,215,54,0.0012828852,0.0032570604,1.1481336e-05,0.20063688,0
1609,26.816668,3.2327207e-06,33.057743,33.057747,-4.388896e-05,33.057747,0.00010086545,215,215,54,0.0012843043,0.0032686202,1.1487726e-05,0.20063572,0
1610,26.833334,3.2222674e-06,33.057705,33.057705,-4.057669e-05,33.057705,0.0001008586,215,215,54,0.001281548,0.0032582525,1.16364945e-05,0.20063452,0
1611,26.85,3.2080445e-06,33.057663,33.057667,-3.941668e-05,33.057667,0.00010085629,215,215,54,0.0012774705,0.0032442196,1.1449855e-05,0.20063338,0
1612,26.866667,4.294515e-06,33.057594,33.0576,-6.724437e-05,33.0576,0.00010102062,215,215,54,0.0014505308,0.0032274951,1.1294818e-05,0.20063172,0
1613,26.883333,4.369027e-06,33.057545,33.05755,-5.013452e-05,33.05755,0.000101016936,215,215,54,0.0014572869,0.0030054771,1.0874215e-05,0.20063035,0
1614,26.9,3.793302e-06,33.057507,33.05751,-3.8648137e-05,33.05751,0.00010092863,215,215,54,0.0013494554,0.002933724,1.0447424e-05,0.2006292,0
1615,26.916666,3.7525635e-06,33.057457,33.05746,-5.174607e-05,33.05746,0.0001009117,215,215,54,0.0013526765,0.0027849923,1.0220409e-05,0.20062782,0
1616,26.933332,3.816414e-06,33.057404,33.057407,-5.197399e-05,33.057407,0.00010093916,215,215,54,0.0013556047,0.0032600302,9.935829e-06,0.20062646,0
1617,26.95,3.939678e-06,33.057358,33.05736,-4.5596884e-05,33.05736,0.00010092795,215,215,54,0.0013819928,0.0025549275,9.932006e-06,0.20062514,0
1618,26.966667,4.0538143e-06,33.057304,33.057312,-5.1591192e-05,33.057312,0.00010090745,215,215,54,0.001387166,0.0030975207,9.602331e-06,0.20062378,0
1619,26.983334,3.6897616e-06,33.057262,33.057266,-4.5585435e-05,33.057266,0.00010089238,215,215,54,0.0013393898,0.0026474642,9.693375e-06,0.2006225,0
1620,27,4.2753813e-06,33.057205,33.057213,-5.3281026e-05,33.057213,0.0001008938,215,215,54,0.001423115,0.002802831,9.557395e-06,0.20062098,0
1621,27.016666,3.643135e-06,33.05716,33.057163,-4.9012477e-05,33.057163,0.00010091761,215,215,54,0.0013380556,0.0028341515,9.6837475e-06,0.20061944,0
1622,27.033333,4.2410998e-06,33.057106,33.057114,-5.027609e-05,33.057114,0.000100909085,215,215,54,0.0014192079,0.0027172149,9.530666e-06,0.20061825,0
1623,27.05,3.6677857e-06,33.057056,33.05706,-5.1281113e-05,33.05706,0.000100944824,215,215,54,0.0013327281,0.0030414038,9.62934e-06,0.20061699,0
1624,27.066668,4.102681e-06,33.057007,33.05701,-5.043916e-05,33.05701,0.00010099791,215,215,54,0.0014051287,0.002547706,9.37731e-06,0.20061558,0
1625,27.083334,3.985478e-06,33.05695,33.056953,-5.498138e-05,33.056953,0.0001010435,215,215,54,0.0013769717,0.0030483922,9.4475845e-06,0.20061412,0
1626,27.1,3.8487347e-06,33.056908,33.05691,-4.552438e-05,33.05691,0.000100906254,215,215,54,0.0013599194,0.002465771,9.318508e-06,0.20061283,0
1627,27.116667,4.202303e-06,33.05685,33.056854,-5.5341883e-05,33.056854,0.00010093659,215,215,54,0.0014081338,0.002827847,9.151175e-06,0.20061103,0
1628,27.133333,3.6303004e-06,33.0568,33.056805,-4.928474e-05,33.056805,0.00010091785,215,215,54,0.0013217918,0.0026677768,9.038588e-06,0.20060979,0
1629,27.15,4.1901935e-06,33.056747,33.05675,-5.4636792e-05,33.05675,0.000100945734,215,215,54,0.001407606,0.0026788574,9.01025e-06,0.20060854,0
1630,27.166666,3.6306933e-06,33.056698,33.0567,-4.8773472e-05,33.0567,0.000100979625,215,215,54,0.0013263873,0.0028547319,8.9246705e-06,0.20060717,0
1631,27.183332,4.1320955e-06,33.056644,33.05665,-5.419652e-05,33.05665,0.000100909456,215,215,54,0.0014032413,0.0026622459,8.653735e-06,0.20060557,0
1632,27.2,4.1701505e-06,33.056583,33.056587,-6.064505e-05,33.056587,0.000100924175,215,215,54,0.0014036314,0.0026620296,9.117284e-06,0.20060416,0
1633,27.216667,4.0545415e-06,33.056538,33.05654,-4.3508186e-05,33.05654,0.00010089523,215,215,54,0.0013872929,0.0024494275,8.938602e-06,0.20060295,0
1634,27.233334,4.02614e-06,33.056484,33.056488,-5.4061304e-05,33.056488,0.00010097045,215,215,54,0.0013799125,0.0023976776,8.742585e-06,0.2006015,0
1635,27.25,4.1378107e-06,33.05642,33.056423,-6.605785e-05,33.056423,0.00010094898,215,215,54,0.0014011326,0.0026458178,8.851211e-06,0.2005998,0
1636,27.266666,4.1507387e-06,33.056366,33.05637,-5.2191168e-05,33.05637,0.00010097179,215,215,54,0.0013997152,0.0026872263,8.803266e-06,0.20059831,0
1637,27.283333,4.140429e-06,33.05632,33.056324,-4.7226753e-05,33.056324,0.00010094652,215,215,54,0.0013986347,0.002515617,8.965843e-06,0.20059709,0
1638,27.3,4.0987056e-06,33.05626,33.056263,-5.97273e-05,33.056263,0.00010097267,215,215,54,0.001388441,0.0026020159,8.511396e-06,0.20059553,0
1639,27.316668,4.1142375e-06,33.056202,33.056206,-5.6843706e-05,33.056206,0.00010098062,215,215,54,0.0014055248,0.0025934214,8.358411e-06,0.20059401,0
1640,27.333334,4.109262e-06,33.05615,33.056152,-5.3372856e-05,33.056152,0.000101006175,215,215,54,0.0013938814,0.002550507,8.51813e-06,0.20059259,0
1641,27.35,4.108256e-06,33.05609,33.056095,-5.8190286e-05,33.056095,0.0001009775,215,215,54,0.001396266,0.0027159967,8.503546e-06,0.20059101,0
1642,27.366667,4.0926693e-06,33.056034,33.056038,-5.6209803e-05,33.056038,0.00010094305,215,215,54,0.0013892157,0.0026059386,8.451169e-06,0.20058961,0
1643,27.383333,4.087876e-06,33.05598,33.055984,-5.5367735e-05,33.055984,0.00010093866,215,215,54,0.0013889,0.0025968354,8.167601e-06,0.20058817,0
1644,27.4,4.072996e-06,33.055923,33.055927,-5.670786e-05,33.055927,0.00010100764,215,215,54,0.0013840293,0.0025703902,8.182733e-06,0.20058666,0
1645,27.416666,4.0548193e-06,33.055866,33.055874,-5.5214863e-05,33.055874,0.00010095417,215,215,54,0.0013819045,0.0025665595,8.045983e-06,0.20058514,0
1646,27.433332,4.045606e-06,33.055813,33.055817,-5.5372155e-05,33.055817,0.000100973935,215,215,54,0.00137947,0.0025090864,7.7253835e-06,0.2005837,0
1647,27.45,4.0291357e-06,33.055756,33.05576,-5.8205747e-05,33.05576,0.00010097212,215,215,54,0.0013779473,0.0025717039,7.763278e-06,0.20058215,0
1648,27.466667,4.017488e-06,33.0557,33.055702,-5.6870886e-05,33.055702,0.000101045734,215,215,54,0.001372709,0.0024749849,7.4908735e-06,0.20058072,0
1649,27.483334,4.002985e-06,33.055637,33.055645,-5.853629e-05,33.055645,0.000100967336,215,215,54,0.0013723061,0.0025661036,7.304972e-06,0.2005792,0
1650,27.5,3.9885467e-06,33.05558,33.055584,-5.7372443e-05,33.055584,0.00010094496,215,215,54,0.0013682949,0.002524593,7.1344252e-06,0.2005776,0
1651,27.516666,3.9764377e-06,33.055523,33.055527,-5.737011e-05,33.055527,0.000100937395,215,215,54,0.0013636097,0.002552694,7.0772276e-06,0.20057619,0
1652,27.533333,3.9524148e-06,33.055466,33.05547,-5.721577e-05,33.05547,0.00010091787,215,215,54,0.0013589319,0.0024475267,6.7679307e-06,0.20057473,0
1653,27.55,3.9415663e-06,33.055405,33.05541,-6.302152e-05,33.05541,0.00010098674,215,215,54,0.001358305,0.0024312404,6.6216585e-06,0.20057313,0
1654,27.566668,3.9231168e-06,33.055347,33.05535,-5.5713903e-05,33.05535,0.00010094977,215,215,54,0.0013555068,0.0024707199,6.4025007e-06,0.20057166,0
1655,27.583334,3.911783e-06,33.05529,33.055294,-5.9696908e-05,33.055294,0.000100930076,215,215,54,0.0013527359,0.0024197532,6.309587e-06,0.20057009,0
1656,27.6,3.8920425e-06,33.05523,33.055233,-5.987157e-05,33.055233,0.00010091781,215,215,54,0.0013499532,0.002741229,5.9284953e-06,0.20056863,0
1657,27.616667,3.881889e-06,33.05517,33.055176,-5.9030706e-05,33.055176,0.00010097884,215,215,54,0.0013452116,0.0023710094,5.6534764e-06,0.200567,0
1658,27.633333,3.8626085e-06,33.05511,33.055115,-5.9372345e-05,33.055115,0.00010101541,215,215,54,0.0013428951,0.0027537893,5.452521e-06,0.20056553,0
1659,27.65,3.8477733e-06,33.05505,33.055054,-6.169547e-05,33.055054,0.00010092873,215,215,54,0.0013350272,0.0023574815,5.258454e-06,0.20056397,0
1660,27.666666,3.829062e-06,33.05499,33.054993,-6.0701816e-05,33.054993,0.00010092143,215,215,54,0.0013343728,0.0024602022,5.1030956e-06,0.20056246,0
1661,27.683332,3.8146513e-06,33.054928,33.05493,-5.8702455e-05,33.05493,0.00010099473,215,215,54,0.0013310034,0.0024874695,4.6782548e-06,0.2005609,0
1662,27.7,3.8007124e-06,33.054867,33.05487,-6.152832e-05,33.05487,0.00010100251,215,215,54,0.0013276823,0.0025193638,4.7591398e-06,0.20055941,0
1663,27.716667,3.7876596e-06,33.054806,33.05481,-6.252497e-05,33.05481,0.00010096728,215,215,54,0.0013244783,0.0025525654,4.7300086e-06,0.20055786,0
1664,27.733334,3.7756836e-06,33.054745,33.05475,-6.069508e-05,33.05475,0.000100940175,215,215,54,0.0013214241,0.0025854954,4.765268e-06,0.2005563,0
1665,27.75,3.7661116e-06,33.054684,33.054688,-6.019391e-05,33.054688,0.00010094814,215,215,54,0.0013187528,0.00262242,4.795259e-06,0.20055483,0
1666,27.766666,3.7570348e-06,33.054623,33.054626,-6.168971e-05,33.054626,0.000101007805,215,215,54,0.0013156714,0.0024566445,4.8151933e-06,0.20055324,0
1667,27.783333,3.746899e-06,33.054577,33.05458,-4.6894067e-05,33.05458,0.00010096512,214,214,54,0.0013132207,0.0022341758,4.874101e-06,0.2005533,0
1668,27.8,3.7591017e-06,33.054512,33.054516,-6.333098e-05,33.054516,0.00010115426,214,214,54,0.0013156657,0.0020696209,4.894589e-06,0.20055147,0
1669,27.816668,3.7541965e-06,33.054443,33.054447,-6.9000766e-05,33.054447,0.000100888385,215,215,54,0.0013134852,0.002046959,4.924414e-06,0.20054936,0
1670,27.833334,3.7520283e-06,33.054375,33.05438,-6.8831774e-05,33.05438,0.00010294385,214,214,54,0.0013116217,0.0020307694,4.9577006e-06,0.2005476,0
1671,27.85,3.7491939e-06,33.054302,33.054306,-7.23238e-05,33.054306,0.000100952326,215,215,54,0.0013098464,0.0020144929,4.9629843e-06,0.20054533,0
1672,27.866667,3.7475256e-06,33.054237,33.05424,-6.450864e-05,33.05424,0.00010100149,215,215,54,0.0013083969,0.0019982874,5.0491926e-06,0.20054372,0
1673,27.883333,3.7468233e-06,33.054176,33.05418,-6.251261e-05,33.05418,0.00010105105,215,215,54,0.0013072317,0.0019834056,5.042599e-06,0.2005421,0
1674,27.9,3.7461282e-06,33.054108,33.05411,-6.833153e-05,33.05411,0.000100930054,215,215,54,0.0013062899,0.0019683035,5.0616195e-06,0.20054048,0
1675,27.916666,3.74932e-06,33.054043,33.054047,-6.300749e-05,33.054047,0.00010099373,215,215,54,0.0013059181,0.001962623,5.1012225e-06,0.20053889,0
1676,27.933332,3.750728e-06,33.053978,33.05398,-6.699939e-05,33.05398,0.000100989375,215,215,54,0.0013055092,0.0019501982,5.1219827e-06,0.20053717,0
1677,27.95,3.752522e-06,33.053913,33.053917,-6.51702e-05,33.053917,0.000100969424,215,215,54,0.0013052657,0.0019400337,5.1539823e-06,0.20053566,0
1678,27.966667,3.754511e-06,33.053844,33.05385,-6.7497574e-05,33.05385,0.00010095048,215,215,54,0.0013051542,0.0019310078,5.180181e-06,0.20053399,0
1679,27.983334,3.7561886e-06,33.053776,33.05378,-6.7165376e-05,33.05378,0.000100904435,214,214,54,0.0013051315,0.0019196805,5.193868e-06,0.2005324,0
1680,28,3.758061e-06,33.05371,33.053715,-6.683267e-05,33.053715,0.000100947895,214,214,54,0.0013051411,0.0019119113,5.2238306e-06,0.20053065,0
1681,28.016666,3.7596726e-06,33.053642,33.053646,-6.73317e-05,33.053646,0.00010093399,214,214,54,0.0013051801,0.0019053635,5.212904e-06,0.20052908,0
1682,28.033333,3.7589455e-06,33.053577,33.05358,-6.7666544e-05,33.05358,0.00010098126,214,214,54,0.0013049699,0.0018975864,5.2447585e-06,0.20052746,0
1683,28.05,3.759481e-06,33.05351,33.053513,-6.749903e-05,33.053513,0.000100952224,214,214,54,0.0013049939,0.0018899069,5.257973e-06,0.20052579,0
1684,28.066668,3.7594682e-06,33.05344,33.053444,-6.766583e-05,33.053444,0.000100988866,214,214,54,0.0013049672,0.0018835005,5.272522e-06,0.20052414,0
1685,28.083334,3.759004e-06,33.053375,33.05338,-6.65025e-05,33.05338,0.000100944184,214,214,54,0.001304889,0.0018777602,5.2777164e-06,0.2005225,0
1686,28.1,3.7578802e-06,33.053303,33.053307,-7.0493275e-05,33.053307,0.000100941535,214,214,54,0.0013047141,0.0018734562,5.276534e-06,0.20052086,0
1687,28.116667,3.7561153e-06,33.053238,33.05324,-6.733507e-05,33.05324,0.0001009457,214,214,54,0.0013044523,0.0018706954,5.3030517e-06,0.2005192,0
1688,28.133333,3.7538364e-06,33.053165,33.05317,-7.232324e-05,33.05317,0.00010095703,214,214,54,0.0013041229,0.0018687975,5.2770433e-06,0.20051734,0
1689,28.15,3.7510147e-06,33.053097,33.0531,-6.833366e-05,33.0531,0.00010094667,214,214,54,0.0013037212,0.0018678083,5.3001654e-06,0.20051578,0
1690,28.166666,3.747654e-06,33.053024,33.05303,-7.049552e-05,33.05303,0.00010092108,214,214,54,0.0013032448,0.0018689531,5.2786336e-06,0.20051411,0
1691,28.183332,3.743971e-06,33.052956,33.05296,-6.8500776e-05,33.05296,0.00010095537,214,214,54,0.0013027297,0.0018706539,5.3006747e-06,0.20051238,0
1692,28.2,3.7400337e-06,33.052883,33.052887,-7.1992385e-05,33.052887,0.00010094852,214,214,54,0.0013021842,0.0018737256,5.288764e-06,0.20051067,0
1693,28.216667,3.7360576e-06,33.05281,33.052814,-7.249119e-05,33.052814,0.000100951256,214,214,54,0.0013016643,0.0018774292,5.2868922e-06,0.20050879,0
1694,28.233334,3.7319894e-06,33.052742,33.052746,-6.899993e-05,33.052746,0.00010096444,214,214,54,0.0013014034,0.0018823964,5.281728e-06,0.2005072,0
1695,28.25,3.7281518e-06,33.05267,33.052673,-7.2324794e-05,33.052673,0.000100920115,214,214,54,0.0013012455,0.0018882703,5.2532932e-06,0.20050542,0
1696,28.266666,3.724425e-06,33.052597,33.0526,-7.2324685e-05,33.0526,0.0001008897,214,214,54,0.0013011745,0.0018956077,5.2350374e-06,0.2005037,0
1697,28.283333,3.7210837e-06,33.05253,33.052532,-7.1659284e-05,33.052532,0.000100940946,214,214,54,0.0013012398,0.0019031775,5.2537284e-06,0.20050181,0
1698,28.3,3.718113e-06,33.052456,33.05246,-7.199142e-05,33.05246,0.000100905556,214,214,54,0.0013014355,0.0019123429,5.231102e-06,0.20050016,0
1699,28.316668,3.7156517e-06,33.052383,33.052387,-7.16584e-05,33.052387,0.00010091235,214,214,54,0.001301786,0.0019221492,5.240218e-06,0.20049842,0
1700,28.333334,3.7137527e-06,33.05231,33.052315,-7.182409e-05,33.052315,0.00010091157,214,214,54,0.0013022971,0.0019328322,5.1976535e-06,0.20049669,0
1701,28.35,3.7125003e-06,33.052235,33.05224,-7.5314805e-05,33.05224,0.000100933736,214,214,54,0.0013029783,0.0019442424,5.189901e-06,0.20049486,0
1702,28.366667,3.7118975e-06,33.052162,33.052166,-7.282033e-05,33.052166,0.00010093032,214,214,54,0.0013038338,0.001955959,5.176993e-06,0.20049307,0
1703,28.383333,3.7119494e-06,33.05209,33.052094,-7.2487164e-05,33.052094,0.00010091043,214,214,54,0.0013048492,0.0019681528,5.1999127e-06,0.20049125,0
1704,28.4,3.712561e-06,33.052017,33.05202,-7.381664e-05,33.05202,0.00010097543,214,214,54,0.0013060019,0.0019814414,5.154675e-06,0.20048943,0
1705,28.416666,3.7138084e-06,33.05194,33.051945,-7.647609e-05,33.051945,0.000100902944,214,214,54,0.0013073074,0.0019940923,5.1510187e-06,0.20048758,0
1706,28.433332,3.715523e-06,33.051865,33.05187,-7.680813e-05,33.05187,0.00010087884,214,214,54,0.0013087092,0.002008175,5.145453e-06,0.20048538,0
1707,28.45,3.7178854e-06,33.051792,33.051796,-7.314987e-05,33.051796,0.000100932,214,214,54,0.0013102319,0.0020209653,5.155479e-06,0.2004838,0
1708,28.466667,3.7225511e-06,33.051716,33.05172,-7.5973905e-05,33.05172,0.00010092335,214,214,54,0.0013119191,0.0020370528,5.1070797e-06,0.20048203,0
1709,28.483334,3.7233106e-06,33.05164,33.051643,-7.5479045e-05,33.051643,0.00010101577,214,214,54,0.001313391,0.00205044,5.142029e-06,0.20048012,0
1710,28.5,4.159037e-06,33.05155,33.051556,-8.784572e-05,33.051556,0.000100996454,214,214,54,0.0013854165,0.0014514192,4.8864526e-06,0.20047775,0
1711,28.516666,4.507054e-06,33.05146,33.051464,-9.192355e-05,33.051464,0.00010099419,214,214,54,0.0014442822,0.0014565705,5.490794e-06,0.20047568,0
1712,28.533333,4.786858e-06,33.05137,33.051373,-8.9664194e-05,33.051373,0.00010105355,214,214,54,0.0014894189,0.0015025241,5.8571154e-06,0.20047343,0
1713,28.55,4.9255677e-06,33.051273,33.05128,-9.313039e-05,33.05128,0.000101100835,214,214,54,0.0015112668,0.0015391302,6.17964e-06,0.2004713,0
1714,28.566668,4.966701e-06,33.051186,33.05119,-8.9237845e-05,33.05119,0.000101054466,214,214,54,0.0015173099,0.0015621189,6.3212055e-06,0.20046896,0
1715,28.583334,4.9961714e-06,33.051094,33.0511,-9.07458e-05,33.0511,0.00010116344,214,214,54,0.0015214704,0.0016213672,6.519037e-06,0.20046681,0
1716,28.6,4.995421e-06,33.051006,33.05101,-8.8448454e-05,33.05101,0.00010103693,213,213,54,0.0015210904,0.0014920657,6.519871e-06,0.20046458,0
1717,28.616667,4.911108e-06,33.05091,33.050915,-9.501597e-05,33.050915,0.00010105109,213,213,54,0.0015037929,0.0013413929,5.7790253e-06,0.2004623,0
1718,28.633333,4.8483216e-06,33.050823,33.050827,-8.8676745e-05,33.050827,0.0001010646,213,213,54,0.0014928292,0.0012925082,5.4119178e-06,0.20046014,0
1719,28.65,4.837894e-06,33.05073,33.050735,-9.244825e-05,33.050735,0.00010106635,213,213,54,0.0014907615,0.0013118248,5.3278186e-06,0.20045784,0
1720,28.666666,4.8432844e-06,33.05064,33.050644,-9.143491e-05,33.050644,0.00010101164,213,213,54,0.0014913023,0.0013311902,5.3634817e-06,0.20045578,0
1721,28.683332,1.3422522e-05,33.050377,33.05039,-0.00025493506,33.05039,0.00010167334,213,213,54,0.002468454,0.0030541222,9.512325e-06,0.20045014,0
1722,28.7,1.577832e-05,33.050194,33.05021,-0.000179361,33.05021,0.00010189192,213,213,54,0.0027505779,0.0030229893,1.4682615e-05,0.20044583,0
1723,28.716667,1.7765882e-05,33.05001,33.05003,-0.00018006175,33.05003,0.000101958394,213,213,54,0.0029672568,0.0041338983,2.1062175e-05,0.20044146,0
1724,28.733334,1.8523893e-05,33.049835,33.04985,-0.00017746743,33.04985,0.000101933525,213,213,54,0.0030712395,0.004468008,2.593945e-05,0.20043693,0
1725,28.75,1.9664707e-05,33.04966,33.04968,-0.00017375953,33.04968,0.00010199103,213,213,54,0.0031795679,0.0048110317,2.8872839e-05,0.20043282,0
1726,28.766666,2.0554935e-05,33.04948,33.0495,-0.00017750147,33.0495,0.00010190642,213,213,54,0.0032619722,0.005376494,3.1192736e-05,0.20042846,0
1727,28.783333,2.070473e-05,33.0493,33.04932,-0.00018056948,33.04932,0.00010188228,213,213,54,0.0032943473,0.005272524,3.2912023e-05,0.2004243,0
1728,28.8,2.1455891e-05,33.049118,33.049137,-0.00018246194,33.049137,0.00010199897,213,213,54,0.003362323,0.0054341904,3.4575434e-05,0.20041992,0
1729,28.816668,2.1670783e-05,33.048935,33.048958,-0.00018100314,33.048958,0.00010186566,213,213,54,0.0033917294,0.0057349284,3.557374e-05,0.2004156,0
1730,28.833334,2.148336e-05,33.048756,33.04878,-0.0001794104,33.04878,0.00010191054,213,213,54,0.0033828828,0.0056086704,3.6333822e-05,0.20041148,0
1731,28.85,2.1677215e-05,33.048573,33.048595,-0.00018218797,33.048595,0.0001018965,213,213,54,0.0033934477,0.0056362674,3.6430436e-05,0.20040709,0
1732,28.866667,2.0989239e-05,33.0484,33.04842,-0.0001749233,33.04842,0.00010192486,213,213,54,0.0033491654,0.0055790995,3.6244248e-05,0.20040312,0
1733,28.883333,2.1018634e-05,33.04822,33.04824,-0.0001783623,33.04824,0.00010191501,213,213,54,0.0033446343,0.005475996,3.6472236e-05,0.20039897,0
1734,28.9,2.1063835e-05,33.048046,33.048065,-0.00017601893,33.048065,0.00010188182,213,213,54,0.0033358505,0.0055231997,3.5486115e-05,0.2003949,0
1735,28.916666,2.0246383e-05,33.04787,33.04789,-0.00017671533,33.04789,0.000101894824,213,213,54,0.003276838,0.0053238054,3.5232846e-05,0.20039082,0
1736,28.933332,2.0341364e-05,33.047684,33.047707,-0.00018444816,33.047707,0.000101942795,213,213,54,0.0032725548,0.0051506013,3.427483e-05,0.20038661,0
1737,28.95,2.0404555e-05,33.0475,33.04752,-0.00018348242,33.04752,0.00010185667,213,213,54,0.0032644775,0.005335027,3.3977747e-05,0.2003825,0
1738,28.966667,1.9815167e-05,33.047318,33.047337,-0.00018463377,33.047337,0.00010186955,213,213,54,0.003219533,0.0049888287,3.300023e-05,0.20037816,0
1739,28.983334,1.997243e-05,33.04713,33.04715,-0.0001868797,33.04715,0.0001019707,213,213,54,0.0032207728,0.0048533846,3.2638083e-05,0.20037389,0
1740,29,1.979524e-05,33.04694,33.04696,-0.00019004049,33.04696,0.0001018944,209,209,53,0.0032022828,0.004978708,3.2077947e-05,0.20036963,0
1741,29.016666,1.9394367e-05,33.04675,33.04677,-0.00019009793,33.04677,0.0001019698,209,209,53,0.0031646434,0.004677117,3.1389383e-05,0.20036523,0
1742,29.033333,1.949339e-05,33.04656,33.046577,-0.00019159309,33.046577,0.00010201383,209,209,53,0.0031601796,0.0046199462,3.0640742e-05,0.20036072,0
1743,29.05,1.8915855e-05,33.046364,33.046383,-0.00019476347,33.046383,0.00010191972,209,209,53,0.0031259134,0.0046766903,3.0320492e-05,0.20035625,0
1744,29.066668,1.8914809e-05,33.046165,33.046185,-0.0001981771,33.046185,0.00010192655,209,209,53,0.003114415,0.004543325,2.9470957e-05,0.20035166,0
1745,29.083334,1.8862247e-05,33.04597,33.04599,-0.00019490352,33.04599,0.00010189996,209,209,53,0.0030934885,0.0045946743,2.879854e-05,0.200347,0
1746,29.1,1.8264565e-05,33.045773,33.04579,-0.0001992725,33.04579,0.00010196306,209,209,53,0.0030604443,0.004651787,2.7789609e-05,0.20034258,0
1747,29.116667,1.812254e-05,33.04557,33.04559,-0.00020330574,33.04559,0.00010191422,209,209,53,0.003031558,0.004406634,2.7101283e-05,0.20033793,0
1748,29.133333,1.800714e-05,33.04537,33.045387,-0.00020012027,33.045387,0.00010198043,211,211,53,0.0030024175,0.0046436572,2.5377543e-05,0.2003333,0
1749,29.15,1.7088505e-05,33.045166,33.045185,-0.00020308481,33.045185,0.00010188754,211,211,53,0.0029168716,0.0040122904,2.412095e-05,0.20032841,0
1750,29.166666,1.7026809e-05,33.04496,33.044975,-0.00020754804,33.044975,0.00010195908,211,211,53,0.0028957457,0.0037439703,2.2297108e-05,0.20032385,0
1751,29.183332,1.7035727e-05,33.044754,33.044773,-0.00020481733,33.044773,0.00010193112,211,211,53,0.002880188,0.0038750733,2.1051801e-05,0.20031896,0
1752,29.2,1.6906079e-05,33.044544,33.04456,-0.00021077483,33.04456,0.00010194825,211,211,53,0.0028578902,0.0038634045,1.9782374e-05,0.20031421,0
1753,29.216667,1.6849594e-05,33.04433,33.04435,-0.00021236422,33.04435,0.000101949794,211,211,53,0.002844594,0.003701921,1.8717052e-05,0.20030916,0
1754,29.233334,1.6843072e-05,33.04412,33.044136,-0.0002118155,33.044136,0.000101966674,212,212,53,0.0028392007,0.0036083364,1.8276876e-05,0.20030418,0
1755,29.25,1.6870845e-05,33.043903,33.043922,-0.00021627008,33.043922,0.000101961174,212,212,53,0.002838835,0.003559436,1.7933411e-05,0.20029913,0
1756,29.266666,1.690454e-05,33.043686,33.0437,-0.00021792672,33.0437,0.00010198764,212,212,53,0.002840368,0.003583462,1.7841454e-05,0.2002939,0
1757,29.283333,1.6939133e-05,33.043465,33.043484,-0.00022108466,33.043484,0.00010193104,212,212,53,0.002842491,0.003615004,1.7918794e-05,0.20028874,0
1758,29.3,1.6966878e-05,33.043243,33.04326,-0.00022175653,33.04326,0.00010196956,212,212,53,0.002844173,0.0036429085,1.7839915e-05,0.20028347,0
1759,29.316668,1.6991828e-05,33.04302,33.043037,-0.0002237544,33.043037,0.00010196816,213,213,53,0.0028457406,0.0036633215,1.7895032e-05,0.20027807,0
1760,29.333334,1.7003998e-05,33.042793,33.04281,-0.00022709227,33.04281,0.00010200317,213,213,53,0.0028463318,0.0036798986,1.7928985e-05,0.20027286,0
1761,29.35,1.7004684e-05,33.042564,33.04258,-0.00022860005,33.04258,0.00010202146,213,213,53,0.0028456186,0.0036938,1.7874989e-05,0.20026739,0
1762,29.366667,1.6996582e-05,33.04233,33.04235,-0.00023126892,33.04235,0.00010198608,213,213,53,0.0028438775,0.003705058,1.804392e-05,0.20026144,0
1763,29.383333,1.6978966e-05,33.0421,33.042118,-0.00023244222,33.042118,0.000101995145,215,215,53,0.0028412254,0.0037130516,1.7652657e-05,0.20025632,0
1764,29.4,1.6956354e-05,33.041862,33.04188,-0.00023610482,33.04188,0.00010199047,216,216,54,0.0028379974,0.003719181,1.7483939e-05,0.2002509,0
1765,29.416666,1.6929043e-05,33.041626,33.041645,-0.00023710706,33.041645,0.00010199935,216,216,54,0.0028342698,0.0037242505,1.7515247e-05,0.20024532,0
1766,29.433332,1.6898264e-05,33.04139,33.041405,-0.00023777554,33.041405,0.00010190532,216,216,54,0.002830194,0.0037281644,1.739067e-05,0.20023951,0
1767,29.45,1.6866887e-05,33.041145,33.041164,-0.00024226503,33.041164,0.000101923695,216,216,54,0.002826063,0.0037307213,1.7122322e-05,0.20023401,0
1768,29.466667,1.68368e-05,33.040905,33.04092,-0.00024292876,33.04092,0.00010189891,216,216,54,0.0028220753,0.0037341698,1.7053377e-05,0.20022815,0
1769,29.483334,1.6809163e-05,33.040657,33.040676,-0.00024525388,33.040676,0.000101952864,216,216,54,0.002818335,0.0037384012,1.6912443e-05,0.20022248,0
1770,29.5,1.6776756e-05,33.04041,33.04043,-0.00024924878,33.04043,0.00010192175,216,216,54,0.0028144452,0.0037406913,1.6751203e-05,0.20021671,0
1771,29.516666,1.4745007e-05,33.04018,33.040195,-0.00023163001,33.040195,0.00010179032,216,216,54,0.0025513591,0.0073991185,1.5406875e-05,0.20021124,0
1772,29.533333,1.7233933e-05,33.039932,33.03995,-0.00024456612,33.03995,0.000101756465,218,218,55,0.0029235862,0.011347839,1.7230921e-05,0.20020552,0
1773,29.55,2.4505767e-05,33.039692,33.039715,-0.00023363178,33.039715,0.00010169958,218,218,55,0.0037645162,0.013955837,4.00391e-05,0.20020035,0
1774,29.566668,3.0754552e-05,33.03943,33.03946,-0.0002587618,33.03946,0.00010183303,218,218,55,0.004358306,0.015766783,5.4301232e-05,0.20019487,0
1775,29.583334,3.5638895e-05,33.03916,33.039196,-0.00025996,33.039196,0.000101795486,221,221,56,0.004785841,0.017175494,6.405122e-05,0.20018949,0
1776,29.6,3.937859e-05,33.038902,33.038944,-0.0002546207,33.038944,0.0001018778,221,221,56,0.00508451,0.018153854,7.094078e-05,0.20018412,0
1777,29.616667,4.197517e-05,33.03871,33.038754,-0.00019059182,33.038754,0.000101881844,221,221,56,0.005283929,0.01873114,7.552185e-05,0.20018019,0
1778,29.633333,4.3512096e-05,33.038536,33.03858,-0.00017170087,33.03858,0.00010192405,221,221,56,0.0053992355,0.019035924,7.8425684e-05,0.20017652,0
1779,29.65,4.5960925e-05,33.038338,33.038383,-0.00019772229,33.038383,0.00010198427,222,222,56,0.0055284724,0.019024093,8.011557e-05,0.20017247,0
1780,29.666666,4.6077606e-05,33.03815,33.038197,-0.0001857565,33.038197,0.00010193846,222,222,56,0.005526986,0.019014498,8.075013e-05,0.2001682,0
1781,29.683332,4.5559307e-05,33.03797,33.038017,-0.0001785775,33.038017,0.00010191801,222,222,56,0.0055040726,0.018838437,8.036321e-05,0.20016497,0
1782,29.7,4.4502667e-05,33.037796,33.037838,-0.0001799471,33.037838,0.00010197509,222,222,56,0.00541936,0.018574163,7.923391e-05,0.2001611,0
1783,29.716667,4.300981e-05,33.037617,33.037663,-0.00017755698,33.037663,0.000102041224,222,222,56,0.005297315,0.018226461,7.732823e-05,0.20015751,0
1784,29.733334,4.3315875e-05,33.037434,33.037476,-0.00018490209,33.037476,0.000102052465,225,225,57,0.0052037323,0.022175107,7.490405e-05,0.20015348,0
1785,29.75,5.572466e-05,33.03727,33.037327,-0.00015135246,33.037327,0.000101850936,226,226,57,0.006185179,0.026610233,8.5206906e-05,0.20014983,0
1786,29.766666,6.714524e-05,33.03709,33.03716,-0.00016647235,33.03716,0.000101799065,226,226,57,0.00696156,0.027375195,0.00010220416,0.2001462,0
1787,29.783333,8.094514e-05,33.036896,33.036976,-0.00018105106,33.036976,0.00010183128,226,226,57,0.0076773283,0.028393043,0.000114975184,0.20014215,0
1788,29.8,9.2919196e-05,33.036697,33.03679,-0.00018786456,33.03679,0.00010194683,226,226,57,0.00827066,0.029894173,0.0001261212,0.2001378,0
1789,29.816668,0.00010058645,33.036507,33.036606,-0.00018402486,33.036606,0.0001019223,226,226,57,0.008639135,0.030959623,0.00013434688,0.20013417,0
1790,29.833334,0.00010583185,33.036327,33.036434,-0.00017331255,33.036434,0.00010190985,227,227,57,0.008884473,0.03147656,0.00013940815,0.20013054,0
1791,29.85,0.00010900554,33.03616,33.03627,-0.00016374642,33.03627,0.00010200895,227,227,57,0.009027538,0.031953905,0.0001428392,0.20012723,0
1792,29.866667,0.000109617366,33.035988,33.036095,-0.0001721272,33.036095,0.0001020268,227,227,57,0.009059142,0.03220969,0.00014412505,0.20012379,0
1793,29.883333,0.000107525804,33.035816,33.035927,-0.00017133923,33.035927,0.000101954494,228,228,57,0.008968366,0.032013435,0.00014345908,0.20012036,0
1794,29.9,0.00010284774,33.035652,33.035755,-0.00017026813,33.035755,0.000101997684,229,229,57,0.008755772,0.031567574,0.00014101857,0.20011681,0
1795,29.916666,9.657829e-05,33.03549,33.035583,-0.000171527,33.035583,0.00010201716,229,229,57,0.008459701,0.030509992,0.0001360764,0.20011345,0
1796,29.933332,9.0478046e-05,33.035324,33.03541,-0.00017052652,33.03541,0.000102032915,230,230,57,0.008166247,0.029738085,0.0001309091,0.20010991,0
1797,29.95,9.24981e-05,33.03515,33.03524,-0.00017271403,33.03524,0.00010201419,230,230,57,0.008868831,0.040856358,0.00013344294,0.20010582,0
1798,29.966667,9.384889e-05,33.034992,33.035088,-0.00015310018,33.035088,0.00010206211,230,230,57,0.00889833,0.041046694,0.00014091084,0.20010243,0
1799,29.983334,9.3555296e-05,33.034832,33.034927,-0.000160896,33.034927,0.00010201846,230,230,57,0.008885716,0.040840685,0.00014084186,0.20009889,0
1800,30,9.226153e-05,33.03467,33.034763,-0.00016272745,33.034763,0.000102033424,230,230,57,0.008821394,0.04050851,0.00014036502,0.20009506,0
