frame,time_s,kinetic_J,potential_J,total_J,delta_E_J,ui_total_J,depth_m,contacts,matched,locked,max_speed_m_s,max_spin_rad_s,max_move_m,tip_y_m,broken
1,0.016666668,0.1063752,34.25509,34.36146,-0.0026841382,34.36146,0,122,122,29,0.16347197,0,0.0013964176,0.22860363,0
2,0.033333335,0.3645934,33.97075,34.335342,-0.026119737,34.335342,0,133,133,33,0.32688943,4.1051585e-06,0.004120469,0.22448318,0
3,0.05,0.5494327,33.586044,34.135475,-0.19986647,34.135475,0,153,153,31,0.49025264,0.9696582,0.0068436265,0.21763957,0
4,0.06666667,0.489813,33.268238,33.75805,-0.37742576,33.75805,0,180,180,35,0.65356153,1.2298001,0.009565905,0.20807366,0
5,0.083333336,0.0050029755,33.19802,33.203026,-0.55502623,33.203026,8.5218535e-06,198,198,39,0.030838896,1.3606057,0.004178516,0.20390813,0
6,0.1,0.0017378773,33.196964,33.1987,-0.004322647,33.1987,1.508273e-05,190,190,47,0.029676545,0.6943879,0.0005156375,0.20389828,0
7,0.11666667,0.0007680187,33.19554,33.196312,-0.0023908408,33.196312,1.9949623e-05,194,194,48,0.02190139,0.44093078,0.00041807722,0.20386745,0
8,0.13333334,0.00035865948,33.195366,33.195724,-0.00058525713,33.195724,2.0412108e-05,196,196,50,0.018382868,0.26260486,0.00033980588,0.20386751,0
9,0.15,0.00016119036,33.195236,33.195396,-0.00032914313,33.195396,2.0485646e-05,197,197,50,0.013569153,0.113088995,0.00026574795,0.20386781,0
10,0.16666667,9.160685e-05,33.195084,33.195175,-0.00022270443,33.195175,2.0514142e-05,197,197,50,0.009366823,0.037084423,0.00018763261,0.2038663,0
11,0.18333334,6.689799e-05,33.194897,33.19496,-0.00021141331,33.19496,2.1494718e-05,197,197,50,0.007676312,0.026123159,0.00014180165,0.20386381,0
12,0.2,4.81119e-05,33.194702,33.19475,-0.0002119745,33.19475,2.3658906e-05,197,197,50,0.006006574,0.016329648,0.00011302161,0.20386083,0
13,0.21666667,3.3625674e-05,33.194508,33.194542,-0.00020734212,33.194542,2.5821662e-05,197,197,50,0.005040894,0.01387571,9.1909e-05,0.20385785,0
14,0.23333333,2.1318148e-05,33.194317,33.194336,-0.00020516342,33.194336,2.8051565e-05,197,197,50,0.0040394305,0.011428579,7.549696e-05,0.20385487,0
15,0.25,1.165291e-05,33.194122,33.194134,-0.00020252113,33.194134,3.0303667e-05,197,197,50,0.0030202325,0.0089600785,5.860519e-05,0.2038519,0
16,0.26666668,5.0307212e-06,33.193947,33.19395,-0.00018484764,33.19395,3.136722e-05,197,197,50,0.0020291426,0.006590149,4.171387e-05,0.20384891,0
17,0.28333333,1.7672188e-06,33.19378,33.193783,-0.00016885356,33.193783,3.142414e-05,197,197,50,0.0012396394,0.004645565,2.626506e-05,0.20384593,0
18,0.3,1.3921505e-06,33.193623,33.193623,-0.00015898241,33.193623,3.1471733e-05,197,197,50,0.0010635937,0.003932775,1.8084942e-05,0.20384245,0
19,0.31666666,1.7570484e-06,33.193462,33.193462,-0.00015923998,33.193462,3.1529744e-05,197,197,50,0.0011606995,0.0039445306,1.8434988e-05,0.20383887,0
20,0.33333334,2.089549e-06,33.193302,33.193302,-0.00015927237,33.193302,3.1479085e-05,197,197,50,0.0012520835,0.0040509715,2.020259e-05,0.2038353,0
21,0.35,2.2860447e-06,33.193142,33.193146,-0.00015940839,33.193146,3.2500026e-05,197,197,50,0.0013037848,0.004118686,2.1391666e-05,0.20383172,0
22,0.36666667,2.3777332e-06,33.19298,33.192986,-0.00015951319,33.192986,3.4842113e-05,197,197,50,0.0013267553,0.0041436036,2.1991214e-05,0.20382814,0
23,0.38333333,2.4052874e-06,33.19282,33.192825,-0.00015957732,33.192825,3.730209e-05,197,197,50,0.0013327425,0.0041404166,2.2215556e-05,0.20382456,0
24,0.4,2.3969778e-06,33.192665,33.192665,-0.00015961319,33.192665,3.968272e-05,197,197,50,0.0013293424,0.004121204,2.2227689e-05,0.20382099,0
25,0.41666666,2.3695427e-06,33.192505,33.192505,-0.00015963231,33.192505,4.2111693e-05,197,197,50,0.0013209027,0.00409328,2.2123995e-05,0.20381741,0
26,0.43333334,2.3323726e-06,33.192345,33.19235,-0.00015964205,33.19235,4.459872e-05,197,197,50,0.0013098429,0.004061052,2.1958725e-05,0.20381384,0
27,0.45,2.2904896e-06,33.192184,33.19219,-0.00015964676,33.19219,4.699776e-05,197,197,50,0.0012974484,0.00402661,2.1762267e-05,0.20381026,0
28,0.46666667,2.2466118e-06,33.192024,33.192028,-0.00015964876,33.192028,4.9387014e-05,198,198,50,0.0012844234,0.00399134,2.1550313e-05,0.20380668,0
29,0.48333332,2.2021356e-06,33.191864,33.191868,-0.00015964935,33.191868,5.1756775e-05,198,198,50,0.0012711304,0.0039557694,2.1330996e-05,0.2038031,0
30,0.5,2.1577976e-06,33.191708,33.191708,-0.00015964922,33.191708,5.4186756e-05,198,198,50,0.0012577655,0.0039203526,2.11094e-05,0.20379953,0
31,0.51666665,2.1139797e-06,33.191547,33.191547,-0.0001596487,33.191547,5.66172e-05,198,198,50,0.0012444316,0.003885163,2.0887244e-05,0.20379595,0
32,0.53333336,2.063301e-06,33.191376,33.19138,-0.00017029588,33.19138,5.9014747e-05,198,198,50,0.001251022,0.003816544,2.077285e-05,0.20379238,0
33,0.55,2.0315274e-06,33.191204,33.191208,-0.00017060949,33.191208,6.149176e-05,198,198,50,0.001219345,0.0034786595,2.0654406e-05,0.2037888,0
34,0.56666666,2.01555e-06,33.191032,33.191036,-0.00017292127,33.191036,6.38896e-05,198,198,50,0.0012340735,0.0037631763,2.0613857e-05,0.20378523,0
35,0.5833333,1.978649e-06,33.19086,33.19086,-0.00017277594,33.19086,6.603682e-05,198,198,50,0.0012247971,0.0037756464,2.0363692e-05,0.20378149,0
36,0.6,1.932276e-06,33.19069,33.190693,-0.00016995906,33.190693,6.845177e-05,198,198,50,0.0012042209,0.0036367327,2.0101863e-05,0.20377791,0
37,0.6166667,1.9115803e-06,33.190514,33.190517,-0.00017442228,33.190517,7.068807e-05,198,198,50,0.0011996826,0.0036567117,2.0151232e-05,0.20377411,0
38,0.6333333,1.8824194e-06,33.190342,33.190346,-0.00017293445,33.190346,7.314126e-05,198,198,50,0.0011917843,0.0036548597,1.9948055e-05,0.20377053,0
39,0.65,1.8284392e-06,33.190174,33.190174,-0.00016996668,33.190174,7.551516e-05,198,198,50,0.0011722249,0.003573989,1.9544987e-05,0.20376696,0
40,0.6666667,1.8032337e-06,33.19,33.19,-0.00017525806,33.19,7.7818724e-05,198,198,50,0.0011661149,0.0035853104,1.9563213e-05,0.20376317,0
41,0.68333334,1.7728286e-06,33.189823,33.189827,-0.00017293569,33.189827,8.0231875e-05,198,198,50,0.0011555325,0.0035501975,1.9351002e-05,0.2037596,0
42,0.7,1.7260227e-06,33.18965,33.18965,-0.00017295209,33.18965,8.2485756e-05,198,198,50,0.0011424233,0.003550771,1.8990397e-05,0.20375581,0
43,0.71666664,1.6981485e-06,33.18948,33.18948,-0.00017293316,33.18948,8.480628e-05,205,205,52,0.001130209,0.0034762525,1.8917604e-05,0.20375223,0
44,0.73333335,1.6506742e-06,33.18931,33.18931,-0.0001706252,33.18931,8.7246786e-05,205,205,52,0.0011152162,0.0034578633,1.854024e-05,0.20374866,0
45,0.75,1.6266364e-06,33.189133,33.189137,-0.00017475813,33.189137,8.9498055e-05,205,205,52,0.001105497,0.0034058758,1.8557601e-05,0.20374486,0
46,0.76666665,1.5791265e-06,33.188965,33.188965,-0.00017012646,33.188965,9.1907765e-05,205,205,52,0.001081875,0.0032394647,1.8124174e-05,0.2037413,0
47,0.78333336,1.563072e-06,33.188786,33.18879,-0.00017608018,33.18879,9.413964e-05,205,205,52,0.0010851856,0.0033763181,1.81476e-05,0.2037375,0
48,0.8,1.5175787e-06,33.188618,33.188618,-0.00016962568,33.188618,9.656984e-05,205,205,52,0.0010451094,0.0029760196,1.7791575e-05,0.20373392,0
49,0.81666666,1.4981431e-06,33.188446,33.188446,-0.00017292472,33.188446,9.901047e-05,205,205,52,0.0010493202,0.0031064004,1.7684471e-05,0.20373034,0
50,0.8333333,1.4590428e-06,33.18827,33.188274,-0.00017277813,33.188274,9.997412e-05,205,205,52,0.0010442776,0.003213791,1.7377177e-05,0.20372663,0
51,0.85,1.4378095e-06,33.1881,33.1881,-0.00017292652,33.1881,0.000100042926,205,205,52,0.0010367457,0.003200771,1.735376e-05,0.20372306,0
52,0.8666667,1.4073512e-06,33.187923,33.187927,-0.00017443203,33.187927,0.00010009219,205,205,52,0.0010280012,0.0032208608,1.724962e-05,0.20371932,0
53,0.8833333,1.3878001e-06,33.18775,33.18775,-0.00017325734,33.18775,0.00010004123,205,205,52,0.001017874,0.0031502692,1.705541e-05,0.20371574,0
54,0.9,1.3615136e-06,33.187576,33.18758,-0.00017359659,33.18758,0.00010007855,206,206,52,0.001007738,0.0031182456,1.6892633e-05,0.20371217,0
55,0.9166667,1.334616e-06,33.1874,33.1874,-0.00017675605,33.1874,0.00010005905,206,206,52,0.0009975695,0.0030940352,1.6750011e-05,0.20370843,0
56,0.93333334,1.3081741e-06,33.187225,33.18723,-0.00017459427,33.18723,9.998059e-05,206,206,52,0.0009869871,0.0030579423,1.6548167e-05,0.20370485,0
57,0.95,1.2822056e-06,33.18705,33.18705,-0.00017658886,33.18705,0.00010011935,206,206,52,0.00097538996,0.0030055656,1.6413658e-05,0.2037011,0
58,0.96666664,1.2562451e-06,33.186874,33.18688,-0.00017426128,33.18688,0.000100061305,206,206,52,0.0009662583,0.0029969274,1.6200967e-05,0.20369752,0
59,0.98333335,1.2310513e-06,33.186703,33.186703,-0.00017326299,33.186703,9.998345e-05,206,206,52,0.0009561618,0.0029673763,1.6033066e-05,0.20369394,0
60,1,1.2359277e-06,33.186523,33.186523,-0.00017955061,33.186523,0.00010005432,206,206,52,0.0009562258,0.0029448909,1.5906784e-05,0.20369016,0
61,1.0166667,7.665854e-07,33.186344,33.186344,-0.00017852853,33.186344,0.0001000012,206,206,52,0.0007385472,0.0022821284,1.37747875e-05,0.2036866,0
62,1.0333333,0.009668766,33.186256,33.195927,0.009579884,33.195927,0.000100090605,206,206,52,0.09029021,2.0355258,0.00093150244,0.20369938,0
63,1.05,0.04685808,33.18687,33.233727,0.037802793,33.233727,0.000100057056,204,204,51,0.20155397,4.1989565,0.0026822374,0.20376909,0
64,1.0666667,0.10679307,33.189705,33.296497,0.06276864,33.296497,0.00010007478,204,204,50,0.3152918,5.2273035,0.004557406,0.20397508,0
65,1.0833334,0.19193795,33.197395,33.38933,0.09283651,33.38933,0.00010005512,206,206,45,0.42405403,6.1732416,0.006436115,0.20444185,0
66,1.1,0.28651783,33.21323,33.49975,0.11041335,33.49975,0.00010006434,211,211,45,0.5219748,6.0045276,0.008131704,0.20530847,0
67,1.1166667,0.3912604,33.240517,33.63178,0.132031,33.63178,0.00010022135,211,210,46,0.6110178,5.4293337,0.009694432,0.20671484,0
68,1.1333333,0.49533442,33.282368,33.777702,0.14592427,33.777702,0.000100334546,210,210,45,0.6826464,4.794778,0.011048529,0.20879145,0
69,1.15,0.5820553,33.34129,33.923347,0.14564382,33.923347,0.00010024551,213,213,43,0.7313113,4.254997,0.012055658,0.21165651,0
70,1.1666666,0.65262175,33.41178,34.064404,0.14105697,34.064404,0.00010038655,214,214,43,0.75999165,4.003148,0.012657961,0.21500331,0
71,1.1833333,0.70418257,33.484924,34.189106,0.12470259,34.189106,0.00010047454,209,209,47,0.7698373,3.1184602,0.013067418,0.21840905,0
72,1.2,0.7550107,33.56479,34.3198,0.13069472,34.3198,0.00010051638,203,203,46,0.7776157,3.0228784,0.013117947,0.22202401,0
73,1.2166667,0.78244734,33.65274,34.43519,0.11538941,34.43519,0.0001004728,200,200,44,0.77811307,3.0412369,0.013182859,0.22591344,0
74,1.2333333,0.7800083,33.747467,34.527473,0.092284955,34.527473,0.00010071742,191,191,35,0.7707247,3.0155704,0.013107619,0.23004384,0
75,1.25,0.7519049,33.842136,34.594044,0.06656738,34.594044,0.00010061914,194,194,36,0.7606436,3.5583844,0.012941316,0.2342141,0
76,1.2666667,0.69404846,33.927513,34.62156,0.027517714,34.62156,0.000101697355,204,204,35,0.72377384,3.728123,0.012589971,0.2382207,0
77,1.2833333,0.6297329,34.030735,34.66047,0.038909927,34.66047,0.0001013471,202,202,35,0.6766112,4.594924,0.011822844,0.24300529,0
78,1.3,0.5660332,34.140182,34.706215,0.04574615,34.706215,0.0001003681,210,210,34,0.63050747,5.2464447,0.011012249,0.24812123,0
79,1.3166667,0.5093286,34.255184,34.764515,0.058298737,34.764515,0.00010063686,215,215,34,0.59650224,6.2152214,0.010322148,0.25353813,0
80,1.3333334,0.46048325,34.37638,34.836864,0.07235026,34.836864,0.00010047838,199,199,26,0.57928634,7.2812066,0.009903009,0.2591259,0
81,1.35,0.4258495,34.494286,34.920135,0.08327133,34.920135,0.000100473844,210,210,41,0.57605344,8.152695,0.009732353,0.26488462,0
82,1.3666667,0.3832721,34.61657,34.999844,0.079705894,34.999844,0.00010049471,213,213,40,0.5330488,8.187229,0.009132665,0.27105027,0
83,1.3833333,0.36563775,34.74229,35.10793,0.1080854,35.10793,0.000100491125,209,209,46,0.5385027,8.2319765,0.009030494,0.2775819,0
84,1.4,0.36094245,34.873787,35.23473,0.1268035,35.23473,0.000100499085,206,206,46,0.5651174,8.114595,0.009305515,0.28476423,0
85,1.4166666,0.36449888,35.01213,35.37663,0.14189795,35.37663,0.0001005176,212,212,44,0.59965944,7.767765,0.009837945,0.29281163,0
86,1.4333333,0.37421462,35.15862,35.532833,0.15620308,35.532833,0.000100485646,207,207,42,0.63430196,7.2352047,0.0104311155,0.30179945,0
87,1.45,0.3883976,35.31244,35.70084,0.16800652,35.70084,0.00010043502,212,212,41,0.6698994,6.6912255,0.011026045,0.3115901,0
88,1.4666667,0.405983,35.468628,35.87461,0.17377238,35.87461,0.000100369376,222,220,40,0.7045045,6.407524,0.011639171,0.32200652,0
89,1.4833333,0.42670682,35.62258,36.04929,0.17467801,36.04929,0.00010042355,219,219,36,0.73224527,6.121721,0.012174701,0.33277896,0
90,1.5,0.45298642,35.769638,36.222626,0.17333722,36.222626,0.00010040948,214,214,35,0.7597576,5.7267675,0.012646597,0.34358948,0
91,1.5166667,0.48938745,35.9057,36.39509,0.17246385,36.39509,0.00010048235,214,214,34,0.7776185,6.624558,0.012919392,0.35388556,0
92,1.5333333,0.530836,36.024197,36.555035,0.15994349,36.555035,0.00010019484,226,226,34,0.7726105,7.5281806,0.013075045,0.3630211,0
93,1.55,0.56344235,36.12371,36.687153,0.13212039,36.687153,0.00010012898,217,217,32,0.7416252,5.960284,0.013138593,0.37097785,0
94,1.5666667,0.67015296,36.20946,36.879612,0.19245897,36.879612,0.00010077197,219,219,30,0.7925268,5.959523,0.012962971,0.37775874,0
95,1.5833334,0.79383487,36.28808,37.081913,0.20229895,37.081913,0.00010018092,226,226,30,0.85934144,6.335541,0.013972407,0.3840702,0
96,1.6,0.91819334,36.34878,37.266975,0.18506448,37.266975,0.000100144265,226,226,30,0.9184,7.058923,0.015179344,0.38985115,0
97,1.6166667,1.0287368,36.38766,37.416397,0.14942229,37.416397,0.00010013408,236,236,29,0.93383,6.50567,0.015620981,0.3945077,0
98,1.6333333,1.1434155,36.403286,37.5467,0.1303013,37.5467,0.000100300145,236,236,29,0.9831061,6.9651546,0.016327849,0.3979892,0
99,1.65,1.2199563,36.393135,37.61309,0.06639087,37.61309,0.000100682024,237,237,28,1.0149854,6.8226256,0.017042791,0.40003884,0
100,1.6666666,1.2817665,36.364223,37.64599,0.03289758,37.64599,0.00010074025,249,249,29,1.015539,6.781613,0.01717781,0.40055245,0
101,1.6833333,1.3733363,36.305515,37.678852,0.032863047,37.678852,0.00010093765,257,257,28,1.0178903,7.490106,0.017263804,0.39932826,0
102,1.7,1.4867517,36.21886,37.705612,0.026761603,37.705612,0.00010048907,245,245,30,1.0607492,8.013646,0.01763633,0.39595518,0
103,1.7166667,1.6103145,36.1048,37.715115,0.009501761,37.715115,0.000100325415,251,251,30,1.0678004,8.754832,0.018200777,0.3907482,0
104,1.7333333,1.7519916,35.97106,37.723053,0.0079399375,37.723053,0.00010030654,230,230,23,1.0964564,9.158376,0.018340336,0.38408577,0
105,1.75,1.8923897,35.823677,37.71607,-0.0069881403,37.71607,0.000100349134,230,230,23,1.1231939,8.985135,0.018845178,0.37628236,0
106,1.7666667,2.0196898,35.670345,37.690037,-0.026031613,37.690037,0.00010044474,234,234,22,1.148206,8.903687,0.01920411,0.367572,0
107,1.7833333,2.1204584,35.520058,37.640514,-0.049520027,37.640514,0.0001004184,232,232,22,1.1722676,9.476703,0.019632556,0.357895,0
108,1.8,2.1527278,35.385513,37.538242,-0.102272145,37.538242,0.00010048262,225,225,22,1.1849418,9.566943,0.019932033,0.3474012,0
109,1.8166667,2.141782,35.274036,37.41582,-0.12242238,37.41582,0.0001006167,210,210,21,1.1794407,10.545209,0.019963581,0.33669338,0
110,1.8333334,2.082641,35.189816,37.272457,-0.14336437,37.272457,0.00010015975,218,218,20,1.1645952,11.698343,0.01980587,0.32619497,0
111,1.85,1.9657824,35.1386,37.10438,-0.16807395,37.10438,0.00010019327,219,219,27,1.1335062,12.47594,0.019390093,0.3162618,0
112,1.8666667,1.7920198,35.11915,36.911167,-0.1932131,36.911167,0.000100504294,230,230,30,1.091413,12.783791,0.018760623,0.3070773,0
113,1.8833333,1.5693147,35.12362,36.692932,-0.21823491,36.692932,0.000100763835,238,237,30,1.0197915,12.614523,0.017790059,0.29893184,0
114,1.9,1.233905,35.148853,36.38276,-0.31017557,36.38276,9.9187615e-05,228,228,29,0.92975825,8.811648,0.01645554,0.29254922,0
115,1.9166666,0.9486298,35.1843,36.13293,-0.24982888,36.13293,9.986378e-05,228,228,28,0.7756662,8.757109,0.014227028,0.2873768,0
116,1.9333333,0.7095345,35.214024,35.923557,-0.20937051,35.923557,9.7434095e-05,226,226,36,0.6449082,8.055292,0.0118395155,0.28279606,0
117,1.95,0.52616256,35.221573,35.747734,-0.17582366,35.747734,7.343239e-05,216,216,36,0.5400409,7.3522105,0.0099514965,0.2784806,0
118,1.9666667,0.39452726,35.205475,35.600002,-0.14773345,35.600002,6.2713065e-05,208,208,37,0.4402322,6.8021173,0.008234088,0.27429837,0
119,1.9833333,0.33063278,35.165573,35.496204,-0.10379735,35.496204,6.49448e-05,207,207,36,0.38369438,6.5957203,0.006918141,0.27006474,0
120,2,0.31476367,35.101933,35.416695,-0.07950891,35.416695,6.804525e-05,215,215,35,0.37414137,6.6406436,0.006380182,0.265647,0
121,2.0166667,0.33055383,35.025227,35.35578,-0.06091363,35.35578,7.747849e-05,223,223,33,0.40752026,7.395679,0.0065927235,0.26115823,0
122,2.0333333,0.3806632,34.937996,35.318657,-0.037123993,35.318657,8.383693e-05,218,218,26,0.4623781,8.241843,0.007435999,0.25649905,0
123,2.05,0.4464405,34.845646,35.292088,-0.02657008,35.292088,8.995315e-05,221,221,26,0.5323003,9.103231,0.008518805,0.2522022,0
124,2.0666666,0.49880028,34.756344,35.255142,-0.036945134,35.255142,9.537388e-05,227,227,28,0.58411396,8.466062,0.009563631,0.24906269,0
125,2.0833333,0.5736167,34.656494,35.23011,-0.025032056,35.23011,0.00010069709,220,220,41,0.618457,7.6640673,0.010285055,0.24622357,0
126,2.1,0.68769634,34.5312,35.218895,-0.011215339,35.218895,0.00010071696,218,218,42,0.65785366,6.690508,0.010793735,0.24332137,0
127,2.1166666,0.83696437,34.375828,35.21279,-0.006104487,35.21279,0.000100781515,227,227,42,0.7184212,5.3747573,0.011692193,0.23975456,0
128,2.1333334,1.0035561,34.201378,35.204933,-0.007856845,35.204933,0.000100085126,229,229,42,0.7827651,3.6928618,0.012745428,0.2356322,0
129,2.15,1.17536,34.023994,35.199356,-0.0055798506,35.199356,0.0001001005,229,229,41,0.8387105,2.4978583,0.013762627,0.23123944,0
130,2.1666667,1.3438461,33.85259,35.196434,-0.0029192283,35.196434,0.00010018288,220,220,41,0.88355225,2.7527277,0.014607119,0.22680566,0
131,2.1833334,1.5080392,33.69326,35.201298,0.0048635043,35.201298,0.00010112663,218,218,40,0.92471147,3.04214,0.015284859,0.22254306,0
132,2.2,1.6486169,33.555977,35.204594,0.0032957247,35.204594,0.00010103059,221,217,40,0.9617671,3.3796391,0.015960317,0.21865042,0
133,2.2166667,1.7594423,33.44934,35.208782,0.0041881585,35.208782,0.00010116637,218,218,38,0.9910776,3.6825607,0.016518148,0.21545045,0
134,2.2333333,1.8341632,33.375896,35.210056,0.0012757712,35.210056,0.0001011131,225,225,37,1.0159374,3.707333,0.01702516,0.21321991,0
135,2.25,1.8650349,33.336067,35.201103,-0.008954493,35.201103,0.0001012178,228,228,37,1.0273447,3.6871433,0.01732151,0.2119805,0
136,2.2666667,1.8682353,33.32756,35.195797,-0.0053064413,35.195797,0.00010116365,237,237,36,1.0343692,3.379553,0.017471734,0.21165596,0
137,2.2833333,1.8403305,33.347973,35.1883,-0.0074951206,35.1883,0.0001003447,228,228,36,1.0351543,3.2807093,0.017547846,0.2120332,0
138,2.3,1.7839116,33.394978,35.178886,-0.009413981,35.178886,0.00010035782,230,230,43,1.0271437,3.4433062,0.017479837,0.213212,0
139,2.3166666,1.708539,33.466816,35.175354,-0.0035335592,35.175354,0.00010034279,227,227,43,1.0127903,3.4059744,0.017270388,0.21512598,0
140,2.3333333,1.615521,33.559696,35.175217,-0.00013674461,35.175217,0.000100336336,230,230,42,0.9921475,3.154782,0.016961366,0.21751569,0
141,2.35,1.5034845,33.674957,35.17844,0.003223284,35.17844,0.00010040359,232,232,42,0.9654076,3.875432,0.016530527,0.22019494,0
142,2.3666666,1.3812214,33.804783,35.186005,0.007562365,35.186005,0.00010041261,226,226,42,0.93642515,4.6474524,0.016064594,0.22293471,0
143,2.3833334,1.2526996,33.938347,35.191048,0.0050439094,35.191048,0.00010024969,221,221,41,0.9053589,5.605186,0.015550988,0.22547777,0
144,2.4,1.0558985,34.08462,35.14052,-0.050528206,35.14052,0.00010028334,209,209,40,0.8411318,4.5385313,0.014752556,0.22886027,0
145,2.4166667,0.8879457,34.239555,35.127502,-0.013018205,35.127502,0.0001002834,225,225,40,0.7745505,4.7681637,0.013632933,0.23298985,0
146,2.4333334,0.7379942,34.38777,35.125767,-0.0017347948,35.125767,0.00010023955,205,205,38,0.7090256,5.4443436,0.012515513,0.23689505,0
147,2.45,0.5963777,34.53256,35.128937,0.0031702095,35.128937,0.000100595484,212,212,39,0.6442877,5.023446,0.011377884,0.24108271,0
148,2.4666667,0.4837277,34.673153,35.15688,0.027944624,35.15688,0.00010067511,209,209,31,0.5837889,5.4794292,0.010342297,0.2455733,0
149,2.4833333,0.38301095,34.801582,35.184593,0.02771114,35.184593,0.00010111215,210,210,31,0.51909643,6.0520334,0.009272923,0.25009367,0
150,2.5,0.29236615,34.917675,35.21004,0.025450788,35.21004,0.00010109997,215,215,35,0.44987586,6.4156156,0.008171188,0.2547726,0
151,2.5166667,9.093694,35.14749,44.241184,9.031141,44.241184,0.000101101075,213,211,36,3.2202165,50.28267,0.029757699,0.27295196,0
152,2.5333333,14.137369,35.51602,49.653393,5.412207,49.653393,0.00010046331,200,194,34,3.9517252,54.307457,0.056276314,0.30165264,0
153,2.55,15.795409,35.820007,51.615417,1.9620242,51.615417,0.00010018028,231,230,24,4.209093,53.52563,0.06739999,0.31884375,0
154,2.5666666,15.660661,36.038803,51.699463,0.08404859,51.699463,9.918606e-05,262,262,19,3.5306573,35.186913,0.06167936,0.3376135,0
155,2.5833333,13.677519,36.26552,49.94304,-1.7564267,49.94304,5.1764877e-05,254,254,14,2.8606372,24.789803,0.052279193,0.35557708,0
156,2.6,12.272119,36.5313,48.803417,-1.1396208,48.803417,6.573705e-05,254,254,26,2.5686483,20.98777,0.04431346,0.37075707,0
157,2.6166666,11.031351,36.862648,47.894,-0.9094172,47.894,7.228589e-05,280,280,38,2.3025062,19.33777,0.040719487,0.38300517,0
158,2.6333334,10.206232,37.16525,47.371483,-0.5225183,47.371483,7.651338e-05,275,275,34,2.1169116,21.768509,0.036733493,0.3921328,0
159,2.65,7.477194,37.42306,44.900257,-2.471225,44.900257,7.027577e-05,270,260,31,1.6411905,14.032259,0.030297643,0.39957204,0
160,2.6666667,5.818872,37.615658,43.43453,-1.4657269,43.43453,4.6104033e-05,265,264,25,1.453884,9.401272,0.025903372,0.40339836,0
161,2.6833334,4.8051395,37.766273,42.57141,-0.8631176,42.57141,3.659571e-05,286,282,26,1.3039243,14.552386,0.022703687,0.40540066,0
162,2.7,4.288376,37.924862,42.213238,-0.35817423,42.213238,4.6873003e-05,283,283,15,1.2092499,18.458536,0.020940276,0.40614438,0
163,2.7166667,3.852741,38.122677,41.975418,-0.23782077,41.975418,6.119976e-05,272,272,14,1.0789686,20.620832,0.019086983,0.4049523,0
164,2.7333333,3.4616792,38.300568,41.76225,-0.21316952,41.76225,7.2952396e-05,231,230,13,1.0755742,19.193907,0.017870251,0.40059626,0
165,2.75,2.8083553,38.42045,41.228806,-0.53344333,41.228806,8.275233e-05,246,246,15,0.9589734,15.801815,0.01663501,0.3927497,0
166,2.7666667,2.3155773,38.534725,40.850304,-0.37850204,40.850304,9.4357754e-05,247,247,17,0.94069684,16.556328,0.015869891,0.383046,0
167,2.7833333,1.9921801,38.605137,40.597317,-0.25298548,40.597317,0.00010049003,254,254,17,0.850069,17.285175,0.01514104,0.37162107,0
168,2.8,1.4798323,38.627968,40.1078,-0.4895166,40.1078,8.7284454e-05,273,270,19,0.7166628,16.46337,0.013820143,0.3591726,0
169,2.8166666,1.1915113,38.618195,39.809704,-0.29809418,39.809704,7.148124e-05,273,273,18,0.8015265,14.964719,0.012648498,0.34963936,0
170,2.8333333,0.8923236,38.58079,39.473118,-0.33658904,39.473118,5.792581e-05,265,265,17,0.84066844,14.945638,0.0137181,0.34042922,0
171,2.85,0.81698316,38.54019,39.357174,-0.11594226,39.357174,5.9556332e-05,269,269,25,0.85524833,15.143243,0.01413371,0.33283618,0
172,2.8666666,0.84389967,38.43227,39.276173,-0.081003375,39.276173,3.7992686e-05,266,266,37,0.8507684,15.137522,0.014240429,0.32677874,0
173,2.8833334,0.90537304,38.259037,39.16441,-0.111760415,39.16441,2.5283965e-05,262,262,36,0.81778276,14.508249,0.013934084,0.32252777,0
174,2.9,1.0168067,38.041405,39.058212,-0.1061975,39.058212,2.7666072e-05,241,241,37,0.74666196,13.598153,0.013060118,0.32070687,0
175,2.9166667,1.1844037,37.777184,38.961586,-0.09662693,38.961586,3.1498585e-05,235,235,36,0.6532053,12.519506,0.011606898,0.32103786,0
176,2.9333334,1.4159963,37.470184,38.88618,-0.075403765,38.88618,3.5782272e-05,232,232,28,0.75640595,11.346951,0.011804032,0.32309,0
177,2.95,1.5992599,37.162365,38.761623,-0.12455939,38.761623,4.5787903e-05,244,244,27,0.84080744,9.885469,0.012869928,0.32603705,0
178,2.9666667,1.8261198,36.853134,38.679256,-0.08236716,38.679256,5.9280777e-05,246,246,27,0.9439564,8.559645,0.014972494,0.32943544,0
179,2.9833333,1.8709203,36.579624,38.450546,-0.22870973,38.450546,6.356496e-05,255,255,27,0.9964965,7.8810406,0.016335437,0.33115312,0
180,3,1.8391944,36.374115,38.21331,-0.23723608,38.21331,8.335226e-05,255,254,29,0.95643866,7.334204,0.016403982,0.33238682,0
181,3.0166667,2.1320693,36.20213,38.3342,0.120890245,38.3342,9.517587e-05,253,253,22,0.9894902,9.002867,0.015785666,0.33220944,0
182,3.0333333,2.127169,36.020226,38.147396,-0.1868044,38.147396,9.961986e-05,251,251,30,0.99046355,8.59955,0.016585512,0.32925537,0
183,3.05,2.0362415,35.827507,37.86375,-0.28364646,37.86375,0.00010096015,254,254,30,0.99374664,8.569852,0.016519697,0.3246077,0
184,3.0666666,1.9325806,35.624046,37.556625,-0.30712396,37.556625,0.00010095052,245,245,30,0.99223477,9.169067,0.016694283,0.31898957,0
185,3.0833333,1.8955464,35.415928,37.311474,-0.24515098,37.311474,0.00010072617,248,248,30,0.95343566,11.256494,0.016147394,0.3153361,0
186,3.1,1.9486291,35.155212,37.10384,-0.20763314,37.10384,9.879941e-05,260,260,30,0.9125784,14.053512,0.015484042,0.31214395,0
187,3.1166666,1.8774084,34.825596,36.703007,-0.4008362,36.703007,6.672062e-05,264,264,37,0.83242863,15.228921,0.01482623,0.30819473,0
188,3.1333334,1.4461693,34.674942,36.12111,-0.58189476,36.12111,6.656635e-05,277,277,37,0.8176151,15.968904,0.01317194,0.30269593,0
189,3.15,1.2689165,34.570168,35.839085,-0.28202736,35.839085,5.337867e-05,265,265,41,0.84627974,15.549566,0.013912599,0.29732984,0
190,3.1666667,1.2391791,34.474243,35.71342,-0.12566231,35.71342,3.7398582e-05,250,250,40,0.84746283,16.924318,0.014014553,0.2917873,0
191,3.1833334,1.1246277,34.362083,35.48671,-0.22671133,35.48671,4.6336285e-05,260,260,39,0.7327388,16.49762,0.013062822,0.28545907,0
192,3.2,0.66208524,34.30128,34.963367,-0.523342,34.963367,5.8582544e-05,240,240,36,0.4555653,16.482595,0.009158541,0.27902615,0
193,3.2166667,0.5088291,34.261223,34.770054,-0.19331424,34.770054,6.458639e-05,239,239,36,0.49886218,14.649039,0.008079311,0.27273908,0
194,3.2333333,0.4503673,34.212894,34.66326,-0.10679218,34.66326,6.884819e-05,234,234,31,0.5992613,13.115665,0.009336442,0.26605844,0
195,3.25,0.45339566,34.13288,34.586277,-0.07698289,34.586277,7.2444105e-05,242,242,34,0.6885368,12.088487,0.011125449,0.25806776,0
196,3.2666667,0.4808472,34.027996,34.508846,-0.07743314,34.508846,7.562884e-05,241,241,38,0.73789835,11.394047,0.012162832,0.25022188,0
197,3.2833333,0.53039867,33.90718,34.437576,-0.07126731,34.437576,7.911072e-05,235,235,39,0.78336453,10.24464,0.012955556,0.24260364,0
198,3.3,0.60702235,33.772266,34.379288,-0.058287986,34.379288,8.3712606e-05,223,223,39,0.8343538,9.077231,0.013792345,0.23500012,0
199,3.3166666,0.68370384,33.631752,34.315456,-0.06383365,34.315456,7.398069e-05,226,226,38,0.8806997,7.7423697,0.014608104,0.22739811,0
200,3.3333333,0.7490616,33.49362,34.242683,-0.07277246,34.242683,6.6346656e-05,232,232,32,0.92027885,6.881918,0.015340024,0.21985477,0
201,3.35,0.70487005,33.39933,34.104202,-0.13848174,34.104202,6.128465e-05,240,240,31,0.8434248,6.1646695,0.014637591,0.21497297,0
202,3.3666666,0.68111956,33.347057,34.028175,-0.076024614,34.028175,6.790534e-05,243,242,29,0.832561,5.648255,0.014266442,0.21163751,0
203,3.3833334,0.6325467,33.331696,33.964245,-0.063933626,33.964245,7.486067e-05,235,235,26,0.83278763,4.555127,0.014193993,0.20920637,0
204,3.4,0.53487957,33.356834,33.891716,-0.07252907,33.891716,8.152408e-05,224,224,29,0.72769475,4.669262,0.013140069,0.20902544,0
205,3.4166667,0.5056672,33.408283,33.913948,0.022234108,33.913948,8.714014e-05,231,231,29,0.71156424,4.285457,0.012264672,0.2106478,0
206,3.4333334,0.478625,33.47027,33.948895,0.03494569,33.948895,9.121972e-05,233,233,29,0.7086834,4.538714,0.0121791465,0.21304472,0
207,3.45,0.44744083,33.534504,33.981945,0.03305081,33.981945,9.396948e-05,237,237,30,0.69786197,4.860366,0.012066065,0.21594806,0
208,3.4666667,0.42185542,33.59606,34.017918,0.03597134,34.017918,9.664375e-05,237,237,35,0.60846263,5.795678,0.011395759,0.21922186,0
209,3.4833333,0.44185334,33.66134,34.10319,0.08527417,34.10319,0.00010012091,240,240,35,0.60351735,6.6920834,0.010329017,0.22294857,0
210,3.5,0.44859987,33.721394,34.169994,0.066803195,34.169994,0.0001004428,237,237,41,0.5715971,7.2111297,0.01000397,0.22662802,0
211,3.5166667,0.45272794,33.774384,34.22711,0.05711705,34.22711,0.000100461664,228,228,49,0.53319585,7.6002774,0.009356795,0.22998944,0
212,3.5333333,0.45318285,33.820435,34.27362,0.04650824,34.27362,0.00010052984,231,231,49,0.47741413,7.643269,0.008585445,0.23291117,0
213,3.55,0.45677552,33.86135,34.318127,0.044507697,34.318127,0.00010077922,253,253,48,0.44049773,7.9216404,0.007796216,0.23522353,0
214,3.5666666,0.43657506,33.896515,34.33309,0.014964654,34.33309,0.00010118945,257,257,49,0.41035083,5.7302675,0.0072416333,0.23689179,0
215,3.5833333,0.47882715,33.94573,34.424553,0.09146311,34.424553,0.00010122105,253,253,49,0.4451231,3.506617,0.0071646753,0.23897731,0
216,3.6,0.53323954,34.009422,34.54266,0.11810621,34.54266,0.00010140357,263,262,49,0.5162493,3.9654412,0.008285866,0.24083124,0
217,3.6166666,0.5783378,34.088158,34.666496,0.12383448,34.666496,9.591874e-05,263,263,48,0.55969936,4.0776525,0.009135291,0.24276942,0
218,3.6333334,0.600917,34.181572,34.78249,0.11599542,34.78249,7.738659e-05,258,258,47,0.5843449,5.586614,0.009735171,0.24485399,0
219,3.65,0.5792432,34.283726,34.862972,0.08048015,34.862972,8.293055e-05,258,258,46,0.57570875,6.725393,0.009830757,0.24725682,0
220,3.6666667,0.5399601,34.390778,34.930737,0.067766055,34.930737,8.807355e-05,262,262,45,0.5544894,6.929897,0.009571949,0.24989076,0
221,3.6833334,0.5135841,34.500923,35.014507,0.08377178,35.014507,9.290544e-05,254,254,37,0.5478157,7.3967614,0.009332209,0.25263387,0
222,3.7,0.47546098,34.618374,35.093834,0.07932449,35.093834,9.766953e-05,266,266,32,0.5363173,7.9440393,0.009171612,0.2560108,0
223,3.7166667,0.4320963,34.74161,35.17371,0.079874896,35.17371,0.000100555175,256,256,32,0.5241927,8.119532,0.0089613255,0.26015872,0
224,3.7333333,0.390059,34.869617,35.259678,0.085968144,35.259678,0.000100589554,258,258,40,0.5203534,7.8505874,0.008826233,0.26505023,0
225,3.75,0.35430923,35.000122,35.35443,0.09475447,35.35443,0.00010035073,256,256,40,0.5217022,7.479886,0.008818358,0.27066737,0
226,3.7666667,0.32435977,35.130276,35.454636,0.100204,35.454636,0.00010046921,246,246,38,0.52660185,7.0265174,0.008870338,0.276788,0
227,3.7833333,0.30456564,35.256187,35.560753,0.106118836,35.560753,0.00010048202,257,257,39,0.5355883,6.6855793,0.008986222,0.2832559,0
228,3.8,0.29917705,35.376556,35.675735,0.11498175,35.675735,0.000100429395,261,260,39,0.5498199,6.4744854,0.009180506,0.28999317,0
229,3.8166666,0.30741328,35.49206,35.799477,0.12374028,35.799477,0.00010032214,268,268,38,0.5696606,6.482325,0.009513548,0.29703715,0
230,3.8333333,0.32905087,35.601402,35.930454,0.13097958,35.930454,0.000100271514,273,273,41,0.599728,6.430133,0.009996473,0.3044372,0
231,3.85,0.36181435,35.70525,36.067066,0.13661039,36.067066,0.00010026729,274,274,40,0.63627714,6.238208,0.010581666,0.31225413,0
232,3.8666666,0.40107554,35.807987,36.20906,0.14199553,36.20906,0.00010025083,259,259,40,0.6750497,6.1046643,0.011202224,0.32055613,0
233,3.8833334,0.45026436,35.905346,36.35561,0.14654846,36.35561,0.0001005367,261,260,41,0.7148486,5.81318,0.01190335,0.3293318,0
234,3.9,0.5054884,35.993217,36.498707,0.14309683,36.498707,0.00010054195,260,260,40,0.7561914,5.220174,0.0125841005,0.33839205,0
235,3.9166667,0.56895,36.066513,36.635464,0.13675782,36.635464,0.00010046302,253,253,36,0.7899789,4.5809307,0.01321848,0.3475557,0
236,3.9333334,0.6146999,36.11824,36.73294,0.09747614,36.73294,0.000100520934,258,258,35,0.7639979,4.8776693,0.0134609975,0.35617745,0
237,3.95,0.701623,36.153072,36.854694,0.12175526,36.854694,0.00010050238,256,256,35,0.7802381,5.3947215,0.013147934,0.36312717,0
238,3.9666667,0.8109704,36.170326,36.981297,0.12660165,36.981297,0.0001005317,251,251,35,0.8158606,5.4437137,0.013615616,0.36915684,0
239,3.9833333,0.9277062,36.169895,37.097603,0.11630383,37.097603,0.00010051385,253,253,39,0.85361844,5.537997,0.014237524,0.37426966,0
240,4,1.041373,36.154182,37.195557,0.09795569,37.195557,0.00010037826,250,250,39,0.88641465,5.4874425,0.014856336,0.3783511,0
241,4.016667,1.0634352,36.10607,37.169506,-0.02604938,37.169506,9.809368e-05,244,244,37,0.8428206,4.6171217,0.014308004,0.38011935,0
242,4.0333333,1.1323416,36.012634,37.144978,-0.02452989,37.144978,9.1797396e-05,246,246,36,0.8542939,3.4154358,0.01407765,0.37878406,0
243,4.05,1.2559869,35.869644,37.12563,-0.019347344,37.12563,9.140282e-05,244,244,36,0.89690655,3.6687338,0.0145381745,0.374628,0
244,4.0666666,1.4322444,35.67502,37.10726,-0.018366754,37.10726,9.360248e-05,245,245,36,0.9777427,3.8032298,0.015606884,0.36771622,0
245,4.0833335,1.530922,35.440002,36.970924,-0.13633882,36.970924,9.561993e-05,268,268,36,1.0430139,5.2721314,0.01678338,0.3581012,0
246,4.1,1.6978438,35.219746,36.91759,-0.05333371,36.91759,9.776884e-05,269,269,30,1.1369274,6.5299797,0.0181613,0.34585574,0
247,4.116667,1.85606,34.99972,36.85578,-0.06180973,36.85578,9.986986e-05,255,255,34,1.179887,7.320097,0.0191947,0.3315882,0
248,4.133333,2.0275002,34.785404,36.812904,-0.04287699,36.812904,0.000100228724,227,224,31,1.2585458,8.736752,0.020293891,0.31557953,0
249,4.15,2.1680946,34.586716,36.75481,-0.058094822,36.75481,0.00010019183,224,224,32,1.3417468,9.912105,0.021672731,0.29777855,0
250,4.1666665,2.2375376,34.389427,36.62697,-0.12784266,36.62697,0.000100287565,242,242,28,1.3123108,15.977772,0.02301193,0.2783471,0
251,4.1833334,2.1144035,34.239162,36.353565,-0.27339977,36.353565,9.919043e-05,252,252,30,1.3665004,18.346092,0.0219013,0.26151294,0
252,4.2,2.0799673,34.1432,36.223167,-0.13039793,36.223167,9.619943e-05,242,242,30,1.4143375,20.061361,0.023470404,0.247175,0
253,4.2166667,2.0134795,34.080063,36.093544,-0.12962638,36.093544,9.623852e-05,228,228,22,1.4269928,21.72164,0.023683755,0.23561665,0
254,4.233333,1.8127702,34.052452,35.865223,-0.2283202,35.865223,9.930132e-05,236,236,24,1.3769814,21.994469,0.02332756,0.22814114,0
255,4.25,1.6069268,34.090496,35.697422,-0.1678003,35.697422,0.00010046327,243,243,27,1.3503475,19.210306,0.022639,0.22746088,0
256,4.266667,1.446717,34.15415,35.600864,-0.09655711,35.600864,0.000100606136,244,244,27,1.2788341,16.555729,0.02195311,0.2307762,0
257,4.2833333,1.3426526,34.22924,35.57189,-0.028971605,35.57189,0.000100911544,239,239,28,1.2093469,14.339864,0.020723322,0.23646446,0
258,4.3,1.2527113,34.288933,35.541645,-0.030249149,35.541645,0.00010042081,240,240,37,1.1366063,11.650182,0.019523464,0.24235629,0
259,4.3166666,1.178599,34.33242,35.51102,-0.030623605,35.51102,0.00010073434,241,241,36,1.0679106,8.924714,0.018355912,0.24767543,0
260,4.3333335,1.1196532,34.359737,35.47939,-0.031630855,35.47939,0.00010054918,246,242,36,1.0040805,6.2200117,0.017235955,0.25198364,0
261,4.35,1.0781472,34.372055,35.450203,-0.029188491,35.450203,0.00010120537,248,248,42,0.9522278,4.318787,0.01626993,0.25483358,0
262,4.366667,0.9890997,34.39072,35.37982,-0.07038109,35.37982,0.00010106809,237,237,37,0.8171684,2.9739475,0.014789653,0.25683573,0
263,4.383333,0.9412743,34.41092,35.352192,-0.027627734,35.352192,0.0001002947,227,227,38,0.6858242,2.9725373,0.011870537,0.2582179,0
264,4.4,0.929415,34.409473,35.33889,-0.0133040305,35.33889,0.0001005063,215,215,37,0.6953072,3.40013,0.01149292,0.2581605,0
265,4.4166665,0.92626935,34.397964,35.324234,-0.014655504,35.324234,0.000100255835,219,219,36,0.70320463,4.704344,0.011663539,0.25697726,0
266,4.4333334,0.9239652,34.385475,35.30944,-0.01479322,35.30944,0.00010011374,216,216,29,0.69504946,6.492751,0.011656813,0.25493377,0
267,4.45,0.9225879,34.37192,35.29451,-0.014929788,35.29451,9.82857e-05,225,225,28,0.6846038,7.8599343,0.011499499,0.25224817,0
268,4.4666667,0.9225946,34.35937,35.281963,-0.012544706,35.281963,9.172353e-05,229,229,27,0.67100745,8.784452,0.0112991985,0.24905004,0
269,4.483333,0.91789216,34.349815,35.267708,-0.014256457,35.267708,9.695307e-05,213,213,22,0.6520544,9.086483,0.011029602,0.24566661,0
270,4.5,0.8960655,34.354027,35.25009,-0.017616913,35.25009,0.00010177901,214,214,22,0.6248735,8.763638,0.010628808,0.2425955,0
271,4.516667,0.8551578,34.37214,35.2273,-0.022793232,35.2273,0.00010147138,220,220,22,0.62047094,7.0078406,0.010053959,0.24027258,0
272,4.5333333,0.8147612,34.395363,35.210125,-0.017172541,35.210125,0.00010127272,219,219,22,0.67997164,5.451169,0.010865491,0.23827107,0
273,4.55,0.77732104,34.41717,35.194492,-0.015632162,35.194492,0.00010119824,231,231,23,0.72966003,4.857365,0.011774522,0.23638593,0
274,4.5666666,0.7477652,34.434307,35.18207,-0.012423281,35.18207,0.00010075324,229,229,23,0.76738757,4.441827,0.012500011,0.23467822,0
275,4.5833335,0.7332002,34.438015,35.171215,-0.010856025,35.171215,0.00010091466,226,226,30,0.79949343,3.9130096,0.013052386,0.23284811,0
276,4.6,0.7381715,34.418827,35.157,-0.014214508,35.157,0.00010061821,222,222,39,0.83314914,4.2287145,0.01362653,0.23022306,0
277,4.616667,0.7488852,34.39069,35.139572,-0.017425934,35.139572,0.000101025704,223,223,39,0.81111467,5.124174,0.013552697,0.22824413,0
278,4.633333,0.78288126,34.347927,35.13081,-0.008765951,35.13081,0.000100994985,229,229,39,0.81573373,5.630289,0.013566498,0.22648941,0
279,4.65,0.83279735,34.288986,35.12178,-0.009025996,35.12178,0.00010073811,231,231,38,0.8115347,6.114737,0.0135796005,0.22488175,0
280,4.6666665,0.89331883,34.219448,35.112766,-0.009016837,35.112766,0.000100531855,232,232,38,0.7985228,6.442577,0.01341897,0.22372752,0
281,4.6833334,0.9612317,34.142483,35.103714,-0.009050586,35.103714,0.00010041651,228,228,39,0.7801679,6.5402465,0.013157521,0.22296861,0
282,4.7,1.0308343,34.062893,35.093727,-0.009986999,35.093727,0.00010042707,228,228,41,0.75792885,6.425909,0.012814877,0.22264433,0
283,4.7166667,1.0857346,33.990044,35.075775,-0.017951295,35.075775,0.00010041819,222,222,40,0.726631,5.1613827,0.012378778,0.22293745,0
284,4.733333,1.1287479,33.92954,35.058285,-0.017490648,35.058285,0.00010070612,222,222,32,0.7098789,3.7074573,0.011885092,0.22336817,0
285,4.75,1.1576371,33.861366,35.019,-0.03928369,35.019,0.00010111931,225,225,40,0.69533366,3.3184037,0.011742885,0.22404382,0
286,4.766667,1.1742041,33.817455,34.99166,-0.027342677,34.99166,0.00010112503,225,225,38,0.6983665,2.8980975,0.01154047,0.22507274,0
287,4.7833333,1.1748557,33.78973,34.964584,-0.02707372,34.964584,0.00010094976,223,223,38,0.70095265,2.6964097,0.011668966,0.2262125,0
288,4.8,1.1623758,33.775154,34.93753,-0.027053824,34.93753,0.00010133203,225,225,48,0.69853324,2.3926175,0.01166379,0.22718847,0
289,4.8166666,1.1358492,33.780834,34.916683,-0.02084839,34.916683,0.00010084786,227,227,47,0.6987736,2.2588227,0.011634717,0.22798744,0
290,4.8333335,1.0975367,33.800697,34.898235,-0.018448977,34.898235,0.000100707526,219,219,45,0.71571183,2.0554936,0.011715102,0.22853184,0
291,4.85,1.0560244,33.827667,34.883694,-0.014542244,34.883694,0.00010051532,220,220,45,0.74686295,1.8647861,0.012180074,0.22871579,0
292,4.866667,1.0223389,33.8552,34.87754,-0.0061529963,34.87754,0.00010050522,220,220,48,0.78220415,1.894748,0.012744608,0.22847588,0
293,4.883333,0.9904539,33.88099,34.871445,-0.0060960334,34.871445,0.000100508165,215,215,44,0.81786937,2.4454858,0.013336435,0.22783157,0
294,4.9,0.9608873,33.90439,34.865276,-0.0061661974,34.865276,0.00010048306,217,217,41,0.8536887,3.0152776,0.0139360605,0.22687426,0
295,4.9166665,0.93307626,33.925983,34.859062,-0.00621615,34.859062,0.00010014626,209,209,40,0.8858282,3.4441872,0.014511509,0.22575483,0
296,4.9333334,0.9069587,33.94603,34.85299,-0.0060733524,34.85299,0.0001002901,213,213,40,0.9118438,4.190471,0.014990529,0.22465913,0
297,4.95,0.8814751,33.965168,34.84664,-0.0063454933,34.84664,0.00010028112,213,213,40,0.9315593,4.8904285,0.0153730195,0.22375569,0
298,4.9666667,0.8545445,33.985153,34.8397,-0.006942864,34.8397,0.000100335645,220,220,40,0.9419564,5.4647026,0.015629988,0.22325401,0
299,4.983333,0.825291,34.007305,34.832596,-0.0071022524,34.832596,0.00010032534,219,215,45,0.9414564,5.711255,0.015701765,0.2233575,0
300,5,0.790767,34.0332,34.823967,-0.008630883,34.823967,0.00010020055,222,222,44,0.9297057,5.891727,0.015599489,0.22411276,0
301,5.016667,0.75424,34.05976,34.814003,-0.009964478,34.814003,0.00010045243,229,229,48,0.9058787,5.986177,0.015297942,0.2254522,0
302,5.0333333,0.7160894,34.088226,34.804317,-0.009685641,34.804317,0.00010054611,221,221,38,0.8731936,5.895699,0.014830537,0.2273993,0
303,5.05,0.674428,34.118046,34.792473,-0.011842271,34.792473,9.725457e-05,220,220,37,0.8319413,5.7067738,0.014205822,0.22984697,0
304,5.0666666,0.6318782,34.14915,34.781033,-0.011442647,34.781033,9.936472e-05,222,222,37,0.77953786,5.489681,0.013422637,0.23267925,0
305,5.0833335,0.5964709,34.17591,34.77238,-0.008650901,34.77238,0.00010030311,228,228,36,0.7238046,5.166359,0.012514093,0.2355319,0
306,5.1,0.5702124,34.195004,34.765213,-0.007165876,34.765213,0.00010026272,228,228,39,0.66833043,4.711628,0.01157872,0.23813541,0
307,5.116667,0.5536346,34.20443,34.758064,-0.0071511916,34.758064,0.0001008991,224,224,39,0.61823404,4.000174,0.0106913205,0.24029286,0
308,5.133333,0.54811627,34.205067,34.75318,-0.0048805256,34.75318,0.00010041354,220,220,48,0.580873,3.1273978,0.009948463,0.2418292,0
309,5.15,0.54830885,34.198933,34.747242,-0.0059409174,34.747242,0.000100292615,214,214,48,0.560474,1.7670645,0.0094677815,0.24259685,0
310,5.1666665,0.5589735,34.184425,34.7434,-0.0038417722,34.7434,0.000100688376,213,213,47,0.55812377,1.3905042,0.009284492,0.24241371,0
311,5.1833334,0.57974523,34.15943,34.739178,-0.004223541,34.739178,0.00010076058,216,216,48,0.57220495,1.4407778,0.009387157,0.2412585,0
312,5.2,0.6081829,34.125977,34.73416,-0.005015345,34.73416,0.000100740275,218,218,46,0.5988907,2.522532,0.009744078,0.23924847,0
313,5.2166667,0.6416035,34.08701,34.72861,-0.005549762,34.72861,9.876277e-05,218,218,42,0.6361517,3.3362682,0.010278195,0.23664987,0
314,5.233333,0.67776084,34.04403,34.72179,-0.0068200873,34.72179,9.623043e-05,227,227,41,0.6816859,4.128191,0.010972213,0.2335961,0
315,5.25,0.71199137,34.002575,34.71457,-0.0072232056,34.71457,9.949575e-05,231,231,42,0.73525256,4.869323,0.011816462,0.23045556,0
316,5.266667,0.7450091,33.960743,34.705753,-0.008814505,34.705753,0.00010034377,231,231,43,0.7854636,5.380794,0.012686543,0.22734538,0
317,5.2833333,0.77650994,33.92027,34.696777,-0.008975184,34.696777,0.00010021094,226,226,42,0.8294062,5.732952,0.013473236,0.224454,0
318,5.3,0.8051364,33.883663,34.688797,-0.00798039,34.688797,9.5465e-05,227,227,36,0.86075073,5.855537,0.0141136,0.22198582,0
319,5.3166666,0.83017576,33.851738,34.68191,-0.0068857707,34.68191,9.593281e-05,230,230,36,0.8834411,5.7633677,0.01454011,0.22001581,0
320,5.3333335,0.8496048,33.825214,34.67482,-0.007092329,34.67482,9.61398e-05,221,221,36,0.8970033,5.2097626,0.01485142,0.21866749,0
321,5.35,0.86575025,33.801785,34.667534,-0.0072866753,34.667534,9.786428e-05,221,221,35,0.90004873,4.3430524,0.014988964,0.21776581,0
322,5.366667,0.8788534,33.779114,34.657967,-0.009564577,34.657967,0.00010065412,217,217,34,0.8944206,3.9017622,0.014976478,0.21719702,0
323,5.383333,0.88898724,33.758953,34.64794,-0.010028049,34.64794,0.00010068117,214,214,41,0.87699914,3.6179237,0.0147656305,0.21693024,0
324,5.4,0.8954307,33.74236,34.637787,-0.01015198,34.637787,0.00010079974,215,215,40,0.85755736,3.3219981,0.0144530265,0.21690978,0
325,5.4166665,0.89862126,33.72862,34.62724,-0.010548116,34.62724,0.00010129974,221,221,40,0.83379054,3.1895332,0.014095428,0.21711649,0
326,5.4333334,0.89646477,33.72006,34.616524,-0.010716966,34.616524,0.00010148015,222,222,41,0.8036076,3.2161713,0.013631338,0.21762724,0
327,5.45,0.8914654,33.715763,34.60723,-0.0092930095,34.60723,0.0001015313,226,226,42,0.7719714,3.2157502,0.013121056,0.21831046,0
328,5.4666667,0.88260007,33.715782,34.598385,-0.008846424,34.598385,0.000101658276,221,221,43,0.74128133,3.0313668,0.012598756,0.21913837,0
329,5.483333,0.86938477,33.7215,34.590885,-0.0074984482,34.590885,0.00010094207,222,222,42,0.7130206,2.68841,0.012104542,0.22009312,0
330,5.5,0.85161,33.733208,34.584816,-0.006069083,34.584816,0.00010083833,224,224,43,0.6873622,2.2798903,0.011656013,0.2210799,0
331,5.516667,0.82896197,33.749153,34.578114,-0.0067015197,34.578114,0.00010172596,226,226,42,0.66388756,1.8295767,0.011245573,0.22200863,0
332,5.5333333,0.8016794,33.76902,34.570698,-0.0074164225,34.570698,0.00010152823,225,225,42,0.64313245,1.701845,0.010874975,0.22284974,0
333,5.55,0.7706287,33.793808,34.564438,-0.006262217,34.564438,0.000100994155,221,221,41,0.62615675,1.6707981,0.0105609,0.22361305,0
334,5.5666666,0.7366211,33.821796,34.55842,-0.0060174167,34.55842,0.00010101143,228,228,48,0.61371005,1.6358745,0.010316254,0.22426327,0
335,5.5833335,0.7006416,33.851475,34.552116,-0.006302128,34.552116,0.00010176121,232,232,50,0.6062166,1.5848701,0.010150862,0.22478318,0
336,5.6,0.6634355,33.88219,34.545628,-0.006488448,34.545628,0.00010182676,231,231,50,0.6027962,1.5235089,0.010060557,0.22518629,0
337,5.616667,0.6257413,33.91417,34.539913,-0.005716019,34.539913,0.000101031284,233,233,51,0.6028623,1.4300618,0.010037304,0.22550908,0
338,5.633333,0.58471996,33.94911,34.53383,-0.006085024,34.53383,0.00010174618,235,235,51,0.6050364,1.7875994,0.0100599155,0.22579347,0
339,5.65,0.54865974,33.979046,34.527706,-0.006119999,34.527706,0.00010182293,236,236,52,0.60763747,2.150923,0.010101081,0.22597535,0
340,5.6666665,0.51842946,34.00331,34.52174,-0.005965683,34.52174,0.000101192105,233,233,51,0.6047309,2.5763588,0.010089176,0.22608618,0
341,5.6833334,0.49502367,34.021465,34.51649,-0.005251247,34.51649,0.00010098034,233,233,51,0.60564804,2.9248853,0.010081111,0.22613129,0
342,5.7,0.47662237,34.03473,34.511353,-0.0051391395,34.511353,0.00010094616,232,232,52,0.60756254,3.228154,0.0101048285,0.22613147,0
343,5.7166667,0.46470958,34.0412,34.505905,-0.005444473,34.505905,0.000100984355,225,225,52,0.60961217,3.4300313,0.010140868,0.226102,0
344,5.733333,0.4592041,34.04129,34.500492,-0.005413521,34.500492,0.00010099479,223,223,51,0.61114126,3.5084112,0.010169107,0.22608803,0
345,5.75,0.46030098,34.034668,34.494972,-0.0055225748,34.494972,0.00010102485,222,222,43,0.6125674,3.5236185,0.010193704,0.22605392,0
346,5.766667,0.4677003,34.021553,34.489254,-0.0057160542,34.489254,0.0001010135,228,228,43,0.6142205,3.4661627,0.01021824,0.22599952,0
347,5.7833333,0.4809834,34.002445,34.48343,-0.0058239214,34.48343,0.00010092482,225,225,43,0.6163058,3.3370042,0.010249874,0.22592284,0
348,5.8,0.49950045,33.978275,34.477776,-0.0056559243,34.477776,0.00010077212,224,224,42,0.6189911,3.1410055,0.010289262,0.22582367,0
349,5.8166666,0.5222916,33.950226,34.472515,-0.0052577564,34.472515,0.000100460624,222,222,42,0.62289363,2.8840888,0.010342611,0.22569996,0
350,5.8333335,0.54811245,33.9193,34.467415,-0.0051024277,34.467415,0.00010043036,222,222,42,0.6291605,2.4006963,0.010427359,0.22555406,0
351,5.85,0.57694095,33.885563,34.462505,-0.0049105026,34.462505,0.00010044272,221,221,48,0.6376198,1.9728291,0.010550372,0.22530285,0
352,5.866667,0.60759395,33.85005,34.457645,-0.004859696,34.457645,0.00010042153,217,217,48,0.6473974,1.8317252,0.0107033765,0.2249381,0
353,5.883333,0.6391205,33.81372,34.452843,-0.0048026736,34.452843,0.00010040402,223,223,49,0.6594316,1.7501694,0.010884236,0.2244512,0
354,5.9,0.6708383,33.777393,34.44823,-0.004610655,34.44823,0.00010038192,223,223,50,0.673316,1.7230923,0.01110283,0.22383173,0
355,5.9166665,0.70223236,33.74171,34.443943,-0.0042887623,34.443943,0.000100415986,220,220,49,0.6905149,1.6830196,0.011360887,0.22306356,0
356,5.9333334,0.73251355,33.707363,34.439877,-0.0040642573,34.439877,0.00010035361,223,223,49,0.7085296,1.732951,0.011660093,0.22214063,0
357,5.95,0.7579996,33.675182,34.43318,-0.006695459,34.43318,0.000100275756,224,224,49,0.72545093,1.8353128,0.01195001,0.221107,0
358,5.9666667,0.77223134,33.648388,34.42062,-0.012563109,34.42062,0.00010058724,224,224,49,0.7428197,2.0361075,0.012233944,0.22004132,0
359,5.983333,0.7832818,33.625774,34.409054,-0.011564562,34.409054,0.0001005015,221,221,49,0.76072425,2.2330403,0.012529991,0.21896239,0
360,6,0.79058206,33.60914,34.39972,-0.009335355,34.39972,0.00010023914,222,222,50,0.77820927,2.410785,0.012828037,0.21793291,0
361,6.016667,0.7928893,33.59909,34.39198,-0.0077387304,34.39198,0.000100658915,227,227,51,0.79442626,2.5997062,0.013103398,0.21701132,0
362,6.0333333,0.79077125,33.595184,34.385956,-0.006026191,34.385956,0.000100361096,231,231,52,0.8060712,2.8324738,0.013346599,0.21627212,0
363,6.05,0.783699,33.596355,34.380054,-0.0058993786,34.380054,0.00010036638,230,230,51,0.8127783,3.0438194,0.013495768,0.21572892,0
364,6.0666666,0.7706593,33.603085,34.373745,-0.0063117654,34.373745,0.00010054109,236,236,52,0.814683,3.207291,0.0135669,0.21542543,0
365,6.0833335,0.7531847,33.614845,34.36803,-0.0057114633,34.36803,0.00010059957,229,229,51,0.8114949,3.3288603,0.013556201,0.21538368,0
366,6.1,0.7283335,33.63194,34.36027,-0.007760036,34.36027,9.800796e-05,232,232,53,0.79893357,3.5861151,0.013415354,0.21564321,0
367,6.116667,0.701201,33.652435,34.353638,-0.006633653,34.353638,9.8519035e-05,225,225,51,0.7828943,3.6818886,0.013184907,0.21618885,0
368,6.133333,0.6712737,33.676403,34.34768,-0.0059595257,34.34768,0.00010052462,220,220,49,0.76104283,3.714037,0.012867124,0.21701224,0
369,6.15,0.6392859,33.702873,34.34216,-0.00551864,34.34216,0.00010053666,221,221,41,0.73422074,3.6778283,0.012458263,0.21805798,0
370,6.1666665,0.6061856,33.730793,34.33698,-0.005180734,34.33698,0.00010056843,223,223,40,0.7040089,3.5422933,0.011980401,0.2192473,0
371,6.1833334,0.5731046,33.758987,34.332092,-0.004887806,34.332092,0.00010053981,226,226,40,0.6713248,3.3238893,0.01145416,0.22049294,0
372,6.2,0.5410731,33.78627,34.327343,-0.004749393,34.327343,0.00010046374,230,230,49,0.63609,3.0681374,0.010894473,0.22171111,0
373,6.2166667,0.511357,33.81128,34.322636,-0.0047065113,34.322636,0.000100434496,234,234,49,0.6035021,2.684015,0.010298821,0.22281143,0
374,6.233333,0.48386487,33.833393,34.317257,-0.005377374,34.317257,0.00010054542,235,235,47,0.57643163,2.1049562,0.009819871,0.22373457,0
375,6.25,0.460158,33.85308,34.31324,-0.0040199487,34.31324,0.00010040072,235,235,54,0.55203575,1.5843102,0.009390599,0.22445749,0
376,6.266667,0.4406607,33.86876,34.309418,-0.0038201185,34.309418,0.00010040423,239,239,55,0.5317513,1.23101,0.009012653,0.22494118,0
377,6.2833333,0.42516953,33.880245,34.305416,-0.004003268,34.305416,0.00010048193,235,235,55,0.51796824,1.1784598,0.0087311985,0.2251956,0
378,6.3,0.41109553,33.890408,34.301502,-0.0039118375,34.301502,0.000100588186,233,233,55,0.51057816,1.1426307,0.0085574705,0.22524922,0
379,6.3166666,0.4004207,33.897366,34.297787,-0.0037152234,34.297787,0.000100553865,233,233,55,0.50871134,1.2651978,0.008479265,0.22508505,0
380,6.3333335,0.3943063,33.89962,34.293926,-0.0038631356,34.293926,0.00010067581,235,235,55,0.51252055,1.4480803,0.008497632,0.22470577,0
381,6.35,0.3928732,33.897026,34.289898,-0.004026689,34.289898,0.00010080444,236,236,55,0.5213248,1.6475868,0.0086053945,0.22413398,0
382,6.366667,0.39600572,33.88983,34.285835,-0.0040621464,34.285835,0.00010067517,232,232,55,0.5339913,1.8409754,0.008787357,0.2234017,0
383,6.383333,0.40099135,33.87867,34.279663,-0.006173739,34.279663,0.00010062116,232,232,55,0.54872775,2.060152,0.0090193655,0.22254947,0
384,6.4,0.41048795,33.860023,34.27051,-0.0091509065,34.27051,0.00010080829,232,232,56,0.5675355,2.1504052,0.009296214,0.22159019,0
385,6.4166665,0.4243213,33.836266,34.260586,-0.009924834,34.260586,0.00010086372,232,232,56,0.58568853,2.2451863,0.009614796,0.22056079,0
386,6.4333334,0.44237414,33.809254,34.25163,-0.008957952,34.25163,0.000100958794,226,226,53,0.60247624,2.3296201,0.009902176,0.2195082,0
387,6.45,0.46469048,33.7795,34.24419,-0.0074386904,34.24419,0.00010095385,225,225,52,0.6180405,2.3687718,0.010171602,0.21846157,0
388,6.4666667,0.49049702,33.748257,34.238754,-0.0054366095,34.238754,0.000100598736,224,224,52,0.63253367,2.3611841,0.010421517,0.21744974,0
389,6.483333,0.5182263,33.716278,34.234505,-0.0042495052,34.234505,0.00010060406,221,221,51,0.6455527,2.341235,0.010651926,0.21650057,0
390,6.5,0.5455353,33.684357,34.229893,-0.0046126735,34.229893,0.000100472294,217,217,50,0.65708214,2.3124511,0.010855885,0.21563266,0
391,6.516667,0.5719518,33.653034,34.224987,-0.0049031354,34.224987,0.00010055157,218,218,50,0.6675836,2.2776332,0.0110394815,0.2148472,0
392,6.5333333,0.5970024,33.62378,34.220783,-0.004205832,34.220783,0.000100696845,217,217,49,0.6758257,2.1864777,0.011196273,0.21417736,0
393,6.55,0.61994535,33.597027,34.216972,-0.0038106088,34.216972,0.00010071259,217,217,48,0.68091935,2.1191275,0.011308054,0.21362093,0
394,6.5666666,0.6398372,33.573345,34.21318,-0.0037888556,34.21318,0.000100634454,223,223,50,0.6834522,2.0119104,0.0113698635,0.21317452,0
395,6.5833335,0.65590954,33.553314,34.209225,-0.0039571174,34.209225,0.00010067286,224,224,51,0.6835828,1.9065357,0.011392154,0.21283224,0
396,6.6,0.66773325,33.53746,34.205193,-0.0040333206,34.205193,0.00010067117,224,224,51,0.6812206,1.8389696,0.0113695385,0.21257484,0
397,6.616667,0.67421687,33.526833,34.20105,-0.004143098,34.20105,0.00010070589,226,226,50,0.6786851,1.7034192,0.011330372,0.21241161,0
398,6.633333,0.6757629,33.520416,34.19618,-0.0048715887,34.19618,0.00010150539,228,228,51,0.67518216,1.5769489,0.01127648,0.21234275,0
399,6.65,0.6723921,33.518612,34.191,-0.0051741987,34.191,0.00010164251,228,228,52,0.6715494,1.549736,0.011215563,0.21238023,0
400,6.6666665,0.66411614,33.522003,34.18612,-0.0048840027,34.18612,0.000100970254,226,226,51,0.666946,1.5411998,0.011147601,0.21253583,0
401,6.6833334,0.6512945,33.5299,34.181194,-0.004926128,34.181194,0.000101625956,226,226,51,0.6609476,1.5429021,0.011059822,0.21279627,0
402,6.7,0.6341409,33.541977,34.176117,-0.0050743567,34.176117,0.00010168565,228,228,51,0.6536662,1.5481591,0.010948111,0.21315609,0
403,6.7166667,0.6131313,33.558838,34.17197,-0.0041495115,34.17197,0.00010073782,229,229,51,0.6449938,1.5648441,0.010817844,0.21362898,0
404,6.733333,0.58900315,33.57888,34.167885,-0.0040851417,34.167885,0.00010073861,229,229,52,0.63478965,1.5770953,0.010660379,0.21418524,0
405,6.75,0.56249535,33.600746,34.163242,-0.004643395,34.163242,0.00010150862,232,232,52,0.6230943,1.5918093,0.010475191,0.21479674,0
406,6.766667,0.5340106,33.624462,34.15847,-0.004769136,34.15847,0.00010148961,232,232,52,0.61031795,1.6024,0.010270391,0.21546061,0
407,6.7833333,0.50444007,33.64935,34.15379,-0.004681166,34.15379,0.000101675825,230,230,52,0.59655344,1.6125667,0.010048844,0.21616443,0
408,6.8,0.4746558,33.674667,34.149326,-0.004465418,34.149326,0.0001017678,229,229,52,0.5820115,1.6169382,0.009812083,0.21689275,0
409,6.8166666,0.44456238,33.69996,34.14452,-0.004805029,34.14452,0.000101537094,229,229,52,0.56691605,1.6118352,0.0095646735,0.21763334,0
410,6.8333335,0.41222012,33.72859,34.14081,-0.0037134844,34.14081,0.000100775505,229,229,52,0.5517766,1.6027966,0.009314786,0.21843147,0
411,6.85,0.38288572,33.754246,34.13713,-0.0036754173,34.13713,0.000100795165,233,233,53,0.53214383,1.6208733,0.009037115,0.21920954,0
412,6.866667,0.35750744,33.776,34.133507,-0.0036224718,34.133507,0.00010082816,233,233,53,0.5128228,1.6087329,0.008694033,0.21993817,0
413,6.883333,0.33652642,33.79331,34.129837,-0.0036720408,34.129837,0.00010084198,227,227,52,0.4961377,1.5599427,0.008395793,0.22058654,0
414,6.9,0.32007518,33.805958,34.126034,-0.0038018709,34.126034,0.00010081216,233,233,53,0.48165563,1.5010016,0.0081376955,0.2211439,0
415,6.9166665,0.3084001,33.813732,34.12213,-0.0039031738,34.12213,0.00010080895,230,230,52,0.4694137,1.4536564,0.007913847,0.2215872,0
416,6.9333334,0.30178824,33.816418,34.118206,-0.0039266665,34.118206,0.000100923084,234,234,53,0.4602702,1.410796,0.0077351974,0.22189522,0
417,6.95,0.30052805,33.813858,34.114388,-0.0038181823,34.114388,0.00010086467,234,234,53,0.45491436,1.3728284,0.0076144054,0.22205037,0
418,6.9666667,0.304795,33.80594,34.110733,-0.0036529617,34.110733,0.00010074403,234,234,53,0.4539481,1.3396299,0.007562374,0.22203554,0
419,6.983333,0.31480625,33.79263,34.107433,-0.003298958,34.107433,0.0001004567,235,235,52,0.45745704,1.302772,0.007582465,0.22183612,0
420,7,0.32958066,33.774406,34.103985,-0.003448977,34.103985,0.00010055206,233,233,52,0.4667432,1.276449,0.0076914537,0.22146325,0
421,7.016667,0.34861344,33.751965,34.10058,-0.0034084788,34.10058,0.00010049502,236,236,53,0.48076913,1.2628928,0.007888287,0.22092482,0
422,7.0333333,0.37134498,33.725857,34.0972,-0.0033770015,34.0972,0.00010048154,234,234,53,0.49872243,1.274474,0.008157506,0.22022678,0
423,7.05,0.39710364,33.69676,34.093864,-0.00333715,34.093864,0.000100558354,233,233,53,0.5195582,1.3199503,0.008484022,0.21938223,0
424,7.0666666,0.42504793,33.665512,34.090557,-0.0033041867,34.090557,0.000100730125,235,235,54,0.5417624,1.4083394,0.008845172,0.21842219,0
425,7.0833335,0.45426014,33.63297,34.08723,-0.0033299,34.08723,0.00010073499,234,234,54,0.5642702,1.5036217,0.009221066,0.21738781,0
426,7.1,0.48379618,33.599995,34.08379,-0.0034383202,34.08379,0.00010083286,231,231,53,0.58604777,1.5904317,0.009590426,0.21631648,0
427,7.116667,0.5089591,33.569283,34.078243,-0.0055483766,34.078243,0.00010092048,231,231,53,0.60671246,1.6847881,0.009944423,0.21525417,0
428,7.133333,0.52821565,33.54011,34.06833,-0.009913233,34.06833,0.00010083015,230,230,53,0.6267877,1.8209186,0.0102878725,0.2142037,0
429,7.15,0.54546726,33.513233,34.0587,-0.009628,34.0587,0.00010079141,234,234,54,0.64505064,1.8987036,0.010603491,0.21321025,0
430,7.1666665,0.5593718,33.489918,34.04929,-0.009413045,34.04929,0.00010073278,234,234,54,0.6606742,1.9667091,0.01088527,0.21231478,0
431,7.1833334,0.57089484,33.471855,34.04275,-0.006536291,34.04275,0.000100866746,228,228,53,0.6732223,2.0802116,0.011121054,0.21156222,0
432,7.2,0.5784723,33.45801,34.036484,-0.0062680924,34.036484,0.00010086042,238,238,55,0.68270373,2.1957152,0.0113053,0.21095626,0
433,7.2166667,0.5814955,33.448914,34.03041,-0.006074264,34.03041,0.000101021564,239,239,55,0.68839264,2.3215194,0.011432432,0.21052127,0
434,7.233333,0.58023465,33.444607,34.02484,-0.00556838,34.02484,0.00010065758,239,239,55,0.68946147,2.4564595,0.011488152,0.21028769,0
435,7.25,0.57499075,33.444794,34.019783,-0.005057706,34.019783,0.00010049594,239,239,55,0.68660015,2.5243826,0.011471782,0.21024722,0
436,7.266667,0.5657734,33.44908,34.014854,-0.004928417,34.014854,0.00010043608,236,236,56,0.6800611,2.552085,0.011391328,0.21038757,0
437,7.2833333,0.55253744,33.45724,34.009777,-0.0050771786,34.009777,0.00010055056,236,236,56,0.66927785,2.581608,0.011246059,0.21069698,0
438,7.3,0.5356486,33.469036,34.004684,-0.005092209,34.004684,0.000100688994,238,238,57,0.65480447,2.5846896,0.011034992,0.21115842,0
439,7.3166666,0.51542497,33.484135,33.999557,-0.005126877,33.999557,0.00010048607,235,235,56,0.6356868,2.5653648,0.01075572,0.21175872,0
440,7.3333335,0.49268457,33.501923,33.994606,-0.004951578,33.994606,0.000100490324,234,234,56,0.61330247,2.5058928,0.010405575,0.2124686,0
441,7.35,0.4681375,33.521812,33.98995,-0.0046581337,33.98995,0.000100470614,236,236,56,0.5882449,2.417779,0.010012923,0.21324466,0
442,7.366667,0.4425845,33.542915,33.9855,-0.0044490867,33.9855,0.0001005328,234,234,55,0.56001544,2.346107,0.009553942,0.21403584,0
443,7.383333,0.416311,33.56394,33.980247,-0.005252055,33.980247,0.00010110963,242,242,55,0.53623134,2.0986097,0.009123431,0.21478607,0
444,7.4,0.38917774,33.58653,33.975708,-0.004539845,33.975708,0.00010053201,245,245,55,0.51267993,1.7652605,0.00873268,0.21549405,0
445,7.4166665,0.36228758,33.610054,33.97234,-0.0033664014,33.97234,0.000100529694,246,246,55,0.48882908,1.459094,0.008337238,0.21612193,0
446,7.4333334,0.33653864,33.632736,33.969273,-0.0030680718,33.969273,0.00010049625,245,245,57,0.46729505,1.2202746,0.007956314,0.21663712,0
447,7.45,0.31261528,33.653687,33.966305,-0.0029697565,33.966305,0.00010050944,245,245,57,0.44984472,1.118147,0.0076287584,0.2170245,0
448,7.4666667,0.29108128,33.672268,33.96335,-0.00295531,33.96335,0.00010056403,244,244,57,0.43694675,1.1428359,0.007377523,0.21728677,0
449,7.483333,0.2720134,33.688328,33.960342,-0.003006478,33.960342,0.0001005289,238,238,57,0.4279742,1.2180036,0.0071960157,0.21743144,0
450,7.5,0.25630757,33.70095,33.95726,-0.0030834258,33.95726,0.00010057413,241,241,57,0.42279476,1.3208312,0.0070793945,0.2174565,0
451,7.516667,0.24475126,33.709286,33.954037,-0.003220276,33.954037,0.000100529374,239,239,57,0.42111477,1.4330969,0.0070229005,0.21736048,0
452,7.5333333,0.23768231,33.713127,33.95081,-0.0032302793,33.95081,0.000100570986,242,242,57,0.42291313,1.5399623,0.0070248493,0.21715176,0
453,7.55,0.23525803,33.71231,33.94757,-0.0032382736,33.94757,0.00010057781,242,242,57,0.42749545,1.6406652,0.0070796553,0.21684054,0
454,7.5666666,0.23635666,33.706985,33.94334,-0.004227669,33.94334,0.00010040028,243,243,63,0.43382624,1.7624298,0.007175647,0.21644087,0
455,7.5833335,0.24104676,33.695263,33.93631,-0.0070303916,33.93631,0.00010059929,242,242,63,0.443921,1.798426,0.007310482,0.21595258,0
456,7.6,0.25078657,33.678627,33.929413,-0.006899648,33.929413,0.00010076825,242,242,63,0.4544387,1.8466516,0.0074818586,0.21538621,0
457,7.616667,0.2653343,33.658794,33.924126,-0.005284503,33.924126,0.00010073259,239,239,61,0.46646824,1.8704244,0.0076707723,0.21477455,0
458,7.633333,0.28387472,33.636242,33.920116,-0.0040107844,33.920116,0.00010055328,238,238,61,0.47992364,1.8314103,0.007883381,0.21413395,0
459,7.65,0.3051518,33.611748,33.9169,-0.0032159344,33.9169,0.000100314865,240,240,62,0.49404606,1.6842735,0.00811642,0.21348879,0
460,7.6666665,0.32841983,33.58528,33.9137,-0.003201261,33.9137,0.000100326695,240,240,62,0.5071991,1.6313255,0.008344988,0.21283199,0
461,7.6833334,0.35254163,33.557735,33.91028,-0.0034205383,33.91028,0.00010034273,241,241,62,0.51723397,1.5906413,0.008536806,0.2121819,0
462,7.7,0.37735614,33.529488,33.906845,-0.00343538,33.906845,0.00010047469,237,237,61,0.527061,1.5593596,0.008700706,0.2115222,0
463,7.7166667,0.40188012,33.501724,33.903603,-0.0032406359,33.903603,0.00010034076,241,241,62,0.5389966,1.4612794,0.008882261,0.21087636,0
464,7.733333,0.424973,33.475544,33.900517,-0.0030876193,33.900517,0.00010037448,240,240,61,0.5505182,1.4086865,0.009079288,0.21027489,0
465,7.75,0.44610086,33.451317,33.89742,-0.0030974997,33.89742,0.000100260935,242,242,60,0.5605968,1.4029701,0.00926141,0.20972927,0
466,7.766667,0.46453246,33.429718,33.894253,-0.0031655964,33.894253,0.000100374455,241,241,60,0.5691349,1.401245,0.009416075,0.20925052,0
467,7.7833333,0.47965154,33.411407,33.89106,-0.0031924273,33.89106,0.00010037429,242,242,60,0.5759588,1.4306363,0.009544053,0.20885283,0
468,7.8,0.491048,33.39681,33.887856,-0.0032035708,33.887856,0.000100433914,241,241,60,0.58112204,1.4718356,0.009643791,0.20854504,0
469,7.8166666,0.49827272,33.38622,33.88449,-0.0033637213,33.88449,0.00010031485,239,239,59,0.5846393,1.5045754,0.009715641,0.20833157,0
470,7.8333335,0.5007348,33.380405,33.881138,-0.0033537028,33.881138,0.000100493664,240,240,55,0.58649653,1.5213304,0.009759932,0.20822576,0
471,7.85,0.4986438,33.37853,33.87717,-0.003966208,33.87717,0.00010126852,239,239,55,0.5864899,1.53779,0.00977491,0.20821686,0
472,7.866667,0.49220827,33.380394,33.8726,-0.00457078,33.8726,0.00010132809,236,236,55,0.5844581,1.5544256,0.0097561,0.20830636,0
473,7.883333,0.48168454,33.38658,33.868267,-0.004333905,33.868267,0.00010085125,239,239,56,0.58037835,1.5582027,0.009703185,0.20850977,0
474,7.9,0.4674018,33.397377,33.864777,-0.0034900988,33.864777,0.00010055313,238,238,56,0.57399356,1.5838797,0.009617947,0.20883736,0
475,7.9166665,0.44979757,33.411545,33.86134,-0.0034363342,33.86134,0.00010055312,243,243,56,0.56546277,1.5927229,0.009493679,0.20926583,0
476,7.9333334,0.4292626,33.427914,33.857174,-0.004166639,33.857174,0.000101327954,243,243,56,0.5547059,1.5925807,0.009330295,0.20976938,0
477,7.95,0.40628588,33.44685,33.853134,-0.004039601,33.853134,0.000101387544,242,242,56,0.54174876,1.5858741,0.009131123,0.21035247,0
478,7.9666667,0.38155985,33.467636,33.849197,-0.0039373324,33.849197,0.000101447135,245,245,56,0.52683103,1.5677245,0.008898081,0.2109986,0
479,7.983333,0.3558178,33.489655,33.845474,-0.003724397,33.845474,0.000101506725,244,244,56,0.5102412,1.5426449,0.008634575,0.21169014,0
480,8,0.32974958,33.512966,33.842716,-0.0027572552,33.842716,0.00010055304,243,243,55,0.4922369,1.5091176,0.008346024,0.2124206,0
481,8.016666,0.30100253,33.538227,33.83923,-0.003486744,33.83923,0.00010068726,243,243,56,0.47058928,1.5036696,0.00802936,0.21319282,0
482,8.033334,0.27311495,33.56302,33.836132,-0.0030957947,33.836132,0.000100799414,245,245,57,0.44766212,1.4918642,0.0076381727,0.2139606,0
483,8.05,0.24837016,33.584713,33.833084,-0.003051166,33.833084,0.00010081226,247,247,57,0.4268272,1.4222364,0.0072750626,0.21467088,0
484,8.066667,0.22699773,33.603016,33.830013,-0.0030672406,33.830013,0.00010085475,246,246,57,0.40791547,1.3053403,0.006947034,0.21532473,0
485,8.083333,0.20924324,33.617664,33.82691,-0.0031067564,33.82691,0.00010077735,248,248,58,0.3900015,1.2012879,0.006638928,0.21590665,0
486,8.1,0.19540551,33.628292,33.823696,-0.003211203,33.823696,0.000100784266,248,248,58,0.37418246,1.1138663,0.0063561485,0.21639161,0
487,8.116667,0.18574324,33.634678,33.820423,-0.0032752545,33.820423,0.00010077218,236,236,53,0.3616412,1.0451111,0.0061186114,0.21675718,0
488,8.133333,0.1805749,33.63668,33.817257,-0.0031649657,33.817257,0.00010076725,236,236,53,0.35372198,0.98579484,0.0059468015,0.21698308,0
489,8.15,0.18021375,33.634045,33.81426,-0.0029977956,33.81426,0.00010076113,235,235,53,0.3515045,0.9327099,0.0058626607,0.21705396,0
490,8.166667,0.18486287,33.626842,33.811703,-0.0025557096,33.811703,0.0001005026,236,236,53,0.3551881,0.9035059,0.0058769984,0.21696402,0
491,8.183333,0.19424985,33.615093,33.809345,-0.0023586012,33.809345,0.000100453246,238,238,53,0.3644303,0.90546125,0.0059858384,0.21671046,0
492,8.2,0.20794205,33.599113,33.807056,-0.002288244,33.807056,0.00010051168,236,236,53,0.3790153,0.9314876,0.0061884685,0.2162966,0
493,8.216666,0.22530857,33.57913,33.80444,-0.0026186665,33.80444,0.00010069305,238,238,54,0.39498088,1.0053293,0.0064520403,0.21573724,0
494,8.233334,0.24580038,33.55587,33.80167,-0.0027679536,33.80167,0.00010069286,237,237,54,0.4135563,1.0588268,0.006739821,0.21506424,0
495,8.25,0.26715416,33.531574,33.79873,-0.0029425726,33.79873,0.00010060649,234,234,54,0.43321896,1.1048441,0.0070575792,0.21431291,0
496,8.266666,0.28946662,33.506454,33.79592,-0.0028061653,33.79592,0.000100499856,235,235,54,0.45355916,1.1807338,0.0073922067,0.21348996,0
497,8.283334,0.31203973,33.480816,33.792854,-0.003065415,33.792854,0.00010042282,237,237,55,0.47444737,1.2481495,0.0077366675,0.21261783,0
498,8.3,0.3341812,33.455387,33.789566,-0.003289445,33.789566,0.000100427154,235,235,54,0.49475083,1.3219738,0.0080809565,0.21172291,0
499,8.316667,0.35508224,33.43086,33.78594,-0.0036263904,33.78594,0.00010045661,235,235,54,0.51402664,1.432462,0.008411385,0.21083103,0
500,8.333333,0.37392104,33.408234,33.782154,-0.0037861913,33.782154,0.00010031865,235,235,54,0.5320205,1.5813862,0.008724195,0.20998405,0
501,8.35,0.3906432,33.388226,33.77887,-0.003283444,33.77887,0.000100269564,237,237,55,0.5471533,1.7032005,0.0089998515,0.20921442,0
502,8.366667,0.4045161,33.371124,33.775642,-0.0032282746,33.775642,0.0001003148,236,236,55,0.55915815,1.7965022,0.0092257075,0.20853905,0
503,8.383333,0.4135445,33.358578,33.77212,-0.0035215288,33.77212,0.00010025896,237,237,56,0.5679386,1.851013,0.009398167,0.20799528,0
504,8.4,0.4190323,33.34974,33.76877,-0.0033509918,33.76877,0.00010028686,238,238,56,0.5732492,1.8708329,0.009515484,0.20759283,0
505,8.416667,0.4212128,33.344128,33.76534,-0.00343063,33.76534,0.000100292935,239,239,56,0.5748902,1.8788154,0.009572511,0.20733367,0
506,8.433333,0.41989604,33.3417,33.761597,-0.0037430846,33.761597,0.000100445766,234,234,55,0.5730904,1.880831,0.009570456,0.20721664,0
507,8.45,0.41520712,33.342182,33.75739,-0.0042076134,33.75739,0.00010048223,234,234,56,0.5683921,1.8697343,0.009516144,0.20723027,0
508,8.466666,0.40699974,33.345833,33.75283,-0.004557245,33.75283,0.00010046877,230,230,55,0.5600807,1.8682235,0.009406386,0.20737438,0
509,8.483334,0.3955051,33.35265,33.748154,-0.0046776845,33.748154,0.00010035929,230,230,55,0.5486736,1.8540809,0.009240858,0.20763984,0
510,8.5,0.3811182,33.362263,33.74338,-0.0047706845,33.74338,0.00010060751,230,230,55,0.53535146,1.8089821,0.00903137,0.2080063,0
511,8.516666,0.36392352,33.374702,33.738625,-0.0047561643,33.738625,0.00010053873,234,234,56,0.5205356,1.7547507,0.008797612,0.20844233,0
512,8.533334,0.34449428,33.389732,33.734226,-0.0044004335,33.734226,0.000100379315,231,231,55,0.5033354,1.7011764,0.00853258,0.208922,0
513,8.55,0.3233464,33.40692,33.73027,-0.0039565875,33.73027,0.00010046366,232,232,55,0.48362952,1.6304264,0.008221368,0.20943739,0
514,8.566667,0.3010796,33.425743,33.726826,-0.003445237,33.726826,0.00010043387,237,237,56,0.46284214,1.5413465,0.007882772,0.20996761,0
515,8.583333,0.27828065,33.445545,33.723827,-0.002996826,33.723827,0.00010042066,238,238,56,0.44157797,1.4372933,0.0075310827,0.2104897,0
516,8.6,0.25550604,33.465675,33.721184,-0.0026445987,33.721184,0.00010028487,235,235,56,0.42056504,1.3254906,0.0071772295,0.21098396,0
517,8.616667,0.23335959,33.485252,33.718613,-0.0025695828,33.718613,0.00010049353,235,235,56,0.40042278,1.1830432,0.006833351,0.21142939,0
518,8.633333,0.21249278,33.503624,33.716118,-0.0024967915,33.716118,0.00010036264,236,236,56,0.38204283,1.072225,0.006510861,0.2118067,0
519,8.65,0.19348422,33.520203,33.713688,-0.0024287736,33.713688,0.000100247256,234,234,56,0.3662027,1.0124,0.006225206,0.21210673,0
520,8.666667,0.17680116,33.534393,33.711193,-0.0024946742,33.711193,0.000100438316,235,235,56,0.35147,1.0138686,0.005977545,0.21232413,0
521,8.683333,0.16285847,33.545647,33.708504,-0.0026892286,33.708504,0.00010048186,238,238,56,0.3407421,1.0224571,0.0057562226,0.21244974,0
522,8.7,0.15164775,33.554234,33.70588,-0.0026236477,33.70588,0.00010051466,237,237,56,0.33424628,1.0534679,0.0056155794,0.21249993,0
523,8.716666,0.14411935,33.559124,33.703243,-0.0026354974,33.703243,0.000100457844,235,235,56,0.33072457,1.093869,0.0055328095,0.21247022,0
524,8.733334,0.1404383,33.56016,33.7006,-0.00264579,33.7006,0.00010061274,239,239,64,0.33007973,1.1377194,0.0054986095,0.21236214,0
525,8.75,0.14064418,33.557327,33.69797,-0.0026280961,33.69797,0.000100479476,240,240,63,0.3320412,1.1853839,0.005510565,0.21217752,0
526,8.766666,0.14463176,33.55067,33.695305,-0.002666616,33.695305,0.000100423465,235,235,61,0.33674094,1.2346213,0.0055659898,0.21191421,0
527,8.783334,0.15222982,33.54048,33.69271,-0.0025940475,33.69271,0.00010055316,234,234,61,0.34431183,1.2805842,0.005668627,0.21157548,0
528,8.8,0.16306382,33.527306,33.69037,-0.0023398823,33.69037,0.00010031473,236,236,62,0.352988,1.3142163,0.0058124694,0.21117239,0
529,8.816667,0.1766861,33.511246,33.68793,-0.002439296,33.68793,0.0001002842,237,237,61,0.36427924,1.2139115,0.0059664985,0.21071844,0
530,8.833333,0.19284396,33.492638,33.685482,-0.002448242,33.685482,0.00010037434,238,238,61,0.3779108,1.1074071,0.0061832387,0.21021244,0
531,8.85,0.21077177,33.472286,33.68306,-0.002424632,33.68306,0.00010047771,238,238,59,0.3922975,1.0144182,0.006419013,0.20966955,0
532,8.866667,0.22985184,33.450703,33.680553,-0.0025040023,33.680553,0.000100324214,238,238,59,0.40737176,1.0221379,0.0066645006,0.20910779,0
533,8.883333,0.24947014,33.428535,33.678005,-0.0025483202,33.678005,0.00010043393,238,238,59,0.42183378,1.0417653,0.0069116293,0.20854785,0
534,8.9,0.26899964,33.406403,33.675404,-0.0026032054,33.675404,0.00010037431,238,238,59,0.43548676,1.0610353,0.007145805,0.20800349,0
535,8.916667,0.28785834,33.384926,33.672783,-0.0026201333,33.672783,0.000100389494,237,237,59,0.44860446,1.0871229,0.007368362,0.20748633,0
536,8.933333,0.30550417,33.364643,33.670147,-0.0026359425,33.670147,0.000100569334,240,240,59,0.46097738,1.1182569,0.0075819287,0.20700634,0
537,8.95,0.3213795,33.346073,33.66745,-0.0026945407,33.66745,0.00010042364,238,238,59,0.47188795,1.1436634,0.007776183,0.20657392,0
538,8.966666,0.33495724,33.329845,33.664803,-0.0026475892,33.664803,0.000100581776,238,238,59,0.4812074,1.1725411,0.0079443725,0.20620468,0
539,8.983334,0.3457559,33.316463,33.66222,-0.0025838902,33.66222,0.00010065318,237,237,59,0.4887898,1.2154716,0.008084733,0.2059105,0
540,9,0.35345343,33.306152,33.659607,-0.0026147752,33.659607,0.0001007108,234,234,58,0.49465284,1.2563686,0.008196356,0.20569558,0
541,9.016666,0.35785154,33.29917,33.657024,-0.0025824457,33.657024,0.00010069367,238,238,59,0.4985263,1.2822047,0.008277408,0.20556805,0
542,9.033334,0.35876155,33.295685,33.654446,-0.0025760026,33.654446,0.00010061237,240,240,59,0.50031674,1.302175,0.008324318,0.20553377,0
543,9.05,0.35615402,33.295704,33.65186,-0.0025889142,33.65186,0.00010062306,238,238,55,0.49992645,1.3191433,0.008335706,0.20559517,0
544,9.066667,0.34998202,33.298523,33.648506,-0.0033529939,33.648506,0.000101531055,238,238,55,0.4973113,1.32927,0.008308946,0.20573905,0
545,9.083333,0.3406104,33.305225,33.645836,-0.0026678583,33.645836,0.00010068001,237,237,55,0.49243248,1.338513,0.008246965,0.20599067,0
546,9.1,0.32843405,33.314266,33.6427,-0.0031382553,33.6427,0.00010167204,237,237,55,0.48523808,1.3458778,0.008145385,0.20631935,0
547,9.116667,0.31363046,33.325424,33.639053,-0.0036463558,33.639053,0.00010163659,236,236,54,0.47582665,1.3450166,0.0080048265,0.20671695,0
548,9.133333,0.29664394,33.33938,33.636024,-0.003029582,33.636024,0.00010203514,232,232,53,0.4643319,1.3349031,0.007828054,0.20718972,0
549,9.15,0.27795634,33.35542,33.633373,-0.002648987,33.633373,0.00010191168,230,230,53,0.45088375,1.3205992,0.0076185213,0.2077225,0
550,9.166667,0.25806537,33.372814,33.630882,-0.002493182,33.630882,0.00010135425,235,235,54,0.43553016,1.3120881,0.0073778103,0.20830026,0
551,9.183333,0.23762591,33.39122,33.628845,-0.002034699,33.628845,0.000100848236,239,239,55,0.418866,1.288678,0.007113808,0.20891583,0
552,9.2,0.21719624,33.409626,33.626823,-0.0020239013,33.626823,0.000100733836,239,239,55,0.40117738,1.2596099,0.0068272897,0.20953828,0
553,9.216666,0.19734357,33.427517,33.624863,-0.0019602943,33.624863,0.000100822996,239,239,55,0.38283083,1.2247229,0.0065260455,0.2101501,0
554,9.233334,0.1775961,33.44498,33.622578,-0.0022835413,33.622578,0.00010087032,241,241,55,0.36428288,1.185743,0.0062179165,0.21074195,0
555,9.25,0.1578872,33.46226,33.620148,-0.0024315063,33.620148,0.000100807854,243,243,55,0.34580195,1.1571499,0.005908615,0.21131313,0
556,9.266666,0.14163864,33.476154,33.617794,-0.0023542864,33.617794,0.00010072921,240,240,55,0.3283931,1.1232697,0.0056083775,0.21181536,0
557,9.283334,0.12966715,33.48617,33.61584,-0.0019534682,33.61584,0.00010072196,241,241,55,0.31315,1.0711658,0.0053350506,0.21222629,0
558,9.3,0.119643725,33.49411,33.613754,-0.0020862322,33.613754,0.00010077015,240,240,55,0.29570493,1.0555965,0.0050771423,0.2125633,0
559,9.316667,0.11275918,33.498653,33.611412,-0.0023404628,33.611412,0.00010076329,242,242,56,0.28389943,1.0056366,0.004810482,0.21278802,0
560,9.333333,0.10991808,33.499146,33.609066,-0.0023473252,33.609066,0.0001007345,239,239,55,0.2783366,0.9301554,0.0046712854,0.21288422,0
561,9.35,0.11110763,33.495712,33.60682,-0.0022459384,33.60682,0.000100710015,239,239,55,0.27818868,0.8438095,0.0046255495,0.21286198,0
562,9.366667,0.116183676,33.488583,33.604767,-0.002054139,33.604767,0.000100662146,241,241,55,0.28323707,0.7753584,0.0046683713,0.21272342,0
563,9.383333,0.1245237,33.478424,33.602947,-0.001816504,33.602947,0.000100479854,239,239,54,0.29134282,0.7628528,0.0047865924,0.21246599,0
564,9.4,0.1355016,33.465645,33.601147,-0.0018019609,33.601147,0.0001002745,239,239,54,0.3039575,0.7729804,0.004956068,0.21209699,0
565,9.416667,0.14869499,33.45071,33.599407,-0.0017396302,33.599407,0.000100377234,237,237,54,0.31931618,0.7906522,0.0051906365,0.21163559,0
566,9.433333,0.1636515,33.433956,33.597607,-0.0018006779,33.597607,0.00010038116,237,237,54,0.337259,0.84144336,0.005470249,0.21109411,0
567,9.45,0.17987178,33.41583,33.5957,-0.0019068426,33.5957,0.00010038737,236,236,54,0.3566613,0.94026524,0.0057850024,0.21048933,0
568,9.466666,0.19683877,33.3968,33.59364,-0.0020600779,33.59364,0.00010043583,236,236,54,0.37623054,1.0404582,0.00611112,0.20983894,0
569,9.483334,0.21401663,33.37746,33.59148,-0.0021607613,33.59148,0.00010039891,239,239,55,0.39529666,1.1369311,0.006434114,0.20916247,0
570,9.5,0.23086546,33.358337,33.589203,-0.0022739964,33.589203,0.000100434976,239,239,55,0.41325912,1.2254815,0.006743546,0.2084807,0
571,9.516666,0.24685825,33.339962,33.586823,-0.002383707,33.586823,0.00010043269,240,240,55,0.42960736,1.302726,0.007029944,0.2078148,0
572,9.533334,0.2614969,33.32286,33.58436,-0.0024626795,33.58436,0.000100446036,239,239,55,0.4439131,1.3662966,0.0072856094,0.20718561,0
573,9.55,0.27432334,33.3075,33.58182,-0.002535697,33.58182,0.00010048407,240,240,55,0.45582882,1.4142308,0.0075041964,0.20661232,0
574,9.566667,0.28443056,33.294575,33.579002,-0.0028189565,33.579002,0.00010048467,239,239,55,0.46511582,1.4419683,0.0076804934,0.20611559,0
575,9.583333,0.2913646,33.284935,33.5763,-0.0027030942,33.5763,0.000100670244,239,239,55,0.47167942,1.4472607,0.007812561,0.20572297,0
576,9.6,0.2961541,33.277447,33.5736,-0.002700448,33.5736,0.000100637604,238,238,55,0.47533372,1.44004,0.007897012,0.20542917,0
577,9.616667,0.2985455,33.272114,33.57066,-0.0029415681,33.57066,0.00010072525,238,238,55,0.4764138,1.4059366,0.007934667,0.20523317,0
578,9.633333,0.2983609,33.269016,33.567375,-0.0032830986,33.567375,0.000100786645,236,236,53,0.4751995,1.3681781,0.007933514,0.20512906,0
579,9.65,0.2950529,33.268738,33.563793,-0.0035841833,33.563793,0.000100864716,233,233,54,0.47124386,1.3637859,0.007892195,0.20511441,0
580,9.666667,0.2884984,33.271313,33.55981,-0.0039810156,33.55981,0.00010055293,237,237,55,0.4647685,1.3826619,0.0078016385,0.20518097,0
581,9.683333,0.27947915,33.276646,33.556126,-0.003685286,33.556126,0.000100456375,237,237,54,0.4561206,1.3824815,0.0076754848,0.20531921,0
582,9.7,0.26826915,33.284554,33.552822,-0.0033022491,33.552822,0.00010037877,238,238,54,0.44519448,1.3603405,0.007512098,0.20552091,0
583,9.716666,0.2549693,33.294853,33.549824,-0.0030008494,33.549824,0.00010037801,239,239,54,0.4317595,1.3323641,0.0073075034,0.20578218,0
584,9.733334,0.2398678,33.307262,33.54713,-0.002690375,33.54713,0.00010038606,239,239,54,0.4166062,1.3011067,0.007068286,0.2060938,0
585,9.75,0.2233812,33.321213,33.544594,-0.002539468,33.544594,0.00010030823,239,239,54,0.40004626,1.2646697,0.006803004,0.20643885,0
586,9.766666,0.20599395,33.336136,33.54213,-0.0024628737,33.54213,0.00010036909,240,240,54,0.3824088,1.2214733,0.006517172,0.20680083,0
587,9.783334,0.188212,33.35153,33.53974,-0.0023888743,33.53974,0.000100389836,239,239,54,0.36410758,1.1703731,0.0062169265,0.2071659,0
588,9.8,0.1705353,33.366882,33.53742,-0.0023227232,33.53742,0.000100406774,239,239,54,0.34564182,1.1121597,0.005909666,0.20752159,0
589,9.816667,0.15343925,33.38172,33.53516,-0.002257106,33.53516,0.00010039527,237,237,54,0.32782367,1.0159898,0.005605015,0.20785776,0
590,9.833333,0.13712375,33.395725,33.532852,-0.0023096928,33.532852,0.00010041528,239,239,55,0.31083623,0.88559747,0.005316982,0.20816417,0
591,9.85,0.12210336,33.408443,33.530544,-0.0023051894,33.530544,0.00010039315,243,243,56,0.29485846,0.8139493,0.005039902,0.2084309,0
592,9.866667,0.1091769,33.41903,33.52821,-0.002337848,33.52821,0.000100354744,241,241,61,0.2808409,0.8007696,0.0047894223,0.20864707,0
593,9.883333,0.09867547,33.427193,33.525867,-0.0023399694,33.525867,0.0001003686,238,238,60,0.269019,0.7917727,0.004573504,0.20880815,0
594,9.9,0.0908588,33.432735,33.523594,-0.002272554,33.523594,0.000100375226,238,238,59,0.25952283,0.7803889,0.0043977695,0.20890968,0
595,9.916667,0.085875124,33.43539,33.521267,-0.0023282494,33.521267,0.00010035991,239,239,60,0.25224268,0.75135785,0.0042506456,0.20893852,0
596,9.933333,0.083851635,33.435238,33.519093,-0.0021762783,33.519093,0.00010039815,241,241,60,0.24958576,0.7502186,0.004171475,0.20889476,0
597,9.95,0.08479957,33.43234,33.51714,-0.0019505512,33.51714,0.00010026516,243,243,60,0.25100693,0.75789404,0.0041620643,0.208781,0
598,9.966666,0.0886519,33.42677,33.515423,-0.0017183834,33.515423,0.00010036355,243,243,60,0.25641704,0.76962763,0.0042198184,0.20859726,0
599,9.983334,0.09525601,33.41867,33.513927,-0.0014946776,33.513927,0.000100393394,241,241,60,0.26497912,0.7626733,0.0043395213,0.20835176,0
600,10,0.10422816,33.408295,33.512524,-0.0014031623,33.512524,0.00010037158,237,237,60,0.27587947,0.7523378,0.0045031914,0.20805341,0
601,10.016666,0.11518716,33.39568,33.510868,-0.0016567676,33.510868,0.000100347264,239,239,60,0.28855523,0.7449995,0.004701115,0.20770451,0
602,10.033334,0.12778547,33.38128,33.509064,-0.0018035263,33.509064,0.00010038027,237,237,59,0.30224976,0.7433912,0.0049223863,0.20731647,0
603,10.05,0.14147794,33.365673,33.507153,-0.0019129006,33.507153,0.0001004798,234,234,58,0.31713063,0.7748113,0.0051651904,0.20690338,0
604,10.066667,0.15590116,33.34933,33.505234,-0.0019174974,33.505234,0.00010052509,234,234,59,0.33141738,0.80323064,0.0054049385,0.2064785,0
605,10.083333,0.17061141,33.332638,33.50325,-0.001982765,33.50325,0.00010053813,234,234,59,0.3454662,0.8382253,0.0056416513,0.2060526,0
606,10.1,0.18514152,33.316143,33.50128,-0.001967217,33.50128,0.0001005489,236,236,59,0.35897654,0.8757826,0.005871619,0.20563741,0
607,10.116667,0.19903678,33.300194,33.49923,-0.0020532545,33.49923,0.00010056004,236,236,59,0.3716541,0.9151561,0.0060901437,0.20524193,0
608,10.133333,0.21187192,33.285297,33.49717,-0.0020596464,33.49717,0.00010058256,236,236,59,0.38322023,0.9575597,0.0062923618,0.20487727,0
609,10.15,0.22324099,33.271866,33.49511,-0.0020620243,33.49511,0.000100530946,236,236,59,0.39346284,0.995319,0.006474076,0.20455275,0
610,10.166667,0.23279704,33.260246,33.493042,-0.0020655072,33.493042,0.0001006571,236,236,59,0.4022161,1.0267646,0.006631892,0.204277,0
611,10.183333,0.24023268,33.250683,33.490917,-0.0021255189,33.490917,0.00010067828,234,234,58,0.40928257,1.0558,0.0067642774,0.20405525,0
612,10.2,0.24532412,33.24344,33.48876,-0.0021559596,33.48876,0.000100766614,237,237,58,0.4144318,1.0818859,0.006865659,0.20389786,0
613,10.216666,0.24790555,33.238743,33.486645,-0.0021147681,33.486645,0.00010070306,238,238,59,0.41759053,1.1036315,0.006934551,0.2038111,0
614,10.233334,0.247738,33.236004,33.48374,-0.0029046016,33.48374,0.00010176506,233,233,57,0.41865522,1.1204424,0.006967212,0.20378211,0
615,10.25,0.24498223,33.236023,33.481007,-0.002735491,33.481007,0.00010177608,233,233,57,0.4175967,1.1304725,0.0069644917,0.2038283,0
616,10.266666,0.23986775,33.23918,33.47905,-0.001956311,33.47905,0.00010073319,231,231,56,0.4143787,1.1377399,0.0069316183,0.20396578,0
617,10.283334,0.23250647,33.24421,33.476715,-0.0023337246,33.476715,0.00010159861,231,231,56,0.40899885,1.1415607,0.0068592154,0.20416507,0
618,10.3,0.22295673,33.251244,33.4742,-0.0025171489,33.4742,0.00010190622,232,232,51,0.40149564,1.1376969,0.006747518,0.20442212,0
619,10.316667,0.21152177,33.260277,33.471798,-0.0024023068,33.471798,0.00010176725,232,232,51,0.39194906,1.1287469,0.00660453,0.20473856,0
620,10.333333,0.1985116,33.271137,33.46965,-0.0021482299,33.46965,0.00010127887,231,231,50,0.38051963,1.1098458,0.006429381,0.20510872,0
621,10.35,0.18435751,33.283516,33.467873,-0.0017759065,33.467873,0.00010080555,230,230,50,0.367383,1.0889969,0.006228043,0.2055276,0
622,10.366667,0.16945593,33.296677,33.46613,-0.0017421563,33.46613,0.00010068974,229,229,50,0.35281047,1.0563022,0.0059968764,0.2059719,0
623,10.383333,0.1542234,33.310238,33.464462,-0.0016679452,33.464462,0.00010077046,225,225,50,0.33704334,1.0168931,0.005743277,0.20642911,0
624,10.4,0.1390957,33.32377,33.462864,-0.0015991942,33.462864,0.0001008002,226,226,50,0.3204187,0.97245854,0.005472507,0.20688553,0
625,10.416667,0.12451784,33.336815,33.461334,-0.0015306546,33.461334,0.00010070245,231,231,51,0.3033558,0.9243519,0.0051910663,0.2073271,0
626,10.433333,0.11090388,33.34899,33.459896,-0.0014366079,33.459896,0.00010072987,230,230,52,0.28636304,0.87541956,0.004906466,0.2077416,0
627,10.45,0.09864355,33.359898,33.45854,-0.0013541658,33.45854,0.00010074223,227,227,55,0.26999357,0.8255897,0.0046276576,0.20811608,0
628,10.466666,0.08807491,33.36918,33.457253,-0.0012882814,33.457253,0.00010075938,228,228,55,0.2548962,0.77728343,0.0043646297,0.20843911,0
629,10.483334,0.07947444,33.376545,33.456017,-0.0012358679,33.456017,0.00010074515,228,228,55,0.24175815,0.7339756,0.0041286056,0.20870115,0
630,10.5,0.07306233,33.381752,33.454815,-0.001203337,33.454815,0.000100724246,229,229,56,0.23129918,0.69744813,0.003931549,0.20889436,0
631,10.516666,0.06897414,33.38467,33.453644,-0.0011710861,33.453644,0.00010067401,230,230,56,0.22416125,0.66925496,0.0037848703,0.20901372,0
632,10.533334,0.06727762,33.38517,33.452446,-0.0011957594,33.452446,0.000100651945,229,229,56,0.2207837,0.6525304,0.003697843,0.20905532,0
633,10.55,0.06785678,33.383278,33.451134,-0.0013133151,33.451134,0.00010065542,230,230,56,0.2213221,0.6473879,0.0036757572,0.2090193,0
634,10.566667,0.07074473,33.378994,33.44974,-0.0013949473,33.44974,0.000100700505,230,230,57,0.22257417,0.61842614,0.003692402,0.20891304,0
635,10.583333,0.076023236,33.37261,33.44863,-0.0011095126,33.44863,0.00010043394,232,232,58,0.22950552,0.5648128,0.0037616515,0.20873716,0
636,10.6,0.08328712,33.36421,33.4475,-0.0011329948,33.4475,0.00010044314,232,232,58,0.2393679,0.57463056,0.0039038227,0.2084946,0
637,10.616667,0.0922322,33.35405,33.446285,-0.0012136094,33.446285,0.00010048365,233,233,58,0.25160325,0.60722876,0.0040902784,0.20819457,0
638,10.633333,0.1025474,33.34245,33.444996,-0.0012874089,33.444996,0.00010051093,235,235,58,0.26546,0.6494815,0.0043094605,0.20784463,0
639,10.65,0.11388991,33.32974,33.443626,-0.0013685161,33.443626,0.00010035925,235,235,58,0.28032565,0.6985314,0.004550197,0.2074534,0
640,10.666667,0.12589331,33.316322,33.442215,-0.001411061,33.442215,0.0001003056,235,235,58,0.29563344,0.75164235,0.0048025656,0.20703146,0
641,10.683333,0.13817784,33.302563,33.440742,-0.00147408,33.440742,0.00010030627,235,235,58,0.31081852,0.80484927,0.0050573344,0.20658979,0
642,10.7,0.15035781,33.288845,33.439205,-0.0015382277,33.439205,0.00010024963,235,235,58,0.3254917,0.85760933,0.005306738,0.20614006,0
643,10.716666,0.16205905,33.275455,33.437515,-0.00168878,33.437515,0.000100287,234,234,57,0.33924058,0.90245503,0.0055440078,0.20569277,0
644,10.733334,0.17290656,33.262794,33.4357,-0.0018141388,33.4357,0.000100281126,234,234,57,0.3517494,0.9542478,0.0057630767,0.20525932,0
645,10.75,0.18243189,33.25125,33.43368,-0.0020179271,33.43368,0.00010038795,234,234,57,0.3627236,0.99626803,0.005958975,0.20485418,0
646,10.766666,0.18951373,33.24208,33.431595,-0.0020877942,33.431595,0.00010031592,231,231,57,0.3720237,1.0211289,0.00612779,0.2045059,0
647,10.783334,0.19542491,33.23403,33.429455,-0.0021407246,33.429455,0.000100458536,229,229,57,0.37933886,1.0425909,0.0062662372,0.20420778,0
648,10.8,0.19987519,33.22734,33.427216,-0.002238991,33.427216,0.000100558645,229,229,57,0.38456625,1.063856,0.0063704615,0.20396818,0
649,10.816667,0.2026161,33.22227,33.424885,-0.0023305423,33.424885,0.0001006359,232,232,58,0.38765708,1.0865161,0.006439339,0.20379345,0
650,10.833333,0.20332786,33.21916,33.422485,-0.0023981938,33.422485,0.000100596575,233,233,58,0.38888425,1.1162384,0.006473475,0.2036839,0
651,10.85,0.20166533,33.218178,33.41984,-0.0026436087,33.41984,0.00010054414,233,233,58,0.38846165,1.1639333,0.0064810715,0.20362812,0
652,10.866667,0.19807586,33.21928,33.41736,-0.0024860364,33.41736,0.0001003933,238,238,59,0.38564453,1.2017415,0.0064539546,0.20362504,0
653,10.883333,0.19265844,33.22237,33.415028,-0.0023280613,33.415028,0.0001003192,240,240,60,0.38081878,1.2169588,0.006389471,0.20367514,0
654,10.9,0.18541619,33.22736,33.412777,-0.0022527662,33.412777,0.0001003411,239,239,60,0.37334988,1.1859546,0.0062863287,0.20377836,0
655,10.916667,0.17643234,33.23413,33.41056,-0.0022151116,33.41056,0.00010034242,239,239,60,0.36368027,1.145142,0.006142601,0.20393308,0
656,10.933333,0.16599442,33.24238,33.40837,-0.002190503,33.40837,0.000100322664,239,239,60,0.35210297,1.0965263,0.005964951,0.20413014,0
657,10.95,0.15440689,33.251804,33.40621,-0.0021578837,33.40621,0.00010039037,239,239,54,0.3388588,1.0429986,0.0057573738,0.20435956,0
658,10.966666,0.14202508,33.262108,33.404133,-0.0020793132,33.404133,0.00010034336,238,238,54,0.32429197,0.9826213,0.0055246274,0.20461088,0
659,10.983334,0.1292019,33.272923,33.402122,-0.0020111091,33.402122,0.00010040295,237,237,54,0.30865544,0.92524505,0.0052719703,0.20487343,0
660,11,0.11632078,33.2839,33.400223,-0.0018989723,33.400223,0.00010030673,238,238,56,0.2923648,0.8677445,0.005005015,0.20513706,0
661,11.016666,0.1032647,33.295033,33.398296,-0.0019256407,33.398296,0.00010035713,238,238,56,0.27570882,0.82052296,0.0047296174,0.20539664,0
662,11.033334,0.09085861,33.30562,33.396477,-0.0018202988,33.396477,0.00010028638,238,238,61,0.25922683,0.780579,0.004452936,0.20563988,0
663,11.05,0.0795728,33.315174,33.394745,-0.0017326258,33.394745,0.00010032297,234,234,60,0.24336039,0.74176574,0.004182125,0.20585701,0
664,11.066667,0.06971287,33.323364,33.393078,-0.0016668737,33.393078,0.000100311045,232,232,59,0.2286008,0.70850265,0.003926036,0.20604077,0
665,11.083333,0.061548177,33.32994,33.391487,-0.0015894728,33.391487,0.0001003299,234,234,60,0.2155269,0.67778975,0.0036932584,0.20618509,0
666,11.1,0.05529388,33.33468,33.389973,-0.0015168595,33.389973,0.00010033518,235,235,60,0.20479512,0.6495957,0.003494256,0.20628518,0
667,11.116667,0.051097523,33.33742,33.38852,-0.00145431,33.38852,0.00010033113,234,234,60,0.197012,0.62234044,0.0033390075,0.20633711,0
668,11.133333,0.049015485,33.33805,33.387066,-0.0014529304,33.387066,0.00010027915,233,233,59,0.19259773,0.6017883,0.003237017,0.2063381,0
669,11.15,0.049052443,33.336567,33.38562,-0.0014455372,33.38562,0.00010034661,233,233,59,0.1918351,0.5868894,0.0031943594,0.20628735,0
670,11.166667,0.05114166,33.33302,33.384163,-0.0014573381,33.384163,0.00010034296,233,233,59,0.19470167,0.5771692,0.0032122938,0.20618293,0
671,11.183333,0.05509945,33.32758,33.38268,-0.0014812442,33.38268,0.00010039718,233,233,59,0.19838312,0.5393186,0.0032732429,0.20602937,0
672,11.2,0.060800854,33.32053,33.381332,-0.0013488104,33.381332,0.00010035956,233,233,59,0.20737562,0.5113546,0.0033740713,0.20583154,0
673,11.216666,0.06795902,33.312035,33.379993,-0.0013376347,33.379993,0.00010029011,233,233,59,0.21903975,0.54234314,0.003551551,0.20560011,0
674,11.233334,0.07629243,33.302288,33.378582,-0.0014121253,33.378582,0.000100304336,230,230,58,0.23168823,0.57624376,0.0037557133,0.2053408,0
675,11.25,0.08551098,33.291607,33.377117,-0.0014658367,33.377117,0.00010027775,229,229,58,0.24485151,0.61121494,0.003971424,0.2050602,0
676,11.266666,0.0953199,33.280285,33.375603,-0.0015127233,33.375603,0.00010028086,227,227,57,0.25823036,0.64999324,0.004193333,0.20476545,0
677,11.283334,0.10538626,33.268654,33.37404,-0.001565176,33.37404,0.00010019873,229,229,58,0.27131677,0.6902292,0.004414939,0.20446415,0
678,11.3,0.11539134,33.256992,33.372383,-0.0016548902,33.372383,0.0001003097,227,227,58,0.28383738,0.7391197,0.004627907,0.20416254,0
679,11.316667,0.12507322,33.2457,33.370773,-0.0016089957,33.370773,0.00010030653,227,227,58,0.29580215,0.7830093,0.0048322207,0.2038701,0
680,11.333333,0.13410854,33.235027,33.369133,-0.0016397557,33.369133,0.00010031241,227,227,57,0.30680475,0.8193982,0.005024261,0.20359546,0
681,11.35,0.14220479,33.225212,33.367416,-0.001716452,33.367416,0.00010028821,228,228,57,0.31648654,0.85225946,0.005196741,0.20334637,0
682,11.366667,0.1491247,33.216625,33.36575,-0.0016701616,33.36575,0.000100307676,227,227,57,0.32466248,0.88248366,0.005345462,0.20313111,0
683,11.383333,0.1546623,33.20949,33.36415,-0.0015955693,33.36415,0.00010034636,226,226,57,0.3312327,0.9066834,0.005468123,0.20295687,0
684,11.4,0.15861729,33.20394,33.362556,-0.0015956018,33.362556,0.00010029279,225,225,57,0.3360285,0.92856073,0.0055626356,0.20282795,0
685,11.416667,0.16085805,33.199986,33.360844,-0.0017126286,33.360844,0.00010037627,225,225,57,0.33897284,0.9451377,0.005626791,0.202746,0
686,11.433333,0.16132735,33.197754,33.35908,-0.0017621727,33.35908,0.000100347446,224,224,57,0.34001306,0.9557238,0.0056594997,0.20271417,0
687,11.45,0.1600057,33.197277,33.357285,-0.0017992875,33.357285,0.000100396726,227,227,58,0.33912763,0.95965856,0.0056604096,0.20273395,0
688,11.466666,0.15693113,33.19855,33.35548,-0.0018009028,33.35548,0.00010044405,228,228,58,0.3363076,0.9577527,0.005629096,0.20280522,0
689,11.483334,0.15218885,33.20148,33.35367,-0.0018122009,33.35367,0.00010039658,227,227,58,0.33158052,0.94965243,0.0055656647,0.20292571,0
690,11.5,0.14591648,33.205944,33.35186,-0.0018109117,33.35186,0.00010037368,226,226,58,0.32499188,0.9363071,0.005470852,0.203092,0
691,11.516666,0.13828492,33.211784,33.350067,-0.0017906916,33.350067,0.00010043835,226,226,58,0.31661645,0.91780436,0.0053454484,0.2032993,0
692,11.533334,0.1295194,33.218777,33.348297,-0.0017723297,33.348297,0.00010049729,226,226,58,0.3065701,0.8937965,0.005191288,0.20354101,0
693,11.55,0.119878404,33.2267,33.346577,-0.0017182728,33.346577,0.0001004809,226,226,58,0.29500735,0.8648412,0.005010619,0.20381027,0
694,11.566667,0.10964372,33.23528,33.34492,-0.0016562532,33.34492,0.00010048312,226,226,58,0.28212655,0.8305951,0.0048062745,0.20409858,0
695,11.583333,0.09912755,33.244152,33.343277,-0.001643303,33.343277,0.00010051954,229,229,58,0.26822355,0.7890172,0.0045823976,0.20439519,0
696,11.6,0.08862925,33.2531,33.341732,-0.0015469609,33.341732,0.0001005151,232,232,59,0.253529,0.74830824,0.0043431954,0.20469224,0
697,11.616667,0.07847194,33.26183,33.3403,-0.0014287555,33.3403,0.00010056042,233,233,59,0.23848361,0.70376784,0.0040946743,0.20498045,0
698,11.633333,0.06894374,33.27003,33.338974,-0.0013281665,33.338974,0.00010044171,233,233,59,0.22345856,0.65845406,0.0038434197,0.2052501,0
699,11.65,0.060316917,33.277405,33.337723,-0.001252911,33.337723,0.00010048861,234,234,59,0.20894241,0.61379623,0.0035964255,0.20549223,0
700,11.666667,0.052831344,33.283794,33.336624,-0.001095225,33.336624,0.00010046867,234,234,59,0.19548306,0.57247204,0.003362281,0.20570113,0
701,11.683333,0.046692796,33.288895,33.335587,-0.0010393382,33.335587,0.000100531375,235,235,59,0.18370508,0.5357499,0.0031513034,0.20586896,0
702,11.7,0.04205916,33.292526,33.334583,-0.0010014619,33.334583,0.000100568075,234,234,59,0.17424658,0.50651824,0.0029738743,0.2059909,0
703,11.716666,0.03902391,33.29461,33.333633,-0.00095340447,33.333633,0.0001004376,234,234,60,0.16770388,0.48476687,0.002840409,0.20606439,0
704,11.733334,0.037433755,33.295113,33.33255,-0.0010834109,33.33255,0.00010051551,235,235,60,0.16445926,0.4709425,0.0027595267,0.20608877,0
705,11.75,0.037480496,33.293583,33.331066,-0.0014833042,33.331066,0.00010063223,233,233,60,0.16461526,0.46559146,0.0027342995,0.20606306,0
706,11.766666,0.039495982,33.29049,33.329987,-0.0010780212,33.329987,0.00010042148,233,233,60,0.16845648,0.4750855,0.0027689151,0.20599161,0
707,11.783334,0.043067347,33.285984,33.329052,-0.00093630777,33.329052,0.00010032324,233,233,60,0.17544132,0.48708135,0.0028613817,0.20587322,0
708,11.8,0.047959775,33.28017,33.32813,-0.0009205157,33.32813,0.00010033605,233,233,60,0.18457757,0.5014172,0.002998181,0.20571008,0
709,11.816667,0.0539882,33.273216,33.3272,-0.0009270218,33.3272,0.00010032875,233,233,60,0.1951465,0.52097994,0.003164008,0.20550871,0
710,11.833333,0.060940187,33.265316,33.326256,-0.00094695983,33.326256,0.00010025932,236,236,61,0.20664094,0.54436576,0.0033490623,0.20527615,0
711,11.85,0.06857742,33.256657,33.325233,-0.0010214924,33.325233,0.000100275276,236,236,61,0.2185975,0.57073116,0.0035455036,0.20501828,0
712,11.866667,0.07663058,33.247543,33.324173,-0.001062449,33.324173,0.00010028821,235,235,61,0.23009875,0.58254606,0.0037408546,0.20474268,0
713,11.883333,0.08486346,33.23819,33.32305,-0.0011207897,33.32305,0.00010029611,235,235,61,0.24175188,0.61052567,0.003935031,0.20445523,0
714,11.9,0.09300704,33.228848,33.321854,-0.0011977965,33.321854,0.00010030842,235,235,61,0.2529673,0.6393756,0.0041261907,0.204163,0
715,11.916667,0.1008039,33.219765,33.32057,-0.0012833282,33.32057,0.00010023743,235,235,61,0.26349512,0.66975576,0.0043075653,0.20387281,0
716,11.933333,0.108013086,33.211216,33.31923,-0.0013403142,33.31923,0.00010035107,233,233,61,0.2730925,0.6980952,0.0044756285,0.20359315,0
717,11.95,0.11440678,33.203426,33.317833,-0.0013983484,33.317833,0.00010035128,233,233,61,0.28151104,0.7241424,0.004625851,0.2033314,0
718,11.966666,0.11978779,33.196598,33.316383,-0.0014467522,33.316383,0.0001002828,231,231,61,0.28860456,0.7475441,0.0047550956,0.20309354,0
719,11.983334,0.123990886,33.1909,33.314888,-0.0014952994,33.314888,0.00010031601,230,230,60,0.2942506,0.7683104,0.0048611364,0.2028848,0
720,12,0.12688458,33.186462,33.313347,-0.0015409921,33.313347,0.000100271725,229,229,60,0.2983232,0.78777343,0.0049419864,0.20270965,0
721,12.016666,0.12838052,33.18339,33.311775,-0.0015751178,33.311775,0.000100251025,229,229,60,0.30078712,0.80339664,0.0049962243,0.20257139,0
722,12.033334,0.12843357,33.181747,33.31018,-0.0015930482,33.31018,0.000100260615,230,230,60,0.301578,0.8135008,0.0050229444,0.20247279,0
723,12.05,0.1267828,33.181522,33.308308,-0.0018733868,33.308308,0.000100276106,230,230,60,0.3007235,0.8146324,0.0050215824,0.20241812,0
724,12.066667,0.12412939,33.18247,33.3066,-0.0017080841,33.3066,0.00010040659,231,231,60,0.29827708,0.80247706,0.004994716,0.20240894,0
725,12.083333,0.120191604,33.18475,33.304943,-0.0016569338,33.304943,0.000100369805,231,231,60,0.29396668,0.8067427,0.0049374085,0.20244093,0
726,12.1,0.11502085,33.188305,33.303326,-0.0016158865,33.303326,0.00010038074,230,230,60,0.288072,0.8063717,0.004851855,0.20251013,0
727,12.116667,0.10877029,33.192978,33.30175,-0.0015771346,33.30175,0.000100333236,229,229,60,0.28065246,0.80243456,0.0047403085,0.20261215,0
728,12.133333,0.101626635,33.198605,33.30023,-0.0015190765,33.30023,0.00010032699,229,229,60,0.27183735,0.79164076,0.004604478,0.20274201,0
729,12.15,0.09380684,33.204967,33.298775,-0.0014560485,33.298775,0.00010036004,229,229,60,0.26173022,0.7756078,0.0044462895,0.2028936,0
730,12.166667,0.08554189,33.21183,33.29737,-0.0014032717,33.29737,0.000100366924,227,227,59,0.2504867,0.75316244,0.0042678365,0.20306055,0
731,12.183333,0.07707227,33.218964,33.296036,-0.0013351154,33.296036,0.00010035469,229,229,59,0.23829378,0.7233473,0.0040719234,0.20323646,0
732,12.2,0.068640426,33.22612,33.29476,-0.0012747283,33.29476,0.00010036366,229,229,59,0.22537164,0.6887107,0.0038619507,0.20341487,0
733,12.216666,0.060488895,33.23307,33.29356,-0.0012022331,33.29356,0.00010036789,230,230,59,0.21201336,0.65180284,0.0036422394,0.20358935,0
734,12.233334,0.052850578,33.23957,33.29242,-0.001137577,33.29242,0.00010038316,230,230,59,0.19857636,0.6143015,0.0034181257,0.20375334,0
735,12.25,0.045936827,33.24539,33.291332,-0.0010905034,33.291332,0.00010028754,229,229,59,0.18543117,0.5833525,0.003195786,0.2039005,0
736,12.266666,0.039848518,33.25039,33.290237,-0.0010946714,33.290237,0.00010033856,231,231,59,0.17318112,0.5482068,0.0029830826,0.20402576,0
737,12.283334,0.034674514,33.25445,33.289124,-0.0011110594,33.289124,0.000100293,232,232,59,0.1622553,0.525663,0.0027887595,0.20412685,0
738,12.3,0.030804807,33.257263,33.288067,-0.0010573358,33.288067,0.000100271616,233,233,60,0.15336783,0.5047197,0.0026227196,0.20419745,0
739,12.316667,0.028320046,33.25874,33.287056,-0.0010095806,33.287056,0.000100265715,230,230,59,0.14712186,0.4871406,0.0024958712,0.2042351,0
740,12.333333,0.027247343,33.258827,33.286076,-0.0009822611,33.286076,0.00010026171,230,230,59,0.14400375,0.47433767,0.0024175963,0.20423797,0
741,12.35,0.027568428,33.25758,33.28515,-0.00092732464,33.28515,0.00010030037,232,232,60,0.1442311,0.46307182,0.0023939253,0.2042061,0
742,12.366667,0.02922508,33.255062,33.28429,-0.00085945235,33.28429,0.000100280085,235,235,61,0.14767893,0.45801812,0.002425688,0.20414008,0
743,12.383333,0.032075074,33.251472,33.283546,-0.0007417812,33.283546,0.000100352176,235,235,61,0.15380336,0.45687413,0.0025072226,0.20404254,0
744,12.4,0.035944328,33.24666,33.2826,-0.0009449928,33.2826,0.00010059156,234,234,61,0.16187164,0.4641146,0.0026269401,0.20391122,0
745,12.416667,0.040677216,33.24096,33.28164,-0.00096417574,33.28164,0.000100602265,232,232,60,0.17122026,0.4820022,0.0027729075,0.2037554,0
746,12.433333,0.046118267,33.23457,33.28069,-0.00094813126,33.28069,0.00010067007,233,233,60,0.18135874,0.5007428,0.0029362359,0.20358156,0
747,12.45,0.052064884,33.22761,33.27968,-0.001012155,33.27968,0.00010054045,232,232,59,0.191858,0.5209279,0.0031089096,0.20339467,0
748,12.466666,0.058338057,33.220318,33.278656,-0.0010209362,33.278656,0.00010057119,232,232,59,0.20237452,0.53908,0.0032847452,0.20320076,0
749,12.483334,0.06471932,33.21287,33.27759,-0.0010652998,33.27759,0.00010059887,231,231,59,0.21257399,0.5601999,0.0034578752,0.20300493,0
750,12.5,0.07101491,33.20547,33.276485,-0.0011042629,33.276485,0.000100549914,228,228,58,0.22221997,0.5793205,0.0036235137,0.20281239,0
751,12.516666,0.07701667,33.198322,33.27534,-0.0011470413,33.27534,0.00010058931,229,229,58,0.23110819,0.59857166,0.003778097,0.20262808,0
752,12.533334,0.08254642,33.191628,33.274174,-0.0011648413,33.274174,0.00010065216,229,229,58,0.23908648,0.61590874,0.0039186785,0.20245703,0
753,12.55,0.08742374,33.185535,33.272957,-0.0012175931,33.272957,0.000100618854,229,229,58,0.24600595,0.6340417,0.0040427754,0.20230316,0
754,12.566667,0.09150278,33.180233,33.271736,-0.0012225033,33.271736,0.000100555495,229,229,58,0.2517967,0.6469145,0.004148592,0.20217107,0
755,12.583333,0.09465245,33.175827,33.27048,-0.0012555883,33.27048,0.000100591744,227,227,57,0.25633442,0.66135263,0.0042346413,0.20206389,0
756,12.6,0.096779525,33.17244,33.269222,-0.0012585432,33.269222,0.00010054381,226,226,57,0.25954074,0.6743936,0.0042989845,0.20198461,0
757,12.616667,0.097810976,33.17011,33.267918,-0.001302104,33.267918,0.00010064604,226,226,57,0.26137015,0.68552744,0.0043407627,0.20193473,0
758,12.633333,0.09771978,33.168907,33.26663,-0.0012922223,33.26663,0.000100578756,227,227,57,0.26178694,0.6939662,0.004359254,0.20191604,0
759,12.65,0.09650461,33.16883,33.265335,-0.0012918179,33.265335,0.00010055191,227,227,57,0.26076916,0.6993565,0.0043539647,0.20192878,0
760,12.666667,0.094198,33.16983,33.26403,-0.0013057508,33.26403,0.00010062621,227,227,57,0.2583024,0.70232385,0.004324623,0.2019722,0
761,12.683333,0.090872474,33.171852,33.262722,-0.001306194,33.262722,0.000100587225,228,228,57,0.25440025,0.70184916,0.004271168,0.20204495,0
762,12.7,0.08662347,33.17481,33.261433,-0.0012893355,33.261433,0.00010061728,228,228,57,0.24909173,0.6972797,0.004194071,0.2021452,0
763,12.716666,0.08157709,33.17859,33.260166,-0.0012662308,33.260166,0.000100591235,227,227,57,0.24242005,0.6889189,0.004093876,0.20226997,0
764,12.733334,0.075878754,33.183037,33.258915,-0.0012511837,33.258915,0.00010055438,226,226,57,0.23445573,0.6767536,0.003971632,0.20241542,0
765,12.75,0.06970089,33.188004,33.257706,-0.0012118187,33.257706,0.00010063725,226,226,57,0.22530764,0.6592284,0.0038285966,0.20257737,0
766,12.766666,0.06322269,33.193306,33.25653,-0.0011739976,33.25653,0.00010061732,227,227,57,0.21509312,0.63740796,0.0036668165,0.20275079,0
767,12.783334,0.0566323,33.198772,33.255405,-0.0011264203,33.255405,0.000100636804,229,229,57,0.20397592,0.6116521,0.0034885348,0.20293051,0
768,12.8,0.050121196,33.20427,33.25439,-0.0010132148,33.25439,0.000100613266,230,230,57,0.19216241,0.582252,0.0032966284,0.20311187,0
769,12.816667,0.04387646,33.20953,33.253403,-0.0009860846,33.253403,0.00010057621,231,231,57,0.17991851,0.5492333,0.0030956636,0.2032877,0
770,12.833333,0.038076963,33.2144,33.25248,-0.0009244025,33.25248,0.00010054684,231,231,57,0.16756761,0.5137203,0.0028901233,0.20345294,0
771,12.85,0.032887526,33.218723,33.251614,-0.00086746825,33.251614,0.00010046798,232,232,58,0.15554722,0.47585407,0.0026865758,0.20360222,0
772,12.866667,0.02844807,33.222355,33.250805,-0.00080828083,33.250805,0.00010049535,232,232,58,0.14430161,0.43793166,0.0024920756,0.20373051,0
773,12.883333,0.024875766,33.225166,33.250042,-0.0007627592,33.250042,0.000100519756,231,231,58,0.13442087,0.4019883,0.0023153608,0.20383367,0
774,12.9,0.022263115,33.22704,33.249306,-0.00073745905,33.249306,0.00010051272,230,230,58,0.12652698,0.36968163,0.0021667497,0.20390768,0
775,12.916667,0.020656098,33.22795,33.248608,-0.0006952744,33.248608,0.000100433754,231,231,58,0.121197306,0.34370583,0.0020564008,0.20395069,0
776,12.933333,0.020065265,33.22788,33.247944,-0.0006668112,33.247944,0.00010038278,234,234,59,0.11882475,0.32596532,0.0019926925,0.20396134,0
777,12.95,0.020469872,33.2268,33.24727,-0.00067472056,33.24727,0.00010045457,237,234,60,0.11945215,0.31712076,0.0019793392,0.20393932,0
778,12.966666,0.021817839,33.22477,33.24659,-0.00067934784,33.24659,0.000100337376,234,234,59,0.12276652,0.3167839,0.00201394,0.20388606,0
779,12.983334,0.02403033,33.22187,33.2459,-0.00068699894,33.2459,0.000100362624,234,234,59,0.12824662,0.3216937,0.0020891093,0.20380458,0
780,13,0.027012166,33.218185,33.245197,-0.00070337305,33.245197,0.00010030558,237,237,60,0.13535455,0.33065727,0.0021955832,0.20369846,0
781,13.016666,0.03064847,33.21385,33.244495,-0.0007004599,33.244495,0.0001002523,237,237,60,0.14359017,0.34151354,0.0023246414,0.20357223,0
782,13.033334,0.034806967,33.208958,33.243767,-0.00073156226,33.243767,0.00010029801,236,236,60,0.15250291,0.35572314,0.0024684505,0.20342955,0
783,13.05,0.039342154,33.203648,33.24299,-0.0007773296,33.24299,0.0001002164,236,236,60,0.1617377,0.37221485,0.0026204814,0.20327392,0
784,13.066667,0.04410097,33.19808,33.24218,-0.00081006315,33.24218,0.00010027537,238,238,61,0.17100964,0.3906156,0.002775325,0.20310944,0
785,13.083333,0.04892716,33.192398,33.241325,-0.00085341337,33.241325,0.00010024475,237,237,61,0.18007943,0.41075248,0.0029285874,0.2029399,0
786,13.1,0.05366527,33.18677,33.240437,-0.00088962825,33.240437,0.00010025955,237,237,61,0.18874969,0.4327597,0.0030766875,0.20276904,0
787,13.116667,0.058164667,33.18133,33.2395,-0.00093863957,33.2395,0.00010026659,237,237,61,0.19685285,0.45608085,0.0032166333,0.20260046,0
788,13.133333,0.06228631,33.176235,33.23852,-0.000973245,33.23852,0.00010028387,236,236,61,0.20424137,0.4801964,0.0033458516,0.20243785,0
789,13.15,0.06589901,33.171604,33.237503,-0.0010214939,33.237503,0.000100263605,235,235,61,0.21077858,0.50512326,0.0034619384,0.20228466,0
790,13.166667,0.06889203,33.16755,33.236443,-0.0010611048,33.236443,0.000100255485,234,234,60,0.21635084,0.52977395,0.0035628097,0.2021441,0
791,13.183333,0.07117324,33.164173,33.235348,-0.0010944355,33.235348,0.00010019948,234,234,60,0.22086124,0.5535679,0.003646777,0.20201923,0
792,13.2,0.07267284,33.161545,33.23422,-0.0011290633,33.23422,0.000100267054,234,234,60,0.2242261,0.5755079,0.003712281,0.20191261,0
793,13.216666,0.07334579,33.15972,33.233067,-0.0011512041,33.233067,0.00010029315,234,234,60,0.2263726,0.5951912,0.0037580463,0.20182627,0
794,13.233334,0.07317033,33.158714,33.231884,-0.0011801345,33.231884,0.000100270416,233,233,60,0.22723976,0.6119254,0.0037829462,0.2017618,0
795,13.25,0.07215085,33.158546,33.230698,-0.0011897269,33.230698,0.00010021901,233,233,60,0.22677809,0.62539256,0.0037860663,0.2017202,0
796,13.266666,0.07031569,33.15918,33.229496,-0.0012007272,33.229496,0.0001002551,232,232,60,0.22496049,0.6348715,0.0037668445,0.20170178,0
797,13.283334,0.06771784,33.16058,33.228294,-0.0011991486,33.228294,0.000100227815,234,234,60,0.22177336,0.64005077,0.0037248083,0.20170623,0
798,13.3,0.06443384,33.162666,33.2271,-0.0011976635,33.2271,0.000100347934,232,232,59,0.21723647,0.63970304,0.0036600793,0.20173241,0
799,13.316667,0.06055771,33.165333,33.225887,-0.0012094023,33.225887,0.00010029333,232,232,59,0.21138406,0.63380194,0.0035732002,0.20177804,0
800,13.333333,0.05619375,33.16853,33.224724,-0.0011670375,33.224724,0.00010037828,232,232,59,0.20422162,0.62747324,0.0034648986,0.20184126,0
801,13.35,0.05148014,33.17213,33.22361,-0.0011108635,33.22361,0.000100374236,231,231,59,0.19592951,0.6100228,0.0033354822,0.20191911,0
802,13.366667,0.046548557,33.175983,33.222534,-0.0010782895,33.222534,0.00010039429,232,232,59,0.18661067,0.58421206,0.0031881921,0.202008,0
803,13.383333,0.041542105,33.179966,33.221508,-0.0010238104,33.221508,0.00010031467,228,228,57,0.17640188,0.553534,0.003024656,0.20210397,0
804,13.4,0.03660227,33.183918,33.22052,-0.0009892836,33.22052,0.000100398705,230,230,58,0.16549027,0.5213692,0.0028482263,0.20220262,0
805,13.416667,0.031879168,33.187714,33.219593,-0.0009261673,33.219593,0.00010040683,231,231,58,0.15420319,0.48102438,0.0026626026,0.20229968,0
806,13.433333,0.027500648,33.191216,33.21872,-0.0008756914,33.21872,0.000100374345,231,231,58,0.14280574,0.4402204,0.0024727671,0.20239075,0
807,13.45,0.02359275,33.19431,33.217903,-0.00081488764,33.217903,0.000100374404,230,230,58,0.1317115,0.39816537,0.0022844563,0.20247193,0
808,13.466666,0.020262044,33.196888,33.217148,-0.0007535866,33.217148,0.00010045193,230,230,58,0.12138754,0.3569658,0.0021050067,0.20253971,0
809,13.483334,0.017594412,33.198853,33.21645,-0.0007016661,33.21645,0.00010043411,230,230,58,0.11236565,0.3186752,0.0019428005,0.20259117,0
810,13.5,0.015648069,33.20016,33.21581,-0.00063941086,33.21581,0.000100492696,231,231,58,0.105192095,0.2867068,0.0018068298,0.20262471,0
811,13.516666,0.0144582,33.20078,33.21524,-0.00056973787,33.21524,0.00010032632,231,231,58,0.10038656,0.2619482,0.0017063217,0.20263943,0
812,13.533334,0.01402279,33.200665,33.214687,-0.000549794,33.214687,0.00010037472,230,230,58,0.09818157,0.24600177,0.0016480228,0.20263454,0
813,13.55,0.0143153425,33.199825,33.21414,-0.00054836547,33.21414,0.00010028457,227,227,57,0.09856651,0.23898453,0.0016335218,0.20261088,0
814,13.566667,0.015292143,33.198307,33.2136,-0.0005421057,33.2136,0.00010028757,227,227,57,0.101340085,0.23824424,0.0016607954,0.20256996,0
815,13.583333,0.016893754,33.196167,33.21306,-0.0005392552,33.21306,0.000100380035,227,227,57,0.10613748,0.24355656,0.0017251486,0.20251332,0
816,13.6,0.019047868,33.193462,33.21251,-0.0005488623,33.21251,0.00010039577,227,227,57,0.11238528,0.25416377,0.0018185258,0.20244278,0
817,13.616667,0.02166782,33.190266,33.211933,-0.000576302,33.211933,0.00010031002,228,228,57,0.11961755,0.26864132,0.0019318151,0.20236063,0
818,13.633333,0.024655286,33.186672,33.211327,-0.00060796516,33.211327,0.00010028835,227,227,57,0.1274605,0.2854569,0.0020582168,0.2022691,0
819,13.65,0.027906684,33.18278,33.210686,-0.0006393032,33.210686,0.000100345416,227,227,57,0.1355918,0.30412218,0.0021919345,0.20217067,0
820,13.666667,0.03132763,33.178772,33.210102,-0.0005864661,33.210102,0.00010046629,227,227,57,0.14374384,0.31950188,0.002328172,0.20206884,0
821,13.683333,0.034793086,33.17466,33.209454,-0.00064719515,33.209454,0.00010033747,226,226,57,0.15164645,0.34152785,0.0024618115,0.20196505,0
822,13.7,0.03818631,33.170563,33.208748,-0.0007052955,33.208748,0.00010034465,226,226,57,0.15922017,0.36429727,0.0025909988,0.20186187,0
823,13.716666,0.04139793,33.16662,33.208015,-0.0007314553,33.208015,0.00010040527,226,226,57,0.16627184,0.3873008,0.0027128106,0.20176244,0
824,13.733334,0.04433053,33.162895,33.207226,-0.0007905162,33.207226,0.00010045713,226,226,57,0.17265238,0.41114393,0.0028247205,0.20166862,0
825,13.75,0.04689659,33.15953,33.20643,-0.0007979439,33.20643,0.000100434285,223,223,56,0.17824912,0.4344273,0.002924587,0.20158383,0
826,13.766666,0.049011674,33.15658,33.205593,-0.00083378307,33.205593,0.00010038763,223,223,56,0.18298675,0.45681664,0.0030106527,0.20150994,0
827,13.783334,0.050610498,33.15412,33.20473,-0.00086141814,33.20473,0.000100488476,223,223,56,0.18675634,0.4779274,0.0030813408,0.20144896,0
828,13.8,0.051642705,33.15222,33.203865,-0.0008675899,33.203865,0.000100430174,223,223,56,0.18949965,0.49617362,0.0031353883,0.20140305,0
829,13.816667,0.052082907,33.150875,33.202957,-0.0009069637,33.202957,0.000100404235,225,225,56,0.19112918,0.5128767,0.0031716623,0.20137264,0
830,13.833333,0.05190529,33.15014,33.202045,-0.00091412716,33.202045,0.00010044594,225,225,56,0.19161855,0.5264917,0.0031890671,0.20135947,0
831,13.85,0.05112293,33.15,33.201126,-0.0009180238,33.201126,0.00010044356,225,225,56,0.19093682,0.53575516,0.0031872666,0.20136373,0
832,13.866667,0.04975311,33.150417,33.200172,-0.0009543476,33.200172,0.000100561854,225,225,56,0.1890794,0.53969544,0.0031655503,0.20138451,0
833,13.883333,0.04783295,33.151405,33.199238,-0.00093443476,33.199238,0.0001005414,224,224,56,0.18602806,0.54000765,0.0031242261,0.2014222,0
834,13.9,0.045417722,33.15288,33.1983,-0.0009370545,33.1983,0.00010058159,224,224,56,0.18180826,0.5355955,0.0030633584,0.20147517,0
835,13.916667,0.04258153,33.15479,33.197372,-0.0009295804,33.197372,0.00010053507,224,224,56,0.17646809,0.52547336,0.0029833904,0.20154181,0
836,13.933333,0.039403405,33.15707,33.196472,-0.0008974346,33.196472,0.00010057232,225,225,56,0.170059,0.51099986,0.002885133,0.20162025,0
837,13.95,0.035978075,33.159607,33.195583,-0.00088844384,33.195583,0.00010059238,225,225,56,0.16269134,0.49072495,0.0027699706,0.20170729,0
838,13.966666,0.032403946,33.162342,33.194744,-0.00083889964,33.194744,0.00010057899,225,225,56,0.15444754,0.46701494,0.0026393533,0.20180078,0
839,13.983334,0.028786948,33.16515,33.193935,-0.0008087851,33.193935,0.00010058488,226,226,56,0.14549373,0.4382095,0.0024956306,0.20189676,0
840,14,0.025231631,33.167942,33.193172,-0.0007640588,33.193172,0.000100599085,227,227,56,0.13599516,0.4067122,0.0023414057,0.20199223,0
841,14.016666,0.0218396,33.170624,33.192467,-0.00070767687,33.192467,0.00010048716,227,227,56,0.12615806,0.37496927,0.0021800515,0.20208488,0
842,14.033334,0.018709099,33.173103,33.19181,-0.00065463176,33.19181,0.00010051582,226,226,56,0.116307065,0.33997467,0.0020155695,0.20217125,0
843,14.05,0.01592846,33.175278,33.191208,-0.0006035274,33.191208,0.000100495694,227,227,56,0.106749736,0.30441502,0.0018532892,0.20224744,0
844,14.066667,0.013574875,33.17705,33.190628,-0.00057997677,33.190628,0.00010048287,230,230,57,0.09789925,0.26995534,0.0016992193,0.20231041,0
845,14.083333,0.011703568,33.17839,33.190094,-0.0005344498,33.190094,0.000100459074,230,230,57,0.09020012,0.23875535,0.0015607098,0.20235844,0
846,14.1,0.010360143,33.179234,33.18959,-0.00050084403,33.18959,0.00010050905,233,233,58,0.08416019,0.21219021,0.00144589,0.20239012,0
847,14.116667,0.0095631,33.17956,33.189125,-0.00046686054,33.189125,0.000100430676,233,233,58,0.08016544,0.19166908,0.0013622202,0.20240457,0
848,14.133333,0.009306582,33.17937,33.18868,-0.000447379,33.18868,0.000100384015,233,233,58,0.078399986,0.17681234,0.0013150454,0.20240213,0
849,14.15,0.009569244,33.17866,33.188232,-0.000446581,33.188232,0.00010035309,232,232,58,0.0787781,0.1681203,0.0013045144,0.20238371,0
850,14.166667,0.010314345,33.17746,33.187775,-0.00045808713,33.187775,0.000100387835,233,233,58,0.0817269,0.17326438,0.0013335596,0.20235059,0
851,14.183333,0.011493146,33.175808,33.187298,-0.00047327613,33.187298,0.000100334815,233,233,58,0.08627085,0.18279585,0.0013981229,0.20230438,0
852,14.2,0.013051185,33.173767,33.186817,-0.00048074799,33.186817,0.000100372104,233,233,58,0.092008345,0.19528405,0.0014847184,0.20224676,0
853,14.216666,0.014926507,33.1714,33.186325,-0.0004926481,33.186325,0.000100384845,233,233,58,0.09844775,0.20922534,0.0015869546,0.20217936,0
854,14.233334,0.017049082,33.168785,33.185833,-0.000492285,33.185833,0.00010033499,233,233,58,0.10527793,0.2241719,0.0016988848,0.20210423,0
855,14.25,0.01934112,33.16594,33.18528,-0.00055424916,33.18528,0.000100304096,233,233,58,0.11208384,0.23820706,0.001812904,0.20202212,0
856,14.266666,0.021722957,33.163002,33.184727,-0.0005530639,33.184727,0.00010024005,232,232,58,0.11874595,0.2520326,0.0019253783,0.2019363,0
857,14.283334,0.024116945,33.16002,33.184135,-0.00059228664,33.184135,0.000100250785,232,232,58,0.12506483,0.26502043,0.0020339105,0.20184806,0
858,14.3,0.026442878,33.157043,33.183487,-0.0006478704,33.183487,0.00010032753,234,234,59,0.13094702,0.27753535,0.0021359844,0.20175894,0
859,14.316667,0.028626023,33.154217,33.182842,-0.0006430262,33.182842,0.000100343656,234,234,59,0.13621835,0.28854612,0.0022286382,0.20167232,0
860,14.333333,0.030598762,33.15157,33.18217,-0.00067437394,33.18217,0.00010033906,234,234,59,0.14097252,0.30080816,0.0023121377,0.20158902,0
861,14.35,0.032295633,33.149178,33.181473,-0.0006962033,33.181473,0.00010021962,234,234,59,0.14514108,0.31406575,0.0023865632,0.20151088,0
862,14.366667,0.033663515,33.147095,33.18076,-0.0007142961,33.18076,0.000100286066,234,234,59,0.14866483,0.32828313,0.0024505993,0.20143926,0
863,14.383333,0.0346587,33.145363,33.180023,-0.0007366967,33.180023,0.00010027192,234,234,59,0.15148388,0.34304893,0.002503441,0.20137553,0
864,14.4,0.035251528,33.144016,33.179268,-0.0007558343,33.179268,0.00010032339,234,234,59,0.15354206,0.35802147,0.0025440315,0.20132051,0
865,14.416667,0.03542397,33.14307,33.178493,-0.00077138515,33.178493,0.00010031129,234,234,59,0.15479141,0.3725399,0.002571531,0.2012752,0
866,14.433333,0.035171267,33.14254,33.17771,-0.0007843867,33.17771,0.00010028522,234,234,59,0.15517245,0.38647494,0.0025849738,0.20124009,0
867,14.45,0.03450058,33.1424,33.1769,-0.00081167225,33.1769,0.000100407895,234,234,59,0.15465999,0.39893457,0.0025838367,0.20121521,0
868,14.466666,0.03343165,33.14267,33.1761,-0.0007977682,33.1761,0.0001002655,233,233,59,0.15324393,0.40859187,0.0025677287,0.2012016,0
869,14.483334,0.03199711,33.14331,33.17531,-0.0007941257,33.17531,0.00010023159,232,232,59,0.15087856,0.41645935,0.0025358375,0.20119871,0
870,14.5,0.030237641,33.144276,33.174515,-0.0007920296,33.174515,0.00010025251,232,232,59,0.14758098,0.42016178,0.0024884278,0.201206,0
871,14.516666,0.02820394,33.14553,33.173737,-0.0007783092,33.173737,0.00010031132,233,233,60,0.14336935,0.4194897,0.002425605,0.20122267,0
872,14.533334,0.025954183,33.14699,33.172947,-0.00078970555,33.172947,0.000100318415,233,233,60,0.13826978,0.41404033,0.002347915,0.20124729,0
873,14.55,0.023550814,33.14861,33.17216,-0.0007858728,33.17216,0.00010033566,232,232,60,0.13232231,0.40485138,0.0022556742,0.20127872,0
874,14.566667,0.021063102,33.150337,33.1714,-0.00076082005,33.1714,0.000100378646,232,232,60,0.12559803,0.39179075,0.0021497817,0.20131566,0
875,14.583333,0.018562313,33.152115,33.170677,-0.0007210296,33.170677,0.000100301855,232,232,60,0.11819996,0.37411147,0.002031762,0.20135626,0
876,14.6,0.016119424,33.153866,33.169987,-0.0006918889,33.169987,0.00010029494,230,230,59,0.11026454,0.35183257,0.0019036034,0.20139849,0
877,14.616667,0.013802837,33.15554,33.169342,-0.0006453925,33.169342,0.00010035971,230,230,59,0.10196031,0.32548738,0.0017678473,0.20144051,0
878,14.633333,0.011677322,33.15706,33.168736,-0.0006059429,33.168736,0.00010040876,229,229,59,0.093509816,0.29567173,0.0016276643,0.20148003,0
879,14.65,0.009799994,33.158367,33.168167,-0.00056806987,33.168167,0.00010032388,229,229,59,0.08519294,0.263797,0.0014873683,0.20151524,0
880,14.666667,0.008219986,33.15942,33.167637,-0.0005294417,33.167637,0.00010035584,228,228,59,0.0773634,0.23115009,0.0013520579,0.20154426,0
881,14.683333,0.0069748317,33.160183,33.167156,-0.00048154464,33.167156,0.00010034243,228,228,59,0.07046251,0.19983342,0.0012285406,0.20156579,0
882,14.7,0.006089651,33.160625,33.166714,-0.00044310847,33.166714,0.00010040827,228,228,59,0.06497791,0.17257926,0.0011244502,0.20157862,0
883,14.716666,0.0055787135,33.160732,33.166313,-0.00040154188,33.166313,0.00010034463,227,227,58,0.061359726,0.15000075,0.0010481351,0.20158204,0
884,14.733334,0.005180588,33.16031,33.165493,-0.0008207458,33.165493,0.00010117546,227,227,58,0.060155947,0.15005112,0.0010070868,0.20157212,0
885,14.75,0.0049666525,33.159466,33.164433,-0.0010605062,33.164433,0.00010126545,227,227,58,0.059845988,0.1614734,0.000994952,0.20155215,0
886,14.766666,0.0049115373,33.15856,33.16347,-0.0009590441,33.16347,0.000100639576,227,227,58,0.061761916,0.21199422,0.0010111993,0.20152672,0
887,14.783334,0.005649013,33.15738,33.16303,-0.00044210433,33.16303,0.0001003947,227,227,58,0.06502044,0.20581979,0.0010542128,0.20149443,0
888,14.8,0.0067184274,33.155903,33.16262,-0.00040959058,33.16262,0.00010044119,227,227,58,0.069098815,0.1928902,0.0011165139,0.20145625,0
889,14.816667,0.0080083385,33.154175,33.162186,-0.0004353178,33.162186,0.000100493315,228,228,58,0.0735582,0.17940901,0.0011882719,0.20141332,0
890,14.833333,0.009460444,33.15228,33.16174,-0.00044469963,33.16174,0.000100552395,226,226,57,0.07805829,0.16416207,0.001263246,0.20136765,0
891,14.85,0.011018262,33.15024,33.16126,-0.00047963695,33.16126,0.000100515244,226,226,57,0.08401595,0.17401615,0.0013491083,0.20131992,0
892,14.866667,0.012621979,33.14814,33.160763,-0.0004990775,33.160763,0.00010054552,226,226,57,0.08989207,0.18653199,0.0014500234,0.20127116,0
893,14.883333,0.014221425,33.146027,33.16025,-0.0005114951,33.16025,0.00010052039,226,226,57,0.09547617,0.1975446,0.0015458716,0.20122313,0
894,14.9,0.015762512,33.143948,33.15971,-0.00054076,33.15971,0.00010054638,226,226,57,0.10058841,0.20877051,0.0016350707,0.20117584,0
895,14.916667,0.017196765,33.141953,33.15915,-0.0005603073,33.15915,0.00010062275,226,226,57,0.105095,0.21831846,0.0017150779,0.20113094,0
896,14.933333,0.018479481,33.140087,33.158566,-0.00058299914,33.158566,0.00010058995,228,228,58,0.109028876,0.22730127,0.0017853086,0.2010891,0
897,14.95,0.01956998,33.138405,33.157974,-0.00059250055,33.157974,0.00010060952,228,228,58,0.11223914,0.23434885,0.0018448898,0.20105162,0
898,14.966666,0.020433111,33.13693,33.157364,-0.00060989,33.157364,0.00010064739,228,228,58,0.1147916,0.24059816,0.0018925227,0.20101929,0
899,14.983334,0.021042157,33.1357,33.156742,-0.00062074244,33.156742,0.00010056372,228,228,58,0.11658111,0.24516083,0.0019285798,0.20099284,0
900,15,0.02137811,33.13474,33.156116,-0.00062716356,33.156116,0.00010058216,228,228,58,0.11764151,0.248514,0.0019524375,0.20097286,0
901,15.016666,0.021430185,33.134056,33.155487,-0.0006297361,33.155487,0.00010052976,229,229,58,0.11795834,0.25061822,0.001963737,0.20095961,0
902,15.033334,0.02119675,33.13366,33.154858,-0.00062995317,33.154858,0.00010054492,229,229,58,0.1176036,0.2532995,0.001963069,0.20095327,0
903,15.05,0.02068559,33.13354,33.15423,-0.0006288679,33.15423,0.00010060437,226,226,57,0.11663474,0.25702685,0.0019519229,0.20095387,0
904,15.066667,0.019913254,33.133686,33.1536,-0.0006271968,33.1536,0.000100642304,225,225,57,0.11504209,0.26133788,0.0019304621,0.20096113,0
905,15.083333,0.018903736,33.13408,33.15298,-0.0006188184,33.15298,0.000100529476,225,225,57,0.11282521,0.26614624,0.0018986098,0.20097475,0
906,15.1,0.017690768,33.13468,33.15237,-0.00060862955,33.15237,0.00010063253,224,224,57,0.109966345,0.2705417,0.0018561598,0.20099401,0
907,15.116667,0.016310068,33.13546,33.15177,-0.0006017967,33.15177,0.00010052181,224,224,57,0.106466465,0.27403244,0.0018030406,0.20101844,0
908,15.133333,0.014802083,33.13638,33.15118,-0.0005897572,33.15118,0.00010058296,223,223,57,0.1023337,0.27597955,0.0017392556,0.20104724,0
909,15.15,0.013211561,33.1374,33.15061,-0.00056855165,33.15061,0.0001006865,223,223,57,0.097576864,0.27611402,0.0016650116,0.20107965,0
910,15.166667,0.011584866,33.138474,33.15006,-0.0005543509,33.15006,0.00010055059,222,222,56,0.09221637,0.27390662,0.0015805252,0.2011147,0
911,15.183333,0.009968488,33.139545,33.149513,-0.00054270227,33.149513,0.00010056471,222,222,56,0.08629696,0.26836297,0.001486304,0.20115118,0
912,15.2,0.0084080305,33.1406,33.149006,-0.0005088937,33.149006,0.00010053715,222,222,56,0.079893515,0.25886732,0.0013832997,0.20118794,0
913,15.216666,0.00694653,33.141567,33.148514,-0.000493231,33.148514,0.00010061756,222,222,56,0.073081635,0.24649361,0.0012729506,0.20122364,0
914,15.233334,0.0056234254,33.142426,33.14805,-0.00046356628,33.14805,0.0001006256,222,222,56,0.06599839,0.22989061,0.0011568182,0.20125732,0
915,15.25,0.0044735693,33.143135,33.14761,-0.00043894904,33.14761,0.00010058534,222,222,56,0.058842745,0.2092743,0.0010377128,0.20128769,0
916,15.266666,0.0035254941,33.143673,33.147198,-0.0004135652,33.147198,0.00010058392,223,223,57,0.051902756,0.18524104,0.0009196356,0.20131348,0
917,15.283334,0.0028000514,33.144012,33.146812,-0.00038528498,33.146812,0.00010057804,223,223,57,0.045602813,0.15851627,0.000808527,0.20133351,0
918,15.3,0.0023108418,33.144142,33.14645,-0.00036036174,33.14645,0.00010053809,223,223,57,0.040522378,0.13032705,0.0007126472,0.20134693,0
919,15.316667,0.0020597328,33.144054,33.146114,-0.0003385592,33.146114,0.00010057994,224,224,57,0.03737153,0.103763856,0.00064312085,0.2013528,0
920,15.333333,0.002038064,33.143745,33.145786,-0.0003277446,33.145786,0.00010049435,224,224,57,0.036616635,0.08573198,0.0006106648,0.20135064,0
921,15.35,0.002230408,33.143234,33.145466,-0.00031988783,33.145466,0.000100533885,224,224,57,0.0381694,0.08253486,0.00061848096,0.20134023,0
922,15.366667,0.002607384,33.14253,33.145138,-0.0003272804,33.145138,0.00010058934,224,224,57,0.04126933,0.0887989,0.0006605767,0.20132324,0
923,15.383333,0.003137392,33.14167,33.144806,-0.00033102723,33.144806,0.00010056372,222,222,57,0.045182485,0.09636691,0.00071984256,0.20130162,0
924,15.4,0.003795437,33.14074,33.144535,-0.0002709883,33.144535,0.00010040817,222,222,57,0.049876597,0.10813895,0.00079319515,0.201277,0
925,15.416667,0.0045558666,33.139694,33.14425,-0.0002849823,33.14425,0.00010028727,222,222,57,0.05468743,0.11892366,0.0008727454,0.20124896,0
926,15.433333,0.005388462,33.138546,33.143932,-0.00031672584,33.143932,0.00010028716,222,222,57,0.059451345,0.12891313,0.0009522739,0.20121783,0
927,15.45,0.006262223,33.137337,33.143597,-0.00033657652,33.143597,0.000100298625,222,222,57,0.06403856,0.13828537,0.001030557,0.20118481,0
928,15.466666,0.007149935,33.13609,33.143238,-0.00035836978,33.143238,0.00010029168,222,222,57,0.06837868,0.14720845,0.001105032,0.20115028,0
929,15.483334,0.008021768,33.13485,33.14287,-0.0003684292,33.14287,0.00010030935,222,222,57,0.07239014,0.15547165,0.0011746997,0.20111547,0
930,15.5,0.008849556,33.133636,33.142483,-0.0003862071,33.142483,0.000100288955,222,222,57,0.075997725,0.16288061,0.0012382413,0.20108081,0
931,15.516666,0.009606848,33.132477,33.142082,-0.00040084115,33.142082,0.000100264726,222,222,57,0.07916105,0.16943213,0.0012946192,0.20104714,0
932,15.533334,0.01027076,33.13139,33.14166,-0.00042306312,33.14166,0.00010029364,222,222,57,0.08183479,0.17499302,0.0013432199,0.20101501,0
933,15.55,0.010820879,33.13041,33.14123,-0.00042929,33.14123,0.000100269586,222,222,57,0.08397699,0.17940417,0.0013833246,0.2009852,0
934,15.566667,0.01123753,33.129547,33.140785,-0.0004453819,33.140785,0.00010032133,222,222,57,0.085576594,0.18277511,0.0014146684,0.20095818,0
935,15.583333,0.011508306,33.128826,33.140335,-0.00045093714,33.140335,0.000100335244,222,222,57,0.086582355,0.18482913,0.0014360338,0.20093441,0
936,15.6,0.011624377,33.128258,33.13988,-0.000452687,33.13988,0.00010030871,222,222,57,0.08700064,0.18567774,0.0014478535,0.20091428,0
937,15.616667,0.011581568,33.127846,33.139427,-0.00045379167,33.139427,0.00010036673,222,222,57,0.08683942,0.18538855,0.0014498417,0.200898,0
938,15.633333,0.011380278,33.127594,33.138973,-0.00045433114,33.138973,0.00010041162,222,222,57,0.086087644,0.18388072,0.0014421266,0.20088564,0
939,15.65,0.011025514,33.12749,33.138515,-0.00045950385,33.138515,0.000100337355,222,222,57,0.08475425,0.18117888,0.0014246536,0.20087697,0
940,15.666667,0.010528127,33.12753,33.138058,-0.0004554911,33.138058,0.00010043394,222,222,57,0.0828414,0.17724082,0.0013973996,0.20087199,0
941,15.683333,0.009903015,33.127705,33.137608,-0.00044987904,33.137608,0.00010041585,222,222,57,0.080372535,0.17216362,0.0013607497,0.2008705,0
942,15.7,0.009168751,33.128006,33.137173,-0.00043483925,33.137173,0.00010033806,222,222,57,0.07736995,0.16598204,0.0013150022,0.20087221,0
943,15.716666,0.008347173,33.1284,33.136745,-0.00042771854,33.136745,0.0001003743,222,222,57,0.07386638,0.15876035,0.0012606258,0.20087649,0
944,15.733334,0.007462872,33.128876,33.136337,-0.00040931057,33.136337,0.00010034172,222,222,57,0.06990694,0.15075788,0.0011982505,0.20088303,0
945,15.75,0.00654222,33.12941,33.135952,-0.00038581007,33.135952,0.00010030119,223,223,57,0.0655339,0.14208613,0.0011286637,0.20089127,0
946,15.766666,0.005612566,33.129986,33.135597,-0.00035490975,33.135597,0.00010035751,223,223,57,0.060816973,0.13280755,0.0010526603,0.2009008,0
947,15.783334,0.004445857,33.130272,33.13472,-0.0008777576,33.13472,0.00010131577,223,223,57,0.057147574,0.14406776,0.0009800816,0.20090544,0
948,15.8,0.0033195673,33.130486,33.133804,-0.00091431447,33.133804,0.00010153182,224,224,57,0.052232306,0.15930466,0.00091413653,0.200911,0
949,15.816667,0.0023496943,33.13063,33.13298,-0.0008234024,33.13298,0.00010153677,225,225,57,0.046496253,0.18134387,0.0008232756,0.20091632,0
950,15.833333,0.0015859546,33.130768,33.13235,-0.0006285742,33.13235,0.00010134394,225,225,57,0.04044501,0.20310816,0.00072454195,0.20092063,0
951,15.85,0.0010189303,33.130825,33.131844,-0.0005098325,33.131844,0.00010116926,223,223,56,0.034163505,0.21715972,0.0006211511,0.20092206,0
952,15.866667,0.0006467717,33.13086,33.131508,-0.00033624753,33.131508,0.00010094847,225,225,57,0.02786681,0.20366196,0.0005156495,0.20092244,0
953,15.883333,0.00039124838,33.130817,33.13121,-0.0002969208,33.13121,0.000100917525,225,225,57,0.021760551,0.17406052,0.0004113064,0.20092079,0
954,15.9,0.00022607044,33.1307,33.130928,-0.00028321904,33.130928,0.00010094957,227,227,58,0.016269756,0.14939927,0.00031317468,0.20091721,0
955,15.916667,0.00014894141,33.130543,33.13069,-0.0002352376,33.13069,0.000100887606,227,227,58,0.012431466,0.13660456,0.00023201112,0.20091237,0
956,15.933333,0.00016278475,33.130302,33.130466,-0.0002247327,33.130466,0.00010073806,228,228,58,0.011953139,0.13409708,0.00019252175,0.2009027,0
957,15.95,0.00024729897,33.13003,33.13028,-0.00018714656,33.13028,0.00010056639,227,227,58,0.014240659,0.12316179,0.00021456671,0.20089301,0
958,15.966666,0.00039700497,33.129692,33.13009,-0.00019211444,33.13009,0.00010042942,227,227,58,0.01674372,0.08985391,0.00025764309,0.2008838,0
959,15.983334,0.0006109841,33.129272,33.129883,-0.00020415241,33.129883,0.0001004438,225,225,57,0.01950512,0.049295597,0.00030060974,0.20087464,0
960,16,0.00087925204,33.12882,33.1297,-0.00018444465,33.1297,0.000100466335,225,225,57,0.023386393,0.051962335,0.0003571473,0.20086527,0
961,16.016666,0.0011881968,33.12832,33.12951,-0.00019081798,33.12951,0.000100383295,225,225,57,0.027339213,0.058513876,0.0004233852,0.20085487,0
962,16.033333,0.0015277598,33.127777,33.129307,-0.0002024285,33.129307,0.000100344354,225,225,57,0.031064117,0.06548859,0.00048719597,0.20084345,0
963,16.05,0.0018846589,33.127205,33.12909,-0.00021551723,33.12909,0.00010044106,225,225,57,0.034511924,0.07332627,0.0005468383,0.2008314,0
964,16.066668,0.0022487792,33.12661,33.128857,-0.00023240298,33.128857,0.00010039248,225,225,57,0.037746068,0.079491965,0.0006026919,0.20081897,0
965,16.083334,0.0026079887,33.126003,33.128613,-0.0002447951,33.128613,0.00010039561,225,225,57,0.040681627,0.08528002,0.00065405626,0.20080641,0
966,16.1,0.002950725,33.1254,33.12835,-0.00026309732,33.12835,0.00010043812,225,225,57,0.043298855,0.09046336,0.00070028816,0.20079398,0
967,16.116667,0.0032662083,33.124817,33.128086,-0.00026474692,33.128086,0.000100377874,224,224,57,0.045578845,0.09509449,0.00074105046,0.20078197,0
968,16.133333,0.0035448559,33.124268,33.12781,-0.00027331928,33.12781,0.00010037295,224,224,57,0.04749706,0.09894965,0.00077598175,0.20077068,0
969,16.15,0.003777805,33.123756,33.127533,-0.00027695514,33.127533,0.0001003393,224,224,57,0.04905241,0.10204765,0.0008048982,0.20076047,0
970,16.166666,0.0039581936,33.1233,33.127254,-0.00027947308,33.127254,0.00010036759,224,224,57,0.050231386,0.104388416,0.00082761905,0.20075141,0
971,16.183332,0.0040802546,33.12289,33.126972,-0.000283934,33.126972,0.000100383106,224,224,57,0.0510195,0.10589846,0.000843926,0.20074363,0
972,16.2,0.0041402676,33.12254,33.12668,-0.00029128368,33.12668,0.00010039078,224,224,57,0.051412497,0.10656212,0.00085370487,0.20073718,0
973,16.216667,0.00413642,33.12225,33.12639,-0.00029313157,33.12639,0.00010042218,224,224,57,0.05140444,0.106453806,0.0008567804,0.2007322,0
974,16.233334,0.0040688943,33.12203,33.1261,-0.0002898088,33.1261,0.00010043958,224,224,57,0.05101234,0.105421565,0.0008533767,0.20072876,0
975,16.25,0.003939862,33.121872,33.125813,-0.00028464716,33.125813,0.00010033809,224,224,57,0.050252132,0.10398764,0.00084367825,0.20072688,0
976,16.266666,0.0037533152,33.121777,33.12553,-0.00028164446,33.12553,0.0001003995,224,224,57,0.049110427,0.102067664,0.00082773936,0.20072646,0
977,16.283333,0.003515117,33.12173,33.125248,-0.0002840845,33.125248,0.000100400925,224,224,57,0.047610573,0.09954135,0.00080566196,0.20072712,0
978,16.3,0.0032326805,33.12174,33.12497,-0.00027645135,33.12497,0.000100364356,224,224,57,0.04575064,0.09630508,0.00077757135,0.20072897,0
979,16.316668,0.002914836,33.121788,33.124702,-0.00026713687,33.124702,0.00010038908,224,224,57,0.04354272,0.09236023,0.000743564,0.20073184,0
980,16.333334,0.0025714857,33.121872,33.124443,-0.0002603889,33.124443,0.00010033641,224,224,57,0.040999763,0.08770032,0.0007038809,0.20073546,0
981,16.35,0.0022132334,33.121983,33.1242,-0.00024536526,33.1242,0.00010044766,227,227,58,0.03814773,0.08240316,0.0006588327,0.20073974,0
982,16.366667,0.0018514161,33.122112,33.123962,-0.00023296956,33.123962,0.00010039906,227,227,58,0.034994453,0.07635592,0.00060871086,0.20074429,0
983,16.383333,0.0014971558,33.122246,33.12374,-0.00022158877,33.12374,0.000100368474,227,227,58,0.0315721,0.06964186,0.0005537981,0.20074888,0
984,16.4,0.0011602057,33.122375,33.123535,-0.00020594102,33.123535,0.00010041403,228,228,58,0.02791596,0.0625432,0.0004947195,0.20075338,0
985,16.416666,0.00085126393,33.122494,33.123344,-0.00019040189,33.123344,0.00010040251,228,228,58,0.024018455,0.05464075,0.00043164473,0.20075762,0
986,16.433332,0.00057989697,33.122593,33.123173,-0.00017194643,33.123173,0.00010039608,228,228,58,0.019953137,0.046431035,0.00036519457,0.20076132,0
987,16.45,0.00035398707,33.122665,33.12302,-0.00015475272,33.12302,0.00010036428,228,228,58,0.015739974,0.037893202,0.0002961197,0.20076421,0
988,16.466667,0.00018031937,33.122696,33.122875,-0.00014390804,33.122875,0.000100322424,228,228,58,0.01141171,0.029079685,0.00022483153,0.20076604,0
989,16.483334,6.3930485e-05,33.12269,33.122753,-0.000121542806,33.122753,0.00010037432,228,228,58,0.0069803814,0.022411097,0.00015196702,0.20076677,0
990,16.5,7.85111e-06,33.122643,33.12265,-0.00010512462,33.12265,0.000100413876,228,228,58,0.0026275543,0.010879343,7.835523e-05,0.20076616,0
991,16.516666,5.5181945e-06,33.12257,33.122574,-7.515264e-05,33.122574,0.00010033648,228,228,58,0.0021668554,0.010393876,1.6664522e-05,0.20076464,0
992,16.533333,2.1533047e-05,33.122444,33.122467,-0.000107013904,33.122467,0.00010037032,228,228,58,0.0041457233,0.014335328,5.3700736e-05,0.20076187,0
993,16.55,4.4324013e-05,33.122295,33.122337,-0.00012899992,33.122337,0.00010059789,228,228,58,0.005901593,0.019455003,8.375943e-05,0.20075843,0
994,16.566668,4.9190636e-05,33.12206,33.12211,-0.00023104933,33.12211,0.00010081729,228,228,58,0.0063666306,0.020467103,0.000103379905,0.20075302,0
995,16.583334,4.49391e-05,33.121826,33.121872,-0.0002338498,33.121872,0.000100937265,228,228,58,0.0061840927,0.024133712,0.0001032895,0.20074758,0
996,16.6,3.8898816e-05,33.121613,33.12165,-0.00022134061,33.12165,0.00010098001,228,228,58,0.0057510207,0.019516308,9.7671e-05,0.2007425,0
997,16.616667,3.5083198e-05,33.121403,33.121437,-0.00021313077,33.121437,0.00010101257,228,228,58,0.005451448,0.020131914,9.152974e-05,0.2007375,0
998,16.633333,3.195176e-05,33.121193,33.121223,-0.0002142754,33.121223,0.000101027064,228,228,58,0.005144875,0.017445602,8.626635e-05,0.20073262,0
999,16.65,2.9934925e-05,33.120983,33.121014,-0.00021166449,33.121014,0.000100983794,228,228,58,0.005018322,0.020875402,8.20668e-05,0.20072763,0
1000,16.666666,2.8447832e-05,33.12077,33.1208,-0.00021329607,33.1208,0.00010101822,228,228,58,0.0048936433,0.02260199,7.91821e-05,0.20072265,0
1001,16.683332,2.7266919e-05,33.120564,33.12059,-0.00020800224,33.12059,0.00010106778,226,226,57,0.004760901,0.019971773,7.6933204e-05,0.20071776,0
1002,16.7,2.6116471e-05,33.120358,33.120384,-0.00020797177,33.120384,0.000101065205,226,226,57,0.0046476233,0.01955697,7.4889576e-05,0.20071293,0
1003,16.716667,2.4771787e-05,33.12015,33.120174,-0.0002078335,33.120174,0.00010109896,226,226,57,0.0044828863,0.016556332,7.276634e-05,0.20070808,0
1004,16.733334,2.3399083e-05,33.119946,33.119972,-0.00020503518,33.119972,0.000101028716,226,226,57,0.0043477197,0.016276171,7.037793e-05,0.20070332,0
1005,16.75,2.1961976e-05,33.119747,33.11977,-0.0002009432,33.11977,0.000101096084,226,226,57,0.0041751848,0.014005315,6.783766e-05,0.20069867,0
1006,16.766666,2.0529993e-05,33.119545,33.119568,-0.00020243437,33.119568,0.000101037105,226,226,57,0.0040136827,0.013387219,6.512809e-05,0.20069401,0
1007,16.783333,1.9379624e-05,33.119347,33.119366,-0.00020148774,33.119366,0.00010109712,226,226,57,0.003916228,0.017166033,6.219315e-05,0.20068932,0
1008,16.8,1.7613844e-05,33.11915,33.119167,-0.00019811303,33.119167,0.00010100072,223,223,56,0.0037358738,0.018844724,5.8761943e-05,0.20068477,0
1009,16.816668,1.6307637e-05,33.118954,33.118973,-0.00019549215,33.118973,0.00010107689,223,223,56,0.0035420232,0.015063833,5.542218e-05,0.20068027,0
1010,16.833334,1.2196286e-05,33.118774,33.11879,-0.0001838331,33.11879,0.00010102421,223,223,56,0.00311327,0.011000509,5.2062387e-05,0.20067611,0
1011,16.85,1.3910691e-05,33.11885,33.118862,7.50329e-05,33.118862,0.000100337034,223,223,56,0.0035023505,0.014758894,5.2454558e-05,0.20067699,0
1012,16.866667,1.9527572e-05,33.11879,33.11881,-5.5398734e-05,33.11881,0.00010032393,223,223,56,0.0041741184,0.016863415,6.45926e-05,0.20067537,0
1013,16.883333,2.0874648e-05,33.11872,33.11874,-6.731627e-05,33.11874,0.0001003274,223,223,56,0.0043555773,0.018123623,7.188827e-05,0.20067357,0
1014,16.9,1.9837042e-05,33.118652,33.11867,-6.970095e-05,33.11867,0.00010035653,223,223,56,0.004309695,0.02230307,7.22146e-05,0.20067176,0
1015,16.916666,1.888738e-05,33.118584,33.118603,-6.795046e-05,33.118603,0.000100406476,223,223,56,0.0041768034,0.018239006,7.0331305e-05,0.20067005,0
1016,16.933332,1.899436e-05,33.118515,33.118534,-6.905513e-05,33.118534,0.00010033315,223,223,56,0.00421665,0.022141192,6.954228e-05,0.20066829,0
1017,16.95,2.0072112e-05,33.118443,33.11846,-7.041193e-05,33.11846,0.00010041231,223,223,56,0.0042948853,0.018479133,7.0386224e-05,0.20066647,0
1018,16.966667,2.1662898e-05,33.11837,33.118393,-7.1395196e-05,33.118393,0.00010030356,223,223,56,0.0044554537,0.018808395,7.328766e-05,0.20066467,0
1019,16.983334,2.2144932e-05,33.118294,33.118317,-7.449901e-05,33.118317,0.000100343714,224,224,56,0.004537645,0.022610059,7.475279e-05,0.2006628,0
1020,17,2.1900476e-05,33.118225,33.118248,-7.007159e-05,33.118248,0.00010029791,224,224,56,0.0045163417,0.022665896,7.486213e-05,0.20066105,0
1021,17.016666,2.1431651e-05,33.118156,33.118176,-7.0960974e-05,33.118176,0.00010035995,224,224,56,0.0044309115,0.018749943,7.424825e-05,0.20065935,0
1022,17.033333,2.1091924e-05,33.118084,33.118103,-7.266069e-05,33.118103,0.00010029982,224,224,56,0.0043970402,0.018612877,7.359551e-05,0.20065758,0
1023,17.05,2.0976742e-05,33.118015,33.118034,-6.9277296e-05,33.118034,0.00010040508,224,224,56,0.004380763,0.018493166,7.317042e-05,0.20065588,0
1024,17.066668,2.0940224e-05,33.117947,33.117966,-6.82011e-05,33.117966,0.00010040169,224,224,56,0.004371339,0.018487364,7.3013776e-05,0.20065418,0
1025,17.083334,2.0878062e-05,33.117874,33.117897,-6.972304e-05,33.117897,0.000100425226,224,224,56,0.004366678,0.018440517,7.288155e-05,0.2006525,0
1026,17.1,2.0742506e-05,33.11781,33.11783,-6.746886e-05,33.11783,0.00010042429,224,224,56,0.0043510506,0.018379755,7.26704e-05,0.20065084,0
1027,17.116667,2.0546506e-05,33.11774,33.11776,-6.919186e-05,33.11776,0.000100445475,224,224,56,0.0043261633,0.018310247,7.231779e-05,0.20064919,0
1028,17.133333,2.039914e-05,33.117672,33.11769,-6.797944e-05,33.11769,0.00010036352,224,224,56,0.0043225084,0.019676154,7.197844e-05,0.20064752,0
1029,17.15,2.0175625e-05,33.117603,33.117622,-6.7889334e-05,33.117622,0.0001003097,224,224,56,0.0042830603,0.018169884,7.157566e-05,0.2006459,0
1030,17.166666,1.9987998e-05,33.117535,33.117554,-7.034727e-05,33.117554,0.00010037041,222,222,56,0.0042607067,0.018097399,7.1191935e-05,0.20064422,0
1031,17.183332,1.9796604e-05,33.117466,33.11749,-6.636092e-05,33.11749,0.00010038271,222,222,56,0.004238445,0.018020857,7.079873e-05,0.20064262,0
1032,17.2,1.9602876e-05,33.1174,33.11742,-6.636325e-05,33.11742,0.00010036288,222,222,56,0.004213194,0.0179328,7.042206e-05,0.20064104,0
1033,17.216667,1.9415744e-05,33.117336,33.117355,-6.635665e-05,33.117355,0.000100407706,222,222,56,0.0041925865,0.017872088,7.002578e-05,0.2006394,0
1034,17.233334,1.9265897e-05,33.117268,33.11729,-6.5820605e-05,33.11729,0.000100443605,222,222,56,0.004204397,0.021225456,6.9619804e-05,0.2006378,0
1035,17.25,1.8945495e-05,33.1172,33.117218,-6.931626e-05,33.117218,0.000100386715,222,222,56,0.004133667,0.017669844,6.9137524e-05,0.20063624,0
1036,17.266666,1.8709508e-05,33.117134,33.117153,-6.557423e-05,33.117153,0.00010036255,222,222,56,0.0041088155,0.017590113,6.8660374e-05,0.20063467,0
1037,17.283333,1.8476509e-05,33.11707,33.11709,-6.607001e-05,33.11709,0.000100350866,222,222,56,0.0040747155,0.017410595,6.818843e-05,0.2006331,0
1038,17.3,1.8210272e-05,33.11701,33.117023,-6.244564e-05,33.117023,0.000100350786,222,222,56,0.004049057,0.01737615,6.764127e-05,0.20063163,0
1039,17.316668,1.7904737e-05,33.116943,33.116962,-6.331621e-05,33.116962,0.00010040639,222,222,56,0.0040064296,0.017220775,6.706411e-05,0.20063013,0
1040,17.333334,1.7468948e-05,33.11688,33.116898,-6.610654e-05,33.116898,0.00010036494,222,222,56,0.0039527947,0.016986711,6.623619e-05,0.20062862,0
1041,17.35,1.7112427e-05,33.116817,33.116837,-6.0042097e-05,33.116837,0.00010040188,222,222,56,0.00393406,0.02021334,6.534713e-05,0.20062718,0
1042,17.366667,1.6809316e-05,33.116756,33.11677,-6.447757e-05,33.11677,0.00010036486,222,222,56,0.0038941945,0.019744545,6.4646345e-05,0.20062569,0
1043,17.383333,1.44457845e-05,33.11672,33.116734,-3.6778332e-05,33.116734,0.00010025546,221,221,56,0.0033691516,0.009737856,6.335624e-05,0.20062475,0
1044,17.4,7.192604e-06,33.11669,33.116695,-3.734535e-05,33.116695,0.000100167454,221,221,56,0.0024091762,0.007203207,4.8412363e-05,0.20062408,0
1045,17.416666,3.470634e-06,33.116657,33.11666,-3.6972986e-05,33.11666,0.00010024077,221,221,56,0.0016768628,0.0050402596,3.3314886e-05,0.20062327,0
1046,17.433332,2.3251578e-06,33.11663,33.11663,-2.841131e-05,33.11663,0.00010024032,221,221,56,0.0013656524,0.004045416,2.4950416e-05,0.20062259,0
1047,17.45,2.0119583e-06,33.116604,33.116604,-2.6415248e-05,33.116604,0.000100201185,221,221,56,0.0012646783,0.0037084061,2.169651e-05,0.20062192,0
1048,17.466667,2.2267584e-06,33.116573,33.116577,-2.821482e-05,33.116577,0.000100206445,221,221,56,0.001346394,0.00412352,2.1451517e-05,0.20062119,0
1049,17.483334,2.6473174e-06,33.116547,33.11655,-2.8507826e-05,33.11655,0.00010021371,221,221,56,0.0015070403,0.009420148,2.3487608e-05,0.20062047,0
1050,17.5,2.8395377e-06,33.11652,33.11652,-2.7738633e-05,33.11652,0.00010017331,221,221,56,0.001527935,0.0047514746,2.5003774e-05,0.20061979,0
1051,17.516666,2.9786295e-06,33.11649,33.116493,-2.7625507e-05,33.116493,0.00010014637,221,221,56,0.0015970431,0.009489664,2.575671e-05,0.20061909,0
1052,17.533333,2.9561936e-06,33.11646,33.116463,-2.994835e-05,33.116463,0.00010021275,221,221,56,0.0015837277,0.006730374,2.5987034e-05,0.20061837,0
1053,17.55,3.6004565e-06,33.116436,33.11644,-2.396149e-05,33.11644,0.000100177785,221,221,56,0.0017693053,0.0058636847,2.7123793e-05,0.20061778,0
1054,17.566668,3.8429976e-06,33.116405,33.11641,-3.0348394e-05,33.11641,0.000100222256,221,221,56,0.0017938291,0.0057256813,2.987158e-05,0.20061703,0
1055,17.583334,3.611327e-06,33.11637,33.116375,-3.4147706e-05,33.116375,0.000100242396,221,221,56,0.0017414278,0.00559789,2.9598184e-05,0.20061629,0
1056,17.6,3.2998114e-06,33.116344,33.11635,-2.6746073e-05,33.11635,0.000100198115,221,221,56,0.0016674378,0.00538213,2.8428054e-05,0.20061564,0
1057,17.616667,3.1894801e-06,33.116314,33.116318,-3.0701267e-05,33.116318,0.00010017997,221,221,56,0.0016523658,0.0067862077,2.7462173e-05,0.20061493,0
1058,17.633333,3.1572743e-06,33.116283,33.116287,-3.029063e-05,33.116287,0.00010022166,221,221,56,0.0016266368,0.0051947637,2.7197188e-05,0.20061421,0
1059,17.65,3.1703664e-06,33.116257,33.11626,-2.8250271e-05,33.11626,0.00010020259,221,221,56,0.0016284904,0.005190424,2.718112e-05,0.20061353,0
1060,17.666666,3.223659e-06,33.116226,33.11623,-2.9041346e-05,33.11623,0.000100219,221,221,56,0.0016672503,0.009513671,2.7183616e-05,0.20061286,0
1061,17.683332,3.1664324e-06,33.1162,33.1162,-2.898561e-05,33.1162,0.00010019781,221,221,56,0.0016235057,0.0051269303,2.7145838e-05,0.20061217,0
1062,17.7,3.1720465e-06,33.116165,33.11617,-3.158285e-05,33.11617,0.00010015293,221,221,56,0.001628027,0.0052061314,2.710412e-05,0.20061146,0
1063,17.716667,3.1175941e-06,33.116142,33.116142,-2.5657735e-05,33.116142,0.000100224504,221,221,56,0.0016100763,0.005070981,2.7034072e-05,0.20061083,0
1064,17.733334,2.9772998e-06,33.11611,33.116116,-2.7904893e-05,33.116116,0.00010019215,221,221,56,0.001594569,0.006689448,2.665849e-05,0.20061019,0
1065,17.75,2.661431e-06,33.116085,33.11609,-2.8080467e-05,33.11609,0.00010017121,221,221,56,0.0014981389,0.0048341816,2.5706491e-05,0.20060955,0
1066,17.766666,2.313545e-06,33.11606,33.116062,-2.5286148e-05,33.116062,0.000100201,221,221,56,0.0014020028,0.0045865276,2.4169438e-05,0.2006089,0
1067,17.783333,2.122764e-06,33.11603,33.11603,-2.961793e-05,33.11603,0.00010024352,221,221,56,0.0013439725,0.0044180173,2.284185e-05,0.20060822,0
1068,17.8,2.0148032e-06,33.116005,33.116005,-2.6708774e-05,33.116005,0.00010017282,221,221,56,0.0013074997,0.0042664963,2.2032762e-05,0.2006076,0
1069,17.816668,1.9452189e-06,33.115982,33.115982,-2.3345296e-05,33.115982,0.00010018891,221,221,56,0.0012837497,0.004178164,2.1597918e-05,0.20060697,0
1070,17.833334,1.8926025e-06,33.115955,33.115955,-2.598841e-05,33.115955,0.0001001928,221,221,56,0.0012652349,0.0041064634,2.1308078e-05,0.20060629,0
1071,17.85,1.8331665e-06,33.11593,33.115932,-2.5330208e-05,33.115932,0.00010016339,221,221,56,0.0012438593,0.0040223333,2.0864898e-05,0.20060566,0
1072,17.866667,1.7913169e-06,33.115902,33.115906,-2.6310152e-05,33.115906,0.0001001694,221,221,56,0.0012325007,0.0040571652,2.058498e-05,0.20060498,0
1073,17.883333,1.7339293e-06,33.11588,33.115883,-2.2834334e-05,33.115883,0.00010017578,221,221,56,0.0012115578,0.003974175,2.026433e-05,0.20060436,0
1074,17.9,1.7199051e-06,33.115856,33.11586,-2.2957225e-05,33.11586,0.00010022757,221,221,56,0.0012297655,0.008421144,1.989306e-05,0.2006038,0
1075,17.916666,1.6113988e-06,33.11583,33.115833,-2.7873104e-05,33.115833,0.00010017063,221,221,56,0.0011605211,0.0036905142,1.9485346e-05,0.20060313,0
1076,17.933332,1.5597072e-06,33.115807,33.115807,-2.2994893e-05,33.115807,0.00010017854,221,221,56,0.0011406572,0.0036168254,1.9145633e-05,0.20060253,0
1077,17.95,1.5204175e-06,33.115784,33.115788,-2.198496e-05,33.115788,0.000100185716,221,221,56,0.0011243278,0.0035445888,1.891815e-05,0.20060194,0
1078,17.966667,1.5055199e-06,33.115757,33.11576,-2.6781965e-05,33.11576,0.000100129575,221,221,56,0.0011396217,0.0054173497,1.8591214e-05,0.20060126,0
1079,17.983334,1.4679274e-06,33.115734,33.115734,-2.48096e-05,33.115734,0.00010016366,221,221,56,0.0011230215,0.005184593,1.8312832e-05,0.20060065,0
1080,18,1.4401837e-06,33.11571,33.115715,-2.1640904e-05,33.115715,0.000100154604,221,221,56,0.0011068062,0.004064399,1.8172981e-05,0.20060003,0
1081,18.016666,1.4000541e-06,33.11569,33.115692,-2.165329e-05,33.115692,0.00010017765,221,221,56,0.0010786621,0.0033989847,1.8042027e-05,0.20059946,0
1082,18.033333,1.3827931e-06,33.115665,33.115665,-2.6451818e-05,33.115665,0.00010018808,221,221,56,0.0010719257,0.0033796206,1.7898157e-05,0.20059882,0
1083,18.05,1.3695098e-06,33.115643,33.115643,-2.2623974e-05,33.115643,0.000100153346,221,221,56,0.0010682485,0.003398784,1.7768429e-05,0.20059825,0
1084,18.066668,1.3502051e-06,33.11562,33.11562,-2.3295015e-05,33.11562,0.00010015054,221,221,56,0.0010608444,0.003375237,1.7643057e-05,0.2005976,0
1085,18.083334,1.3358501e-06,33.115593,33.115597,-2.4287598e-05,33.115597,0.00010016808,221,221,56,0.0010560993,0.0033739505,1.7579145e-05,0.200597,0
1086,18.1,1.3145759e-06,33.11557,33.11557,-2.379575e-05,33.11557,0.000100150704,221,221,56,0.0010462225,0.0033129896,1.7445967e-05,0.20059639,0
1087,18.116667,1.2984402e-06,33.11555,33.11555,-1.8636705e-05,33.11555,0.000100207835,221,221,56,0.0010391554,0.0032854707,1.7309447e-05,0.20059586,0
1088,18.133333,1.2881342e-06,33.115524,33.115524,-2.6444864e-05,33.115524,0.00010014907,221,221,56,0.0010377809,0.00332521,1.7264718e-05,0.20059519,0
1089,18.15,1.2725675e-06,33.115505,33.115505,-2.0631196e-05,33.115505,0.00010014724,221,221,56,0.0010309699,0.0032967573,1.7105733e-05,0.20059462,0
1090,18.166666,1.3025484e-06,33.115486,33.115486,-1.9754374e-05,33.115486,0.00010016187,221,221,56,0.001071558,0.008092108,1.704817e-05,0.20059407,0
1091,18.183332,1.238887e-06,33.115463,33.115467,-1.934925e-05,33.115467,0.000100197525,221,221,56,0.0010160595,0.0032263421,1.693531e-05,0.2005935,0
1092,18.2,1.2450381e-06,33.115444,33.115444,-2.260454e-05,33.115444,0.00010021134,221,221,56,0.0010366194,0.004866322,1.6825923e-05,0.20059294,0
1093,18.216667,1.2074687e-06,33.11542,33.11542,-2.0819454e-05,33.11542,0.00010023276,221,221,56,0.001003691,0.003194941,1.6718275e-05,0.20059238,0
1094,18.233334,1.1925915e-06,33.115406,33.115406,-1.747166e-05,33.115406,0.00010022731,221,221,56,0.0009977372,0.003179381,1.6639158e-05,0.20059186,0
1095,18.25,1.176434e-06,33.115387,33.115387,-1.7306686e-05,33.115387,0.000100200356,221,221,56,0.0009920754,0.003173343,1.6524817e-05,0.20059133,0
1096,18.266666,1.1608809e-06,33.115364,33.115364,-2.27925e-05,33.115364,0.000100258614,221,221,56,0.0009848388,0.0031447178,1.637071e-05,0.20059071,0
1097,18.283333,1.145326e-06,33.115345,33.115345,-2.013242e-05,33.115345,0.00010024468,221,221,56,0.0009787846,0.0031313195,1.6280108e-05,0.20059013,0
1098,18.3,1.1318674e-06,33.11533,33.11533,-1.414514e-05,33.11533,0.000100212535,221,221,56,0.0009732225,0.0031170712,1.6184968e-05,0.20058967,0
1099,18.316668,1.1133859e-06,33.115314,33.115314,-1.631148e-05,33.115314,0.000100239566,221,221,56,0.00096490164,0.0030890165,1.6048163e-05,0.20058914,0
1100,18.333334,1.0931722e-06,33.11529,33.11529,-2.1965885e-05,33.11529,0.00010020077,221,221,56,0.00095595664,0.003059045,1.5894775e-05,0.20058854,0
1101,18.35,1.1179922e-06,33.11527,33.115273,-2.1588341e-05,33.115273,0.00010021666,221,221,56,0.0009940288,0.007559379,1.574929e-05,0.20058794,0
1102,18.366667,1.0565949e-06,33.115253,33.115253,-1.6354395e-05,33.115253,0.00010026752,221,221,56,0.00093957,0.0030064273,1.564792e-05,0.20058747,0
1103,18.383333,1.0385729e-06,33.11524,33.115242,-1.4315959e-05,33.115242,0.00010025502,221,221,56,0.00093146437,0.0029809738,1.5494945e-05,0.20058699,0
1104,18.4,1.0286517e-06,33.115215,33.115215,-2.5779458e-05,33.115215,0.000100160585,221,221,56,0.0009282862,0.0029978491,1.5420266e-05,0.20058635,0
1105,18.416666,1.029786e-06,33.115192,33.115196,-1.9949475e-05,33.115196,0.00010025501,221,221,56,0.0009425977,0.004385888,1.5299434e-05,0.20058581,0
1106,18.433332,9.926521e-07,33.115177,33.11518,-1.50000915e-05,33.11518,0.00010021624,221,221,56,0.00091138826,0.0029273417,1.5180515e-05,0.20058534,0
1107,18.45,9.763169e-07,33.115158,33.11516,-1.9301924e-05,33.11516,0.00010014652,221,221,56,0.0009031024,0.0028946083,1.5020906e-05,0.2005848,0
1108,18.466667,9.617179e-07,33.115147,33.115147,-1.2317475e-05,33.115147,0.000100237274,221,221,56,0.0008961347,0.002872853,1.4910901e-05,0.20058435,0
1109,18.483334,9.4951565e-07,33.115124,33.115124,-2.345417e-05,33.115124,0.000100180616,221,221,56,0.0008903332,0.002854878,1.4820809e-05,0.20058377,0
1110,18.5,9.3664363e-07,33.115105,33.11511,-1.7469656e-05,33.11511,0.000100265075,221,221,56,0.0008844121,0.0028383147,1.4713934e-05,0.20058325,0
1111,18.516666,9.310728e-07,33.115086,33.115086,-2.0288691e-05,33.115086,0.00010019542,221,221,56,0.00088532316,0.0029235599,1.4555066e-05,0.20058271,0
1112,18.533333,9.0519336e-07,33.11507,33.11507,-1.7482664e-05,33.11507,0.00010029144,221,221,56,0.0008692064,0.002789788,1.4413042e-05,0.20058219,0
1113,18.55,8.889025e-07,33.11505,33.11505,-1.8138095e-05,33.11505,0.000100166406,221,221,56,0.000861288,0.002765244,1.4265171e-05,0.20058161,0
1114,18.566668,8.7795917e-07,33.11503,33.11503,-2.1291593e-05,33.11503,0.00010019877,221,221,56,0.00085670163,0.002758784,1.42082745e-05,0.20058107,0
1115,18.583334,9.17526e-07,33.115013,33.115013,-1.5920921e-05,33.115013,0.00010016021,221,221,56,0.0009024564,0.007593442,1.4128618e-05,0.20058054,0
1116,18.6,8.603903e-07,33.114998,33.114998,-1.4355072e-05,33.114998,0.000100211844,221,221,56,0.000847106,0.002719676,1.4040764e-05,0.20058006,0
1117,18.616667,8.516763e-07,33.11498,33.11498,-2.0125579e-05,33.11498,0.00010025503,221,221,56,0.00084266876,0.0027048527,1.3957408e-05,0.20057942,0
1118,18.633333,8.912534e-07,33.11496,33.11496,-2.0243542e-05,33.11496,0.000100195415,221,221,56,0.000889196,0.0075432947,1.3874146e-05,0.20057891,0
1119,18.65,8.417818e-07,33.114944,33.11495,-1.25186025e-05,33.11495,0.00010025502,221,221,56,0.0008372703,0.0026830027,1.3857239e-05,0.20057848,0
1120,18.666666,8.347063e-07,33.114925,33.114925,-2.178649e-05,33.114925,0.00010015848,221,221,56,0.00083387503,0.0026744339,1.3770762e-05,0.2005779,0
1121,18.683332,8.265341e-07,33.11491,33.11491,-1.5802405e-05,33.11491,0.000100167454,221,221,56,0.00082960253,0.0026592547,1.371266e-05,0.20057738,0
1122,18.7,8.6427076e-07,33.114887,33.11489,-2.0079127e-05,33.11489,0.00010019542,221,221,56,0.0008742447,0.0073325513,1.3626544e-05,0.2005768,0
1123,18.716667,8.2033756e-07,33.114872,33.114872,-1.7833227e-05,33.114872,0.00010013582,221,221,56,0.000825625,0.002637568,1.3631499e-05,0.2005763,0
1124,18.733334,8.297215e-07,33.11485,33.11485,-2.0938756e-05,33.11485,0.00010015545,221,221,56,0.00083284726,0.0027369387,1.3649129e-05,0.20057574,0
1125,18.75,8.163339e-07,33.114838,33.11484,-1.0653713e-05,33.11484,0.000100219746,221,221,56,0.0008231441,0.0026248046,1.3594399e-05,0.20057532,0
1126,18.766666,8.09919e-07,33.11482,33.11482,-2.045579e-05,33.11482,0.00010019541,221,221,56,0.00082033116,0.0026199496,1.3580937e-05,0.20057474,0
1127,18.783333,8.2527924e-07,33.114796,33.114796,-2.1930311e-05,33.114796,0.000100172,221,221,56,0.00084118196,0.004056423,1.3498528e-05,0.20057417,0
1128,18.8,8.0105474e-07,33.11478,33.11478,-1.5485946e-05,33.11478,0.00010025502,221,221,56,0.00081486383,0.0025933764,1.3449523e-05,0.20057371,0
1129,18.816668,7.984728e-07,33.114765,33.11477,-1.4799284e-05,33.11477,0.0001001312,221,221,56,0.000813536,0.0025886698,1.3456362e-05,0.20057322,0
1130,18.833334,7.984687e-07,33.114746,33.114746,-2.0781888e-05,33.114746,0.00010019542,221,221,56,0.0008137637,0.0025964323,1.3440089e-05,0.20057267,0
1131,18.85,8.173032e-07,33.114727,33.114727,-1.7936714e-05,33.114727,0.00010014317,219,219,55,0.00083665684,0.0040651276,1.3480887e-05,0.20057213,0
1132,18.866667,8.1097625e-07,33.114708,33.114708,-1.8793151e-05,33.114708,0.00010014835,219,219,55,0.0008336485,0.004127654,1.3347034e-05,0.20057158,0
1133,18.883333,7.8742437e-07,33.11469,33.11469,-1.997416e-05,33.11469,0.00010016259,219,219,55,0.00080740894,0.0025692994,1.3327399e-05,0.20057105,0
1134,18.9,7.788142e-07,33.114677,33.114677,-1.048268e-05,33.114677,0.00010019542,219,219,55,0.00080193306,0.002537176,1.3238762e-05,0.20057061,0
1135,18.916666,8.2956456e-07,33.114655,33.11466,-2.2393686e-05,33.11466,0.00010016212,219,219,55,0.00085410575,0.0076162214,1.3236337e-05,0.20057,0
1136,18.933332,7.687449e-07,33.11464,33.114643,-1.4857522e-05,33.114643,0.00010019542,219,219,55,0.0007962451,0.0025151104,1.3142305e-05,0.20056954,0
1137,18.95,7.6500373e-07,33.114628,33.114628,-1.4800444e-05,33.114628,0.00010019543,219,219,55,0.0007943066,0.0025085998,1.3116039e-05,0.20056905,0
1138,18.966667,7.609043e-07,33.114605,33.114605,-2.061973e-05,33.114605,0.0001001888,219,219,55,0.0007913649,0.0024918139,1.3050767e-05,0.20056845,0
1139,18.983334,7.692651e-07,33.11459,33.11459,-1.6284637e-05,33.11459,0.00010016347,219,219,55,0.0007949945,0.0024940744,1.3098675e-05,0.200568,0
1140,19,7.9109236e-07,33.11457,33.11457,-2.0261292e-05,33.11457,0.00010015822,219,219,55,0.00081707217,0.0037069588,1.3178697e-05,0.20056747,0
1141,19.016666,7.7410004e-07,33.11455,33.11455,-1.6476246e-05,33.11455,0.00010019542,219,219,55,0.0007961117,0.0024826904,1.3171147e-05,0.20056692,0
1142,19.033333,7.694216e-07,33.114532,33.114532,-2.1451584e-05,33.114532,0.000100135825,219,219,55,0.00079488615,0.0024938153,1.3057583e-05,0.20056637,0
1143,19.05,7.6830224e-07,33.11451,33.114513,-2.0117985e-05,33.114513,0.000100140496,219,219,55,0.0007941015,0.0025008607,1.3063321e-05,0.20056581,0
1144,19.066668,7.566126e-07,33.114494,33.114494,-1.6138432e-05,33.114494,0.00010019543,219,219,55,0.0007872411,0.0024574818,1.299345e-05,0.20056532,0
1145,19.083334,7.4778916e-07,33.114483,33.114483,-1.364174e-05,33.114483,0.00010015455,222,222,56,0.0007824804,0.002442118,1.2911007e-05,0.20056485,0
1146,19.1,7.4915675e-07,33.11446,33.114464,-2.0115498e-05,33.114464,0.00010015362,222,222,56,0.0007851364,0.0025301962,1.2837064e-05,0.20056435,0
1147,19.116667,7.350877e-07,33.114445,33.114445,-1.7637107e-05,33.114445,0.00010015093,222,222,56,0.0007765797,0.0024480384,1.278044e-05,0.20056382,0
1148,19.133333,7.251033e-07,33.114426,33.114426,-1.7633023e-05,33.114426,0.00010019544,222,222,56,0.0007705586,0.0024078474,1.2703371e-05,0.20056331,0
1149,19.15,7.1727084e-07,33.11441,33.11441,-1.463828e-05,33.11441,0.00010019543,222,222,56,0.0007656577,0.002385293,1.2582486e-05,0.20056286,0
1150,19.166666,7.247454e-07,33.114395,33.114395,-1.5953014e-05,33.114395,0.000100223035,222,222,56,0.0007689595,0.002386404,1.263188e-05,0.20056239,0
1151,19.183332,7.3356006e-07,33.114376,33.114376,-1.944303e-05,33.114376,0.00010014928,222,222,56,0.0007735415,0.0024128156,1.2669635e-05,0.20056184,0
1152,19.2,7.250875e-07,33.114357,33.11436,-1.7132747e-05,33.11436,0.00010013891,222,222,56,0.0007683908,0.0023765396,1.2631851e-05,0.20056134,0
1153,19.216667,7.2055957e-07,33.11434,33.11434,-1.7295057e-05,33.11434,0.00010018884,222,222,56,0.00076531357,0.002360169,1.2589647e-05,0.20056081,0
1154,19.233334,7.346416e-07,33.114326,33.114326,-1.644517e-05,33.114326,0.000100162346,222,222,56,0.00078314176,0.0036803617,1.25287e-05,0.20056032,0
1155,19.25,7.4309753e-07,33.114307,33.114307,-1.7614582e-05,33.114307,0.00010023364,222,222,56,0.0007882048,0.003917163,1.2532293e-05,0.20055981,0
1156,19.266666,7.436131e-07,33.114292,33.114292,-1.6957503e-05,33.114292,0.00010019488,222,222,56,0.0007762979,0.0024472063,1.2591675e-05,0.2005593,0
1157,19.283333,7.3377157e-07,33.114273,33.114273,-1.7466626e-05,33.114273,0.000100181256,222,222,56,0.00076935557,0.0023459652,1.2613911e-05,0.20055881,0
1158,19.3,7.849887e-07,33.114254,33.114258,-1.7738077e-05,33.114258,0.00010016093,222,222,56,0.00081631396,0.0070450804,1.2651297e-05,0.20055829,0
1159,19.316668,7.4532596e-07,33.11424,33.11424,-1.7496446e-05,33.11424,0.00010021111,222,222,56,0.00077315926,0.0023391368,1.26917275e-05,0.2005578,0
1160,19.333334,7.4600933e-07,33.114216,33.11422,-2.0282436e-05,33.11422,0.00010020397,222,222,56,0.0007740159,0.0023512144,1.27175745e-05,0.20055723,0
1161,19.35,7.5860163e-07,33.1142,33.1142,-1.8607976e-05,33.1142,0.00010018332,222,222,56,0.00079028425,0.0036111241,1.2670242e-05,0.2005567,0
1162,19.366667,7.3797605e-07,33.114185,33.114185,-1.4651073e-05,33.114185,0.00010016778,222,222,56,0.00076865015,0.0023221988,1.26253335e-05,0.20055625,0
1163,19.383333,7.5079316e-07,33.114162,33.114166,-2.0104048e-05,33.114166,0.00010020413,222,222,56,0.0007857054,0.0035909996,1.2596472e-05,0.20055567,0
1164,19.4,7.4915704e-07,33.114147,33.114147,-1.579587e-05,33.114147,0.00010023058,222,222,56,0.0007845453,0.0035762389,1.2566883e-05,0.20055518,0
1165,19.416666,7.330041e-07,33.114132,33.114132,-1.6475406e-05,33.114132,0.0001001784,222,222,56,0.0007656513,0.0023113403,1.2561497e-05,0.20055471,0
1166,19.433332,7.3149755e-07,33.114117,33.114117,-1.5795738e-05,33.114117,0.000100248726,222,222,56,0.0007647171,0.0023079854,1.255133e-05,0.20055419,0
1167,19.45,7.344744e-07,33.114098,33.114098,-1.8118826e-05,33.114098,0.00010020283,222,222,56,0.0007661261,0.00231117,1.2574453e-05,0.2005537,0
1168,19.466667,7.4208805e-07,33.114082,33.114082,-1.6451639e-05,33.114082,0.00010019916,222,222,56,0.0007697426,0.0023326601,1.2601689e-05,0.20055321,0
1169,19.483334,7.401598e-07,33.114063,33.114063,-1.7791222e-05,33.114063,0.00010021034,222,222,56,0.00076890126,0.0023184747,1.2596961e-05,0.20055269,0
1170,19.5,7.4310077e-07,33.114044,33.114044,-1.8950139e-05,33.114044,0.00010025021,222,222,56,0.00077030103,0.0023224282,1.2625361e-05,0.20055218,0
1171,19.516666,7.466566e-07,33.11403,33.11403,-1.6123187e-05,33.11403,0.00010022342,222,222,56,0.0007724678,0.0023316313,1.2674293e-05,0.20055169,0
1172,19.533333,7.3297673e-07,33.114006,33.114006,-2.1793096e-05,33.114006,0.000100195066,223,223,56,0.00075528404,0.0021640612,1.2724931e-05,0.20055114,0
1173,19.55,7.5754997e-07,33.113995,33.113995,-1.2444558e-05,33.113995,0.00010019179,223,223,56,0.0007777849,0.0023464481,1.2705267e-05,0.2005507,0
1174,19.566668,7.694391e-07,33.11398,33.11398,-1.661362e-05,33.11398,0.00010021064,223,223,56,0.00078138965,0.0023409878,1.281539e-05,0.20055026,0
1175,19.583334,7.9815027e-07,33.113953,33.113956,-2.3247001e-05,33.113956,0.000100177895,223,223,56,0.00080753845,0.003592521,1.2904336e-05,0.20054966,0
1176,19.6,7.5975396e-07,33.11394,33.11394,-1.3505058e-05,33.11394,0.00010025315,223,223,56,0.00077428017,0.0022764197,1.2955349e-05,0.20054926,0
1177,19.616667,7.8800605e-07,33.11392,33.11392,-2.2083674e-05,33.11392,0.00010021885,222,222,56,0.0007930157,0.0024372998,1.2958059e-05,0.20054871,0
1178,19.633333,8.1795713e-07,33.113903,33.113907,-1.4101731e-05,33.113907,0.000100174126,222,222,56,0.00082946254,0.0069839694,1.2920791e-05,0.20054825,0
1179,19.65,7.698075e-07,33.113888,33.113888,-1.8003699e-05,33.113888,0.00010016278,222,222,56,0.00078329456,0.002357253,1.28555275e-05,0.20054771,0
1180,19.666666,7.636645e-07,33.113873,33.113873,-1.596663e-05,33.113873,0.00010019537,222,222,56,0.0007777337,0.002323542,1.2802875e-05,0.20054723,0
1181,19.683332,7.6790184e-07,33.11385,33.11385,-2.24402e-05,33.11385,0.000100168574,222,222,56,0.0007894282,0.0033313264,1.2725423e-05,0.20054665,0
1182,19.7,7.515636e-07,33.113834,33.113834,-1.5145551e-05,33.113834,0.00010018178,222,222,56,0.0007705891,0.0022933707,1.2614327e-05,0.20054619,0
1183,19.716667,7.604184e-07,33.113815,33.113815,-1.8944225e-05,33.113815,0.00010022899,222,222,56,0.0007780104,0.0023399359,1.2727723e-05,0.20054565,0
1184,19.733334,7.593233e-07,33.1138,33.1138,-1.4465287e-05,33.1138,0.00010020108,222,222,56,0.0007771717,0.0023352455,1.2726153e-05,0.20054522,0
1185,19.75,7.56416e-07,33.11378,33.11378,-1.8457222e-05,33.11378,0.00010024604,222,222,56,0.00077532255,0.0023277057,1.27049625e-05,0.2005447,0
1186,19.766666,7.600197e-07,33.11376,33.11376,-1.8616965e-05,33.11376,0.00010021393,222,222,56,0.00077513105,0.0023155687,1.2719613e-05,0.2005442,0
1187,19.783333,7.5725046e-07,33.113743,33.113743,-1.9288358e-05,33.113743,0.00010021682,222,222,56,0.0007721527,0.0022872146,1.2679519e-05,0.20054366,0
1188,19.8,7.5489083e-07,33.11373,33.11373,-1.3469021e-05,33.11373,0.000100225385,222,222,56,0.000773767,0.0023168488,1.2659776e-05,0.20054314,0
1189,19.816668,7.5269344e-07,33.11371,33.11371,-2.1116593e-05,33.11371,0.00010023019,221,221,56,0.00077180314,0.0023049195,1.2669943e-05,0.20054261,0
1190,19.833334,8.0159447e-07,33.11369,33.11369,-1.9901709e-05,33.11369,0.00010013759,221,221,56,0.0008153436,0.007077519,1.2627806e-05,0.20054208,0
1191,19.85,7.5777245e-07,33.113674,33.113674,-1.5006779e-05,33.113674,0.000100159996,221,221,56,0.0007733674,0.0022998902,1.2650497e-05,0.2005416,0
1192,19.866667,7.338776e-07,33.113655,33.113655,-2.047327e-05,33.113655,0.00010017448,221,221,56,0.00075122307,0.002119813,1.2641117e-05,0.20054108,0
1193,19.883333,7.701099e-07,33.113636,33.11364,-1.6256765e-05,33.11364,0.00010021742,221,221,56,0.00078899896,0.0036015667,1.2640807e-05,0.2005406,0
1194,19.9,7.519095e-07,33.11362,33.11362,-1.6477454e-05,33.11362,0.00010019168,221,221,56,0.0007679584,0.0022696683,1.2539417e-05,0.20054017,0
1195,19.916666,7.32292e-07,33.113605,33.113605,-1.6645126e-05,33.113605,0.00010023448,221,221,56,0.00074937096,0.0021062193,1.2531527e-05,0.2005397,0
1196,19.933332,7.528794e-07,33.113586,33.113586,-1.8433726e-05,33.113586,0.00010022883,221,221,56,0.0007691908,0.0022777822,1.2531506e-05,0.20053917,0
1197,19.95,7.5349993e-07,33.11357,33.11357,-1.4297317e-05,33.11357,0.00010025614,221,221,56,0.00076887355,0.0022762758,1.256378e-05,0.2005387,0
1198,19.966667,7.4975355e-07,33.11355,33.11355,-2.2614437e-05,33.11355,0.00010023251,221,221,56,0.0007684277,0.0022820295,1.2535762e-05,0.20053813,0
1199,19.983334,7.498013e-07,33.113533,33.113533,-1.529542e-05,33.113533,0.00010025186,221,221,56,0.0007679558,0.002277634,1.2586617e-05,0.20053759,0
1200,20,7.5126303e-07,33.113514,33.113514,-1.9616638e-05,33.113514,0.000100205754,221,221,56,0.00076568156,0.0022436813,1.2577268e-05,0.20053709,0
1201,20.016666,7.535746e-07,33.113495,33.1135,-1.7288217e-05,33.1135,0.0001001614,221,221,56,0.00076848763,0.0022685078,1.264481e-05,0.20053658,0
1202,20.033333,7.508072e-07,33.11348,33.11348,-1.7792061e-05,33.11348,0.00010019259,221,221,56,0.00076612487,0.002254271,1.2554642e-05,0.20053606,0
1203,20.05,7.4489566e-07,33.11346,33.11346,-1.8127716e-05,33.11346,0.00010019058,221,221,56,0.00076280907,0.0022443228,1.2514973e-05,0.20053554,0
1204,20.066668,7.385206e-07,33.11344,33.11344,-1.979073e-05,33.11344,0.000100189565,221,221,56,0.00076080626,0.0022464981,1.2465709e-05,0.20053495,0
1205,20.083334,7.288231e-07,33.11343,33.11343,-1.2645083e-05,33.11343,0.00010021539,221,221,56,0.00075521844,0.0022271364,1.2381817e-05,0.20053451,0
1206,20.1,7.461363e-07,33.113407,33.113407,-2.2925888e-05,33.113407,0.00010021778,221,221,56,0.0007705491,0.0032425032,1.23725085e-05,0.20053388,0
1207,20.116667,7.383829e-07,33.11339,33.11339,-1.330816e-05,33.11339,0.000100175566,221,221,56,0.0007601589,0.0022849755,1.23867485e-05,0.20053346,0
1208,20.133333,7.3312805e-07,33.113373,33.113373,-1.8958333e-05,33.113373,0.000100189034,221,221,56,0.00075704145,0.0022446963,1.2378287e-05,0.2005329,0
1209,20.15,7.245581e-07,33.113358,33.113358,-1.5802803e-05,33.113358,0.0001002261,221,221,56,0.00075279677,0.0022198143,1.233422e-05,0.20053244,0
1210,20.166666,7.200902e-07,33.11334,33.11334,-1.9955078e-05,33.11334,0.000100250094,221,221,56,0.00075029436,0.002211357,1.2307226e-05,0.20053184,0
1211,20.183332,7.140606e-07,33.11332,33.11332,-1.8127834e-05,33.11332,0.00010019239,221,221,56,0.00074750226,0.0022064196,1.2267978e-05,0.20053132,0
1212,20.2,7.099186e-07,33.113304,33.113304,-1.662965e-05,33.113304,0.00010020261,221,221,56,0.00074462075,0.002193551,1.2188411e-05,0.20053078,0
1213,20.216667,7.0539517e-07,33.113285,33.113285,-1.8791348e-05,33.113285,0.00010014752,221,221,56,0.00074193504,0.0021840467,1.2149785e-05,0.20053023,0
1214,20.233334,7.0472817e-07,33.113266,33.113266,-1.8288725e-05,33.113266,0.00010024662,221,221,56,0.0007416348,0.0021882923,1.2147949e-05,0.20052972,0
1215,20.25,7.053308e-07,33.113247,33.11325,-1.6957416e-05,33.11325,0.00010020912,221,221,56,0.00074131094,0.0021776916,1.2119232e-05,0.20052919,0
1216,20.266666,6.998933e-07,33.11323,33.11323,-1.8459752e-05,33.11323,0.00010017489,221,221,56,0.00074424734,0.0033426087,1.2072736e-05,0.20052873,0
1217,20.283333,7.49413e-07,33.113213,33.113213,-1.6908498e-05,33.113213,0.000100220095,218,218,55,0.00078043604,0.006629792,1.1981308e-05,0.20052822,0
1218,20.3,7.218019e-07,33.113197,33.113197,-1.7484395e-05,33.113197,0.00010021541,218,218,55,0.0007477759,0.002178692,1.2100571e-05,0.20052767,0
1219,20.316668,7.2834797e-07,33.11318,33.11318,-1.8614022e-05,33.11318,0.00010023446,218,218,55,0.00075143407,0.0021899748,1.227446e-05,0.20052716,0
1220,20.333334,7.6667385e-07,33.11316,33.11316,-1.8083478e-05,33.11316,0.000100187695,218,218,55,0.00078989274,0.0065304134,1.2272757e-05,0.20052661,0
1221,20.35,7.1803754e-07,33.113144,33.113144,-1.68404e-05,33.113144,0.00010014393,218,218,55,0.0007450383,0.0021826732,1.2180013e-05,0.20052612,0
1222,20.366667,7.505333e-07,33.113125,33.113125,-1.8920584e-05,33.113125,0.000100166966,218,218,55,0.00078146945,0.0065829037,1.2113868e-05,0.20052555,0
1223,20.383333,6.726841e-07,33.11311,33.11311,-1.4874551e-05,33.11311,0.000100196055,218,218,55,0.0007169753,0.0020377396,1.1855561e-05,0.20052515,0
1224,20.4,7.413473e-07,33.11309,33.11309,-1.805314e-05,33.11309,0.00010021821,218,218,55,0.0007732656,0.0067268894,1.1802589e-05,0.20052463,0
1225,20.416666,6.70075e-07,33.113075,33.113075,-1.5034229e-05,33.113075,0.000100215264,218,218,55,0.0007121918,0.001998493,1.1687215e-05,0.20052421,0
1226,20.433332,6.980994e-07,33.11306,33.11306,-1.6264974e-05,33.11306,0.00010019958,218,218,55,0.0007401504,0.006323216,1.1511904e-05,0.2005237,0
1227,20.45,6.826981e-07,33.11304,33.11304,-1.697342e-05,33.11304,0.00010016943,218,218,55,0.00072482333,0.0031223267,1.1470343e-05,0.20052323,0
1228,20.466667,6.633334e-07,33.113026,33.113026,-1.6146107e-05,33.113026,0.00010016583,218,218,55,0.0006999159,0.0019375802,1.1495728e-05,0.20052277,0
1229,20.483334,7.09639e-07,33.113007,33.11301,-1.7742988e-05,33.11301,0.000100167665,218,218,55,0.0007351619,0.0020990216,1.178204e-05,0.20052227,0
1230,20.5,6.9496474e-07,33.11299,33.11299,-1.5642652e-05,33.11299,0.00010019081,218,218,55,0.00072305906,0.00200903,1.1846992e-05,0.2005218,0
1231,20.516666,6.837552e-07,33.112976,33.112976,-1.5472931e-05,33.112976,0.00010023102,218,218,55,0.0007126402,0.0019658904,1.1694375e-05,0.20052134,0
1232,20.533333,7.04111e-07,33.11296,33.11296,-1.6605152e-05,33.11296,0.000100209785,218,218,55,0.0007306168,0.0028211733,1.16980955e-05,0.20052086,0
1233,20.55,6.9607916e-07,33.112946,33.112946,-1.4139714e-05,33.112946,0.000100170495,218,218,55,0.0007226832,0.0020370071,1.1719898e-05,0.20052046,0
1234,20.566668,6.823732e-07,33.112926,33.112926,-1.979806e-05,33.112926,0.000100263605,218,218,55,0.0007128942,0.0019673905,1.173595e-05,0.2005199,0
1235,20.583334,6.819592e-07,33.112915,33.112915,-1.163827e-05,33.112915,0.00010022624,218,218,55,0.00071535975,0.0019965013,1.15779885e-05,0.20051946,0
1236,20.6,6.582356e-07,33.1129,33.1129,-1.5152936e-05,33.1129,0.000100212834,218,218,55,0.00069792895,0.0019324188,1.16032115e-05,0.20051897,0
1237,20.616667,6.677303e-07,33.112873,33.112877,-2.4762512e-05,33.112877,0.00010017231,220,220,56,0.00070120866,0.0019365784,1.1590814e-05,0.20051838,0
1238,20.633333,6.817593e-07,33.112858,33.112858,-1.7110244e-05,33.112858,0.000100203484,220,220,56,0.0007150128,0.0019949067,1.1563866e-05,0.20051792,0
1239,20.65,6.776392e-07,33.11284,33.11284,-2.0120984e-05,33.11284,0.00010015981,220,220,56,0.00071188086,0.0019684588,1.1670171e-05,0.20051734,0
1240,20.666666,6.7795526e-07,33.11282,33.11282,-1.7622722e-05,33.11282,0.00010013375,220,220,56,0.0007124945,0.0019849588,1.1531208e-05,0.20051686,0
1241,20.683332,6.9984713e-07,33.112804,33.11281,-1.44423e-05,33.11281,0.000100192,220,220,56,0.00072783575,0.0020649873,1.17277195e-05,0.20051634,0
1242,20.7,7.0823245e-07,33.11279,33.11279,-1.6783379e-05,33.11279,0.000100166944,220,220,56,0.0007321821,0.0027276166,1.1868024e-05,0.20051591,0
1243,20.716667,6.661767e-07,33.112774,33.112774,-1.5005013e-05,33.112774,0.00010021555,220,220,56,0.0006993845,0.0019307259,1.1618566e-05,0.20051546,0
1244,20.733334,6.748926e-07,33.11276,33.11276,-1.4289221e-05,33.11276,0.00010022383,220,220,56,0.0007102231,0.00197486,1.1526977e-05,0.20051499,0
1245,20.75,7.013133e-07,33.11274,33.11274,-2.0422955e-05,33.11274,0.00010023399,220,220,56,0.00073717267,0.0063623902,1.1434569e-05,0.2005145,0
1246,20.766666,6.6019885e-07,33.11272,33.11272,-1.7664153e-05,33.11272,0.00010019397,220,220,56,0.00069709925,0.0019160506,1.1453357e-05,0.20051393,0
1247,20.783333,6.622792e-07,33.112705,33.112705,-1.8119723e-05,33.112705,0.00010019416,220,220,56,0.00070135086,0.00194052,1.1332392e-05,0.20051344,0
1248,20.8,6.372562e-07,33.11269,33.11269,-1.5320491e-05,33.11269,0.00010024165,220,220,56,0.00068112026,0.0018768258,1.124385e-05,0.20051299,0
1249,20.816668,6.389066e-07,33.112675,33.112675,-1.4628797e-05,33.112675,0.00010023769,220,220,56,0.0006846537,0.0018549789,1.1146488e-05,0.20051251,0
1250,20.833334,6.329456e-07,33.112656,33.112656,-1.6963979e-05,33.112656,0.00010021289,220,220,56,0.00067822554,0.0018593168,1.1083924e-05,0.20051207,0
1251,20.85,6.295156e-07,33.11264,33.11264,-1.6296428e-05,33.11264,0.00010027312,220,220,56,0.0006785038,0.0018369106,1.1023384e-05,0.20051159,0
1252,20.866667,6.237437e-07,33.112625,33.112625,-1.4469964e-05,33.112625,0.000100219804,220,220,56,0.0006728332,0.0018447953,1.09839875e-05,0.20051116,0
1253,20.883333,6.196043e-07,33.112606,33.112606,-1.9788495e-05,33.112606,0.00010023433,220,220,56,0.00067064684,0.001838582,1.0943752e-05,0.2005106,0
1254,20.9,6.184273e-07,33.1126,33.1126,-9.145207e-06,33.1126,0.0001002304,220,220,56,0.0006675999,0.0018246691,1.0881485e-05,0.20051023,0
1255,20.916666,6.0976674e-07,33.112576,33.112576,-2.2619352e-05,33.112576,0.00010021444,220,220,56,0.0006635162,0.0018257468,1.0864152e-05,0.20050964,0
1256,20.933332,6.444972e-07,33.112553,33.112553,-2.2575961e-05,33.112553,0.00010018327,220,220,56,0.0006937883,0.0033877494,1.092163e-05,0.20050907,0
1257,20.95,6.238396e-07,33.112537,33.112537,-1.5648635e-05,33.112537,0.00010018829,220,220,56,0.0006757987,0.0018285541,1.0986244e-05,0.20050862,0
1258,20.966667,6.372684e-07,33.112522,33.112522,-1.4450763e-05,33.112522,0.00010015497,220,220,56,0.0006801892,0.0018632407,1.1045568e-05,0.20050819,0
1259,20.983334,6.366736e-07,33.112503,33.112503,-1.7291124e-05,33.112503,0.00010019981,220,220,56,0.0006819414,0.0018679303,1.1149028e-05,0.20050772,0
1260,21,6.430175e-07,33.112488,33.112488,-1.7949205e-05,33.112488,0.0001002046,220,220,56,0.0006844458,0.0018683947,1.1175952e-05,0.20050721,0
1261,21.016666,6.3929275e-07,33.112473,33.112473,-1.5631702e-05,33.112473,0.00010023919,220,220,56,0.0006832386,0.0018698076,1.1166832e-05,0.2005067,0
1262,21.033333,6.375914e-07,33.112453,33.112453,-1.7458486e-05,33.112453,0.00010025521,220,220,56,0.0006819829,0.0018648005,1.1176607e-05,0.20050621,0
1263,21.05,6.3992064e-07,33.112446,33.112446,-8.975445e-06,33.112446,0.000100217716,220,220,56,0.0006836337,0.0018696197,1.1157887e-05,0.20050585,0
1264,21.066668,6.531279e-07,33.112427,33.11243,-1.594728e-05,33.11243,0.00010024521,220,220,56,0.0006942836,0.002434885,1.1168118e-05,0.20050535,0
1265,21.083334,6.3374455e-07,33.112404,33.112404,-2.412637e-05,33.112404,0.00010015967,220,220,56,0.00068053295,0.0018602953,1.1134543e-05,0.20050474,0
1266,21.1,6.3570786e-07,33.112392,33.112392,-1.3464698e-05,33.112392,0.00010015963,220,220,56,0.0006818502,0.0018635087,1.1136636e-05,0.20050433,0
1267,21.116667,6.8012434e-07,33.11237,33.11237,-2.0238704e-05,33.11237,0.00010015893,220,220,56,0.0007215787,0.006237972,1.11792415e-05,0.2005038,0
1268,21.133333,6.539606e-07,33.11236,33.11236,-1.4157846e-05,33.11236,0.00010021952,220,220,56,0.0006967738,0.0026380618,1.1195224e-05,0.20050336,0
1269,21.15,6.438769e-07,33.112335,33.11234,-1.9461928e-05,33.11234,0.00010022431,220,220,56,0.00068679964,0.0018706756,1.1231986e-05,0.20050287,0
1270,21.166666,6.609983e-07,33.112324,33.112324,-1.344954e-05,33.112324,0.000100265905,220,220,56,0.00069540367,0.0019557527,1.1287835e-05,0.20050241,0
1271,21.183332,6.578793e-07,33.112312,33.112312,-1.213974e-05,33.112312,0.000100248355,220,220,56,0.0006938374,0.0019215656,1.1299686e-05,0.20050198,0
1272,21.2,6.9505745e-07,33.11229,33.11229,-2.1908492e-05,33.11229,0.00010024424,220,220,56,0.0007210625,0.0028988407,1.15105595e-05,0.20050144,0
1273,21.216667,6.966343e-07,33.112278,33.11228,-9.641218e-06,33.11228,0.00010019047,220,220,56,0.0007185025,0.0019749675,1.1674374e-05,0.20050105,0
1274,21.233334,7.2724947e-07,33.112255,33.11226,-2.3078841e-05,33.11226,0.0001002505,220,220,56,0.00073446345,0.0020769506,1.1893776e-05,0.20050047,0
1275,21.25,7.338646e-07,33.112247,33.112247,-1.0799965e-05,33.112247,0.00010027447,220,220,56,0.0007404883,0.0020908983,1.2028143e-05,0.20050004,0
1276,21.266666,7.4987884e-07,33.11222,33.11222,-2.5254758e-05,33.11222,0.00010020296,220,220,56,0.0007471678,0.0021687096,1.2111096e-05,0.20049942,0
1277,21.283333,7.4982745e-07,33.1122,33.1122,-1.862062e-05,33.1122,0.000100221274,220,220,56,0.00075476256,0.0030875856,1.2136228e-05,0.20049888,0
1278,21.3,7.370486e-07,33.112186,33.112186,-1.7137052e-05,33.112186,0.00010022979,220,220,56,0.0007412154,0.0021153796,1.20827535e-05,0.20049839,0
1279,21.316668,7.6588077e-07,33.112167,33.112167,-1.7926717e-05,33.112167,0.00010021069,220,220,56,0.0007754154,0.006405873,1.2059452e-05,0.20049791,0
1280,21.333334,7.18116e-07,33.11215,33.112152,-1.7172038e-05,33.112152,0.000100179925,220,220,56,0.00073356717,0.0020896134,1.2003354e-05,0.20049742,0
1281,21.35,7.0935e-07,33.112133,33.112133,-1.5802998e-05,33.112133,0.000100240206,220,220,56,0.0007291008,0.0020683382,1.19093775e-05,0.20049693,0
1282,21.366667,7.012034e-07,33.112118,33.112118,-1.7298675e-05,33.112118,0.00010024424,220,220,56,0.0007241922,0.0020739923,1.1849727e-05,0.20049642,0
1283,21.383333,7.0069916e-07,33.112095,33.112095,-2.0782389e-05,33.112095,0.000100201694,220,220,56,0.00072241697,0.0020445716,1.1795284e-05,0.20049584,0
1284,21.4,6.9251877e-07,33.11208,33.11208,-1.5137392e-05,33.11208,0.00010021353,220,220,56,0.0007188115,0.0020531882,1.1726419e-05,0.20049538,0
1285,21.416666,6.9122484e-07,33.11206,33.112064,-1.8289353e-05,33.112064,0.00010023505,220,220,56,0.00071690965,0.00202787,1.1680013e-05,0.20049487,0
1286,21.433332,6.8345213e-07,33.11205,33.11205,-1.430571e-05,33.11205,0.00010025469,220,220,56,0.0007133289,0.0020278334,1.1626681e-05,0.2004944,0
1287,21.45,6.8339443e-07,33.11203,33.11203,-1.8953137e-05,33.11203,0.00010022304,220,220,56,0.00071256235,0.0020151876,1.1579894e-05,0.20049386,0
1288,21.466667,6.762663e-07,33.11201,33.11201,-1.8295186e-05,33.11201,0.00010020592,220,220,56,0.00070895866,0.0020067405,1.1556603e-05,0.20049332,0
1289,21.483334,6.806853e-07,33.111988,33.11199,-2.1109976e-05,33.11199,0.00010017011,220,220,56,0.00071083725,0.0020802887,1.1533092e-05,0.2004928,0
1290,21.5,6.7350754e-07,33.111977,33.111977,-1.3473839e-05,33.111977,0.000100198034,220,220,56,0.00070688035,0.0019906445,1.1508108e-05,0.20049234,0
1291,21.516666,6.6918284e-07,33.111958,33.111958,-1.8957404e-05,33.111958,0.000100223966,220,220,56,0.00070402154,0.0019800616,1.1460833e-05,0.2004918,0
1292,21.533333,6.6457557e-07,33.11194,33.11194,-1.7960156e-05,33.11194,0.00010015877,220,220,56,0.0007013478,0.0019666553,1.1435264e-05,0.20049126,0
1293,21.55,6.743608e-07,33.111923,33.111927,-1.44544065e-05,33.111927,0.00010020362,220,220,56,0.00070694654,0.0020429885,1.1480504e-05,0.20049083,0
1294,21.566668,7.231001e-07,33.111904,33.111908,-1.890434e-05,33.111908,0.000100172794,220,220,56,0.0007459857,0.006247825,1.1480758e-05,0.2004903,0
1295,21.583334,6.831547e-07,33.11189,33.11189,-1.782924e-05,33.11189,0.00010019118,220,220,56,0.00070931314,0.0019745568,1.1558527e-05,0.2004898,0
1296,21.6,6.8425857e-07,33.111874,33.111874,-1.3798068e-05,33.111874,0.00010016664,220,220,56,0.0007090026,0.001975068,1.1538049e-05,0.20048934,0
1297,21.616667,6.780822e-07,33.111855,33.111855,-2.045555e-05,33.111855,0.00010021552,220,220,56,0.000705799,0.0019766332,1.1504057e-05,0.20048882,0
1298,21.633333,6.7555396e-07,33.11184,33.11184,-1.4300465e-05,33.11184,0.00010023147,220,220,56,0.00070361077,0.0019561914,1.1440628e-05,0.20048834,0
1299,21.65,7.414939e-07,33.111797,33.111797,-4.1996595e-05,33.111797,0.000100199795,218,218,55,0.00066715566,0.0065957755,1.0294292e-05,0.20048729,0
1300,21.666666,7.7010384e-07,33.11178,33.111782,-1.7428174e-05,33.111782,0.00010016426,218,218,55,0.0007178072,0.0018107021,1.1405515e-05,0.20048685,0
1301,21.683332,5.696711e-07,33.111763,33.111763,-1.649343e-05,33.111763,0.000100186335,218,218,55,0.0006232374,0.0016180221,1.0858972e-05,0.20048635,0
1302,21.7,4.796162e-07,33.111748,33.111748,-1.6549307e-05,33.111748,0.00010015734,218,218,55,0.0005675789,0.0014711802,9.446981e-06,0.20048586,0
1303,21.716667,4.651365e-07,33.11173,33.11173,-1.963258e-05,33.11173,0.00010013036,218,218,55,0.0005491831,0.0013526859,8.961102e-06,0.20048532,0
1304,21.733334,4.027041e-07,33.111713,33.111713,-1.31965835e-05,33.111713,0.000100179306,218,218,55,0.0005025304,0.001214455,8.3167915e-06,0.20048486,0
1305,21.75,3.329418e-07,33.111694,33.111694,-1.9189096e-05,33.111694,0.000100163306,218,218,55,0.00045000235,0.001102576,7.4423715e-06,0.2004843,0
1306,21.766666,3.0714182e-07,33.111683,33.111683,-1.2328676e-05,33.111683,0.00010015644,218,218,55,0.000434851,0.0052125254,6.6137964e-06,0.20048389,0
1307,21.783333,2.2805084e-07,33.11167,33.11167,-1.2714477e-05,33.11167,0.00010019497,218,218,55,0.00035491725,0.0008798592,5.742925e-06,0.20048341,0
1308,21.8,1.9124559e-07,33.11166,33.11166,-1.001211e-05,33.11166,0.00010021001,218,218,55,0.00031567397,0.0007899654,4.9548144e-06,0.2004829,0
1309,21.816668,1.6322214e-07,33.11164,33.11164,-1.8316083e-05,33.11164,0.000100161094,218,218,55,0.00028446625,0.0007286389,4.2558695e-06,0.20048249,0
1310,21.833334,1.4335173e-07,33.111633,33.111633,-8.665134e-06,33.111633,0.00010016489,218,218,55,0.0002610975,0.0006794241,3.7561429e-06,0.2004821,0
1311,21.85,1.2961019e-07,33.111618,33.111618,-1.38129135e-05,33.111618,0.000100160716,218,218,55,0.00024612775,0.00063608796,3.4615778e-06,0.20048161,0
1312,21.866667,1.18880536e-07,33.111603,33.111603,-1.8132534e-05,33.111603,0.00010017116,218,218,55,0.00023492213,0.00060407654,3.2356363e-06,0.20048109,0
1313,21.883333,1.1190401e-07,33.11159,33.11159,-1.18110875e-05,33.11159,0.000100190344,218,218,55,0.00022742362,0.0005938061,3.0777737e-06,0.20048065,0
1314,21.9,1.0997411e-07,33.111576,33.111576,-1.3302337e-05,33.111576,0.00010016817,218,218,55,0.0002252306,0.0005829532,2.927391e-06,0.20048012,0
1315,21.916666,1.0943553e-07,33.11156,33.11156,-1.6958556e-05,33.11156,0.00010012802,218,218,55,0.00022462249,0.0005806584,2.8806667e-06,0.20047958,0
1316,21.933332,1.0922964e-07,33.111546,33.111546,-1.5129418e-05,33.111546,0.00010014268,218,218,55,0.00022475718,0.00057944184,2.8541428e-06,0.20047912,0
1317,21.95,1.09671575e-07,33.11153,33.11153,-1.579379e-05,33.11153,0.00010013468,218,218,55,0.00022607237,0.00057960325,2.8328905e-06,0.2004786,0
1318,21.966667,1.09204144e-07,33.111515,33.111515,-1.4464659e-05,33.111515,0.000100120546,218,218,55,0.00022566997,0.0005783801,2.8039187e-06,0.2004781,0
1319,21.983334,1.0870285e-07,33.111496,33.111496,-1.7124774e-05,33.111496,0.00010013463,218,218,55,0.0002250687,0.00057635084,2.8241718e-06,0.20047756,0
1320,22,1.0816272e-07,33.11149,33.11149,-7.8145285e-06,33.11149,0.00010020822,218,218,55,0.00022442668,0.00057455763,2.8095471e-06,0.20047715,0
1321,22.016666,1.0680444e-07,33.111473,33.111473,-1.6959377e-05,33.111473,0.00010015795,218,218,55,0.00022509467,0.0005780313,2.8652298e-06,0.20047662,0
1322,22.033333,1.0807916e-07,33.111458,33.111458,-1.4629172e-05,33.111458,0.00010013842,218,218,55,0.00022462537,0.00057373766,2.7812625e-06,0.20047608,0
1323,22.05,1.06657474e-07,33.111446,33.111446,-1.2304297e-05,33.111446,0.000100125595,218,218,55,0.00022237851,0.0005697522,2.7817957e-06,0.20047554,0
1324,22.066668,1.0573263e-07,33.111427,33.111427,-1.6958944e-05,33.111427,0.000100129044,218,218,55,0.00022098963,0.00056679867,2.7483031e-06,0.20047498,0
1325,22.083334,1.04914385e-07,33.111412,33.111412,-1.4631265e-05,33.111412,0.0001001568,218,218,55,0.00021996668,0.00056436105,2.749609e-06,0.20047444,0
1326,22.1,1.0423698e-07,33.1114,33.1114,-1.2137299e-05,33.1114,0.00010014041,218,218,55,0.0002191204,0.00056231226,2.7280869e-06,0.20047398,0
1327,22.116667,1.0362967e-07,33.11139,33.11139,-1.3467269e-05,33.11139,0.00010014556,218,218,55,0.0002183652,0.0005603255,2.7246492e-06,0.20047349,0
1328,22.133333,1.031245e-07,33.111374,33.111374,-1.5129717e-05,33.111374,0.000100118574,218,218,55,0.00021778642,0.00055841217,2.6862238e-06,0.20047294,0
1329,22.15,1.025442e-07,33.11136,33.11136,-1.3467242e-05,33.11136,0.0001001469,218,218,55,0.00021713632,0.0005567198,2.6995594e-06,0.20047247,0
1330,22.166666,1.01973896e-07,33.111343,33.111343,-1.4631018e-05,33.111343,0.00010013794,218,218,55,0.00021649747,0.0005548662,2.6878138e-06,0.20047203,0
1331,22.183332,1.0147988e-07,33.111332,33.111332,-1.296839e-05,33.111332,0.00010015974,218,218,55,0.00021595135,0.0005528866,2.670346e-06,0.20047152,0
1332,22.2,1.0129385e-07,33.111317,33.111317,-1.6958204e-05,33.111317,0.00010010996,218,218,55,0.00021573917,0.00055249006,2.6445673e-06,0.20047101,0
1333,22.216667,1.0091986e-07,33.111305,33.111305,-9.476914e-06,33.111305,0.00010017675,218,218,55,0.00021531941,0.00055083865,2.6584576e-06,0.20047058,0
1334,22.233334,1.0113983e-07,33.11129,33.11129,-1.5295247e-05,33.11129,0.00010016347,218,218,55,0.000215616,0.00055186107,2.6350726e-06,0.2004701,0
1335,22.25,9.975348e-08,33.111282,33.111282,-9.644181e-06,33.111282,0.00010023861,218,218,55,0.00021399882,0.0005470021,2.6324644e-06,0.20046966,0
1336,22.266666,9.914927e-08,33.11127,33.11127,-8.479613e-06,33.11127,0.00010022558,218,218,55,0.00021332368,0.00054497505,2.6097493e-06,0.2004692,0
1337,22.283333,9.861045e-08,33.111263,33.111263,-9.144568e-06,33.111263,0.00010018982,218,218,55,0.00021271904,0.0005430486,2.6170767e-06,0.20046882,0
1338,22.3,9.859156e-08,33.111248,33.111248,-1.4297956e-05,33.111248,0.00010016637,218,218,55,0.00021268711,0.0005431416,2.5649945e-06,0.20046829,0
1339,22.316668,9.7893135e-08,33.11124,33.11124,-8.978473e-06,33.11124,0.00010024731,218,218,55,0.00021188895,0.0005403246,2.5540594e-06,0.20046775,0
1340,22.333334,9.72317e-08,33.111233,33.111233,-8.812181e-06,33.111233,0.000100172816,218,218,55,0.00021114286,0.0005384415,2.5832705e-06,0.20046735,0
1341,22.35,9.6734254e-08,33.111225,33.111225,-7.648231e-06,33.111225,0.00010026082,218,218,55,0.0002105751,0.0005364828,2.5582176e-06,0.20046696,0
1342,22.366667,9.629544e-08,33.11121,33.11121,-1.4298375e-05,33.11121,0.000100120276,218,218,55,0.00021005775,0.0005349716,2.5347945e-06,0.20046654,0
1343,22.383333,9.585826e-08,33.1112,33.1112,-1.1638293e-05,33.1112,0.00010018803,218,218,55,0.00020955878,0.0005332606,2.5454324e-06,0.200466,0
1344,22.4,9.541231e-08,33.111187,33.111187,-1.1305791e-05,33.111187,0.0001001678,218,218,55,0.00020904696,0.000531767,2.5167874e-06,0.2004655,0
1345,22.416666,9.497944e-08,33.11118,33.11118,-7.814421e-06,33.11118,0.00010023212,218,218,55,0.00020854463,0.0005302453,2.5072486e-06,0.2004651,0
1346,22.433332,9.454894e-08,33.11117,33.11117,-8.3131845e-06,33.11117,0.00010022768,218,218,55,0.0002080337,0.0005286533,2.5000163e-06,0.20046456,0
1347,22.45,9.419824e-08,33.11116,33.11116,-8.313104e-06,33.11116,0.00010022448,218,218,55,0.00020763162,0.0005270137,2.4895344e-06,0.20046408,0
1348,22.466667,9.377922e-08,33.111153,33.111153,-9.809469e-06,33.111153,0.00010023308,218,218,55,0.00020714465,0.00052550295,2.4633773e-06,0.20046356,0
1349,22.483334,9.341084e-08,33.111145,33.111145,-7.481847e-06,33.111145,0.00010018713,218,218,55,0.00020671688,0.00052422384,2.4785973e-06,0.20046319,0
1350,22.5,9.300004e-08,33.111134,33.111134,-1.2469542e-05,33.111134,0.000100113575,218,218,55,0.00020623546,0.0005228272,2.456133e-06,0.20046264,0
1351,22.516666,9.273537e-08,33.11112,33.11112,-1.3466926e-05,33.11112,0.00010018047,218,218,55,0.00020592069,0.00052118447,2.4444012e-06,0.20046215,0
1352,22.533333,9.2300624e-08,33.111107,33.111107,-1.0141995e-05,33.111107,0.000100219404,218,218,55,0.00020541213,0.0005199178,2.4301635e-06,0.20046163,0
1353,22.55,9.1889106e-08,33.111103,33.111103,-4.3230434e-06,33.111103,0.000100204634,218,218,55,0.00020494177,0.00051834364,2.4544165e-06,0.2004613,0
1354,22.566668,9.149834e-08,33.111095,33.111095,-9.3106755e-06,33.111095,0.00010020467,218,218,55,0.00020447462,0.00051723875,2.4103958e-06,0.20046085,0
1355,22.583334,9.1158334e-08,33.111084,33.111084,-8.978114e-06,33.111084,0.00010025006,218,218,55,0.00020407222,0.000515848,2.4147384e-06,0.20046037,0
1356,22.6,9.0875346e-08,33.111076,33.111076,-8.811802e-06,33.111076,0.000100213576,218,218,55,0.00020372268,0.00051456277,2.4051794e-06,0.20045985,0
1357,22.616667,9.051401e-08,33.11107,33.11107,-6.6505645e-06,33.11107,0.00010021608,218,218,55,0.00020329993,0.0005130957,2.3994241e-06,0.20045944,0
1358,22.633333,9.0213305e-08,33.111057,33.111057,-1.2303177e-05,33.111057,0.000100206424,218,218,55,0.0002029394,0.0005118232,2.374061e-06,0.20045896,0
1359,22.65,8.986077e-08,33.11105,33.11105,-8.811872e-06,33.11105,0.00010023232,218,218,55,0.00020252609,0.000510522,2.3776029e-06,0.20045847,0
1360,22.666666,8.952652e-08,33.11104,33.11104,-1.064066e-05,33.11104,0.00010017859,218,218,55,0.00020213003,0.0005092248,2.3677308e-06,0.20045796,0
1361,22.683332,8.918026e-08,33.11103,33.11103,-9.643141e-06,33.11103,0.00010021968,218,218,55,0.00020171389,0.0005078623,2.3489426e-06,0.20045748,0
1362,22.7,8.8838824e-08,33.11102,33.11102,-1.0640667e-05,33.11102,0.00010016997,218,218,55,0.0002013119,0.000506536,2.34678e-06,0.20045692,0
1363,22.716667,8.8577714e-08,33.111008,33.111008,-8.978035e-06,33.111008,0.00010021432,218,218,55,0.0002009913,0.00050517253,2.3403263e-06,0.20045644,0
1364,22.733334,8.82601e-08,33.111004,33.111004,-6.816776e-06,33.111004,0.00010021891,218,218,55,0.00020060502,0.000503993,2.3339007e-06,0.20045601,0
1365,22.75,8.794849e-08,33.110996,33.111,-4.1566886e-06,33.111,0.00010021489,218,218,55,0.0002002373,0.0005026033,2.353513e-06,0.20045567,0
1366,22.766666,8.75979e-08,33.110985,33.110985,-1.3965778e-05,33.110985,0.00010014496,218,218,55,0.0001998214,0.0005015407,2.269175e-06,0.20045507,0
1367,22.783333,8.7312344e-08,33.110973,33.110973,-9.476825e-06,33.110973,0.00010022397,218,218,55,0.00019947332,0.00050029217,2.278099e-06,0.20045455,0
1368,22.8,8.702544e-08,33.110966,33.110966,-8.645551e-06,33.110966,0.00010028961,218,218,55,0.00019912285,0.0004989485,2.29855e-06,0.20045404,0
1369,22.816668,8.668433e-08,33.11096,33.11096,-7.3155647e-06,33.11096,0.00010023011,218,218,55,0.00019870735,0.000497827,2.292521e-06,0.20045362,0
1370,22.833334,8.643699e-08,33.110947,33.110947,-1.1970613e-05,33.110947,0.00010015339,218,218,55,0.00019841011,0.0004964471,2.2777938e-06,0.20045315,0
1371,22.85,8.6079226e-08,33.110935,33.11094,-9.643152e-06,33.11094,0.00010020673,218,218,55,0.000197973,0.0004978319,2.2763147e-06,0.2004527,0
1372,22.866667,9.081878e-08,33.110928,33.110928,-9.970565e-06,33.110928,0.00010023785,218,218,55,0.00020363614,0.00047560403,2.248091e-06,0.2004522,0
1373,22.883333,9.211926e-08,33.11092,33.11092,-7.313923e-06,33.11092,0.000100200865,218,218,55,0.000205299,0.00048057386,2.3047392e-06,0.20045175,0
1374,22.9,9.254321e-08,33.110912,33.110912,-7.97982e-06,33.110912,0.000100207,218,218,55,0.00020583216,0.00048207692,2.3338046e-06,0.20045127,0
1375,22.916666,9.2407376e-08,33.110897,33.110897,-1.4464328e-05,33.110897,0.00010014568,218,218,55,0.00020573572,0.00048159208,2.3354232e-06,0.20045078,0
1376,22.933332,9.212551e-08,33.110886,33.110886,-1.0474352e-05,33.110886,0.00010019299,218,218,55,0.00020542895,0.000480544,2.3163577e-06,0.20045029,0
1377,22.95,9.19345e-08,33.110878,33.110878,-7.81418e-06,33.110878,0.00010023579,219,219,55,0.00020517637,0.0004792644,2.3123428e-06,0.20044982,0
1378,22.966667,9.1548266e-08,33.110867,33.110867,-1.3467048e-05,33.110867,0.00010013048,219,219,55,0.00020476738,0.00047819532,2.314645e-06,0.20044936,0
1379,22.983334,9.134297e-08,33.11085,33.11085,-1.2635592e-05,33.11085,0.00010020466,219,219,55,0.00020451004,0.00047682622,2.2936217e-06,0.20044889,0
1380,23,9.106448e-08,33.11084,33.11084,-1.346694e-05,33.11084,0.00010017419,219,219,55,0.00020416464,0.00047560403,2.2762147e-06,0.2004483,0
1381,23.016666,9.07829e-08,33.110832,33.110832,-9.144311e-06,33.110832,0.000100220466,219,219,55,0.00020380906,0.00047455635,2.290525e-06,0.20044784,0
1382,23.033333,9.0524466e-08,33.110825,33.110825,-7.315482e-06,33.110825,0.00010021654,219,219,55,0.00020347926,0.00047326952,2.2961428e-06,0.20044751,0
1383,23.05,9.022122e-08,33.11081,33.11081,-1.230318e-05,33.11081,0.00010020663,219,219,55,0.00020313641,0.00047196005,2.2584154e-06,0.20044701,0
1384,23.066668,9.00655e-08,33.1108,33.1108,-9.31044e-06,33.1108,0.00010017228,219,219,55,0.00020291317,0.00047098869,2.2674776e-06,0.20044665,0
1385,23.083334,9.0078835e-08,33.110794,33.110794,-8.312741e-06,33.110794,0.00010026579,219,219,55,0.00020284306,0.00047198613,2.2514814e-06,0.20044617,0
1386,23.1,9.036024e-08,33.110783,33.110783,-1.0307534e-05,33.110783,0.00010022143,219,219,55,0.00020317038,0.0004725503,2.2647139e-06,0.20044567,0
1387,23.116667,9.061199e-08,33.11077,33.11077,-1.2635134e-05,33.11077,0.000100213,219,219,55,0.00020347211,0.00047440425,2.2821641e-06,0.20044525,0
1388,23.133333,9.0881485e-08,33.11076,33.11076,-1.18038415e-05,33.11076,0.000100252284,219,219,55,0.00020379346,0.00047617216,2.2767413e-06,0.20044476,0
1389,23.15,9.116168e-08,33.110752,33.110752,-6.649923e-06,33.110752,0.000100211764,219,219,55,0.00020412164,0.00047755588,2.2993304e-06,0.20044434,0
1390,23.166666,9.143894e-08,33.110737,33.110737,-1.37988945e-05,33.110737,0.00010018776,219,219,55,0.00020445169,0.00047770323,2.3089663e-06,0.20044388,0
1391,23.183332,9.1553936e-08,33.11073,33.11073,-8.9776595e-06,33.11073,0.00010021819,219,219,55,0.0002045774,0.00048024207,2.3124123e-06,0.2004434,0
1392,23.2,9.180697e-08,33.110718,33.110718,-9.975051e-06,33.110718,0.000100178775,219,219,55,0.00020488621,0.00048008657,2.326587e-06,0.20044295,0
1393,23.216667,9.198361e-08,33.110706,33.110706,-1.1471424e-05,33.110706,0.000100199235,219,219,55,0.00020508273,0.00048168443,2.3431553e-06,0.20044267,0
1394,23.233334,9.2227715e-08,33.1107,33.1107,-8.146255e-06,33.1107,0.00010019646,219,219,55,0.00020536927,0.00048250196,2.351363e-06,0.20044224,0
1395,23.25,9.250388e-08,33.110695,33.110695,-5.652397e-06,33.110695,0.00010023117,219,219,55,0.00020568374,0.0004842887,2.3466257e-06,0.20044185,0
1396,23.266666,9.2749886e-08,33.110683,33.110683,-9.642548e-06,33.110683,0.00010028572,219,219,55,0.00020597699,0.00048491315,2.3469097e-06,0.20044138,0
1397,23.283333,9.298762e-08,33.110676,33.110676,-9.6425565e-06,33.110676,0.00010019481,219,219,55,0.00020625356,0.0004864301,2.3553855e-06,0.20044087,0
1398,23.3,9.32473e-08,33.11067,33.11067,-5.652413e-06,33.11067,0.00010031577,219,219,55,0.00020655293,0.00048734903,2.3944028e-06,0.20044054,0
1399,23.316668,9.352075e-08,33.110657,33.110657,-1.1305072e-05,33.110657,0.00010019755,219,219,55,0.00020687231,0.00048826684,2.374338e-06,0.20044,0
1400,23.333334,9.377101e-08,33.11065,33.11065,-7.6474835e-06,33.11065,0.00010019591,219,219,55,0.00020716019,0.00048983755,2.4056128e-06,0.20043959,0
1401,23.35,9.405122e-08,33.11064,33.11064,-8.644984e-06,33.11064,0.00010024679,219,219,55,0.00020748335,0.00049107627,2.4109147e-06,0.20043914,0
1402,23.366667,9.427932e-08,33.110626,33.110626,-1.4796474e-05,33.110626,0.000100215184,219,219,55,0.0002077468,0.0004927942,2.4097403e-06,0.20043859,0
1403,23.383333,9.4571575e-08,33.11062,33.11062,-7.979952e-06,33.11062,0.0001002357,219,219,55,0.0002080784,0.0004942127,2.42267e-06,0.20043811,0
1404,23.4,9.477517e-08,33.110607,33.110607,-1.2302672e-05,33.110607,0.0001001425,219,219,55,0.00020831764,0.00049515435,2.4171138e-06,0.20043755,0
1405,23.416666,9.508238e-08,33.110596,33.110596,-1.1970059e-05,33.110596,0.00010020762,219,219,55,0.00020866664,0.0004961389,2.4496821e-06,0.20043707,0
1406,23.433332,9.5341164e-08,33.110584,33.110584,-1.0972577e-05,33.110584,0.00010024875,219,219,55,0.00020896674,0.00049698254,2.4467881e-06,0.20043662,0
1407,23.45,9.563744e-08,33.110577,33.110577,-7.979947e-06,33.110577,0.00010022884,219,219,55,0.00020930001,0.0004985217,2.4480255e-06,0.20043612,0
1408,23.466667,9.587273e-08,33.110565,33.110565,-1.163762e-05,33.110565,0.00010020424,219,219,55,0.00020957143,0.00049986853,2.472745e-06,0.2004357,0
1409,23.483334,9.622982e-08,33.110558,33.110558,-7.1486115e-06,33.110558,0.00010021388,219,219,55,0.00020998131,0.0005003022,2.4746623e-06,0.20043536,0
1410,23.5,9.6513254e-08,33.11055,33.11055,-8.146216e-06,33.11055,0.00010019617,219,219,55,0.00021030195,0.00050249754,2.5007337e-06,0.20043486,0
1411,23.516666,9.6942394e-08,33.110535,33.110535,-1.2468702e-05,33.110535,0.00010017427,219,219,55,0.00021078257,0.0005041371,2.4709916e-06,0.20043431,0
1412,23.533333,9.764142e-08,33.110523,33.110523,-1.1803411e-05,33.110523,0.00010013945,219,219,55,0.00021156674,0.00050693855,2.528166e-06,0.20043391,0
1413,23.55,9.830161e-08,33.11051,33.110516,-1.0307155e-05,33.110516,0.00010022489,219,219,55,0.00021230955,0.00051005,2.5079719e-06,0.2004334,0
1414,23.566668,9.885341e-08,33.1105,33.1105,-1.280109e-05,33.1105,0.00010020937,219,219,55,0.00021293541,0.00051192427,2.5336892e-06,0.20043288,0
1415,23.583334,9.92143e-08,33.11049,33.11049,-1.0307454e-05,33.11049,0.00010027156,219,219,55,0.00021333456,0.0005138526,2.5681177e-06,0.2004324,0
1416,23.6,9.9653874e-08,33.11048,33.11048,-9.974865e-06,33.11048,0.000100240424,219,219,55,0.0002138264,0.00051397446,2.5375853e-06,0.20043184,0
1417,23.616667,9.992559e-08,33.110474,33.110474,-8.478737e-06,33.110474,0.00010022439,219,219,55,0.0002141207,0.0005165337,2.5492072e-06,0.2004314,0
1418,23.633333,1.00350256e-07,33.11046,33.11046,-1.2967472e-05,33.11046,0.000100198486,219,219,55,0.00021459177,0.00051850145,2.5680067e-06,0.2004309,0
1419,23.65,1.00932354e-07,33.11045,33.11045,-6.9821313e-06,33.11045,0.0001002301,219,219,55,0.00021524311,0.0005192605,2.5931488e-06,0.20043057,0
1420,23.666666,1.0151153e-07,33.110443,33.110443,-8.312175e-06,33.110443,0.000100262834,219,219,55,0.00021587429,0.00052178913,2.5927206e-06,0.2004301,0
1421,23.683332,1.0188452e-07,33.11043,33.11043,-1.0806208e-05,33.11043,0.000100210826,219,219,55,0.00021628814,0.0005238072,2.5723375e-06,0.20042954,0
1422,23.7,1.0235212e-07,33.11042,33.11042,-1.2302408e-05,33.11042,0.00010013847,219,219,55,0.00021680564,0.000525383,2.6040293e-06,0.20042904,0
1423,23.716667,1.02851814e-07,33.11041,33.11041,-1.3632417e-05,33.11041,0.00010018873,219,219,55,0.00021734649,0.0005273406,2.6101122e-06,0.2004285,0
1424,23.733334,1.03318385e-07,33.1104,33.1104,-5.984716e-06,33.1104,0.0001002245,219,219,55,0.00021785767,0.0005287508,2.6464352e-06,0.20042811,0
1425,23.75,1.03777566e-07,33.11039,33.11039,-9.974846e-06,33.11039,0.0001002124,218,218,55,0.00021844891,0.00053033966,2.624492e-06,0.20042773,0
1426,23.766666,1.0435354e-07,33.110382,33.110382,-9.808474e-06,33.110382,0.00010021981,218,218,55,0.00021919886,0.00053271896,2.6317396e-06,0.2004272,0
1427,23.783333,1.0483109e-07,33.11037,33.11037,-1.2136144e-05,33.11037,0.00010024784,218,218,55,0.00021992413,0.00053413835,2.654585e-06,0.20042671,0
1428,23.8,1.0536831e-07,33.110363,33.110363,-7.979706e-06,33.110363,0.00010022506,218,218,55,0.00022063995,0.0005366245,2.6777134e-06,0.2004263,0
1429,23.816668,1.0593128e-07,33.11035,33.11035,-1.1471037e-05,33.11035,0.00010019475,218,218,55,0.00022141192,0.00053795194,2.6546206e-06,0.20042574,0
1430,23.833334,1.0641738e-07,33.11034,33.11034,-8.644778e-06,33.11034,0.00010022569,218,218,55,0.00022210913,0.00053988,2.6792898e-06,0.20042533,0
1431,23.85,1.07031404e-07,33.110336,33.110336,-6.150824e-06,33.110336,0.00010024229,218,218,55,0.00022289908,0.00054195296,2.6962634e-06,0.20042495,0
1432,23.866667,1.0760581e-07,33.11032,33.11032,-1.5294892e-05,33.11032,0.00010017158,218,218,55,0.00022366742,0.0005439098,2.708314e-06,0.20042442,0
1433,23.883333,1.0809475e-07,33.11031,33.11031,-9.808561e-06,33.11031,0.00010022552,218,218,55,0.00022435481,0.0005456818,2.6997643e-06,0.20042387,0
1434,23.9,1.0867029e-07,33.1103,33.1103,-1.1969791e-05,33.1103,0.00010020733,218,218,55,0.00022508066,0.00054818304,2.7394658e-06,0.20042345,0
1435,23.916666,1.0922816e-07,33.11029,33.11029,-8.810962e-06,33.11029,0.000100228666,218,218,55,0.00022580317,0.0005504118,2.7372591e-06,0.20042302,0
1436,23.933332,1.0974454e-07,33.11028,33.11028,-8.478492e-06,33.11028,0.00010020657,218,218,55,0.00022641267,0.00055179757,2.7431709e-06,0.20042256,0
1437,23.95,1.09977144e-07,33.11027,33.11027,-8.3125215e-06,33.11027,0.00010017665,218,218,55,0.0002266476,0.0005524896,2.755517e-06,0.20042214,0
1438,23.966667,1.10117526e-07,33.110264,33.110264,-8.811379e-06,33.110264,0.00010022552,218,218,55,0.00022672217,0.00055328314,2.7421568e-06,0.20042162,0
1439,23.983334,1.10382345e-07,33.110256,33.110256,-8.478744e-06,33.110256,0.00010029201,218,218,55,0.0002269078,0.0005539597,2.770473e-06,0.20042118,0
1440,24,1.1079949e-07,33.11025,33.11025,-7.9798265e-06,33.11025,0.00010022504,218,218,55,0.00022725608,0.0005558391,2.787565e-06,0.20042077,0
1441,24.016666,1.11336725e-07,33.110233,33.110233,-1.496242e-05,33.110233,0.00010019299,218,218,55,0.00022775764,0.0005584271,2.7760386e-06,0.20042023,0
1442,24.033333,1.1192568e-07,33.11022,33.11022,-1.0307226e-05,33.11022,0.00010022459,218,218,55,0.00022831408,0.0005600488,2.791669e-06,0.20041978,0
1443,24.05,1.12357405e-07,33.110214,33.110214,-6.3172615e-06,33.110214,0.00010020113,218,218,55,0.00022875826,0.0005611786,2.8347404e-06,0.2004194,0
1444,24.066668,1.1288991e-07,33.110207,33.110207,-9.8085175e-06,33.110207,0.00010022958,218,218,55,0.00022920893,0.0005635518,2.8081083e-06,0.2004189,0
1445,24.083334,1.1347435e-07,33.1102,33.1102,-7.480894e-06,33.1102,0.000100167206,218,218,55,0.00022974235,0.0005655875,2.852045e-06,0.20041844,0
1446,24.1,1.1393415e-07,33.110188,33.110188,-1.18036505e-05,33.110188,0.000100217876,218,218,55,0.0002301542,0.00056814146,2.856573e-06,0.20041792,0
1447,24.116667,1.14447374e-07,33.110176,33.110176,-1.0307302e-05,33.110176,0.00010022511,218,218,55,0.00023066792,0.0005695709,2.861562e-06,0.20041744,0
1448,24.133333,1.15040336e-07,33.11017,33.11017,-6.6496104e-06,33.11017,0.000100223784,218,218,55,0.00023120701,0.00057166343,2.8904894e-06,0.20041706,0
1449,24.15,1.16092366e-07,33.11016,33.11016,-9.309232e-06,33.11016,0.00010026546,218,218,55,0.00023124776,0.00057773787,2.892701e-06,0.20041661,0
1450,24.166666,1.14683566e-07,33.110153,33.110153,-7.3166325e-06,33.110153,0.000100202305,218,218,55,0.00023006172,0.00073198543,2.923214e-06,0.20041622,0
1451,24.183332,1.1291567e-07,33.110146,33.110146,-6.818226e-06,33.110146,0.00010021034,218,218,55,0.00022571161,0.00057005667,2.907729e-06,0.20041591,0
1452,24.2,1.18061486e-07,33.110138,33.110138,-9.803904e-06,33.110138,0.00010019651,218,218,55,0.00023454876,0.0007213613,2.9414034e-06,0.2004156,0
1453,24.216667,1.18716265e-07,33.110126,33.110126,-1.1304691e-05,33.110126,0.0001001534,218,218,55,0.00023471993,0.0007584245,2.987584e-06,0.20041515,0
1454,24.233334,1.17896604e-07,33.110115,33.110115,-1.047489e-05,33.110115,0.00010024293,218,218,55,0.0002340384,0.00090782944,3.005589e-06,0.20041469,0
1455,24.25,1.17240354e-07,33.110104,33.110104,-1.0807236e-05,33.110104,0.00010023214,218,218,55,0.00023314197,0.0008947505,2.992913e-06,0.2004142,0
1456,24.266666,1.18274706e-07,33.110096,33.110096,-7.147934e-06,33.110096,0.000100233585,218,218,55,0.00023396856,0.0008618365,3.011825e-06,0.20041385,0
1457,24.283333,1.2065038e-07,33.11008,33.11008,-1.4129306e-05,33.11008,0.00010016544,218,218,55,0.00023712734,0.00058182084,3.0363788e-06,0.20041339,0
1458,24.3,1.2029822e-07,33.110073,33.110073,-7.814341e-06,33.110073,0.00010023388,218,218,55,0.00023651095,0.00087969896,3.039601e-06,0.20041299,0
1459,24.316668,1.2285186e-07,33.11007,33.11007,-6.8139047e-06,33.11007,0.00010023615,218,218,55,0.00023991434,0.0007034497,3.0960407e-06,0.20041268,0
1460,24.333334,1.2296731e-07,33.110054,33.110054,-1.1803995e-05,33.110054,0.00010011251,218,218,55,0.00023719174,0.00060763286,3.0996778e-06,0.20041221,0
1461,24.35,1.2368226e-07,33.110043,33.110043,-1.2135906e-05,33.110043,0.00010017481,218,218,55,0.00024003552,0.0008692134,3.1313234e-06,0.20041166,0
1462,24.366667,1.2395303e-07,33.11004,33.11004,-5.319892e-06,33.11004,0.000100246965,218,218,55,0.00024028616,0.0008640128,3.1512425e-06,0.2004113,0
1463,24.383333,1.225594e-07,33.110027,33.11003,-9.145423e-06,33.11003,0.000100210695,218,218,55,0.00023879792,0.00086928904,3.1418979e-06,0.20041078,0
1464,24.4,1.2148065e-07,33.11002,33.11002,-9.145108e-06,33.11002,0.000100212004,218,218,55,0.00023762537,0.0008723377,3.0944077e-06,0.20041032,0
1465,24.416666,1.2069407e-07,33.11001,33.11001,-1.0474857e-05,33.11001,0.00010020463,218,218,55,0.00023666507,0.00080395,3.1043255e-06,0.20040986,0
1466,24.433332,1.2200381e-07,33.110004,33.110004,-6.1501282e-06,33.110004,0.000100271085,218,218,55,0.0002381243,0.00086595333,3.118534e-06,0.2004094,0
1467,24.45,1.2124498e-07,33.10999,33.10999,-1.346742e-05,33.10999,0.00010021119,218,218,55,0.0002373252,0.0008665208,3.1191698e-06,0.20040888,0
1468,24.466667,1.2193753e-07,33.10998,33.10998,-7.979551e-06,33.10998,0.0001002677,219,219,55,0.00023463501,0.0006023427,3.118699e-06,0.20040849,0
1469,24.483334,1.2384021e-07,33.10997,33.10997,-1.1137187e-05,33.10997,0.000100233265,219,219,55,0.00023983553,0.0007216272,3.13368e-06,0.20040797,0
1470,24.5,1.2273681e-07,33.109962,33.109962,-7.815092e-06,33.109962,0.00010022309,219,219,55,0.00023886129,0.00085373165,3.1646719e-06,0.2004075,0
1471,24.516666,1.2279311e-07,33.109955,33.109955,-7.813933e-06,33.109955,0.00010022959,219,219,55,0.0002388009,0.00084795785,3.1517468e-06,0.20040707,0
1472,24.533333,1.2766519e-07,33.109947,33.109947,-8.972902e-06,33.109947,0.00010020644,219,219,55,0.0002438829,0.00060564466,3.1395818e-06,0.20040672,0
1473,24.55,1.3068765e-07,33.109936,33.109936,-1.0138538e-05,33.109936,0.00010019572,219,219,55,0.00024753052,0.0006453037,3.245687e-06,0.20040631,0
1474,24.566668,1.3082715e-07,33.109924,33.109924,-1.1305206e-05,33.109924,0.0001002007,219,219,55,0.00024346342,0.0006351381,3.300462e-06,0.2004058,0
1475,24.583334,1.3353396e-07,33.109917,33.109917,-8.975067e-06,33.109917,0.00010027263,219,219,55,0.000249715,0.00080011593,3.3208075e-06,0.20040533,0
1476,24.6,1.3223887e-07,33.109905,33.109905,-1.064162e-05,33.109905,0.00010026352,219,219,55,0.00024481642,0.0006406831,3.3466183e-06,0.20040488,0
1477,24.616667,1.3229327e-07,33.109898,33.109898,-8.64521e-06,33.109898,0.00010016501,219,219,55,0.0002449144,0.00063806534,3.352708e-06,0.2004044,0
1478,24.633333,1.3520953e-07,33.10989,33.10989,-7.977327e-06,33.10989,0.00010022638,219,219,55,0.0002512617,0.0007921245,3.3766505e-06,0.20040396,0
1479,24.65,1.3607337e-07,33.10988,33.10988,-1.0805717e-05,33.10988,0.00010017017,219,219,55,0.00024941275,0.0006413459,3.398653e-06,0.20040353,0
1480,24.666666,1.3952005e-07,33.109863,33.109863,-1.4460746e-05,33.109863,0.000100241,219,219,55,0.00025416492,0.0006505852,3.4032596e-06,0.20040306,0
1481,24.683332,1.4291847e-07,33.109856,33.109856,-7.644336e-06,33.109856,0.00010024411,219,219,55,0.00025917875,0.00066341314,3.4648483e-06,0.20040274,0
1482,24.7,1.4551607e-07,33.10985,33.10985,-4.8188e-06,33.10985,0.00010021939,219,219,55,0.0002607143,0.00070646027,3.5161177e-06,0.2004024,0
1483,24.716667,1.4580897e-07,33.109837,33.109837,-1.579394e-05,33.109837,0.00010016331,219,219,55,0.0002576731,0.00068486854,3.5754654e-06,0.20040184,0
1484,24.733334,1.4579165e-07,33.109825,33.109825,-9.975322e-06,33.109825,0.0001002141,219,219,55,0.00026137545,0.0007434972,3.5961205e-06,0.20040137,0
1485,24.75,1.4538062e-07,33.109818,33.109818,-6.8168692e-06,33.109818,0.00010021344,219,219,55,0.00026047707,0.0006823077,3.5819285e-06,0.200401,0
1486,24.766666,1.4915615e-07,33.109806,33.10981,-1.0304039e-05,33.10981,0.00010024682,219,219,55,0.00026418758,0.0007106533,3.6130584e-06,0.20040052,0
1487,24.783333,1.5067684e-07,33.109795,33.109795,-1.2966376e-05,33.109795,0.00010021762,219,219,55,0.00026539975,0.00069744466,3.6228666e-06,0.20040007,0
1488,24.8,1.5152196e-07,33.109783,33.109783,-1.1138245e-05,33.109783,0.00010019581,219,219,55,0.00026633474,0.00070186565,3.6733975e-06,0.20039955,0
1489,24.816668,1.5344351e-07,33.10977,33.10977,-1.0804659e-05,33.10977,0.00010023217,219,219,55,0.00026750422,0.0007073665,3.680511e-06,0.20039915,0
1490,24.833334,1.5685585e-07,33.109764,33.109764,-1.0304403e-05,33.109764,0.00010018247,219,219,55,0.00026974417,0.0007035701,3.7427926e-06,0.20039867,0
1491,24.85,1.5856772e-07,33.109753,33.109753,-8.311043e-06,33.109753,0.000100174904,219,219,55,0.000270132,0.0007261846,3.7945658e-06,0.20039825,0
1492,24.866667,1.6038844e-07,33.109745,33.109745,-1.0139739e-05,33.109745,0.00010024964,219,219,55,0.0002746211,0.00072739343,3.8114338e-06,0.20039776,0
1493,24.883333,1.6405578e-07,33.109734,33.109734,-1.1966698e-05,33.109734,0.0001001855,219,219,55,0.00027997093,0.0007262884,3.840746e-06,0.2003974,0
1494,24.9,1.6369418e-07,33.109726,33.109726,-7.81435e-06,33.109726,0.00010020732,219,219,55,0.00027368395,0.0007401415,3.8610547e-06,0.200397,0
1495,24.916666,1.6702298e-07,33.10972,33.10972,-7.976915e-06,33.10972,0.000100189936,219,219,55,0.00028088858,0.00072969205,3.8922494e-06,0.20039661,0
1496,24.933332,1.6969365e-07,33.1097,33.1097,-1.6290327e-05,33.1097,0.00010015144,219,219,55,0.0002834504,0.00074506464,3.9056963e-06,0.2003961,0
1497,24.95,1.7054461e-07,33.10969,33.10969,-8.644413e-06,33.10969,0.00010014302,219,219,55,0.00027969398,0.0007605936,3.967001e-06,0.20039566,0
1498,24.966667,1.7371435e-07,33.10968,33.10968,-9.639625e-06,33.10968,0.000100182806,219,219,55,0.00028609502,0.00076421833,3.9858255e-06,0.2003953,0
1499,24.983334,1.739206e-07,33.10967,33.10967,-1.1803904e-05,33.10967,0.000100203535,219,219,55,0.0002863441,0.00076608144,4.0024506e-06,0.20039481,0
1500,25,1.7578638e-07,33.10966,33.10966,-1.0472204e-05,33.10966,0.00010028768,219,219,55,0.00028828124,0.000766031,4.0142268e-06,0.2003944,0
1501,25.016666,1.7796994e-07,33.10965,33.10965,-1.0139376e-05,33.10965,0.000100204496,219,219,55,0.00029128077,0.00076229096,4.02888e-06,0.20039397,0
1502,25.033333,1.7696871e-07,33.109642,33.109642,-8.978775e-06,33.109642,0.000100138655,219,219,55,0.00028807262,0.0007766253,4.059665e-06,0.2003935,0
1503,25.05,1.7903618e-07,33.109627,33.109627,-1.462838e-05,33.109627,0.00010015778,219,219,55,0.00028923893,0.0007846092,4.0742266e-06,0.20039299,0
1504,25.066668,1.7994763e-07,33.109615,33.109615,-9.974394e-06,33.109615,0.00010022516,219,219,55,0.00029131377,0.00078363833,4.1045673e-06,0.20039245,0
1505,25.083334,1.7842396e-07,33.109604,33.109604,-1.1473125e-05,33.109604,0.00010014914,219,219,55,0.0002899731,0.00077994843,4.0962154e-06,0.20039193,0
1506,25.1,1.8187731e-07,33.109592,33.109592,-1.32969535e-05,33.109592,0.000100186706,219,219,55,0.00029506598,0.00077881507,4.0922596e-06,0.20039152,0
1507,25.116667,1.8649959e-07,33.109585,33.109585,-7.809366e-06,33.109585,0.00010030315,219,219,55,0.00029860827,0.00079595944,4.1523563e-06,0.20039114,0
1508,25.133333,1.8870195e-07,33.109573,33.109573,-8.975572e-06,33.109573,0.000100222154,219,219,55,0.00029849465,0.0008066753,4.20701e-06,0.2003907,0
1509,25.15,1.9255694e-07,33.109566,33.109566,-9.306429e-06,33.109566,0.000100166406,219,219,55,0.000304823,0.0008032005,4.244756e-06,0.20039028,0
1510,25.166666,1.932629e-07,33.10955,33.10955,-1.3964721e-05,33.10955,0.00010017848,219,219,55,0.00030214846,0.00081932364,4.264366e-06,0.20038974,0
1511,25.183332,1.9615145e-07,33.109547,33.109547,-5.151019e-06,33.109547,0.0001002163,219,219,55,0.00030418474,0.0008268184,4.3285722e-06,0.2003894,0
1512,25.2,1.973196e-07,33.109535,33.109535,-1.1969198e-05,33.109535,0.00010023366,219,219,55,0.00030481388,0.0008289466,4.31008e-06,0.20038895,0
1513,25.216667,2.0188364e-07,33.109528,33.109528,-7.144404e-06,33.109528,0.000100215875,219,219,55,0.0003109436,0.0008403021,4.3973805e-06,0.20038861,0
1514,25.233334,2.051669e-07,33.10952,33.10952,-8.475726e-06,33.10952,0.00010019714,219,219,55,0.00031154,0.0008499515,4.4192184e-06,0.20038815,0
1515,25.25,2.0801943e-07,33.10951,33.10951,-1.1136238e-05,33.10951,0.000100182646,219,219,55,0.00031359692,0.0008581777,4.4572816e-06,0.20038769,0
1516,25.266666,2.0917267e-07,33.1095,33.1095,-7.64658e-06,33.1095,0.00010026636,219,219,55,0.00031456887,0.0008613068,4.4938465e-06,0.20038721,0
1517,25.283333,2.1288358e-07,33.10949,33.10949,-9.140319e-06,33.10949,0.00010020172,219,219,55,0.00032398963,0.0008589992,4.5111965e-06,0.20038684,0
1518,25.3,2.168427e-07,33.109478,33.109478,-1.1633897e-05,33.109478,0.000100200166,219,219,55,0.00032389833,0.00087639055,4.657736e-06,0.20038642,0
1519,25.316668,2.2255801e-07,33.10947,33.10947,-8.473294e-06,33.10947,0.000100185855,219,219,55,0.0003313419,0.0008820093,4.7422e-06,0.20038608,0
1520,25.333334,2.273491e-07,33.109455,33.109455,-1.5456932e-05,33.109455,0.0001001901,219,219,55,0.00033756226,0.00089136546,4.812788e-06,0.20038562,0
1521,25.35,2.3155967e-07,33.109447,33.109447,-8.474799e-06,33.109447,0.00010021444,219,219,55,0.0003395967,0.000900098,4.8916986e-06,0.20038527,0
1522,25.366667,2.3119756e-07,33.109432,33.109436,-1.2303238e-05,33.109436,0.00010028453,219,219,55,0.00033400682,0.000915892,4.895093e-06,0.2003848,0
1523,25.383333,2.3551226e-07,33.109425,33.109425,-7.809674e-06,33.109425,0.00010020339,219,219,55,0.00033605853,0.00092111307,4.958312e-06,0.20038445,0
1524,25.4,2.387177e-07,33.109417,33.109417,-1.0138355e-05,33.109417,0.000100217054,219,219,55,0.00034434794,0.00092263485,4.9979044e-06,0.20038405,0
1525,25.416666,2.3786431e-07,33.10941,33.10941,-7.482332e-06,33.10941,0.000100264246,219,219,55,0.00033719328,0.0009280557,4.9626897e-06,0.20038362,0
1526,25.433332,2.4169935e-07,33.109398,33.109398,-9.638959e-06,33.109398,0.00010019237,219,219,55,0.00034821528,0.00092723593,5.0134076e-06,0.2003832,0
1527,25.45,2.4058997e-07,33.10939,33.10939,-9.311394e-06,33.10939,0.00010020677,219,219,55,0.00034148755,0.00093808863,5.005545e-06,0.20038275,0
1528,25.466667,2.4846244e-07,33.10938,33.10938,-9.302412e-06,33.10938,0.000100204794,219,219,55,0.00035255714,0.00094105006,5.182104e-06,0.20038243,0
1529,25.483334,2.496721e-07,33.10937,33.10937,-8.81031e-06,33.10937,0.00010022136,219,219,55,0.00034823106,0.00095180294,5.1834018e-06,0.200382,0
1530,25.5,2.5242483e-07,33.10936,33.10936,-1.0138807e-05,33.10936,0.000100217214,219,219,55,0.00035296628,0.0009559174,5.1730203e-06,0.20038153,0
1531,25.516666,2.5196985e-07,33.10935,33.109352,-1.13058e-05,33.109352,0.00010026906,219,219,55,0.000352632,0.00096037384,5.1795982e-06,0.20038106,0
1532,25.533333,2.5418657e-07,33.109337,33.109337,-1.1801894e-05,33.109337,0.000100177844,219,219,55,0.0003525897,0.0009678186,5.228777e-06,0.20038056,0
1533,25.55,2.5749543e-07,33.109325,33.10933,-1.1135781e-05,33.10933,0.00010020216,219,219,55,0.00035599092,0.0009737409,5.3026442e-06,0.20038019,0
1534,25.566668,2.6145e-07,33.109318,33.109318,-9.63884e-06,33.109318,0.000100266014,219,219,55,0.00036163063,0.00096666807,5.369711e-06,0.20037977,0
1535,25.583334,2.6596808e-07,33.109306,33.109306,-1.1965848e-05,33.109306,0.00010016536,219,219,55,0.0003691818,0.0009766204,5.4366583e-06,0.20037939,0
1536,25.6,2.6623877e-07,33.1093,33.1093,-8.1462285e-06,33.1093,0.00010021903,219,219,55,0.00036523826,0.0009838348,5.4194447e-06,0.20037898,0
1537,25.616667,2.646429e-07,33.109287,33.109287,-9.810646e-06,33.109287,0.00010016643,219,219,55,0.00035888425,0.000986101,5.3896906e-06,0.20037852,0
1538,25.633333,2.6633518e-07,33.109276,33.109276,-1.2799949e-05,33.109276,0.00010023112,219,219,55,0.00036037219,0.0009892886,5.4509023e-06,0.20037806,0
1539,25.65,2.653832e-07,33.10927,33.10927,-7.3161755e-06,33.10927,0.000100272555,219,219,55,0.00036130843,0.000989087,5.39289e-06,0.20037764,0
1540,25.666666,2.6750573e-07,33.109257,33.109257,-1.2300753e-05,33.109257,0.00010022208,219,219,55,0.00036557802,0.0009935952,5.4330567e-06,0.20037723,0
1541,25.683332,2.6554557e-07,33.10925,33.10925,-7.6496935e-06,33.10925,0.000100202764,219,219,55,0.00036259447,0.0009870863,5.391138e-06,0.20037678,0
1542,25.7,2.6845873e-07,33.109238,33.109238,-8.642351e-06,33.109238,0.00010019161,219,219,55,0.00036564626,0.0009893565,5.4544403e-06,0.20037642,0
1543,25.716667,2.6913435e-07,33.10922,33.109222,-1.8453638e-05,33.109222,0.00010017556,218,218,55,0.00036597057,0.0009943804,5.5299847e-06,0.20037596,0
1544,25.733334,2.6628848e-07,33.10921,33.10921,-8.814365e-06,33.10921,0.000100235164,218,218,55,0.0003636888,0.0009877196,5.4926504e-06,0.20037556,0
1545,25.75,2.629424e-07,33.109203,33.109203,-8.482355e-06,33.109203,0.00010024194,218,218,55,0.00035953624,0.0009803643,5.412324e-06,0.20037518,0
1546,25.766666,2.5859381e-07,33.10919,33.10919,-1.0145908e-05,33.10919,0.00010018507,218,218,55,0.00035393608,0.0009725419,5.3039425e-06,0.20037472,0
1547,25.783333,2.544864e-07,33.10918,33.10918,-1.2140728e-05,33.10918,0.000100210025,218,218,55,0.00035078355,0.00096299296,5.249814e-06,0.20037423,0
1548,25.8,2.5045668e-07,33.109173,33.109173,-8.150529e-06,33.109173,0.00010020484,218,218,55,0.00034675217,0.0009557388,5.128927e-06,0.20037374,0
1549,25.816668,2.4848327e-07,33.109158,33.109158,-1.4299911e-05,33.109158,0.00010018978,218,218,55,0.000346753,0.0009518015,5.1798834e-06,0.20037332,0
1550,25.833334,2.4569118e-07,33.10915,33.10915,-8.8143115e-06,33.10915,0.00010020667,219,219,55,0.00034627927,0.00094730407,5.0827093e-06,0.20037286,0
1551,25.85,2.4198584e-07,33.10914,33.10914,-1.1309051e-05,33.10914,0.000100245656,219,219,55,0.00034130592,0.0009377614,5.030302e-06,0.20037241,0
1552,25.866667,2.3985777e-07,33.109127,33.109127,-1.1806239e-05,33.109127,0.00010019615,219,219,55,0.00034046965,0.0009338219,5.04655e-06,0.20037195,0
1553,25.883333,2.3957332e-07,33.109116,33.10912,-9.1443135e-06,33.10912,0.00010017123,219,219,55,0.00034273067,0.00092767825,5.0099006e-06,0.20037155,0
1554,25.9,2.3745352e-07,33.1091,33.1091,-1.6295118e-05,33.1091,0.000100131714,219,219,55,0.00034152897,0.000913173,5.042355e-06,0.20037113,0
1555,25.916666,2.368923e-07,33.109093,33.109093,-7.315785e-06,33.109093,0.00010022944,219,219,55,0.00034150737,0.000912748,5.0531826e-06,0.20037086,0
1556,25.933332,2.3445085e-07,33.109085,33.109085,-9.146471e-06,33.109085,0.000100196165,219,219,55,0.0003412565,0.0009077199,4.946679e-06,0.20037052,0
1557,25.95,2.335688e-07,33.109077,33.10908,-5.3210447e-06,33.10908,0.00010027114,219,219,55,0.00034006208,0.00090308976,4.93146e-06,0.20037031,0
1558,25.966667,2.3368686e-07,33.10907,33.10907,-1.0640207e-05,33.10907,0.00010020741,219,219,55,0.00034097492,0.0009034989,4.9666382e-06,0.20037001,0
1559,25.983334,2.3090944e-07,33.10906,33.109062,-8.481787e-06,33.109062,0.000100184916,219,219,55,0.000338697,0.00089936994,4.936502e-06,0.20036976,0
1560,26,2.2756824e-07,33.10905,33.10905,-8.814861e-06,33.10905,0.00010021349,219,219,55,0.00033348714,0.0008882084,4.8242773e-06,0.20036948,0
1561,26.016666,2.2603115e-07,33.109043,33.109043,-7.483016e-06,33.109043,0.00010014212,219,219,55,0.00033363482,0.00088574144,4.827663e-06,0.20036922,0
1562,26.033333,2.226419e-07,33.10903,33.10903,-1.2805031e-05,33.10903,0.00010018819,219,219,55,0.00032760948,0.0008873986,4.803804e-06,0.20036888,0
1563,26.05,2.205465e-07,33.109024,33.109024,-7.649829e-06,33.109024,0.00010022511,219,219,55,0.00032565638,0.0008715111,4.75792e-06,0.20036867,0
1564,26.066668,2.1827088e-07,33.109016,33.109016,-5.8212036e-06,33.109016,0.00010022155,219,219,55,0.00032722205,0.0008686959,4.6921327e-06,0.20036842,0
1565,26.083334,2.1575347e-07,33.109005,33.109005,-1.2471649e-05,33.109005,0.00010019154,219,219,55,0.00032471793,0.0008621419,4.6565774e-06,0.20036808,0
1566,26.1,2.1124241e-07,33.108997,33.108997,-6.4884593e-06,33.108997,0.00010020542,219,219,55,0.00031930135,0.000849308,4.5450242e-06,0.20036782,0
1567,26.116667,2.1139205e-07,33.108994,33.108994,-6.8163085e-06,33.108994,0.00010023524,219,219,55,0.00031909795,0.0008558047,4.576771e-06,0.2003676,0
1568,26.133333,2.1059842e-07,33.108982,33.108982,-1.0641119e-05,33.108982,0.00010018911,219,219,55,0.00031951367,0.00084716495,4.551754e-06,0.2003673,0
1569,26.15,2.0562946e-07,33.108974,33.108974,-5.4913867e-06,33.108974,0.00010020202,219,219,55,0.0003100812,0.00084718765,4.484144e-06,0.20036711,0
1570,26.166666,2.0304311e-07,33.108963,33.108963,-1.2637973e-05,33.108963,0.0001002531,219,219,55,0.0003093781,0.0008402945,4.44334e-06,0.20036675,0
1571,26.183332,2.0024046e-07,33.10896,33.10896,-5.4892203e-06,33.10896,0.00010024716,219,219,55,0.00030541426,0.00083165785,4.4174762e-06,0.20036653,0
1572,26.2,1.9847143e-07,33.10895,33.10895,-6.485717e-06,33.10895,0.00010025816,219,219,55,0.00030473864,0.000827226,4.3793502e-06,0.20036627,0
1573,26.216667,1.9699266e-07,33.10894,33.10894,-1.1971844e-05,33.10894,0.000100218436,219,219,55,0.00030451908,0.0008196853,4.340576e-06,0.20036598,0
1574,26.233334,1.9594215e-07,33.108932,33.108932,-5.986233e-06,33.108932,0.00010019838,219,219,55,0.0003027748,0.0008215855,4.3484456e-06,0.20036574,0
1575,26.25,1.9455099e-07,33.108925,33.108925,-9.477931e-06,33.108925,0.000100219,219,219,55,0.00030517986,0.0008105477,4.292056e-06,0.20036542,0
1576,26.266666,1.934014e-07,33.108917,33.108917,-6.983863e-06,33.108917,0.000100234705,219,219,55,0.00030364588,0.0008045624,4.3004356e-06,0.20036519,0
1577,26.283333,1.9204329e-07,33.10891,33.10891,-6.1527962e-06,33.10891,0.00010019319,219,219,55,0.00030264695,0.0008002199,4.270612e-06,0.20036493,0
1578,26.3,1.8834798e-07,33.1089,33.108902,-1.04777655e-05,33.108902,0.000100192796,219,219,55,0.00029597248,0.0008022892,4.252627e-06,0.20036465,0
1579,26.316668,1.847811e-07,33.10889,33.108894,-7.651301e-06,33.108894,0.00010026509,219,219,55,0.0002926408,0.00078004,4.2389856e-06,0.20036438,0
1580,26.333334,1.8331238e-07,33.108887,33.108887,-5.8203964e-06,33.108887,0.00010022312,219,219,55,0.00029232862,0.00078839867,4.1939074e-06,0.20036416,0
1581,26.35,1.8182989e-07,33.108875,33.108875,-1.0974318e-05,33.108875,0.00010021029,219,219,55,0.00028949924,0.0007832819,4.1657813e-06,0.20036386,0
1582,26.366667,1.8149396e-07,33.10887,33.10887,-5.3204985e-06,33.10887,0.00010025721,219,219,55,0.00029218115,0.0007719717,4.1452986e-06,0.20036362,0
1583,26.383333,1.7988727e-07,33.108864,33.108864,-7.981851e-06,33.108864,0.00010019615,219,219,55,0.00028883514,0.0007720762,4.1192293e-06,0.20036335,0
1584,26.4,1.7921684e-07,33.108856,33.108856,-4.489558e-06,33.108856,0.00010022512,219,219,55,0.00028999965,0.0007631924,4.1115545e-06,0.20036313,0
1585,26.416666,1.7768824e-07,33.10885,33.10885,-9.976833e-06,33.10885,0.000100197314,219,219,55,0.00028864975,0.0007601105,4.0880736e-06,0.20036286,0
1586,26.433332,1.7530375e-07,33.10884,33.10884,-7.650118e-06,33.10884,0.00010020852,219,219,55,0.000285993,0.00074783125,4.055169e-06,0.2003626,0
1587,26.45,1.7423048e-07,33.108833,33.108837,-4.988726e-06,33.108837,0.00010022546,219,219,55,0.000285027,0.00075207645,4.043394e-06,0.20036238,0
1588,26.466667,1.734584e-07,33.10882,33.10882,-1.1638628e-05,33.10882,0.00010022157,219,219,55,0.0002843589,0.0007480531,4.017035e-06,0.20036206,0
1589,26.483334,1.7102143e-07,33.10881,33.10881,-1.3635354e-05,33.10881,0.000100170735,219,219,55,0.00028134222,0.0007382631,4.001098e-06,0.2003617,0
1590,26.5,1.7006614e-07,33.108803,33.108803,-8.1474545e-06,33.108803,0.00010024727,219,219,55,0.00028231178,0.00073686155,3.9767488e-06,0.20036142,0
1591,26.516666,1.8640364e-07,33.10879,33.10879,-9.792712e-06,33.10879,0.00010016448,217,217,54,0.00030417848,0.00078092306,4.0352625e-06,0.20036113,0
1592,26.533333,1.79006e-07,33.108776,33.10878,-1.39728245e-05,33.10878,0.000100280835,219,219,55,0.00029355477,0.00076173287,4.2296783e-06,0.20036066,0
1593,26.55,2.0185915e-07,33.108765,33.108765,-1.3610063e-05,33.108765,0.00010014628,217,217,54,0.00032109948,0.0008105381,4.202476e-06,0.20036027,0
1594,26.566668,1.804476e-07,33.108757,33.108757,-6.3391044e-06,33.108757,0.00010022948,219,219,55,0.0002945164,0.00076317915,4.2172874e-06,0.20036,0
1595,26.583334,1.7603593e-07,33.108753,33.108753,-6.15585e-06,33.108753,0.00010024359,219,219,55,0.00028733496,0.0007427562,4.0211835e-06,0.20035972,0
1596,26.6,1.6585835e-07,33.10874,33.10874,-8.489186e-06,33.10874,0.00010024847,219,219,55,0.00027704865,0.00072446244,3.934284e-06,0.2003594,0
1597,26.616667,1.6154371e-07,33.108738,33.108738,-7.3195383e-06,33.108738,0.000100211735,219,219,55,0.000273117,0.00071391335,3.8725916e-06,0.2003591,0
1598,26.633333,1.5886933e-07,33.10873,33.10873,-5.8216024e-06,33.10873,0.00010024769,219,219,55,0.00027072217,0.0007054383,3.8262647e-06,0.20035888,0
1599,26.65,1.562606e-07,33.108715,33.108715,-1.5963096e-05,33.108715,0.0001001606,219,219,55,0.0002686604,0.0006959648,3.7534771e-06,0.20035838,0
1600,26.666666,1.5638696e-07,33.108704,33.108704,-9.476414e-06,33.108704,0.00010021609,219,219,55,0.00026863592,0.0006977015,3.7713348e-06,0.20035806,0
1601,26.683332,1.9178275e-07,33.108696,33.108696,-9.939909e-06,33.108696,0.00010019959,219,219,55,0.00031142938,0.0053660045,3.7453517e-06,0.20035774,0
1602,26.7,1.5326428e-07,33.10869,33.10869,-5.6911913e-06,33.10869,0.00010024106,219,219,55,0.000265732,0.0006865673,3.727083e-06,0.2003575,0
1603,26.716667,1.5182212e-07,33.10868,33.10868,-7.649176e-06,33.10868,0.00010023102,219,219,55,0.00026441913,0.0006817556,3.7263862e-06,0.20035723,0
1604,26.733334,1.505032e-07,33.108677,33.108677,-5.8202468e-06,33.108677,0.00010022024,219,219,55,0.00026321315,0.0006776868,3.6847212e-06,0.20035698,0
1605,26.75,1.7761067e-07,33.108665,33.108665,-1.1444493e-05,33.108665,0.0001002462,219,219,55,0.00029384837,0.0007299933,3.7246552e-06,0.20035654,0
1606,26.766666,1.8391427e-07,33.10865,33.10865,-1.31278475e-05,33.10865,0.00010030419,219,219,55,0.00030592922,0.000748882,3.850821e-06,0.20035617,0
1607,26.783333,1.618369e-07,33.108646,33.108646,-6.0072603e-06,33.108646,0.000100273,219,219,55,0.00028127705,0.0007141238,3.9811403e-06,0.20035587,0
1608,26.8,1.5474593e-07,33.10864,33.10864,-4.9947434e-06,33.10864,0.00010027605,219,219,55,0.00026759872,0.00069475046,3.7461364e-06,0.20035563,0
1609,26.816668,1.5068446e-07,33.10863,33.10863,-8.1505605e-06,33.10863,0.00010022931,219,219,55,0.00026375335,0.0006753469,3.7150448e-06,0.20035532,0
1610,26.833334,1.4630982e-07,33.108624,33.108627,-6.654578e-06,33.108627,0.000100252575,219,219,55,0.00025950038,0.00066152844,3.6525678e-06,0.20035508,0
1611,26.85,1.4339673e-07,33.108616,33.108616,-9.313198e-06,33.108616,0.000100247315,219,219,55,0.00025669465,0.00065373234,3.5813912e-06,0.20035473,0
1612,26.866667,1.4118115e-07,33.108604,33.108604,-1.0476286e-05,33.108604,0.00010019013,219,219,55,0.0002546022,0.0006443217,3.5480741e-06,0.20035438,0
1613,26.883333,1.4429064e-07,33.108597,33.108597,-8.143389e-06,33.108597,0.00010023182,219,219,55,0.00025771852,0.0007837019,3.517335e-06,0.20035404,0
1614,26.9,1.3862112e-07,33.10859,33.10859,-9.482209e-06,33.10859,0.000100162935,219,219,55,0.000252137,0.00063751155,3.4948557e-06,0.20035373,0
1615,26.916666,1.7297089e-07,33.108574,33.108574,-1.5759882e-05,33.108574,0.00010020467,219,219,55,0.0002910963,0.0022740602,3.4743061e-06,0.2003533,0
1616,26.933332,1.681165e-07,33.108562,33.108562,-1.0977689e-05,33.108562,0.00010026825,219,219,55,0.00028836977,0.0006983384,3.5302485e-06,0.2003529,0
1617,26.95,1.4744275e-07,33.10855,33.10855,-8.499683e-06,33.10855,0.000100204816,219,219,55,0.0002657996,0.0006694066,3.6407253e-06,0.20035256,0
1618,26.966667,1.4555008e-07,33.108543,33.108543,-1.0309707e-05,33.108543,0.0001002194,219,219,55,0.00025936263,0.00065711525,3.57022e-06,0.20035224,0
1619,26.983334,1.6511781e-07,33.10853,33.10853,-1.36133485e-05,33.10853,0.000100234494,219,219,55,0.00028249974,0.00069934665,3.5398155e-06,0.20035176,0
1620,27,1.4061315e-07,33.108517,33.108517,-1.06648295e-05,33.108517,0.00010034282,219,219,55,0.00025463355,0.00064283813,3.497763e-06,0.20035137,0
1621,27.016666,1.3679798e-07,33.10851,33.10851,-9.147845e-06,33.10851,0.0001001782,219,219,55,0.00025081573,0.0006280103,3.463778e-06,0.20035103,0
1622,27.033333,1.4312425e-07,33.1085,33.1085,-6.976387e-06,33.1085,0.000100244804,219,219,55,0.00025832318,0.0018523147,3.4460716e-06,0.20035073,0
1623,27.05,2.1847512e-07,33.10849,33.10849,-1.3723821e-05,33.10849,0.00010017768,219,219,55,0.00033936728,0.0067841564,3.3745796e-06,0.20035027,0
1624,27.066668,1.6083243e-07,33.108475,33.108475,-1.2360519e-05,33.108475,0.0001001855,219,219,55,0.00028111498,0.00068072183,3.4208035e-06,0.20034985,0
1625,27.083334,1.5150547e-07,33.108463,33.108463,-1.1813438e-05,33.108463,0.00010022994,219,219,55,0.0002824842,0.0020370176,3.53935e-06,0.20034948,0
1626,27.1,1.3914469e-07,33.108456,33.108456,-8.657625e-06,33.108456,0.000100225756,219,219,55,0.00025371008,0.0006333762,3.4125424e-06,0.20034915,0
1627,27.116667,1.3379221e-07,33.108448,33.108448,-7.819342e-06,33.108448,0.00010023671,219,219,55,0.00024810995,0.00061684323,3.4106197e-06,0.20034881,0
1628,27.133333,1.6351785e-07,33.10843,33.10843,-1.7759568e-05,33.10843,0.00010017709,219,219,55,0.0002812058,0.0011755072,3.390628e-06,0.20034832,0
1629,27.15,1.620016e-07,33.108418,33.108418,-1.1306862e-05,33.108418,0.00010022405,219,219,55,0.0002846267,0.0007472051,3.4673255e-06,0.20034793,0
1630,27.166666,1.6566518e-07,33.10841,33.10841,-1.0137896e-05,33.10841,0.000100217934,219,219,55,0.00028974918,0.0009816792,3.593713e-06,0.20034756,0
1631,27.183332,1.6363099e-07,33.1084,33.1084,-1.0808614e-05,33.1084,0.000100265795,219,219,55,0.00028675108,0.00078606844,3.6451506e-06,0.20034716,0
1632,27.2,1.6376957e-07,33.108387,33.108387,-1.13052065e-05,33.108387,0.00010024861,219,219,55,0.00028561245,0.0010082757,3.529881e-06,0.20034677,0
1633,27.216667,1.6074267e-07,33.10837,33.108376,-1.2638413e-05,33.108376,0.00010024399,219,219,55,0.00028166905,0.0008239544,3.60183e-06,0.20034635,0
1634,27.233334,1.9731435e-07,33.108368,33.108368,-7.278652e-06,33.108368,0.000100141704,219,219,55,0.00033559685,0.005786254,3.3845404e-06,0.200346,0
1635,27.25,1.5535498e-07,33.10835,33.10835,-1.6002447e-05,33.10835,0.000100241305,219,219,55,0.00027319347,0.0008554035,3.3345948e-06,0.20034552,0
1636,27.266666,1.5287658e-07,33.10834,33.10834,-9.479018e-06,33.10834,0.00010020006,219,219,55,0.0002702127,0.00092509657,3.2930784e-06,0.20034514,0
1637,27.283333,1.503126e-07,33.10833,33.10833,-9.479104e-06,33.10833,0.00010022909,219,219,55,0.000266505,0.000960774,3.2594598e-06,0.20034477,0
1638,27.3,1.4832042e-07,33.108315,33.108315,-1.6294991e-05,33.108315,0.000100178244,219,219,55,0.00026356935,0.00094425824,3.1867191e-06,0.20034426,0
1639,27.316668,1.4693438e-07,33.108303,33.108303,-1.0309201e-05,33.108303,0.0001002087,219,219,55,0.00026261006,0.0011052507,3.166419e-06,0.20034388,0
1640,27.333334,1.451053e-07,33.10829,33.10829,-1.1639685e-05,33.10829,0.00010019754,219,219,55,0.00026048927,0.0010249014,3.1191585e-06,0.20034346,0
1641,27.35,1.4303973e-07,33.108284,33.108284,-8.31482e-06,33.108284,0.00010028213,219,219,55,0.00025774277,0.0010562753,3.078648e-06,0.2003431,0
1642,27.366667,1.422798e-07,33.108273,33.108273,-1.0973596e-05,33.108273,0.00010026216,219,219,55,0.00025679372,0.0011537456,3.0280034e-06,0.20034266,0
1643,27.383333,1.3994787e-07,33.108265,33.10827,-7.1513005e-06,33.10827,0.0001002416,219,219,55,0.00025415438,0.0011419769,2.9949963e-06,0.20034234,0
1644,27.4,1.4337503e-07,33.108257,33.108257,-1.1135663e-05,33.108257,0.000100198544,219,219,55,0.0002584612,0.0016867142,2.9411544e-06,0.20034191,0
1645,27.416666,1.8012803e-07,33.10825,33.10825,-5.782175e-06,33.10825,0.00010033178,219,219,55,0.00031714258,0.0059652673,2.8809422e-06,0.20034157,0
1646,27.433332,1.1909534e-07,33.10824,33.10824,-1.12001235e-05,33.10824,0.000100209916,219,219,55,0.00022043339,0.0014750822,2.8308173e-06,0.20034117,0
1647,27.45,1.1947134e-07,33.10823,33.10823,-7.481103e-06,33.10823,0.000100261204,219,219,55,0.00022396915,0.0017301209,2.732826e-06,0.20034082,0
1648,27.466667,1.3481893e-07,33.108223,33.108223,-9.959957e-06,33.108223,0.000100189915,219,219,55,0.00025036084,0.0020681564,2.5956303e-06,0.2003404,0
1649,27.483334,1.5622513e-07,33.10821,33.10821,-1.0452663e-05,33.10821,0.00010024506,219,219,55,0.000287978,0.0029051036,2.8580191e-06,0.20033997,0
1650,27.5,1.6504424e-07,33.1082,33.1082,-8.968956e-06,33.1082,0.00010024133,219,219,55,0.0003043668,0.0029057127,3.5766473e-06,0.20033959,0
1651,27.516666,1.9012563e-07,33.108192,33.108192,-9.950223e-06,33.108192,0.00010024399,219,219,55,0.00034671076,0.0035173292,4.3332443e-06,0.20033908,0
1652,27.533333,2.389232e-07,33.10818,33.10818,-1.2420333e-05,33.10818,0.00010023764,219,219,55,0.00041474373,0.004417558,5.324035e-06,0.20033856,0
1653,27.55,4.5777003e-07,33.108173,33.108173,-5.932591e-06,33.108173,0.0001002963,219,219,55,0.0006257069,0.007120318,7.4870095e-06,0.20033816,0
1654,27.566668,1.3472111e-06,33.108162,33.108162,-1.1080925e-05,33.108162,0.000100194105,219,219,55,0.0011862349,0.0133465985,1.4971142e-05,0.20033738,0
1655,27.583334,1.4499888e-06,33.108147,33.108147,-1.4361414e-05,33.108147,0.00010017398,219,219,55,0.0012792418,0.012768474,2.0112999e-05,0.2003365,0
1656,27.6,1.4619727e-06,33.108135,33.108135,-1.1625872e-05,33.108135,0.00010026685,219,219,55,0.0012860805,0.012685782,2.1437232e-05,0.20033576,0
1657,27.616667,1.5793651e-06,33.108124,33.108124,-1.2351738e-05,33.108124,0.00010019511,219,219,55,0.001344383,0.013072043,2.1431119e-05,0.20033494,0
1658,27.633333,1.50304e-06,33.108112,33.108112,-1.104916e-05,33.108112,0.00010024623,219,219,55,0.0013053301,0.01332562,2.1754386e-05,0.20033419,0
1659,27.65,1.6135508e-06,33.1081,33.1081,-1.0862324e-05,33.1081,0.000100184865,219,219,55,0.0013591964,0.013502781,2.1904132e-05,0.20033336,0
1660,27.666666,1.5006881e-06,33.10809,33.10809,-1.2249484e-05,33.10809,0.00010022159,219,219,55,0.001311649,0.012738211,2.1500575e-05,0.2003326,0
1661,27.683332,1.5096989e-06,33.108078,33.108078,-1.212761e-05,33.108078,0.000100203826,219,219,55,0.0013169387,0.012649746,2.1157724e-05,0.2003318,0
1662,27.7,1.4142877e-06,33.108063,33.108063,-1.3728328e-05,33.108063,0.000100153324,219,219,55,0.0012720628,0.0121557275,2.0958809e-05,0.20033103,0
1663,27.716667,1.3966942e-06,33.10805,33.108055,-1.0325409e-05,33.108055,0.00010027119,219,219,55,0.0012643847,0.012091776,2.1148857e-05,0.20033029,0
1664,27.733334,1.3790711e-06,33.108044,33.108047,-7.831612e-06,33.108047,0.000100233505,219,219,55,0.0012542988,0.012095257,2.0918005e-05,0.20032962,0
1665,27.75,1.3936051e-06,33.108032,33.108032,-1.31196175e-05,33.108032,0.00010024753,219,219,55,0.0012584195,0.012302834,2.118296e-05,0.2003288,0
1666,27.766666,1.437311e-06,33.10802,33.108025,-9.100324e-06,33.108025,0.00010022471,219,219,55,0.0012794109,0.0125767095,2.0715433e-05,0.20032813,0
1667,27.783333,1.399275e-06,33.10801,33.10801,-1.3504698e-05,33.10801,0.00010028948,219,219,55,0.001260041,0.012345391,2.0889634e-05,0.20032734,0
1668,27.8,1.3985283e-06,33.107998,33.108,-9.976052e-06,33.108,0.00010020324,219,219,55,0.0012603449,0.0122959,2.0589623e-05,0.20032656,0
1669,27.816668,1.2989242e-06,33.107983,33.107983,-1.5893836e-05,33.107983,0.00010026624,219,219,55,0.0012127123,0.011706139,2.0748685e-05,0.2003258,0
1670,27.833334,1.2811561e-06,33.10797,33.107975,-1.0159328e-05,33.107975,0.000100273675,219,219,55,0.0012098529,0.011381805,1.9865081e-05,0.2003251,0
1671,27.85,1.2659311e-06,33.107967,33.107967,-6.9979383e-06,33.107967,0.00010023463,219,219,55,0.0011941482,0.011669467,1.9877642e-05,0.20032448,0
1672,27.866667,1.4778193e-06,33.107956,33.10796,-8.932141e-06,33.10796,0.000100259625,219,219,55,0.0012965492,0.012866884,2.0432984e-05,0.20032375,0
1673,27.883333,1.3964411e-06,33.107944,33.10795,-1.0555448e-05,33.10795,0.0001002269,219,219,55,0.0012597287,0.012321356,2.1184796e-05,0.20032299,0
1674,27.9,1.3658447e-06,33.107937,33.107937,-9.507136e-06,33.107937,0.000100241276,219,219,55,0.0012469388,0.012110534,2.0096604e-05,0.20032229,0
1675,27.916666,1.3114354e-06,33.10793,33.10793,-9.198438e-06,33.10793,0.000100239304,219,219,55,0.0012108398,0.012829278,2.0193856e-05,0.20032161,0
1676,27.933332,1.2483328e-06,33.107918,33.10792,-8.375857e-06,33.10792,0.00010024429,219,219,55,0.0011878985,0.011464527,1.9776353e-05,0.20032093,0
1677,27.95,1.3921292e-06,33.107906,33.107906,-1.249159e-05,33.107906,0.000100274454,219,219,55,0.001256031,0.01236844,2.0027244e-05,0.20032018,0
1678,27.966667,1.3822576e-06,33.107895,33.1079,-1.0650197e-05,33.1079,0.00010021801,219,219,55,0.001251854,0.012317117,2.0184214e-05,0.20031944,0
1679,27.983334,1.2275384e-06,33.107883,33.107887,-1.1460064e-05,33.107887,0.00010021288,219,219,55,0.0011769839,0.011301496,1.9499386e-05,0.20031875,0
1680,28,1.0974207e-06,33.107876,33.10788,-7.944106e-06,33.10788,0.000100252626,219,219,55,0.0011105511,0.010511499,1.8867579e-05,0.20031814,0
1681,28.016666,1.2223912e-06,33.10787,33.10787,-9.517824e-06,33.10787,0.000100199715,219,219,55,0.0011707311,0.011462383,1.9212119e-05,0.20031746,0
1682,28.033333,1.317535e-06,33.107857,33.10786,-9.547651e-06,33.10786,0.00010023104,219,219,55,0.001216356,0.011966354,1.8900608e-05,0.20031677,0
1683,28.05,1.2329807e-06,33.10785,33.10785,-8.064798e-06,33.10785,0.00010021378,219,219,55,0.0011825478,0.011293075,2.0066287e-05,0.20031612,0
1684,28.066668,1.2809733e-06,33.107838,33.107838,-1.3418669e-05,33.107838,0.00010025955,219,219,55,0.0012018516,0.011708097,1.929992e-05,0.20031539,0
1685,28.083334,1.1860822e-06,33.10783,33.10783,-8.24139e-06,33.10783,0.00010022491,219,219,55,0.001156491,0.011088085,1.8990757e-05,0.20031478,0
1686,28.1,1.2483541e-06,33.10782,33.10782,-9.580523e-06,33.10782,0.000100248326,220,220,55,0.0011840602,0.011627166,1.8891164e-05,0.20031412,0
1687,28.116667,1.2613287e-06,33.10781,33.10781,-7.302249e-06,33.10781,0.00010028038,220,220,55,0.0011871924,0.011845123,1.8848641e-05,0.2003135,0
1688,28.133333,1.1146243e-06,33.1078,33.107803,-1.0288264e-05,33.107803,0.000100213074,220,220,55,0.0011188985,0.010776073,1.8719742e-05,0.20031282,0
1689,28.15,1.1180907e-06,33.10779,33.10779,-1.0636859e-05,33.10779,0.000100343874,220,220,55,0.0011174489,0.010915723,1.8678415e-05,0.2003122,0
1690,28.166666,1.2531605e-06,33.10778,33.10778,-1.000649e-05,33.10778,0.000100260004,220,220,55,0.0011849243,0.011602382,1.885727e-05,0.20031153,0
1691,28.183332,1.122092e-06,33.10777,33.107773,-9.773863e-06,33.107773,0.000100268495,220,220,55,0.0011218386,0.010731635,1.8479179e-05,0.2003109,0
1692,28.2,1.2329491e-06,33.10776,33.10776,-9.365683e-06,33.10776,0.0001002202,220,220,55,0.001168381,0.0116725415,1.8018729e-05,0.20031026,0
1693,28.216667,1.0764036e-06,33.107754,33.107758,-5.9754734e-06,33.107758,0.00010021502,220,220,55,0.0010954868,0.0105222855,1.840656e-05,0.20030971,0
1694,28.233334,1.1985799e-06,33.107742,33.107746,-1.1349424e-05,33.107746,0.0001002171,220,220,55,0.0011563112,0.011328044,1.833629e-05,0.20030904,0
1695,28.25,7.521113e-07,33.10774,33.10774,-5.766631e-06,33.10774,0.00010020009,220,220,55,0.0009554327,0.008645901,1.7978353e-05,0.2003085,0
1696,28.266666,5.324341e-08,33.10774,33.10774,-3.3847584e-08,33.10774,0.000100154415,220,220,55,0.00019726221,0.0008690142,6.379155e-06,0.2003083,0
1697,28.283333,2.0136957e-07,33.107742,33.107742,2.6419523e-06,33.107742,0.00010019203,220,220,55,0.00035846638,0.0008714205,4.382319e-06,0.20030825,0
1698,28.3,2.4355595e-07,33.107754,33.107754,1.0682512e-05,33.107754,0.00010010389,220,220,55,0.0003927266,0.0009181558,6.3248335e-06,0.20030837,0
1699,28.316668,1.9208677e-07,33.107746,33.107746,-4.8728666e-06,33.107746,0.00010012445,220,220,55,0.0003025739,0.0010939579,5.56448e-06,0.2003082,0
1700,28.333334,1.6658583e-07,33.107746,33.107746,-1.1892865e-06,33.107746,0.00010014026,220,220,55,0.00030362429,0.0011723015,4.487524e-06,0.2003081,0
1701,28.35,1.6782774e-07,33.107754,33.107754,8.9790165e-06,33.107754,0.00010019703,220,220,55,0.00033208777,0.00081375503,4.7110802e-06,0.20030837,0
1702,28.366667,1.9386712e-07,33.10776,33.10776,6.6762427e-06,33.10776,0.00010013982,220,220,55,0.0003545027,0.00089787284,5.815174e-06,0.20030852,0
1703,28.383333,2.1306437e-07,33.107765,33.107765,2.0142581e-06,33.107765,0.00010017515,220,220,55,0.00036589272,0.00090318755,6.414903e-06,0.20030843,0
1704,28.4,2.0059626e-07,33.107765,33.107765,1.1513174e-06,33.107765,0.0001002024,220,220,55,0.0003603566,0.00089824887,6.00732e-06,0.20030838,0
1705,28.416666,4.509237e-07,33.107777,33.107777,1.2553203e-05,33.107777,0.000100143574,220,220,55,0.0005187875,0.014340969,6.5796567e-06,0.20030853,0
1706,28.433332,3.827016e-07,33.107777,33.107777,-2.344772e-07,33.107777,0.00010019932,220,220,55,0.000494287,0.011413157,6.183088e-06,0.20030843,0
1707,28.45,2.0609734e-07,33.10778,33.10778,3.4810075e-06,33.10778,0.00010008567,220,220,55,0.00037243124,0.00094617007,6.2841727e-06,0.20030837,0
1708,28.466667,1.9776606e-07,33.10778,33.10778,9.891992e-07,33.10778,0.00010011539,220,220,55,0.00033142106,0.0010800482,5.5955848e-06,0.20030843,0
1709,28.483334,4.626052e-07,33.10779,33.107796,1.19026945e-05,33.107796,0.00010013913,220,220,55,0.00044836834,0.014399562,6.075171e-06,0.20030852,0
1710,28.5,1.9170066e-07,33.10779,33.10779,-6.034147e-07,33.10779,0.00010010599,220,220,55,0.00037277173,0.0011426503,5.9453128e-06,0.20030834,0
1711,28.516666,2.043423e-07,33.1078,33.1078,6.995355e-06,33.1078,0.00010014894,220,220,55,0.00037252143,0.0009580076,6.2523895e-06,0.20030846,0
1712,28.533333,2.1545438e-07,33.107807,33.107807,6.9938255e-06,33.107807,0.00010013544,220,220,55,0.0003785918,0.0009532038,6.5644635e-06,0.20030846,0
1713,28.55,1.8929002e-07,33.10781,33.10781,2.467662e-06,33.10781,0.00010015423,220,220,55,0.0003531431,0.00087326707,5.564101e-06,0.20030847,0
1714,28.566668,2.0308111e-07,33.10782,33.10782,7.661525e-06,33.10782,0.00010012512,220,220,55,0.00035847063,0.0010029569,6.327065e-06,0.20030856,0
1715,28.583334,1.8895142e-07,33.10782,33.10782,1.9809313e-06,33.10782,0.000100205456,220,220,55,0.00034381694,0.00083528965,5.884697e-06,0.20030856,0
1716,28.6,2.0110788e-07,33.107826,33.107826,7.493635e-06,33.107826,0.00010014496,220,220,55,0.0003762002,0.0010285132,6.683672e-06,0.20030852,0
1717,28.616667,1.8597798e-07,33.107834,33.107834,5.637543e-06,33.107834,0.00010016467,220,220,55,0.00031047143,0.0011292079,5.8266405e-06,0.20030864,0
1718,28.633333,1.9807653e-07,33.107838,33.107838,6.662302e-06,33.107838,0.00010013504,220,220,55,0.0003833146,0.0010985056,6.290183e-06,0.2003086,0
1719,28.65,1.861399e-07,33.107845,33.107845,4.3106957e-06,33.107845,0.00010013192,220,220,55,0.00035433588,0.0008923635,5.6533086e-06,0.2003087,0
1720,28.666666,1.9493525e-07,33.10785,33.10785,4.4976823e-06,33.10785,0.00010016453,220,220,55,0.0003630087,0.0009135489,6.2840973e-06,0.20030865,0
1721,28.683332,1.9722563e-07,33.107853,33.107853,4.3249224e-06,33.107853,0.000100125595,220,220,55,0.00032487826,0.0011405015,6.233867e-06,0.20030865,0
1722,28.7,1.6963325e-07,33.107853,33.107853,1.3866271e-07,33.107853,0.000100095676,220,220,55,0.0003246606,0.00092614756,5.333585e-06,0.20030846,0
1723,28.716667,1.562469e-07,33.107853,33.107853,-1.7964143e-07,33.107853,0.00010014267,220,220,55,0.00028382242,0.001011959,4.674842e-06,0.20030844,0
1724,28.733334,1.5570733e-07,33.107857,33.107857,3.6570723e-06,33.107857,0.000100152734,220,220,55,0.00031713815,0.0007902062,4.841251e-06,0.20030853,0
1725,28.75,1.7170312e-07,33.107864,33.107864,9.9913e-06,33.107864,0.00010016081,220,220,55,0.00035285822,0.0009626466,5.7781454e-06,0.20030853,0
1726,28.766666,2.8023067e-07,33.10787,33.107872,4.0986497e-06,33.107872,0.00010015018,220,220,55,0.00048710435,0.008938045,5.762926e-06,0.20030847,0
1727,28.783333,1.7983483e-07,33.107872,33.107872,3.723471e-06,33.107872,0.00010014689,220,220,55,0.00034478828,0.00087026274,6.014342e-06,0.2003086,0
1728,28.8,1.8067342e-07,33.107895,33.107895,1.9951449e-05,33.107895,0.00010015801,220,220,55,0.00035160503,0.00089169404,6.0640386e-06,0.20030878,0
1729,28.816668,1.7972596e-07,33.107895,33.107895,2.4928788e-06,33.107895,0.00010015119,220,220,55,0.00035429714,0.0009081439,5.9839654e-06,0.20030871,0
1730,28.833334,1.5999827e-07,33.1079,33.1079,8.115477e-07,33.1079,0.000100095254,220,220,55,0.00033672957,0.0008673738,5.339652e-06,0.2003086,0
1731,28.85,1.5399333e-07,33.1079,33.1079,2.155311e-06,33.1079,0.00010010514,220,220,55,0.0002824095,0.0010246048,5.0141116e-06,0.20030868,0
1732,28.866667,1.3644161e-07,33.1079,33.1079,-1.755172e-08,33.1079,0.00010016798,220,220,55,0.00026505202,0.00094479247,4.353454e-06,0.20030868,0
1733,28.883333,3.3893863e-07,33.107903,33.107903,3.6938538e-06,33.107903,0.00010013743,220,220,55,0.00048048695,0.012702551,4.975135e-06,0.20030858,0
1734,28.9,1.5546604e-07,33.107906,33.107906,2.3103537e-06,33.107906,0.0001001605,220,220,55,0.0003141968,0.000859328,5.558204e-06,0.20030853,0
1735,28.916666,1.42529e-07,33.107906,33.107906,2.4808892e-06,33.107906,0.000100118734,220,220,55,0.00031696408,0.0008630295,4.7469966e-06,0.20030843,0
1736,28.933332,3.8571443e-07,33.10791,33.10791,3.2357768e-06,33.10791,0.00010012649,220,220,55,0.00044978652,0.014512559,4.870978e-06,0.20030849,0
1737,28.95,1.4541666e-07,33.10792,33.10792,1.18963235e-05,33.10792,0.00010010881,220,220,55,0.00030471123,0.0007778835,5.453683e-06,0.20030865,0
1738,28.966667,1.449304e-07,33.107925,33.107925,2.327085e-06,33.107925,0.00010012086,220,220,55,0.0002740351,0.00100659,4.926061e-06,0.20030856,0
1739,28.983334,1.3866385e-07,33.107925,33.107925,1.3237741e-06,33.107925,0.000100123405,220,220,55,0.0002994146,0.0007653595,4.936789e-06,0.20030859,0
1740,29,1.6230301e-07,33.107937,33.107937,9.998944e-06,33.107937,0.000100125166,220,220,55,0.000342764,0.00094459276,5.8411674e-06,0.20030865,0
1741,29.016666,1.5345712e-07,33.10795,33.10795,1.2959051e-05,33.10795,0.00010015445,220,220,55,0.00030310912,0.00092390954,5.3269164e-06,0.20030889,0
1742,29.033333,1.3320488e-07,33.107956,33.107956,6.463696e-06,33.107956,0.00010010524,220,220,55,0.00029538106,0.000751876,4.7898243e-06,0.20030893,0
1743,29.05,2.643555e-07,33.10796,33.10796,4.620038e-06,33.10796,0.00010017625,220,220,55,0.0004297962,0.010014759,5.1665406e-06,0.20030886,0
1744,29.066668,1.317253e-07,33.107975,33.107975,1.3666541e-05,33.107975,0.0001001766,220,220,55,0.00029306358,0.00075440557,5.0563467e-06,0.20030908,0
1745,29.083334,1.3778636e-07,33.10798,33.10798,4.4949484e-06,33.10798,0.00010010326,220,220,55,0.000268659,0.0010259799,5.0347076e-06,0.20030898,0
1746,29.1,1.1730683e-07,33.10798,33.10798,4.782857e-07,33.10798,0.000100175195,219,219,55,0.0002463519,0.00090249564,3.966503e-06,0.20030902,0
1747,29.116667,1.2328695e-07,33.10798,33.10798,3.3849028e-07,33.10798,0.00010014229,220,220,55,0.00028516885,0.00072735205,4.496833e-06,0.20030887,0
1748,29.133333,1.2562536e-07,33.10799,33.10799,9.811388e-06,33.10799,0.00010013244,220,220,55,0.00026821787,0.00069158716,4.641878e-06,0.20030904,0
1749,29.15,1.3415404e-07,33.107998,33.107998,8.155028e-06,33.107998,0.00010013617,220,220,55,0.00026476377,0.0010175365,4.788096e-06,0.20030911,0
1750,29.166666,1.2453839e-07,33.107998,33.107998,-1.1734012e-06,33.107998,0.00010016644,220,220,55,0.00025566795,0.001004843,4.35682e-06,0.20030898,0
1751,29.183332,1.2518758e-07,33.108006,33.108006,9.4771885e-06,33.108006,0.00010017956,220,220,55,0.00028104885,0.00072054076,4.4649323e-06,0.20030908,0
1752,29.2,1.2483154e-07,33.108017,33.108017,1.0639969e-05,33.108017,0.00010019431,220,220,55,0.0002857483,0.0007353397,4.8187426e-06,0.20030911,0
1753,29.216667,1.3244707e-07,33.108032,33.108032,1.5136828e-05,33.108032,0.0001001173,219,219,55,0.00029436807,0.0007459094,5.0635003e-06,0.20030943,0
1754,29.233334,1.3845641e-07,33.10803,33.10803,-2.820327e-06,33.10803,0.00010007902,219,219,55,0.00030053218,0.00076639286,5.1926586e-06,0.20030905,0
1755,29.25,1.2842591e-07,33.10803,33.108032,1.6525203e-06,33.108032,0.00010012605,219,219,55,0.00028587508,0.00071540027,4.8429188e-06,0.20030905,0
1756,29.266666,1.1011412e-07,33.108032,33.108032,6.4670854e-07,33.108032,0.00010013497,219,219,55,0.00026502175,0.0006682198,4.1043013e-06,0.20030902,0
1757,29.283333,9.6094645e-08,33.108032,33.108032,1.6485313e-06,33.108032,0.000100093464,219,219,55,0.00022196078,0.0007946296,3.6433191e-06,0.20030905,0
1758,29.3,8.9622006e-08,33.108032,33.108032,-5.052379e-07,33.108032,0.00010012067,219,219,55,0.00021505951,0.00080378377,3.3830845e-06,0.20030901,0
1759,29.316668,1.9312435e-07,33.108032,33.108032,-6.275274e-08,33.108032,0.00010017737,219,219,55,0.00032520771,0.008347516,3.3681551e-06,0.20030887,0
1760,29.333334,1.11010735e-07,33.10804,33.10804,8.89566e-06,33.10804,0.00010014092,219,219,55,0.00024070838,0.00094726495,3.8716757e-06,0.20030902,0
1761,29.35,1.191384e-07,33.10804,33.10804,-1.9869333e-06,33.10804,0.00010014912,219,219,55,0.00024993345,0.0009674125,4.2863385e-06,0.20030881,0
1762,29.366667,1.0964234e-07,33.108044,33.108044,3.1493505e-06,33.108044,0.00010007054,219,219,55,0.0002640145,0.0006661377,4.1947033e-06,0.20030886,0
1763,29.383333,9.856258e-08,33.10804,33.10804,-1.8398856e-06,33.10804,0.0001001302,219,219,55,0.00024719624,0.00062024425,3.8553526e-06,0.2003087,0
1764,29.4,1.0805438e-07,33.108044,33.108044,3.8333587e-06,33.108044,0.00010007665,219,219,55,0.0002494035,0.000759965,4.220087e-06,0.20030862,0
1765,29.416666,1.0841857e-07,33.108044,33.108044,3.3287435e-07,33.108044,0.000100150275,219,219,55,0.00026554122,0.00067276217,4.144203e-06,0.20030862,0
1766,29.433332,1.0272295e-07,33.108047,33.108047,2.1556205e-06,33.108047,0.00010013843,219,219,55,0.00023060902,0.0008909046,3.983192e-06,0.2003087,0
1767,29.45,1.13198745e-07,33.108047,33.108047,-8.207996e-07,33.108047,0.00010011096,219,219,55,0.00026643212,0.0006768885,4.260345e-06,0.20030856,0
1768,29.466667,1.0877107e-07,33.108047,33.108047,1.1593579e-06,33.108047,0.0001000989,219,219,55,0.0002664317,0.0006855319,4.1807743e-06,0.20030843,0
1769,29.483334,2.0578322e-07,33.10805,33.10805,3.920879e-06,33.10805,0.00010014241,219,219,55,0.00038483605,0.008530022,4.554956e-06,0.20030841,0
1770,29.5,3.481816e-07,33.10805,33.10805,8.074187e-07,33.10805,0.00010013799,219,219,55,0.00036881346,0.014020269,3.938434e-06,0.20030841,0
1771,29.516666,1.03740895e-07,33.108055,33.108055,3.246916e-06,33.108055,0.000100125646,219,219,55,0.00025831253,0.0006658698,4.2196243e-06,0.2003084,0
1772,29.533333,1.0735346e-07,33.108055,33.108055,-6.6140774e-07,33.108055,0.000100124045,219,219,55,0.00026295663,0.00067409576,4.3501946e-06,0.20030819,0
1773,29.55,1.0337393e-07,33.108055,33.108055,-1.00151e-06,33.108055,0.000100149016,219,219,55,0.00023171297,0.00090995897,4.0473383e-06,0.2003081,0
1774,29.566668,8.651132e-08,33.108055,33.108055,1.9781983e-06,33.108055,0.00010009228,219,219,55,0.00021088388,0.00081326446,3.435978e-06,0.20030813,0
1775,29.583334,8.674783e-08,33.108063,33.108063,5.6529093e-06,33.108063,0.00010015565,219,219,55,0.00022928922,0.0005904518,3.3815377e-06,0.20030816,0
1776,29.6,2.8645056e-07,33.10807,33.108074,1.1338793e-05,33.108074,0.00010009223,219,219,55,0.00036555505,0.012172764,4.3432406e-06,0.20030832,0
1777,29.616667,3.3626253e-07,33.108074,33.108074,2.211128e-06,33.108074,0.00010015839,219,219,55,0.00046930075,0.013342823,4.808164e-06,0.20030822,0
1778,29.633333,9.092542e-08,33.108078,33.108078,3.7447849e-06,33.108078,0.00010007041,219,219,55,0.0002418282,0.00066312274,4.103435e-06,0.20030825,0
1779,29.65,7.7949935e-08,33.108078,33.108078,-8.442509e-07,33.108078,0.00010013773,219,219,55,0.00020810937,0.00052645785,3.2235357e-06,0.20030817,0
1780,29.666666,1.8245328e-07,33.108086,33.108086,7.419727e-06,33.108086,0.0001001981,219,219,55,0.0003412619,0.006680043,3.91172e-06,0.2003082,0
1781,29.683332,8.298839e-08,33.10808,33.10808,-1.4295056e-06,33.10808,0.00010016858,217,217,54,0.00020402535,0.0005327619,3.838904e-06,0.20030805,0
1782,29.7,8.751331e-08,33.108086,33.108086,1.5008206e-06,33.108086,0.00010022562,217,217,54,0.00023369638,0.0006006803,3.2661178e-06,0.20030792,0
1783,29.716667,9.426111e-08,33.108086,33.108086,1.1705333e-06,33.108086,0.00010011768,217,217,54,0.0002507509,0.0006649966,3.8280796e-06,0.200308,0
1784,29.733334,2.144583e-07,33.108078,33.108078,-7.860047e-06,33.108078,0.000100150944,217,217,54,0.0003804629,0.0011459349,5.0056974e-06,0.20030773,0
1785,29.75,4.7630436e-07,33.108063,33.108063,-1.47011115e-05,33.108063,0.000100182624,217,217,54,0.00055517716,0.002605517,7.964632e-06,0.20030734,0
1786,29.766666,4.5787345e-07,33.10805,33.10805,-1.2986327e-05,33.10805,0.00010010669,219,219,55,0.00056170457,0.0014503839,9.696e-06,0.20030704,0
1787,29.783333,3.6930606e-07,33.108044,33.108044,-8.401322e-06,33.108044,0.00010009594,219,219,55,0.00052305224,0.0013626196,8.869207e-06,0.20030668,0
1788,29.8,2.985333e-07,33.108032,33.108032,-1.0711098e-05,33.108032,0.000100054625,219,219,55,0.00042091374,0.0013449023,8.672373e-06,0.20030645,0
1789,29.816668,1.7188898e-07,33.10802,33.10802,-8.938164e-06,33.10802,0.00010011091,219,219,55,0.00031812547,0.0010586967,5.760583e-06,0.20030613,0
1790,29.833334,3.171299e-07,33.108006,33.10801,-1.4817716e-05,33.10801,0.00010015385,219,219,55,0.0004920728,0.0014472966,6.225318e-06,0.20030575,0
1791,29.85,2.746621e-07,33.107994,33.107994,-1.2012833e-05,33.107994,0.00010012134,219,219,55,0.0004362488,0.0012159068,6.8313707e-06,0.20030548,0
1792,29.866667,2.693304e-07,33.107986,33.107986,-7.819321e-06,33.107986,0.00010014647,219,219,55,0.0004135648,0.001234719,7.344499e-06,0.20030534,0
1793,29.883333,2.827778e-07,33.107975,33.107975,-1.395198e-05,33.107975,0.00010012733,219,219,55,0.00042816528,0.0012980215,6.92155e-06,0.2003049,0
1794,29.9,3.129114e-07,33.107964,33.107964,-8.448876e-06,33.107964,0.000100178484,217,217,54,0.0004292939,0.002737117,7.0534597e-06,0.20030473,0
1795,29.916666,3.5110241e-07,33.107956,33.107956,-1.0103369e-05,33.107956,0.000100125755,217,217,54,0.0004775189,0.002578847,7.3180563e-06,0.20030433,0
1796,29.933332,2.532763e-07,33.107944,33.107944,-1.0738151e-05,33.107944,0.00010016655,219,219,55,0.0004230113,0.0011799379,7.3694027e-06,0.20030409,0
1797,29.95,2.7223373e-07,33.107937,33.107937,-8.626307e-06,33.107937,0.00010017328,219,219,55,0.00045116543,0.0012292478,7.1350223e-06,0.20030382,0
1798,29.966667,2.7001244e-07,33.107933,33.107933,-4.4911085e-06,33.107933,0.000100149045,219,219,55,0.00042240284,0.0013021404,7.4222903e-06,0.2003036,0
1799,29.983334,2.7974679e-07,33.10792,33.10792,-9.466805e-06,33.10792,0.00010008376,219,219,55,0.00046279613,0.0013888854,7.3418564e-06,0.20030329,0
1800,30,1.9961976e-07,33.107914,33.107914,-6.564075e-06,33.107914,0.000100158984,219,219,55,0.00037283567,0.0011377203,6.4056876e-06,0.200303,0
