substep,stage,iteration,kinetic_J,potential_J,total_J,predicted_split_U_J,depth_m,contacts,matched,locked,corrected_points,delta_T_J,delta_U_J,delta_E_J
0,start,0,1.2196286e-05,33.118774,33.11879,0,0.00010102421,223,223,56,13,0,0,0
0,gravity-kick,0,0.00010048951,33.118774,33.118877,0,0.00010102421,223,223,56,13,8.829322e-05,0,8.829322e-05
0,collide,0,0.00010048951,33.118774,33.118877,0,0.00010099187,223,223,0,0,0,0,0
0,warm-start,0,0.00044198576,33.118774,33.119217,0,0.00010099187,223,223,56,13,0.00034149626,0,0.00034149626
0,contact-iteration,1,5.6398774e-05,33.118774,33.11883,4.209797e-06,0.00010099187,223,223,56,13,-0.000385587,0,-0.000385587
0,contact-iteration,2,1.8869867e-05,33.118774,33.118793,7.276587e-06,0.00010099187,223,223,56,13,-3.752891e-05,0,-3.752891e-05
0,contact-iteration,3,1.4527248e-05,33.118774,33.11879,9.945019e-06,0.00010099187,223,223,56,13,-4.3426185e-06,0,-4.3426185e-06
0,contact-iteration,4,1.3474101e-05,33.118774,33.11879,1.2327163e-05,0.00010099187,223,223,56,13,-1.053147e-06,0,-1.053147e-06
0,contact-iteration,5,1.2902061e-05,33.118774,33.11879,1.4478951e-05,0.00010099187,223,223,56,13,-5.7204045e-07,0,-5.7204045e-07
0,contact-iteration,6,1.2470917e-05,33.118774,33.11879,1.6437052e-05,0.00010099187,223,223,56,13,-4.3114383e-07,0,-4.3114383e-07
0,contact-iteration,7,1.2149698e-05,33.118774,33.11879,1.822658e-05,0.00010099187,223,223,56,13,-3.2121932e-07,0,-3.2121932e-07
0,contact-iteration,8,1.1895002e-05,33.118774,33.11879,1.9865432e-05,0.00010099187,223,223,56,13,-2.5469527e-07,0,-2.5469527e-07
0,contact-iteration,9,1.1683046e-05,33.118774,33.118786,2.1367148e-05,0.00010099187,223,223,56,13,-2.1195646e-07,0,-2.1195646e-07
0,contact-iteration,10,1.1500552e-05,33.118774,33.118786,2.274274e-05,0.00010099187,223,223,56,13,-1.8249354e-07,0,-1.8249354e-07
0,contact-iteration,11,1.134153e-05,33.118774,33.118786,2.4001762e-05,0.00010099187,223,223,56,13,-1.590221e-07,0,-1.5902208e-07
0,contact-iteration,12,1.12026555e-05,33.118774,33.118786,2.515285e-05,0.00010099187,223,223,56,13,-1.388744e-07,0,-1.3887441e-07
0,restitution,0,1.12026555e-05,33.118774,33.118786,2.515285e-05,0.00010099187,223,223,56,13,0,0,0
0,shock,0,1.0989746e-05,33.118774,33.118786,2.515285e-05,0.00010099187,223,223,56,13,-2.1290924e-07,0,-2.1290924e-07
0,rest-damping,0,1.0989746e-05,33.118774,33.118786,2.515285e-05,0.00010099187,223,223,56,13,0,0,0
0,pose-drift,0,1.0989549e-05,33.118786,33.118797,0,0.00010099187,223,223,56,13,-1.9755188e-10,1.1305346e-05,1.1305148e-05
0,split-counterfactual,0,1.0989549e-05,33.118786,33.118797,0,0,0,0,0,0,2.4843178e-13,2.6102047e-05,2.6102049e-05
0,finish,0,1.0989549e-05,33.118786,33.118797,0,0.00010099187,223,223,56,13,0,0,0
1,start,0,1.0989549e-05,33.118786,33.118797,0,0.00010099187,223,223,56,13,0,0,0
1,gravity-kick,0,9.155327e-05,33.118786,33.118877,0,0.00010099187,223,223,56,13,8.0563725e-05,0,8.0563725e-05
1,collide,0,9.155327e-05,33.118786,33.118877,0,0.0001008992,223,223,0,0,0,0,0
1,warm-start,0,0.0004462984,33.118786,33.119232,0,0.0001008992,223,223,56,13,0.00035474513,0,0.00035474513
1,contact-iteration,1,5.2348456e-05,33.118786,33.11884,3.935621e-06,0.0001008992,223,223,56,13,-0.00039394994,0,-0.00039394994
1,contact-iteration,2,1.6723274e-05,33.118786,33.118805,6.8037994e-06,0.0001008992,223,223,56,13,-3.562518e-05,0,-3.562518e-05
1,contact-iteration,3,1.29526425e-05,33.118786,33.1188,9.300528e-06,0.0001008992,223,223,56,13,-3.7706304e-06,0,-3.7706304e-06
1,contact-iteration,4,1.20975465e-05,33.118786,33.1188,1.153261e-05,0.0001008992,223,223,56,13,-8.550961e-07,0,-8.550961e-07
1,contact-iteration,5,1.1635058e-05,33.118786,33.118797,1.3552765e-05,0.0001008992,223,223,56,13,-4.6248792e-07,0,-4.6248792e-07
1,contact-iteration,6,1.1326043e-05,33.118786,33.118797,1.5394888e-05,0.0001008992,223,223,56,13,-3.090154e-07,0,-3.0901538e-07
1,contact-iteration,7,1.1115888e-05,33.118786,33.118797,1.7082102e-05,0.0001008992,223,223,56,13,-2.1015514e-07,0,-2.1015515e-07
1,contact-iteration,8,1.0957337e-05,33.118786,33.118797,1.863077e-05,0.0001008992,223,223,56,13,-1.5855213e-07,0,-1.5855213e-07
1,contact-iteration,9,1.0828458e-05,33.118786,33.118797,2.005324e-05,0.0001008992,223,223,56,13,-1.2887868e-07,0,-1.2887867e-07
1,contact-iteration,10,1.0719375e-05,33.118786,33.118797,2.1359374e-05,0.0001008992,223,223,56,13,-1.09082514e-07,0,-1.09082514e-07
1,contact-iteration,11,1.0624743e-05,33.118786,33.118797,2.255759e-05,0.0001008992,223,223,56,13,-9.463282e-08,0,-9.463282e-08
1,contact-iteration,12,1.0541613e-05,33.118786,33.118797,2.3655546e-05,0.0001008992,223,223,56,13,-8.312942e-08,0,-8.312942e-08
1,restitution,0,1.0541613e-05,33.118786,33.118797,2.3655546e-05,0.0001008992,223,223,56,13,0,0,0
1,shock,0,1.04131805e-05,33.118786,33.118797,2.3655546e-05,0.0001008992,223,223,56,13,-1.2843257e-07,0,-1.2843257e-07
1,rest-damping,0,1.04131805e-05,33.118786,33.118797,2.3655546e-05,0.0001008992,223,223,56,13,0,0,0
1,pose-drift,0,1.0412993e-05,33.1188,33.118813,0,0.0001008992,223,223,56,13,-1.8716104e-10,1.4297937e-05,1.429775e-05
1,split-counterfactual,0,1.0412993e-05,33.1188,33.118813,0,0,0,0,0,0,1.7625678e-13,2.3109456e-05,2.3109456e-05
1,finish,0,1.0412993e-05,33.1188,33.118813,0,0.0001008992,223,223,56,13,0,0,0
2,start,0,1.0412993e-05,33.1188,33.118813,0,0.0001008992,223,223,56,13,0,0,0
2,gravity-kick,0,8.617925e-05,33.1188,33.11889,0,0.0001008992,223,223,56,13,7.576626e-05,0,7.576626e-05
2,collide,0,8.617925e-05,33.1188,33.11889,0,0.00010083847,223,223,0,0,0,0,0
2,warm-start,0,0.0004509487,33.1188,33.11925,0,0.00010083847,223,223,56,13,0.00036476945,0,0.00036476945
2,contact-iteration,1,4.9117156e-05,33.1188,33.11885,3.526065e-06,0.00010083847,223,223,56,13,-0.00040183152,0,-0.00040183152
2,contact-iteration,2,1.5899697e-05,33.1188,33.118816,5.9659874e-06,0.00010083847,223,223,56,13,-3.321746e-05,0,-3.321746e-05
2,contact-iteration,3,1.2381953e-05,33.1188,33.118813,8.146697e-06,0.00010083847,223,223,56,13,-3.5177452e-06,0,-3.5177452e-06
2,contact-iteration,4,1.1598883e-05,33.1188,33.118813,1.0164854e-05,0.00010083847,223,223,56,13,-7.830695e-07,0,-7.830695e-07
2,contact-iteration,5,1.1224625e-05,33.1188,33.118813,1.2046056e-05,0.00010083847,223,223,56,13,-3.7425812e-07,0,-3.7425812e-07
2,contact-iteration,6,1.0978995e-05,33.1188,33.118813,1.3801506e-05,0.00010083847,223,223,56,13,-2.4562974e-07,0,-2.4562974e-07
2,contact-iteration,7,1.0813405e-05,33.1188,33.118813,1.5437905e-05,0.00010083847,223,223,56,13,-1.6558991e-07,0,-1.6558991e-07
2,contact-iteration,8,1.0689255e-05,33.1188,33.118813,1.6960441e-05,0.00010083847,223,223,56,13,-1.2415097e-07,0,-1.2415097e-07
2,contact-iteration,9,1.0588506e-05,33.1188,33.118813,1.8373745e-05,0.00010083847,223,223,56,13,-1.0074918e-07,0,-1.0074918e-07
2,contact-iteration,10,1.0503001e-05,33.1188,33.118813,1.9682298e-05,0.00010083847,223,223,56,13,-8.550375e-08,0,-8.550375e-08
2,contact-iteration,11,1.0428634e-05,33.1188,33.118813,2.0890624e-05,0.00010083847,223,223,56,13,-7.436766e-08,0,-7.436766e-08
2,contact-iteration,12,1.0369813e-05,33.1188,33.118813,2.2003347e-05,0.00010083847,223,223,56,13,-5.882087e-08,0,-5.8820874e-08
2,restitution,0,1.0369813e-05,33.1188,33.118813,2.2003347e-05,0.00010083847,223,223,56,13,0,0,0
2,shock,0,1.02701415e-05,33.1188,33.118813,2.2003349e-05,0.00010083847,223,223,56,13,-9.967118e-08,0,-9.9671176e-08
2,rest-damping,0,1.02701415e-05,33.1188,33.118813,2.2003349e-05,0.00010083847,223,223,56,13,0,0,0
2,pose-drift,0,1.0269959e-05,33.118816,33.118828,0,0.00010083847,223,223,56,13,-1.8319887e-10,1.4464192e-05,1.4464009e-05
2,split-counterfactual,0,1.0269959e-05,33.118816,33.118828,0,0,0,0,0,0,1.356371e-13,2.2111926e-05,2.2111926e-05
2,finish,0,1.0269959e-05,33.118816,33.118828,0,0.00010083847,223,223,56,13,0,0,0
3,start,0,1.0269959e-05,33.118816,33.118828,0,0.00010083847,223,223,56,13,0,0,0
3,gravity-kick,0,8.465699e-05,33.118816,33.1189,0,0.00010083847,223,223,56,13,7.438703e-05,0,7.438703e-05
3,collide,0,8.465699e-05,33.118816,33.1189,0,0.000100779595,223,223,0,0,0,0,0
3,warm-start,0,0.0004118498,33.118816,33.11923,0,0.000100779595,223,223,56,13,0.0003271928,0,0.0003271928
3,contact-iteration,1,4.1968182e-05,33.118816,33.11886,3.1437482e-06,0.000100779595,223,223,56,13,-0.0003698816,0,-0.0003698816
3,contact-iteration,2,1.50187825e-05,33.118816,33.11883,5.467501e-06,0.000100779595,223,223,56,13,-2.69494e-05,0,-2.69494e-05
3,contact-iteration,3,1.2197726e-05,33.118816,33.118828,7.499149e-06,0.000100779595,223,223,56,13,-2.8210561e-06,0,-2.8210561e-06
3,contact-iteration,4,1.15065295e-05,33.118816,33.118828,9.319012e-06,0.000100779595,223,223,56,13,-6.911975e-07,0,-6.911975e-07
3,contact-iteration,5,1.1203781e-05,33.118816,33.118828,1.0967505e-05,0.000100779595,223,223,56,13,-3.027485e-07,0,-3.027485e-07
3,contact-iteration,6,1.0992175e-05,33.118816,33.118828,1.2471076e-05,0.000100779595,223,223,56,13,-2.1160622e-07,0,-2.1160622e-07
3,contact-iteration,7,1.0838762e-05,33.118816,33.118828,1.3848044e-05,0.000100779595,223,223,56,13,-1.5341254e-07,0,-1.5341254e-07
3,contact-iteration,8,1.0718557e-05,33.118816,33.118828,1.5111523e-05,0.000100779595,223,223,56,13,-1.2020476e-07,0,-1.2020476e-07
3,contact-iteration,9,1.0618573e-05,33.118816,33.118828,1.6271513e-05,0.000100779595,223,223,56,13,-9.998491e-08,0,-9.998491e-08
3,contact-iteration,10,1.0532842e-05,33.118816,33.118828,1.7336126e-05,0.000100779595,223,223,56,13,-8.573013e-08,0,-8.573013e-08
3,contact-iteration,11,1.0458147e-05,33.118816,33.118828,1.8312363e-05,0.000100779595,223,223,56,13,-7.469546e-08,0,-7.469546e-08
3,contact-iteration,12,1.0403111e-05,33.118816,33.118828,1.9206487e-05,0.000100779595,223,223,56,13,-5.5035446e-08,0,-5.5035443e-08
3,restitution,0,1.0403111e-05,33.118816,33.118828,1.9206487e-05,0.000100779595,223,223,56,13,0,0,0
3,shock,0,1.030464e-05,33.118816,33.118828,1.9206487e-05,0.000100779595,223,223,56,13,-9.847032e-08,0,-9.847033e-08
3,rest-damping,0,1.030464e-05,33.118816,33.118828,1.9206487e-05,0.000100779595,223,223,56,13,0,0,0
3,pose-drift,0,1.0304456e-05,33.118828,33.11884,0,0.000100779595,223,223,56,13,-1.8508815e-10,1.1804111e-05,1.1803926e-05
3,split-counterfactual,0,1.0304456e-05,33.118828,33.11884,0,0,0,0,0,0,3.0912805e-13,1.9451845e-05,1.9451845e-05
3,finish,0,1.0304456e-05,33.118828,33.11884,0,0.000100779595,223,223,56,13,0,0,0
4,start,0,1.0304456e-05,33.118828,33.11884,0,0.000100779595,223,223,56,13,0,0,0
4,gravity-kick,0,8.4675594e-05,33.118828,33.11891,0,0.000100779595,223,223,56,13,7.4371135e-05,0,7.4371135e-05
4,collide,0,8.4675594e-05,33.118828,33.11891,0,0.000100689635,223,223,0,0,0,0,0
4,warm-start,0,0.0003779617,33.118828,33.119205,0,0.000100689635,223,223,56,12,0.0002932861,0,0.0002932861
4,contact-iteration,1,4.0557745e-05,33.118828,33.11887,2.9073706e-06,0.000100689635,223,223,56,12,-0.00033740394,0,-0.00033740394
4,contact-iteration,2,1.5074793e-05,33.118828,33.118843,5.042286e-06,0.000100689635,223,223,56,12,-2.5482952e-05,0,-2.5482952e-05
4,contact-iteration,3,1.2426748e-05,33.118828,33.11884,6.9004222e-06,0.000100689635,223,223,56,12,-2.6480443e-06,0,-2.6480443e-06
4,contact-iteration,4,1.1764089e-05,33.118828,33.11884,8.561016e-06,0.000100689635,223,223,56,12,-6.6265886e-07,0,-6.6265886e-07
4,contact-iteration,5,1.1444349e-05,33.118828,33.11884,1.0063268e-05,0.000100689635,223,223,56,12,-3.1974028e-07,0,-3.1974025e-07
4,contact-iteration,6,1.12161815e-05,33.118828,33.11884,1.1432374e-05,0.000100689635,223,223,56,12,-2.2816825e-07,0,-2.2816825e-07
4,contact-iteration,7,1.1046898e-05,33.118828,33.11884,1.2685467e-05,0.000100689635,223,223,56,12,-1.6928266e-07,0,-1.6928266e-07
4,contact-iteration,8,1.0911287e-05,33.118828,33.11884,1.3834643e-05,0.000100689635,223,223,56,12,-1.3561097e-07,0,-1.3561097e-07
4,contact-iteration,9,1.0797272e-05,33.118828,33.11884,1.4889074e-05,0.000100689635,223,223,56,12,-1.14015734e-07,0,-1.14015734e-07
4,contact-iteration,10,1.07099495e-05,33.118828,33.11884,1.5856314e-05,0.000100689635,223,223,56,12,-8.732238e-08,0,-8.732238e-08
4,contact-iteration,11,1.0627452e-05,33.118828,33.11884,1.6742935e-05,0.000100689635,223,223,56,12,-8.249753e-08,0,-8.249753e-08
4,contact-iteration,12,1.0552094e-05,33.118828,33.11884,1.755401e-05,0.000100689635,223,223,56,12,-7.5357946e-08,0,-7.535794e-08
4,restitution,0,1.0552094e-05,33.118828,33.11884,1.755401e-05,0.000100689635,223,223,56,12,0,0,0
4,shock,0,1.0436086e-05,33.118828,33.11884,1.755401e-05,0.000100689635,223,223,56,12,-1.16007556e-07,0,-1.1600756e-07
4,rest-damping,0,1.0436086e-05,33.118828,33.11884,1.755401e-05,0.000100689635,223,223,56,12,0,0,0
4,pose-drift,0,1.0435897e-05,33.118835,33.118847,0,0.000100689635,223,223,56,12,-1.8925489e-10,8.977774e-06,8.977585e-06
4,split-counterfactual,0,1.0435897e-05,33.118835,33.118847,0,0,0,0,0,0,2.9865704e-13,1.7124274e-05,1.7124274e-05
4,finish,0,1.0435897e-05,33.118835,33.118847,0,0.000100689635,223,223,56,12,0,0,0
5,start,0,1.0435897e-05,33.118835,33.118847,0,0.000100689635,223,223,56,12,0,0,0
5,gravity-kick,0,8.5288964e-05,33.118835,33.118923,0,0.000100689635,223,223,56,12,7.485307e-05,0,7.485307e-05
5,collide,0,8.5288964e-05,33.118835,33.118923,0,0.00010061916,223,223,0,0,0,0,0
5,warm-start,0,0.00036963727,33.118835,33.119205,0,0.00010061916,223,223,56,12,0.0002843483,0,0.0002843483
5,contact-iteration,1,4.233096e-05,33.118835,33.118877,2.750735e-06,0.00010061916,223,223,56,12,-0.0003273063,0,-0.0003273063
5,contact-iteration,2,1.5579011e-05,33.118835,33.11885,4.7671206e-06,0.00010061916,223,223,56,12,-2.6751948e-05,0,-2.6751948e-05
5,contact-iteration,3,1.2827215e-05,33.118835,33.11885,6.5197773e-06,0.00010061916,223,223,56,12,-2.7517965e-06,0,-2.7517965e-06
5,contact-iteration,4,1.2116833e-05,33.118835,33.11885,8.081346e-06,0.00010061916,223,223,56,12,-7.1038187e-07,0,-7.1038187e-07
5,contact-iteration,5,1.1757234e-05,33.118835,33.118847,9.489186e-06,0.00010061916,223,223,56,12,-3.5959928e-07,0,-3.5959928e-07
5,contact-iteration,6,1.1500553e-05,33.118835,33.118847,1.0768121e-05,0.00010061916,223,223,56,12,-2.566806e-07,0,-2.566806e-07
5,contact-iteration,7,1.1308278e-05,33.118835,33.118847,1.1935256e-05,0.00010061916,223,223,56,12,-1.922755e-07,0,-1.922755e-07
5,contact-iteration,8,1.1153619e-05,33.118835,33.118847,1.3002735e-05,0.00010061916,223,223,56,12,-1.5465804e-07,0,-1.5465804e-07
5,contact-iteration,9,1.1035321e-05,33.118835,33.118847,1.3979766e-05,0.00010061916,223,223,56,12,-1.1829856e-07,0,-1.1829856e-07
5,contact-iteration,10,1.0930107e-05,33.118835,33.118847,1.4873812e-05,0.00010061916,223,223,56,12,-1.0521394e-07,0,-1.0521394e-07
5,contact-iteration,11,1.083755e-05,33.118835,33.118847,1.5691245e-05,0.00010061916,223,223,56,12,-9.255709e-08,0,-9.255709e-08
5,contact-iteration,12,1.075571e-05,33.118835,33.118847,1.6437829e-05,0.00010061916,223,223,56,12,-8.184042e-08,0,-8.1840426e-08
5,restitution,0,1.075571e-05,33.118835,33.118847,1.6437829e-05,0.00010061916,223,223,56,12,0,0,0
5,shock,0,1.0637404e-05,33.118835,33.118847,1.6437829e-05,0.00010061916,223,223,56,12,-1.183062e-07,0,-1.183062e-07
5,rest-damping,0,1.0637404e-05,33.118835,33.118847,1.6437829e-05,0.00010061916,223,223,56,12,0,0,0
5,pose-drift,0,1.0637208e-05,33.118843,33.118855,0,0.00010061916,223,223,56,12,-1.9565836e-10,7.3152237e-06,7.3150277e-06
5,split-counterfactual,0,1.0637208e-05,33.118843,33.118855,0,0,0,0,0,0,4.0720018e-13,1.5794232e-05,1.5794232e-05
5,finish,0,1.0637208e-05,33.118843,33.118855,0,0.00010061916,223,223,56,12,0,0,0
6,start,0,1.0637208e-05,33.118843,33.118855,0,0.00010061916,223,223,56,12,0,0,0
6,gravity-kick,0,8.614203e-05,33.118843,33.11893,0,0.00010061916,223,223,56,12,7.550482e-05,0,7.550482e-05
6,collide,0,8.614203e-05,33.118843,33.11893,0,0.000100594756,223,223,0,0,0,0,0
6,warm-start,0,0.00035491862,33.118843,33.119198,0,0.000100594756,223,223,56,12,0.00026877658,0,0.00026877658
6,contact-iteration,1,4.2185173e-05,33.118843,33.118885,2.6472796e-06,0.000100594756,223,223,56,12,-0.00031273343,0,-0.00031273343
6,contact-iteration,2,1.57578e-05,33.118843,33.11886,4.577785e-06,0.000100594756,223,223,56,12,-2.6427373e-05,0,-2.6427373e-05
6,contact-iteration,3,1.3014084e-05,33.118843,33.11886,6.2540576e-06,0.000100594756,223,223,56,12,-2.743716e-06,0,-2.743716e-06
6,contact-iteration,4,1.2298626e-05,33.118843,33.118855,7.748249e-06,0.000100594756,223,223,56,12,-7.154586e-07,0,-7.154586e-07
6,contact-iteration,5,1.1921272e-05,33.118843,33.118855,9.097349e-06,0.000100594756,223,223,56,12,-3.773537e-07,0,-3.773537e-07
6,contact-iteration,6,1.1647301e-05,33.118843,33.118855,1.0325525e-05,0.000100594756,223,223,56,12,-2.7397027e-07,0,-2.7397027e-07
6,contact-iteration,7,1.14375825e-05,33.118843,33.118855,1.1449161e-05,0.000100594756,223,223,56,12,-2.0971923e-07,0,-2.0971923e-07
6,contact-iteration,8,1.1278004e-05,33.118843,33.118855,1.2479697e-05,0.000100594756,223,223,56,12,-1.595777e-07,0,-1.595777e-07
6,contact-iteration,9,1.1138937e-05,33.118843,33.118855,1.3425575e-05,0.000100594756,223,223,56,12,-1.390676e-07,0,-1.390676e-07
6,contact-iteration,10,1.1017117e-05,33.118843,33.118855,1.4293495e-05,0.000100594756,223,223,56,12,-1.2182045e-07,0,-1.2182045e-07
6,contact-iteration,11,1.0908996e-05,33.118843,33.118855,1.508916e-05,0.000100594756,223,223,56,12,-1.08120126e-07,0,-1.08120126e-07
6,contact-iteration,12,1.08115755e-05,33.118843,33.118855,1.5817839e-05,0.000100594756,223,223,56,12,-9.742102e-08,0,-9.742102e-08
6,restitution,0,1.08115755e-05,33.118843,33.118855,1.5817839e-05,0.000100594756,223,223,56,12,0,0,0
6,shock,0,1.0665617e-05,33.118843,33.118855,1.5817839e-05,0.000100594756,223,223,56,12,-1.4595837e-07,0,-1.4595837e-07
6,rest-damping,0,1.0665617e-05,33.118843,33.118855,1.5817839e-05,0.000100594756,223,223,56,12,0,0,0
6,pose-drift,0,1.0665421e-05,33.11885,33.118862,0,0.000100594756,223,223,56,12,-1.9608486e-10,6.151438e-06,6.151242e-06
6,split-counterfactual,0,1.0665421e-05,33.11885,33.118862,0,0,0,0,0,0,3.322241e-13,1.4962958e-05,1.4962958e-05
6,finish,0,1.0665421e-05,33.11885,33.118862,0,0.000100594756,223,223,56,12,0,0,0
7,start,0,1.0665421e-05,33.11885,33.118862,0,0.000100594756,223,223,56,12,0,0,0
7,gravity-kick,0,8.667754e-05,33.11885,33.11894,0,0.000100594756,223,223,56,12,7.601212e-05,0,7.601212e-05
7,collide,0,8.667754e-05,33.11885,33.11894,0,0.000100595586,223,223,0,0,0,0,0
7,warm-start,0,0.000371893,33.11885,33.11922,0,0.000100595586,223,223,56,12,0.00028521547,0,0.00028521547
7,contact-iteration,1,4.2073632e-05,33.11885,33.118893,2.5055838e-06,0.000100595586,223,223,56,12,-0.00032981936,0,-0.00032981936
7,contact-iteration,2,1.584211e-05,33.11885,33.118866,4.349893e-06,0.000100595586,223,223,56,12,-2.6231522e-05,0,-2.6231522e-05
7,contact-iteration,3,1.3010381e-05,33.11885,33.118862,5.9563904e-06,0.000100595586,223,223,56,12,-2.831729e-06,0,-2.831729e-06
7,contact-iteration,4,1.22691035e-05,33.11885,33.118862,7.3876363e-06,0.000100595586,223,223,56,12,-7.412769e-07,0,-7.412769e-07
7,contact-iteration,5,1.1892815e-05,33.11885,33.118862,8.678079e-06,0.000100595586,223,223,56,12,-3.7628897e-07,0,-3.7628897e-07
7,contact-iteration,6,1.1619577e-05,33.11885,33.118862,9.851254e-06,0.000100595586,223,223,56,12,-2.7323756e-07,0,-2.7323756e-07
7,contact-iteration,7,1.141252e-05,33.11885,33.118862,1.0923442e-05,0.000100595586,223,223,56,12,-2.070573e-07,0,-2.070573e-07
7,contact-iteration,8,1.1255054e-05,33.11885,33.118862,1.1906042e-05,0.000100595586,223,223,56,12,-1.5746572e-07,0,-1.5746572e-07
7,contact-iteration,9,1.11190675e-05,33.11885,33.118862,1.28074225e-05,0.000100595586,223,223,56,12,-1.3598606e-07,0,-1.3598606e-07
7,contact-iteration,10,1.0999182e-05,33.11885,33.118862,1.3634164e-05,0.000100595586,223,223,56,12,-1.1988504e-07,0,-1.1988504e-07
7,contact-iteration,11,1.0893179e-05,33.11885,33.118862,1.439183e-05,0.000100595586,223,223,56,12,-1.0600418e-07,0,-1.0600418e-07
7,contact-iteration,12,1.0798671e-05,33.11885,33.118862,1.5085383e-05,0.000100595586,223,223,56,12,-9.450796e-08,0,-9.450796e-08
7,restitution,0,1.0798671e-05,33.11885,33.118862,1.5085383e-05,0.000100595586,223,223,56,12,0,0,0
7,shock,0,1.06545085e-05,33.11885,33.118862,1.5085383e-05,0.000100595586,223,223,56,12,-1.4416261e-07,0,-1.4416261e-07
7,rest-damping,0,1.06545085e-05,33.11885,33.118862,1.5085383e-05,0.000100595586,223,223,56,12,0,0,0
7,pose-drift,0,1.0654313e-05,33.118855,33.118866,0,0.000100595586,223,223,56,12,-1.9474325e-10,5.3201625e-06,5.319968e-06
7,split-counterfactual,0,1.0654313e-05,33.118855,33.118866,0,0,0,0,0,0,4.1545825e-13,1.5129212e-05,1.5129212e-05
7,finish,0,1.0654313e-05,33.118855,33.118866,0,0.000100595586,223,223,56,12,0,0,0
8,start,0,1.0654313e-05,33.118855,33.118866,0,0.000100595586,223,223,56,12,0,0,0
8,gravity-kick,0,8.688317e-05,33.118855,33.118942,0,0.000100595586,223,223,56,12,7.6228855e-05,0,7.6228855e-05
8,collide,0,8.688317e-05,33.118855,33.118942,0,0.000100578494,223,223,0,0,0,0,0
8,warm-start,0,0.00037588552,33.118855,33.119232,0,0.000100578494,223,223,56,12,0.00028900235,0,0.00028900235
8,contact-iteration,1,4.2008858e-05,33.118855,33.118896,2.2952909e-06,0.000100578494,223,223,56,12,-0.00033387667,0,-0.00033387667
8,contact-iteration,2,1.5812466e-05,33.118855,33.11887,3.955044e-06,0.000100578494,223,223,56,12,-2.619639e-05,0,-2.619639e-05
8,contact-iteration,3,1.2961344e-05,33.118855,33.11887,5.397705e-06,0.000100578494,223,223,56,12,-2.8511224e-06,0,-2.8511224e-06
8,contact-iteration,4,1.2207273e-05,33.118855,33.118866,6.682543e-06,0.000100578494,223,223,56,12,-7.5407047e-07,0,-7.5407047e-07
8,contact-iteration,5,1.1834485e-05,33.118855,33.118866,7.840899e-06,0.000100578494,223,223,56,12,-3.727884e-07,0,-3.727884e-07
8,contact-iteration,6,1.1567346e-05,33.118855,33.118866,8.893943e-06,0.000100578494,223,223,56,12,-2.6713957e-07,0,-2.6713957e-07
8,contact-iteration,7,1.1366697e-05,33.118855,33.118866,9.856306e-06,0.000100578494,223,223,56,12,-2.0064769e-07,0,-2.0064769e-07
8,contact-iteration,8,1.1214803e-05,33.118855,33.118866,1.0738251e-05,0.000100578494,223,223,56,12,-1.5189475e-07,0,-1.5189474e-07
8,contact-iteration,9,1.1082048e-05,33.118855,33.118866,1.1547325e-05,0.000100578494,223,223,56,12,-1.3275452e-07,0,-1.3275451e-07
8,contact-iteration,10,1.0965165e-05,33.118855,33.118866,1.2289471e-05,0.000100578494,223,223,56,12,-1.1688417e-07,0,-1.1688417e-07
8,contact-iteration,11,1.0861485e-05,33.118855,33.118866,1.2969686e-05,0.000100578494,223,223,56,12,-1.0367887e-07,0,-1.03678865e-07
8,contact-iteration,12,1.0769314e-05,33.118855,33.118866,1.3592491e-05,0.000100578494,223,223,56,12,-9.2171746e-08,0,-9.2171746e-08
8,restitution,0,1.0769314e-05,33.118855,33.118866,1.3592491e-05,0.000100578494,223,223,56,12,0,0,0
8,shock,0,1.0630387e-05,33.118855,33.118866,1.3592492e-05,0.000100578494,223,223,56,12,-1.3892648e-07,0,-1.3892648e-07
8,rest-damping,0,1.0630387e-05,33.118855,33.118866,1.3592492e-05,0.000100578494,223,223,56,12,0,0,0
8,pose-drift,0,1.0630193e-05,33.11886,33.11887,0,0.000100578494,223,223,56,12,-1.9399057e-10,3.1588465e-06,3.1586526e-06
8,split-counterfactual,0,1.0630193e-05,33.11886,33.11887,0,0,0,0,0,0,3.258161e-13,1.29678965e-05,1.29678965e-05
8,finish,0,1.0630193e-05,33.11886,33.11887,0,0.000100578494,223,223,56,12,0,0,0
9,start,0,1.0630193e-05,33.11886,33.11887,0,0.000100578494,223,223,56,12,0,0,0
9,gravity-kick,0,8.6853805e-05,33.11886,33.118946,0,0.000100578494,223,223,56,12,7.622361e-05,0,7.622361e-05
9,collide,0,8.6853805e-05,33.11886,33.118946,0,0.00010053906,223,223,0,0,0,0,0
9,warm-start,0,0.00037883734,33.11886,33.119236,0,0.00010053906,223,223,56,12,0.00029198354,0,0.00029198354
9,contact-iteration,1,4.2338248e-05,33.11886,33.1189,2.1101696e-06,0.00010053906,223,223,56,12,-0.0003364991,0,-0.0003364991
9,contact-iteration,2,1.5768615e-05,33.11886,33.118874,3.6515198e-06,0.00010053906,223,223,56,12,-2.6569633e-05,0,-2.6569633e-05
9,contact-iteration,3,1.2904497e-05,33.11886,33.11887,4.9959476e-06,0.00010053906,223,223,56,12,-2.8641186e-06,0,-2.8641186e-06
9,contact-iteration,4,1.2152912e-05,33.11886,33.11887,6.1964374e-06,0.00010053906,223,223,56,12,-7.5158545e-07,0,-7.5158545e-07
9,contact-iteration,5,1.1783547e-05,33.11886,33.11887,7.280698e-06,0.00010053906,223,223,56,12,-3.6936498e-07,0,-3.6936498e-07
9,contact-iteration,6,1.1522094e-05,33.11886,33.11887,8.267448e-06,0.00010053906,223,223,56,12,-2.6145284e-07,0,-2.6145284e-07
9,contact-iteration,7,1.1327497e-05,33.11886,33.11887,9.169716e-06,0.00010053906,223,223,56,12,-1.945964e-07,0,-1.945964e-07
9,contact-iteration,8,1.1180615e-05,33.11886,33.11887,9.996744e-06,0.00010053906,223,223,56,12,-1.4688304e-07,0,-1.4688304e-07
9,contact-iteration,9,1.1052644e-05,33.11886,33.11887,1.0755431e-05,0.00010053906,223,223,56,12,-1.2796964e-07,0,-1.2796963e-07
9,contact-iteration,10,1.0940069e-05,33.11886,33.11887,1.145131e-05,0.00010053906,223,223,56,12,-1.1257621e-07,0,-1.1257621e-07
9,contact-iteration,11,1.084021e-05,33.11886,33.11887,1.2089272e-05,0.00010053906,223,223,56,12,-9.985825e-08,0,-9.985825e-08
9,contact-iteration,12,1.0751043e-05,33.11886,33.11887,1.267352e-05,0.00010053906,223,223,56,12,-8.916759e-08,0,-8.916759e-08
9,restitution,0,1.0751043e-05,33.11886,33.11887,1.267352e-05,0.00010053906,223,223,56,12,0,0,0
9,shock,0,1.061619e-05,33.11886,33.11887,1.267352e-05,0.00010053906,223,223,56,12,-1.3485271e-07,0,-1.3485271e-07
9,rest-damping,0,1.061619e-05,33.11886,33.11887,1.267352e-05,0.00010053906,223,223,56,12,0,0,0
9,pose-drift,0,1.0615997e-05,33.118862,33.118874,0,0.00010053906,223,223,56,12,-1.9312241e-10,2.9925914e-06,2.9923983e-06
9,split-counterfactual,0,1.0615997e-05,33.118862,33.118874,0,0,0,0,0,0,3.0265786e-13,1.2801641e-05,1.2801642e-05
9,finish,0,1.0615997e-05,33.118862,33.118874,0,0.00010053906,223,223,56,12,0,0,0
10,start,0,1.0615997e-05,33.118862,33.118874,0,0.00010053906,223,223,56,12,0,0,0
10,gravity-kick,0,8.677428e-05,33.118862,33.11895,0,0.00010053906,223,223,56,12,7.615828e-05,0,7.615828e-05
10,collide,0,8.677428e-05,33.118862,33.11895,0,0.000100562655,223,223,0,0,0,0,0
10,warm-start,0,0.0003799636,33.118862,33.11924,0,0.000100562655,223,223,56,12,0.0002931893,0,0.0002931893
10,contact-iteration,1,4.365825e-05,33.118862,33.118904,2.1740912e-06,0.000100562655,223,223,56,12,-0.00033630535,0,-0.00033630535
10,contact-iteration,2,1.5841973e-05,33.118862,33.118877,3.6839963e-06,0.000100562655,223,223,56,12,-2.7816275e-05,0,-2.7816275e-05
10,contact-iteration,3,1.2917036e-05,33.118862,33.118874,4.9759533e-06,0.000100562655,223,223,56,12,-2.9249375e-06,0,-2.9249375e-06
10,contact-iteration,4,1.2170496e-05,33.118862,33.118874,6.1181318e-06,0.000100562655,223,223,56,12,-7.4654e-07,0,-7.4654e-07
10,contact-iteration,5,1.1796802e-05,33.118862,33.118874,7.143565e-06,0.000100562655,223,223,56,12,-3.736937e-07,0,-3.736937e-07
10,contact-iteration,6,1.1534957e-05,33.118862,33.118874,8.073301e-06,0.000100562655,223,223,56,12,-2.6184517e-07,0,-2.6184517e-07
10,contact-iteration,7,1.1343177e-05,33.118862,33.118874,8.92125e-06,0.000100562655,223,223,56,12,-1.9178017e-07,0,-1.9178017e-07
10,contact-iteration,8,1.1200994e-05,33.118862,33.118874,9.696901e-06,0.000100562655,223,223,56,12,-1.4218246e-07,0,-1.4218244e-07
10,contact-iteration,9,1.108024e-05,33.118862,33.118874,1.0407153e-05,0.000100562655,223,223,56,12,-1.2075367e-07,0,-1.2075367e-07
10,contact-iteration,10,1.0976681e-05,33.118862,33.118874,1.1057463e-05,0.000100562655,223,223,56,12,-1.03560104e-07,0,-1.03560104e-07
10,contact-iteration,11,1.0887269e-05,33.118862,33.118874,1.1652649e-05,0.000100562655,223,223,56,12,-8.941163e-08,0,-8.941163e-08
10,contact-iteration,12,1.0807218e-05,33.118862,33.118874,1.2203377e-05,0.000100562655,223,223,56,12,-8.005053e-08,0,-8.005053e-08
10,restitution,0,1.0807218e-05,33.118862,33.118874,1.2203377e-05,0.000100562655,223,223,56,12,0,0,0
10,shock,0,1.0694493e-05,33.118862,33.118874,1.2203377e-05,0.000100562655,223,223,56,12,-1.1272523e-07,0,-1.1272523e-07
10,rest-damping,0,1.0694493e-05,33.118862,33.118874,1.2203377e-05,0.000100562655,223,223,56,12,0,0,0
10,pose-drift,0,1.0694298e-05,33.118862,33.118874,0,0.000100562655,223,223,56,12,-1.949954e-10,2.327571e-06,2.327376e-06
10,split-counterfactual,0,1.0694298e-05,33.118862,33.118874,0,0,0,0,0,0,2.6513665e-13,1.1637856e-05,1.1637856e-05
10,finish,0,1.0694298e-05,33.118862,33.118874,0,0.000100562655,223,223,56,12,0,0,0
11,start,0,1.0694298e-05,33.118862,33.118874,0,0.000100562655,223,223,56,12,0,0,0
11,gravity-kick,0,8.692893e-05,33.118862,33.11895,0,0.000100562655,223,223,56,12,7.623463e-05,0,7.623463e-05
11,collide,0,8.692893e-05,33.118862,33.11895,0,0.00010043812,223,223,0,0,0,0,0
11,warm-start,0,0.00036384456,33.118862,33.11923,0,0.00010043812,223,223,56,12,0.00027691564,0,0.00027691564
11,contact-iteration,1,4.3060987e-05,33.118862,33.118908,1.8980221e-06,0.00010043812,223,223,56,12,-0.00032078358,0,-0.00032078358
11,contact-iteration,2,1.5799294e-05,33.118862,33.11888,3.2086348e-06,0.00010043812,223,223,56,12,-2.7261693e-05,0,-2.7261693e-05
11,contact-iteration,3,1.2943223e-05,33.118862,33.118877,4.3808436e-06,0.00010043812,223,223,56,12,-2.8560714e-06,0,-2.8560714e-06
11,contact-iteration,4,1.2228872e-05,33.118862,33.118877,5.466504e-06,0.00010043812,223,223,56,12,-7.14351e-07,0,-7.14351e-07
11,contact-iteration,5,1.1861259e-05,33.118862,33.118877,6.4790765e-06,0.00010043812,223,223,56,12,-3.6761315e-07,0,-3.6761315e-07
11,contact-iteration,6,1.1598781e-05,33.118862,33.118877,7.424303e-06,0.00010043812,223,223,56,12,-2.6247758e-07,0,-2.6247758e-07
11,contact-iteration,7,1.1403104e-05,33.118862,33.118874,8.305788e-06,0.00010043812,223,223,56,12,-1.956775e-07,0,-1.956775e-07
11,contact-iteration,8,1.124616e-05,33.118862,33.118874,9.12625e-06,0.00010043812,223,223,56,12,-1.5694363e-07,0,-1.5694363e-07
11,contact-iteration,9,1.11239015e-05,33.118862,33.118874,9.8880855e-06,0.00010043812,223,223,56,12,-1.2225925e-07,0,-1.2225925e-07
11,contact-iteration,10,1.1013182e-05,33.118862,33.118874,1.0593661e-05,0.00010043812,223,223,56,12,-1.1071855e-07,0,-1.1071855e-07
11,contact-iteration,11,1.0914242e-05,33.118862,33.118874,1.1245384e-05,0.00010043812,223,223,56,12,-9.894101e-08,0,-9.894101e-08
11,contact-iteration,12,1.0825816e-05,33.118862,33.118874,1.1845719e-05,0.00010043812,223,223,56,12,-8.842478e-08,0,-8.842478e-08
11,restitution,0,1.0825816e-05,33.118862,33.118874,1.1845719e-05,0.00010043812,223,223,56,12,0,0,0
11,shock,0,1.0688793e-05,33.118862,33.118874,1.1845719e-05,0.00010043812,223,223,56,12,-1.3702378e-07,0,-1.3702378e-07
11,rest-damping,0,1.0688793e-05,33.118862,33.118874,1.1845719e-05,0.00010043812,223,223,56,12,0,0,0
11,pose-drift,0,1.0688598e-05,33.118866,33.118877,0,0.00010043812,223,223,56,12,-1.9491352e-10,1.995061e-06,1.9948661e-06
11,split-counterfactual,0,1.0688598e-05,33.118866,33.118877,0,0,0,0,0,0,1.3698432e-13,1.14716e-05,1.14716e-05
11,finish,0,1.0688598e-05,33.118866,33.118877,0,0.00010043812,223,223,56,12,0,0,0
12,start,0,1.0688598e-05,33.118866,33.118877,0,0.00010043812,223,223,56,12,0,0,0
12,gravity-kick,0,8.6931985e-05,33.118866,33.118954,0,0.00010043812,223,223,56,12,7.6243385e-05,0,7.6243385e-05
12,collide,0,8.6931985e-05,33.118866,33.118954,0,0.000100432386,223,223,0,0,0,0,0
12,warm-start,0,0.00037868822,33.118866,33.119244,0,0.000100432386,223,223,56,12,0.00029175624,0,0.00029175624
12,contact-iteration,1,4.1929678e-05,33.118866,33.118908,1.8594983e-06,0.000100432386,223,223,56,12,-0.00033675856,0,-0.00033675856
12,contact-iteration,2,1.5784539e-05,33.118866,33.11888,3.1299062e-06,0.000100432386,223,223,56,12,-2.6145137e-05,0,-2.6145137e-05
12,contact-iteration,3,1.2980533e-05,33.118866,33.118877,4.2583697e-06,0.000100432386,223,223,56,12,-2.8040056e-06,0,-2.8040056e-06
12,contact-iteration,4,1.2249363e-05,33.118866,33.118877,5.298755e-06,0.000100432386,223,223,56,12,-7.311694e-07,0,-7.311694e-07
12,contact-iteration,5,1.1887468e-05,33.118866,33.118877,6.2660433e-06,0.000100432386,223,223,56,12,-3.6189527e-07,0,-3.6189527e-07
12,contact-iteration,6,1.1628641e-05,33.118866,33.118877,7.166961e-06,0.000100432386,223,223,56,12,-2.5882693e-07,0,-2.5882696e-07
12,contact-iteration,7,1.1433539e-05,33.118866,33.118877,8.005737e-06,0.000100432386,223,223,56,12,-1.9510203e-07,0,-1.9510202e-07
12,contact-iteration,8,1.12762755e-05,33.118866,33.118877,8.785345e-06,0.000100432386,223,223,56,12,-1.5726334e-07,0,-1.5726334e-07
12,contact-iteration,9,1.11523195e-05,33.118866,33.118877,9.508415e-06,0.000100432386,223,223,56,12,-1.2395584e-07,0,-1.2395583e-07
12,contact-iteration,10,1.10405435e-05,33.118866,33.118877,1.0177416e-05,0.000100432386,223,223,56,12,-1.117762e-07,0,-1.117762e-07
12,contact-iteration,11,1.0940436e-05,33.118866,33.118877,1.0794779e-05,0.000100432386,223,223,56,12,-1.0010721e-07,0,-1.0010721e-07
12,contact-iteration,12,1.0851059e-05,33.118866,33.118877,1.1362955e-05,0.000100432386,223,223,56,12,-8.937724e-08,0,-8.937724e-08
12,restitution,0,1.0851059e-05,33.118866,33.118877,1.1362955e-05,0.000100432386,223,223,56,12,0,0,0
12,shock,0,1.0715107e-05,33.118866,33.118877,1.1362956e-05,0.000100432386,223,223,56,12,-1.3595158e-07,0,-1.3595158e-07
12,rest-damping,0,1.0715107e-05,33.118866,33.118877,1.1362956e-05,0.000100432386,223,223,56,12,0,0,0
12,pose-drift,0,1.0714913e-05,33.118866,33.118877,0,0.000100432386,223,223,56,12,-1.9540851e-10,1.6625509e-06,1.6623554e-06
12,split-counterfactual,0,1.0714913e-05,33.118866,33.118877,0,0,0,0,0,0,1.5000014e-13,1.047407e-05,1.047407e-05
12,finish,0,1.0714913e-05,33.118866,33.118877,0,0.000100432386,223,223,56,12,0,0,0
13,start,0,1.0714913e-05,33.118866,33.118877,0,0.000100432386,223,223,56,12,0,0,0
13,gravity-kick,0,8.672121e-05,33.118866,33.118954,0,0.000100432386,223,223,56,12,7.60063e-05,0,7.60063e-05
13,collide,0,8.672121e-05,33.118866,33.118954,0,0.00010043926,223,223,0,0,0,0,0
13,warm-start,0,0.00037676137,33.118866,33.119244,0,0.00010043926,223,223,56,12,0.00029004016,0,0.00029004016
13,contact-iteration,1,4.1452833e-05,33.118866,33.118908,1.8917798e-06,0.00010043926,223,223,56,12,-0.00033530852,0,-0.00033530852
13,contact-iteration,2,1.575877e-05,33.118866,33.118885,3.240126e-06,0.00010043926,223,223,56,12,-2.5694066e-05,0,-2.5694066e-05
13,contact-iteration,3,1.3003154e-05,33.118866,33.11888,4.3999075e-06,0.00010043926,223,223,56,12,-2.7556146e-06,0,-2.7556146e-06
13,contact-iteration,4,1.2274125e-05,33.118866,33.11888,5.4289167e-06,0.00010043926,223,223,56,12,-7.2902947e-07,0,-7.2902947e-07
13,contact-iteration,5,1.1915794e-05,33.118866,33.11888,6.3555044e-06,0.00010043926,223,223,56,12,-3.5833062e-07,0,-3.5833062e-07
13,contact-iteration,6,1.1660933e-05,33.118866,33.118877,7.197621e-06,0.00010043926,223,223,56,12,-2.5486108e-07,0,-2.548611e-07
13,contact-iteration,7,1.1468816e-05,33.118866,33.118877,7.967218e-06,0.00010043926,223,223,56,12,-1.9211672e-07,0,-1.9211672e-07
13,contact-iteration,8,1.1313535e-05,33.118866,33.118877,8.672533e-06,0.00010043926,223,223,56,12,-1.5528171e-07,0,-1.5528171e-07
13,contact-iteration,9,1.1192598e-05,33.118866,33.118877,9.3195795e-06,0.00010043926,223,223,56,12,-1.2093636e-07,0,-1.2093636e-07
13,contact-iteration,10,1.1082258e-05,33.118866,33.118877,9.913092e-06,0.00010043926,223,223,56,12,-1.10339336e-07,0,-1.1033934e-07
13,contact-iteration,11,1.0983057e-05,33.118866,33.118877,1.045708e-05,0.00010043926,223,223,56,12,-9.920188e-08,0,-9.920188e-08
13,contact-iteration,12,1.0894369e-05,33.118866,33.118877,1.0955274e-05,0.00010043926,223,223,56,12,-8.868789e-08,0,-8.868789e-08
13,restitution,0,1.0894369e-05,33.118866,33.118877,1.0955274e-05,0.00010043926,223,223,56,12,0,0,0
13,shock,0,1.07614715e-05,33.118866,33.118877,1.0955274e-05,0.00010043926,223,223,56,12,-1.3289721e-07,0,-1.3289721e-07
13,rest-damping,0,1.07614715e-05,33.118866,33.118877,1.0955274e-05,0.00010043926,223,223,56,12,0,0,0
13,pose-drift,0,1.0761276e-05,33.11887,33.11888,0,0.00010043926,223,223,56,12,-1.9612324e-10,1.6625509e-06,1.6623546e-06
13,split-counterfactual,0,1.0761276e-05,33.11887,33.11888,0,0,0,0,0,0,2.4540108e-13,1.0307815e-05,1.03078155e-05
13,finish,0,1.0761276e-05,33.11887,33.11888,0,0.00010043926,223,223,56,12,0,0,0
14,start,0,1.0761276e-05,33.11887,33.11888,0,0.00010043926,223,223,56,12,0,0,0
14,gravity-kick,0,8.6514556e-05,33.11887,33.118958,0,0.00010043926,223,223,56,12,7.575328e-05,0,7.575328e-05
14,collide,0,8.6514556e-05,33.11887,33.118958,0,0.00010042494,223,223,0,0,0,0,0
14,warm-start,0,0.00037371198,33.11887,33.119244,0,0.00010042494,223,223,56,12,0.00028719744,0,0.00028719744
14,contact-iteration,1,4.1535957e-05,33.11887,33.11891,1.7563534e-06,0.00010042494,223,223,56,12,-0.00033217602,0,-0.00033217602
14,contact-iteration,2,1.578621e-05,33.11887,33.118885,3.001114e-06,0.00010042494,223,223,56,12,-2.5749749e-05,0,-2.5749749e-05
14,contact-iteration,3,1.3033876e-05,33.11887,33.11888,4.0729547e-06,0.00010042494,223,223,56,12,-2.7523342e-06,0,-2.7523342e-06
14,contact-iteration,4,1.2303037e-05,33.11887,33.11888,5.0240965e-06,0.00010042494,223,223,56,12,-7.3083856e-07,0,-7.3083856e-07
14,contact-iteration,5,1.1948891e-05,33.11887,33.11888,5.8804458e-06,0.00010042494,223,223,56,12,-3.5414558e-07,0,-3.5414558e-07
14,contact-iteration,6,1.1697494e-05,33.11887,33.11888,6.658548e-06,0.00010042494,223,223,56,12,-2.513975e-07,0,-2.5139747e-07
14,contact-iteration,7,1.1509393e-05,33.11887,33.11888,7.3695096e-06,0.00010042494,223,223,56,12,-1.8810097e-07,0,-1.8810097e-07
14,contact-iteration,8,1.1366662e-05,33.11887,33.11888,8.021007e-06,0.00010042494,223,223,56,12,-1.4273088e-07,0,-1.4273087e-07
14,contact-iteration,9,1.1241837e-05,33.11887,33.11888,8.618632e-06,0.00010042494,223,223,56,12,-1.2482585e-07,0,-1.2482585e-07
14,contact-iteration,10,1.11317295e-05,33.11887,33.11888,9.166766e-06,0.00010042494,223,223,56,12,-1.1010683e-07,0,-1.10106825e-07
14,contact-iteration,11,1.10339415e-05,33.11887,33.11888,9.669163e-06,0.00010042494,223,223,56,12,-9.778776e-08,0,-9.778776e-08
14,contact-iteration,12,1.0946542e-05,33.11887,33.11888,1.0129119e-05,0.00010042494,223,223,56,12,-8.7399634e-08,0,-8.7399634e-08
14,restitution,0,1.0946542e-05,33.11887,33.11888,1.0129119e-05,0.00010042494,223,223,56,12,0,0,0
14,shock,0,1.0816187e-05,33.11887,33.11888,1.0129119e-05,0.00010042494,223,223,56,12,-1.3035555e-07,0,-1.3035555e-07
14,rest-damping,0,1.0816187e-05,33.11887,33.11888,1.0129119e-05,0.00010042494,223,223,56,12,0,0,0
14,pose-drift,0,1.0815988e-05,33.11887,33.11888,0,0.00010042494,223,223,56,12,-1.9788139e-10,8.3127543e-07,8.310775e-07
14,split-counterfactual,0,1.0815988e-05,33.11887,33.11888,0,0,0,0,0,0,4.4714395e-14,9.476539e-06,9.47654e-06
14,finish,0,1.0815988e-05,33.11887,33.11888,0,0.00010042494,223,223,56,12,0,0,0
15,start,0,1.0815988e-05,33.11887,33.11888,0,0.00010042494,223,223,56,12,0,0,0
15,gravity-kick,0,8.645001e-05,33.11887,33.118958,0,0.00010042494,223,223,56,12,7.563402e-05,0,7.563402e-05
15,collide,0,8.645001e-05,33.11887,33.118958,0,0.00010041644,223,223,0,0,0,0,0
15,warm-start,0,0.00037393335,33.11887,33.119244,0,0.00010041644,223,223,56,12,0.00028748333,0,0.00028748333
15,contact-iteration,1,4.302735e-05,33.11887,33.11891,1.7276249e-06,0.00010041644,223,223,56,12,-0.00033090598,0,-0.00033090598
15,contact-iteration,2,1.5949921e-05,33.11887,33.118885,2.9107823e-06,0.00010041644,223,223,56,12,-2.707743e-05,0,-2.707743e-05
15,contact-iteration,3,1.3130818e-05,33.11887,33.118885,3.963699e-06,0.00010041644,223,223,56,12,-2.8191046e-06,0,-2.8191046e-06
15,contact-iteration,4,1.2395681e-05,33.11887,33.11888,4.933609e-06,0.00010041644,223,223,56,12,-7.351369e-07,0,-7.351369e-07
15,contact-iteration,5,1.2030895e-05,33.11887,33.11888,5.8339056e-06,0.00010041644,223,223,56,12,-3.6478602e-07,0,-3.6478602e-07
15,contact-iteration,6,1.1776065e-05,33.11887,33.11888,6.671086e-06,0.00010041644,223,223,56,12,-2.548298e-07,0,-2.548298e-07
15,contact-iteration,7,1.1588186e-05,33.11887,33.11888,7.449279e-06,0.00010041644,223,223,56,12,-1.8787922e-07,0,-1.8787922e-07
15,contact-iteration,8,1.1448925e-05,33.11887,33.11888,8.171465e-06,0.00010041644,223,223,56,12,-1.3926054e-07,0,-1.3926052e-07
15,contact-iteration,9,1.1328987e-05,33.11887,33.11888,8.840218e-06,0.00010041644,223,223,56,12,-1.199381e-07,0,-1.199381e-07
15,contact-iteration,10,1.1225418e-05,33.11887,33.11888,9.457946e-06,0.00010041644,223,223,56,12,-1.0356842e-07,0,-1.0356842e-07
15,contact-iteration,11,1.1135648e-05,33.11887,33.11888,1.00270245e-05,0.00010041644,223,223,56,12,-8.977117e-08,0,-8.977117e-08
15,contact-iteration,12,1.10564815e-05,33.11887,33.11888,1.0549841e-05,0.00010041644,223,223,56,12,-7.9166e-08,0,-7.916599e-08
15,restitution,0,1.10564815e-05,33.11887,33.11888,1.0549841e-05,0.00010041644,223,223,56,12,0,0,0
15,shock,0,1.0942697e-05,33.11887,33.11888,1.054984e-05,0.00010041644,223,223,56,12,-1.1378382e-07,0,-1.1378383e-07
15,rest-damping,0,1.0942697e-05,33.11887,33.11888,1.054984e-05,0.00010041644,223,223,56,12,0,0,0
15,pose-drift,0,1.0942496e-05,33.11887,33.11888,0,0.00010041644,223,223,56,12,-2.0088357e-10,1.4962957e-06,1.4960949e-06
15,split-counterfactual,0,1.0942496e-05,33.11887,33.11888,0,0,0,0,0,0,2.6027187e-13,1.0307815e-05,1.03078155e-05
15,finish,0,1.0942496e-05,33.11887,33.11888,0,0.00010041644,223,223,56,12,0,0,0
16,start,0,1.0942496e-05,33.11887,33.11888,0,0.00010041644,223,223,56,12,0,0,0
16,gravity-kick,0,8.6786975e-05,33.11887,33.118958,0,0.00010041644,223,223,56,12,7.584448e-05,0,7.584448e-05
16,collide,0,8.6786975e-05,33.11887,33.118958,0,0.00010041018,223,223,0,0,0,0,0
16,warm-start,0,0.00036133276,33.11887,33.119232,0,0.00010041018,223,223,56,12,0.0002745458,0,0.0002745458
16,contact-iteration,1,4.2591804e-05,33.11887,33.118916,1.7072147e-06,0.00010041018,223,223,56,12,-0.00031874096,0,-0.00031874096
16,contact-iteration,2,1.5994056e-05,33.11887,33.11889,2.9416801e-06,0.00010041018,223,223,56,12,-2.6597747e-05,0,-2.6597747e-05
16,contact-iteration,3,1.32348005e-05,33.11887,33.118885,4.0103396e-06,0.00010041018,223,223,56,12,-2.7592557e-06,0,-2.7592557e-06
16,contact-iteration,4,1.2529101e-05,33.11887,33.118885,4.959845e-06,0.00010041018,223,223,56,12,-7.0569973e-07,0,-7.0569973e-07
16,contact-iteration,5,1.2156889e-05,33.11887,33.118885,5.81498e-06,0.00010041018,223,223,56,12,-3.722113e-07,0,-3.722113e-07
16,contact-iteration,6,1.1895756e-05,33.11887,33.118885,6.5922363e-06,0.00010041018,223,223,56,12,-2.611335e-07,0,-2.611335e-07
16,contact-iteration,7,1.1701119e-05,33.11887,33.118885,7.302792e-06,0.00010041018,223,223,56,12,-1.9463708e-07,0,-1.9463708e-07
16,contact-iteration,8,1.1545023e-05,33.11887,33.118885,7.954335e-06,0.00010041018,223,223,56,12,-1.5609612e-07,0,-1.5609612e-07
16,contact-iteration,9,1.1423072e-05,33.11887,33.11888,8.552417e-06,0.00010041018,223,223,56,12,-1.2195179e-07,0,-1.2195179e-07
16,contact-iteration,10,1.131234e-05,33.11887,33.11888,9.101356e-06,0.00010041018,223,223,56,12,-1.10731534e-07,0,-1.1073153e-07
16,contact-iteration,11,1.121322e-05,33.11887,33.11888,9.60478e-06,0.00010041018,223,223,56,12,-9.911912e-08,0,-9.911913e-08
16,contact-iteration,12,1.1124415e-05,33.11887,33.11888,1.0065913e-05,0.00010041018,223,223,56,12,-8.880556e-08,0,-8.880556e-08
16,restitution,0,1.1124415e-05,33.11887,33.11888,1.0065913e-05,0.00010041018,223,223,56,12,0,0,0
16,shock,0,1.0988018e-05,33.11887,33.11888,1.0065913e-05,0.00010041018,223,223,56,12,-1.3639662e-07,0,-1.3639661e-07
16,rest-damping,0,1.0988018e-05,33.11887,33.11888,1.0065913e-05,0.00010041018,223,223,56,12,0,0,0
16,pose-drift,0,1.0987817e-05,33.11887,33.11888,0,0.00010041018,223,223,56,12,-2.0069064e-10,-1.6625509e-07,-1.6645578e-07
16,split-counterfactual,0,1.0987817e-05,33.11887,33.11888,0,0,0,0,0,0,2.5591633e-13,8.977774e-06,8.977775e-06
16,finish,0,1.0987817e-05,33.11887,33.11888,0,0.00010041018,223,223,56,12,0,0,0
17,start,0,1.0987817e-05,33.11887,33.11888,0,0.00010041018,223,223,56,12,0,0,0
17,gravity-kick,0,8.7092034e-05,33.11887,33.118958,0,0.00010041018,223,223,56,12,7.610422e-05,0,7.610422e-05
17,collide,0,8.7092034e-05,33.11887,33.118958,0,0.000100402576,223,223,0,0,0,0,0
17,warm-start,0,0.0003724229,33.11887,33.119244,0,0.000100402576,223,223,56,12,0.00028533087,0,0.00028533087
17,contact-iteration,1,4.1639614e-05,33.11887,33.11891,1.6238812e-06,0.000100402576,223,223,56,12,-0.00033078328,0,-0.00033078328
17,contact-iteration,2,1.6064685e-05,33.11887,33.11889,2.7571984e-06,0.000100402576,223,223,56,12,-2.5574931e-05,0,-2.5574931e-05
17,contact-iteration,3,1.3295725e-05,33.11887,33.118885,3.7302161e-06,0.000100402576,223,223,56,12,-2.7689596e-06,0,-2.7689596e-06
17,contact-iteration,4,1.2566243e-05,33.11887,33.118885,4.594207e-06,0.000100402576,223,223,56,12,-7.294823e-07,0,-7.294823e-07
17,contact-iteration,5,1.2214083e-05,33.11887,33.118885,5.3731496e-06,0.000100402576,223,223,56,12,-3.521596e-07,0,-3.521596e-07
17,contact-iteration,6,1.195911e-05,33.11887,33.118885,6.0817833e-06,0.000100402576,223,223,56,12,-2.549721e-07,0,-2.5497212e-07
17,contact-iteration,7,1.1766167e-05,33.11887,33.118885,6.7298774e-06,0.000100402576,223,223,56,12,-1.9294441e-07,0,-1.9294441e-07
17,contact-iteration,8,1.16100355e-05,33.11887,33.11888,7.32418e-06,0.000100402576,223,223,56,12,-1.561307e-07,0,-1.561307e-07
17,contact-iteration,9,1.1487655e-05,33.11887,33.11888,7.869728e-06,0.000100402576,223,223,56,12,-1.2238064e-07,0,-1.2238064e-07
17,contact-iteration,10,1.1376275e-05,33.11887,33.11888,8.3704645e-06,0.000100402576,223,223,56,12,-1.1137963e-07,0,-1.1137963e-07
17,contact-iteration,11,1.1276277e-05,33.11887,33.11888,8.829773e-06,0.000100402576,223,223,56,12,-9.999804e-08,0,-9.999805e-08
17,contact-iteration,12,1.118657e-05,33.11887,33.11888,9.250682e-06,0.000100402576,223,223,56,12,-8.970726e-08,0,-8.970726e-08
17,restitution,0,1.118657e-05,33.11887,33.11888,9.250682e-06,0.000100402576,223,223,56,12,0,0,0
17,shock,0,1.1050916e-05,33.11887,33.11888,9.250682e-06,0.000100402576,223,223,56,12,-1.3565408e-07,0,-1.3565408e-07
17,rest-damping,0,1.1050916e-05,33.11887,33.11888,9.250682e-06,0.000100402576,223,223,56,12,0,0,0
17,pose-drift,0,1.1050715e-05,33.11887,33.11888,0,0.000100402576,223,223,56,12,-2.0103434e-10,-1.6625508e-07,-1.6645612e-07
17,split-counterfactual,0,1.1050715e-05,33.11887,33.11888,0,0,0,0,0,0,1.4458463e-13,8.977774e-06,8.977774e-06
17,finish,0,1.1050715e-05,33.11887,33.11888,0,0.000100402576,223,223,56,12,0,0,0
18,start,0,1.1050715e-05,33.11887,33.11888,0,0.000100402576,223,223,56,12,0,0,0
18,gravity-kick,0,8.7099674e-05,33.11887,33.118958,0,0.000100402576,223,223,56,12,7.6048964e-05,0,7.6048964e-05
18,collide,0,8.7099674e-05,33.11887,33.118958,0,0.00010040056,223,223,0,0,0,0,0
18,warm-start,0,0.000373457,33.11887,33.119244,0,0.00010040056,223,223,56,12,0.00028635733,0,0.00028635733
18,contact-iteration,1,4.1811683e-05,33.11887,33.11891,1.5834725e-06,0.00010040056,223,223,56,12,-0.00033164534,0,-0.00033164534
18,contact-iteration,2,1.6139067e-05,33.11887,33.11889,2.6443358e-06,0.00010040056,223,223,56,12,-2.5672616e-05,0,-2.5672616e-05
18,contact-iteration,3,1.3366312e-05,33.11887,33.118885,3.5872786e-06,0.00010040056,223,223,56,12,-2.7727554e-06,0,-2.7727554e-06
18,contact-iteration,4,1.2631328e-05,33.11887,33.118885,4.4587714e-06,0.00010040056,223,223,56,12,-7.3498376e-07,0,-7.3498376e-07
18,contact-iteration,5,1.2274744e-05,33.11887,33.118885,5.271052e-06,0.00010040056,223,223,56,12,-3.5658385e-07,0,-3.5658383e-07
18,contact-iteration,6,1.2021102e-05,33.11887,33.118885,6.0293523e-06,0.00010040056,223,223,56,12,-2.5364264e-07,0,-2.5364264e-07
18,contact-iteration,7,1.1830631e-05,33.11887,33.118885,6.736874e-06,0.00010040056,223,223,56,12,-1.9047039e-07,0,-1.9047039e-07
18,contact-iteration,8,1.1685262e-05,33.11887,33.11888,7.395826e-06,0.00010040056,223,223,56,12,-1.4536917e-07,0,-1.4536917e-07
18,contact-iteration,9,1.1558812e-05,33.11887,33.11888,8.008152e-06,0.00010040056,223,223,56,12,-1.2644972e-07,0,-1.2644972e-07
18,contact-iteration,10,1.1447339e-05,33.11887,33.11888,8.57571e-06,0.00010040056,223,223,56,12,-1.1147327e-07,0,-1.1147326e-07
18,contact-iteration,11,1.13481365e-05,33.11887,33.11888,9.100364e-06,0.00010040056,223,223,56,12,-9.9202225e-08,0,-9.9202225e-08
18,contact-iteration,12,1.12593625e-05,33.11887,33.11888,9.584027e-06,0.00010040056,223,223,56,12,-8.877398e-08,0,-8.877398e-08
18,restitution,0,1.12593625e-05,33.11887,33.11888,9.584027e-06,0.00010040056,223,223,56,12,0,0,0
18,shock,0,1.1126768e-05,33.11887,33.11888,9.584027e-06,0.00010040056,223,223,56,12,-1.3259428e-07,0,-1.3259428e-07
18,rest-damping,0,1.1126768e-05,33.11887,33.11888,9.584027e-06,0.00010040056,223,223,56,12,0,0,0
18,pose-drift,0,1.1126565e-05,33.11887,33.11888,0,0.00010040056,223,223,56,12,-2.0304262e-10,0,-2.0304469e-10
18,split-counterfactual,0,1.1126565e-05,33.11887,33.11888,0,0,0,0,0,0,2.6948897e-13,8.645265e-06,8.645265e-06
18,finish,0,1.1126565e-05,33.11887,33.11888,0,0.00010040056,223,223,56,12,0,0,0
19,start,0,1.1126565e-05,33.11887,33.11888,0,0.00010040056,223,223,56,12,0,0,0
19,gravity-kick,0,8.7021755e-05,33.11887,33.118958,0,0.00010040056,223,223,56,12,7.589519e-05,0,7.589519e-05
19,collide,0,8.7021755e-05,33.11887,33.118958,0,0.000100394485,223,223,0,0,0,0,0
19,warm-start,0,0.0003762845,33.11887,33.119247,0,0.000100394485,223,223,56,12,0.00028926274,0,0.00028926274
19,contact-iteration,1,4.1966425e-05,33.11887,33.11891,1.6388487e-06,0.000100394485,223,223,56,12,-0.0003343181,0,-0.0003343181
19,contact-iteration,2,1.6191909e-05,33.11887,33.11889,2.7945816e-06,0.000100394485,223,223,56,12,-2.5774514e-05,0,-2.5774514e-05
19,contact-iteration,3,1.34535485e-05,33.11887,33.118885,3.7873651e-06,0.000100394485,223,223,56,12,-2.7383612e-06,0,-2.7383612e-06
19,contact-iteration,4,1.2724033e-05,33.11887,33.118885,4.6676546e-06,0.000100394485,223,223,56,12,-7.295153e-07,0,-7.295153e-07
19,contact-iteration,5,1.2358504e-05,33.11887,33.118885,5.4602083e-06,0.000100394485,223,223,56,12,-3.6552888e-07,0,-3.6552888e-07
19,contact-iteration,6,1.2103568e-05,33.11887,33.118885,6.1806727e-06,0.000100394485,223,223,56,12,-2.5493594e-07,0,-2.5493594e-07
19,contact-iteration,7,1.1913836e-05,33.11887,33.118885,6.8394174e-06,0.000100394485,223,223,56,12,-1.8973265e-07,0,-1.8973265e-07
19,contact-iteration,8,1.1761199e-05,33.11887,33.11888,7.4435006e-06,0.000100394485,223,223,56,12,-1.5263666e-07,0,-1.5263666e-07
19,contact-iteration,9,1.1642728e-05,33.11887,33.11888,7.998037e-06,0.000100394485,223,223,56,12,-1.1847054e-07,0,-1.1847054e-07
19,contact-iteration,10,1.1533849e-05,33.11887,33.11888,8.507039e-06,0.000100394485,223,223,56,12,-1.08879554e-07,0,-1.08879554e-07
19,contact-iteration,11,1.143586e-05,33.11887,33.11888,8.973881e-06,0.000100394485,223,223,56,12,-9.7989215e-08,0,-9.7989215e-08
19,contact-iteration,12,1.134801e-05,33.11887,33.11888,9.401578e-06,0.000100394485,223,223,56,12,-8.7849344e-08,0,-8.7849344e-08
19,restitution,0,1.134801e-05,33.11887,33.11888,9.401578e-06,0.000100394485,223,223,56,12,0,0,0
19,shock,0,1.1216291e-05,33.11887,33.11888,9.401577e-06,0.000100394485,223,223,56,12,-1.3171982e-07,0,-1.3171982e-07
19,rest-damping,0,1.1216291e-05,33.11887,33.11888,9.401577e-06,0.000100394485,223,223,56,12,0,0,0
19,pose-drift,0,1.1216087e-05,33.11887,33.11888,0,0.000100394485,223,223,56,12,-2.0388301e-10,0,-2.0388313e-10
19,split-counterfactual,0,1.1216087e-05,33.11887,33.11888,0,0,0,0,0,0,3.1600587e-13,8.645265e-06,8.645265e-06
19,finish,0,1.1216087e-05,33.11887,33.11888,0,0.000100394485,223,223,56,12,0,0,0
20,start,0,1.1216087e-05,33.11887,33.11888,0,0.000100394485,223,223,56,12,0,0,0
20,gravity-kick,0,8.705634e-05,33.11887,33.118958,0,0.000100394485,223,223,56,12,7.584025e-05,0,7.584025e-05
20,collide,0,8.705634e-05,33.11887,33.118958,0,0.00010038683,223,223,0,0,0,0,0
20,warm-start,0,0.0003734626,33.11887,33.119244,0,0.00010038683,223,223,56,12,0.00028640626,0,0.00028640626
20,contact-iteration,1,4.3258955e-05,33.11887,33.118916,1.6182547e-06,0.00010038683,223,223,56,12,-0.00033020365,0,-0.00033020365
20,contact-iteration,2,1.638417e-05,33.11887,33.11889,2.7757637e-06,0.00010038683,223,223,56,12,-2.6874786e-05,0,-2.6874786e-05
20,contact-iteration,3,1.35663595e-05,33.11887,33.118885,3.7732398e-06,0.00010038683,223,223,56,12,-2.8178115e-06,0,-2.8178115e-06
20,contact-iteration,4,1.2830804e-05,33.11887,33.118885,4.6568884e-06,0.00010038683,223,223,56,12,-7.3555543e-07,0,-7.3555543e-07
20,contact-iteration,5,1.2470467e-05,33.11887,33.118885,5.4507946e-06,0.00010038683,223,223,56,12,-3.6033737e-07,0,-3.6033737e-07
20,contact-iteration,6,1.2216998e-05,33.11887,33.118885,6.1708324e-06,0.00010038683,223,223,56,12,-2.534687e-07,0,-2.534687e-07
20,contact-iteration,7,1.20291525e-05,33.11887,33.118885,6.8276386e-06,0.00010038683,223,223,56,12,-1.878456e-07,0,-1.8784559e-07
20,contact-iteration,8,1.1888671e-05,33.11887,33.118885,7.4284953e-06,0.00010038683,223,223,56,12,-1.4048103e-07,0,-1.4048103e-07
20,contact-iteration,9,1.1768224e-05,33.11887,33.11888,7.978704e-06,0.00010038683,223,223,56,12,-1.2044687e-07,0,-1.2044686e-07
20,contact-iteration,10,1.1663919e-05,33.11887,33.11888,8.482427e-06,0.00010038683,223,223,56,12,-1.0430482e-07,0,-1.04304824e-07
20,contact-iteration,11,1.1573109e-05,33.11887,33.11888,8.94322e-06,0.00010038683,223,223,56,12,-9.080981e-08,0,-9.080981e-08
20,contact-iteration,12,1.1493331e-05,33.11887,33.11888,9.364292e-06,0.00010038683,223,223,56,12,-7.9779035e-08,0,-7.9779035e-08
20,restitution,0,1.1493331e-05,33.11887,33.11888,9.364292e-06,0.00010038683,223,223,56,12,0,0,0
20,shock,0,1.1376911e-05,33.11887,33.11888,9.364293e-06,0.00010038683,223,223,56,12,-1.1641982e-07,0,-1.1641983e-07
20,rest-damping,0,1.1376911e-05,33.11887,33.11888,9.364293e-06,0.00010038683,223,223,56,12,0,0,0
20,pose-drift,0,1.1376703e-05,33.11887,33.11888,0,0.00010038683,223,223,56,12,-2.0778428e-10,-4.9876525e-07,-4.98973e-07
20,split-counterfactual,0,1.1376703e-05,33.11887,33.11888,0,0,0,0,0,0,1.9543134e-13,8.312754e-06,8.312754e-06
20,finish,0,1.1376703e-05,33.11887,33.11888,0,0.00010038683,223,223,56,12,0,0,0
21,start,0,1.1376703e-05,33.11887,33.11888,0,0.00010038683,223,223,56,12,0,0,0
21,gravity-kick,0,8.734298e-05,33.11887,33.118958,0,0.00010038683,223,223,56,12,7.596628e-05,0,7.596628e-05
21,collide,0,8.734298e-05,33.11887,33.118958,0,0.0001003258,223,223,0,0,0,0,0
21,warm-start,0,0.00035846696,33.11887,33.11923,0,0.0001003258,223,223,56,12,0.00027112398,0,0.00027112398
21,contact-iteration,1,4.2939915e-05,33.11887,33.118916,1.3607691e-06,0.0001003258,223,223,56,12,-0.00031552705,0,-0.00031552705
21,contact-iteration,2,1.6465794e-05,33.11887,33.11889,2.2976167e-06,0.0001003258,223,223,56,12,-2.6474121e-05,0,-2.6474121e-05
21,contact-iteration,3,1.3692993e-05,33.11887,33.118885,3.1346508e-06,0.0001003258,223,223,56,12,-2.7728001e-06,0,-2.7728001e-06
21,contact-iteration,4,1.2981006e-05,33.11887,33.118885,3.908777e-06,0.0001003258,223,223,56,12,-7.119874e-07,0,-7.119874e-07
21,contact-iteration,5,1.2618409e-05,33.11887,33.118885,4.6299915e-06,0.0001003258,223,223,56,12,-3.625968e-07,0,-3.6259678e-07
21,contact-iteration,6,1.2360306e-05,33.11887,33.118885,5.3027507e-06,0.0001003258,223,223,56,12,-2.581033e-07,0,-2.581033e-07
21,contact-iteration,7,1.216685e-05,33.11887,33.11888,5.929844e-06,0.0001003258,223,223,56,12,-1.9345585e-07,0,-1.9345585e-07
21,contact-iteration,8,1.2011246e-05,33.11887,33.11888,6.513348e-06,0.0001003258,223,223,56,12,-1.5560354e-07,0,-1.5560354e-07
21,contact-iteration,9,1.18898515e-05,33.11887,33.11888,7.0550095e-06,0.0001003258,223,223,56,12,-1.2139493e-07,0,-1.2139493e-07
21,contact-iteration,10,1.1778841e-05,33.11887,33.11888,7.5565304e-06,0.0001003258,223,223,56,12,-1.11009435e-07,0,-1.11009435e-07
21,contact-iteration,11,1.1679095e-05,33.11887,33.11888,8.019627e-06,0.0001003258,223,223,56,12,-9.9746835e-08,0,-9.9746835e-08
21,contact-iteration,12,1.1589755e-05,33.11887,33.11888,8.44572e-06,0.0001003258,223,223,56,12,-8.9340205e-08,0,-8.9340205e-08
21,restitution,0,1.1589755e-05,33.11887,33.11888,8.44572e-06,0.0001003258,223,223,56,12,0,0,0
21,shock,0,1.1453198e-05,33.11887,33.11888,8.44572e-06,0.0001003258,223,223,56,12,-1.3655738e-07,0,-1.3655739e-07
21,rest-damping,0,1.1453198e-05,33.11887,33.11888,8.44572e-06,0.0001003258,223,223,56,12,0,0,0
21,pose-drift,0,1.1452989e-05,33.11887,33.11888,0,0.0001003258,223,223,56,12,-2.081695e-10,-9.975305e-07,-9.977387e-07
21,split-counterfactual,0,1.1452989e-05,33.11887,33.11888,0,0,0,0,0,0,6.2534064e-14,8.146499e-06,8.146499e-06
21,finish,0,1.1452989e-05,33.11887,33.11888,0,0.0001003258,223,223,56,12,0,0,0
22,start,0,1.1452989e-05,33.11887,33.11888,0,0.0001003258,223,223,56,12,0,0,0
22,gravity-kick,0,8.7539935e-05,33.11887,33.118958,0,0.0001003258,223,223,56,12,7.6086944e-05,0,7.6086944e-05
22,collide,0,8.7539935e-05,33.11887,33.118958,0,0.000100321675,223,223,0,0,0,0,0
22,warm-start,0,0.00037440733,33.11887,33.119244,0,0.000100321675,223,223,56,12,0.0002868674,0,0.0002868674
22,contact-iteration,1,4.2080323e-05,33.11887,33.11891,1.4057684e-06,0.000100321675,223,223,56,12,-0.00033232704,0,-0.00033232704
22,contact-iteration,2,1.655094e-05,33.11887,33.118885,2.3984433e-06,0.000100321675,223,223,56,12,-2.5529385e-05,0,-2.5529385e-05
22,contact-iteration,3,1.38098685e-05,33.11887,33.118885,3.288521e-06,0.000100321675,223,223,56,12,-2.7410708e-06,0,-2.7410708e-06
22,contact-iteration,4,1.3085638e-05,33.11887,33.11888,4.1110907e-06,0.000100321675,223,223,56,12,-7.2423063e-07,0,-7.2423063e-07
22,contact-iteration,5,1.2723182e-05,33.11887,33.11888,4.8764737e-06,0.000100321675,223,223,56,12,-3.6245527e-07,0,-3.6245527e-07
22,contact-iteration,6,1.2465674e-05,33.11887,33.11888,5.5897845e-06,0.000100321675,223,223,56,12,-2.5750754e-07,0,-2.575075e-07
22,contact-iteration,7,1.227195e-05,33.11887,33.11888,6.2543263e-06,0.000100321675,223,223,56,12,-1.9372432e-07,0,-1.9372433e-07
22,contact-iteration,8,1.21150715e-05,33.11887,33.11888,6.872442e-06,0.000100321675,223,223,56,12,-1.5687905e-07,0,-1.5687905e-07
22,contact-iteration,9,1.1982099e-05,33.11887,33.11888,7.4461345e-06,0.000100321675,223,223,56,12,-1.329726e-07,0,-1.329726e-07
22,contact-iteration,10,1.1877443e-05,33.11887,33.11888,7.977265e-06,0.000100321675,223,223,56,12,-1.0465575e-07,0,-1.0465575e-07
22,contact-iteration,11,1.1778206e-05,33.11887,33.11888,8.467668e-06,0.000100321675,223,223,56,12,-9.9237546e-08,0,-9.9237546e-08
22,contact-iteration,12,1.1688092e-05,33.11887,33.11888,8.919196e-06,0.000100321675,223,223,56,12,-9.011348e-08,0,-9.011348e-08
22,restitution,0,1.1688092e-05,33.11887,33.11888,8.919196e-06,0.000100321675,223,223,56,12,0,0,0
22,shock,0,1.1551685e-05,33.11887,33.11888,8.919196e-06,0.000100321675,223,223,56,12,-1.3640698e-07,0,-1.3640698e-07
22,rest-damping,0,1.1551685e-05,33.11887,33.11888,8.919196e-06,0.000100321675,223,223,56,12,0,0,0
22,pose-drift,0,1.1551475e-05,33.11887,33.11888,0,0.000100321675,223,223,56,12,-2.0982337e-10,-4.9876525e-07,-4.9897506e-07
22,split-counterfactual,0,1.1551475e-05,33.11887,33.11888,0,0,0,0,0,0,2.2410218e-13,8.312754e-06,8.312754e-06
22,finish,0,1.1551475e-05,33.11887,33.11888,0,0.000100321675,223,223,56,12,0,0,0
23,start,0,1.1551475e-05,33.11887,33.11888,0,0.000100321675,223,223,56,12,0,0,0
23,gravity-kick,0,8.754222e-05,33.11887,33.118958,0,0.000100321675,223,223,56,12,7.599074e-05,0,7.599074e-05
23,collide,0,8.754222e-05,33.11887,33.118958,0,0.00010037739,223,223,0,0,0,0,0
23,warm-start,0,0.00037467407,33.11887,33.119244,0,0.00010037739,223,223,56,12,0.00028713184,0,0.00028713184
23,contact-iteration,1,4.1888594e-05,33.11887,33.11891,1.5071362e-06,0.00010037739,223,223,56,12,-0.00033278545,0,-0.00033278545
23,contact-iteration,2,1.6626966e-05,33.11887,33.118885,2.5223328e-06,0.00010037739,223,223,56,12,-2.5261628e-05,0,-2.5261628e-05
23,contact-iteration,3,1.3902336e-05,33.11887,33.118885,3.420431e-06,0.00010037739,223,223,56,12,-2.7246292e-06,0,-2.7246292e-06
23,contact-iteration,4,1.3174681e-05,33.11887,33.11888,4.2455e-06,0.00010037739,223,223,56,12,-7.276553e-07,0,-7.276553e-07
23,contact-iteration,5,1.28147185e-05,33.11887,33.11888,5.010511e-06,0.00010037739,223,223,56,12,-3.599628e-07,0,-3.599628e-07
23,contact-iteration,6,1.255955e-05,33.11887,33.11888,5.721751e-06,0.00010037739,223,223,56,12,-2.5516837e-07,0,-2.5516837e-07
23,contact-iteration,7,1.2367372e-05,33.11887,33.11888,6.383177e-06,0.00010037739,223,223,56,12,-1.9217852e-07,0,-1.921785e-07
23,contact-iteration,8,1.2211799e-05,33.11887,33.11888,6.9975144e-06,0.00010037739,223,223,56,12,-1.5557231e-07,0,-1.5557231e-07
23,contact-iteration,9,1.2089246e-05,33.11887,33.11888,7.567019e-06,0.00010037739,223,223,56,12,-1.2255283e-07,0,-1.2255285e-07
23,contact-iteration,10,1.1977654e-05,33.11887,33.11888,8.093724e-06,0.00010037739,223,223,56,12,-1.11591575e-07,0,-1.1159157e-07
23,contact-iteration,11,1.1877409e-05,33.11887,33.11888,8.579586e-06,0.00010037739,223,223,56,12,-1.00245636e-07,0,-1.00245636e-07
23,contact-iteration,12,1.1787644e-05,33.11887,33.11888,9.026557e-06,0.00010037739,223,223,56,12,-8.976507e-08,0,-8.976507e-08
23,restitution,0,1.1787644e-05,33.11887,33.11888,9.026557e-06,0.00010037739,223,223,56,12,0,0,0
23,shock,0,1.16537485e-05,33.11887,33.11888,9.026557e-06,0.00010037739,223,223,56,12,-1.3389558e-07,0,-1.3389558e-07
23,rest-damping,0,1.16537485e-05,33.11887,33.11888,9.026557e-06,0.00010037739,223,223,56,12,0,0,0
23,pose-drift,0,1.1653537e-05,33.11887,33.11888,0,0.00010037739,223,223,56,12,-2.1211752e-10,-6.650203e-07,-6.6523245e-07
23,split-counterfactual,0,1.1653537e-05,33.11887,33.11888,0,0,0,0,0,0,7.380168e-14,7.980244e-06,7.980244e-06
23,finish,0,1.1653537e-05,33.11887,33.11888,0,0.00010037739,223,223,56,12,0,0,0
24,start,0,1.1653537e-05,33.11887,33.11888,0,0.00010037739,223,223,56,12,0,0,0
24,gravity-kick,0,8.742097e-05,33.11887,33.118958,0,0.00010037739,223,223,56,12,7.5767435e-05,0,7.5767435e-05
24,collide,0,8.742097e-05,33.11887,33.118958,0,0.00010037141,223,223,0,0,0,0,0
24,warm-start,0,0.00037572376,33.11887,33.119244,0,0.00010037141,223,223,56,12,0.00028830278,0,0.00028830278
24,contact-iteration,1,4.2064745e-05,33.11887,33.11891,1.5684199e-06,0.00010037141,223,223,56,12,-0.000333659,0,-0.000333659
24,contact-iteration,2,1.6692244e-05,33.11887,33.118885,2.6374232e-06,0.00010037141,223,223,56,12,-2.5372501e-05,0,-2.5372501e-05
24,contact-iteration,3,1.3992362e-05,33.11887,33.11888,3.5851465e-06,0.00010037141,223,223,56,12,-2.6998812e-06,0,-2.6998812e-06
24,contact-iteration,4,1.3270148e-05,33.11887,33.11888,4.456652e-06,0.00010037141,223,223,56,12,-7.222141e-07,0,-7.222141e-07
24,contact-iteration,5,1.2909189e-05,33.11887,33.11888,5.2652044e-06,0.00010037141,223,223,56,12,-3.609595e-07,0,-3.6095952e-07
24,contact-iteration,6,1.26559125e-05,33.11887,33.11888,6.0172365e-06,0.00010037141,223,223,56,12,-2.532753e-07,0,-2.532753e-07
24,contact-iteration,7,1.2466748e-05,33.11887,33.11888,6.716808e-06,0.00010037141,223,223,56,12,-1.8916546e-07,0,-1.8916546e-07
24,contact-iteration,8,1.2313977e-05,33.11887,33.11888,7.3667275e-06,0.00010037141,223,223,56,12,-1.5277045e-07,0,-1.5277044e-07
24,contact-iteration,9,1.2194244e-05,33.11887,33.11888,7.969326e-06,0.00010037141,223,223,56,12,-1.1973313e-07,0,-1.1973313e-07
24,contact-iteration,10,1.2084492e-05,33.11887,33.11888,8.526755e-06,0.00010037141,223,223,56,12,-1.09752e-07,0,-1.09752e-07
24,contact-iteration,11,1.198568e-05,33.11887,33.11888,9.04113e-06,0.00010037141,223,223,56,12,-9.88111e-08,0,-9.88111e-08
24,contact-iteration,12,1.1897097e-05,33.11887,33.11888,9.514512e-06,0.00010037141,223,223,56,12,-8.858382e-08,0,-8.858381e-08
24,restitution,0,1.1897097e-05,33.11887,33.11888,9.514512e-06,0.00010037141,223,223,56,12,0,0,0
24,shock,0,1.1765137e-05,33.11887,33.11888,9.514512e-06,0.00010037141,223,223,56,12,-1.319595e-07,0,-1.319595e-07
24,rest-damping,0,1.1765137e-05,33.11887,33.11888,9.514512e-06,0.00010037141,223,223,56,12,0,0,0
24,pose-drift,0,1.1764923e-05,33.11887,33.11888,0,0.00010037141,223,223,56,12,-2.1378083e-10,6.650203e-07,6.648065e-07
24,split-counterfactual,0,1.1764923e-05,33.11887,33.11888,0,0,0,0,0,0,2.4626392e-13,9.310284e-06,9.310284e-06
24,finish,0,1.1764923e-05,33.11887,33.11888,0,0.00010037141,223,223,56,12,0,0,0
25,start,0,1.1764923e-05,33.11887,33.11888,0,0.00010037141,223,223,56,12,0,0,0
25,gravity-kick,0,8.7396795e-05,33.11887,33.118958,0,0.00010037141,223,223,56,12,7.563187e-05,0,7.563187e-05
25,collide,0,8.7396795e-05,33.11887,33.118958,0,0.00010036569,223,223,0,0,0,0,0
25,warm-start,0,0.0003761588,33.11887,33.119244,0,0.00010036569,223,223,56,12,0.00028876204,0,0.00028876204
25,contact-iteration,1,4.3381024e-05,33.11887,33.11891,1.4501311e-06,0.00010036569,223,223,56,12,-0.0003327778,0,-0.0003327778
25,contact-iteration,2,1.6888082e-05,33.11887,33.118885,2.460283e-06,0.00010036569,223,223,56,12,-2.6492942e-05,0,-2.6492942e-05
25,contact-iteration,3,1.4142522e-05,33.11887,33.118885,3.3292877e-06,0.00010036569,223,223,56,12,-2.7455599e-06,0,-2.7455599e-06
25,contact-iteration,4,1.3423856e-05,33.11887,33.11888,4.10195e-06,0.00010036569,223,223,56,12,-7.186657e-07,0,-7.186657e-07
25,contact-iteration,5,1.3058249e-05,33.11887,33.11888,4.7989834e-06,0.00010036569,223,223,56,12,-3.6560613e-07,0,-3.6560613e-07
25,contact-iteration,6,1.2801476e-05,33.11887,33.11888,5.4332177e-06,0.00010036569,223,223,56,12,-2.5677352e-07,0,-2.5677355e-07
25,contact-iteration,7,1.2613096e-05,33.11887,33.11888,6.013158e-06,0.00010036569,223,223,56,12,-1.8838028e-07,0,-1.8838028e-07
25,contact-iteration,8,1.2463004e-05,33.11887,33.11888,6.544706e-06,0.00010036569,223,223,56,12,-1.5009141e-07,0,-1.5009141e-07
25,contact-iteration,9,1.2347726e-05,33.11887,33.11888,7.032252e-06,0.00010036569,223,223,56,12,-1.1527927e-07,0,-1.1527927e-07
25,contact-iteration,10,1.2243967e-05,33.11887,33.11888,7.479296e-06,0.00010036569,223,223,56,12,-1.03758026e-07,0,-1.0375803e-07
25,contact-iteration,11,1.2152673e-05,33.11887,33.11888,7.888914e-06,0.00010036569,223,223,56,12,-9.129483e-08,0,-9.129483e-08
25,contact-iteration,12,1.2071848e-05,33.11887,33.11888,8.263868e-06,0.00010036569,223,223,56,12,-8.082433e-08,0,-8.082433e-08
25,restitution,0,1.2071848e-05,33.11887,33.11888,8.263868e-06,0.00010036569,223,223,56,12,0,0,0
25,shock,0,1.1955775e-05,33.11887,33.11888,8.263868e-06,0.00010036569,223,223,56,12,-1.1607267e-07,0,-1.1607266e-07
25,rest-damping,0,1.1955775e-05,33.11887,33.11888,8.263868e-06,0.00010036569,223,223,56,12,0,0,0
25,pose-drift,0,1.1955557e-05,33.11887,33.11888,0,0.00010036569,223,223,56,12,-2.182941e-10,-1.1637856e-06,-1.1640038e-06
25,split-counterfactual,0,1.1955557e-05,33.11887,33.11888,0,0,0,0,0,0,1.9043545e-13,7.647734e-06,7.647734e-06
25,finish,0,1.1955557e-05,33.11887,33.11888,0,0.00010036569,223,223,56,12,0,0,0
26,start,0,1.1955557e-05,33.11887,33.11888,0,0.00010036569,223,223,56,12,0,0,0
26,gravity-kick,0,8.77716e-05,33.11887,33.118958,0,0.00010036569,223,223,56,12,7.5816046e-05,0,7.5816046e-05
26,collide,0,8.77716e-05,33.11887,33.118958,0,0.00010031577,223,223,0,0,0,0,0
26,warm-start,0,0.00035654884,33.11887,33.119225,0,0.00010031577,223,223,56,12,0.00026877725,0,0.00026877725
26,contact-iteration,1,4.2989144e-05,33.11887,33.11891,1.30952e-06,0.00010031577,223,223,56,12,-0.0003135597,0,-0.0003135597
26,contact-iteration,2,1.699625e-05,33.11887,33.118885,2.2494162e-06,0.00010031577,223,223,56,12,-2.5992895e-05,0,-2.5992895e-05
26,contact-iteration,3,1.4274295e-05,33.11887,33.11888,3.064901e-06,0.00010031577,223,223,56,12,-2.7219548e-06,0,-2.7219548e-06
26,contact-iteration,4,1.35750315e-05,33.11887,33.11888,3.79337e-06,0.00010031577,223,223,56,12,-6.992628e-07,0,-6.992628e-07
26,contact-iteration,5,1.32217e-05,33.11887,33.11888,4.4525605e-06,0.00010031577,223,223,56,12,-3.533317e-07,0,-3.533317e-07
26,contact-iteration,6,1.2966741e-05,33.11887,33.11888,5.0536573e-06,0.00010031577,223,223,56,12,-2.549586e-07,0,-2.549586e-07
26,contact-iteration,7,1.2774348e-05,33.11887,33.11888,5.604186e-06,0.00010031577,223,223,56,12,-1.9239387e-07,0,-1.9239388e-07
26,contact-iteration,8,1.261894e-05,33.11887,33.11888,6.1094875e-06,0.00010031577,223,223,56,12,-1.5540783e-07,0,-1.5540783e-07
26,contact-iteration,9,1.2497078e-05,33.11887,33.11888,6.5735876e-06,0.00010031577,223,223,56,12,-1.2186163e-07,0,-1.2186163e-07
26,contact-iteration,10,1.2385377e-05,33.11887,33.11888,6.999737e-06,0.00010031577,223,223,56,12,-1.11701e-07,0,-1.11701e-07
26,contact-iteration,11,1.2284947e-05,33.11887,33.11888,7.3907017e-06,0.00010031577,223,223,56,12,-1.00430086e-07,0,-1.00430086e-07
26,contact-iteration,12,1.2194918e-05,33.11887,33.11888,7.749016e-06,0.00010031577,223,223,56,12,-9.002942e-08,0,-9.0029424e-08
26,restitution,0,1.2194918e-05,33.11887,33.11888,7.749016e-06,0.00010031577,223,223,56,12,0,0,0
26,shock,0,1.2058022e-05,33.11887,33.11888,7.749016e-06,0.00010031577,223,223,56,12,-1.3689538e-07,0,-1.3689538e-07
26,rest-damping,0,1.2058022e-05,33.11887,33.11888,7.749016e-06,0.00010031577,223,223,56,12,0,0,0
26,pose-drift,0,1.2057803e-05,33.118866,33.118877,0,0.00010031577,223,223,56,12,-2.1911543e-10,-1.8288059e-06,-1.829025e-06
26,split-counterfactual,0,1.2057803e-05,33.118866,33.118877,0,0,0,0,0,0,2.1170602e-13,6.9827133e-06,6.982714e-06
26,finish,0,1.2057803e-05,33.118866,33.118877,0,0.00010031577,223,223,56,12,0,0,0
27,start,0,1.2057803e-05,33.118866,33.118877,0,0.00010031577,223,223,56,12,0,0,0
27,gravity-kick,0,8.8029e-05,33.118866,33.118954,0,0.00010031577,223,223,56,12,7.59712e-05,0,7.59712e-05
27,collide,0,8.8029e-05,33.118866,33.118954,0,0.00010034215,223,223,0,0,0,0,0
27,warm-start,0,0.00037099532,33.118866,33.119236,0,0.00010034215,223,223,56,12,0.00028296633,0,0.00028296633
27,contact-iteration,1,4.249123e-05,33.118866,33.118908,1.3604293e-06,0.00010034215,223,223,56,12,-0.0003285041,0,-0.0003285041
27,contact-iteration,2,1.7153257e-05,33.118866,33.118885,2.3463765e-06,0.00010034215,223,223,56,12,-2.5337971e-05,0,-2.5337971e-05
27,contact-iteration,3,1.4421802e-05,33.118866,33.11888,3.2016958e-06,0.00010034215,223,223,56,12,-2.7314552e-06,0,-2.7314552e-06
27,contact-iteration,4,1.3698485e-05,33.118866,33.11888,3.9653573e-06,0.00010034215,223,223,56,12,-7.2331596e-07,0,-7.2331596e-07
27,contact-iteration,5,1.3345396e-05,33.118866,33.11888,4.656373e-06,0.00010034215,223,223,56,12,-3.5308992e-07,0,-3.530899e-07
27,contact-iteration,6,1.3090565e-05,33.118866,33.11888,5.2867003e-06,0.00010034215,223,223,56,12,-2.5483098e-07,0,-2.5483098e-07
27,contact-iteration,7,1.289714e-05,33.118866,33.118877,5.8642995e-06,0.00010034215,223,223,56,12,-1.934256e-07,0,-1.9342562e-07
27,contact-iteration,8,1.2740127e-05,33.118866,33.118877,6.3947496e-06,0.00010034215,223,223,56,12,-1.5701205e-07,0,-1.5701205e-07
27,contact-iteration,9,1.2616727e-05,33.118866,33.118877,6.8821932e-06,0.00010034215,223,223,56,12,-1.2340014e-07,0,-1.2340014e-07
27,contact-iteration,10,1.2503354e-05,33.118866,33.118877,7.3299566e-06,0.00010034215,223,223,56,12,-1.13372785e-07,0,-1.13372785e-07
27,contact-iteration,11,1.2401361e-05,33.118866,33.118877,7.74091e-06,0.00010034215,223,223,56,12,-1.0199266e-07,0,-1.0199266e-07
27,contact-iteration,12,1.2309829e-05,33.118866,33.118877,8.117633e-06,0.00010034215,223,223,56,12,-9.153292e-08,0,-9.153292e-08
27,restitution,0,1.2309829e-05,33.118866,33.118877,8.117633e-06,0.00010034215,223,223,56,12,0,0,0
27,shock,0,1.2172764e-05,33.118866,33.118877,8.117633e-06,0.00010034215,223,223,56,12,-1.3706409e-07,0,-1.3706409e-07
27,rest-damping,0,1.2172764e-05,33.118866,33.118877,8.117633e-06,0.00010034215,223,223,56,12,0,0,0
27,pose-drift,0,1.21725425e-05,33.118866,33.118877,0,0.00010034215,223,223,56,12,-2.2164937e-10,-1.3300406e-06,-1.3302623e-06
27,split-counterfactual,0,1.21725425e-05,33.118866,33.118877,0,0,0,0,0,0,1.5064612e-13,7.481479e-06,7.481479e-06
27,finish,0,1.21725425e-05,33.118866,33.118877,0,0.00010034215,223,223,56,12,0,0,0
28,start,0,1.21725425e-05,33.118866,33.118877,0,0.00010034215,223,223,56,12,0,0,0
28,gravity-kick,0,8.813303e-05,33.118866,33.118954,0,0.00010034215,223,223,56,12,7.596049e-05,0,7.596049e-05
28,collide,0,8.813303e-05,33.118866,33.118954,0,0.00010032313,223,223,0,0,0,0,0
28,warm-start,0,0.00037292333,33.118866,33.11924,0,0.00010032313,223,223,56,12,0.0002847903,0,0.0002847903
28,contact-iteration,1,4.278192e-05,33.118866,33.118908,1.2926337e-06,0.00010032313,223,223,56,12,-0.0003301414,0,-0.0003301414
28,contact-iteration,2,1.7292421e-05,33.118866,33.11888,2.251108e-06,0.00010032313,223,223,56,12,-2.54895e-05,0,-2.54895e-05
28,contact-iteration,3,1.4539156e-05,33.118866,33.11888,3.0926099e-06,0.00010032313,223,223,56,12,-2.7532656e-06,0,-2.7532656e-06
28,contact-iteration,4,1.3809431e-05,33.118866,33.118877,3.8478934e-06,0.00010032313,223,223,56,12,-7.297253e-07,0,-7.297253e-07
28,contact-iteration,5,1.3454266e-05,33.118866,33.118877,4.532936e-06,0.00010032313,223,223,56,12,-3.551644e-07,0,-3.551644e-07
28,contact-iteration,6,1.3200826e-05,33.118866,33.118877,5.158467e-06,0.00010032313,223,223,56,12,-2.5344022e-07,0,-2.5344022e-07
28,contact-iteration,7,1.3009863e-05,33.118866,33.118877,5.7319517e-06,0.00010032313,223,223,56,12,-1.9096339e-07,0,-1.9096339e-07
28,contact-iteration,8,1.2863675e-05,33.118866,33.118877,6.2587196e-06,0.00010032313,223,223,56,12,-1.461885e-07,0,-1.461885e-07
28,contact-iteration,9,1.2735621e-05,33.118866,33.118877,6.742789e-06,0.00010032313,223,223,56,12,-1.2805366e-07,0,-1.2805367e-07
28,contact-iteration,10,1.2622316e-05,33.118866,33.118877,7.187413e-06,0.00010032313,223,223,56,12,-1.1330449e-07,0,-1.1330448e-07
28,contact-iteration,11,1.2521408e-05,33.118866,33.118877,7.5954213e-06,0.00010032313,223,223,56,12,-1.0090836e-07,0,-1.0090836e-07
28,contact-iteration,12,1.2430884e-05,33.118866,33.118877,7.969547e-06,0.00010032313,223,223,56,12,-9.052335e-08,0,-9.052335e-08
28,restitution,0,1.2430884e-05,33.118866,33.118877,7.969547e-06,0.00010032313,223,223,56,12,0,0,0
28,shock,0,1.2296843e-05,33.118866,33.118877,7.969547e-06,0.00010032313,223,223,56,12,-1.3404123e-07,0,-1.3404124e-07
28,rest-damping,0,1.2296843e-05,33.118866,33.118877,7.969547e-06,0.00010032313,223,223,56,12,0,0,0
28,pose-drift,0,1.229662e-05,33.118862,33.118877,0,0.00010032313,223,223,56,12,-2.2316603e-10,-1.6625509e-06,-1.662774e-06
28,split-counterfactual,0,1.229662e-05,33.118862,33.118877,0,0,0,0,0,0,1.6656183e-13,6.9827133e-06,6.982714e-06
28,finish,0,1.229662e-05,33.118862,33.118877,0,0.00010032313,223,223,56,12,0,0,0
29,start,0,1.229662e-05,33.118862,33.118877,0,0.00010032313,223,223,56,12,0,0,0
29,gravity-kick,0,8.820387e-05,33.118862,33.11895,0,0.00010032313,223,223,56,12,7.590725e-05,0,7.590725e-05
29,collide,0,8.820387e-05,33.118862,33.11895,0,0.00010030526,223,223,0,0,0,0,0
29,warm-start,0,0.00037340834,33.118862,33.119236,0,0.00010030526,223,223,56,12,0.00028520447,0,0.00028520447
29,contact-iteration,1,4.4346285e-05,33.118862,33.118908,1.2248084e-06,0.00010030526,223,223,56,12,-0.00032906208,0,-0.00032906208
29,contact-iteration,2,1.7518145e-05,33.118862,33.11888,2.07444e-06,0.00010030526,223,223,56,12,-2.682814e-05,0,-2.682814e-05
29,contact-iteration,3,1.4698676e-05,33.118862,33.118877,2.838307e-06,0.00010030526,223,223,56,12,-2.8194684e-06,0,-2.8194684e-06
29,contact-iteration,4,1.3964445e-05,33.118862,33.118877,3.5475728e-06,0.00010030526,223,223,56,12,-7.3423007e-07,0,-7.3423007e-07
29,contact-iteration,5,1.3601592e-05,33.118862,33.118877,4.209936e-06,0.00010030526,223,223,56,12,-3.6285354e-07,0,-3.6285354e-07
29,contact-iteration,6,1.3345953e-05,33.118862,33.118877,4.8286515e-06,0.00010030526,223,223,56,12,-2.5563907e-07,0,-2.5563907e-07
29,contact-iteration,7,1.3156115e-05,33.118862,33.118877,5.40572e-06,0.00010030526,223,223,56,12,-1.8983862e-07,0,-1.8983862e-07
29,contact-iteration,8,1.3013927e-05,33.118862,33.118877,5.9427734e-06,0.00010030526,223,223,56,12,-1.4218746e-07,0,-1.4218746e-07
29,contact-iteration,9,1.2891218e-05,33.118862,33.118877,6.441222e-06,0.00010030526,223,223,56,12,-1.2270884e-07,0,-1.2270883e-07
29,contact-iteration,10,1.2784773e-05,33.118862,33.118877,6.9025095e-06,0.00010030526,223,223,56,12,-1.06444446e-07,0,-1.06444446e-07
29,contact-iteration,11,1.26920795e-05,33.118862,33.118877,7.3281744e-06,0.00010030526,223,223,56,12,-9.2693995e-08,0,-9.2693995e-08
29,contact-iteration,12,1.2609636e-05,33.118862,33.118877,7.719831e-06,0.00010030526,223,223,56,12,-8.2443854e-08,0,-8.2443854e-08
29,restitution,0,1.2609636e-05,33.118862,33.118877,7.719831e-06,0.00010030526,223,223,56,12,0,0,0
29,shock,0,1.2492852e-05,33.118862,33.118877,7.719831e-06,0.00010030526,223,223,56,12,-1.1678357e-07,0,-1.1678357e-07
29,rest-damping,0,1.2492852e-05,33.118862,33.118877,7.719831e-06,0.00010030526,223,223,56,12,0,0,0
29,pose-drift,0,1.24926255e-05,33.118862,33.118874,0,0.00010030526,223,223,56,12,-2.2715094e-10,-1.4962957e-06,-1.4965228e-06
29,split-counterfactual,0,1.24926255e-05,33.118862,33.118874,0,0,0,0,0,0,1.2475188e-13,7.481479e-06,7.481479e-06
29,finish,0,1.24926255e-05,33.118862,33.118874,0,0.00010030526,223,223,56,12,0,0,0
30,start,0,1.24926255e-05,33.118862,33.118874,0,0.00010030526,223,223,56,12,0,0,0
30,gravity-kick,0,8.8531e-05,33.118862,33.11895,0,0.00010030526,223,223,56,12,7.603838e-05,0,7.603838e-05
30,collide,0,8.8531e-05,33.118862,33.11895,0,0.000100331934,223,223,0,0,0,0,0
30,warm-start,0,0.00036132155,33.118862,33.119225,0,0.000100331934,223,223,56,12,0.00027279055,0,0.00027279055
30,contact-iteration,1,4.3992222e-05,33.118862,33.118904,1.2337288e-06,0.000100331934,223,223,56,12,-0.00031732934,0,-0.00031732934
30,contact-iteration,2,1.761476e-05,33.118862,33.11888,2.097644e-06,0.000100331934,223,223,56,12,-2.6377464e-05,0,-2.6377464e-05
30,contact-iteration,3,1.486209e-05,33.118862,33.118877,2.8789907e-06,0.000100331934,223,223,56,12,-2.7526696e-06,0,-2.7526696e-06
30,contact-iteration,4,1.4158673e-05,33.118862,33.118877,3.6082317e-06,0.000100331934,223,223,56,12,-7.03417e-07,0,-7.03417e-07
30,contact-iteration,5,1.3788994e-05,33.118862,33.118877,4.292346e-06,0.000100331934,223,223,56,12,-3.6967964e-07,0,-3.6967964e-07
30,contact-iteration,6,1.3526407e-05,33.118862,33.118874,4.9339137e-06,0.000100331934,223,223,56,12,-2.6258644e-07,0,-2.6258644e-07
30,contact-iteration,7,1.3329548e-05,33.118862,33.118874,5.534455e-06,0.000100331934,223,223,56,12,-1.9685902e-07,0,-1.9685902e-07
30,contact-iteration,8,1.3170721e-05,33.118862,33.118874,6.0952752e-06,0.000100331934,223,223,56,12,-1.5882695e-07,0,-1.5882694e-07
30,contact-iteration,9,1.3044859e-05,33.118862,33.118874,6.6175376e-06,0.000100331934,223,223,56,12,-1.2586246e-07,0,-1.2586246e-07
30,contact-iteration,10,1.29306745e-05,33.118862,33.118874,7.1024956e-06,0.000100331934,223,223,56,12,-1.1418433e-07,0,-1.1418433e-07
30,contact-iteration,11,1.2828191e-05,33.118862,33.118874,7.5515277e-06,0.000100331934,223,223,56,12,-1.024833e-07,0,-1.024833e-07
30,contact-iteration,12,1.2736485e-05,33.118862,33.118874,7.9661095e-06,0.000100331934,223,223,56,12,-9.1706504e-08,0,-9.1706504e-08
30,restitution,0,1.2736485e-05,33.118862,33.118874,7.9661095e-06,0.000100331934,223,223,56,12,0,0,0
30,shock,0,1.2596654e-05,33.118862,33.118874,7.9661095e-06,0.000100331934,223,223,56,12,-1.3982988e-07,0,-1.3982987e-07
30,rest-damping,0,1.2596654e-05,33.118862,33.118874,7.9661095e-06,0.000100331934,223,223,56,12,0,0,0
30,pose-drift,0,1.2596426e-05,33.11886,33.118874,0,0.000100331934,223,223,56,12,-2.2883394e-10,-1.8288059e-06,-1.8290348e-06
30,split-counterfactual,0,1.2596426e-05,33.11886,33.118874,0,0,0,0,0,0,6.409306e-14,7.647734e-06,7.647734e-06
30,finish,0,1.2596426e-05,33.11886,33.118874,0,0.000100331934,223,223,56,12,0,0,0
31,start,0,1.2596426e-05,33.11886,33.118874,0,0.000100331934,223,223,56,12,0,0,0
31,gravity-kick,0,8.874819e-05,33.11886,33.11895,0,0.000100331934,223,223,56,12,7.6151766e-05,0,7.6151766e-05
31,collide,0,8.874819e-05,33.11886,33.11895,0,0.00010038739,223,223,0,0,0,0,0
31,warm-start,0,0.00037469738,33.11886,33.119236,0,0.00010038739,223,223,56,12,0.0002859492,0,0.0002859492
31,contact-iteration,1,4.301547e-05,33.11886,33.118904,1.2961594e-06,0.00010038739,223,223,56,12,-0.00033168192,0,-0.00033168192
31,contact-iteration,2,1.7723914e-05,33.11886,33.118877,2.2259692e-06,0.00010038739,223,223,56,12,-2.5291554e-05,0,-2.5291554e-05
31,contact-iteration,3,1.4986902e-05,33.11886,33.118874,3.063475e-06,0.00010038739,223,223,56,12,-2.7370131e-06,0,-2.7370131e-06
31,contact-iteration,4,1.4264839e-05,33.11886,33.118874,3.8430126e-06,0.00010038739,223,223,56,12,-7.2206313e-07,0,-7.2206313e-07
31,contact-iteration,5,1.3908687e-05,33.11886,33.118874,4.5722622e-06,0.00010038739,223,223,56,12,-3.5615207e-07,0,-3.5615207e-07
31,contact-iteration,6,1.3651115e-05,33.11886,33.118874,5.254628e-06,0.00010038739,223,223,56,12,-2.575714e-07,0,-2.575714e-07
31,contact-iteration,7,1.3455248e-05,33.11886,33.118874,5.8922765e-06,0.00010038739,223,223,56,12,-1.9586648e-07,0,-1.9586648e-07
31,contact-iteration,8,1.3295906e-05,33.11886,33.118874,6.4868277e-06,0.00010038739,223,223,56,12,-1.5934326e-07,0,-1.5934324e-07
31,contact-iteration,9,1.3160376e-05,33.11886,33.118874,7.03973e-06,0.00010038739,223,223,56,12,-1.3552992e-07,0,-1.3552992e-07
31,contact-iteration,10,1.3052146e-05,33.11886,33.118874,7.552473e-06,0.00010038739,223,223,56,12,-1.0822973e-07,0,-1.0822973e-07
31,contact-iteration,11,1.2950383e-05,33.11886,33.118874,8.026617e-06,0.00010038739,223,223,56,12,-1.01762865e-07,0,-1.01762865e-07
31,contact-iteration,12,1.2857967e-05,33.11886,33.118874,8.4637995e-06,0.00010038739,223,223,56,12,-9.241656e-08,0,-9.2416556e-08
31,restitution,0,1.2857967e-05,33.11886,33.118874,8.4637995e-06,0.00010038739,223,223,56,12,0,0,0
31,shock,0,1.2719063e-05,33.11886,33.118874,8.4637995e-06,0.00010038739,223,223,56,12,-1.3890273e-07,0,-1.3890273e-07
31,rest-damping,0,1.2719063e-05,33.11886,33.118874,8.4637995e-06,0.00010038739,223,223,56,12,0,0,0
31,pose-drift,0,1.2718833e-05,33.11886,33.118874,0,0.00010038739,223,223,56,12,-2.3039724e-10,-9.975305e-07,-9.977609e-07
31,split-counterfactual,0,1.2718833e-05,33.11886,33.118874,0,0,0,0,0,0,2.192509e-13,8.146499e-06,8.1465e-06
31,finish,0,1.2718833e-05,33.11886,33.118874,0,0.00010038739,223,223,56,12,0,0,0
32,start,0,1.2718833e-05,33.11886,33.118874,0,0.00010038739,223,223,56,12,0,0,0
32,gravity-kick,0,8.868789e-05,33.11886,33.118946,0,0.00010038739,223,223,56,12,7.596905e-05,0,7.596905e-05
32,collide,0,8.868789e-05,33.11886,33.118946,0,0.000100288875,223,223,0,0,0,0,0
32,warm-start,0,0.00037617356,33.11886,33.119236,0,0.000100288875,223,223,56,12,0.00028748566,0,0.00028748566
32,contact-iteration,1,4.2986907e-05,33.11886,33.1189,1.2499816e-06,0.000100288875,223,223,56,12,-0.00033318665,0,-0.00033318665
32,contact-iteration,2,1.7817125e-05,33.11886,33.118877,2.1740107e-06,0.000100288875,223,223,56,12,-2.516978e-05,0,-2.516978e-05
32,contact-iteration,3,1.510127e-05,33.11886,33.118874,2.984958e-06,0.000100288875,223,223,56,12,-2.7158549e-06,0,-2.7158549e-06
32,contact-iteration,4,1.4380451e-05,33.11886,33.118874,3.7125944e-06,0.000100288875,223,223,56,12,-7.208189e-07,0,-7.208189e-07
32,contact-iteration,5,1.4024699e-05,33.11886,33.118874,4.3722107e-06,0.000100288875,223,223,56,12,-3.5575223e-07,0,-3.5575223e-07
32,contact-iteration,6,1.3769731e-05,33.11886,33.118874,4.974143e-06,0.000100288875,223,223,56,12,-2.549682e-07,0,-2.549682e-07
32,contact-iteration,7,1.3576662e-05,33.11886,33.118874,5.5256746e-06,0.000100288875,223,223,56,12,-1.9306842e-07,0,-1.9306842e-07
32,contact-iteration,8,1.3419621e-05,33.11886,33.118874,6.032064e-06,0.000100288875,223,223,56,12,-1.5704147e-07,0,-1.5704146e-07
32,contact-iteration,9,1.3285933e-05,33.11886,33.118874,6.4972987e-06,0.000100288875,223,223,56,12,-1.336874e-07,0,-1.336874e-07
32,contact-iteration,10,1.3180321e-05,33.11886,33.118874,6.9246034e-06,0.000100288875,223,223,56,12,-1.0561239e-07,0,-1.0561239e-07
32,contact-iteration,11,1.3079822e-05,33.11886,33.118874,7.3167516e-06,0.000100288875,223,223,56,12,-1.004994e-07,0,-1.00499406e-07
32,contact-iteration,12,1.29882865e-05,33.11886,33.118874,7.676239e-06,0.000100288875,223,223,56,12,-9.1534986e-08,0,-9.1534986e-08
32,restitution,0,1.29882865e-05,33.11886,33.118874,7.676239e-06,0.000100288875,223,223,56,12,0,0,0
32,shock,0,1.285214e-05,33.11886,33.118874,7.676239e-06,0.000100288875,223,223,56,12,-1.3614743e-07,0,-1.3614743e-07
32,rest-damping,0,1.285214e-05,33.11886,33.118874,7.676239e-06,0.000100288875,223,223,56,12,0,0,0
32,pose-drift,0,1.2851906e-05,33.11886,33.11887,0,0.000100288875,223,223,56,12,-2.3319643e-10,-1.6625509e-06,-1.662784e-06
32,split-counterfactual,0,1.2851906e-05,33.11886,33.11887,0,0,0,0,0,0,1.1151941e-13,6.9827133e-06,6.9827133e-06
32,finish,0,1.2851906e-05,33.11886,33.11887,0,0.000100288875,223,223,56,12,0,0,0
33,start,0,1.2851906e-05,33.11886,33.11887,0,0.000100288875,223,223,56,12,0,0,0
33,gravity-kick,0,8.860652e-05,33.11886,33.118946,0,0.000100288875,223,223,56,12,7.5754615e-05,0,7.5754615e-05
33,collide,0,8.860652e-05,33.11886,33.118946,0,0.00010036066,223,223,0,0,0,0,0
33,warm-start,0,0.00037340814,33.11886,33.119232,0,0.00010036066,223,223,56,12,0.00028480162,0,0.00028480162
33,contact-iteration,1,4.3177548e-05,33.11886,33.1189,1.2937628e-06,0.00010036066,223,223,56,12,-0.0003302306,0,-0.0003302306
33,contact-iteration,2,1.7918728e-05,33.11886,33.118874,2.2693907e-06,0.00010036066,223,223,56,12,-2.5258822e-05,0,-2.5258822e-05
33,contact-iteration,3,1.52084185e-05,33.11886,33.118874,3.1295758e-06,0.00010036066,223,223,56,12,-2.7103092e-06,0,-2.7103092e-06
33,contact-iteration,4,1.4487816e-05,33.11886,33.118874,3.9026904e-06,0.00010036066,223,223,56,12,-7.206023e-07,0,-7.206023e-07
33,contact-iteration,5,1.41420505e-05,33.11886,33.11887,4.6040295e-06,0.00010036066,223,223,56,12,-3.4576496e-07,0,-3.4576496e-07
33,contact-iteration,6,1.3893636e-05,33.11886,33.11887,5.244124e-06,0.00010036066,223,223,56,12,-2.4841506e-07,0,-2.4841506e-07
33,contact-iteration,7,1.3706038e-05,33.11886,33.11887,5.8304568e-06,0.00010036066,223,223,56,12,-1.8759842e-07,0,-1.8759842e-07
33,contact-iteration,8,1.3553722e-05,33.11886,33.11887,6.368471e-06,0.00010036066,223,223,56,12,-1.5231493e-07,0,-1.5231493e-07
33,contact-iteration,9,1.343445e-05,33.11886,33.11887,6.862339e-06,0.00010036066,223,223,56,12,-1.1927281e-07,0,-1.1927281e-07
33,contact-iteration,10,1.3323717e-05,33.11886,33.11887,7.3154742e-06,0.00010036066,223,223,56,12,-1.1073235e-07,0,-1.1073235e-07
33,contact-iteration,11,1.3223764e-05,33.11886,33.11887,7.730846e-06,0.00010036066,223,223,56,12,-9.9954036e-08,0,-9.995403e-08
33,contact-iteration,12,1.3133627e-05,33.11886,33.11887,8.111149e-06,0.00010036066,223,223,56,12,-9.0135536e-08,0,-9.0135536e-08
33,restitution,0,1.3133627e-05,33.11886,33.11887,8.111149e-06,0.00010036066,223,223,56,12,0,0,0
33,shock,0,1.3000686e-05,33.11886,33.11887,8.11115e-06,0.00010036066,223,223,56,12,-1.3294243e-07,0,-1.3294243e-07
33,rest-damping,0,1.3000686e-05,33.11886,33.11887,8.11115e-06,0.00010036066,223,223,56,12,0,0,0
33,pose-drift,0,1.3000449e-05,33.11886,33.11887,0,0.00010036066,223,223,56,12,-2.3601804e-10,-4.9876525e-07,-4.9900126e-07
33,split-counterfactual,0,1.3000449e-05,33.11886,33.11887,0,0,0,0,0,0,1.287593e-13,8.146499e-06,8.146499e-06
33,finish,0,1.3000449e-05,33.11886,33.11887,0,0.00010036066,223,223,56,12,0,0,0
34,start,0,1.3000449e-05,33.11886,33.11887,0,0.00010036066,223,223,56,12,0,0,0
34,gravity-kick,0,8.8623274e-05,33.11886,33.118946,0,0.00010036066,223,223,56,12,7.5622826e-05,0,7.5622826e-05
34,collide,0,8.8623274e-05,33.11886,33.118946,0,0.000100284,223,223,0,0,0,0,0
34,warm-start,0,0.0003747099,33.11886,33.119232,0,0.000100284,223,223,56,12,0.0002860866,0,0.0002860866
34,contact-iteration,1,4.3632997e-05,33.11886,33.1189,1.2268018e-06,0.000100284,223,223,56,12,-0.0003310769,0,-0.0003310769
34,contact-iteration,2,1.8075998e-05,33.11886,33.118874,2.1162898e-06,0.000100284,223,223,56,12,-2.5557001e-05,0,-2.5557001e-05
34,contact-iteration,3,1.5358286e-05,33.11886,33.118874,2.8921893e-06,0.000100284,223,223,56,12,-2.717711e-06,0,-2.717711e-06
34,contact-iteration,4,1.4637254e-05,33.11886,33.11887,3.5877854e-06,0.000100284,223,223,56,12,-7.2103273e-07,0,-7.2103273e-07
34,contact-iteration,5,1.4287535e-05,33.11886,33.11887,4.2188744e-06,0.000100284,223,223,56,12,-3.497184e-07,0,-3.497184e-07
34,contact-iteration,6,1.4038543e-05,33.11886,33.11887,4.7954372e-06,0.000100284,223,223,56,12,-2.4899296e-07,0,-2.4899293e-07
34,contact-iteration,7,1.3851107e-05,33.11886,33.11887,5.324268e-06,0.000100284,223,223,56,12,-1.874357e-07,0,-1.8743569e-07
34,contact-iteration,8,1.3707684e-05,33.11886,33.11887,5.8101305e-06,0.000100284,223,223,56,12,-1.4342284e-07,0,-1.4342285e-07
34,contact-iteration,9,1.3581169e-05,33.11886,33.11887,6.2567083e-06,0.000100284,223,223,56,12,-1.265154e-07,0,-1.265154e-07
34,contact-iteration,10,1.3468888e-05,33.11886,33.11887,6.667036e-06,0.000100284,223,223,56,12,-1.12280944e-07,0,-1.12280944e-07
34,contact-iteration,11,1.3368511e-05,33.11886,33.11887,7.0437e-06,0.000100284,223,223,56,12,-1.00377264e-07,0,-1.00377264e-07
34,contact-iteration,12,1.3278305e-05,33.11886,33.11887,7.3890874e-06,0.000100284,223,223,56,12,-9.020544e-08,0,-9.020544e-08
34,restitution,0,1.3278305e-05,33.11886,33.11887,7.3890874e-06,0.000100284,223,223,56,12,0,0,0
34,shock,0,1.3145677e-05,33.11886,33.11887,7.3890874e-06,0.000100284,223,223,56,12,-1.3262799e-07,0,-1.3262797e-07
34,rest-damping,0,1.3145677e-05,33.11886,33.11887,7.3890874e-06,0.000100284,223,223,56,12,0,0,0
34,pose-drift,0,1.3145438e-05,33.118855,33.11887,0,0.000100284,223,223,56,12,-2.388423e-10,-1.6625509e-06,-1.6627896e-06
34,split-counterfactual,0,1.3145438e-05,33.118855,33.11887,0,0,0,0,0,0,1.5548596e-13,6.9827133e-06,6.9827133e-06
34,finish,0,1.3145438e-05,33.118855,33.11887,0,0.000100284,223,223,56,12,0,0,0
35,start,0,1.3145438e-05,33.118855,33.11887,0,0.000100284,223,223,56,12,0,0,0
35,gravity-kick,0,8.883199e-05,33.118855,33.118942,0,0.000100284,223,223,56,12,7.5686556e-05,0,7.5686556e-05
35,collide,0,8.883199e-05,33.118855,33.118942,0,0.00010032516,223,223,0,0,0,0,0
35,warm-start,0,0.00037450704,33.118855,33.11923,0,0.00010032516,223,223,56,12,0.00028567505,0,0.00028567505
35,contact-iteration,1,4.521081e-05,33.118855,33.1189,1.2459468e-06,0.00010032516,223,223,56,12,-0.00032929625,0,-0.00032929625
35,contact-iteration,2,1.8358076e-05,33.118855,33.118874,2.1058916e-06,0.00010032516,223,223,56,12,-2.6852735e-05,0,-2.6852735e-05
35,contact-iteration,3,1.555485e-05,33.118855,33.11887,2.8765637e-06,0.00010032516,223,223,56,12,-2.803226e-06,0,-2.803226e-06
35,contact-iteration,4,1.4829195e-05,33.118855,33.11887,3.5918918e-06,0.00010032516,223,223,56,12,-7.2565547e-07,0,-7.2565547e-07
35,contact-iteration,5,1.4469853e-05,33.118855,33.11887,4.259905e-06,0.00010032516,223,223,56,12,-3.5934133e-07,0,-3.5934133e-07
35,contact-iteration,6,1.4215533e-05,33.118855,33.11887,4.883694e-06,0.00010032516,223,223,56,12,-2.543199e-07,0,-2.543199e-07
35,contact-iteration,7,1.4026301e-05,33.118855,33.11887,5.4651096e-06,0.00010032516,223,223,56,12,-1.8923303e-07,0,-1.8923302e-07
35,contact-iteration,8,1.3884051e-05,33.118855,33.11887,6.005674e-06,0.00010032516,223,223,56,12,-1.4224936e-07,0,-1.4224938e-07
35,contact-iteration,9,1.3760992e-05,33.118855,33.11887,6.506874e-06,0.00010032516,223,223,56,12,-1.2305881e-07,0,-1.2305881e-07
35,contact-iteration,10,1.3654064e-05,33.118855,33.11887,6.970312e-06,0.00010032516,223,223,56,12,-1.06928475e-07,0,-1.06928475e-07
35,contact-iteration,11,1.3560713e-05,33.118855,33.11887,7.3975734e-06,0.00010032516,223,223,56,12,-9.335014e-08,0,-9.335014e-08
35,contact-iteration,12,1.3477302e-05,33.118855,33.11887,7.790418e-06,0.00010032516,223,223,56,12,-8.341238e-08,0,-8.3412374e-08
35,restitution,0,1.3477302e-05,33.118855,33.11887,7.790418e-06,0.00010032516,223,223,56,12,0,0,0
35,shock,0,1.3360292e-05,33.118855,33.11887,7.790418e-06,0.00010032516,223,223,56,12,-1.1700961e-07,0,-1.1700961e-07
35,rest-damping,0,1.3360292e-05,33.118855,33.11887,7.790418e-06,0.00010032516,223,223,56,12,0,0,0
35,pose-drift,0,1.336005e-05,33.118855,33.118866,0,0.00010032516,223,223,56,12,-2.4231545e-10,-1.3300406e-06,-1.330283e-06
35,split-counterfactual,0,1.336005e-05,33.118855,33.118866,0,0,0,0,0,0,2.5116056e-13,7.481479e-06,7.481479e-06
35,finish,0,1.336005e-05,33.118855,33.118866,0,0.00010032516,223,223,56,12,0,0,0
36,start,0,1.336005e-05,33.118855,33.118866,0,0.00010032516,223,223,56,12,0,0,0
36,gravity-kick,0,8.936102e-05,33.118855,33.118942,0,0.00010032516,223,223,56,12,7.600097e-05,0,7.600097e-05
36,collide,0,8.936102e-05,33.118855,33.118942,0,0.000100322526,223,223,0,0,0,0,0
36,warm-start,0,0.00036186376,33.118855,33.119217,0,0.000100322526,223,223,56,12,0.00027250274,0,0.00027250274
36,contact-iteration,1,4.4849552e-05,33.118855,33.1189,1.2323949e-06,0.000100322526,223,223,56,12,-0.0003170142,0,-0.0003170142
36,contact-iteration,2,1.849893e-05,33.118855,33.118874,2.1093172e-06,0.000100322526,223,223,56,12,-2.635062e-05,0,-2.635062e-05
36,contact-iteration,3,1.5752932e-05,33.118855,33.11887,2.90253e-06,0.000100322526,223,223,56,12,-2.7459973e-06,0,-2.7459973e-06
36,contact-iteration,4,1.5053366e-05,33.118855,33.11887,3.6414135e-06,0.000100322526,223,223,56,12,-6.9956684e-07,0,-6.9956684e-07
36,contact-iteration,5,1.4685981e-05,33.118855,33.11887,4.3332852e-06,0.000100322526,223,223,56,12,-3.6738462e-07,0,-3.6738462e-07
36,contact-iteration,6,1.4423e-05,33.118855,33.11887,4.9811842e-06,0.000100322526,223,223,56,12,-2.6298102e-07,0,-2.6298102e-07
36,contact-iteration,7,1.422494e-05,33.118855,33.11887,5.587024e-06,0.000100322526,223,223,56,12,-1.9806001e-07,0,-1.9806001e-07
36,contact-iteration,8,1.4064605e-05,33.118855,33.11887,6.1522787e-06,0.000100322526,223,223,56,12,-1.6033448e-07,0,-1.6033448e-07
36,contact-iteration,9,1.3928669e-05,33.118855,33.118866,6.678272e-06,0.000100322526,223,223,56,12,-1.3593636e-07,0,-1.3593636e-07
36,contact-iteration,10,1.3820555e-05,33.118855,33.118866,7.1663776e-06,0.000100322526,223,223,56,12,-1.0811431e-07,0,-1.0811431e-07
36,contact-iteration,11,1.3718304e-05,33.118855,33.118866,7.618047e-06,0.000100322526,223,223,56,12,-1.0225037e-07,0,-1.0225037e-07
36,contact-iteration,12,1.3625086e-05,33.118855,33.118866,8.034811e-06,0.000100322526,223,223,56,12,-9.321905e-08,0,-9.321904e-08
36,restitution,0,1.3625086e-05,33.118855,33.118866,8.034811e-06,0.000100322526,223,223,56,12,0,0,0
36,shock,0,1.3483185e-05,33.118855,33.118866,8.034811e-06,0.000100322526,223,223,56,12,-1.4190022e-07,0,-1.4190022e-07
36,rest-damping,0,1.3483185e-05,33.118855,33.118866,8.034811e-06,0.000100322526,223,223,56,12,0,0,0
36,pose-drift,0,1.34829415e-05,33.11885,33.118866,0,0.000100322526,223,223,56,12,-2.4381583e-10,-1.4962957e-06,-1.4965395e-06
36,split-counterfactual,0,1.34829415e-05,33.11885,33.118866,0,0,0,0,0,0,1.677968e-13,7.980244e-06,7.980244e-06
36,finish,0,1.34829415e-05,33.11885,33.118866,0,0.000100322526,223,223,56,12,0,0,0
37,start,0,1.34829415e-05,33.11885,33.118866,0,0.000100322526,223,223,56,12,0,0,0
37,gravity-kick,0,8.972733e-05,33.11885,33.118942,0,0.000100322526,223,223,56,12,7.624439e-05,0,7.624439e-05
37,collide,0,8.972733e-05,33.11885,33.118942,0,0.00010034844,223,223,0,0,0,0,0
37,warm-start,0,0.00037478065,33.11885,33.11923,0,0.00010034844,223,223,56,12,0.0002850533,0,0.0002850533
37,contact-iteration,1,4.3862387e-05,33.11885,33.118896,1.2358228e-06,0.00010034844,223,223,56,12,-0.00033091826,0,-0.00033091826
37,contact-iteration,2,1.8640096e-05,33.11885,33.11887,2.1168423e-06,0.00010034844,223,223,56,12,-2.5222289e-05,0,-2.5222289e-05
37,contact-iteration,3,1.590399e-05,33.11885,33.11887,2.9154496e-06,0.00010034844,223,223,56,12,-2.7361061e-06,0,-2.7361061e-06
37,contact-iteration,4,1.5180029e-05,33.11885,33.118866,3.6607632e-06,0.00010034844,223,223,56,12,-7.2396205e-07,0,-7.2396205e-07
37,contact-iteration,5,1.4824926e-05,33.11885,33.118866,4.359526e-06,0.00010034844,223,223,56,12,-3.551021e-07,0,-3.551021e-07
37,contact-iteration,6,1.4564895e-05,33.11885,33.118866,5.0142817e-06,0.00010034844,223,223,56,12,-2.600319e-07,0,-2.6003187e-07
37,contact-iteration,7,1.4365649e-05,33.11885,33.118866,5.6266026e-06,0.00010034844,223,223,56,12,-1.9924548e-07,0,-1.9924548e-07
37,contact-iteration,8,1.4202848e-05,33.11885,33.118866,6.197798e-06,0.00010034844,223,223,56,12,-1.6280082e-07,0,-1.6280082e-07
37,contact-iteration,9,1.4064112e-05,33.11885,33.118866,6.729109e-06,0.00010034844,223,223,56,12,-1.3873606e-07,0,-1.3873606e-07
37,contact-iteration,10,1.3952753e-05,33.11885,33.118866,7.2219004e-06,0.00010034844,223,223,56,12,-1.1135963e-07,0,-1.1135963e-07
37,contact-iteration,11,1.38480955e-05,33.11885,33.118866,7.6776505e-06,0.00010034844,223,223,56,12,-1.0465734e-07,0,-1.0465734e-07
37,contact-iteration,12,1.3752904e-05,33.11885,33.118866,8.0980135e-06,0.00010034844,223,223,56,12,-9.519113e-08,0,-9.519113e-08
37,restitution,0,1.3752904e-05,33.11885,33.118866,8.0980135e-06,0.00010034844,223,223,56,12,0,0,0
37,shock,0,1.3610613e-05,33.11885,33.118866,8.098014e-06,0.00010034844,223,223,56,12,-1.4229096e-07,0,-1.4229096e-07
37,rest-damping,0,1.3610613e-05,33.11885,33.118866,8.098014e-06,0.00010034844,223,223,56,12,0,0,0
37,pose-drift,0,1.3610366e-05,33.11885,33.118866,0,0.00010034844,223,223,56,12,-2.4666846e-10,-9.975305e-07,-9.977772e-07
37,split-counterfactual,0,1.3610366e-05,33.11885,33.118866,0,0,0,0,0,0,1.40934e-13,8.479009e-06,8.479009e-06
37,finish,0,1.3610366e-05,33.11885,33.118866,0,0.00010034844,223,223,56,12,0,0,0
38,start,0,1.3610366e-05,33.11885,33.118866,0,0.00010034844,223,223,56,12,0,0,0
38,gravity-kick,0,8.9676076e-05,33.11885,33.118942,0,0.00010034844,223,223,56,12,7.606571e-05,0,7.606571e-05
38,collide,0,8.9676076e-05,33.11885,33.118942,0,0.000100327285,223,223,0,0,0,0,0
38,warm-start,0,0.00037700386,33.11885,33.11923,0,0.000100327285,223,223,56,12,0.00028732777,0,0.00028732777
38,contact-iteration,1,4.393997e-05,33.11885,33.118896,1.2629625e-06,0.000100327285,223,223,56,12,-0.0003330639,0,-0.0003330639
38,contact-iteration,2,1.8740782e-05,33.11885,33.11887,2.2310307e-06,0.000100327285,223,223,56,12,-2.519919e-05,0,-2.519919e-05
38,contact-iteration,3,1.6023814e-05,33.11885,33.118866,3.0893884e-06,0.000100327285,223,223,56,12,-2.7169679e-06,0,-2.7169679e-06
38,contact-iteration,4,1.530321e-05,33.11885,33.118866,3.8621333e-06,0.000100327285,223,223,56,12,-7.206038e-07,0,-7.206038e-07
38,contact-iteration,5,1.494598e-05,33.11885,33.118866,4.5633205e-06,0.000100327285,223,223,56,12,-3.5723116e-07,0,-3.5723116e-07
38,contact-iteration,6,1.4688622e-05,33.11885,33.118866,5.203188e-06,0.000100327285,223,223,56,12,-2.5735795e-07,0,-2.5735795e-07
38,contact-iteration,7,1.4493088e-05,33.11885,33.118866,5.7891903e-06,0.000100327285,223,223,56,12,-1.9553379e-07,0,-1.955338e-07
38,contact-iteration,8,1.4333657e-05,33.11885,33.118866,6.3268053e-06,0.000100327285,223,223,56,12,-1.594305e-07,0,-1.594305e-07
38,contact-iteration,9,1.4197898e-05,33.11885,33.118866,6.820236e-06,0.000100327285,223,223,56,12,-1.3575968e-07,0,-1.3575968e-07
38,contact-iteration,10,1.4089851e-05,33.11885,33.118866,7.2729194e-06,0.000100327285,223,223,56,12,-1.08046905e-07,0,-1.08046905e-07
38,contact-iteration,11,1.3986852e-05,33.11885,33.118866,7.687867e-06,0.000100327285,223,223,56,12,-1.0299921e-07,0,-1.0299921e-07
38,contact-iteration,12,1.38929e-05,33.11885,33.118866,8.067931e-06,0.000100327285,223,223,56,12,-9.3952345e-08,0,-9.3952345e-08
38,restitution,0,1.38929e-05,33.11885,33.118866,8.067931e-06,0.000100327285,223,223,56,12,0,0,0
38,shock,0,1.3754057e-05,33.11885,33.118866,8.06793e-06,0.000100327285,223,223,56,12,-1.3884244e-07,0,-1.3884244e-07
38,rest-damping,0,1.3754057e-05,33.11885,33.118866,8.06793e-06,0.000100327285,223,223,56,12,0,0,0
38,pose-drift,0,1.3753808e-05,33.11885,33.118862,0,0.000100327285,223,223,56,12,-2.4874716e-10,-1.3300406e-06,-1.3302894e-06
38,split-counterfactual,0,1.3753808e-05,33.11885,33.118862,0,0,0,0,0,0,1.248423e-13,7.3152237e-06,7.3152237e-06
38,finish,0,1.3753808e-05,33.11885,33.118862,0,0.000100327285,223,223,56,12,0,0,0
39,start,0,1.3753808e-05,33.11885,33.118862,0,0.000100327285,223,223,56,12,0,0,0
39,gravity-kick,0,8.957887e-05,33.11885,33.11894,0,0.000100327285,223,223,56,12,7.582506e-05,0,7.582506e-05
39,collide,0,8.957887e-05,33.11885,33.11894,0,0.000100337034,223,223,0,0,0,0,0
39,warm-start,0,0.00037388378,33.11885,33.119225,0,0.000100337034,223,223,56,12,0.0002843049,0,0.0002843049
39,contact-iteration,1,4.406168e-05,33.11885,33.118893,1.3063999e-06,0.000100337034,223,223,56,12,-0.0003298221,0,-0.0003298221
39,contact-iteration,2,1.8844616e-05,33.11885,33.11887,2.2942754e-06,0.000100337034,223,223,56,12,-2.5217065e-05,0,-2.5217065e-05
39,contact-iteration,3,1.6135864e-05,33.11885,33.118866,3.1636962e-06,0.000100337034,223,223,56,12,-2.7087506e-06,0,-2.7087506e-06
39,contact-iteration,4,1.5416472e-05,33.11885,33.118866,3.9444412e-06,0.000100337034,223,223,56,12,-7.1939235e-07,0,-7.1939235e-07
39,contact-iteration,5,1.5071035e-05,33.11885,33.118866,4.652556e-06,0.000100337034,223,223,56,12,-3.454376e-07,0,-3.454376e-07
39,contact-iteration,6,1.4820736e-05,33.11885,33.118866,5.29899e-06,0.000100337034,223,223,56,12,-2.502986e-07,0,-2.502986e-07
39,contact-iteration,7,1.4630961e-05,33.11885,33.118866,5.8914347e-06,0.000100337034,223,223,56,12,-1.8977451e-07,0,-1.8977451e-07
39,contact-iteration,8,1.4476347e-05,33.11885,33.118866,6.435445e-06,0.000100337034,223,223,56,12,-1.5461453e-07,0,-1.5461453e-07
39,contact-iteration,9,1.4354358e-05,33.11885,33.118866,6.9352313e-06,0.000100337034,223,223,56,12,-1.2198858e-07,0,-1.2198858e-07
39,contact-iteration,10,1.424144e-05,33.11885,33.118866,7.3942065e-06,0.000100337034,223,223,56,12,-1.12918386e-07,0,-1.12918386e-07
39,contact-iteration,11,1.4139043e-05,33.11885,33.118866,7.815313e-06,0.000100337034,223,223,56,12,-1.0239691e-07,0,-1.023969e-07
39,contact-iteration,12,1.4046527e-05,33.11885,33.118866,8.20121e-06,0.000100337034,223,223,56,12,-9.251547e-08,0,-9.251548e-08
39,restitution,0,1.4046527e-05,33.11885,33.118866,8.20121e-06,0.000100337034,223,223,56,12,0,0,0
39,shock,0,1.3910944e-05,33.11885,33.118862,8.20121e-06,0.000100337034,223,223,56,12,-1.3558343e-07,0,-1.3558343e-07
39,rest-damping,0,1.3910944e-05,33.11885,33.118862,8.20121e-06,0.000100337034,223,223,56,12,0,0,0
39,pose-drift,0,1.3910691e-05,33.11885,33.118862,0,0.000100337034,223,223,56,12,-2.5247487e-10,-8.3127543e-07,-8.3152787e-07
39,split-counterfactual,0,1.3910691e-05,33.11885,33.118862,0,0,0,0,0,0,3.1782362e-13,7.813989e-06,7.813989e-06
39,finish,0,1.3910691e-05,33.11885,33.118862,0,0.000100337034,223,223,56,12,0,0,0
