frame,time_s,kinetic_J,potential_J,total_J,delta_E_J,ui_total_J,depth_m,contacts,matched,locked,max_speed_m_s,max_spin_rad_s,max_move_m,tip_y_m,broken
1,0.016666668,0.1063752,34.25509,34.36146,-0.0026841382,34.36146,0,122,122,29,0.16347197,0,0.0013964176,0.22860363,0
2,0.033333335,0.3645934,33.97075,34.335342,-0.026119737,34.335342,0,133,133,33,0.32688943,4.1051585e-06,0.004120469,0.22448318,0
3,0.05,0.5494303,33.586044,34.135475,-0.19986822,34.135475,0,153,153,32,0.49025264,0.9704709,0.0068436265,0.21763957,0
4,0.06666667,0.48980284,33.268093,33.757896,-0.37757847,33.757896,1.2386878e-06,180,180,35,0.65356153,1.2258307,0.009565905,0.20807366,0
5,0.083333336,0.0048744585,33.19841,33.203285,-0.55461085,33.203285,6.8222707e-06,198,198,39,0.03062135,1.342647,0.004171312,0.2039152,0
6,0.1,0.0017663079,33.198017,33.199783,-0.0035015105,33.199783,8.97414e-06,190,190,47,0.029882701,0.7044775,0.0005143213,0.20391677,0
7,0.11666667,0.0007545809,33.19714,33.197895,-0.001889055,33.197895,1.1294939e-05,194,194,48,0.021957658,0.44133106,0.0004188982,0.2038976,0
8,0.13333334,0.0003574865,33.196526,33.196884,-0.0010105757,33.196884,1.524741e-05,196,196,50,0.01846699,0.2641107,0.00034135312,0.20388928,0
9,0.15,0.0001633853,33.195927,33.19609,-0.0007944483,33.19609,1.7671113e-05,196,196,50,0.013673275,0.11348042,0.00026727325,0.20388116,0
10,0.16666667,9.5225434e-05,33.195396,33.19549,-0.0005965185,33.19549,1.9905267e-05,197,197,50,0.009521928,0.037318878,0.00018955326,0.20387249,0
11,0.18333334,7.000626e-05,33.195194,33.195263,-0.00022854915,33.195263,2.1154428e-05,197,197,50,0.007871964,0.026938835,0.00014473776,0.20386967,0
12,0.2,5.0412134e-05,33.195,33.19505,-0.00021378006,33.19505,2.3375138e-05,197,197,50,0.0061275023,0.016111905,0.000116387346,0.20386669,0
13,0.21666667,3.536849e-05,33.19481,33.194843,-0.00020789953,33.194843,2.553773e-05,197,197,50,0.005093963,0.013165618,9.293022e-05,0.20386371,0
14,0.23333333,2.2508706e-05,33.194614,33.194637,-0.00020571568,33.194637,2.7693239e-05,197,197,50,0.0040732767,0.0106398575,7.623334e-05,0.20386073,0
15,0.25,1.2265158e-05,33.19442,33.194435,-0.00020309944,33.194435,2.9991072e-05,197,197,50,0.0030191508,0.008037672,5.891562e-05,0.20385775,0
16,0.26666668,5.0192434e-06,33.19423,33.194237,-0.00019877177,33.194237,3.2127482e-05,197,197,50,0.0019483771,0.0054115797,4.1156476e-05,0.20385477,0
17,0.28333333,1.0882129e-06,33.19407,33.19407,-0.00016586349,33.19407,3.2225023e-05,197,197,50,0.00093031226,0.002948806,2.3447681e-05,0.20385179,0
18,0.3,4.4629638e-07,33.19391,33.19391,-0.00015991429,33.19391,3.2243017e-05,197,197,50,0.00057642686,0.0018747812,1.0213919e-05,0.20384824,0
19,0.31666666,6.592475e-07,33.19375,33.19375,-0.00015939193,33.19375,3.2250933e-05,197,197,50,0.0006897682,0.0020281426,1.0657569e-05,0.20384467,0
20,0.33333334,7.517013e-07,33.19359,33.193592,-0.00015951242,33.193592,3.2284537e-05,197,197,50,0.0007353995,0.0021131497,1.2027261e-05,0.20384109,0
21,0.35,7.757448e-07,33.19343,33.19343,-0.00015958083,33.19343,3.2276825e-05,197,197,50,0.0007466927,0.002132912,1.2444106e-05,0.20383751,0
22,0.36666667,7.774453e-07,33.19327,33.19327,-0.00015960318,33.19327,3.2322787e-05,197,197,50,0.00074725365,0.0021310963,1.2522431e-05,0.20383394,0
23,0.38333333,7.725709e-07,33.19311,33.19311,-0.00015960976,33.19311,3.2263182e-05,197,197,50,0.00074467645,0.0021228916,1.2499091e-05,0.20383036,0
24,0.4,7.6584735e-07,33.19295,33.19295,-0.0001596116,33.19295,3.357784e-05,197,197,50,0.0007412067,0.0021129155,1.2448412e-05,0.20382679,0
25,0.41666666,7.586483e-07,33.19279,33.19279,-0.00015961207,33.19279,3.595872e-05,197,197,50,0.0007374936,0.002102462,1.2388445e-05,0.20382321,0
26,0.43333334,7.513728e-07,33.19263,33.192635,-0.00015961216,33.192635,3.8418384e-05,197,197,50,0.0007337288,0.0020919181,1.2326202e-05,0.20381963,0
27,0.45,7.441449e-07,33.19247,33.192474,-0.0001596121,33.192474,4.074068e-05,197,197,50,0.0007299766,0.0020811888,1.2264266e-05,0.20381606,0
28,0.46666667,7.369665e-07,33.192314,33.192314,-0.00015961206,33.192314,4.3181317e-05,197,197,50,0.00072622625,0.002070721,1.22021875e-05,0.20381248,0
29,0.48333332,7.5481483e-07,33.192154,33.192154,-0.00015958703,33.192154,4.556192e-05,197,197,50,0.0007598915,0.0024190915,1.2343295e-05,0.2038089,0
30,0.5,7.818678e-07,33.191994,33.191994,-0.00015957783,33.191994,4.7902042e-05,197,197,50,0.0007774346,0.0025532693,1.2862855e-05,0.20380533,0
31,0.51666665,7.882505e-07,33.191833,33.191833,-0.0001595985,33.191833,5.035958e-05,197,197,50,0.0007805717,0.00256213,1.3028091e-05,0.20380175,0
32,0.53333336,7.8363246e-07,33.19167,33.191673,-0.00016276834,33.191673,5.270712e-05,197,197,50,0.0007772621,0.0025368722,1.3082729e-05,0.20379798,0
33,0.55,7.7847466e-07,33.191513,33.191513,-0.00015961003,33.191513,5.5055454e-05,197,197,50,0.0007755786,0.0025478594,1.298964e-05,0.2037944,0
34,0.56666666,7.7127487e-07,33.191353,33.191353,-0.00015961207,33.191353,5.739311e-05,197,197,50,0.000771781,0.0025346496,1.2930956e-05,0.20379083,0
35,0.5833333,7.634191e-07,33.19119,33.19119,-0.00016277158,33.19119,5.971011e-05,197,197,50,0.0007677772,0.0025244304,1.2913977e-05,0.20378706,0
36,0.6,7.560079e-07,33.19103,33.19103,-0.00015961229,33.19103,6.219675e-05,197,197,50,0.0007637329,0.002507799,1.2797334e-05,0.20378348,0
37,0.6166667,7.4857303e-07,33.19087,33.190872,-0.00015961232,33.190872,6.457278e-05,197,197,50,0.0007597895,0.002494758,1.2733052e-05,0.2037799,0
38,0.6333333,7.40875e-07,33.19071,33.19071,-0.00016277142,33.19071,6.691038e-05,197,197,50,0.00075602985,0.002489594,1.271592e-05,0.20377614,0
39,0.65,7.3363077e-07,33.190548,33.190548,-0.00015961211,33.190548,6.92271e-05,197,197,50,0.00075178524,0.0024679992,1.2598296e-05,0.20377256,0
40,0.6666667,7.7126026e-07,33.190384,33.190388,-0.00016239358,33.190388,7.156365e-05,197,197,50,0.00076594704,0.0025453123,1.2583761e-05,0.20376879,0
41,0.68333334,7.188694e-07,33.190224,33.190228,-0.00015998978,33.190228,7.3960575e-05,197,197,50,0.0007435995,0.0024378225,1.24713615e-05,0.20376521,0
42,0.7,7.120524e-07,33.190067,33.190067,-0.00015961169,33.190067,7.635741e-05,197,197,50,0.0007400949,0.0024292837,1.2404183e-05,0.20376164,0
43,0.71666664,8.9167264e-07,33.189903,33.189907,-0.0001607553,33.189907,7.8794e-05,195,195,49,0.0009370684,0.0023600257,1.2385308e-05,0.20375788,0
44,0.73333335,6.977845e-07,33.189743,33.189743,-0.00016162757,33.189743,8.111199e-05,197,197,50,0.0007320661,0.0023997428,1.2284692e-05,0.20375429,0
45,0.75,6.9119204e-07,33.189583,33.189583,-0.00015961147,33.189583,8.3390376e-05,197,197,50,0.0007286094,0.0023909754,1.2212921e-05,0.20375071,0
46,0.76666665,6.844944e-07,33.189423,33.189426,-0.00015961158,33.189426,8.584665e-05,200,200,51,0.0007248797,0.0023784991,1.2152302e-05,0.20374714,0
47,0.78333336,6.775467e-07,33.189262,33.189262,-0.00016277067,33.189262,8.8184715e-05,200,200,51,0.00072143547,0.0023761326,1.2141684e-05,0.20374337,0
48,0.8,6.7103355e-07,33.189102,33.189102,-0.00015961139,33.189102,9.052248e-05,200,200,51,0.0007173245,0.0023532258,1.2025681e-05,0.20373979,0
49,0.81666666,6.6459916e-07,33.188942,33.188942,-0.00015961131,33.188942,9.2989176e-05,200,200,51,0.0007136952,0.0023412658,1.1965872e-05,0.20373622,0
50,0.8333333,6.5714505e-07,33.188778,33.18878,-0.00016277118,33.18878,9.5267154e-05,200,200,51,0.00070926925,0.0023261092,1.1956699e-05,0.20373245,0
51,0.85,6.5151266e-07,33.18862,33.18862,-0.00015961051,33.18862,9.7694014e-05,200,200,51,0.00070625026,0.0023170742,1.184304e-05,0.20372887,0
52,0.8666667,6.453504e-07,33.18846,33.18846,-0.00015994355,33.18846,0.0001000325,200,200,51,0.0007027026,0.0023046182,1.1783118e-05,0.2037253,0
53,0.8833333,6.381319e-07,33.18829,33.18829,-0.00016942114,33.18829,0.00010000924,200,200,51,0.00069833564,0.0022893837,1.1762905e-05,0.20372158,0
54,0.9,6.314771e-07,33.18812,33.18812,-0.00016742552,33.18812,0.00010002117,200,200,51,0.0006929706,0.0022427437,1.16602805e-05,0.20371802,0
55,0.9166667,6.711606e-07,33.187954,33.187958,-0.0001677117,33.187958,0.000100085825,201,201,51,0.0007105796,0.002352246,1.1621548e-05,0.20371437,0
56,0.93333334,6.2020405e-07,33.18779,33.18779,-0.00016564102,33.18779,0.000100061305,201,201,51,0.00068791327,0.0022526628,1.1505415e-05,0.20371094,0
57,0.95,6.211173e-07,33.187622,33.187622,-0.00016891425,33.187622,0.00010006615,201,201,51,0.0006927446,0.002372594,1.1512811e-05,0.20370728,0
58,0.96666664,6.082673e-07,33.187454,33.187454,-0.00016660044,33.187454,0.000100073055,201,201,51,0.00068086444,0.0022291222,1.1403046e-05,0.20370379,0
59,0.98333335,6.028727e-07,33.187286,33.187286,-0.00016842179,33.187286,0.00010005021,201,201,51,0.0006761962,0.0021836213,1.1409211e-05,0.20370011,0
60,1,5.966264e-07,33.18712,33.18712,-0.00016676009,33.18712,0.000100057936,201,201,51,0.00067406625,0.0022093297,1.127161e-05,0.20369664,0
61,1.0166667,4.275617e-07,33.186947,33.18695,-0.00017041426,33.18695,0.00010003252,201,201,51,0.0005631381,0.0018373826,1.01530895e-05,0.20369294,0
62,1.0333333,0.009684372,33.18689,33.196575,0.009625921,33.196575,0.000100038524,205,205,52,0.09036331,2.0350368,0.0009323359,0.20370622,0
63,1.05,0.046904024,33.18754,33.23444,0.03786539,33.23444,0.00010003923,203,203,51,0.20159484,4.2005653,0.0026832367,0.20377596,0
64,1.0666667,0.106811784,33.19039,33.297203,0.06276102,33.297203,0.00010005129,203,203,49,0.31521633,5.230806,0.004557729,0.20398127,0
65,1.0833334,0.19182672,33.19808,33.389904,0.0927019,33.389904,0.0001000706,205,205,44,0.4238197,6.180014,0.0064343335,0.2044463,0
66,1.1,0.28621772,33.21389,33.500107,0.110203184,33.500107,0.000100067475,210,210,44,0.52163094,6.013467,0.008126228,0.20531006,0
67,1.1166667,0.3906851,33.24127,33.631954,0.1318478,33.631954,0.00010010597,210,210,45,0.6105662,5.439202,0.009688739,0.20671588,0
68,1.1333333,0.49477905,33.283215,33.777992,0.14603925,33.777992,0.00010013396,210,210,45,0.6825861,4.817172,0.011040949,0.20879008,0
69,1.15,0.5819514,33.341675,33.923626,0.14563274,33.923626,0.000100133315,213,213,43,0.7309383,4.2513714,0.01204969,0.21163768,0
70,1.1666666,0.6514629,33.41278,34.064247,0.14061902,34.064247,0.00010010743,214,214,43,0.76021445,4.0050306,0.0126653295,0.21499728,0
71,1.1833333,0.70255065,33.486393,34.188942,0.12469785,34.188942,0.00010028816,210,210,48,0.7697309,3.1235876,0.013061406,0.21841265,0
72,1.2,0.75317824,33.56642,34.3196,0.13065478,34.3196,0.00010024185,206,206,47,0.7771032,3.033084,0.013112688,0.2220379,0
73,1.2166667,0.7808456,33.654396,34.43524,0.11564473,34.43524,0.00010020275,204,204,44,0.7773518,3.0531385,0.013171831,0.22593373,0
74,1.2333333,0.7790051,33.74892,34.527924,0.09268221,34.527924,0.00010034529,193,193,35,0.768896,3.051689,0.013088111,0.23006561,0
75,1.25,0.75182325,33.843853,34.595676,0.06775091,34.595676,0.000100406614,198,194,36,0.7593697,3.5959778,0.012913954,0.23423795,0
76,1.2666667,0.6940965,33.93006,34.624157,0.02848136,34.624157,0.00010052976,207,207,36,0.7226784,3.6960158,0.012567057,0.23825413,0
77,1.2833333,0.6304109,34.034298,34.664707,0.040550496,34.664707,0.00010051697,206,202,35,0.67581856,4.5856395,0.011808827,0.24304117,0
78,1.3,0.56734645,34.144047,34.71139,0.04668387,34.71139,0.000100207675,211,211,34,0.6300954,5.25066,0.010999358,0.24814601,0
79,1.3166667,0.512798,34.258648,34.771446,0.060054645,34.771446,0.000100187906,215,215,34,0.597073,6.279432,0.010325396,0.25353438,0
80,1.3333334,0.46462122,34.378357,34.84298,0.0715322,34.84298,0.000100205514,201,201,26,0.5800178,7.3344865,0.009913201,0.25907505,0
81,1.35,0.42972916,34.49672,34.92645,0.0834716,34.92645,0.00010023494,204,204,38,0.5777146,8.1864195,0.009751899,0.2648106,0
82,1.3666667,0.38677135,34.620068,35.006836,0.08038715,35.006836,0.00010018499,210,210,39,0.5347113,8.237076,0.009149188,0.27098528,0
83,1.3833333,0.36882323,34.74652,35.11534,0.10850551,35.11534,0.00010018656,206,206,39,0.53967315,8.308099,0.00905245,0.2775185,0
84,1.4,0.3638644,34.87851,35.242374,0.12703238,35.242374,0.000100204365,207,207,43,0.5656802,8.21095,0.009319813,0.28469297,0
85,1.4166666,0.36730787,35.01716,35.384468,0.14209257,35.384468,0.00010018843,205,205,41,0.60012794,7.870862,0.009845559,0.29272595,0
86,1.4333333,0.37689036,35.16386,35.540752,0.156284,35.540752,0.000100281715,209,209,39,0.6345191,7.325662,0.010441914,0.30170187,0
87,1.45,0.3910667,35.318096,35.709164,0.16841015,35.709164,0.000100186524,206,205,39,0.6710447,6.751313,0.011039788,0.31149057,0
88,1.4666667,0.40848318,35.4748,35.883286,0.1741232,35.883286,0.00010017071,220,220,39,0.70541525,6.4700036,0.011655142,0.3219138,0
89,1.4833333,0.42934272,35.629353,36.058697,0.1754106,36.058697,0.00010022201,218,218,32,0.7339361,6.1829386,0.0121969255,0.33270532,0
90,1.5,0.45494506,35.776962,36.231907,0.1732109,36.231907,0.00010022563,213,212,34,0.7588797,5.800369,0.012670136,0.34354195,0
91,1.5166667,0.49220163,35.913174,36.405376,0.17347002,36.405376,0.00010004113,216,216,33,0.7783425,6.682448,0.0129291145,0.3538622,0
92,1.5333333,0.5367837,36.033073,36.56986,0.16448161,36.56986,0.0001001459,219,219,33,0.77659434,7.630845,0.013031718,0.3629352,0
93,1.55,0.5699683,36.134537,36.704506,0.13464639,36.704506,0.00010011312,218,218,31,0.74620914,6.0910487,0.013210963,0.3710359,0
94,1.5666667,0.679099,36.220726,36.899826,0.19532034,36.899826,0.0001000416,220,220,29,0.79668313,6.0954356,0.013031141,0.37793204,0
95,1.5833334,0.800573,36.30033,37.100903,0.20107895,37.100903,0.00010010776,224,224,30,0.862467,6.4584403,0.014023285,0.384318,0
96,1.6,0.9247752,36.361282,37.28606,0.18515527,37.28606,0.0001000608,226,226,29,0.91670924,7.22423,0.015193057,0.39012143,0
97,1.6166667,1.0342736,36.399277,37.43355,0.14749241,37.43355,0.00010013515,232,232,29,0.9415386,6.8235774,0.015747525,0.3948038,0
98,1.6333333,1.1438999,36.412308,37.55621,0.12265773,37.55621,0.00010022325,237,237,29,0.9827647,7.03854,0.016319007,0.39818305,0
99,1.65,1.2225821,36.398685,37.62127,0.06505988,37.62127,0.00010031503,244,243,28,1.0166376,6.6526637,0.017040463,0.40007627,0
100,1.6666666,1.2802436,36.364334,37.644577,0.023306899,37.644577,0.00010019595,264,264,29,1.012536,6.9985604,0.017220758,0.40041745,0
101,1.6833333,1.3612701,36.304157,37.66543,0.020851778,37.66543,0.0001003407,260,260,28,1.0060775,7.4798956,0.017191665,0.3992161,0
102,1.7,1.4777035,36.215008,37.69271,0.027281694,37.69271,0.000100256766,251,251,27,1.0515367,7.7366858,0.017468242,0.39585954,0
103,1.7166667,1.604585,36.100548,37.705135,0.012424999,37.705135,0.00010020028,245,245,24,1.0561357,8.653486,0.017864909,0.39068365,0
104,1.7333333,1.7459772,35.96628,37.71226,0.0071258545,37.71226,0.00010021709,234,234,24,1.0834246,9.070285,0.018134616,0.3841496,0
105,1.75,1.8903121,35.817047,37.70736,-0.0048993896,37.70736,0.000100193785,228,228,23,1.1206765,8.695727,0.018683236,0.37635565,0
106,1.7666667,2.0193155,35.662964,37.682278,-0.025083525,37.682278,0.000100287114,228,228,33,1.1504294,8.38774,0.01923623,0.36754692,0
107,1.7833333,2.1159642,35.514122,37.63009,-0.05218979,37.63009,0.000100171834,220,220,32,1.1653628,9.102455,0.019642157,0.35782447,0
108,1.8,2.1537364,35.38333,37.537067,-0.09301922,37.537067,0.00010022838,223,223,32,1.1683426,9.834835,0.019720199,0.34750935,0
109,1.8166667,2.1463847,35.28081,37.427197,-0.10987268,37.427197,0.00010028338,220,220,31,1.175044,10.759709,0.019797927,0.33701053,0
110,1.8333334,2.0882735,35.210644,37.298916,-0.12827839,37.298916,0.00010032325,224,224,31,1.1663861,11.77885,0.019804318,0.32653826,0
111,1.85,1.9679149,35.181576,37.14949,-0.14942761,37.14949,0.00010025629,227,227,30,1.1380476,12.551971,0.019421779,0.31660414,0
112,1.8666667,1.7954838,35.181763,36.977245,-0.17224397,36.977245,0.00010036144,243,243,28,1.1016406,12.796841,0.018883046,0.30737332,0
113,1.8833333,1.5678039,35.20536,36.773163,-0.2040814,36.773163,9.9741585e-05,243,243,27,1.040008,12.538621,0.018054834,0.2991401,0
114,1.9,1.2412071,35.235847,36.477055,-0.29610988,36.477055,0.000100275,239,239,31,0.9392487,9.152021,0.016693654,0.29326707,0
115,1.9166666,0.9783038,35.25114,36.229446,-0.24760953,36.229446,9.9678306e-05,238,238,24,0.81616867,9.251229,0.014718061,0.28756478,0
116,1.9333333,0.72083706,35.24775,35.968586,-0.26085833,35.968586,9.094436e-05,221,221,23,0.6758084,8.566639,0.012651139,0.2822574,0
117,1.95,0.52428657,35.234432,35.75872,-0.20986821,35.75872,5.979085e-05,218,215,24,0.52678823,7.6678004,0.010028907,0.27787483,0
118,1.9666667,0.3987044,35.204758,35.603462,-0.15525636,35.603462,3.641064e-05,217,215,30,0.40495658,6.6305633,0.0077214143,0.27396846,0
119,1.9833333,0.34946772,35.154606,35.504074,-0.099388175,35.504074,3.7002486e-05,222,222,39,0.35401797,6.236786,0.0063215727,0.2700574,0
120,2,0.34878024,35.08623,35.435013,-0.06906189,35.435013,4.1386567e-05,216,216,38,0.36726433,6.3384933,0.0060582403,0.2660024,0
121,2.0166667,0.38375768,35.009003,35.392757,-0.042253368,35.392757,4.706671e-05,217,217,38,0.43494406,7.1001267,0.0068152,0.26186454,0
122,2.0333333,0.42894423,34.939842,35.368786,-0.023972915,35.368786,4.897123e-05,214,214,37,0.5259332,8.632526,0.008205436,0.2580392,0
123,2.05,0.49603993,34.86773,35.36377,-0.005017445,35.36377,5.1732943e-05,218,218,25,0.6177364,9.5347805,0.009811961,0.25429553,0
124,2.0666666,0.56290364,34.788914,35.351818,-0.011950835,35.351818,5.5430566e-05,229,229,27,0.66217107,9.86958,0.010900621,0.25119865,0
125,2.0833333,0.68197215,34.6756,35.35757,0.0057515274,35.35757,5.8286714e-05,226,226,30,0.73493516,9.147302,0.011845495,0.24768321,0
126,2.1,0.8223223,34.527527,35.349846,-0.0077216057,35.349846,6.0803606e-05,218,218,33,0.7847295,7.89832,0.012942507,0.24369113,0
127,2.1166666,0.9805497,34.352257,35.332806,-0.017041001,35.332806,6.3716085e-05,220,220,33,0.83083904,6.313204,0.013682822,0.2393565,0
128,2.1333334,1.1391066,34.163754,35.30286,-0.029948043,35.30286,6.522489e-05,222,222,33,0.86513746,4.266657,0.014349702,0.23473938,0
129,2.15,1.2897967,33.98281,35.272606,-0.03025089,35.272606,6.6782355e-05,215,215,32,0.8922044,3.431344,0.014833967,0.23015618,0
130,2.1666667,1.4317518,33.8141,35.245853,-0.026755685,35.245853,6.890344e-05,211,211,32,0.9143832,3.4038725,0.015249852,0.22557269,0
131,2.1833334,1.561743,33.66656,35.228302,-0.017549533,35.228302,7.345814e-05,216,216,30,0.935665,3.5020866,0.015593349,0.22128855,0
132,2.2,1.6781702,33.546227,35.224396,-0.003906902,35.224396,7.7959034e-05,205,205,30,0.9698275,3.7723305,0.01597599,0.21754225,0
133,2.2166667,1.779133,33.455997,35.23513,0.010736593,35.23513,8.2025545e-05,221,221,36,0.99981135,3.7335434,0.016541857,0.21463576,0
134,2.2333333,1.8536571,33.394325,35.247982,0.012850634,35.247982,8.611526e-05,224,224,35,1.014947,3.486879,0.01687196,0.21274768,0
135,2.25,1.8948611,33.365757,35.260616,0.01263364,35.260616,8.78758e-05,219,219,35,1.0181093,3.3594983,0.01710278,0.21196473,0
136,2.2666667,1.8990563,33.365925,35.264984,0.0043665553,35.264984,9.028187e-05,229,229,35,1.0222129,3.1444166,0.017251918,0.21203105,0
137,2.2833333,1.8703018,33.394794,35.265095,0.00011376596,35.265095,9.300438e-05,228,228,35,1.0156697,2.8401291,0.017244224,0.21288015,0
138,2.3,1.8074905,33.4529,35.26039,-0.0047062216,35.26039,9.615905e-05,230,230,36,0.99842215,2.5380454,0.017051427,0.2144932,0
139,2.3166666,1.7215546,33.535385,35.25694,-0.003452406,35.25694,0.00010052353,220,220,36,0.9790269,2.3129582,0.01671845,0.21656556,0
140,2.3333333,1.6211812,33.636627,35.25781,0.0008690389,35.25781,0.0001003752,210,210,38,0.9583244,2.8083234,0.016365496,0.2187518,0
141,2.35,1.4957371,33.760155,35.25589,-0.0019168973,35.25589,0.00010037816,220,220,38,0.93425655,3.661274,0.015992614,0.22100726,0
142,2.3666666,1.3323694,33.90488,35.237247,-0.018640896,35.237247,0.00010028702,220,220,43,0.8964245,3.5230222,0.015486293,0.2238563,0
143,2.3833334,1.1812863,34.07,35.251286,0.014038074,35.251286,0.00010026128,221,221,43,0.85824394,3.7640877,0.014805845,0.2277942,0
144,2.4,1.0283563,34.240025,35.26838,0.017092105,35.26838,0.0001002239,214,214,43,0.8139342,4.0628376,0.014132382,0.23196045,0
145,2.4166667,0.87706614,34.411438,35.288506,0.02012594,35.288506,0.00010019628,218,217,43,0.76517534,4.434613,0.013326836,0.23641695,0
146,2.4333334,0.73198116,34.577175,35.30916,0.020651754,35.30916,0.00010014639,216,216,43,0.71151394,5.012105,0.012460986,0.24092577,0
147,2.45,0.59326947,34.731895,35.325165,0.0160096,35.325165,0.00010029514,210,210,41,0.648397,5.759944,0.011481305,0.24522652,0
148,2.4666667,0.46895462,34.86848,35.337437,0.012270191,35.337437,0.000100368576,203,203,43,0.5757589,6.6645436,0.01036175,0.24912179,0
149,2.4833333,0.3520711,34.987583,35.339657,0.0022182944,35.339657,0.000100480254,202,202,44,0.49922234,6.5770273,0.009054944,0.25295213,0
150,2.5,0.26792362,35.093277,35.3612,0.021543538,35.3612,0.00010050008,206,206,44,0.43061683,6.9297466,0.0078010345,0.25705364,0
151,2.5166667,9.27089,35.31398,44.584873,9.223673,44.584873,0.00010041213,189,185,41,3.154136,53.37166,0.029906379,0.27521515,0
152,2.5333333,13.575067,35.651573,49.22664,4.641768,49.22664,0.00010015718,211,210,36,3.8234348,50.70314,0.057155598,0.30556193,0
153,2.55,16.276337,35.931572,52.20791,2.981269,52.20791,9.987076e-05,248,247,25,4.1721983,40.075817,0.07051489,0.32359344,0
154,2.5666666,15.867845,36.13847,52.006313,-0.20159447,52.006313,8.633512e-05,247,246,19,3.455795,33.033436,0.063767284,0.34284386,0
155,2.5833333,14.584907,36.428963,51.01387,-0.9924441,51.01387,0.000101764745,245,244,25,2.8973794,22.46354,0.052035823,0.36140162,0
156,2.6,13.208068,36.717003,49.92507,-1.0887976,49.92507,0.00010462183,259,259,21,2.7460647,17.297451,0.047172002,0.37525177,0
157,2.6166666,11.792908,37.017,48.809906,-1.1151662,48.809906,9.66025e-05,241,241,30,2.546431,14.025665,0.044027936,0.38602552,0
158,2.6333334,10.472637,37.321434,47.79407,-1.0158352,47.79407,0.0001026596,242,238,27,2.2742732,14.048308,0.040282927,0.3946877,0
159,2.65,9.50983,37.65323,47.16306,-0.6310122,47.16306,0.00010093886,219,219,25,2.0729983,17.94019,0.036101237,0.40177405,0
160,2.6666667,8.909551,37.994205,46.903755,-0.25930247,46.903755,0.0001007241,229,229,26,1.9129319,20.471079,0.033062626,0.40773752,0
161,2.6833334,8.397764,38.332478,46.730244,-0.17351273,46.730244,0.00010044418,225,225,27,1.7845099,21.556358,0.030738406,0.41138846,0
162,2.7,7.4447517,38.68956,46.13431,-0.59593236,46.13431,8.2231774e-05,242,241,25,1.6299403,17.503181,0.02826119,0.4116002,0
163,2.7166667,6.5811424,39.08668,45.667824,-0.46648625,45.667824,8.698904e-05,256,256,20,1.5815605,15.010239,0.02634388,0.4076837,0
164,2.7333333,5.736548,39.51636,45.25291,-0.4149153,45.25291,0.000100330326,258,258,14,1.5824578,14.126155,0.0264145,0.40273055,0
165,2.75,5.0100827,39.974712,44.984795,-0.26811537,44.984795,0.00010213289,258,258,22,1.5429202,16.896362,0.02608855,0.39808178,0
166,2.7666667,4.1686387,40.370438,44.539078,-0.44571793,44.539078,0.00010125942,267,267,20,1.3581455,19.284506,0.024430446,0.3931892,0
167,2.7833333,3.350124,40.648823,43.998947,-0.5401294,43.998947,4.2543303e-05,274,274,18,1.0796998,20.657618,0.02011525,0.38890553,0
168,2.8,2.0618718,40.922512,42.984383,-1.0145646,42.984383,2.13385e-05,275,275,6,0.6810593,19.8182,0.013442711,0.38508362,0
169,2.8166666,1.5382521,41.11695,42.655205,-0.3291777,42.655205,1.4870645e-05,275,275,17,0.5574309,16.968756,0.010062956,0.3810875,0
170,2.8333333,1.1662174,41.21835,42.384567,-0.27063733,42.384567,2.1954662e-05,268,268,17,0.53404987,15.283777,0.009090288,0.37856394,0
171,2.85,1.0638641,41.17333,42.237194,-0.1473743,42.237194,1.9542873e-05,275,275,16,0.5143456,13.458012,0.008519594,0.37686878,0
172,2.8666666,1.0908171,41.020714,42.11153,-0.12566113,42.11153,2.2660684e-05,276,276,16,0.5747648,11.230279,0.008969268,0.37589374,0
173,2.8833334,1.2355025,40.7734,42.0089,-0.10263075,42.0089,1.8697609e-05,269,269,16,0.67204916,9.350492,0.01033724,0.3749698,0
174,2.9,1.4598727,40.44286,41.90273,-0.10617048,41.90273,1.7934124e-05,285,284,18,0.78741693,8.245375,0.012136439,0.37409014,0
175,2.9166667,1.7286184,40.047047,41.775665,-0.12706675,41.775665,1.820027e-05,279,279,17,0.91459936,8.297257,0.014248539,0.3727927,0
176,2.9333334,2.0594978,39.6234,41.6829,-0.09276445,41.6829,2.0744445e-05,267,267,17,1.026468,7.681433,0.01620176,0.37081236,0
177,2.95,2.444846,39.178093,41.62294,-0.059958763,41.62294,2.4361132e-05,258,258,16,1.1216031,6.937527,0.017904267,0.36799446,0
178,2.9666667,2.86278,38.69684,41.55962,-0.06332206,41.55962,2.8880859e-05,264,264,16,1.1998833,6.1020203,0.019377058,0.36446986,0
179,2.9833333,2.947398,38.22472,41.17212,-0.3875001,41.17212,3.513274e-05,259,259,24,1.239801,6.2586336,0.02040434,0.36064073,0
180,3,3.0496466,37.766125,40.81577,-0.3563486,40.81577,3.773974e-05,262,262,24,1.2423174,7.139635,0.020701624,0.35796154,0
181,3.0166667,3.3100595,37.345673,40.65573,-0.16003902,40.65573,3.7469577e-05,265,264,31,1.2189842,6.99721,0.020537619,0.35461769,0
182,3.0333333,3.1792784,36.991505,40.170784,-0.48494673,40.170784,5.1227624e-05,258,258,47,1.1622853,5.7579794,0.01986084,0.34958827,0
183,3.05,2.9810197,36.66699,39.64801,-0.52277505,39.64801,5.9900067e-05,267,267,34,1.082667,6.0328894,0.018653389,0.34396958,0
184,3.0666666,3.017251,36.31867,39.33592,-0.3120892,39.33592,6.620236e-05,255,250,19,1.0158626,8.149534,0.01739009,0.3383035,0
185,3.0833333,2.9149616,35.929283,38.844246,-0.49167353,38.844246,7.458559e-05,251,251,16,1.1525291,12.133171,0.017774733,0.33219987,0
186,3.1,3.0152278,35.703655,38.718884,-0.12536186,38.718884,8.133915e-05,261,261,22,1.2376117,14.818094,0.020431377,0.32535702,0
187,3.1166666,2.9405386,35.5254,38.465935,-0.25294876,38.465935,3.3336946e-05,261,261,22,1.3221372,15.726974,0.021367544,0.31715468,0
188,3.1333334,2.6012232,35.39558,37.996803,-0.46913365,37.996803,2.4169716e-05,253,253,19,1.3193251,13.84712,0.021768311,0.309927,0
189,3.15,2.2959423,35.273933,37.569878,-0.4269244,37.569878,2.807521e-05,247,247,18,1.2817309,16.495302,0.022001285,0.30334994,0
190,3.1666667,1.7007238,35.13985,36.840576,-0.7293024,36.840576,3.1099633e-05,266,266,18,1.0658174,13.701086,0.021098388,0.2978326,0
191,3.1833334,1.0493283,35.088966,36.138294,-0.7022812,36.138294,3.1206007e-05,269,269,18,0.795101,10.650416,0.014822175,0.2946939,0
192,3.2,0.72885805,35.05879,35.787643,-0.35064882,35.787643,3.46509e-05,269,269,31,0.6486475,10.972186,0.0119495755,0.292935,0
193,3.2166667,0.5452782,35.017258,35.562534,-0.22510943,35.562534,3.6885598e-05,267,267,31,0.5219059,10.499757,0.009790909,0.29094175,0
194,3.2333333,0.43699768,34.946358,35.383358,-0.17917897,35.383358,3.803192e-05,258,258,31,0.42492345,9.812898,0.007847949,0.28807342,0
195,3.25,0.39796075,34.84138,35.23934,-0.14401506,35.23934,4.321242e-05,263,263,32,0.37095958,8.48484,0.0066449814,0.28407022,0
196,3.2666667,0.39613983,34.711224,35.107365,-0.13197668,35.107365,0.000112466485,268,268,33,0.35339957,7.1872687,0.00599833,0.27946863,0
197,3.2833333,0.43981075,34.5616,35.00141,-0.10595533,35.00141,0.00011468734,264,264,31,0.4295636,6.060742,0.006805713,0.2740665,0
198,3.3,0.51600635,34.405262,34.92127,-0.08014069,34.92127,0.000100829355,250,250,20,0.5131058,5.6864376,0.008164345,0.26790032,0
199,3.3166666,0.599616,34.26279,34.862408,-0.05886233,34.862408,9.853838e-05,245,245,20,0.60231715,4.553561,0.009677306,0.26127493,0
200,3.3333333,0.6924697,34.134884,34.82735,-0.035054307,34.82735,0.0001003586,259,259,29,0.6855131,5.0091434,0.011193731,0.25473073,0
201,3.35,0.7803078,34.025097,34.805405,-0.02194944,34.805405,0.00010046545,278,278,28,0.7639926,5.5089703,0.01254894,0.24877402,0
202,3.3666666,0.7933166,33.958168,34.751484,-0.053918526,34.751484,0.00010056619,275,275,27,0.6981649,5.968867,0.012487189,0.24462792,0
203,3.3833334,0.78671664,33.933823,34.72054,-0.030946355,34.72054,0.00010038663,288,288,19,0.65420526,6.8296604,0.011840267,0.24238619,0
204,3.4,0.7757681,33.957993,34.73376,0.013221947,34.73376,0.000100467456,287,287,18,0.6370495,7.545489,0.011125927,0.24222583,0
205,3.4166667,0.74511224,34.017532,34.76264,0.028883267,34.76264,0.00010026464,278,278,16,0.641548,7.974757,0.01097243,0.24323888,0
206,3.4333334,0.6609381,34.08721,34.74815,-0.014494504,34.74815,0.000100269404,282,282,16,0.6261612,8.493689,0.010967791,0.24462453,0
207,3.45,0.57704645,34.16199,34.73904,-0.0091099255,34.73904,0.00010037337,286,286,27,0.59265965,9.112457,0.010512408,0.24604155,0
208,3.4666667,0.5010766,34.227154,34.72823,-0.010809206,34.72823,0.00010028659,278,278,26,0.56034255,9.61507,0.009964642,0.24689321,0
209,3.4833333,0.39994058,34.27996,34.6799,-0.04832754,34.6799,0.000100092606,278,278,46,0.5283741,8.832486,0.009435608,0.24809802,0
210,3.5,0.2977761,34.310432,34.60821,-0.07169194,34.60821,0.0001006016,282,282,46,0.4653476,8.162843,0.008758495,0.24878865,0
211,3.5166667,0.22424497,34.33688,34.561123,-0.047086254,34.561123,0.00010025664,290,290,46,0.3967841,8.036879,0.0074568302,0.2502585,0
212,3.5333333,0.1820776,34.355347,34.537426,-0.023698762,34.537426,0.000100257894,277,277,48,0.35970572,7.9839454,0.0065386924,0.2517839,0
213,3.55,0.1750158,34.362137,34.53715,-0.00027359577,34.53715,0.00010039282,278,278,47,0.36084995,8.160096,0.0061964476,0.25270748,0
214,3.5666666,0.20696616,34.353462,34.56043,0.023278486,34.56043,0.00010028113,275,275,44,0.40152833,8.57593,0.0064490708,0.2528056,0
215,3.5833333,0.2554099,34.331196,34.58661,0.026177522,34.58661,0.00010027202,275,275,53,0.4410514,9.2692,0.0072221966,0.25222492,0
216,3.6,0.26207593,34.308643,34.57072,-0.01588845,34.57072,0.00010046833,259,259,52,0.42431068,7.835262,0.0074640834,0.2521384,0
217,3.6166666,0.3264136,34.30532,34.631737,0.061016224,34.631737,0.00010028984,259,259,53,0.4701406,8.016482,0.0076377154,0.2540276,0
218,3.6333334,0.38231683,34.308537,34.690853,0.05911628,34.690853,0.00010034192,266,266,53,0.49206617,8.279166,0.008266467,0.25627074,0
219,3.65,0.42233777,34.323677,34.746014,0.055161435,34.746014,0.00010040982,261,261,53,0.48840117,8.244857,0.008334151,0.2590209,0
220,3.6666667,0.4472126,34.35573,34.80294,0.056927167,34.80294,0.00010030408,261,261,52,0.4589937,6.639665,0.007956403,0.26243922,0
221,3.6833334,0.4798976,34.40422,34.884117,0.08117661,34.884117,0.00010038918,261,261,50,0.46772367,5.493684,0.007854316,0.26623458,0
222,3.7,0.5115177,34.463886,34.975403,0.09128606,34.975403,9.880659e-05,271,271,53,0.4909396,5.396405,0.008162386,0.27020735,0
223,3.7166667,0.5254622,34.534946,35.06041,0.085007265,35.06041,0.00010030712,272,272,54,0.50284934,5.629243,0.008447856,0.27438703,0
224,3.7333333,0.52410877,34.61874,35.14285,0.08243778,35.14285,0.00010050086,273,273,51,0.5100583,6.1337214,0.008583501,0.27884278,0
225,3.75,0.49687052,34.712494,35.209362,0.06651464,35.209362,0.00010039887,271,271,49,0.5190794,5.5702295,0.008658576,0.28351334,0
226,3.7666667,0.46150595,34.819416,35.280922,0.07155806,35.280922,0.00010037493,276,274,49,0.51812077,5.732135,0.008826016,0.28870264,0
227,3.7833333,0.41466781,34.931683,35.346348,0.06542893,35.346348,0.000100330835,272,272,48,0.50458634,5.574317,0.008698672,0.29421148,0
228,3.8,0.3747682,35.04615,35.42092,0.07457034,35.42092,0.00010038659,271,271,48,0.48213884,5.784897,0.00835848,0.2999387,0
229,3.8166666,0.3427782,35.158688,35.501465,0.08054408,35.501465,0.00010036953,270,270,52,0.46316683,6.3899283,0.007999223,0.3056888,0
230,3.8333333,0.31586897,35.26612,35.58199,0.0805248,35.58199,0.00010022212,268,268,52,0.45241714,6.928537,0.0077652424,0.3113916,0
231,3.85,0.30014336,35.36571,35.665855,0.08386585,35.665855,0.00010024391,269,269,55,0.44001815,7.6964064,0.0075540114,0.317011,0
232,3.8666666,0.29232618,35.458942,35.75127,0.08541533,35.75127,0.000100427475,275,275,55,0.43662173,8.4744,0.0074722087,0.32268152,0
233,3.8833334,0.2883302,35.550674,35.839005,0.08773426,35.839005,9.992424e-05,280,280,57,0.45905533,8.770008,0.007614038,0.32864824,0
234,3.9,0.2787516,35.639065,35.917816,0.07881226,35.917816,0.00010014213,271,271,56,0.468777,8.618793,0.007927722,0.33498606,0
235,3.9166667,0.2893978,35.72343,36.01283,0.095010675,36.01283,0.00010029143,267,267,56,0.49787396,8.436068,0.008250606,0.341647,0
236,3.9333334,0.31294262,35.807594,36.120537,0.10770947,36.120537,0.00010029131,264,264,51,0.5443313,7.98718,0.008865736,0.3488202,0
237,3.95,0.34252283,35.895344,36.237865,0.11733063,36.237865,0.00010027444,255,254,50,0.59819734,7.107035,0.0097054625,0.35641658,0
238,3.9666667,0.38174108,35.981773,36.363514,0.12564561,36.363514,0.00010026792,259,259,51,0.65944475,6.0072894,0.010763246,0.36405236,0
239,3.9833333,0.42941365,36.06269,36.492104,0.12859227,36.492104,0.000100220015,258,258,46,0.7050236,6.303066,0.011737262,0.37121844,0
240,4,0.47772872,36.129482,36.607212,0.115106374,36.607212,0.00010019147,256,256,45,0.75089854,6.8616505,0.012437297,0.37759644,0
241,4.016667,0.43499014,36.16113,36.59612,-0.011093242,36.59612,0.000100107995,241,241,45,0.68147415,6.5917435,0.011816227,0.38175368,0
242,4.0333333,0.4439795,36.14029,36.584267,-0.011850392,36.584267,9.438112e-05,247,247,45,0.6658505,6.1928625,0.01112413,0.38291284,0
243,4.05,0.50753105,36.064796,36.572327,-0.0119408835,36.572327,8.711478e-05,252,251,45,0.69612485,5.94531,0.011270251,0.38122362,0
244,4.0666666,0.6041053,35.941566,36.54567,-0.026656004,36.54567,8.2103805e-05,262,258,44,0.755208,5.4484305,0.012049451,0.37673676,0
245,4.0833335,0.5609392,35.815125,36.376064,-0.16960712,36.376064,7.907463e-05,258,258,44,0.6396178,4.692477,0.01109297,0.3714218,0
246,4.1,0.6569319,35.678284,36.335217,-0.0408472,36.335217,7.9072335e-05,248,248,58,0.6419825,5.014477,0.010605705,0.36496976,0
247,4.116667,0.7932843,35.519775,36.313057,-0.022158524,36.313057,8.041976e-05,258,258,50,0.700405,6.316882,0.011194152,0.35698375,0
248,4.133333,0.9424601,35.347733,36.290195,-0.022863904,36.290195,8.306361e-05,258,258,48,0.7526992,7.5693955,0.012112369,0.34758732,0
249,4.15,1.0978348,35.165585,36.26342,-0.026774662,36.26342,8.703946e-05,254,254,47,0.8256353,8.778135,0.013123928,0.33677104,0
250,4.1666665,1.2745712,34.970882,36.245453,-0.017965637,36.245453,9.007128e-05,259,259,43,0.9436197,9.780649,0.014683215,0.32427135,0
251,4.1833334,1.4706043,34.754623,36.225227,-0.020226482,36.225227,6.773893e-05,260,260,42,1.0940588,10.635785,0.017001597,0.3094475,0
252,4.2,1.6713063,34.52239,36.193695,-0.03153223,36.193695,6.8128305e-05,261,257,40,1.25579,11.2305565,0.01962219,0.29234898,0
253,4.2166667,1.8664464,34.28522,36.15167,-0.042025995,36.15167,7.0927425e-05,258,258,39,1.3995085,11.9860325,0.022177292,0.27355364,0
254,4.233333,1.9512882,34.070366,36.021652,-0.13001625,36.021652,7.430965e-05,250,250,37,1.5029569,13.424205,0.024282249,0.25405222,0
255,4.25,1.8700107,33.854424,35.724434,-0.2972176,35.724434,0.000108167595,247,243,45,1.4808189,15.916346,0.025216483,0.2356731,0
256,4.266667,1.735417,33.75242,35.487835,-0.2366005,35.487835,7.9548445e-05,250,250,43,1.3834999,18.576933,0.023455266,0.22551659,0
257,4.2833333,1.7003454,33.721886,35.42223,-0.065605,35.42223,8.355731e-05,236,236,37,1.387206,17.725042,0.023096897,0.22164989,0
258,4.3,1.6600549,33.70951,35.369564,-0.05266525,35.369564,8.712815e-05,243,243,35,1.3902502,16.15382,0.023193594,0.21944413,0
259,4.3166666,1.4636823,33.728714,35.192398,-0.17716847,35.192398,9.159623e-05,246,246,34,1.2753971,12.905668,0.02186334,0.22022328,0
260,4.3333335,1.3167552,33.772503,35.089256,-0.103138186,35.089256,9.498753e-05,253,253,32,1.195296,10.538648,0.020585906,0.22247916,0
261,4.35,1.1962303,33.81673,35.01296,-0.07629799,35.01296,9.792888e-05,241,241,32,1.1126156,9.32772,0.01924371,0.2251141,0
262,4.366667,1.0735922,33.858307,34.9319,-0.08106013,34.9319,0.00010041992,256,256,36,1.0185483,8.202159,0.017702106,0.22799832,0
263,4.383333,0.93859094,33.925697,34.86429,-0.067612156,34.86429,0.0001003664,264,264,45,0.89456296,6.6299496,0.015737237,0.2320108,0
264,4.4,0.8457391,33.996105,34.841843,-0.022444975,34.841843,0.00010018176,261,261,45,0.7967016,5.756193,0.01409809,0.23584312,0
265,4.4166665,0.7617813,34.061394,34.823177,-0.018667016,34.823177,9.777773e-05,261,261,44,0.702314,5.0212154,0.012471011,0.23907606,0
266,4.4333334,0.6828271,34.117702,34.80053,-0.022647202,34.80053,9.40975e-05,268,268,46,0.60203224,3.5311992,0.010824598,0.24142246,0
267,4.45,0.62180865,34.1651,34.786907,-0.013621112,34.786907,9.692986e-05,264,264,44,0.530455,2.4004374,0.009393923,0.24290718,0
268,4.4666667,0.5732657,34.203014,34.77628,-0.0106275035,34.77628,9.991263e-05,261,261,44,0.4829414,1.9983385,0.008348938,0.24348523,0
269,4.483333,0.5336722,34.234276,34.76795,-0.008332542,34.76795,0.000100188416,260,260,54,0.4496971,2.1480298,0.0077066002,0.24328528,0
270,4.5,0.4923386,34.2655,34.757835,-0.010110576,34.757835,0.00010046598,257,257,53,0.43463472,2.1792748,0.007368306,0.24241664,0
271,4.516667,0.45260078,34.29523,34.747833,-0.010005107,34.747833,0.000100116646,256,256,47,0.41800654,2.5470161,0.007099657,0.24097995,0
272,4.5333333,0.41212073,34.32598,34.738102,-0.009731507,34.738102,0.000100390534,253,253,46,0.39643863,2.811257,0.0067870812,0.23921539,0
273,4.55,0.3748936,34.35492,34.729813,-0.0082872575,34.729813,0.000100098005,255,255,46,0.36993015,3.0542924,0.0063882894,0.23723638,0
274,4.5666666,0.3372531,34.38379,34.721043,-0.008770976,34.721043,0.00010017719,249,249,45,0.37686706,3.372516,0.0060735,0.23525974,0
275,4.5833335,0.30303186,34.408787,34.71182,-0.00922412,34.71182,0.00010017382,249,249,37,0.40571204,3.614299,0.0065161358,0.23334306,0
276,4.6,0.2753438,34.427414,34.702755,-0.00906166,34.702755,0.00010009318,245,245,37,0.43641388,3.6606166,0.0070203766,0.23156767,0
277,4.616667,0.25751108,34.4371,34.69461,-0.008144384,34.69461,0.00010005625,244,244,45,0.46580502,3.6574726,0.007524237,0.22998284,0
278,4.633333,0.25275442,34.435356,34.68811,-0.006499855,34.68811,0.000100279154,245,245,51,0.49206465,3.442851,0.007991818,0.22859049,0
279,4.65,0.26287514,34.41969,34.682564,-0.005546832,34.682564,0.00010015544,241,241,51,0.5130176,3.129799,0.00838618,0.22734147,0
280,4.6666665,0.28684565,34.390312,34.67716,-0.0054055704,34.67716,0.00010026351,239,239,51,0.5241804,2.6182423,0.008653358,0.22623481,0
281,4.6833334,0.32830778,34.34464,34.672947,-0.004212313,34.672947,0.00010023346,244,244,54,0.5309545,2.0710337,0.008797353,0.22509432,0
282,4.7,0.38765618,34.28185,34.669502,-0.0034439715,34.669502,0.00010023783,242,242,62,0.53435075,1.5049762,0.008882635,0.22380365,0
283,4.7166667,0.46294603,34.203148,34.666096,-0.0034086637,34.666096,0.00010027846,243,243,62,0.5372431,1.2921773,0.008925567,0.2223187,0
284,4.733333,0.54907763,34.112743,34.66182,-0.004273905,34.66182,0.00010029076,248,248,62,0.54006976,1.3826343,0.008979301,0.2206759,0
285,4.75,0.64020365,34.016464,34.656666,-0.005154286,34.656666,0.00010024766,244,244,61,0.5434979,1.5663916,0.009028235,0.21897043,0
286,4.766667,0.7327754,33.916924,34.6497,-0.006965711,34.6497,0.000100221776,244,244,60,0.5758042,1.7441815,0.009355968,0.21719599,0
287,4.7833333,0.8217301,33.82138,34.643112,-0.0065895864,34.643112,0.0001002874,248,248,59,0.6030032,1.9063603,0.009841029,0.2155707,0
288,4.8,0.9001216,33.733406,34.633526,-0.009583698,34.633526,0.00010036333,246,246,59,0.62770814,2.1756766,0.010259896,0.21411203,0
289,4.8166666,0.9643356,33.656754,34.621086,-0.012440049,34.621086,0.00010045279,251,251,59,0.65064365,2.389987,0.0106587885,0.21289009,0
290,4.8333335,1.0118458,33.594826,34.606674,-0.0144142,34.606674,0.000100375815,246,246,52,0.6631457,2.4446812,0.010989591,0.21195436,0
291,4.85,1.0322951,33.553486,34.58578,-0.020892993,34.58578,0.00010438182,247,247,46,0.66603494,2.5136049,0.011056865,0.2113542,0
292,4.866667,1.0401922,33.530148,34.57034,-0.015440615,34.57034,0.000108372566,244,244,46,0.6811812,2.5371764,0.011234137,0.21098886,0
293,4.883333,1.0346243,33.522297,34.556923,-0.01341728,34.556923,0.00010978052,241,241,46,0.70687234,2.4249506,0.011506098,0.2108225,0
294,4.9,1.0061772,33.533825,34.54,-0.016920153,34.54,0.000100655365,243,243,46,0.74136204,2.4375846,0.012079182,0.21090491,0
295,4.9166665,0.9693826,33.556213,34.525593,-0.0144074,34.525593,0.00010062745,244,244,46,0.77519095,2.2873528,0.01263796,0.21111579,0
296,4.9333334,0.92872554,33.586407,34.515133,-0.010461476,34.515133,0.00010051307,246,246,56,0.808094,2.0812984,0.013210588,0.21142651,0
297,4.95,0.88948965,33.62009,34.509583,-0.005551602,34.509583,0.00010043801,244,244,55,0.82934046,2.446561,0.013675491,0.2117729,0
298,4.9666667,0.8479872,33.656174,34.50416,-0.0054189665,34.50416,0.0001005964,242,242,56,0.83876956,2.7690694,0.013903816,0.21228978,0
299,4.983333,0.8030323,33.69513,34.49816,-0.006000494,34.49816,0.00010048322,243,243,56,0.84170556,3.0813906,0.014016773,0.21306573,0
300,5,0.7496462,33.74143,34.491074,-0.007088197,34.491074,0.00010043113,246,246,56,0.8342872,3.3732433,0.013979271,0.21431184,0
301,5.016667,0.69179326,33.79333,34.485123,-0.0059494553,34.485123,0.00010052655,243,243,56,0.8166259,3.6550171,0.013766502,0.2160272,0
302,5.0333333,0.6309482,33.848274,34.479225,-0.005901104,34.479225,0.00010050607,242,242,56,0.7893173,3.880218,0.013389436,0.21815482,0
303,5.05,0.5673894,33.905704,34.473095,-0.006128584,34.473095,0.00010053169,238,238,55,0.7523761,4.0098505,0.012851183,0.2206833,0
304,5.0666666,0.50251216,33.964855,34.46737,-0.0057263384,34.46737,0.000100462166,239,239,54,0.70691764,4.010601,0.01216101,0.22356558,0
305,5.0833335,0.4378923,34.024017,34.46191,-0.005457028,34.46191,0.00010037648,235,235,53,0.6537786,3.890748,0.011335406,0.22670087,0
306,5.1,0.37472287,34.08198,34.456707,-0.0052055735,34.456707,0.00010047429,237,237,46,0.594782,3.5881977,0.010399626,0.22997454,0
307,5.116667,0.31327406,34.138214,34.45149,-0.005218849,34.45149,0.000100374855,239,239,46,0.5283589,3.0757146,0.00933929,0.23327182,0
308,5.133333,0.25838548,34.188885,34.44727,-0.0042180284,34.44727,0.0001004155,233,233,46,0.45829237,2.4462888,0.008201161,0.23630928,0
309,5.15,0.21284184,34.229916,34.442757,-0.004513046,34.442757,0.00010044154,234,234,46,0.39281374,1.8397107,0.007059968,0.238837,0
310,5.1666665,0.177421,34.261055,34.438477,-0.004281091,34.438477,0.00010049352,231,231,46,0.338925,1.2908229,0.006039082,0.24077873,0
311,5.1833334,0.15328474,34.282154,34.43544,-0.0030351682,34.43544,0.0001004339,231,231,46,0.30712232,0.82688767,0.005325427,0.242018,0
312,5.2,0.14375183,34.28911,34.43286,-0.002579137,34.43286,0.00010045911,235,235,54,0.30332243,0.813335,0.005022877,0.24246155,0
313,5.2166667,0.14871788,34.281685,34.430405,-0.0024558974,34.430405,0.00010049352,230,230,59,0.32638985,0.9161137,0.0052050767,0.24211137,0
314,5.233333,0.16767302,34.2602,34.42787,-0.0025311725,34.42787,0.00010051618,233,233,60,0.3682434,1.3969077,0.005762159,0.2410151,0
315,5.25,0.19944057,34.225674,34.425117,-0.0027574808,34.425117,0.00010037523,239,239,61,0.42272797,1.9137658,0.0065815835,0.23923539,0
316,5.266667,0.2424719,34.179577,34.42205,-0.003066706,34.42205,0.00010041737,239,239,60,0.4836233,2.4247928,0.0075549413,0.2368635,0
317,5.2833333,0.2947079,34.12394,34.418648,-0.0034026199,34.418648,0.00010043397,245,245,60,0.54625547,2.9081912,0.008591887,0.23402375,0
318,5.3,0.35230774,34.062164,34.41447,-0.004176368,34.41447,0.00010043398,248,248,60,0.6050501,3.2723882,0.00961648,0.23091264,0
319,5.3166666,0.41290182,33.99743,34.41033,-0.0041398373,34.41033,0.00010048328,247,247,59,0.65745217,3.4747853,0.010535922,0.22774732,0
320,5.3333335,0.47532943,33.930588,34.40592,-0.0044135703,34.40592,0.00010044366,247,247,59,0.70426637,3.5939302,0.011363679,0.22461846,0
321,5.35,0.5373328,33.863895,34.40123,-0.0046888953,34.40123,0.00010047392,244,244,54,0.74443054,3.6378684,0.012088412,0.22165388,0
322,5.366667,0.59669614,33.799595,34.39629,-0.0049369573,34.39629,0.00010043706,247,247,55,0.7772158,3.6225271,0.01269559,0.21896516,0
323,5.383333,0.6507388,33.74025,34.390987,-0.0053029265,34.390987,0.000100422,245,245,54,0.80193704,3.5901396,0.01317429,0.21665564,0
324,5.4,0.6986928,33.687008,34.3857,-0.0052866763,34.3857,0.000100476966,245,245,54,0.81853044,3.5359135,0.013516488,0.2147706,0
325,5.4166665,0.7405032,33.639793,34.3803,-0.005403212,34.3803,0.00010041051,245,245,54,0.8272404,3.4332643,0.0137252165,0.21329921,0
326,5.4333334,0.7762504,33.59868,34.374928,-0.0053701475,34.374928,0.00010051441,248,248,54,0.828493,3.2788033,0.013806535,0.21221916,0
327,5.45,0.8052039,33.563847,34.36905,-0.0058789384,34.36905,0.00010049402,245,245,54,0.8228749,3.0514112,0.013766938,0.21149452,0
328,5.4666667,0.8266275,33.536625,34.363255,-0.005795579,34.363255,0.00010052655,246,246,54,0.8109939,2.7535126,0.013619816,0.21109846,0
329,5.483333,0.8407951,33.517075,34.35787,-0.005384329,34.35787,0.00010053082,247,247,55,0.7934993,2.4357052,0.013372783,0.21097401,0
330,5.5,0.8474664,33.50532,34.35279,-0.0050799255,34.35279,0.0001005571,246,246,54,0.7680581,2.0138993,0.013010433,0.21105409,0
331,5.516667,0.8467482,33.501194,34.347942,-0.0048473165,34.347942,0.000100542245,249,249,64,0.7425775,1.7130481,0.012580038,0.2112639,0
332,5.5333333,0.837216,33.50587,34.34309,-0.004853761,34.34309,0.00010044169,253,253,64,0.71704763,1.5761383,0.012158314,0.21160758,0
333,5.55,0.8179546,33.51993,34.337887,-0.0052003604,34.337887,0.00010051035,254,254,58,0.6905377,1.5938984,0.011724337,0.21206893,0
334,5.5666666,0.78905976,33.543503,34.33256,-0.0053245407,34.33256,0.0001005427,252,252,58,0.663219,1.5940571,0.01127526,0.21263902,0
335,5.5833335,0.750842,33.576305,34.32715,-0.0054161814,34.32715,0.000100513906,247,247,57,0.6351093,1.5777024,0.010812507,0.21331263,0
336,5.6,0.70413554,33.617973,34.32211,-0.00503958,34.32211,0.000100184516,245,245,57,0.6065674,1.5424157,0.0103397295,0.21409279,0
337,5.616667,0.6467104,33.66967,34.31638,-0.005727771,34.31638,0.000100439465,245,245,57,0.5782639,1.5152326,0.009864968,0.21500108,0
338,5.633333,0.5826347,33.728584,34.31122,-0.005161575,34.31122,0.00010046373,249,249,57,0.550554,1.489853,0.009398983,0.21601397,0
339,5.65,0.5155556,33.791176,34.306732,-0.004485002,34.306732,0.0001001476,245,245,55,0.5232406,1.4619753,0.008939813,0.21710622,0
340,5.6666665,0.4466914,33.855297,34.301987,-0.0047448245,34.301987,0.00010044156,244,244,55,0.49664414,1.4358757,0.008490792,0.21825509,0
341,5.6833334,0.37957746,33.918312,34.29789,-0.0040999297,34.29789,0.00010017344,244,244,55,0.47063845,1.3885928,0.00805287,0.2194371,0
342,5.7,0.3169026,33.97744,34.294342,-0.0035445616,34.294342,0.000100240366,244,244,55,0.44504908,1.3140924,0.0076232385,0.22061776,0
343,5.7166667,0.2607858,34.030468,34.291252,-0.003091411,34.291252,0.00010011797,242,242,61,0.41966927,1.2112623,0.0071987696,0.22176309,0
344,5.733333,0.21311553,34.075535,34.28865,-0.0026028438,34.28865,0.00010011471,241,241,63,0.3943364,1.0815963,0.0067762192,0.22284032,0
345,5.75,0.1753679,34.11115,34.28652,-0.0021334593,34.28652,0.00010015134,241,241,62,0.36734733,1.0367459,0.006345253,0.22381715,0
346,5.766667,0.14801435,34.13647,34.284485,-0.002030746,34.284485,0.00010010896,240,240,62,0.34078857,1.0984752,0.0058877277,0.22465351,0
347,5.7833333,0.13139895,34.150948,34.28235,-0.0021384114,34.28235,0.00010009558,240,240,62,0.31761944,1.1682624,0.0054715616,0.22532086,0
348,5.8,0.12513837,34.15481,34.27995,-0.002398294,34.27995,0.000100168174,242,242,62,0.29941443,1.223709,0.0051235827,0.2258066,0
349,5.8166666,0.1287436,34.14888,34.277622,-0.0023259267,34.277622,0.00010010218,241,241,62,0.28844675,1.2447536,0.004877699,0.22610532,0
350,5.8333335,0.14171995,34.132908,34.274628,-0.0029936093,34.274628,0.000100142584,245,245,62,0.28685462,1.1459349,0.0047702906,0.22620526,0
351,5.85,0.16235207,34.10798,34.27033,-0.0042994902,34.27033,0.00010015193,249,249,62,0.2950007,0.87494534,0.004801829,0.22606757,0
352,5.866667,0.19122341,34.074745,34.26597,-0.00436222,34.26597,0.00010014423,252,252,62,0.3199656,0.91564006,0.005101245,0.22564815,0
353,5.883333,0.22826642,34.0341,34.262367,-0.00360071,34.262367,0.00010013776,257,257,65,0.35616115,0.94716173,0.0056234915,0.22493403,0
354,5.9,0.2725332,33.98684,34.259373,-0.002994889,34.259373,0.00010014897,252,252,64,0.39973712,0.9580087,0.0062964824,0.2239282,0
355,5.9166665,0.3226843,33.933758,34.256443,-0.0029293196,34.256443,0.000100503385,250,250,64,0.44796416,0.98197645,0.0070625194,0.22264731,0
356,5.9333334,0.3772142,33.876446,34.253662,-0.00278174,34.253662,0.00010038457,251,251,64,0.49490783,1.0840656,0.007871083,0.22113036,0
357,5.95,0.43420544,33.816483,34.25069,-0.0029709584,34.25069,0.0001003756,253,253,64,0.53978807,1.2427967,0.008630324,0.219458,0
358,5.9666667,0.49193984,33.755505,34.247444,-0.0032469707,34.247444,0.00010043197,254,254,64,0.5836392,1.4090871,0.009373085,0.2176912,0
359,5.983333,0.5480215,33.695454,34.243473,-0.003969017,34.243473,0.000100378005,254,254,64,0.62182206,1.5330532,0.0100567425,0.21590509,0
360,6,0.5978176,33.638733,34.23655,-0.006924148,34.23655,0.00010042075,253,253,64,0.6575056,1.6562501,0.010674375,0.21417008,0
361,6.016667,0.64368474,33.58656,34.230244,-0.006307502,34.230244,0.00010036079,252,252,64,0.6924512,1.8021064,0.011259144,0.21253532,0
362,6.0333333,0.6834775,33.540596,34.22407,-0.0061696223,34.22407,0.00010042716,249,249,63,0.721747,1.9328829,0.011798675,0.21105887,0
363,6.05,0.7154676,33.50208,34.217545,-0.0065267333,34.217545,0.00010056241,245,245,58,0.74665874,2.067601,0.012251838,0.20980313,0
364,6.0666666,0.7375393,33.472893,34.210434,-0.0071128923,34.210434,0.000100545396,248,248,58,0.7657234,2.1966949,0.012614585,0.20884429,0
365,6.0833335,0.7514608,33.4531,34.20456,-0.0058723376,34.20456,0.00010056819,249,249,58,0.77967215,2.341348,0.012890187,0.20820272,0
366,6.1,0.75805503,33.441784,34.19984,-0.004721266,34.19984,0.00010025076,246,246,58,0.78729355,2.5017323,0.013069092,0.20788415,0
367,6.116667,0.7564077,33.43797,34.194374,-0.0054635215,34.194374,0.00010063691,244,244,58,0.7876953,2.62863,0.013133711,0.20788325,0
368,6.133333,0.74202853,33.447132,34.189163,-0.0052141594,34.189163,0.0001005994,241,241,57,0.7813547,2.7123415,0.013082674,0.20828338,0
369,6.15,0.71854687,33.46563,34.184174,-0.0049863462,34.184174,0.0001005577,237,237,57,0.768421,2.7587895,0.0129202,0.20904022,0
370,6.1666665,0.68668634,33.49259,34.17928,-0.004896397,34.17928,0.0001005335,241,241,56,0.7491239,2.7617795,0.012649824,0.21012168,0
371,6.1833334,0.6473828,33.527134,34.17452,-0.0047615594,34.17452,0.00010057562,240,240,56,0.7237581,2.7105427,0.012275725,0.2114869,0
372,6.2,0.6017389,33.56822,34.169956,-0.004560412,34.169956,0.00010059452,239,239,56,0.6929147,2.5888767,0.011804512,0.2130845,0
373,6.2166667,0.5510359,33.614624,34.16566,-0.004297781,34.16566,0.00010051282,241,241,56,0.65749675,2.3775136,0.01125119,0.21485272,0
374,6.233333,0.49606696,33.66534,34.161407,-0.004250817,34.161407,0.00010051908,242,242,55,0.61559725,2.023917,0.010604448,0.21672839,0
375,6.25,0.44018084,33.717503,34.157684,-0.0037237557,34.157684,0.00010048017,234,234,54,0.57085484,1.6643268,0.009878809,0.21855973,0
376,6.266667,0.38491216,33.769295,34.154205,-0.003477705,34.154205,0.000100485726,233,233,53,0.52563363,1.4135066,0.009125426,0.22028387,0
377,6.2833333,0.33050883,33.82071,34.15122,-0.0029891431,34.15122,0.00010025553,234,234,53,0.48002917,1.1809754,0.00836784,0.22189446,0
378,6.3,0.27951214,33.869244,34.148754,-0.0024630046,34.148754,0.00010013423,234,234,53,0.43831104,1.0528653,0.00762665,0.22332653,0
379,6.3166666,0.23302348,33.913006,34.146027,-0.0027269945,34.146027,0.00010037456,233,233,53,0.40167868,1.0185149,0.006985506,0.22456485,0
380,6.3333335,0.19204238,33.951214,34.143257,-0.002772345,34.143257,0.00010041579,241,241,58,0.36806688,0.9800173,0.0063976897,0.22559547,0
381,6.35,0.15753786,33.983032,34.140568,-0.0026857934,34.140568,0.00010039572,246,246,63,0.33901465,0.93091697,0.0058731525,0.2264029,0
382,6.366667,0.13035452,34.007652,34.13801,-0.0025619536,34.13801,0.000100481695,245,245,62,0.3161523,0.96052074,0.0054383087,0.22697406,0
383,6.383333,0.111206114,34.024406,34.135612,-0.0023967223,34.135612,0.00010038742,243,243,62,0.30109286,1.028162,0.0051207384,0.22729984,0
384,6.4,0.100623585,34.03275,34.133373,-0.0022381858,34.133373,0.00010041187,241,241,62,0.29515696,1.1086143,0.0049455822,0.22737414,0
385,6.4166665,0.09853614,34.032646,34.131184,-0.0021901901,34.131184,0.000100367644,242,242,63,0.29883796,1.2037824,0.004928863,0.22719827,0
386,6.4333334,0.10549298,34.023533,34.129025,-0.0021585932,34.129025,0.00010036091,242,242,62,0.31149408,1.2996581,0.0050691757,0.22676226,0
387,6.45,0.12131956,34.005455,34.126774,-0.002248338,34.126774,0.000100409554,247,247,63,0.33165738,1.3744992,0.0053477767,0.22607636,0
388,6.4666667,0.14511211,33.979256,34.124367,-0.002408749,34.124367,0.00010031349,248,248,64,0.3575037,1.4200779,0.0057361634,0.2251683,0
389,6.483333,0.17572942,33.94604,34.12177,-0.0025964698,34.12177,0.00010037655,249,249,64,0.38640946,1.4967163,0.0061965687,0.22405972,0
390,6.5,0.21268912,33.906387,34.119076,-0.0026954606,34.119076,0.00010039697,250,250,64,0.4177764,1.5182518,0.0067022843,0.2227632,0
391,6.516667,0.25485936,33.86144,34.1163,-0.0027779748,34.1163,0.00010035288,250,250,64,0.45016277,1.5203105,0.007236416,0.22132832,0
392,6.5333333,0.300932,33.812492,34.113422,-0.0028745506,34.113422,0.00010042935,251,251,64,0.4824781,1.5283592,0.007777149,0.21979561,0
393,6.55,0.3495007,33.760876,34.11038,-0.0030441768,34.11038,0.00010053396,247,247,65,0.5138436,1.5273608,0.008309257,0.21820205,0
394,6.5666666,0.39913446,33.708035,34.10717,-0.003208428,34.10717,0.00010046202,246,246,64,0.5435197,1.518237,0.008818911,0.21658519,0
395,6.5833335,0.44835225,33.655422,34.103775,-0.0033936105,34.103775,0.00010048857,244,244,64,0.57112986,1.5081553,0.009296234,0.21498448,0
396,6.6,0.49561164,33.604603,34.100216,-0.0035604644,34.100216,0.00010051462,243,243,64,0.5971024,1.5306482,0.009741967,0.21344295,0
397,6.616667,0.53932697,33.557156,34.09648,-0.0037336969,34.09648,0.00010042149,243,243,64,0.61971676,1.5897903,0.010150411,0.21200262,0
398,6.633333,0.5774307,33.515083,34.092514,-0.003966939,34.092514,0.00010045489,245,245,64,0.63874155,1.6192226,0.01049388,0.21070662,0
399,6.65,0.60974663,33.478794,34.088543,-0.0039725695,34.088543,0.00010048715,247,247,64,0.6547393,1.6498948,0.010786306,0.20957807,0
400,6.6666665,0.6352697,33.449177,34.084446,-0.0040977965,34.084446,0.00010052707,246,246,63,0.66715837,1.6826657,0.011022847,0.20864262,0
401,6.6833334,0.6532031,33.427036,34.080242,-0.0042040735,34.080242,0.000100469544,249,249,64,0.6756775,1.7106713,0.011197032,0.20792173,0
402,6.7,0.6630212,33.412968,34.07599,-0.00425178,34.07599,0.00010054352,249,249,64,0.68008256,1.7314527,0.011303949,0.20742984,0
403,6.7166667,0.66431373,33.407337,34.07165,-0.0043363743,34.07165,0.00010054721,253,253,59,0.6807029,1.724264,0.01134412,0.20717585,0
404,6.733333,0.65723217,33.410225,34.06746,-0.0041940715,34.06746,0.000100514706,252,252,59,0.67704916,1.7227405,0.01131869,0.20716152,0
405,6.75,0.6418657,33.42138,34.063244,-0.0042155506,34.063244,0.00010050735,253,253,59,0.6694146,1.7103815,0.011223548,0.20737989,0
406,6.766667,0.61871415,33.440384,34.059097,-0.0041455883,34.059097,0.00010046363,254,254,59,0.6578171,1.6961219,0.01106269,0.20782138,0
407,6.7833333,0.58842194,33.46662,34.055046,-0.004053177,34.055046,0.00010043384,252,252,59,0.642343,1.6689454,0.010835861,0.20846911,0
408,6.8,0.54982674,33.50097,34.050793,-0.0042502075,34.050793,0.00010034666,252,252,59,0.62317157,1.6239593,0.010545596,0.20932029,0
409,6.8166666,0.5049968,33.542377,34.047375,-0.0034183057,34.047375,0.00010018493,249,249,57,0.60085416,1.5552759,0.010199081,0.2103487,0
410,6.8333335,0.45643795,33.587658,34.044098,-0.0032789642,34.044098,0.00010032009,249,249,57,0.5757691,1.4857668,0.009802199,0.21149844,0
411,6.85,0.40597615,33.634644,34.04062,-0.0034786134,34.04062,0.00010041899,248,248,57,0.54824364,1.4291244,0.009363541,0.21272479,0
412,6.866667,0.35479864,33.682545,34.037346,-0.0032737597,34.037346,0.00010024286,245,245,64,0.51781905,1.3803146,0.008879635,0.21400978,0
413,6.883333,0.3039516,33.730736,34.034687,-0.0026556938,34.034687,0.00010026346,246,246,64,0.48520643,1.3380889,0.008353739,0.21533535,0
414,6.9,0.25507778,33.77713,34.032207,-0.0024821616,34.032207,0.00010021497,246,246,64,0.45062977,1.3098938,0.007792,0.21665883,0
415,6.9166665,0.20943257,33.820496,34.029926,-0.0022795475,34.029926,0.00010013347,245,245,64,0.41476515,1.2948098,0.0072034947,0.21794716,0
416,6.9333334,0.16838017,33.85944,34.027817,-0.0021083208,34.027817,0.00010011737,245,245,64,0.37833753,1.2883488,0.006599322,0.21916248,0
417,6.95,0.13329776,33.892567,34.025864,-0.001955593,34.025864,0.000100120866,248,248,64,0.3423333,1.2816352,0.005993505,0.22026527,0
418,6.9666667,0.10543009,33.918613,34.02404,-0.0018213089,34.02404,0.00010021158,248,248,65,0.30811578,1.2670473,0.005405366,0.22121747,0
419,6.983333,0.08569703,33.93665,34.022346,-0.001696871,34.022346,0.00010009561,253,253,66,0.2776927,1.2384897,0.0048626196,0.22198653,0
420,7,0.07450751,33.94619,34.0207,-0.0016473095,34.0207,0.00010012627,255,255,65,0.2538337,1.1881324,0.0044052345,0.2225462,0
421,7.016667,0.070815906,33.94781,34.018627,-0.0020699578,34.018627,0.000100206795,256,256,67,0.2329018,0.9529633,0.0040271254,0.22288187,0
422,7.0333333,0.075963065,33.940712,34.016674,-0.0019544244,34.016674,0.000100158926,257,257,67,0.23106496,0.7041276,0.0038282753,0.22289586,0
423,7.05,0.089530066,33.925327,34.01486,-0.0018139204,34.01486,0.000100148296,256,256,67,0.24653116,0.63192666,0.0039507505,0.22261971,0
424,7.0666666,0.11095808,33.902157,34.013115,-0.0017441282,34.013115,0.00010022321,257,257,67,0.2748444,0.6587198,0.004327205,0.2220606,0
425,7.0833335,0.13966507,33.87168,34.011345,-0.0017692212,34.011345,0.00010037755,254,254,66,0.31122658,0.74175656,0.004879267,0.22122572,0
426,7.1,0.17467912,33.83458,34.00926,-0.0020879465,34.00926,0.000100344405,252,252,65,0.34978122,0.83989614,0.005506323,0.22015437,0
427,7.116667,0.21468544,33.792576,34.007263,-0.0019963593,34.007263,0.00010016863,252,252,65,0.39043823,0.95531183,0.0061741294,0.21891505,0
428,7.133333,0.25839108,33.746708,34.0051,-0.0021614556,34.0051,0.000100132995,252,252,65,0.4307714,1.0701125,0.0068514175,0.21754521,0
429,7.15,0.30438304,33.698338,34.00272,-0.0023813136,34.00272,0.00010010139,249,249,63,0.4704854,1.203175,0.007519191,0.21608704,0
430,7.1666665,0.35123435,33.6489,34.000134,-0.0025836185,34.000134,0.00010025569,249,249,63,0.5084979,1.3481523,0.008168113,0.21458247,0
431,7.1833334,0.39756402,33.59979,33.997353,-0.0027807518,33.997353,0.00010014651,247,247,62,0.5440661,1.4985526,0.008781801,0.21307546,0
432,7.2,0.44183123,33.55229,33.99412,-0.0032312192,33.99412,0.0001002742,244,244,61,0.57662135,1.6443319,0.00934958,0.2116073,0
433,7.2166667,0.4826414,33.508163,33.990807,-0.003318401,33.990807,0.000100177516,248,248,63,0.6057182,1.7826763,0.009863692,0.2102259,0
434,7.233333,0.5191331,33.468094,33.987225,-0.00357897,33.987225,0.00010037423,249,249,63,0.63066304,1.9104503,0.010313926,0.20896816,0
435,7.25,0.54972994,33.433304,33.983032,-0.0041930084,33.983032,0.00010057229,245,245,62,0.6507749,2.0716221,0.010689954,0.20788065,0
436,7.266667,0.5742185,33.40515,33.97937,-0.003662882,33.97937,0.00010024644,244,244,62,0.66602874,2.1679153,0.010982765,0.20701139,0
437,7.2833333,0.5908456,33.38436,33.975204,-0.0041641556,33.975204,0.00010028162,244,244,62,0.67612493,2.2182248,0.011193455,0.20638822,0
438,7.3,0.59632546,33.37465,33.970974,-0.004231059,33.970974,0.00010044946,247,247,62,0.68110085,2.214315,0.011318477,0.20607103,0
439,7.3166666,0.5942346,33.37259,33.966824,-0.0041511306,33.966824,0.000100520316,248,248,62,0.6805925,2.1796799,0.011354467,0.20602973,0
440,7.3333335,0.5843883,33.37837,33.962757,-0.0040682326,33.962757,0.0001002872,244,244,61,0.67468286,2.1226957,0.011299491,0.20626692,0
441,7.35,0.56677866,33.391983,33.95876,-0.0039950195,33.95876,0.00010031463,243,243,55,0.66370755,2.0456555,0.011157214,0.20676877,0
442,7.366667,0.5423599,33.412567,33.954926,-0.0038339163,33.954926,0.00010040453,244,244,56,0.6480081,1.9366201,0.01093352,0.20750916,0
443,7.383333,0.51158077,33.439625,33.951206,-0.0037214335,33.951206,0.00010036523,243,243,56,0.6279346,1.8185861,0.010633739,0.20846432,0
444,7.4,0.47524774,33.47236,33.947605,-0.0035987094,33.947605,0.00010026961,238,238,56,0.6039501,1.7032479,0.0102650365,0.20960036,0
445,7.4166665,0.43436489,33.50983,33.944195,-0.0034104541,33.944195,0.00010019069,238,238,56,0.57634383,1.5988888,0.009834477,0.2108785,0
446,7.4333334,0.3901042,33.550896,33.940998,-0.0031960183,33.940998,0.00010024259,237,237,56,0.54470974,1.4972197,0.009340422,0.21225737,0
447,7.45,0.34377936,33.594265,33.93804,-0.0029568807,33.93804,0.00010023343,240,240,56,0.5096084,1.3913587,0.008781678,0.21368985,0
448,7.4666667,0.29679966,33.63852,33.935318,-0.002725591,33.935318,0.00010022494,239,239,56,0.47194836,1.2940053,0.008173928,0.21512677,0
449,7.483333,0.2506305,33.68218,33.932808,-0.0025099146,33.932808,0.0001001983,242,242,57,0.43233657,1.2038143,0.00752848,0.21651973,0
450,7.5,0.2066924,33.723846,33.930542,-0.0022672522,33.930542,0.000100182595,243,243,57,0.39154902,1.1079421,0.006856754,0.21782346,0
451,7.516667,0.16624422,33.762268,33.928513,-0.0020266213,33.928513,0.00010024683,242,242,56,0.350229,1.0053476,0.006171095,0.21899988,0
452,7.5333333,0.13040659,33.796284,33.92669,-0.0018248467,33.92669,0.00010018227,239,239,56,0.30946976,0.9037583,0.0054847575,0.2200178,0
453,7.55,0.100138515,33.82471,33.92485,-0.0018384493,33.92485,0.00010047004,242,242,59,0.27083477,0.80409116,0.00482019,0.22084935,0
454,7.5666666,0.07609082,33.846912,33.923004,-0.0018473219,33.923004,0.00010036725,240,240,58,0.23293772,0.7244091,0.0041911555,0.22147922,0
455,7.5833335,0.05907397,33.862232,33.921307,-0.0016976099,33.921307,0.00010038585,238,238,61,0.20256849,0.60069555,0.0035949838,0.22187984,0
456,7.6,0.049506016,33.870255,33.91976,-0.0015443198,33.91976,0.000100380494,236,236,60,0.18492243,0.45925137,0.0031982681,0.22206177,0
457,7.616667,0.04753498,33.87077,33.918304,-0.0014549785,33.918304,0.00010046666,236,236,60,0.18265137,0.45479015,0.0030302552,0.22202606,0
458,7.633333,0.053063314,33.863747,33.916813,-0.0014944457,33.916813,0.00010044174,239,239,61,0.19436853,0.4858509,0.0031172426,0.22177613,0
459,7.65,0.06580144,33.849445,33.915245,-0.0015659636,33.915245,0.00010043896,239,239,61,0.21707869,0.535258,0.003413542,0.2213159,0
460,7.6666665,0.08526531,33.828354,33.91362,-0.0016269166,33.91362,0.00010039316,238,238,60,0.24740797,0.6049231,0.0038636988,0.22065471,0
461,7.6833334,0.11077749,33.801083,33.91186,-0.0017568154,33.91186,0.00010041126,238,238,60,0.2823164,0.6940832,0.0044144145,0.21980673,0
462,7.7,0.14150801,33.76844,33.90995,-0.0019118333,33.90995,0.0001004146,239,239,60,0.31925136,0.79328096,0.005017214,0.21879531,0
463,7.7166667,0.17650233,33.731377,33.90788,-0.002072417,33.90788,0.000100462494,239,239,60,0.35669062,0.8997039,0.005639612,0.21764952,0
464,7.733333,0.21469533,33.690918,33.905613,-0.0022638435,33.905613,0.00010047872,238,238,60,0.39359975,1.0106875,0.0062608575,0.21640071,0
465,7.75,0.25496662,33.648197,33.903164,-0.0024514606,33.903164,0.00010042568,239,239,60,0.42915696,1.1249967,0.006865558,0.21508257,0
466,7.766667,0.29613066,33.604385,33.900513,-0.0026478304,33.900513,0.00010039427,241,241,60,0.4627606,1.2388629,0.0074423975,0.21373053,0
467,7.7833333,0.33697394,33.56072,33.89769,-0.0028234283,33.89769,0.00010042276,240,240,60,0.49390948,1.3485938,0.007982253,0.21238089,0
468,7.8,0.37627345,33.518444,33.894714,-0.0029749994,33.894714,0.000100465506,239,239,60,0.5221774,1.4508463,0.00847735,0.21107031,0
469,7.8166666,0.4128416,33.478725,33.891567,-0.00315037,33.891567,0.000100486905,239,239,59,0.54720443,1.5422155,0.008921283,0.20983365,0
470,7.8333335,0.44530544,33.442917,33.88822,-0.0033428571,33.88822,0.000100440186,239,239,59,0.5686611,1.6192462,0.009308379,0.20870733,0
471,7.85,0.4728527,33.411926,33.884777,-0.0034446467,33.884777,0.00010043398,238,238,58,0.58626586,1.6809603,0.009633247,0.20772138,0
472,7.866667,0.49486867,33.386345,33.881214,-0.0035644094,33.881214,0.000100398465,241,241,58,0.5999012,1.7262049,0.009892875,0.20689705,0
473,7.883333,0.51063323,33.366913,33.877544,-0.0036674882,33.877544,0.00010047363,241,241,58,0.6095053,1.7512605,0.010085802,0.20625477,0
474,7.9,0.5196911,33.35413,33.87382,-0.0037266025,33.87382,0.0001004526,244,244,58,0.6149275,1.7610515,0.010210185,0.20580885,0
475,7.9166665,0.5217185,33.348377,33.870094,-0.003724253,33.870094,0.00010048654,241,241,57,0.61614597,1.7582424,0.010264514,0.20556797,0
476,7.9333334,0.51657176,33.34977,33.86634,-0.0037546938,33.86634,0.00010055751,246,246,56,0.6133779,1.7317389,0.010249407,0.20553431,0
477,7.95,0.50454426,33.358097,33.86264,-0.003700764,33.86264,0.000100503086,246,246,55,0.6065029,1.671186,0.010169678,0.20570248,0
478,7.9666667,0.48597035,33.372963,33.858932,-0.0037058636,33.858932,0.000100419966,245,245,55,0.5953412,1.609674,0.010018163,0.20606233,0
479,7.983333,0.45892826,33.39617,33.8551,-0.0038348844,33.8551,0.00010021518,244,244,55,0.580273,1.5390544,0.009797806,0.20663153,0
480,8,0.42623842,33.42579,33.852028,-0.0030723335,33.852028,0.00010018165,243,243,55,0.5625902,1.4836215,0.009520331,0.20737338,0
481,8.016666,0.38958812,33.45948,33.849068,-0.0029578812,33.849068,0.00010018353,243,243,55,0.54193,1.4484512,0.009205393,0.208252,0
482,8.033334,0.34979916,33.496437,33.846233,-0.0028342672,33.846233,0.00010018118,243,243,63,0.5169126,1.400683,0.008823783,0.2092478,0
483,8.05,0.30782837,33.535717,33.843544,-0.002690374,33.843544,0.00010018433,241,241,63,0.48825264,1.354858,0.008373886,0.21033579,0
484,8.066667,0.2647916,33.57588,33.84067,-0.0028730144,33.84067,0.000100374345,241,241,63,0.45671308,1.3230447,0.007871143,0.21148045,0
485,8.083333,0.22202049,33.615894,33.837917,-0.0027550214,33.837917,0.00010036047,243,243,63,0.42257428,1.2997038,0.007322643,0.21265137,0
486,8.1,0.18098101,33.654346,33.835327,-0.0025878446,33.835327,0.00010048087,242,242,62,0.38621014,1.2782997,0.006733937,0.21381079,0
487,8.116667,0.14281026,33.690483,33.833294,-0.0020348702,33.833294,0.00010014502,242,242,63,0.34804985,1.2483115,0.0061114347,0.21493019,0
488,8.133333,0.108993076,33.722546,33.831535,-0.0017565573,33.831535,0.000100283214,242,242,63,0.30874404,1.2081225,0.005464468,0.21596523,0
489,8.15,0.080557644,33.749386,33.82994,-0.0015945456,33.82994,0.000100135054,244,244,63,0.26921308,1.1528593,0.0048050415,0.21688096,0
490,8.166667,0.058156215,33.77028,33.828434,-0.0015088192,33.828434,0.00010016572,247,247,63,0.2307002,1.0682847,0.004153371,0.21764748,0
491,8.183333,0.04150537,33.785316,33.82682,-0.0016124077,33.82682,0.00010017535,247,247,64,0.18663421,0.77582437,0.0034422956,0.21823259,0
492,8.2,0.032397132,33.793262,33.825657,-0.0011632385,33.825657,0.000100126235,248,248,64,0.15941428,0.5315744,0.0028476454,0.21856932,0
493,8.216666,0.030422775,33.794228,33.82465,-0.0010092468,33.82465,0.000100249454,248,248,64,0.1489665,0.4329042,0.0025280055,0.21867967,0
494,8.233334,0.03556253,33.787968,33.823532,-0.0011172543,33.823532,0.00010042218,248,248,64,0.15799698,0.3961528,0.0025188918,0.21855064,0
495,8.25,0.047620546,33.774536,33.82216,-0.0013743985,33.82216,0.000100368045,244,244,63,0.18319392,0.44069886,0.0028215048,0.21817975,0
496,8.266666,0.06608024,33.754616,33.820698,-0.0014593254,33.820698,0.00010036846,245,245,63,0.21804376,0.53886396,0.003337763,0.21759792,0
497,8.283334,0.090222515,33.72903,33.819252,-0.0014440486,33.819252,0.00010014355,244,244,62,0.25684014,0.6480659,0.003959538,0.21683793,0
498,8.3,0.11924312,33.698563,33.817806,-0.0014466372,33.817806,0.0001000772,244,244,62,0.29660276,0.75680846,0.0046186238,0.21592705,0
499,8.316667,0.15218312,33.664036,33.81622,-0.0015896853,33.81622,0.000100214755,244,244,62,0.33561206,0.8599194,0.005277306,0.21489403,0
500,8.333333,0.18798392,33.626453,33.814438,-0.0017795011,33.814438,0.00010016644,241,241,61,0.37299317,0.95874786,0.005913751,0.21377432,0
501,8.35,0.22543508,33.58699,33.812424,-0.0020139688,33.812424,0.00010013269,241,241,61,0.40941793,1.0805429,0.006529238,0.21259992,0
502,8.366667,0.26330185,33.546967,33.81027,-0.0021548101,33.81027,0.000100080884,241,241,61,0.44377086,1.2075576,0.007119979,0.21140285,0
503,8.383333,0.30061767,33.507313,33.80793,-0.002337536,33.80793,0.00010012442,241,241,61,0.47544965,1.3376927,0.0076704347,0.21021414,0
504,8.4,0.33623263,33.46896,33.805195,-0.0027385594,33.805195,0.00010028493,239,239,60,0.5040003,1.4635603,0.0081721945,0.2090637,0
505,8.416667,0.3694018,33.433,33.8024,-0.002793817,33.8024,0.00010010937,236,236,59,0.52915454,1.5804867,0.008619793,0.2079855,0
506,8.433333,0.3991356,33.400063,33.7992,-0.0032016698,33.7992,0.000100422774,236,236,59,0.55028385,1.682237,0.009005272,0.20700608,0
507,8.45,0.4242697,33.3717,33.795967,-0.0032293445,33.795967,0.00010029607,234,234,59,0.5669989,1.8067212,0.009320761,0.20617028,0
508,8.466666,0.4418469,33.350525,33.792374,-0.0035961994,33.792374,0.000100358775,234,234,59,0.5796798,1.8606468,0.0095636565,0.20552582,0
509,8.483334,0.45220914,33.33684,33.78905,-0.0033202246,33.78905,0.00010034558,233,233,58,0.58782077,1.8759794,0.009737282,0.20509261,0
510,8.5,0.45620203,33.329475,33.785675,-0.0033755405,33.785675,0.000100282945,233,233,58,0.5912259,1.8636609,0.009832469,0.20486599,0
511,8.516666,0.4537523,33.328545,33.782295,-0.0033792497,33.782295,0.00010028611,234,234,58,0.58988243,1.8273712,0.009848609,0.20485233,0
512,8.533334,0.44502312,33.33396,33.778984,-0.0033129475,33.778984,0.00010017968,232,232,59,0.583869,1.7670491,0.009786039,0.20505013,0
513,8.55,0.4305461,33.345333,33.77588,-0.003103329,33.77588,0.00010013598,233,233,60,0.57346696,1.6818353,0.00964787,0.20544955,0
514,8.566667,0.4104581,33.3624,33.772858,-0.0030237657,33.772858,0.00010024295,233,233,60,0.5590002,1.5922618,0.009439308,0.20603718,0
515,8.583333,0.385149,33.38474,33.76989,-0.0029673858,33.76989,0.000100219324,233,233,60,0.5407432,1.5055686,0.009165452,0.20679404,0
516,8.6,0.3552497,33.411755,33.767006,-0.0028841752,33.767006,0.0001002646,230,230,59,0.51882994,1.4185362,0.008829945,0.20769529,0
517,8.616667,0.32165188,33.442642,33.764294,-0.0027099613,33.764294,0.0001001718,231,231,59,0.49302408,1.3277211,0.008432194,0.20871072,0
518,8.633333,0.2854356,33.476307,33.76174,-0.002553458,33.76174,0.00010015632,231,231,57,0.46348608,1.2429119,0.007968895,0.20980492,0
519,8.65,0.24779885,33.511566,33.759365,-0.0023757138,33.759365,0.00010017449,230,230,55,0.43094367,1.1647998,0.007450415,0.21093997,0
520,8.666667,0.20999946,33.54718,33.75718,-0.0021862155,33.75718,0.00010010547,223,223,52,0.39571875,1.0894135,0.006884643,0.21207574,0
521,8.683333,0.17325468,33.581932,33.755184,-0.0019949765,33.755184,0.00010018664,228,228,53,0.35816061,1.0132952,0.006277024,0.21317367,0
522,8.7,0.13866617,33.61473,33.7534,-0.0017873745,33.7534,0.000100274454,229,229,53,0.31869495,0.93210644,0.0056339717,0.21419878,0
523,8.716666,0.107113495,33.644676,33.75179,-0.001607979,33.75179,0.00010024046,229,229,53,0.27807385,0.8115599,0.0049645174,0.21512407,0
524,8.733334,0.079300106,33.67107,33.75037,-0.0014205598,33.75037,0.00010022055,230,230,54,0.23632671,0.65666604,0.0042831167,0.21593,0
525,8.75,0.05602609,33.693123,33.74915,-0.0012192805,33.74915,0.00010016086,235,235,59,0.19192949,0.4364822,0.003548449,0.21657975,0
526,8.766666,0.03808713,33.710022,33.748108,-0.0010412942,33.748108,0.00010028857,234,234,59,0.15645514,0.32885477,0.0028795078,0.2170544,0
527,8.783334,0.02584158,33.721035,33.746876,-0.0012338093,33.746876,0.00010045288,233,233,58,0.12933303,0.27567416,0.0023591914,0.21735814,0
528,8.8,0.019549886,33.72626,33.745808,-0.0010654654,33.745808,0.00010048827,232,232,58,0.11280685,0.24045694,0.0019846496,0.21750344,0
529,8.816667,0.019281376,33.725506,33.74479,-0.0010213128,33.74479,0.00010046691,230,230,57,0.11288862,0.24526191,0.0018419919,0.21748252,0
530,8.833333,0.024911502,33.718796,33.743706,-0.001081759,33.743706,0.000100427715,230,230,57,0.13025998,0.29507565,0.0019987996,0.21728718,0
531,8.85,0.036176536,33.706345,33.74252,-0.0011864747,33.74252,0.00010041107,230,230,57,0.15903734,0.3740385,0.002399662,0.21691653,0
532,8.866667,0.052662414,33.688545,33.741207,-0.0013125611,33.741207,0.00010036754,232,232,57,0.19342145,0.46568927,0.00293642,0.21637918,0
533,8.883333,0.073816866,33.66594,33.739758,-0.0014502541,33.739758,0.000100385245,232,232,57,0.22993195,0.5601413,0.0035326374,0.2156912,0
534,8.9,0.09896192,33.639164,33.738125,-0.0016314858,33.738125,0.00010046205,235,235,58,0.2666299,0.65248144,0.0041454486,0.21487305,0
535,8.916667,0.12731107,33.609016,33.73633,-0.0017968989,33.73633,0.00010047553,238,238,59,0.3024042,0.7415394,0.0047508306,0.21395013,0
536,8.933333,0.15798949,33.576416,33.734406,-0.0019215345,33.734406,0.00010023026,235,235,58,0.33655342,0.826512,0.005334147,0.21295112,0
537,8.95,0.19010112,33.542587,33.73269,-0.0017192817,33.73269,0.00010014765,233,233,58,0.36879745,0.91153514,0.005886883,0.21190971,0
538,8.966666,0.22265746,33.507908,33.730564,-0.0021233067,33.730564,0.00010049273,230,230,57,0.39899832,1.000258,0.006407475,0.21084444,0
539,8.983334,0.2546936,33.473415,33.72811,-0.0024536452,33.72811,0.00010039883,230,230,57,0.42683247,1.0909657,0.006891272,0.2097848,0
540,9,0.28530365,33.440212,33.725517,-0.002594247,33.725517,0.000100455065,230,230,57,0.4519637,1.1815596,0.007332489,0.20876054,0
541,9.016666,0.31359082,33.4092,33.72279,-0.0027282191,33.72279,0.00010041006,230,230,57,0.47415417,1.2686292,0.0077265464,0.20779806,0
542,9.033334,0.33871096,33.381218,33.71993,-0.0028592583,33.71993,0.00010053868,227,227,56,0.49316776,1.3484561,0.008069555,0.20692211,0
543,9.05,0.35989544,33.357063,33.71696,-0.0029687318,33.71696,0.00010051888,228,228,56,0.5087918,1.4173263,0.00835774,0.20615542,0
544,9.066667,0.37648132,33.337418,33.7139,-0.0030601479,33.7139,0.000100412595,229,229,56,0.5208505,1.4721003,0.008587848,0.20551774,0
545,9.083333,0.3879421,33.322865,33.710804,-0.0030946569,33.710804,0.00010054584,231,231,57,0.5292043,1.5104308,0.008757317,0.20502542,0
546,9.1,0.3939101,33.313747,33.707657,-0.0031472798,33.707657,0.00010054364,230,230,56,0.5337536,1.5307325,0.008864102,0.20468956,0
547,9.116667,0.39420593,33.310295,33.7045,-0.003158789,33.7045,0.00010041964,234,234,56,0.53444564,1.5328249,0.008906949,0.20451675,0
548,9.133333,0.38883284,33.312508,33.70134,-0.0031580885,33.70134,0.00010051004,236,236,58,0.53127706,1.5167563,0.008885424,0.20450804,0
549,9.15,0.3779883,33.32022,33.698208,-0.003132451,33.698208,0.000100483696,236,236,58,0.52428854,1.4849286,0.008799879,0.20465933,0
550,9.166667,0.3616431,33.33322,33.694866,-0.003343878,33.694866,0.00010037262,237,237,55,0.51353467,1.4357027,0.008651197,0.2049639,0
551,9.183333,0.33836302,33.35378,33.692142,-0.0027219863,33.692142,0.000100172576,236,236,55,0.4996049,1.3603486,0.008444009,0.20544228,0
552,9.2,0.3117968,33.37784,33.689636,-0.002508606,33.689636,0.00010013877,234,234,58,0.4825297,1.2888407,0.008184805,0.20603435,0
553,9.216666,0.2824255,33.404797,33.68722,-0.002412551,33.68722,0.00010017271,237,237,60,0.46249527,1.2289863,0.007874977,0.2067284,0
554,9.233334,0.2507963,33.434128,33.68492,-0.0022988217,33.68492,0.000100204685,239,239,60,0.4393025,1.1873598,0.0075139855,0.20751274,0
555,9.25,0.21758997,33.46514,33.682728,-0.0021934102,33.682728,0.00010022029,240,240,60,0.4124451,1.14248,0.0070971795,0.2083711,0
556,9.266666,0.1836977,33.49691,33.68061,-0.0021202685,33.68061,0.00010017036,240,240,60,0.3824925,1.1036378,0.006621625,0.20927864,0
557,9.283334,0.15022413,33.528416,33.678642,-0.0019682283,33.678642,0.00010016345,240,240,60,0.349944,1.0736002,0.006099866,0.21020666,0
558,9.3,0.11840821,33.558384,33.676792,-0.0018479503,33.676792,0.00010016915,240,240,60,0.3150525,1.0449213,0.005536954,0.21112211,0
559,9.316667,0.089446574,33.585354,33.6748,-0.0019922347,33.6748,0.000100451034,241,241,63,0.27811012,1.0137137,0.004937272,0.21198612,0
560,9.333333,0.06433807,33.608532,33.67287,-0.0019307104,33.67287,0.00010042358,239,239,63,0.2394997,0.9721547,0.0043062977,0.21277158,0
561,9.35,0.0437329,33.627403,33.671135,-0.001736054,33.671135,0.000100418176,239,239,62,0.19996035,0.90989864,0.0036528949,0.21345499,0
562,9.366667,0.027415913,33.642426,33.66984,-0.0012941787,33.66984,0.00010017593,241,241,62,0.15616189,0.7375149,0.0029755605,0.21402693,0
563,9.383333,0.016270444,33.65242,33.66869,-0.0011503799,33.66869,0.00010016562,241,241,62,0.114668556,0.41701236,0.002225678,0.21442194,0
564,9.4,0.010916635,33.65702,33.667934,-0.00075419544,33.667934,0.00010011738,242,242,62,0.08796115,0.28223893,0.0016476598,0.21463238,0
565,9.416667,0.011188863,33.65602,33.66721,-0.0007249707,33.66721,0.00010012756,242,242,62,0.084898286,0.205856,0.0013782267,0.21465556,0
566,9.433333,0.017015561,33.649544,33.666557,-0.0006530922,33.666557,0.00010010437,244,244,63,0.1082398,0.25381964,0.0015721081,0.21448597,0
567,9.45,0.028044075,33.63784,33.665882,-0.00067385,33.665882,0.000100150166,242,242,62,0.14289114,0.35901552,0.0020854613,0.2141417,0
568,9.466666,0.04381286,33.62118,33.664997,-0.0008876474,33.664997,0.00010011634,243,243,62,0.18158914,0.47632095,0.0027071724,0.2136406,0
569,9.483334,0.06375113,33.600166,33.663918,-0.001078195,33.663918,0.000100107005,244,244,62,0.22091022,0.5924326,0.0033618344,0.21300112,0
570,9.5,0.08714534,33.57557,33.662716,-0.0012033933,33.662716,0.000100194025,244,244,62,0.2590991,0.7005188,0.004009817,0.21224901,0
571,9.516666,0.11317571,33.54814,33.66132,-0.001396071,33.66132,0.00010014733,244,244,62,0.29512134,0.7964604,0.0046291803,0.21141356,0
572,9.533334,0.14089924,33.518764,33.659664,-0.0016557316,33.659664,0.000100109515,240,240,61,0.32851037,0.8811786,0.005206675,0.2105262,0
573,9.55,0.16861095,33.488342,33.65695,-0.002709492,33.65695,0.000100276295,238,238,60,0.3616009,0.9884517,0.0057658646,0.20960544,0
574,9.566667,0.1959896,33.458076,33.654064,-0.002888755,33.654064,0.00010029503,241,241,61,0.39051,1.0728822,0.0062784525,0.20868845,0
575,9.583333,0.2216371,33.429028,33.650665,-0.0033994135,33.650665,0.00010035393,238,238,60,0.416269,1.1583688,0.006731152,0.20780909,0
576,9.6,0.24500982,33.401985,33.646996,-0.003668667,33.646996,0.0001002821,239,239,60,0.4389907,1.2478791,0.007137548,0.2069909,0
577,9.616667,0.2654947,33.37748,33.642975,-0.0040217983,33.642975,0.000100471094,235,235,59,0.4587311,1.3567803,0.0074892985,0.20625517,0
578,9.633333,0.28237516,33.355972,33.638348,-0.0046256357,33.638348,0.00010035599,235,235,59,0.47500497,1.460843,0.0077895056,0.20561892,0
579,9.65,0.29521814,33.33784,33.63306,-0.0052882866,33.63306,0.000100330246,234,234,59,0.487479,1.5550069,0.008028479,0.2050982,0
580,9.666667,0.30360752,33.32351,33.627117,-0.005943455,33.627117,0.000100232995,235,235,60,0.49542415,1.6609691,0.008199393,0.2047105,0
581,9.683333,0.30722564,33.313293,33.620518,-0.0065982714,33.620518,0.00010034078,233,233,60,0.4995316,1.7231883,0.008298056,0.20446883,0
582,9.7,0.30570272,33.307495,33.613197,-0.0073225503,33.613197,0.00010032871,230,230,58,0.49923217,1.7559587,0.008329136,0.20438416,0
583,9.716666,0.29776937,33.30832,33.606087,-0.0071084006,33.606087,0.000100446654,228,228,56,0.49460378,1.7538075,0.008288039,0.2044953,0
584,9.733334,0.28458917,33.31441,33.599,-0.0070891185,33.599,0.00010035486,236,236,57,0.4852837,1.7448465,0.008169976,0.20478243,0
585,9.75,0.2675496,33.325096,33.592648,-0.006353005,33.592648,0.00010034477,237,237,59,0.47122023,1.7192123,0.007974756,0.20522687,0
586,9.766666,0.25272882,33.33693,33.58966,-0.0029860882,33.58966,0.00010043383,239,239,60,0.45292625,1.6938851,0.007703233,0.20574728,0
587,9.783334,0.2361539,33.349945,33.586098,-0.003560479,33.586098,0.000100323596,239,239,60,0.42726037,1.569111,0.007345094,0.20634103,0
588,9.8,0.21712774,33.365726,33.582855,-0.0032437386,33.582855,0.000100080775,237,237,61,0.39630362,1.3898245,0.0068607978,0.20699014,0
589,9.816667,0.19653654,33.38312,33.57966,-0.0031979256,33.57966,0.000100176716,235,235,60,0.3630833,1.1692505,0.006320349,0.20763437,0
590,9.833333,0.17473146,33.402008,33.576736,-0.0029193216,33.576736,0.00010020459,231,231,58,0.33248323,0.8564335,0.0057921177,0.20826885,0
591,9.85,0.15209453,33.42207,33.574165,-0.0025727758,33.574165,0.00010020073,232,232,58,0.30061445,0.80862266,0.0052696704,0.2088859,0
592,9.866667,0.12903978,33.44272,33.57176,-0.0024073604,33.57176,0.00010010988,234,234,59,0.2690731,0.76251173,0.004739232,0.20946905,0
593,9.883333,0.106161416,33.463352,33.56951,-0.0022449496,33.56951,0.00010017226,233,233,59,0.23829807,0.69785976,0.0042208075,0.21001087,0
594,9.9,0.08415904,33.48334,33.567497,-0.0020143609,33.567497,0.00010008019,236,236,58,0.20773841,0.6118362,0.0037100136,0.2105051,0
595,9.916667,0.063789226,33.50199,33.56578,-0.0017168211,33.56578,0.00010014368,237,237,57,0.17743911,0.5065062,0.0032022994,0.21094416,0
596,9.933333,0.04577467,33.51865,33.564426,-0.0013554678,33.564426,0.00010013282,237,237,60,0.14784087,0.3994816,0.0027024103,0.21132146,0
597,9.95,0.030638993,33.53265,33.56329,-0.0011358338,33.56329,0.00010016233,237,237,60,0.120273314,0.32942232,0.0022205452,0.2116256,0
598,9.966666,0.018829515,33.543503,33.562332,-0.0009575091,33.562332,0.000100118916,237,237,60,0.094166614,0.2581416,0.0017782216,0.21184881,0
599,9.983334,0.010738715,33.550827,33.561565,-0.00076776266,33.561565,0.00010010601,238,238,60,0.074369505,0.19069062,0.0013835783,0.21198708,0
600,10,0.0066164234,33.554367,33.560986,-0.0005800607,33.560986,0.0001000762,241,241,62,0.064902395,0.1815633,0.0011310355,0.21203834,0
601,10.016666,0.0064978306,33.554005,33.560505,-0.00048202637,33.560505,0.00010009019,241,241,62,0.06924009,0.2135771,0.0010887596,0.21200103,0
602,10.033334,0.010168409,33.549843,33.56001,-0.0004926155,33.56001,0.000100070916,241,241,62,0.08554342,0.23427725,0.001272366,0.21187256,0
603,10.05,0.017359853,33.542088,33.55945,-0.00056385575,33.55945,0.000100091645,241,241,62,0.10942323,0.2635628,0.0016181625,0.21165031,0
604,10.066667,0.027787412,33.530987,33.558773,-0.0006724631,33.558773,0.000100103236,238,238,61,0.13710287,0.31100664,0.0020550634,0.21133642,0
605,10.083333,0.04111241,33.516872,33.557987,-0.0007883933,33.557987,0.00010013581,236,236,60,0.16613962,0.3706606,0.002530867,0.21093802,0
606,10.1,0.056918554,33.500145,33.557064,-0.0009222773,33.557064,0.000100059246,236,236,60,0.19528739,0.43452537,0.0030181208,0.21046531,0
607,10.116667,0.07472273,33.48128,33.556007,-0.0010581253,33.556007,0.000100060875,236,236,60,0.22371309,0.497486,0.0034986285,0.20993084,0
608,10.133333,0.093983866,33.460835,33.554817,-0.0011879104,33.554817,0.00010008011,236,236,60,0.25100204,0.5587999,0.0039632744,0.20934844,0
609,10.15,0.11411977,33.439384,33.553505,-0.0013134984,33.553505,0.0001001256,234,234,59,0.27683982,0.6178558,0.004406131,0.20873283,0
610,10.166667,0.1345209,33.417557,33.55208,-0.0014248312,33.55208,0.00010008446,234,234,59,0.30095342,0.6740644,0.0048224214,0.20809998,0
611,10.183333,0.15457205,33.395985,33.550556,-0.0015241046,33.550556,0.00010013635,234,234,59,0.32311574,0.72692347,0.005207946,0.20746629,0
612,10.2,0.17366827,33.375267,33.548935,-0.0016201679,33.548935,0.00010015827,231,231,58,0.34310782,0.7755883,0.0055590956,0.20684804,0
613,10.216666,0.19123465,33.355972,33.547207,-0.001729347,33.547207,0.00010008592,231,231,58,0.3608917,0.82336414,0.0058733965,0.20626089,0
614,10.233334,0.20674233,33.33864,33.54538,-0.0018250803,33.54538,0.000100125864,231,231,58,0.37638223,0.8724325,0.006150407,0.20571962,0
615,10.25,0.2197273,33.323784,33.54351,-0.001870756,33.54351,0.00010018991,231,231,58,0.38945082,0.92225546,0.0063880756,0.20523827,0
616,10.266666,0.22980638,33.31176,33.541565,-0.0019446524,33.541565,0.000100112826,231,231,58,0.39997163,0.9722757,0.0065842834,0.20482865,0
617,10.283334,0.23668678,33.302895,33.53958,-0.0019854796,33.53958,0.00010010712,229,229,57,0.40783224,1.0215232,0.0067370604,0.20450138,0
618,10.3,0.24015588,33.297226,33.53738,-0.0021980335,33.53738,0.000100469515,231,231,57,0.4129308,1.0679997,0.0068446137,0.20426145,0
619,10.316667,0.24009685,33.29483,33.534927,-0.0024532648,33.534927,0.00010049995,231,231,57,0.41516212,1.1096858,0.006905331,0.20411412,0
620,10.333333,0.23655665,33.2959,33.532455,-0.0024748426,33.532455,0.00010047183,233,233,57,0.41442946,1.1449841,0.0069172857,0.20406644,0
621,10.35,0.22964746,33.30034,33.529987,-0.0024680167,33.529987,0.00010038425,233,233,57,0.41065547,1.1721417,0.006879151,0.2041192,0
622,10.366667,0.21957289,33.307964,33.52754,-0.0024486175,33.52754,0.000100428915,233,233,57,0.40381563,1.1889098,0.006790043,0.20427017,0
623,10.383333,0.20663147,33.318485,33.525116,-0.0024206345,33.525116,0.00010044986,236,236,58,0.3939014,1.193366,0.0066497587,0.20451424,0
624,10.4,0.1902149,33.332436,33.522648,-0.0024670926,33.522648,0.00010013261,236,236,58,0.38102227,1.1749369,0.0064585074,0.20485565,0
625,10.416667,0.17108414,33.34969,33.520775,-0.0018739986,33.520775,0.00010012341,238,238,61,0.36551997,1.133371,0.0062217396,0.20528625,0
626,10.433333,0.15096836,33.368008,33.518974,-0.0017996145,33.518974,0.00010016488,239,239,61,0.34723833,1.085855,0.005939567,0.20577154,0
627,10.45,0.13028052,33.38698,33.517258,-0.0017159765,33.517258,0.000100100966,243,243,61,0.32618353,1.0363709,0.0056111277,0.20630117,0
628,10.466666,0.10943927,33.40618,33.51562,-0.0016401213,33.51562,0.0001001588,241,241,60,0.3023577,0.98742276,0.005236388,0.2068621,0
629,10.483334,0.088913426,33.425133,33.514046,-0.0015747524,33.514046,0.000100172896,241,241,60,0.27587345,0.93823606,0.004816429,0.20743959,0
630,10.5,0.069269925,33.443348,33.51262,-0.0014251042,33.51262,0.00010016563,242,242,61,0.24694733,0.8900081,0.0043537607,0.20801637,0
631,10.516666,0.0511592,33.46016,33.511322,-0.0012993455,33.511322,0.00010010602,242,242,61,0.21589296,0.84075326,0.0038529395,0.20857194,0
632,10.533334,0.03525311,33.47489,33.510143,-0.0011765548,33.510143,0.00010029845,242,242,62,0.18304817,0.78681356,0.003319488,0.20908457,0
633,10.55,0.02216254,33.486954,33.509117,-0.001026271,33.509117,0.00010022077,243,243,62,0.14885487,0.7235092,0.0027595742,0.20953374,0
634,10.566667,0.012114749,33.496002,33.508118,-0.0009996899,33.508118,0.000100185185,241,241,61,0.11004082,0.5494529,0.0021637662,0.20989996,0
635,10.583333,0.0055964524,33.501785,33.50738,-0.00073561235,33.50738,0.00010018693,241,241,61,0.07274937,0.33058167,0.0014997562,0.2101483,0
636,10.6,0.0026571127,33.50421,33.506866,-0.00051517447,33.506866,0.00010021874,241,241,61,0.045303963,0.1848872,0.00094518275,0.21027566,0
637,10.616667,0.0032718752,33.50313,33.506405,-0.00046207165,33.506405,0.00010019541,241,241,61,0.04682768,0.12084395,0.00068554014,0.21027261,0
638,10.633333,0.0073557314,33.498627,33.50598,-0.00042198887,33.50598,0.00010014805,241,241,61,0.07436966,0.19511664,0.0009945442,0.21014151,0
639,10.65,0.0145992255,33.49082,33.50542,-0.000561517,33.50542,0.00010019631,242,242,61,0.106978275,0.29623976,0.001513418,0.20990303,0
640,10.666667,0.024705404,33.48001,33.50472,-0.0007035598,33.50472,0.00010023771,243,243,61,0.1402162,0.39685488,0.0020670672,0.20956849,0
641,10.683333,0.03727521,33.46658,33.503857,-0.00086144253,33.503857,0.000100065656,243,243,61,0.17248411,0.4902384,0.002614607,0.2091519,0
642,10.7,0.051829718,33.451065,33.502895,-0.00096274406,33.502895,0.0001002048,238,238,59,0.20313026,0.5765076,0.0031384125,0.20867169,0
643,10.716666,0.06785012,33.433937,33.501785,-0.0011071989,33.501785,0.000100145866,235,235,58,0.23132592,0.64729357,0.0036291166,0.2081466,0
644,10.733334,0.084820576,33.4157,33.50052,-0.0012662262,33.50052,0.00010014137,234,234,58,0.25757417,0.7198313,0.0040822825,0.20759504,0
645,10.75,0.102262646,33.396904,33.49917,-0.0013519088,33.49917,0.00010011242,233,233,58,0.2818044,0.79597163,0.004502508,0.20703295,0
646,10.766666,0.11975279,33.37793,33.497684,-0.0014840525,33.497684,0.00010011469,235,235,59,0.30397162,0.8738586,0.004889112,0.2064734,0
647,10.783334,0.13689359,33.35919,33.496086,-0.0015983138,33.496086,0.000100165606,235,235,59,0.3238482,0.9490871,0.0052392287,0.20592874,0
648,10.8,0.15217108,33.342052,33.49422,-0.0018635635,33.49422,0.00010018971,235,235,59,0.3413013,1.015377,0.005549892,0.2054243,0
649,10.816667,0.16543706,33.326965,33.4924,-0.0018208366,33.4924,0.00010014992,239,239,60,0.3561751,1.0644727,0.005819199,0.20497611,0
650,10.833333,0.17665386,33.313812,33.490467,-0.0019361386,33.490467,0.00010012773,238,238,60,0.36787397,1.098299,0.0060403505,0.20459296,0
651,10.85,0.18548238,33.303,33.488483,-0.001982212,33.488483,0.00010015119,237,237,60,0.37705526,1.1260018,0.0062132343,0.2042867,0
652,10.866667,0.19161905,33.294857,33.486477,-0.0020056763,33.486477,0.000100283825,236,236,60,0.38331762,1.14979,0.0063419733,0.20406549,0
653,10.883333,0.1948889,33.28958,33.48447,-0.002007587,33.48447,0.000100113044,236,236,60,0.38649696,1.1671095,0.006420062,0.20393473,0
654,10.9,0.1952303,33.287235,33.482464,-0.0020059522,33.482464,0.000100179604,237,237,60,0.38655758,1.176851,0.006446426,0.2038963,0
655,10.916667,0.19267909,33.28781,33.48049,-0.0019724725,33.48049,0.00010025174,236,236,60,0.38349545,1.1774331,0.0064207586,0.20394927,0
656,10.933333,0.18734342,33.291206,33.47855,-0.0019400823,33.47855,0.000100184436,235,235,60,0.37732515,1.1670396,0.006343129,0.20408937,0
657,10.95,0.17939754,33.29726,33.476658,-0.0018925408,33.476658,0.000100191464,233,233,59,0.36809102,1.1438214,0.0062140357,0.20431012,0
658,10.966666,0.16907054,33.305748,33.47482,-0.0018400056,33.47482,0.00010014022,233,233,59,0.3558705,1.1061189,0.0060344865,0.2046029,0
659,10.983334,0.15665033,33.316395,33.473045,-0.0017727232,33.473045,0.00010023252,230,230,57,0.34079304,1.0519568,0.0058061257,0.20495711,0
660,11,0.14247917,33.328922,33.4714,-0.0016465115,33.4714,0.00010028217,229,229,57,0.32315302,0.97088796,0.0055327583,0.20536198,0
661,11.016666,0.12697202,33.342865,33.469837,-0.0015643331,33.469837,0.00010019252,227,227,56,0.30300537,0.8810982,0.005216985,0.20580314,0
662,11.033334,0.110601716,33.35773,33.46833,-0.0015039437,33.46833,0.00010035342,227,227,56,0.28060535,0.78467333,0.0048618997,0.206265,0
663,11.05,0.09385812,33.373104,33.46696,-0.0013689845,33.46696,0.000100177334,227,227,56,0.25627738,0.6830266,0.00447128,0.20673269,0
664,11.066667,0.07724615,33.388474,33.46572,-0.0012411898,33.46572,0.00010016569,229,229,56,0.23036781,0.5772878,0.004051824,0.20719056,0
665,11.083333,0.061262038,33.40333,33.464592,-0.0011292215,33.464592,0.00010020325,232,232,58,0.20332289,0.47388428,0.0036095092,0.20762514,0
666,11.1,0.04637688,33.41721,33.463585,-0.0010065174,33.463585,0.00010011373,232,232,58,0.17605847,0.39040828,0.0031547348,0.20802505,0
667,11.116667,0.033017423,33.4297,33.46272,-0.00086804735,33.46272,0.00010015427,233,233,58,0.14891319,0.3324652,0.0027036297,0.20838322,0
668,11.133333,0.021572419,33.4404,33.46197,-0.00074449554,33.46197,0.00010014042,233,233,58,0.12089466,0.27337453,0.0022434597,0.20869128,0
669,11.15,0.012380986,33.44897,33.461353,-0.00062114955,33.461353,0.00010011131,233,233,58,0.092251986,0.21284445,0.0017705405,0.2089409,0
670,11.166667,0.00571205,33.45515,33.46086,-0.0004892348,33.46086,0.0001002284,233,233,58,0.06346773,0.1519799,0.0012907451,0.2091251,0
671,11.183333,0.0017506897,33.458736,33.460487,-0.00037424045,33.460487,0.000100226964,233,233,58,0.035932925,0.092255116,0.00081623654,0.20923835,0
672,11.2,0.0005440326,33.459675,33.460217,-0.00027030855,33.460217,0.00010011473,233,233,58,0.019602459,0.048755206,0.0004050373,0.20927551,0
673,11.216666,0.0019249321,33.458076,33.46,-0.00021797554,33.46,0.000100153266,233,233,58,0.035144612,0.07388331,0.00041361066,0.20923455,0
674,11.233334,0.005687064,33.454002,33.45969,-0.00031061884,33.45969,0.00010007628,233,233,58,0.060394235,0.12691422,0.00079683535,0.20912546,0
675,11.25,0.011681478,33.44759,33.45927,-0.00041954112,33.45927,0.000100115096,233,233,58,0.08652032,0.18127036,0.0012292556,0.20895271,0
676,11.266666,0.019718071,33.439014,33.458733,-0.00053684745,33.458733,0.00010010799,233,233,58,0.11240203,0.23530711,0.0016636269,0.20872085,0
677,11.283334,0.02954641,33.428547,33.45809,-0.0006414094,33.45809,0.000100129626,233,233,58,0.13757989,0.28766152,0.0020895228,0.20843627,0
678,11.3,0.04086154,33.41648,33.457344,-0.00074750633,33.457344,0.00010013984,233,233,58,0.16179997,0.33828196,0.0025014344,0.20810658,0
679,11.316667,0.053313028,33.403183,33.456493,-0.0008492537,33.456493,0.00010008618,233,233,58,0.18498273,0.38765195,0.0028960132,0.20774007,0
680,11.333333,0.06651822,33.389034,33.45555,-0.00094212015,33.45555,0.00010005542,233,233,58,0.20717151,0.43743932,0.003274068,0.20734537,0
681,11.35,0.0800758,33.374424,33.454502,-0.0010517496,33.454502,0.00010014557,228,228,56,0.22819607,0.4872116,0.003634117,0.20693086,0
682,11.366667,0.09357976,33.3598,33.453377,-0.0011243225,33.453377,0.000100170204,228,228,56,0.24786423,0.53606534,0.003973269,0.20650646,0
683,11.383333,0.10662966,33.345497,33.452126,-0.0012515282,33.452126,0.000100135105,228,228,56,0.2660026,0.5839462,0.004288378,0.20608152,0
684,11.4,0.11884256,33.331993,33.450836,-0.0012905112,33.450836,0.00010016865,228,228,56,0.28245613,0.63088894,0.0045763366,0.20566702,0
685,11.416667,0.12986057,33.319584,33.449444,-0.0013897707,33.449444,0.00010025939,228,228,56,0.29716626,0.67911553,0.0048357905,0.20527263,0
686,11.433333,0.1393574,33.308636,33.447994,-0.0014518887,33.447994,0.0001001062,228,228,56,0.30999675,0.7288462,0.005065099,0.20490843,0
687,11.45,0.14705335,33.299435,33.446487,-0.0015056207,33.446487,0.000100211975,228,228,56,0.32081792,0.7801864,0.005261957,0.20458388,0
688,11.466666,0.1527239,33.292206,33.44493,-0.0015565624,33.44493,0.000100130375,230,230,57,0.32949877,0.83256507,0.005424165,0.20430753,0
689,11.483334,0.15620328,33.28713,33.443333,-0.001599196,33.443333,0.00010012489,230,230,57,0.33590966,0.88488954,0.0055496427,0.20408694,0
690,11.5,0.1573937,33.2843,33.441696,-0.0016342681,33.441696,0.0001001061,231,231,57,0.33992556,0.9355185,0.0056362012,0.2039283,0
691,11.516666,0.1562642,33.28377,33.440037,-0.0016603465,33.440037,0.000100167046,232,232,57,0.341428,0.98228884,0.0056818253,0.20383626,0
692,11.533334,0.15285353,33.28552,33.43837,-0.001666484,33.43837,0.000100135905,234,234,57,0.3403171,1.0227271,0.0056846607,0.20381366,0
693,11.55,0.14726406,33.28945,33.436714,-0.0016547092,33.436714,0.000100174584,234,234,59,0.3365134,1.0541383,0.0056432253,0.20386142,0
694,11.566667,0.13965727,33.295418,33.435074,-0.0016410553,33.435074,0.000100109224,234,234,59,0.32996356,1.0739113,0.005556419,0.20397805,0
695,11.583333,0.13025445,33.303223,33.43348,-0.0015963275,33.43348,0.00010013753,235,235,59,0.32064584,1.0796701,0.0054236134,0.20416018,0
696,11.6,0.119326696,33.312607,33.431934,-0.0015456359,33.431934,0.00010009993,237,237,59,0.30857447,1.0694344,0.005244744,0.2044017,0
697,11.616667,0.10618763,33.324062,33.430252,-0.0016824302,33.430252,0.00010012372,236,236,59,0.29394954,1.0264806,0.0050210212,0.20470387,0
698,11.633333,0.092239656,33.33659,33.42883,-0.0014216488,33.42883,0.00010010582,236,236,59,0.27686656,0.96195143,0.00475672,0.20504665,0
699,11.65,0.07825417,33.34922,33.427475,-0.0013527654,33.427475,0.00010011087,237,237,60,0.25729874,0.88935924,0.004450631,0.20541209,0
700,11.666667,0.06445432,33.361732,33.426186,-0.0012884879,33.426186,0.000100165,235,235,59,0.23536293,0.81433845,0.0041040936,0.20579112,0
701,11.683333,0.05104816,33.373905,33.424953,-0.0012337933,33.424953,0.00010008018,239,239,59,0.21095516,0.7387895,0.0037182688,0.20617394,0
702,11.7,0.03837527,33.38549,33.423866,-0.0010865727,33.423866,0.00010026446,239,239,59,0.1845053,0.6706172,0.0032923075,0.20654826,0
703,11.716666,0.026816621,33.39607,33.422882,-0.0009833297,33.422882,0.00010028743,239,239,60,0.1532062,0.51549137,0.0028042034,0.20689332,0
704,11.733334,0.016947478,33.405144,33.422092,-0.0007907849,33.422092,0.00010022924,238,238,60,0.12237952,0.41973242,0.0022916466,0.2071925,0
705,11.75,0.009106936,33.41232,33.421425,-0.0006664692,33.421425,0.000100185694,238,238,60,0.090417266,0.32083362,0.001767371,0.20743412,0
706,11.766666,0.0035977573,33.417313,33.42091,-0.000517869,33.42091,0.00010029626,238,238,60,0.05767763,0.21916634,0.0012275082,0.20760804,0
707,11.783334,0.00061901985,33.419914,33.420536,-0.00037435157,33.420536,0.00010028828,238,238,60,0.024450654,0.106012575,0.00067638356,0.2077059,0
708,11.8,0.0001915067,33.420128,33.42032,-0.00021487293,33.42032,0.000100177385,238,238,60,0.012335359,0.03614361,0.00014696186,0.20772055,0
709,11.816667,0.0020365783,33.41807,33.42011,-0.00020967505,33.42011,0.0001001765,238,238,60,0.040980306,0.1226789,0.00044607298,0.20765676,0
710,11.833333,0.0059445063,33.413826,33.41977,-0.00033988903,33.41977,0.00010010746,238,238,60,0.06985643,0.20765556,0.00093042036,0.20752491,0
711,11.85,0.011750943,33.407547,33.419296,-0.00047301748,33.419296,0.000100161225,239,239,60,0.09783906,0.28734425,0.0014053792,0.20733137,0
712,11.866667,0.019229744,33.39945,33.41868,-0.0006176565,33.41868,0.00010022821,239,239,60,0.12449977,0.35957536,0.001860754,0.2070849,0
713,11.883333,0.028109865,33.38981,33.41792,-0.00076134206,33.41792,0.000100108984,239,239,60,0.14950748,0.4228945,0.0022910885,0.20679602,0
714,11.9,0.03809556,33.379,33.4171,-0.00082022167,33.4171,0.000100183395,236,236,59,0.1727508,0.47846428,0.0026928533,0.20647666,0
715,11.916667,0.048755568,33.367344,33.4161,-0.0009969653,33.4161,0.00010014725,236,236,59,0.19435667,0.5285622,0.0030641581,0.20613809,0
716,11.933333,0.05950183,33.35555,33.41505,-0.0010482055,33.41505,0.00010016071,235,235,59,0.21610487,0.5997336,0.0034283379,0.20579164,0
717,11.95,0.07020338,33.343708,33.41391,-0.0011414696,33.41391,0.00010018005,235,235,59,0.23529515,0.6586126,0.0037693016,0.20544441,0
718,11.966666,0.08042272,33.332237,33.41266,-0.0012507604,33.41266,0.00010013575,235,235,59,0.25185522,0.7075663,0.0040670396,0.20511085,0
719,11.983334,0.08981862,33.3215,33.41132,-0.001341849,33.41132,0.000100157085,233,233,58,0.26573402,0.74686027,0.004319173,0.20480308,0
720,12,0.09812488,33.311794,33.40992,-0.0013993876,33.40992,0.00010026015,232,232,58,0.27707407,0.7957649,0.0045290366,0.20453039,0
721,12.016666,0.10520408,33.303272,33.408474,-0.0014440251,33.408474,0.00010017397,235,235,59,0.28609383,0.83790797,0.004698295,0.20429748,0
722,12.033334,0.11096335,33.29604,33.407,-0.0014719972,33.407,0.000100159545,235,235,59,0.29274482,0.87863624,0.004828005,0.20410712,0
723,12.05,0.11536903,33.290188,33.405556,-0.0014471606,33.405556,0.00010020081,237,237,60,0.2973419,0.9203476,0.004921632,0.20396082,0
724,12.066667,0.11833556,33.28574,33.404076,-0.0014791306,33.404076,0.00010020901,236,236,59,0.29956207,0.9507082,0.0049779653,0.20385931,0
725,12.083333,0.119739674,33.282887,33.402626,-0.0014509857,33.402626,0.00010016736,237,237,60,0.29952607,0.9510787,0.0049950974,0.20380619,0
726,12.1,0.119373776,33.281803,33.401176,-0.0014482178,33.401176,0.000100085716,233,233,58,0.29723346,0.91704834,0.0049758884,0.20380774,0
727,12.116667,0.117220424,33.28254,33.39976,-0.0014171795,33.39976,0.00010014424,233,233,58,0.29253787,0.8739382,0.004917002,0.20386335,0
728,12.133333,0.11335135,33.285027,33.39838,-0.0013810621,33.39838,0.00010016023,232,232,58,0.28555965,0.8226931,0.0048190765,0.2039689,0
729,12.15,0.10787947,33.28915,33.39703,-0.0013494209,33.39703,0.00010019598,232,232,58,0.27641547,0.76543486,0.0046840915,0.20411901,0
730,12.166667,0.100973204,33.294773,33.39575,-0.0012833565,33.39575,0.00010009393,230,230,57,0.26525742,0.7047739,0.004514251,0.20430732,0
731,12.183333,0.09284038,33.30165,33.394493,-0.0012533464,33.394493,0.00010007343,228,228,56,0.25227976,0.6412189,0.0043124803,0.20452626,0
732,12.2,0.08372024,33.30959,33.39331,-0.001184127,33.39331,0.000100192636,228,228,56,0.2376617,0.5756495,0.004082128,0.20476855,0
733,12.216666,0.073881716,33.318363,33.392242,-0.0010645767,33.392242,0.00010015848,228,228,56,0.22155051,0.51613265,0.003825013,0.20502691,0
734,12.233334,0.06361723,33.32763,33.391247,-0.0009992577,33.391247,0.00010015703,228,228,56,0.20416391,0.4558088,0.0035456752,0.20529252,0
735,12.25,0.05323412,33.3371,33.390335,-0.0009082307,33.390335,0.00010006427,228,228,56,0.185571,0.39775565,0.003245495,0.20555782,0
736,12.266666,0.043044724,33.34647,33.389515,-0.0008205924,33.389515,0.000100132835,228,228,56,0.16627009,0.34858355,0.0029274523,0.20581523,0
737,12.283334,0.033355433,33.355415,33.388767,-0.00074709416,33.388767,0.00010023274,233,233,58,0.1464211,0.30736148,0.0026032636,0.20605868,0
738,12.3,0.02446164,33.363655,33.388115,-0.00065352494,33.388115,0.000100122845,233,233,58,0.1256815,0.26565567,0.002264151,0.20628196,0
739,12.316667,0.0166386,33.370922,33.387558,-0.00055603066,33.387558,0.00010017072,233,233,58,0.1042521,0.22401829,0.0019125054,0.20647952,0
740,12.333333,0.010127803,33.37696,33.38709,-0.00047058295,33.38709,0.000100147714,233,233,58,0.08222411,0.18224606,0.0015501241,0.20664595,0
741,12.35,0.0051285294,33.381588,33.386715,-0.00037439028,33.386715,0.00010021454,233,233,58,0.059684817,0.13994133,0.001178477,0.20677729,0
742,12.366667,0.0017903713,33.384644,33.386436,-0.00027972978,33.386436,0.00010012179,233,233,58,0.036745947,0.09667942,0.0007991773,0.20686986,0
743,12.383333,0.00019390769,33.38607,33.386265,-0.0001694962,33.386265,0.000100199744,233,233,58,0.013460124,0.053252548,0.0004136333,0.2069202,0
744,12.4,0.0002249565,33.38594,33.386166,-0.00010029271,33.386166,0.00010011118,233,233,58,0.0113493875,0.026439432,6.531461e-05,0.20692196,0
745,12.416667,0.0017069117,33.384277,33.385986,-0.00018026307,33.385986,0.00010008476,233,233,58,0.033058066,0.068818726,0.00037549445,0.20687893,0
746,12.433333,0.004566356,33.38115,33.385715,-0.00026997493,33.385715,0.00010008218,233,233,58,0.054060347,0.11248788,0.00073076494,0.20679621,0
747,12.45,0.008710564,33.376656,33.38537,-0.0003480041,33.38537,0.000100134304,233,233,58,0.07466666,0.1553593,0.0010777205,0.20667668,0
748,12.466666,0.014010262,33.37092,33.38493,-0.00043892965,33.38493,0.00010013533,233,233,58,0.094697505,0.19705224,0.0014164854,0.20652348,0
749,12.483334,0.020300599,33.364105,33.384403,-0.0005236276,33.384403,0.00010006603,233,233,58,0.11399346,0.23722902,0.0017442689,0.20634077,0
750,12.5,0.02738629,33.356407,33.383793,-0.0006117531,33.383793,0.000100085395,233,233,58,0.13240382,0.27556348,0.0020585011,0.20613337,0
751,12.516666,0.03504772,33.348064,33.38311,-0.0006815804,33.38311,0.000100056495,231,231,57,0.149786,0.31175986,0.0023567376,0.20590696,0
752,12.533334,0.043046873,33.339314,33.38236,-0.00075201807,33.38236,0.000100114776,228,228,56,0.16600566,0.34555143,0.0026367009,0.20566739,0
753,12.55,0.05113636,33.3304,33.381535,-0.00082344766,33.381535,0.00010009347,228,228,56,0.18094191,0.3766726,0.0028962006,0.20542084,0
754,12.566667,0.0590661,33.32159,33.380657,-0.00087945134,33.380657,0.00010014894,228,228,56,0.19475466,0.40709057,0.0031351438,0.2051735,0
755,12.583333,0.066594444,33.3131,33.379692,-0.0009639655,33.379692,0.000100075944,228,228,56,0.20746678,0.4376896,0.0033561294,0.20493035,0
756,12.6,0.07349665,33.305172,33.37867,-0.0010226755,33.37867,0.000100085555,228,228,56,0.21896084,0.46802327,0.003557753,0.20469663,0
757,12.616667,0.07957215,33.29805,33.37762,-0.0010470313,33.37762,0.000100137295,228,228,56,0.22911029,0.49751356,0.0037380257,0.20447777,0
758,12.633333,0.08464818,33.29188,33.37653,-0.001092702,33.37653,0.00010009007,230,230,57,0.2377771,0.5254138,0.0038947167,0.20427854,0
759,12.65,0.08858104,33.286808,33.37539,-0.0011387486,33.37539,0.00010013413,230,230,57,0.24481238,0.55079174,0.0040254313,0.20410341,0
760,12.666667,0.0912588,33.282974,33.374233,-0.001158577,33.374233,0.00010016604,230,230,57,0.25007054,0.57265663,0.004127701,0.20395695,0
761,12.683333,0.092602655,33.28044,33.373047,-0.0011868821,33.373047,0.000100123536,231,231,57,0.25341368,0.58999556,0.004199163,0.20384277,0
762,12.7,0.092566155,33.27928,33.37185,-0.0011972887,33.37185,0.00010014507,231,231,57,0.25472045,0.60195446,0.0042375918,0.203764,0
763,12.716666,0.09114702,33.2795,33.370647,-0.0012021702,33.370647,0.00010014528,231,231,57,0.2541885,0.6139415,0.004243174,0.20372242,0
764,12.733334,0.08838146,33.28106,33.369442,-0.0012054209,33.369442,0.00010010222,231,231,57,0.25191477,0.62859386,0.004219474,0.20371887,0
765,12.75,0.084353924,33.283905,33.36826,-0.0011807571,33.36826,0.00010008367,233,233,58,0.24788204,0.64549005,0.004166603,0.20375307,0
766,12.766666,0.07919317,33.287895,33.36709,-0.0011709682,33.36709,0.00010011656,236,236,60,0.24206609,0.6631784,0.00408418,0.20382331,0
767,12.783334,0.07306675,33.29288,33.365948,-0.0011405955,33.365948,0.00010013423,237,237,60,0.2344495,0.67956,0.003971888,0.20392695,0
768,12.8,0.06616849,33.298683,33.36485,-0.0010976196,33.36485,0.00010012018,238,238,60,0.22502169,0.69206357,0.0038294762,0.20406023,0
769,12.816667,0.058708794,33.305065,33.363773,-0.0010776592,33.363773,0.000100080535,238,238,60,0.21378425,0.69782037,0.0036568695,0.20421858,0
770,12.833333,0.050905555,33.311867,33.362774,-0.0009997485,33.362774,0.00010012139,238,238,60,0.20075727,0.69414616,0.0034542575,0.20439713,0
771,12.85,0.04260693,33.319057,33.361664,-0.001108423,33.361664,0.0001000991,238,238,60,0.18607336,0.669269,0.003222414,0.2045923,0
772,12.866667,0.034194265,33.326485,33.36068,-0.0009847237,33.36068,0.00010019423,237,237,60,0.1699286,0.61818504,0.0029655977,0.20479701,0
773,12.883333,0.02651059,33.333252,33.359764,-0.00091609283,33.359764,0.000100194935,236,236,59,0.15217558,0.5617225,0.002682672,0.20499684,0
774,12.9,0.019552274,33.339375,33.35893,-0.0008369706,33.35893,0.0001001674,237,237,59,0.1328106,0.5168398,0.002372924,0.20518902,0
775,12.916667,0.0133954985,33.344833,33.35823,-0.00069695903,33.35823,0.00010023017,238,238,60,0.112099044,0.4713893,0.0020383305,0.20536953,0
776,12.933333,0.0082027735,33.349403,33.35761,-0.00062270573,33.35761,0.00010018823,238,238,60,0.08932422,0.3974184,0.0016814222,0.20553085,0
777,12.95,0.004105294,33.352913,33.357018,-0.00058833294,33.357018,0.00010027432,238,238,60,0.062669046,0.24716629,0.0012545733,0.20565642,0
778,12.966666,0.0014009419,33.3552,33.3566,-0.00041718117,33.3566,0.00010018669,238,238,60,0.037104353,0.15561268,0.00082600827,0.20574033,0
779,12.983334,0.00014091819,33.35616,33.3563,-0.00030156315,33.3563,0.00010023267,241,241,61,0.0124820955,0.06622697,0.00040147005,0.20577933,0
780,13,0.0002569099,33.355873,33.356133,-0.00016946826,33.356133,0.0001001168,241,241,61,0.0147841275,0.05026374,0.000119991906,0.20577353,0
781,13.016666,0.0014756573,33.35444,33.355915,-0.00021653269,33.355915,0.000100207224,238,238,60,0.034616403,0.10131088,0.00041362154,0.20573129,0
782,13.033334,0.0037219082,33.351902,33.355625,-0.00028913913,33.355625,0.00010027648,238,238,60,0.055424005,0.16642156,0.0007558033,0.2056555,0
783,13.05,0.006895265,33.348354,33.355247,-0.00037685395,33.355247,0.000100275596,238,238,60,0.07544001,0.22642875,0.0010956597,0.20554881,0
784,13.066667,0.010859537,33.34393,33.354786,-0.00046127275,33.354786,0.00010022741,238,238,60,0.09460277,0.28316697,0.001422606,0.205416,0
785,13.083333,0.015453034,33.338757,33.35421,-0.0005762044,33.35421,0.00010024302,238,238,60,0.11253984,0.33428606,0.0017316819,0.20526241,0
786,13.1,0.020503378,33.33302,33.353523,-0.00068894867,33.353523,0.0001001156,237,237,60,0.12871324,0.37289602,0.002015916,0.20509493,0
787,13.116667,0.025844013,33.32692,33.352764,-0.0007577658,33.352764,0.00010023802,237,237,60,0.1433273,0.40577972,0.0022723125,0.20492055,0
788,13.133333,0.0313228,33.32062,33.351944,-0.0008182914,33.351944,0.00010022438,237,237,60,0.1560129,0.4269089,0.0024994188,0.20474516,0
789,13.15,0.036806002,33.314285,33.351093,-0.00085327716,33.351093,0.00010018218,236,236,60,0.16730249,0.44881755,0.0026990029,0.20457384,0
790,13.166667,0.04217495,33.30801,33.350185,-0.00090635126,33.350185,0.00010023001,239,239,61,0.17715459,0.47019294,0.002874315,0.20440923,0
791,13.183333,0.047319066,33.301926,33.349243,-0.0009428161,33.349243,0.00010022602,239,239,61,0.18574114,0.4937129,0.0030277362,0.20425366,0
792,13.2,0.052118596,33.296154,33.348274,-0.0009691863,33.348274,0.00010020704,239,239,61,0.19300586,0.5162883,0.003159616,0.20410948,0
793,13.216666,0.056435924,33.290844,33.347282,-0.0009928611,33.347282,0.00010017106,239,239,61,0.19892123,0.53501415,0.0032691858,0.20397933,0
794,13.233334,0.06009382,33.286182,33.346275,-0.0010050577,33.346275,0.00010025099,236,236,59,0.20367244,0.52751,0.0033577795,0.20386785,0
795,13.25,0.06293479,33.28233,33.345264,-0.0010116565,33.345264,0.00010021629,236,236,59,0.20701969,0.51658887,0.0034250931,0.20377956,0
796,13.266666,0.06486868,33.279366,33.344234,-0.0010301071,33.344234,0.00010021537,236,236,59,0.208965,0.5046925,0.0034688702,0.20371573,0
797,13.283334,0.06583298,33.277363,33.343197,-0.0010382482,33.343197,0.000100231606,234,234,58,0.20953679,0.4925258,0.0034895192,0.20367733,0
798,13.3,0.06579492,33.27637,33.342163,-0.0010319306,33.342163,0.00010013768,234,234,58,0.20876274,0.48079816,0.0034875118,0.20366469,0
799,13.316667,0.06475282,33.2764,33.341152,-0.0010103439,33.341152,0.000100224424,234,234,59,0.20667177,0.46993107,0.0034633195,0.20367752,0
800,13.333333,0.06273761,33.277374,33.340115,-0.0010406277,33.340115,0.00010013591,232,232,59,0.20329237,0.46017268,0.0034174265,0.20371433,0
801,13.35,0.059810743,33.279293,33.339104,-0.0010087778,33.339104,0.00010022874,232,232,59,0.19865023,0.4515785,0.0033502777,0.20377406,0
802,13.366667,0.056062747,33.282063,33.338123,-0.00097985,33.338123,0.00010016495,230,230,58,0.19277969,0.4431964,0.0032623436,0.20385474,0
803,13.383333,0.051612582,33.285538,33.33715,-0.0009755981,33.33715,0.000100135614,231,231,58,0.18572995,0.43295446,0.0031543851,0.20395358,0
804,13.4,0.046602864,33.289623,33.336227,-0.0009213394,33.336227,0.00010018449,231,231,58,0.177528,0.42091927,0.003027008,0.20406872,0
805,13.416667,0.041194495,33.294147,33.33534,-0.00088739395,33.33534,0.00010015851,231,231,58,0.16820492,0.40737408,0.0028806836,0.2041968,0
806,13.433333,0.035559334,33.29893,33.33449,-0.00085001,33.33449,0.00010018752,231,231,58,0.15779501,0.3926985,0.002715971,0.2043343,0
807,13.45,0.029870901,33.30381,33.333683,-0.0008080136,33.333683,0.000100174686,234,234,59,0.14633438,0.37727746,0.0025334372,0.20447779,0
808,13.466666,0.024299389,33.308624,33.33292,-0.00076042174,33.33292,0.000100213714,232,232,58,0.13386276,0.36140564,0.0023337316,0.20462337,0
809,13.483334,0.01900693,33.313206,33.332214,-0.00070930464,33.332214,0.00010021767,232,232,58,0.12042425,0.34520587,0.0021175528,0.20476682,0
810,13.5,0.014144319,33.317417,33.331562,-0.0006502073,33.331562,0.000100175654,231,231,58,0.106067,0.32851943,0.0018856511,0.20490414,0
811,13.516666,0.009849076,33.321117,33.330967,-0.00059706497,33.330967,0.00010016041,231,231,58,0.090845354,0.3109582,0.0016389008,0.20503122,0
812,13.533334,0.006243018,33.324196,33.33044,-0.0005248527,33.33044,0.000100251105,231,231,58,0.07482368,0.29180235,0.0013782674,0.20514409,0
813,13.55,0.0034292222,33.32654,33.32997,-0.0004704302,33.32997,0.000100214704,231,231,58,0.05807839,0.27010033,0.0011049208,0.20523879,0
814,13.566667,0.0014864561,33.328083,33.329567,-0.0004024127,33.329567,0.00010012075,231,231,58,0.040687267,0.24760155,0.0008201995,0.20531158,0
815,13.583333,0.00045086042,33.32878,33.32923,-0.00033732445,33.32923,0.000100115656,230,230,58,0.022931103,0.21476911,0.0005259368,0.20535798,0
816,13.6,0.00020666742,33.328735,33.328945,-0.00028658804,33.328945,0.00010025832,230,230,58,0.009501734,0.13892357,0.00023486577,0.20537898,0
817,13.616667,0.0006845708,33.327953,33.32864,-0.00030465925,33.32864,0.0001001901,230,230,58,0.017668951,0.060658053,0.00022728623,0.20537375,0
818,13.633333,0.0018759391,33.326435,33.32831,-0.00032936694,33.32831,0.00010011463,230,230,58,0.03232299,0.07718247,0.00039557883,0.2053416,0
819,13.65,0.0037461815,33.32424,33.327988,-0.00032299466,33.327988,0.0001002784,230,230,58,0.04895828,0.10203491,0.0006865584,0.20528382,0
820,13.666667,0.0062068175,33.321407,33.327614,-0.00037384676,33.327614,0.00010011166,230,230,58,0.06319859,0.13288125,0.0009380521,0.20520629,0
821,13.683333,0.0091696605,33.318012,33.327183,-0.0004299248,33.327183,0.00010026578,230,230,58,0.077083096,0.163642,0.0011725021,0.20511213,0
822,13.7,0.0125438105,33.314148,33.32669,-0.0004924444,33.32669,0.00010016864,230,230,58,0.09050971,0.19419336,0.0014001494,0.20500325,0
823,13.716666,0.016226904,33.309917,33.326145,-0.0005449381,33.326145,0.000100175355,230,230,58,0.10337616,0.22433877,0.0016192906,0.20488212,0
824,13.733334,0.020108,33.305435,33.325542,-0.0006026392,33.325542,0.00010019271,228,228,57,0.115577385,0.2537599,0.001828197,0.20475142,0
825,13.75,0.024070607,33.30082,33.32489,-0.0006526332,33.32489,0.00010020494,228,228,57,0.12700294,0.28214228,0.0020250734,0.20461409,0
826,13.766666,0.02799614,33.296223,33.32422,-0.00067191833,33.32422,0.00010019502,228,228,57,0.13754445,0.3090377,0.0022081125,0.20447373,0
827,13.783334,0.0317669,33.291683,33.323452,-0.00076783774,33.323452,0.000100144825,228,228,57,0.14709155,0.33402354,0.002375445,0.20433293,0
828,13.8,0.035269473,33.287373,33.32264,-0.00080925156,33.32264,0.00010025489,228,228,57,0.15554063,0.35658908,0.002525322,0.20419562,0
829,13.816667,0.03839783,33.283394,33.321793,-0.0008484641,33.321793,0.000100163714,228,228,57,0.16279285,0.37629858,0.002656037,0.20406502,0
830,13.833333,0.041057292,33.2799,33.320957,-0.0008358858,33.320957,0.000100251506,229,229,58,0.16876122,0.39278823,0.002766072,0.20394489,0
831,13.85,0.04316663,33.276962,33.32013,-0.00082689396,33.32013,0.00010018961,231,231,59,0.17337193,0.40564507,0.0028540452,0.20383807,0
832,13.866667,0.04466133,33.274593,33.319256,-0.00087427045,33.319256,0.00010015812,231,231,59,0.17656782,0.41455513,0.0029188602,0.20374632,0
833,13.883333,0.04549561,33.272846,33.318344,-0.00091222837,33.318344,0.00010024194,232,232,59,0.17830884,0.4192883,0.0029597378,0.20367168,0
834,13.9,0.0456441,33.271763,33.31741,-0.0009349927,33.31741,0.00010021194,232,232,59,0.17869568,0.42237845,0.0029767896,0.20361537,0
835,13.916667,0.04510399,33.271423,33.31653,-0.0008797701,33.31653,0.00010021242,232,232,59,0.17790127,0.42746103,0.0029731512,0.203579,0
836,13.933333,0.043895632,33.271767,33.315662,-0.0008665373,33.315662,0.0001002109,232,232,59,0.1759213,0.433943,0.0029497922,0.20356204,0
837,13.95,0.042060807,33.27272,33.31478,-0.0008813511,33.31478,0.000100254874,232,232,59,0.17275189,0.44083962,0.0029066305,0.2035636,0
838,13.966666,0.039658446,33.274227,33.313885,-0.0008969213,33.313885,0.00010009295,232,232,59,0.16839223,0.44682294,0.0028436417,0.20358266,0
839,13.983334,0.036761947,33.276253,33.313015,-0.0008691869,33.313015,0.00010024792,234,234,59,0.16284558,0.45059553,0.0027607998,0.20361803,0
840,14,0.033456806,33.278755,33.31221,-0.00080449786,33.31221,0.00010015977,234,234,59,0.1561105,0.45034006,0.002658196,0.20366836,0
841,14.016666,0.029838627,33.281563,33.3114,-0.0008099639,33.3114,0.000100178026,234,234,59,0.1482136,0.44501543,0.0025360046,0.20373054,0
842,14.033334,0.026011322,33.284626,33.31064,-0.0007620599,33.31064,0.00010020149,235,235,59,0.13918035,0.43348607,0.0023946317,0.20380265,0
843,14.05,0.022086412,33.287834,33.30992,-0.000717849,33.30992,0.00010011791,235,235,59,0.12905838,0.41461045,0.0022346883,0.20388153,0
844,14.066667,0.018180091,33.29107,33.30925,-0.00067149685,33.30925,0.00010010004,235,235,59,0.117891684,0.38910025,0.002056994,0.20396416,0
845,14.083333,0.014410342,33.294216,33.308624,-0.00062420266,33.308624,0.000100165336,236,236,59,0.10575415,0.35672837,0.0018624846,0.20404701,0
846,14.1,0.0108926585,33.297165,33.30806,-0.00056665536,33.30806,0.00010009482,235,235,58,0.09272762,0.31811652,0.0016524735,0.20412697,0
847,14.116667,0.007569627,33.299885,33.307453,-0.00060359726,33.307453,0.00010014712,235,235,58,0.07665536,0.21347442,0.001402508,0.20419797,0
848,14.133333,0.004918889,33.30211,33.30703,-0.0004252473,33.30703,0.00010016547,235,235,58,0.06359605,0.1891562,0.0011724961,0.20425761,0
849,14.15,0.002793922,33.30391,33.306705,-0.00032442447,33.306705,0.00010030346,235,235,58,0.048061755,0.14433779,0.00092902954,0.20430768,0
850,14.166667,0.0012286073,33.30522,33.30645,-0.00025455988,33.30645,0.00010024313,235,235,58,0.031883158,0.0959035,0.0006633536,0.20434457,0
851,14.183333,0.0002868655,33.305977,33.306263,-0.00018544734,33.306263,0.000100246754,235,235,58,0.015463144,0.04715394,0.00039117326,0.20436634,0
852,14.2,4.590069e-06,33.30614,33.30615,-0.000117849166,33.30615,0.000100217854,235,235,58,0.0021275755,0.010074033,0.00011878717,0.20437175,0
853,14.216666,0.00026217813,33.305744,33.306004,-0.0001419229,33.306004,0.00010025033,235,235,58,0.013540594,0.03521768,0.00012861249,0.20436229,0
854,14.233334,0.0009564951,33.30484,33.305798,-0.00020661927,33.305798,0.00010025451,235,235,58,0.025447361,0.06001851,0.00032742546,0.20434079,0
855,14.25,0.0020655515,33.303467,33.305534,-0.00026504186,33.305534,0.00010018712,235,235,58,0.037155747,0.08349755,0.00052448735,0.20430805,0
856,14.266666,0.0035555244,33.301697,33.305252,-0.00028114254,33.305252,0.00010017212,236,236,59,0.048646472,0.10774292,0.000717973,0.20426548,0
857,14.283334,0.005380664,33.299515,33.304897,-0.00035612704,33.304897,0.000100333265,236,236,59,0.05990473,0.1333769,0.00090732035,0.20421335,0
858,14.3,0.0074848803,33.29701,33.304493,-0.00040390802,33.304493,0.00010012243,236,236,59,0.07065358,0.15626892,0.0010907907,0.20415345,0
859,14.316667,0.00980448,33.294262,33.304066,-0.00042593715,33.304066,0.000100259334,236,236,59,0.08101491,0.18065175,0.0012669992,0.20408747,0
860,14.333333,0.012268854,33.291294,33.303562,-0.00050228054,33.303562,0.000100186146,236,236,59,0.09078691,0.2034233,0.0014343953,0.20401686,0
861,14.35,0.0148034245,33.288254,33.30306,-0.00050540385,33.30306,0.00010024004,236,236,59,0.09989546,0.2244841,0.0015917108,0.20394413,0
862,14.366667,0.017331814,33.28514,33.302475,-0.000584571,33.302475,0.000100145066,235,235,59,0.10833924,0.24527967,0.0017382117,0.20387058,0
863,14.383333,0.01977764,33.282124,33.301903,-0.00057220185,33.301903,0.00010022409,235,235,59,0.11593703,0.26314017,0.0018718279,0.2037991,0
864,14.4,0.022067599,33.27919,33.301258,-0.00064527435,33.301258,0.00010014929,235,235,59,0.12282441,0.28234124,0.0019920575,0.20373093,0
865,14.416667,0.024132125,33.27646,33.30059,-0.00066438504,33.30059,0.00010021111,235,235,59,0.12858833,0.29505196,0.002097402,0.20366846,0
866,14.433333,0.025909588,33.274017,33.299927,-0.0006634941,33.299927,0.000100127305,235,235,59,0.133566,0.30961296,0.0021865913,0.20361362,0
867,14.45,0.027345711,33.27186,33.299202,-0.00072652317,33.299202,0.00010019515,235,235,59,0.13733895,0.31778398,0.0022601169,0.20356734,0
868,14.466666,0.028397791,33.270073,33.298473,-0.0007305077,33.298473,0.00010024294,234,234,59,0.14017601,0.32646772,0.0023152903,0.20353146,0
869,14.483334,0.029034292,33.268745,33.297783,-0.0006900484,33.297783,0.000100181926,234,234,59,0.14193599,0.33277047,0.0023529804,0.2035073,0
870,14.5,0.02923537,33.267822,33.29706,-0.00072479475,33.29706,0.00010024324,234,234,59,0.14249815,0.33437902,0.0023715948,0.20349468,0
871,14.516666,0.02899515,33.267307,33.296303,-0.000752951,33.296303,0.00010021932,234,234,59,0.14189082,0.33207884,0.002371466,0.20349388,0
872,14.533334,0.02832145,33.267216,33.295536,-0.0007673028,33.295536,0.00010022474,234,234,59,0.14027198,0.32943612,0.0023527425,0.20350465,0
873,14.55,0.027234675,33.267548,33.29478,-0.0007550951,33.29478,0.000100164936,234,234,59,0.13751519,0.32346046,0.0023158356,0.20352681,0
874,14.566667,0.02576792,33.268284,33.294052,-0.000729746,33.294052,0.000100274694,234,234,59,0.13366614,0.31388205,0.0022602936,0.2035594,0
875,14.583333,0.023966063,33.269375,33.29334,-0.0007112242,33.29334,0.00010014722,234,234,59,0.12882501,0.30288848,0.0021880637,0.20360106,0
876,14.6,0.02188389,33.27076,33.29264,-0.00069876516,33.29264,0.00010014073,231,231,58,0.12305645,0.29051816,0.0020994293,0.20365019,0
877,14.616667,0.01958449,33.2724,33.291985,-0.00065862795,33.291985,0.00010023813,231,231,58,0.11642736,0.27774462,0.0019953845,0.20370537,0
878,14.633333,0.01713849,33.274193,33.291332,-0.0006512771,33.291332,0.00010016338,231,231,58,0.10914623,0.26716366,0.0018792696,0.20376413,0
879,14.65,0.014619556,33.276142,33.290764,-0.00056926056,33.290764,0.000100292455,233,233,59,0.101150796,0.2562355,0.0017517486,0.20382538,0
880,14.666667,0.0121033,33.278122,33.290226,-0.00053831935,33.290226,0.00010015455,233,233,59,0.09248291,0.24431156,0.0016126531,0.20388676,0
881,14.683333,0.009664756,33.28004,33.289703,-0.0005197941,33.289703,0.00010019919,233,233,59,0.08319487,0.23102483,0.0014628783,0.20394623,0
882,14.7,0.0073759235,33.281845,33.28922,-0.00048396722,33.28922,0.00010019054,233,233,59,0.073318146,0.21482877,0.0013029566,0.20400232,0
883,14.716666,0.005304315,33.283478,33.28878,-0.00043865078,33.28878,0.00010016177,233,233,59,0.06291386,0.194369,0.0011337994,0.20405364,0
884,14.733334,0.003511017,33.284878,33.28839,-0.00039193427,33.28839,0.000100322155,233,233,59,0.05200987,0.1719526,0.0009560395,0.2040988,0
885,14.75,0.0020494587,33.28599,33.288044,-0.0003473167,33.288044,0.000100347606,233,233,59,0.040675033,0.14712447,0.0007705453,0.20413639,0
886,14.766666,0.0009628988,33.28678,33.287746,-0.00029668197,33.287746,0.00010020381,233,233,59,0.028975328,0.12003519,0.0005783875,0.20416525,0
887,14.783334,0.00028323627,33.287205,33.287487,-0.00025754084,33.287487,0.00010032491,233,233,59,0.016988594,0.09017603,0.00038082778,0.20418425,0
888,14.8,2.2300295e-05,33.28726,33.28728,-0.00020623805,33.28728,0.00010010391,233,233,59,0.0048685465,0.05192695,0.00017929534,0.20419267,0
889,14.816667,8.6362554e-05,33.287025,33.287113,-0.00016969239,33.287113,0.0001002544,233,233,59,0.0070524127,0.016905883,5.287037e-05,0.20418978,0
890,14.833333,0.00042656544,33.286495,33.286922,-0.00018898702,33.286922,0.00010018216,233,233,59,0.016457416,0.03477449,0.00020006504,0.20417671,0
891,14.85,0.0010158797,33.285686,33.2867,-0.00022250938,33.2867,0.00010015127,233,233,59,0.025437562,0.053457003,0.00035123518,0.20415583,0
892,14.866667,0.0018355369,33.284615,33.28645,-0.000252688,33.28645,0.00010017339,233,233,59,0.03421589,0.07173258,0.0004993163,0.20412758,0
893,14.883333,0.002859948,33.283302,33.28616,-0.00028734154,33.28616,0.000100215446,233,233,59,0.042733647,0.08940119,0.00064347824,0.20409256,0
894,14.9,0.0040572146,33.28179,33.285847,-0.00031349336,33.285847,0.00010022777,234,234,59,0.050915215,0.10638673,0.00078266417,0.20405163,0
895,14.916667,0.0053901374,33.280087,33.285477,-0.00036936265,33.285477,0.0001002421,234,234,59,0.05870465,0.122504406,0.00091575366,0.20400542,0
896,14.933333,0.006817318,33.278275,33.28509,-0.00038799277,33.28509,0.0001002574,234,234,59,0.06603365,0.13768275,0.0010417114,0.2039555,0
897,14.95,0.008294469,33.27639,33.284683,-0.0004070177,33.284683,0.0001002157,234,234,59,0.072847396,0.15179266,0.0011595412,0.2039028,0
898,14.966666,0.009775858,33.274445,33.28422,-0.0004631299,33.28422,0.00010018714,234,234,59,0.079098575,0.16470143,0.0012683683,0.20384823,0
899,14.983334,0.011215503,33.272556,33.28377,-0.00044951207,33.28377,0.000100161174,234,234,59,0.08473527,0.17633542,0.0013673798,0.20379367,0
900,15,0.01256888,33.27072,33.28329,-0.00047858758,33.28329,0.00010022401,234,234,59,0.08971263,0.1866711,0.0014557502,0.20374008,0
901,15.016666,0.013794212,33.26899,33.282784,-0.0005077117,33.282784,0.00010015657,234,234,59,0.094022214,0.19586045,0.0015328927,0.20368834,0
902,15.033334,0.014853861,33.267372,33.282227,-0.0005571804,33.282227,0.000100109144,232,232,58,0.09778053,0.20494838,0.0015999298,0.20363909,0
903,15.05,0.015716303,33.26594,33.281654,-0.0005706764,33.281654,0.00010015512,234,234,59,0.100968786,0.21393597,0.0016577546,0.2035934,0
904,15.066667,0.016357128,33.264725,33.281082,-0.0005726719,33.281082,0.00010016771,235,235,59,0.10354555,0.22262774,0.0017057313,0.20355202,0
905,15.083333,0.016759196,33.263786,33.280544,-0.00053876976,33.280544,0.00010021696,235,235,59,0.10546471,0.23073332,0.0017431353,0.2035158,0
906,15.1,0.016912736,33.263042,33.279953,-0.00059011957,33.279953,0.00010015506,235,235,59,0.10667633,0.2378907,0.0017691362,0.20348434,0
907,15.116667,0.01681513,33.262585,33.2794,-0.00055547117,33.2794,0.00010013049,234,234,59,0.10712922,0.2436606,0.0017829255,0.20345886,0
908,15.133333,0.016469922,33.26235,33.27882,-0.000580293,33.27882,0.00010017977,234,234,59,0.106771365,0.24762502,0.0017836132,0.20343904,0
909,15.15,0.015887126,33.26237,33.27826,-0.0005598519,33.27826,0.00010020587,234,234,59,0.10555984,0.2493362,0.0017704134,0.20342554,0
910,15.166667,0.015082834,33.262604,33.277687,-0.00057269935,33.277687,0.00010017151,234,234,59,0.10345988,0.24838375,0.0017426711,0.20341802,0
911,15.183333,0.0140797645,33.26304,33.27712,-0.00056931074,33.27712,0.0001001561,234,234,59,0.10044714,0.2444201,0.0016998886,0.20341645,0
912,15.2,0.012905197,33.26368,33.276585,-0.0005321571,33.276585,0.000100331294,234,234,59,0.096519075,0.23726141,0.0016418534,0.20342074,0
913,15.216666,0.011593258,33.264484,33.276077,-0.00050859485,33.276077,0.00010015933,234,234,59,0.09168883,0.22681078,0.0015686498,0.20343022,0
914,15.233334,0.010183221,33.26539,33.275574,-0.00050294964,33.275574,0.0001002783,234,234,59,0.08598699,0.21306957,0.0014806512,0.20344405,0
915,15.25,0.008718655,33.266384,33.275105,-0.00046986065,33.275105,0.000100227284,235,235,59,0.07946749,0.1962625,0.0013785326,0.20346126,0
916,15.266666,0.0072453883,33.267414,33.27466,-0.00044414835,33.27466,0.00010024225,235,235,59,0.0721995,0.1766469,0.0012633828,0.20348054,0
917,15.283334,0.005810286,33.268467,33.274277,-0.00038353936,33.274277,0.00010019443,235,235,59,0.0642688,0.15466008,0.0011364538,0.20350124,0
918,15.3,0.004458652,33.26945,33.27391,-0.00036407867,33.27391,0.000100209065,235,235,59,0.055776116,0.13080367,0.0009993257,0.2035216,0
919,15.316667,0.0032325205,33.27034,33.273575,-0.00033799687,33.273575,0.0001001583,235,235,59,0.046832602,0.105657525,0.00085377006,0.20354052,0
920,15.333333,0.0021688077,33.27109,33.27326,-0.0003140687,33.27326,0.000100119476,235,235,59,0.037554875,0.079834014,0.00070168945,0.20355701,0
921,15.35,0.0012959383,33.27169,33.272987,-0.00027335354,33.272987,0.00010024247,235,235,59,0.028833194,0.060140494,0.0005500729,0.20357051,0
922,15.366667,0.0006331642,33.27215,33.27278,-0.00020573883,33.27278,0.00010015906,235,235,59,0.02016465,0.042137813,0.0004067575,0.20358057,0
923,15.383333,0.00020019365,33.272404,33.272602,-0.00017760273,33.272602,0.000100247,235,235,59,0.011354172,0.023850637,0.00026095024,0.20358647,0
924,15.4,9.79703e-06,33.272446,33.272453,-0.00014883284,33.272453,0.000100160825,235,235,59,0.0025388075,0.0055844234,0.000113544,0.20358793,0
925,15.416667,3.4984605e-05,33.272312,33.272346,-0.00010831525,33.272346,0.00010024668,235,235,59,0.0049347985,0.01218836,2.8581111e-05,0.20358527,0
926,15.433333,0.00018890448,33.272015,33.2722,-0.00014234667,33.2722,0.000100199104,237,237,60,0.011213078,0.025287924,0.00013580058,0.20357922,0
927,15.45,0.00046193926,33.27153,33.27199,-0.00021093378,33.27199,0.00010036298,237,237,60,0.017421482,0.03821976,0.00024001197,0.20356964,0
928,15.466666,0.000845667,33.270947,33.271793,-0.00019949512,33.271793,0.00010015678,237,237,60,0.02350348,0.050961923,0.00034246562,0.20355745,0
929,15.483334,0.0013281694,33.270237,33.271564,-0.00022807179,33.271564,0.000100265126,237,237,60,0.029405985,0.06333786,0.00044237773,0.2035427,0
930,15.5,0.0018944684,33.269382,33.27128,-0.0002884183,33.27128,0.00010026059,237,237,60,0.03508326,0.075266816,0.0005389067,0.20352533,0
931,15.516666,0.002526989,33.268505,33.271034,-0.00024347751,33.271034,0.00010022041,237,237,60,0.040494792,0.086696036,0.00063129596,0.20350681,0
932,15.533334,0.003206124,33.267525,33.27073,-0.00030359876,33.27073,0.00010015945,237,237,60,0.045596708,0.09751447,0.0007189069,0.20348662,0
933,15.55,0.0039108414,33.266468,33.27038,-0.00035050375,33.27038,0.000100226294,236,236,60,0.05035026,0.1076504,0.00080101995,0.20346536,0
934,15.566667,0.004619297,33.265453,33.270073,-0.0003048688,33.270073,0.00010019448,236,236,60,0.054718778,0.11702875,0.0008769919,0.20344451,0
935,15.583333,0.005309588,33.264412,33.269722,-0.00035379129,33.269722,0.00010039078,236,236,60,0.058668904,0.12558122,0.0009462783,0.20342362,0
936,15.6,0.0059602205,33.26338,33.26934,-0.0003811463,33.26934,0.00010026654,236,236,60,0.062189538,0.13321134,0.001008396,0.2034035,0
937,15.616667,0.0065513523,33.2624,33.26895,-0.00038777816,33.26895,0.00010025733,236,236,60,0.06533813,0.14054476,0.0010638576,0.2033847,0
938,15.633333,0.007065474,33.261517,33.268585,-0.00036752885,33.268585,0.000100286794,237,237,60,0.06809953,0.14784783,0.0011130733,0.20336793,0
939,15.65,0.0074880226,33.26071,33.2682,-0.00038245882,33.2682,0.00010023176,237,237,60,0.0704361,0.15484984,0.0011555228,0.20335354,0
940,15.666667,0.0078068185,33.260006,33.267815,-0.00038812053,33.267815,0.00010033673,237,237,60,0.072313264,0.16134349,0.0011905798,0.20334189,0
941,15.683333,0.008012787,33.259407,33.26742,-0.00039271524,33.26742,0.00010019888,237,237,60,0.07369824,0.16713387,0.0012177082,0.20333335,0
942,15.7,0.008100305,33.258926,33.267025,-0.0003952881,33.267025,0.00010019015,237,237,60,0.0745564,0.1719888,0.0012363391,0.20332807,0
943,15.716666,0.008067028,33.258507,33.266575,-0.00044991163,33.266575,0.00010013833,237,237,60,0.07485451,0.17565362,0.0012459126,0.20332584,0
944,15.733334,0.007913887,33.258175,33.26609,-0.00048681555,33.26609,0.000100159945,237,237,60,0.074563,0.1778476,0.0012458869,0.20332675,0
945,15.75,0.0076448326,33.257984,33.26563,-0.00045958208,33.26563,0.00010022282,237,237,60,0.0735817,0.17650092,0.0012354434,0.2033314,0
946,15.766666,0.0072676535,33.257935,33.265205,-0.00042522702,33.265205,0.00010016985,239,239,61,0.07206085,0.17527929,0.0012146885,0.2033397,0
947,15.783334,0.0067929793,33.25802,33.26481,-0.00039370763,33.26481,0.00010030307,238,238,61,0.069934666,0.17269164,0.0011833528,0.20335124,0
948,15.8,0.006234349,33.258175,33.26441,-0.0004010205,33.26441,0.000100202655,237,237,61,0.06705056,0.16496246,0.001141811,0.20336519,0
949,15.816667,0.0056089754,33.258358,33.26397,-0.00044116314,33.26397,0.00010021258,237,237,61,0.06369377,0.1583213,0.0010897116,0.20338063,0
950,15.833333,0.0049358974,33.2586,33.263535,-0.0004341696,33.263535,0.00010019197,237,237,61,0.059728995,0.14893112,0.0010275695,0.20339736,0
951,15.85,0.004235885,33.258884,33.26312,-0.00041405327,33.26312,0.00010011933,236,236,61,0.055144984,0.13583936,0.0009565409,0.2034148,0
952,15.866667,0.003493204,33.258995,33.26249,-0.00063145655,33.26249,0.00010027552,235,235,61,0.051161215,0.13433424,0.00088388013,0.20342873,0
953,15.883333,0.0027959202,33.259163,33.26196,-0.0005303637,33.26196,0.000100240264,233,233,60,0.04631082,0.12567802,0.0008121409,0.20344462,0
954,15.9,0.0021393392,33.259384,33.261524,-0.0004329678,33.261524,0.00010036057,233,233,60,0.040819306,0.11394366,0.0007255979,0.20346087,0
955,15.916667,0.0015428135,33.25958,33.26112,-0.00040416874,33.26112,0.00010025392,233,233,60,0.034747463,0.09807064,0.00062926987,0.2034757,0
956,15.933333,0.0010262262,33.259758,33.260784,-0.00033686555,33.260784,0.000100344565,233,233,60,0.028243069,0.07929766,0.00052393094,0.20348853,0
957,15.95,0.0006083987,33.259872,33.26048,-0.00030394274,33.26048,0.00010030568,233,233,60,0.021585314,0.0608829,0.0004137791,0.20349805,0
958,15.966666,0.00030362344,33.259907,33.26021,-0.00027069295,33.26021,0.0001003451,233,233,60,0.014833494,0.039648157,0.0003012417,0.20350367,0
959,15.983334,0.000120359786,33.259872,33.25999,-0.00021817723,33.25999,0.00010021086,233,233,60,0.009233386,0.02471081,0.0001954782,0.2035056,0
960,16,4.1793544e-05,33.25982,33.25986,-0.00013176787,33.25986,0.00010023798,233,233,60,0.0056076664,0.016434623,0.000117541254,0.20350593,0
961,16.016666,4.2414085e-05,33.259705,33.259747,-0.0001121004,33.259747,0.000100241545,233,233,60,0.005473028,0.014717646,8.51633e-05,0.20350397,0
962,16.033333,9.1796144e-05,33.259537,33.25963,-0.00011687302,33.25963,0.000100167264,233,233,60,0.007773159,0.017258715,0.0001080428,0.20349997,0
963,16.05,0.00017778137,33.25932,33.2595,-0.00013147642,33.2595,0.00010014319,233,233,60,0.010802088,0.023385683,0.00015499181,0.20349434,0
964,16.066668,0.00029554497,33.25906,33.259354,-0.0001450857,33.259354,0.00010016685,234,234,60,0.013948565,0.030309636,0.00020688471,0.20348717,0
965,16.083334,0.00044095135,33.258766,33.259205,-0.00014720256,33.259205,0.00010020736,234,234,60,0.017070316,0.03727049,0.0002592555,0.20347871,0
966,16.1,0.00060937356,33.25843,33.25904,-0.00016674805,33.25904,0.000100181795,234,234,60,0.0201102,0.044147145,0.00031065155,0.20346881,0
967,16.116667,0.0007956066,33.258068,33.258865,-0.00017570429,33.258865,0.00010023612,234,234,60,0.02303138,0.05086099,0.000360352,0.20345768,0
968,16.133333,0.000993966,33.257683,33.25868,-0.00018685358,33.25868,0.000100200865,234,234,60,0.025804115,0.05734029,0.00040780794,0.20344563,0
969,16.15,0.001198442,33.2573,33.2585,-0.00017874202,33.2585,0.00010026389,234,234,60,0.02840241,0.0635153,0.00045257894,0.20343283,0
970,16.166666,0.0014028635,33.256912,33.258312,-0.00018494781,33.258312,0.00010020981,234,234,60,0.030801881,0.06931229,0.0004942237,0.2034196,0
971,16.183332,0.0016010521,33.256493,33.258095,-0.00021977666,33.258095,0.00010017921,233,233,60,0.03297984,0.07465755,0.0005323415,0.20340553,0
972,16.2,0.0017870114,33.25605,33.257835,-0.00025827435,33.257835,0.00010008908,233,233,60,0.034915034,0.079476334,0.00056658546,0.2033908,0
973,16.216667,0.001955118,33.25561,33.25757,-0.00026831293,33.25757,0.00010017984,233,233,60,0.036588263,0.083696894,0.0005966235,0.20337598,0
974,16.233334,0.0021002851,33.255238,33.25734,-0.00022907306,33.25734,0.000100177895,233,233,60,0.03798275,0.0872598,0.0006221679,0.20336187,0
975,16.25,0.0022181622,33.254898,33.257114,-0.00022344459,33.257114,0.00010023932,233,233,60,0.039084084,0.09009337,0.00064292416,0.20334832,0
976,16.266666,0.0023051803,33.254574,33.256878,-0.0002361819,33.256878,0.000100277335,236,236,61,0.039880402,0.09215173,0.0006586904,0.20333515,0
977,16.283333,0.0023587495,33.254284,33.25664,-0.00023521586,33.25664,0.00010025166,236,236,61,0.040363453,0.09339903,0.00066929427,0.20332286,0
978,16.3,0.0023772686,33.254032,33.25641,-0.0002340223,33.25641,0.000100276164,237,237,61,0.04052828,0.093813956,0.0006746331,0.20331128,0
979,16.316668,0.0023601947,33.25381,33.256172,-0.00023885808,33.256172,0.00010017742,237,237,61,0.04037323,0.09338725,0.00067464256,0.20330067,0
980,16.333334,0.0023080946,33.253624,33.25593,-0.00023963592,33.25593,0.00010029979,237,237,61,0.03990067,0.09213114,0.0006693411,0.20329113,0
981,16.35,0.002222559,33.253475,33.255695,-0.00023400136,33.255695,0.00010026914,237,237,61,0.03911595,0.09006913,0.0006587877,0.20328265,0
982,16.366667,0.0021061986,33.253365,33.25547,-0.00022509135,33.25547,0.00010023912,237,237,61,0.038027927,0.08724002,0.0006431049,0.2032753,0
983,16.383333,0.001962537,33.25328,33.255245,-0.00022811904,33.255245,0.000100340534,237,237,61,0.036648575,0.08369625,0.00062246056,0.20326895,0
984,16.4,0.00179589,33.25322,33.255016,-0.0002288264,33.255016,0.000100263,237,237,61,0.034992386,0.07949853,0.0005970835,0.20326349,0
985,16.416666,0.0016112531,33.253174,33.254784,-0.00022919326,33.254784,0.00010021837,237,237,61,0.033076204,0.074714504,0.0005672331,0.20325899,0
986,16.433332,0.001414146,33.253143,33.25456,-0.00022869562,33.25456,0.00010020539,237,237,61,0.0309189,0.06941646,0.00053320616,0.20325518,0
987,16.45,0.0012104337,33.25311,33.254322,-0.00023546709,33.254322,0.00010015444,237,237,61,0.028540779,0.0636779,0.00049533177,0.20325203,0
988,16.466667,0.0010061691,33.25308,33.254086,-0.00023668425,33.254086,0.00010016835,237,237,61,0.025963197,0.057569597,0.00045395756,0.20324934,0
989,16.483334,0.0008074079,33.253033,33.25384,-0.00024348381,33.25384,0.00010007751,237,237,61,0.023208037,0.051157232,0.00040944683,0.20324688,0
990,16.5,0.00062004966,33.25298,33.2536,-0.0002402274,33.2536,0.00010017478,237,237,61,0.020297933,0.044502042,0.00036217124,0.20324482,0
991,16.516666,0.00044965075,33.25297,33.253418,-0.00018103921,33.253418,0.00010019957,237,237,61,0.017255947,0.03765861,0.00031251044,0.20324321,0
992,16.533333,0.00030125608,33.252987,33.25329,-0.00013260046,33.25329,0.000100225814,237,237,61,0.014105043,0.030670794,0.00026084905,0.20324227,0
993,16.55,0.0001792339,33.252975,33.253155,-0.00013183121,33.253155,0.00010017716,237,237,61,0.010868835,0.023575097,0.00020756442,0.20324121,0
994,16.566668,8.7127184e-05,33.252922,33.25301,-0.0001473034,33.25301,0.00010012871,237,237,61,0.007572044,0.016395818,0.00015305378,0.20323978,0
995,16.583334,2.7503025e-05,33.25286,33.25289,-0.0001183122,33.25289,0.000100252226,237,237,61,0.0042475425,0.009194249,9.777378e-05,0.20323843,0
996,16.6,1.6639401e-06,33.252796,33.2528,-9.1011076e-05,33.2528,0.00010017916,237,237,61,0.0010714185,0.0026015702,4.2863237e-05,0.20323694,0
997,16.616667,2.2218176e-06,33.252705,33.25271,-9.104867e-05,33.25271,0.00010024119,237,237,61,0.001329124,0.00419992,9.423859e-06,0.20323516,0
998,16.633333,5.8309547e-06,33.252605,33.252613,-9.647642e-05,33.252613,0.00010021226,237,237,61,0.0020997783,0.005924219,2.868396e-05,0.2032335,0
999,16.65,1.1105378e-05,33.2525,33.25251,-0.00010096257,33.25251,0.00010019598,236,236,61,0.002837776,0.007436812,4.105768e-05,0.20323175,0
1000,16.666666,1.79486e-05,33.252388,33.252407,-0.00010471394,33.252407,0.00010028661,236,236,61,0.0035635661,0.008962505,5.33028e-05,0.20322995,0
1001,16.683332,2.6157504e-05,33.252274,33.252296,-0.00010750463,33.252296,0.0001002237,236,236,61,0.004269462,0.010445644,6.5253225e-05,0.20322813,0
1002,16.7,3.5476856e-05,33.252155,33.252193,-0.00010606167,33.252193,0.00010023024,236,236,61,0.004944836,0.0118690245,7.679041e-05,0.20322625,0
1003,16.716667,4.5616052e-05,33.252045,33.25209,-0.000101085454,33.25209,0.00010030126,235,235,61,0.0055848346,0.013238884,8.775248e-05,0.20322445,0
1004,16.733334,5.625865e-05,33.25193,33.251987,-0.00010507094,33.251987,0.000100266145,235,235,61,0.0061841886,0.014505679,9.808851e-05,0.20322263,0
1005,16.75,6.70697e-05,33.25182,33.251884,-0.00010074612,33.251884,0.00010022979,235,235,61,0.006737625,0.015676945,0.00010769362,0.20322083,0
1006,16.766666,7.770827e-05,33.251698,33.251778,-0.00010923134,33.251778,0.00010027776,235,235,61,0.0072400994,0.016739001,0.00011649195,0.20321903,0
1007,16.783333,8.783871e-05,33.251587,33.251675,-9.9930425e-05,33.251675,0.00010028936,236,236,61,0.007687745,0.017686903,0.00012439926,0.20321727,0
1008,16.8,9.714506e-05,33.251472,33.25157,-0.00010607467,33.25157,0.00010029843,236,236,61,0.008076963,0.01851217,0.00013136816,0.20321551,0
1009,16.816668,0.000105336294,33.251354,33.251457,-0.000111512425,33.251457,0.00010021618,236,236,61,0.008404682,0.019208614,0.0001373422,0.20321369,0
1010,16.833334,0.00011215692,33.251232,33.251347,-0.000112883026,33.251347,0.00010025076,236,236,61,0.008668196,0.019771315,0.00014225687,0.20321193,0
1011,16.85,0.000107664884,33.251076,33.251183,-0.00016293312,33.251183,0.00010031393,236,236,61,0.008713612,0.021286447,0.0001455973,0.20320942,0
1012,16.866667,9.087105e-05,33.250763,33.250854,-0.00032702583,33.250854,0.00010042378,236,236,61,0.008526926,0.02451698,0.00014468504,0.2032051,0
1013,16.883333,7.762008e-05,33.250523,33.250603,-0.00025465334,33.250603,0.00010036682,236,236,61,0.007810392,0.02194486,0.00013565751,0.2032017,0
1014,16.9,6.4533575e-05,33.250298,33.250362,-0.00023935967,33.250362,0.00010041599,237,237,61,0.0070560654,0.019335285,0.00012328163,0.2031984,0
1015,16.916666,5.3190717e-05,33.250065,33.25012,-0.00024293619,33.25012,0.000100487756,237,237,61,0.006351292,0.016923087,0.000110655856,0.20319502,0
1016,16.933332,4.8660775e-05,33.249836,33.249886,-0.00023396195,33.249886,0.000100388446,237,237,61,0.006053249,0.016025651,0.00010231227,0.20319168,0
1017,16.95,4.7270696e-05,33.249603,33.249653,-0.00023231839,33.249653,0.00010038727,237,237,61,0.00595652,0.015725655,9.941048e-05,0.2031883,0
1018,16.966667,4.694591e-05,33.249374,33.24942,-0.00023092059,33.24942,0.000100436046,237,237,61,0.005929856,0.015623308,9.849477e-05,0.20318489,0
1019,16.983334,4.686049e-05,33.249146,33.249195,-0.00022768862,33.249195,0.00010037601,237,237,61,0.005921103,0.015587522,9.828757e-05,0.2031816,0
1020,17,4.6483445e-05,33.248917,33.248962,-0.00023064033,33.248962,0.00010037884,237,237,61,0.005895484,0.015516478,9.800957e-05,0.20317833,0
1021,17.016666,4.5695637e-05,33.248684,33.24873,-0.00023154986,33.24873,0.00010040887,237,237,61,0.00584484,0.015387197,9.7381526e-05,0.203175,0
1022,17.033333,4.4593482e-05,33.248463,33.24851,-0.00022305269,33.24851,0.000100310644,237,237,61,0.0057684374,0.015020368,9.63062e-05,0.20317185,0
1023,17.05,4.349427e-05,33.248238,33.248283,-0.00022570982,33.248283,0.000100419,237,237,61,0.005717621,0.0152904475,9.538315e-05,0.2031687,0
1024,17.066668,4.2262633e-05,33.248016,33.24806,-0.00022368094,33.24806,0.00010037253,237,237,61,0.0056355153,0.015086467,9.413176e-05,0.2031656,0
1025,17.083334,4.0952018e-05,33.2478,33.24784,-0.00021960353,33.24784,0.00010039033,236,236,61,0.0055453605,0.014830442,9.267757e-05,0.20316252,0
1026,17.1,3.9609597e-05,33.247578,33.24762,-0.00022030037,33.24762,0.00010035092,236,236,61,0.0054508094,0.014548656,9.113331e-05,0.20315947,0
1027,17.116667,3.8269973e-05,33.247368,33.247406,-0.00021397987,33.247406,0.00010037104,235,235,61,0.0053561083,0.014289346,8.955315e-05,0.20315644,0
1028,17.133333,3.694648e-05,33.247154,33.24719,-0.00021546004,33.24719,0.000100402205,235,235,61,0.005260221,0.014013777,8.795399e-05,0.20315346,0
1029,17.15,3.564854e-05,33.246944,33.24698,-0.00021061309,33.24698,0.000100369674,235,235,61,0.005164523,0.0137391975,8.635528e-05,0.20315047,0
1030,17.166666,3.43849e-05,33.246735,33.24677,-0.00020908249,33.24677,0.00010033683,232,232,60,0.005069682,0.01346718,8.475971e-05,0.20314758,0
1031,17.183332,3.315852e-05,33.24653,33.24656,-0.000209544,33.24656,0.00010032394,232,232,60,0.004975986,0.013198679,8.318892e-05,0.20314461,0
1032,17.2,3.1971922e-05,33.246326,33.246357,-0.00020368528,33.246357,0.00010040652,232,232,60,0.0048836605,0.012934018,8.163142e-05,0.20314175,0
1033,17.216667,3.082641e-05,33.24612,33.24615,-0.00020397671,33.24615,0.00010040018,232,232,60,0.0047929073,0.012673992,8.0104524e-05,0.20313886,0
1034,17.233334,2.9721878e-05,33.245922,33.245953,-0.00020127564,33.245953,0.00010037318,232,232,60,0.004703791,0.012418576,7.860306e-05,0.203136,0
1035,17.25,2.8657827e-05,33.24572,33.24575,-0.00020106892,33.24575,0.00010033435,236,236,61,0.0046163616,0.012167987,7.7126744e-05,0.20313315,0
1036,17.266666,2.7633736e-05,33.24552,33.245552,-0.00020019768,33.245552,0.0001003389,236,236,61,0.0045310906,0.011932805,7.5683e-05,0.20313032,0
1037,17.283333,2.6645252e-05,33.245327,33.245354,-0.00019733573,33.245354,0.00010034239,236,236,61,0.0044464488,0.011680896,7.426024e-05,0.2031275,0
1038,17.3,2.5694562e-05,33.245132,33.245155,-0.00019646666,33.245155,0.00010039317,236,236,61,0.0043639657,0.011444309,7.286667e-05,0.20312467,0
1039,17.316668,2.4779276e-05,33.244938,33.24496,-0.0001944362,33.24496,0.00010028883,236,236,61,0.0042831097,0.011212584,7.150127e-05,0.2031219,0
1040,17.333334,2.389842e-05,33.244743,33.24477,-0.00019373675,33.24477,0.00010038168,236,236,61,0.0042038667,0.010985356,7.016789e-05,0.2031191,0
1041,17.35,2.3050816e-05,33.244553,33.244576,-0.00019120968,33.244576,0.00010028131,236,236,61,0.0041262396,0.010762834,6.885291e-05,0.20311634,0
1042,17.366667,2.2235148e-05,33.244366,33.244385,-0.00019084523,33.244385,0.00010041827,236,236,61,0.0040501663,0.0105446195,6.7567744e-05,0.20311359,0
1043,17.383333,2.1449714e-05,33.24418,33.244198,-0.00018649235,33.244198,0.00010031241,236,236,61,0.003975589,0.0103306845,6.6305976e-05,0.20311086,0
1044,17.4,2.0693522e-05,33.24399,33.24401,-0.00018696189,33.24401,0.00010035379,236,236,61,0.003902492,0.010120928,6.507389e-05,0.20310812,0
1045,17.416666,1.9965875e-05,33.243805,33.243828,-0.00018610206,33.243828,0.0001003121,236,236,61,0.0038308776,0.009915395,6.3861116e-05,0.20310539,0
1046,17.433332,1.9265708e-05,33.24362,33.24364,-0.00018707212,33.24364,0.000100290905,236,236,61,0.0037607325,0.0097141145,6.267642e-05,0.20310266,0
1047,17.45,1.8592084e-05,33.24344,33.243454,-0.00018405297,33.243454,0.00010034102,236,236,61,0.0036920162,0.009516603,6.150972e-05,0.2031,0
1048,17.466667,1.7944016e-05,33.243256,33.243275,-0.00018120109,33.243275,0.00010038331,236,236,61,0.0036247354,0.009323344,6.0374477e-05,0.20309728,0
1049,17.483334,1.7320766e-05,33.243076,33.24309,-0.00018101001,33.24309,0.00010040345,236,236,61,0.003558884,0.009134181,5.9258313e-05,0.20309462,0
1050,17.5,1.671917e-05,33.242897,33.242912,-0.0001808221,33.242912,0.00010035106,236,236,61,0.003494175,0.008949498,5.816651e-05,0.20309196,0
1051,17.516666,1.6136819e-05,33.242718,33.242733,-0.0001803041,33.242733,0.000100300036,236,236,61,0.0034304822,0.008768379,5.7090216e-05,0.2030893,0
1052,17.533333,1.557458e-05,33.242542,33.242558,-0.00017496382,33.242558,0.00010028809,240,240,62,0.0033678291,0.008589285,5.6029403e-05,0.20308669,0
1053,17.55,1.5032209e-05,33.242363,33.24238,-0.0001781028,33.24238,0.00010025494,240,240,62,0.0033063474,0.008414279,5.499249e-05,0.20308404,0
1054,17.566668,1.45141785e-05,33.24219,33.242207,-0.00017392208,33.242207,0.00010027474,240,240,62,0.003249377,0.008310099,5.3982712e-05,0.20308143,0
1055,17.583334,1.4037905e-05,33.242016,33.24203,-0.00017554287,33.24203,0.00010031235,240,240,62,0.0031927363,0.008132009,5.303979e-05,0.20307882,0
1056,17.6,1.35751225e-05,33.24184,33.241856,-0.00017453186,33.241856,0.00010027656,240,240,62,0.003137667,0.007977676,5.211419e-05,0.20307621,0
1057,17.616667,1.3114606e-05,33.241665,33.24168,-0.00017585963,33.24168,0.00010027801,240,240,62,0.003081764,0.007818702,5.1186813e-05,0.20307358,0
1058,17.633333,1.2657309e-05,33.241497,33.24151,-0.00017120126,33.24151,0.00010025506,240,240,62,0.0030254298,0.0076602134,5.0240313e-05,0.203071,0
1059,17.65,1.2202593e-05,33.24132,33.241333,-0.0001748563,33.241333,0.000100252495,240,240,62,0.0029684505,0.007500437,4.929244e-05,0.20306836,0
1060,17.666666,1.175594e-05,33.241146,33.241158,-0.00017518074,33.241158,0.00010028642,240,240,62,0.0029114152,0.0073404894,4.833638e-05,0.20306575,0
1061,17.683332,1.1315412e-05,33.240974,33.240986,-0.00017284705,33.240986,0.00010034916,240,240,62,0.0028542485,0.0071818023,4.737542e-05,0.20306318,0
1062,17.7,1.0883745e-05,33.240803,33.240814,-0.00017233942,33.240814,0.00010031949,240,240,62,0.0027970786,0.007023216,4.6417532e-05,0.20306055,0
1063,17.716667,1.0460972e-05,33.24063,33.240643,-0.00017216428,33.240643,0.000100370984,240,240,62,0.0027399806,0.0068654045,4.545462e-05,0.20305794,0
1064,17.733334,1.0046611e-05,33.24046,33.24047,-0.00017082582,33.24047,0.000100349396,240,240,62,0.0026828398,0.006707523,4.44929e-05,0.20305534,0
1065,17.75,9.646696e-06,33.24029,33.2403,-0.00016931508,33.2403,0.00010032018,240,240,62,0.0026265518,0.0065518823,4.3541495e-05,0.20305271,0
1066,17.766666,9.254722e-06,33.24012,33.24013,-0.00017030467,33.24013,0.000100265184,240,240,62,0.0025703902,0.0063985945,4.2597225e-05,0.20305009,0
1067,17.783333,8.865646e-06,33.239956,33.239964,-0.00016664415,33.239964,0.0001003015,240,240,62,0.0025136215,0.006247778,4.1643358e-05,0.20304753,0
1068,17.8,8.469435e-06,33.239788,33.239796,-0.00016615253,33.239796,0.000100267396,240,240,62,0.0024549286,0.006099707,4.0679817e-05,0.20304495,0
1069,17.816668,8.027966e-06,33.239628,33.23964,-0.00015971383,33.23964,0.000100314115,240,240,62,0.002389056,0.005940263,3.963486e-05,0.20304245,0
1070,17.833334,7.5130947e-06,33.23948,33.239487,-0.00014931317,33.239487,0.00010025501,239,239,62,0.0023103082,0.005750635,3.839969e-05,0.20304023,0
1071,17.85,6.9244725e-06,33.239338,33.23934,-0.0001453968,33.23934,0.00010029799,239,239,62,0.0022169692,0.00552514,3.6947626e-05,0.20303807,0
1072,17.866667,6.276371e-06,33.23919,33.239197,-0.00014662006,33.239197,0.00010033882,239,239,62,0.0021089348,0.0052642045,3.5261666e-05,0.20303577,0
1073,17.883333,5.6138433e-06,33.23905,33.239056,-0.0001403168,33.239056,0.00010036597,239,239,62,0.0019919637,0.0050127013,3.3356533e-05,0.2030336,0
1074,17.9,4.8257252e-06,33.238914,33.23892,-0.00013811482,33.23892,0.000100314624,239,239,62,0.0018462418,0.004707453,3.118496e-05,0.20303145,0
1075,17.916666,3.9130305e-06,33.238777,33.23878,-0.0001382394,33.23878,0.00010034452,239,239,62,0.0016587978,0.004280604,2.836066e-05,0.20302927,0
1076,17.933332,2.9443156e-06,33.23865,33.238655,-0.00012482874,33.238655,0.00010030928,239,239,62,0.0014312603,0.0037505513,2.4814482e-05,0.20302726,0
1077,17.95,2.0222542e-06,33.238525,33.238525,-0.0001281072,33.238525,0.000100330886,239,239,62,0.0011669582,0.0030591888,2.0577263e-05,0.20302516,0
1078,17.966667,1.420314e-06,33.23841,33.23841,-0.00011448667,33.23841,0.00010026842,239,239,62,0.00094805955,0.0024842639,1.616556e-05,0.20302312,0
1079,17.983334,1.2285878e-06,33.238297,33.2383,-0.000113411435,33.2383,0.0001002681,239,239,62,0.0008724655,0.0023570969,1.3544664e-05,0.20302108,0
1080,18,1.2537872e-06,33.238186,33.238186,-0.00011203073,33.238186,0.00010025503,239,239,62,0.00088914065,0.0023901602,1.3371894e-05,0.20301896,0
1081,18.016666,1.298022e-06,33.238083,33.238083,-0.00010270141,33.238083,0.000100276804,239,239,62,0.00090819737,0.002449476,1.37437455e-05,0.20301697,0
1082,18.033333,1.3196302e-06,33.237976,33.237976,-0.00010821045,33.237976,0.000100254176,239,239,62,0.00091745215,0.0024781036,1.4036351e-05,0.2030149,0
1083,18.05,1.321746e-06,33.237865,33.23787,-0.000107398664,33.23787,0.00010025503,239,239,62,0.0009185031,0.0024825707,1.4115884e-05,0.20301287,0
1084,18.066668,1.3142726e-06,33.23776,33.237762,-0.00010707574,33.237762,0.00010031463,239,239,62,0.00091549,0.0024756542,1.4090742e-05,0.20301084,0
1085,18.083334,1.3033966e-06,33.237656,33.237656,-0.000105915366,33.237656,0.000100255056,239,239,62,0.0009110163,0.002464639,1.4038016e-05,0.2030088,0
1086,18.1,1.2916893e-06,33.23755,33.23755,-0.00010658122,33.23755,0.00010020075,239,239,62,0.0009061586,0.0024523956,1.3942731e-05,0.20300679,0
1087,18.116667,1.2800202e-06,33.237442,33.237442,-0.000106082414,33.237442,0.0001002379,239,239,62,0.00090126536,0.00244025,1.3870978e-05,0.20300476,0
1088,18.133333,1.2684969e-06,33.237335,33.23734,-0.000105417246,33.23734,0.00010025506,239,239,62,0.0008964239,0.0024280204,1.3778423e-05,0.20300277,0
1089,18.15,1.2571841e-06,33.23723,33.23723,-0.00010874213,33.23723,0.000100255034,239,239,62,0.0008916367,0.0024160626,1.3709654e-05,0.20300071,0
1090,18.166666,1.2460216e-06,33.23712,33.237125,-0.000104918116,33.237125,0.00010020379,239,239,62,0.0008868874,0.0024041836,1.3623218e-05,0.2029987,0
1091,18.183332,1.2349446e-06,33.237015,33.23702,-0.00010641433,33.23702,0.000100195444,239,239,62,0.00088216877,0.0023923053,1.3541042e-05,0.20299667,0
1092,18.2,1.2239774e-06,33.23691,33.23691,-0.0001057492,33.23691,0.00010022389,239,239,62,0.0008777777,0.0023800228,1.3461714e-05,0.20299464,0
1093,18.216667,1.213672e-06,33.2368,33.236805,-0.00010824236,33.236805,0.00010026288,239,239,62,0.0008734118,0.0023681798,1.3385151e-05,0.20299263,0
1094,18.233334,1.2017787e-06,33.2367,33.236702,-0.00010242502,33.236702,0.00010021438,237,237,61,0.00086423464,0.0023645647,1.3277291e-05,0.20299064,0
1095,18.25,1.1847479e-06,33.23659,33.236595,-0.00010691905,33.236595,0.00010025506,237,237,61,0.00085089577,0.0023531104,1.3077744e-05,0.2029886,0
1096,18.266666,1.1665135e-06,33.23649,33.23649,-0.00010475893,33.23649,0.00010023345,237,237,61,0.00083845924,0.002338478,1.2834342e-05,0.20298663,0
1097,18.283333,1.1483444e-06,33.23638,33.23638,-0.00010808397,33.23638,0.00010021293,238,238,61,0.000827955,0.00232358,1.263171e-05,0.20298463,0
1098,18.3,1.1348191e-06,33.23628,33.23628,-0.00010325793,33.23628,0.000100314675,238,238,61,0.000823822,0.0023055563,1.250357e-05,0.20298265,0
1099,18.316668,1.1258649e-06,33.236168,33.23617,-0.00010707723,33.23617,0.000100212776,238,238,61,0.0008206141,0.0022946063,1.24546195e-05,0.20298068,0
1100,18.333334,1.1171427e-06,33.23607,33.23607,-0.00010109181,33.23607,0.000100286255,238,238,61,0.0008198148,0.0022811494,1.2412212e-05,0.20297872,0
1101,18.35,1.1124201e-06,33.235962,33.235966,-0.00010541044,33.235966,0.000100255085,238,238,61,0.0008231575,0.0022667674,1.2451469e-05,0.20297669,0
1102,18.366667,1.1103891e-06,33.23586,33.23586,-0.00010540775,33.23586,0.00010025507,238,238,61,0.0008270892,0.0022576519,1.2520406e-05,0.20297466,0
1103,18.383333,1.1077883e-06,33.235752,33.235752,-0.00010524207,33.235752,0.000100255114,238,238,61,0.0008290552,0.0022487154,1.2565934e-05,0.20297268,0
1104,18.4,1.1026209e-06,33.235653,33.235653,-0.00010058949,33.235653,0.000100342404,238,238,61,0.00082822604,0.0022382652,1.2566896e-05,0.20297073,0
1105,18.416666,1.0960025e-06,33.235546,33.23555,-0.00010507983,33.23555,0.000100295154,236,236,60,0.0008268158,0.0022228605,1.2559819e-05,0.2029687,0
1106,18.433332,1.0881191e-06,33.235443,33.235447,-0.000102421014,33.235447,0.00010025513,236,236,60,0.0008238956,0.002219092,1.2512485e-05,0.20296673,0
1107,18.45,1.0788034e-06,33.23534,33.235344,-0.00010292121,33.235344,0.00010026307,236,236,60,0.00081930635,0.0022113863,1.2439135e-05,0.20296475,0
1108,18.466667,1.0647686e-06,33.235237,33.235237,-0.00010458848,33.235237,0.00010022501,236,236,60,0.00080878416,0.0022060536,1.2313326e-05,0.20296277,0
1109,18.483334,1.0510653e-06,33.235138,33.235138,-0.000100764286,33.235138,0.000100237965,236,236,60,0.0008025585,0.0021888781,1.2179422e-05,0.2029608,0
1110,18.5,1.0428761e-06,33.235027,33.235027,-0.0001084065,33.235027,0.00010022661,236,236,60,0.0008013107,0.0021691013,1.2143679e-05,0.20295875,0
1111,18.516666,1.0353539e-06,33.234924,33.234924,-0.00010275316,33.234924,0.000100268604,236,236,60,0.00079857395,0.0021570215,1.2087404e-05,0.20295678,0
1112,18.533333,1.0277023e-06,33.23482,33.23482,-0.000104249586,33.23482,0.000100236,236,236,60,0.00079550425,0.002146982,1.2043557e-05,0.20295477,0
1113,18.55,1.0194655e-06,33.23472,33.23472,-0.000101922604,33.23472,0.00010020757,236,236,60,0.0007921027,0.0021366864,1.1990941e-05,0.20295276,0
1114,18.566668,1.010906e-06,33.234615,33.23462,-0.0001027542,33.23462,0.00010025519,235,235,60,0.00078790175,0.0021279107,1.191729e-05,0.20295079,0
1115,18.583334,1.0014901e-06,33.234516,33.234516,-0.00010175753,33.234516,0.00010022408,235,235,60,0.00078374153,0.0021151507,1.1851101e-05,0.2029488,0
1116,18.6,9.760647e-07,33.234413,33.234413,-0.00010243856,33.234413,0.000100255194,235,235,60,0.00077586016,0.0020581246,1.1431932e-05,0.20294692,0
1117,18.616667,9.501957e-07,33.23431,33.234314,-0.00010077645,33.234314,0.000100229474,235,235,60,0.00073663745,0.0020149758,1.1072338e-05,0.20294501,0
1118,18.633333,9.356702e-07,33.234207,33.234207,-0.00010342518,33.234207,0.00010020247,235,235,60,0.00071669015,0.0020218478,1.0905464e-05,0.20294307,0
1119,18.65,9.173196e-07,33.234104,33.234108,-0.00010193272,33.234108,0.00010024597,235,235,60,0.0007347556,0.0020359813,1.0715216e-05,0.20294118,0
1120,18.666666,9.1537424e-07,33.234005,33.234005,-0.000100918776,33.234005,0.00010023711,235,235,60,0.00072978553,0.0020786724,1.0702808e-05,0.20293929,0
1121,18.683332,8.98552e-07,33.233906,33.233906,-0.00010010238,33.233906,0.00010017716,235,235,60,0.0006952453,0.0020567537,1.05424215e-05,0.20293738,0
1122,18.7,8.969123e-07,33.233803,33.233807,-0.00010091847,33.233807,0.00010022631,235,235,60,0.00070889236,0.0020491045,1.04835035e-05,0.20293552,0
1123,18.716667,8.844085e-07,33.233704,33.233704,-0.0001014281,33.233704,0.000100246754,235,235,60,0.0007023678,0.0019984378,1.0418768e-05,0.20293358,0
1124,18.733334,8.8352766e-07,33.233604,33.233604,-9.992019e-05,33.233604,0.000100236866,235,235,60,0.000718287,0.0020149073,1.04325845e-05,0.20293172,0
1125,18.75,8.7523495e-07,33.2335,33.2335,-0.00010159015,33.2335,0.0001002581,235,235,60,0.0006932535,0.002001054,1.032909e-05,0.20292982,0
1126,18.766666,8.6415804e-07,33.233406,33.233406,-9.477647e-05,33.233406,0.00010022573,236,236,60,0.00066699815,0.002120704,1.00960815e-05,0.20292798,0
1127,18.783333,8.484088e-07,33.23331,33.23331,-9.5778676e-05,33.23331,0.000100216654,236,236,60,0.0006770958,0.0019601989,9.823416e-06,0.20292616,0
1128,18.8,8.424522e-07,33.23322,33.23322,-9.31088e-05,33.23322,0.00010020145,236,236,60,0.00067147595,0.0019703053,9.932453e-06,0.20292437,0
1129,18.816668,8.305457e-07,33.233124,33.233128,-9.2615985e-05,33.233128,0.000100229656,236,236,60,0.00067703903,0.0019784742,9.754195e-06,0.20292257,0
1130,18.833334,8.162204e-07,33.23303,33.233032,-9.527848e-05,33.233032,0.00010021979,236,236,60,0.00067851756,0.0018615406,9.619443e-06,0.20292076,0
1131,18.85,8.168534e-07,33.232937,33.232937,-9.260345e-05,33.232937,0.00010023871,236,236,60,0.0006795342,0.0019391102,9.61957e-06,0.20291899,0
1132,18.866667,8.1902664e-07,33.23284,33.23284,-9.5760755e-05,33.23284,0.00010031578,236,236,60,0.00066646596,0.0020115671,9.79555e-06,0.20291714,0
1133,18.883333,8.0923695e-07,33.232746,33.23275,-9.377766e-05,33.23275,0.00010021309,236,236,60,0.0006640187,0.0019282784,9.605298e-06,0.20291536,0
1134,18.9,8.027772e-07,33.232655,33.23266,-9.12805e-05,33.23266,0.0001002386,236,236,60,0.0006466659,0.0018686407,9.598978e-06,0.20291358,0
1135,18.916666,7.941843e-07,33.23256,33.232563,-9.593777e-05,33.232563,0.00010024022,236,236,60,0.0006376272,0.0019638115,9.367601e-06,0.20291178,0
1136,18.933332,7.946432e-07,33.232468,33.232468,-9.310239e-05,33.232468,0.00010025153,236,236,60,0.0006370703,0.0019540137,9.486827e-06,0.20290996,0
1137,18.95,7.79475e-07,33.232376,33.232376,-9.228674e-05,33.232376,0.000100241225,236,236,60,0.0006729048,0.0018241919,9.303281e-06,0.20290819,0
1138,18.966667,7.763511e-07,33.23228,33.23228,-9.343848e-05,33.23228,0.00010023708,236,236,60,0.00063733844,0.0019440623,9.2952205e-06,0.20290637,0
1139,18.983334,7.5881763e-07,33.23219,33.23219,-9.2621616e-05,33.23219,0.000100195255,236,236,60,0.00062314427,0.0021559286,8.8924e-06,0.2029046,0
1140,19,7.5478306e-07,33.232094,33.232098,-9.3273135e-05,33.232098,0.00010024715,236,236,60,0.00062655745,0.0018398003,9.087036e-06,0.20290282,0
1141,19.016666,7.45904e-07,33.232002,33.232002,-9.3943e-05,33.232002,0.00010030482,235,235,60,0.0006353674,0.0018708702,8.983011e-06,0.20290102,0
1142,19.033333,7.4724704e-07,33.231907,33.231907,-9.443154e-05,33.231907,0.00010021418,235,235,60,0.00063949556,0.0018543106,9.0612975e-06,0.2028992,0
1143,19.05,7.4197914e-07,33.23182,33.23182,-8.928424e-05,33.23182,0.00010020792,235,235,60,0.0006226654,0.0018256947,8.8827655e-06,0.20289746,0
1144,19.066668,7.2538245e-07,33.231724,33.231724,-9.3950715e-05,33.231724,0.000100201876,235,235,60,0.0006103328,0.0023199045,8.59778e-06,0.20289566,0
1145,19.083334,7.283085e-07,33.23163,33.231632,-9.409745e-05,33.231632,0.00010022087,235,235,60,0.0006095102,0.0020401746,8.767938e-06,0.20289384,0
1146,19.1,7.235435e-07,33.231537,33.231537,-9.2276336e-05,33.231537,0.00010021491,235,235,60,0.0006114174,0.001776231,8.632693e-06,0.20289207,0
1147,19.116667,7.19524e-07,33.231445,33.231445,-9.2275586e-05,33.231445,0.000100185054,235,235,60,0.0006018508,0.0018559545,8.648742e-06,0.20289032,0
1148,19.133333,7.1763503e-07,33.231354,33.231354,-9.144218e-05,33.231354,0.000100209545,235,235,60,0.00061950646,0.0018088623,8.749635e-06,0.20288853,0
1149,19.15,7.175794e-07,33.23126,33.23126,-9.45992e-05,33.23126,0.00010025602,235,235,60,0.0006039586,0.0018248775,8.723185e-06,0.20288673,0
1150,19.166666,7.1499e-07,33.23117,33.23117,-9.061161e-05,33.23117,0.00010022437,235,235,60,0.0006045647,0.0022332093,8.628915e-06,0.20288496,0
1151,19.183332,7.0439586e-07,33.23108,33.23108,-9.1450886e-05,33.23108,0.00010021544,235,235,60,0.00059983635,0.0018275743,8.4396925e-06,0.2028832,0
1152,19.2,6.960175e-07,33.23098,33.230984,-9.610382e-05,33.230984,0.00010030676,235,235,60,0.0006025628,0.0017696172,8.482568e-06,0.20288141,0
1153,19.216667,6.86181e-07,33.23089,33.23089,-9.261392e-05,33.23089,0.00010035909,235,235,60,0.0006050872,0.0017681892,8.40122e-06,0.20287961,0
1154,19.233334,6.7547785e-07,33.230797,33.230797,-9.228227e-05,33.230797,0.000100209814,235,235,60,0.00060644816,0.001716995,8.197665e-06,0.20287786,0
1155,19.25,6.7052616e-07,33.230705,33.230705,-9.0780224e-05,33.230705,0.00010020445,235,235,60,0.0005902708,0.0017646569,8.234896e-06,0.20287608,0
1156,19.266666,6.643235e-07,33.23061,33.23061,-9.4771596e-05,33.23061,0.000100229096,235,235,60,0.0005983984,0.001694388,8.205988e-06,0.20287429,0
1157,19.283333,6.5979907e-07,33.23052,33.23052,-9.161107e-05,33.23052,0.00010023225,235,235,60,0.00059101736,0.0017028451,8.081964e-06,0.20287251,0
1158,19.3,6.5754614e-07,33.230427,33.230427,-9.1941314e-05,33.230427,0.00010018378,235,235,60,0.0005755712,0.0019010624,7.991227e-06,0.20287077,0
1159,19.316668,6.5437274e-07,33.230335,33.230335,-9.160972e-05,33.230335,0.00010019068,235,235,60,0.0005766134,0.0022356296,8.013838e-06,0.202869,0
1160,19.333334,6.531031e-07,33.230244,33.230244,-9.227284e-05,33.230244,0.000100217905,235,235,60,0.00059338356,0.0016657573,8.252894e-06,0.20286722,0
1161,19.35,6.492379e-07,33.230152,33.230152,-9.27742e-05,33.230152,0.00010021613,235,235,60,0.0005876034,0.0016843658,8.085433e-06,0.20286544,0
1162,19.366667,6.523707e-07,33.23006,33.23006,-9.193593e-05,33.23006,0.0001002107,235,235,60,0.00056849065,0.0017784683,8.130193e-06,0.20286366,0
1163,19.383333,6.335797e-07,33.229965,33.229965,-9.3121635e-05,33.229965,0.000100301855,235,235,60,0.0005806584,0.001647029,7.866759e-06,0.20286188,0
1164,19.4,6.3282016e-07,33.229874,33.229874,-9.260484e-05,33.229874,0.000100207246,235,235,60,0.000564292,0.0017975369,7.716615e-06,0.2028601,0
1165,19.416666,6.2086247e-07,33.229782,33.229786,-8.912468e-05,33.229786,0.000100207544,235,235,60,0.0005616479,0.0016710842,7.661729e-06,0.20285834,0
1166,19.433332,6.241808e-07,33.22969,33.22969,-9.426331e-05,33.22969,0.00010022965,235,235,60,0.00056682987,0.0016808975,7.734649e-06,0.20285657,0
1167,19.45,6.2070194e-07,33.2296,33.2296,-9.1111266e-05,33.2296,0.00010021186,235,235,60,0.0005587748,0.0018576052,7.732448e-06,0.20285481,0
1168,19.466667,6.0692923e-07,33.229507,33.229507,-8.9791516e-05,33.229507,0.00010019958,235,235,60,0.0005599156,0.0016197284,7.493613e-06,0.20285311,0
1169,19.483334,6.1377614e-07,33.229416,33.229416,-9.359476e-05,33.229416,0.000100173944,235,235,60,0.000556203,0.0019042247,7.6701735e-06,0.20285131,0
1170,19.5,6.046185e-07,33.229324,33.229324,-9.228073e-05,33.229324,0.000100215635,235,235,60,0.00054925634,0.0016886188,7.464957e-06,0.2028495,0
1171,19.516666,5.9679195e-07,33.22923,33.22923,-9.344318e-05,33.22923,0.000100222,235,235,60,0.0005642764,0.0015190635,7.4546097e-06,0.20284775,0
1172,19.533333,5.8773173e-07,33.229137,33.229137,-9.327816e-05,33.229137,0.00010020421,236,236,60,0.0005521111,0.0014804133,7.3256756e-06,0.20284595,0
1173,19.55,5.871108e-07,33.229042,33.229042,-9.326972e-05,33.229042,0.00010020217,236,236,60,0.0005488922,0.0015914033,7.2671182e-06,0.2028442,0
1174,19.566668,5.8952855e-07,33.228954,33.228954,-8.9110305e-05,33.228954,0.00010029111,239,239,61,0.00053803646,0.0016358274,7.3164647e-06,0.20284244,0
1175,19.583334,5.7722787e-07,33.228863,33.228863,-9.161885e-05,33.228863,0.00010025143,238,238,61,0.00053429516,0.0015135091,7.212727e-06,0.20284067,0
1176,19.6,5.746592e-07,33.22877,33.22877,-9.260665e-05,33.22877,0.00010016926,238,238,61,0.00053917395,0.0021543077,7.1712207e-06,0.20283896,0
1177,19.616667,5.775781e-07,33.228676,33.228676,-9.243491e-05,33.228676,0.000100198726,238,238,61,0.00053834065,0.0020355978,7.2222347e-06,0.20283717,0
1178,19.633333,5.7477837e-07,33.228584,33.22859,-9.127684e-05,33.22859,0.00010021541,238,238,61,0.00053268287,0.0016528394,7.0542947e-06,0.2028354,0
1179,19.65,5.5453063e-07,33.228493,33.228497,-9.1294285e-05,33.228497,0.00010024737,238,238,61,0.00052646175,0.001524777,7.064517e-06,0.20283365,0
1180,19.666666,5.534871e-07,33.2284,33.2284,-9.210636e-05,33.2284,0.00010025563,238,238,61,0.0005277639,0.0021631925,6.95475e-06,0.2028319,0
1181,19.683332,5.580531e-07,33.228313,33.228313,-9.0438196e-05,33.228313,0.00010016722,234,234,60,0.0005248515,0.0016293469,6.8684926e-06,0.20283017,0
1182,19.7,5.469196e-07,33.228218,33.228218,-9.2947725e-05,33.228218,0.0001002801,234,234,60,0.0005135531,0.0015560477,6.8878344e-06,0.20282839,0
1183,19.716667,5.4911374e-07,33.228127,33.228127,-9.2934395e-05,33.228127,0.00010019093,234,234,60,0.0005181947,0.00154386,6.9041453e-06,0.20282662,0
1184,19.733334,5.482661e-07,33.22804,33.22804,-8.7783534e-05,33.22804,0.00010019766,234,234,60,0.00052504434,0.002180588,6.815644e-06,0.20282489,0
1185,19.75,5.448134e-07,33.227947,33.227947,-9.2441274e-05,33.227947,0.000100219964,234,234,60,0.00052365597,0.0021527626,6.8185286e-06,0.20282313,0
1186,19.766666,5.3890795e-07,33.22785,33.22785,-9.427254e-05,33.22785,0.000100202706,234,234,60,0.0005159339,0.0016159589,6.7340898e-06,0.20282136,0
1187,19.783333,5.3370167e-07,33.227764,33.227764,-8.8951674e-05,33.227764,0.00010020077,234,234,60,0.0005175718,0.0014908006,6.6832513e-06,0.20281962,0
1188,19.8,5.222354e-07,33.22767,33.227673,-9.228304e-05,33.227673,0.00010020759,234,234,60,0.0005105101,0.0013595335,6.6511448e-06,0.20281787,0
1189,19.816668,5.197181e-07,33.22758,33.22758,-8.9614005e-05,33.22758,0.0001002235,234,234,60,0.0005086312,0.0019188083,6.663532e-06,0.20281616,0
1190,19.833334,5.216648e-07,33.22749,33.22749,-9.1604605e-05,33.22749,0.00010021259,233,233,60,0.00050750613,0.0016962114,6.5789004e-06,0.20281442,0
1191,19.85,5.170048e-07,33.227398,33.227398,-9.227623e-05,33.227398,0.00010021047,233,233,60,0.00049858727,0.0014768972,6.547378e-06,0.20281267,0
1192,19.866667,5.16736e-07,33.227303,33.227303,-9.360188e-05,33.227303,0.00010016428,233,233,60,0.00050443516,0.0014526753,6.5001095e-06,0.20281087,0
1193,19.883333,5.113888e-07,33.227215,33.227215,-8.845305e-05,33.227215,0.000100191326,233,233,60,0.00049394264,0.0014984607,6.5867134e-06,0.20280917,0
1194,19.9,5.038488e-07,33.227127,33.227127,-8.945278e-05,33.227127,0.00010021869,233,233,60,0.0004989101,0.001551098,6.482404e-06,0.20280747,0
1195,19.916666,4.996679e-07,33.22703,33.22703,-9.560085e-05,33.22703,0.00010019502,235,235,61,0.00049642904,0.0014008792,6.379243e-06,0.20280567,0
1196,19.933332,4.9952143e-07,33.226944,33.226944,-8.761657e-05,33.226944,0.000100190206,235,235,61,0.0004965707,0.0015377781,6.373372e-06,0.20280395,0
1197,19.95,4.926651e-07,33.22685,33.22685,-9.277719e-05,33.22685,0.00010019794,239,239,62,0.0004857027,0.0014708875,6.423276e-06,0.2028022,0
1198,19.966667,4.86343e-07,33.22676,33.22676,-8.9451554e-05,33.22676,0.00010020608,239,239,62,0.00049545086,0.0013318908,6.205568e-06,0.20280047,0
1199,19.983334,4.9281095e-07,33.22667,33.22667,-9.259761e-05,33.22667,0.000100227146,239,239,62,0.0004885486,0.0013826644,6.2174613e-06,0.2027987,0
1200,20,4.864344e-07,33.226578,33.226578,-9.144667e-05,33.226578,0.00010023729,239,239,62,0.00048236732,0.0014110691,6.3433376e-06,0.20279694,0
1201,20.016666,4.8455e-07,33.226486,33.22649,-8.811708e-05,33.22649,0.00010026952,239,239,62,0.0004903915,0.002075942,6.25227e-06,0.20279521,0
1202,20.033333,4.827365e-07,33.22639,33.22639,-9.659601e-05,33.22639,0.00010024507,239,239,62,0.0004894929,0.0022740476,6.1942746e-06,0.20279337,0
1203,20.05,4.7561034e-07,33.226303,33.226303,-8.679228e-05,33.226303,0.000100208534,239,239,62,0.00047611375,0.0014318624,6.1925934e-06,0.20279168,0
1204,20.066668,4.744344e-07,33.22621,33.226215,-9.144147e-05,33.226215,0.00010021862,237,237,61,0.00048471845,0.0022957143,6.1618853e-06,0.20278992,0
1205,20.083334,4.6905237e-07,33.226124,33.226124,-8.9118104e-05,33.226124,0.00010019488,237,237,61,0.00048224453,0.0023651195,6.109291e-06,0.20278819,0
1206,20.1,4.6482603e-07,33.226032,33.226032,-9.144452e-05,33.226032,0.00010025674,237,237,61,0.0004796594,0.002241645,6.0409216e-06,0.20278643,0
1207,20.116667,4.7051006e-07,33.225937,33.22594,-9.409469e-05,33.22594,0.00010017921,237,237,61,0.00047902061,0.0017238936,5.9019944e-06,0.20278464,0
1208,20.133333,4.7342593e-07,33.225845,33.22585,-9.143738e-05,33.22585,0.0001002106,237,237,61,0.00048571863,0.0019873371,6.055313e-06,0.20278288,0
1209,20.15,4.6104665e-07,33.225758,33.225758,-8.9457615e-05,33.225758,0.0001002417,237,237,61,0.00047629856,0.0020312478,5.9948175e-06,0.20278113,0
1210,20.166666,4.5516643e-07,33.225666,33.225666,-9.194494e-05,33.225666,0.000100256955,237,237,61,0.00046871247,0.0014350179,5.9131685e-06,0.20277938,0
1211,20.183332,4.5451395e-07,33.22558,33.22558,-8.8780864e-05,33.22558,0.00010023821,237,237,61,0.0004631222,0.0013650776,5.8690093e-06,0.20277762,0
1212,20.2,4.5558585e-07,33.225483,33.225483,-9.4099305e-05,33.225483,0.00010019843,237,237,61,0.00046620835,0.0014348174,5.9352765e-06,0.20277587,0
1213,20.216667,4.4945207e-07,33.22539,33.22539,-8.995013e-05,33.22539,0.00010018308,237,237,61,0.00046172753,0.0013682196,5.8499427e-06,0.20277412,0
1214,20.233334,4.472217e-07,33.225304,33.225304,-8.9447465e-05,33.225304,0.00010021146,237,237,61,0.00046728383,0.0017584063,5.746493e-06,0.20277236,0
1215,20.25,4.441463e-07,33.225212,33.225212,-9.027959e-05,33.225212,0.000100243196,237,237,61,0.0004655094,0.0017218962,5.7504467e-06,0.20277065,0
1216,20.266666,4.3757566e-07,33.225117,33.22512,-9.477197e-05,33.22512,0.00010021568,237,237,61,0.00046753383,0.0011920647,5.8061687e-06,0.20276886,0
1217,20.283333,4.4549094e-07,33.22503,33.22503,-9.0601105e-05,33.22503,0.00010022643,237,237,61,0.0004589368,0.0013420618,5.676523e-06,0.20276709,0
1218,20.3,4.4096495e-07,33.224937,33.224937,-8.878474e-05,33.224937,0.000100197736,237,237,61,0.00046331456,0.0018980674,5.739691e-06,0.20276536,0
1219,20.316668,4.370186e-07,33.22485,33.22485,-8.978169e-05,33.22485,0.000100201265,237,237,61,0.00046345132,0.0021618947,5.704701e-06,0.2027636,0
1220,20.333334,4.308893e-07,33.22476,33.22476,-9.161268e-05,33.22476,0.000100271776,237,237,61,0.00046065237,0.0023927707,5.670427e-06,0.20276186,0
1221,20.35,4.191679e-07,33.224663,33.224667,-9.311457e-05,33.224667,0.00010018462,237,237,61,0.00044816383,0.0015103009,5.6982794e-06,0.2027601,0
1222,20.366667,4.2648708e-07,33.22457,33.224575,-9.1266724e-05,33.224575,0.00010021706,237,237,61,0.00045626436,0.001688431,5.5629594e-06,0.20275836,0
1223,20.383333,4.2896127e-07,33.224483,33.224483,-8.8278975e-05,33.224483,0.00010016535,236,236,60,0.000458986,0.0023966744,5.513753e-06,0.20275661,0
1224,20.4,4.1864146e-07,33.224392,33.224392,-9.178313e-05,33.224392,0.00010023109,236,236,60,0.0004461869,0.0012096405,5.536699e-06,0.20275486,0
1225,20.416666,4.266155e-07,33.224304,33.224304,-8.976977e-05,33.224304,0.000100186175,236,236,60,0.00045703247,0.0017104995,5.424239e-06,0.20275313,0
1226,20.433332,4.1737786e-07,33.224213,33.224216,-8.912196e-05,33.224216,0.00010021759,236,236,60,0.00044402707,0.0013051399,5.5502014e-06,0.2027514,0
1227,20.45,4.2386353e-07,33.22412,33.22412,-9.1600064e-05,33.22412,0.00010019959,236,236,60,0.00045592026,0.0021715849,5.4200036e-06,0.20274965,0
1228,20.466667,4.1088012e-07,33.22403,33.22403,-9.294957e-05,33.22403,0.00010026583,236,236,60,0.0004432688,0.0012959973,5.4333063e-06,0.20274785,0
1229,20.483334,4.1147177e-07,33.223938,33.223938,-9.127345e-05,33.223938,0.000100204226,236,236,60,0.00044665267,0.0018018374,5.3697554e-06,0.20274611,0
1230,20.5,4.102875e-07,33.223846,33.223846,-9.0776455e-05,33.223846,0.00010019756,236,236,60,0.00044388187,0.0013924978,5.35095e-06,0.20274435,0
1231,20.516666,4.1606384e-07,33.22376,33.22376,-8.9771966e-05,33.22376,0.000100224344,236,236,60,0.0004516516,0.00241419,5.3504377e-06,0.20274262,0
1232,20.533333,4.0676727e-07,33.223663,33.223663,-9.3278395e-05,33.223663,0.00010019346,236,236,60,0.0004451465,0.0023721028,5.412685e-06,0.20274085,0
1233,20.55,4.007186e-07,33.22357,33.22357,-9.16126e-05,33.22357,0.00010021068,236,236,60,0.00043289165,0.0012254505,5.3351305e-06,0.2027391,0
1234,20.566668,3.9483635e-07,33.223484,33.223484,-8.8453584e-05,33.223484,0.00010020899,236,236,60,0.00043261304,0.0015025013,5.2829187e-06,0.20273738,0
1235,20.583334,3.9786647e-07,33.223392,33.223392,-9.1769776e-05,33.223392,0.000100178506,236,236,60,0.00043137808,0.0012237907,5.2284568e-06,0.20273562,0
1236,20.6,3.9677684e-07,33.2233,33.2233,-9.36027e-05,33.2233,0.0001002423,236,236,60,0.0004332407,0.001347036,5.191122e-06,0.20273384,0
1237,20.616667,4.0063338e-07,33.22321,33.223213,-8.794508e-05,33.223213,0.000100205594,236,236,60,0.0004432314,0.0020647536,5.2863343e-06,0.20273213,0
1238,20.633333,3.9962788e-07,33.223118,33.223118,-9.210632e-05,33.223118,0.000100212535,236,236,60,0.0004415791,0.0023225488,5.13359e-06,0.20273034,0
1239,20.65,3.8942372e-07,33.223026,33.223026,-9.1616756e-05,33.223026,0.00010021075,236,236,60,0.00043006326,0.0017206379,5.1338006e-06,0.2027286,0
1240,20.666666,3.938981e-07,33.22294,33.22294,-8.960701e-05,33.22294,0.000100197394,236,236,60,0.00043853608,0.0020460226,5.1483435e-06,0.20272689,0
1241,20.683332,3.871648e-07,33.222847,33.222847,-9.1945796e-05,33.222847,0.000100262376,236,236,60,0.0004285151,0.0014541729,5.061307e-06,0.20272511,0
1242,20.7,3.886804e-07,33.222755,33.222755,-8.977623e-05,33.222755,0.00010023192,236,236,60,0.00043442307,0.0023511974,5.0776084e-06,0.20272338,0
1243,20.716667,3.8136662e-07,33.222664,33.222664,-9.261139e-05,33.222664,0.00010024134,236,236,60,0.00042524337,0.0017257684,5.1078064e-06,0.20272164,0
1244,20.733334,3.831539e-07,33.222572,33.222572,-9.093974e-05,33.222572,0.00010022733,236,236,60,0.00042916645,0.001633527,4.993847e-06,0.2027199,0
1245,20.75,3.8417517e-07,33.222485,33.222485,-8.794792e-05,33.222485,0.00010019784,236,236,60,0.00043288324,0.002118904,5.0690214e-06,0.20271818,0
1246,20.766666,3.807179e-07,33.222393,33.222393,-9.294005e-05,33.222393,0.00010020838,236,236,60,0.00042896884,0.0020925838,4.934821e-06,0.20271641,0
1247,20.783333,3.795003e-07,33.2223,33.2223,-9.0610236e-05,33.2223,0.000100280915,236,236,60,0.00042880126,0.0023536677,4.9816604e-06,0.20271467,0
1248,20.8,3.8021278e-07,33.22221,33.22221,-9.077456e-05,33.22221,0.00010023046,236,236,60,0.00042861243,0.002032521,4.896209e-06,0.20271294,0
1249,20.816668,3.7689287e-07,33.22212,33.22212,-9.160987e-05,33.22212,0.00010014386,236,236,60,0.0004229324,0.0015937604,4.910586e-06,0.2027112,0
1250,20.833334,3.690784e-07,33.22203,33.22203,-8.8621775e-05,33.22203,0.00010024071,236,236,60,0.00041530532,0.0012930245,4.8889906e-06,0.20270948,0
1251,20.85,3.7567423e-07,33.22194,33.22194,-9.276374e-05,33.22194,0.00010018979,236,236,60,0.000423925,0.0019853443,4.929331e-06,0.2027077,0
1252,20.866667,3.707325e-07,33.221848,33.221848,-8.86189e-05,33.221848,0.000100197045,236,236,60,0.00041559277,0.0011921907,4.8801267e-06,0.20270601,0
1253,20.883333,3.6004366e-07,33.221756,33.221756,-9.327979e-05,33.221756,0.00010020696,236,236,60,0.00040690415,0.0010771808,4.889681e-06,0.20270424,0
1254,20.9,3.7133606e-07,33.22167,33.22167,-8.893517e-05,33.22167,0.00010021951,236,236,60,0.00042098702,0.0020049547,4.7366675e-06,0.20270249,0
1255,20.916666,3.664389e-07,33.221577,33.221577,-9.127894e-05,33.221577,0.000100225196,236,236,60,0.000418288,0.0015857542,4.833042e-06,0.20270075,0
1256,20.933332,3.6284027e-07,33.22148,33.22148,-9.2607675e-05,33.22148,0.00010019785,236,236,60,0.00041647194,0.0017175352,4.8375964e-06,0.202699,0
1257,20.95,3.670064e-07,33.221394,33.221394,-8.910856e-05,33.221394,0.00010025371,236,236,60,0.00042102876,0.0023333817,4.7023327e-06,0.20269728,0
1258,20.966667,3.555917e-07,33.221302,33.221306,-8.978916e-05,33.221306,0.00010018455,236,236,60,0.00040531068,0.0011188666,4.8182515e-06,0.20269558,0
1259,20.983334,3.5993418e-07,33.221214,33.221214,-9.1103444e-05,33.221214,0.00010023642,236,236,60,0.0004153824,0.0025178613,4.713295e-06,0.20269382,0
1260,21,3.6185602e-07,33.221123,33.221123,-9.143837e-05,33.221123,0.00010017296,236,236,60,0.0004184486,0.0021842148,4.691388e-06,0.20269206,0
1261,21.016666,3.5216303e-07,33.22103,33.22103,-8.962118e-05,33.22103,0.00010024816,236,236,60,0.0004025472,0.0010799622,4.6709315e-06,0.20269038,0
1262,21.033333,3.5495447e-07,33.22094,33.22094,-9.2268776e-05,33.22094,0.0001003501,236,236,60,0.00040522733,0.0011253512,4.6461973e-06,0.2026886,0
1263,21.05,3.5135702e-07,33.220848,33.220848,-9.094513e-05,33.220848,0.00010020016,236,236,60,0.00040243927,0.0010999682,4.6870923e-06,0.20268686,0
1264,21.066668,3.5283915e-07,33.220757,33.220757,-9.127256e-05,33.220757,0.000100210185,236,236,60,0.0004097632,0.0016859482,4.6337e-06,0.20268512,0
1265,21.083334,3.53875e-07,33.22067,33.22067,-8.94442e-05,33.22067,0.000100217316,236,236,60,0.0004113371,0.0025386359,4.637792e-06,0.20268339,0
1266,21.1,3.5420425e-07,33.220573,33.220573,-9.293626e-05,33.220573,0.00010020297,236,236,60,0.00041360038,0.0022174635,4.596944e-06,0.20268162,0
1267,21.116667,3.470958e-07,33.220486,33.220486,-8.911983e-05,33.220486,0.000100180056,236,236,60,0.00039914213,0.0010524443,4.5701195e-06,0.20267992,0
1268,21.133333,3.514977e-07,33.220394,33.220394,-9.226717e-05,33.220394,0.00010021863,236,236,60,0.00041042885,0.002528501,4.6408804e-06,0.20267814,0
1269,21.15,3.4571266e-07,33.220303,33.220303,-9.127983e-05,33.220303,0.000100165096,236,236,60,0.00040420305,0.002042104,4.582207e-06,0.2026764,0
1270,21.166666,3.3596578e-07,33.22021,33.22021,-8.962124e-05,33.22021,0.000100208796,236,236,60,0.0003917731,0.0010164657,4.5533675e-06,0.20267469,0
1271,21.183332,3.4944892e-07,33.22012,33.22012,-9.3089366e-05,33.22012,0.000100190446,236,236,60,0.0004092094,0.002326362,4.467662e-06,0.2026729,0
1272,21.2,3.4544883e-07,33.220028,33.220028,-9.077927e-05,33.220028,0.00010017263,236,236,60,0.00040584916,0.0025937338,4.5892216e-06,0.20267117,0
1273,21.216667,3.3309644e-07,33.219936,33.219936,-9.062137e-05,33.219936,0.00010022951,236,236,60,0.00039235633,0.0012414178,4.4823387e-06,0.20266943,0
1274,21.233334,3.4723936e-07,33.21985,33.21985,-9.009611e-05,33.21985,0.000100271885,236,236,60,0.0004072814,0.0026070285,4.492123e-06,0.2026677,0
1275,21.25,3.3071782e-07,33.219757,33.219757,-9.079179e-05,33.219757,0.00010021853,235,235,60,0.00038781873,0.0009888888,4.5600964e-06,0.20266597,0
1276,21.266666,3.3771585e-07,33.21967,33.21967,-8.943823e-05,33.21967,0.00010022641,235,235,60,0.00039846802,0.0020135322,4.419733e-06,0.20266424,0
1277,21.283333,3.3346993e-07,33.219574,33.219574,-9.4437135e-05,33.219574,0.00010020137,235,235,60,0.0003974668,0.0020849796,4.485252e-06,0.20266245,0
1278,21.3,3.3203028e-07,33.219482,33.219486,-8.8947905e-05,33.219486,0.00010019203,235,235,60,0.0003896843,0.0010348782,4.3585655e-06,0.20266077,0
1279,21.316668,3.3739494e-07,33.219395,33.219395,-9.093616e-05,33.219395,0.00010022302,235,235,60,0.00040076184,0.0025291683,4.4543276e-06,0.20265903,0
1280,21.333334,3.3820646e-07,33.219303,33.219303,-9.193825e-05,33.219303,0.000100320256,235,235,60,0.0004006833,0.0023752286,4.4395974e-06,0.20265728,0
1281,21.35,3.274901e-07,33.21921,33.21921,-9.1617265e-05,33.21921,0.00010023828,235,235,60,0.00038745403,0.0010480663,4.4312083e-06,0.20265551,0
1282,21.366667,3.2501427e-07,33.21912,33.21912,-9.0944006e-05,33.21912,0.000100197816,235,235,60,0.00038855994,0.0015593895,4.3715763e-06,0.20265377,0
1283,21.383333,3.2464692e-07,33.21903,33.21903,-9.044313e-05,33.21903,0.00010020599,235,235,60,0.00038876018,0.0018244222,4.437e-06,0.20265204,0
1284,21.4,3.2236628e-07,33.218937,33.218937,-9.194134e-05,33.218937,0.00010018213,235,235,60,0.00038943696,0.0019501962,4.31656e-06,0.20265026,0
1285,21.416666,3.216993e-07,33.218845,33.218845,-9.077594e-05,33.218845,0.00010016043,235,235,60,0.00038958163,0.0024398768,4.3482896e-06,0.20264857,0
1286,21.433332,3.2557443e-07,33.218754,33.218754,-9.343148e-05,33.218754,0.00010020187,235,235,60,0.0003929315,0.0022514411,4.326786e-06,0.20264678,0
1287,21.45,3.2182353e-07,33.218666,33.218666,-8.7453926e-05,33.218666,0.00010024026,235,231,60,0.00039055382,0.0020835267,4.301967e-06,0.20264508,0
1288,21.466667,3.229724e-07,33.21857,33.218575,-9.2436676e-05,33.218575,0.00010018504,231,231,59,0.00038418223,0.0012061275,4.2808333e-06,0.20264332,0
1289,21.483334,3.1932683e-07,33.21848,33.21848,-9.360525e-05,33.21848,0.000100263285,231,231,59,0.0003876226,0.0019007191,4.2608112e-06,0.20264155,0
1290,21.5,3.207252e-07,33.218388,33.218388,-9.077387e-05,33.218388,0.00010017081,231,231,59,0.00038306028,0.0012355058,4.33311e-06,0.20263982,0
1291,21.516666,3.2219097e-07,33.218296,33.218296,-9.077381e-05,33.218296,0.00010021039,231,231,59,0.00039084573,0.0022169775,4.253326e-06,0.20263809,0
1292,21.533333,3.118346e-07,33.218204,33.218204,-9.145065e-05,33.218204,0.00010024771,231,231,59,0.00037488574,0.00092139764,4.2148126e-06,0.20263636,0
1293,21.55,3.1407959e-07,33.218117,33.218117,-8.894422e-05,33.218117,0.00010021721,231,231,59,0.00038255507,0.0016750317,4.28593e-06,0.20263462,0
1294,21.566668,3.1606973e-07,33.21802,33.218025,-9.359962e-05,33.218025,0.000100258454,231,231,59,0.0003794297,0.001259452,4.2559013e-06,0.20263287,0
1295,21.583334,3.113729e-07,33.21793,33.21793,-9.2941285e-05,33.21793,0.00010024557,231,231,59,0.00037556884,0.00095763634,4.1765084e-06,0.2026311,0
1296,21.6,3.2198767e-07,33.217842,33.217842,-8.910211e-05,33.217842,0.00010022192,231,231,59,0.00039038746,0.002282262,4.177975e-06,0.2026294,0
1297,21.616667,3.1716962e-07,33.21775,33.21775,-9.1445116e-05,33.21775,0.00010022979,231,231,59,0.00038572602,0.0026682469,4.22867e-06,0.20262764,0
1298,21.633333,3.1452018e-07,33.21766,33.21766,-9.061167e-05,33.21766,0.000100207406,231,231,59,0.00038429606,0.002162129,4.1253247e-06,0.20262593,0
1299,21.65,3.1123147e-07,33.217567,33.217567,-9.21086e-05,33.217567,0.00010023751,231,231,59,0.00037594512,0.0010350661,4.1701956e-06,0.20262417,0
1300,21.666666,3.1035125e-07,33.217476,33.217476,-9.193994e-05,33.217476,0.00010021698,231,231,59,0.00038034978,0.0016797938,4.1660546e-06,0.20262243,0
1301,21.683332,3.1192738e-07,33.217384,33.217384,-8.911115e-05,33.217384,0.00010025823,231,231,59,0.00038330004,0.0022880132,4.175128e-06,0.20262073,0
1302,21.7,3.0911232e-07,33.217297,33.217297,-8.944805e-05,33.217297,0.00010024278,231,231,59,0.00038086728,0.0024073343,4.070606e-06,0.202619,0
1303,21.716667,3.0012046e-07,33.2172,33.217205,-9.36106e-05,33.217205,0.00010025161,231,231,59,0.00037129593,0.0017124532,4.1837525e-06,0.20261723,0
1304,21.733334,2.9755714e-07,33.217113,33.217113,-8.878278e-05,33.217113,0.00010022707,231,231,59,0.00036511128,0.00088670594,4.083501e-06,0.20261553,0
1305,21.75,3.0717717e-07,33.21702,33.21702,-9.4922034e-05,33.21702,0.00010026706,231,231,59,0.00037876776,0.002246691,4.0370373e-06,0.20261376,0
1306,21.766666,3.0183713e-07,33.21693,33.21693,-8.9284316e-05,33.21693,0.00010030839,231,231,59,0.00037219233,0.0019354183,4.0799664e-06,0.20261204,0
1307,21.783333,2.9877575e-07,33.21684,33.21684,-9.094459e-05,33.21684,0.000100228135,231,231,59,0.000371084,0.0016026127,4.096684e-06,0.20261033,0
1308,21.8,3.074071e-07,33.216747,33.216747,-9.342672e-05,33.216747,0.00010015962,231,231,59,0.00037686984,0.0022141659,4.0405876e-06,0.20260854,0
1309,21.816668,2.9767477e-07,33.216656,33.216656,-9.045249e-05,33.216656,0.00010027855,231,231,59,0.00036935773,0.001687509,4.041519e-06,0.20260681,0
1310,21.833334,2.960497e-07,33.216564,33.216564,-9.011188e-05,33.216564,0.00010021264,231,231,59,0.00036803092,0.0016648755,4.103223e-06,0.20260508,0
1311,21.85,3.0213488e-07,33.216473,33.216473,-9.3928036e-05,33.216473,0.00010025316,231,231,59,0.00037460087,0.0027264694,4.048969e-06,0.20260331,0
1312,21.866667,2.9514294e-07,33.21638,33.21638,-8.895346e-05,33.21638,0.00010020683,231,231,59,0.00036452705,0.00095550716,3.951096e-06,0.2026016,0
1313,21.883333,3.0218578e-07,33.21629,33.21629,-9.126699e-05,33.21629,0.0001002971,231,231,59,0.00037492026,0.0026792074,4.029294e-06,0.20259985,0
1314,21.9,2.9404978e-07,33.2162,33.2162,-8.995213e-05,33.2162,0.00010019536,231,231,59,0.00036656766,0.0017913615,4.0139907e-06,0.20259814,0
1315,21.916666,2.9264598e-07,33.216106,33.216106,-9.410178e-05,33.216106,0.00010018872,231,231,59,0.0003653969,0.0016593892,3.9770903e-06,0.20259635,0
1316,21.933332,2.907153e-07,33.216015,33.216015,-9.360354e-05,33.216015,0.00010022702,231,231,59,0.0003593965,0.00084640575,4.051058e-06,0.20259458,0
1317,21.95,2.9192591e-07,33.215923,33.215923,-8.9776535e-05,33.215923,0.00010018288,231,231,59,0.00036119367,0.0010027406,3.9674987e-06,0.20259285,0
1318,21.966667,2.9299758e-07,33.215836,33.215836,-8.911165e-05,33.215836,0.00010017171,231,231,59,0.00036777387,0.002267511,3.9372085e-06,0.20259115,0
1319,21.983334,2.8734536e-07,33.21574,33.21574,-9.3108494e-05,33.21574,0.00010019704,231,231,59,0.0003599315,0.0012906091,3.9537344e-06,0.2025894,0
1320,22,2.8882502e-07,33.215652,33.215652,-8.811372e-05,33.215652,0.00010020799,231,231,59,0.00036244243,0.0019845753,3.914272e-06,0.2025877,0
1321,22.016666,2.966552e-07,33.21556,33.21556,-9.243e-05,33.21556,0.000100245736,231,231,59,0.00036982514,0.0027245032,3.9110523e-06,0.2025859,0
1322,22.033333,2.8824206e-07,33.21547,33.21547,-9.1614966e-05,33.21547,0.00010016195,231,231,59,0.00035916944,0.0010920496,3.9629094e-06,0.20258419,0
1323,22.05,2.9298138e-07,33.21538,33.21538,-8.910798e-05,33.21538,0.00010016908,231,231,59,0.00036708487,0.0027196868,3.8811204e-06,0.2025825,0
1324,22.066668,2.8739012e-07,33.215286,33.215286,-9.460473e-05,33.215286,0.00010021529,231,231,59,0.0003607382,0.0013461933,3.841787e-06,0.20258069,0
1325,22.083334,2.89014e-07,33.215195,33.215195,-9.06074e-05,33.215195,0.000100254496,231,231,59,0.0003631908,0.0020339922,3.8947132e-06,0.20257895,0
1326,22.1,2.8871264e-07,33.215103,33.215103,-9.0775575e-05,33.215103,0.0001002371,231,231,59,0.00036432833,0.0024141686,3.8112453e-06,0.20257725,0
1327,22.116667,2.8971476e-07,33.21501,33.215015,-9.060802e-05,33.215015,0.000100233585,231,231,59,0.0003632064,0.0021231144,3.7865145e-06,0.20257553,0
1328,22.133333,2.8216868e-07,33.21492,33.21492,-9.211286e-05,33.21492,0.000100207966,231,231,59,0.00035734623,0.0015731639,3.7549064e-06,0.20257384,0
1329,22.15,2.8181054e-07,33.21483,33.214832,-9.094189e-05,33.214832,0.000100188685,231,231,59,0.00035368343,0.00090833165,3.8116675e-06,0.20257209,0
1330,22.166666,2.9056565e-07,33.21474,33.21474,-9.0766516e-05,33.21474,0.00010021014,231,231,59,0.00036599042,0.002709708,3.7476975e-06,0.2025704,0
1331,22.183332,2.8557082e-07,33.21465,33.21465,-8.911772e-05,33.21465,0.00010020475,231,231,59,0.00036018778,0.0021170448,3.7975344e-06,0.2025687,0
1332,22.2,2.8825303e-07,33.214558,33.214558,-9.1770125e-05,33.214558,0.00010018004,231,231,59,0.00036436954,0.0026335097,3.7560908e-06,0.20256697,0
1333,22.216667,2.8184482e-07,33.21447,33.21447,-8.995041e-05,33.21447,0.000100240846,231,231,59,0.000357251,0.0018642889,3.7468578e-06,0.20256528,0
1334,22.233334,2.7883758e-07,33.214375,33.214375,-9.2607086e-05,33.214375,0.000100207435,232,232,59,0.0003519244,0.00095123844,3.749528e-06,0.20256354,0
1335,22.25,2.8392878e-07,33.214283,33.214283,-9.1435206e-05,33.214283,0.000100197154,232,232,59,0.000360176,0.0016510302,3.6624274e-06,0.20256181,0
1336,22.266666,2.8603048e-07,33.214195,33.214195,-8.927687e-05,33.214195,0.00010020336,232,232,59,0.0003627711,0.0026615546,3.7318916e-06,0.20256013,0
1337,22.283333,2.8754874e-07,33.214104,33.214104,-9.193754e-05,33.214104,0.000100180216,232,232,59,0.00036283027,0.0027715212,3.7314487e-06,0.20255841,0
1338,22.3,2.8291214e-07,33.214012,33.214012,-9.127868e-05,33.214012,0.00010018605,232,232,59,0.00036060959,0.0026089337,3.645628e-06,0.2025567,0
1339,22.316668,2.775584e-07,33.21392,33.21392,-9.2276925e-05,33.21392,0.0001002209,232,232,59,0.00035111056,0.0009725155,3.7222212e-06,0.20255496,0
1340,22.333334,2.8418887e-07,33.21383,33.21383,-9.043614e-05,33.21383,0.00010019141,232,232,59,0.00036082583,0.0024144286,3.6622812e-06,0.20255326,0
1341,22.35,2.8108997e-07,33.213737,33.21374,-9.011335e-05,33.21374,0.000100202,232,232,59,0.00035963158,0.0024194613,3.6551257e-06,0.20255156,0
1342,22.366667,2.7640863e-07,33.21365,33.21365,-9.094621e-05,33.21365,0.00010026999,232,232,59,0.00035035246,0.0010631916,3.7054033e-06,0.20254984,0
1343,22.383333,2.8013824e-07,33.21356,33.21356,-9.043903e-05,33.21356,0.000100217665,232,232,59,0.00035675036,0.0019298064,3.6248955e-06,0.20254815,0
1344,22.4,2.7425324e-07,33.213467,33.213467,-9.177869e-05,33.213467,0.000100251025,232,232,59,0.00034865105,0.0010825908,3.68226e-06,0.20254642,0
1345,22.416666,2.7765412e-07,33.213375,33.213375,-9.0106856e-05,33.213375,0.000100229205,232,232,59,0.00035648738,0.002301692,3.512457e-06,0.20254472,0
1346,22.433332,2.717491e-07,33.213284,33.213284,-9.427254e-05,33.213284,0.00010022594,232,232,59,0.0003494303,0.0016242978,3.6258955e-06,0.20254295,0
1347,22.45,2.7130193e-07,33.213192,33.213192,-9.044321e-05,33.213192,0.000100215955,235,235,60,0.0003488809,0.0016931389,3.6275185e-06,0.20254125,0
1348,22.466667,2.7563274e-07,33.2131,33.2131,-8.993967e-05,33.2131,0.00010030652,235,235,60,0.00035419327,0.00255484,3.617383e-06,0.20253956,0
1349,22.483334,2.6845674e-07,33.21301,33.21301,-9.360879e-05,33.21301,0.00010022146,235,235,60,0.00034411633,0.00095342885,3.6236224e-06,0.20253782,0
1350,22.5,2.683178e-07,33.212917,33.21292,-8.8780354e-05,33.21292,0.00010017359,235,235,60,0.00034412378,0.0010178915,3.5329426e-06,0.20253612,0
1351,22.516666,2.7174485e-07,33.212826,33.212826,-9.476197e-05,33.212826,0.000100232064,235,235,60,0.00034915935,0.0020253395,3.5070889e-06,0.20253439,0
1352,22.533333,2.660339e-07,33.212734,33.212734,-9.061473e-05,33.212734,0.0001002399,235,235,60,0.0003422422,0.00088998565,3.5607284e-06,0.20253265,0
1353,22.55,2.6987396e-07,33.212643,33.212646,-8.927514e-05,33.212646,0.00010023895,235,235,60,0.00034827433,0.0018288712,3.5668154e-06,0.20253097,0
1354,22.566668,2.670399e-07,33.21255,33.21255,-9.1941896e-05,33.21255,0.000100224075,235,235,60,0.00034713495,0.0022239187,3.492956e-06,0.20252925,0
1355,22.583334,2.6644295e-07,33.212463,33.212463,-9.060962e-05,33.212463,0.000100200836,235,235,60,0.0003423526,0.0010427483,3.4967475e-06,0.20252757,0
1356,22.6,2.6553803e-07,33.212368,33.21237,-9.193997e-05,33.21237,0.000100201076,235,235,60,0.00034622182,0.0021904358,3.4855145e-06,0.20252585,0
1357,22.616667,2.659145e-07,33.21228,33.21228,-8.877984e-05,33.21228,0.00010018719,235,235,60,0.00034420623,0.0018878344,3.4620004e-06,0.20252419,0
1358,22.633333,2.7327638e-07,33.21219,33.212193,-9.060166e-05,33.212193,0.00010025203,235,235,60,0.0003494584,0.0018258342,3.3938836e-06,0.2025225,0
1359,22.65,2.639472e-07,33.212097,33.212097,-9.22809e-05,33.212097,0.00010022051,235,235,60,0.00034059127,0.0010202772,3.4889295e-06,0.20252076,0
1360,22.666666,2.6292727e-07,33.212006,33.21201,-9.0776295e-05,33.21201,0.000100199984,235,235,60,0.0003406783,0.001136372,3.3766848e-06,0.20251906,0
1361,22.683332,2.685027e-07,33.211914,33.211914,-9.209974e-05,33.211914,0.0001002653,235,235,60,0.00034790518,0.0026106657,3.4394789e-06,0.20251736,0
1362,22.7,2.624071e-07,33.211823,33.211823,-9.1612645e-05,33.211823,0.00010023691,235,235,60,0.00033921332,0.0009779992,3.4033883e-06,0.20251565,0
1363,22.716667,2.7028486e-07,33.21173,33.21173,-9.109991e-05,33.21173,0.000100273486,235,235,60,0.0003477063,0.0028818243,3.4149834e-06,0.20251389,0
1364,22.733334,2.5899888e-07,33.21164,33.21164,-9.2615366e-05,33.21164,0.00010016302,235,235,60,0.00033925122,0.001722623,3.424866e-06,0.20251217,0
1365,22.75,2.624698e-07,33.211548,33.211548,-9.093806e-05,33.211548,0.00010023155,235,235,60,0.00034014558,0.0010785939,3.3410645e-06,0.20251049,0
1366,22.766666,2.593584e-07,33.211456,33.211456,-9.1443406e-05,33.211456,0.00010022459,235,235,60,0.000339195,0.0017298484,3.4220018e-06,0.20250876,0
1367,22.783333,2.6461024e-07,33.211365,33.211365,-9.359636e-05,33.211365,0.000100209254,235,235,60,0.0003430135,0.0025240984,3.3982233e-06,0.20250702,0
1368,22.8,2.658337e-07,33.211277,33.211277,-8.811397e-05,33.211277,0.000100261925,235,235,60,0.00034346728,0.002064957,3.3259741e-06,0.20250535,0
1369,22.816668,2.580114e-07,33.21118,33.21118,-9.277816e-05,33.21118,0.0001002446,235,235,60,0.00033819003,0.0017758732,3.312165e-06,0.20250362,0
1370,22.833334,2.6239798e-07,33.211094,33.211094,-9.0937145e-05,33.211094,0.00010018819,235,235,60,0.00033865767,0.0013466211,3.3667209e-06,0.20250191,0
1371,22.85,2.5623137e-07,33.211002,33.211002,-9.078144e-05,33.211002,0.000100229365,235,235,60,0.00033690443,0.0016420824,3.2851237e-06,0.20250021,0
1372,22.866667,2.565906e-07,33.210907,33.210907,-9.4266274e-05,33.210907,0.00010019195,235,235,60,0.00033529836,0.0009322908,3.3508777e-06,0.20249847,0
1373,22.883333,2.6194687e-07,33.21082,33.21082,-8.844235e-05,33.21082,0.00010017614,235,235,60,0.00034003734,0.002025074,3.3462854e-06,0.20249677,0
1374,22.9,2.5419197e-07,33.210724,33.210724,-9.344311e-05,33.210724,0.00010020593,235,235,60,0.00033274887,0.000940414,3.284841e-06,0.20249504,0
1375,22.916666,2.5711884e-07,33.210632,33.210632,-9.160362e-05,33.210632,0.000100217025,235,235,60,0.00033590943,0.0010748842,3.3206418e-06,0.20249332,0
1376,22.933332,2.6597823e-07,33.21054,33.21054,-9.126518e-05,33.21054,0.00010027855,235,235,60,0.00034196093,0.002883367,3.2921082e-06,0.20249158,0
1377,22.95,2.6196057e-07,33.21045,33.21045,-9.177682e-05,33.21045,0.000100199664,235,235,60,0.0003400615,0.0027863053,3.2727637e-06,0.20248988,0
1378,22.966667,2.6222818e-07,33.210358,33.210358,-9.2105045e-05,33.210358,0.00010022095,235,235,60,0.00034104154,0.0026838165,3.2327682e-06,0.20248815,0
1379,22.983334,2.5612275e-07,33.210266,33.210266,-9.3441464e-05,33.210266,0.00010020127,235,235,60,0.00033512877,0.0014708544,3.2931653e-06,0.2024864,0
1380,23,2.607508e-07,33.210175,33.210175,-9.0936905e-05,33.210175,0.00010020258,238,238,61,0.00033920244,0.0018073616,3.2841963e-06,0.20248468,0
1381,23.016666,2.579117e-07,33.210083,33.210083,-9.210815e-05,33.210083,0.00010020708,238,238,61,0.0003363281,0.0010990032,3.209482e-06,0.20248298,0
1382,23.033333,2.5737577e-07,33.209988,33.209988,-9.4765936e-05,33.209988,0.00010023586,238,238,61,0.0003359769,0.002124088,3.2593941e-06,0.2024812,0
1383,23.05,2.547882e-07,33.209896,33.209896,-9.160914e-05,33.209896,0.00010024001,238,238,61,0.00033317285,0.0010031266,3.2768507e-06,0.20247948,0
1384,23.066668,2.600596e-07,33.209805,33.209805,-8.9772475e-05,33.209805,0.000100211975,238,238,61,0.00033785836,0.0027272024,3.2456971e-06,0.20247775,0
1385,23.083334,2.595153e-07,33.209717,33.209717,-9.0277055e-05,33.209717,0.00010018954,238,238,61,0.00033615803,0.0029238365,3.2879123e-06,0.20247607,0
1386,23.1,2.5878987e-07,33.209618,33.209618,-9.7093696e-05,33.209618,0.000100186524,238,238,61,0.00033678804,0.0026964725,3.238816e-06,0.20247428,0
1387,23.116667,2.5424055e-07,33.20953,33.20953,-8.9616035e-05,33.20953,0.00010016773,238,238,61,0.00033210812,0.0010713544,3.2119717e-06,0.2024726,0
1388,23.133333,2.605123e-07,33.20944,33.20944,-9.22653e-05,33.20944,0.00010020603,238,238,61,0.00033625183,0.0023666609,3.1862176e-06,0.20247085,0
1389,23.15,2.5519662e-07,33.209343,33.209343,-9.460446e-05,33.209343,0.00010023367,238,238,61,0.0003339225,0.001062004,3.1879085e-06,0.20246908,0
1390,23.166666,2.5858446e-07,33.20925,33.20925,-9.11044e-05,33.20925,0.00010020488,238,238,61,0.0003366095,0.0011849407,3.2167964e-06,0.20246738,0
1391,23.183332,2.6049597e-07,33.209156,33.209156,-9.3433446e-05,33.209156,0.00010020596,238,238,61,0.0003375354,0.0027643945,3.2245093e-06,0.20246562,0
1392,23.2,2.543532e-07,33.209064,33.209064,-9.1778944e-05,33.209064,0.0001002423,238,238,61,0.0003330806,0.0012432646,3.165068e-06,0.2024639,0
1393,23.216667,2.6151733e-07,33.208973,33.208973,-9.342819e-05,33.208973,0.00010027094,238,238,61,0.00033806154,0.002819679,3.1878023e-06,0.20246217,0
1394,23.233334,2.5844304e-07,33.208878,33.20888,-9.293966e-05,33.20888,0.000100169054,238,238,61,0.00033380475,0.0023672346,3.247157e-06,0.20246042,0
1395,23.25,2.6239744e-07,33.20879,33.20879,-9.060506e-05,33.20879,0.00010022244,239,239,61,0.00033754727,0.0028955585,3.185579e-06,0.20245871,0
1396,23.266666,2.54554e-07,33.208694,33.208694,-9.4939496e-05,33.208694,0.000100250494,239,239,61,0.00033201088,0.0009703569,3.1190662e-06,0.20245694,0
1397,23.283333,2.56516e-07,33.208603,33.208603,-9.160459e-05,33.208603,0.00010016065,239,239,61,0.00033406742,0.0009674029,3.1668765e-06,0.20245522,0
1398,23.3,2.6160177e-07,33.20851,33.20851,-9.193397e-05,33.20851,0.00010019957,239,239,61,0.0003402582,0.0023683885,3.1580093e-06,0.20245348,0
1399,23.316668,2.6148274e-07,33.208416,33.208416,-9.293671e-05,33.208416,0.000100263365,239,239,61,0.0003379691,0.00095069554,3.2124174e-06,0.20245177,0
1400,23.333334,2.64235e-07,33.208324,33.208324,-9.3266346e-05,33.208324,0.00010026314,239,239,61,0.0003401841,0.0026554856,3.2236057e-06,0.20245002,0
1401,23.35,2.6006066e-07,33.20823,33.20823,-9.343953e-05,33.20823,0.00010017244,237,237,60,0.00033613952,0.0020651473,3.229056e-06,0.20244826,0
1402,23.366667,2.6070072e-07,33.208138,33.208138,-9.310221e-05,33.208138,0.0001001995,237,237,60,0.0003444805,0.0008355954,3.2310977e-06,0.20244654,0
1403,23.383333,2.6873414e-07,33.208042,33.208046,-9.342732e-05,33.208046,0.00010023596,239,239,61,0.00034357733,0.0030247027,3.2299738e-06,0.20244478,0
1404,23.4,2.666827e-07,33.207954,33.207954,-9.0943584e-05,33.207954,0.00010023375,239,239,61,0.0003408304,0.003063291,3.231902e-06,0.20244306,0
1405,23.416666,2.6121975e-07,33.20786,33.20786,-9.443835e-05,33.20786,0.00010021146,239,239,61,0.00033678426,0.0023186794,3.2312278e-06,0.20244128,0
1406,23.433332,2.644632e-07,33.207764,33.207764,-9.3764625e-05,33.207764,0.00010023165,239,239,61,0.0003403781,0.0016773316,3.1866628e-06,0.20243955,0
1407,23.45,2.5995772e-07,33.207672,33.207672,-9.210982e-05,33.207672,0.00010020325,239,239,61,0.00033812798,0.00094725593,3.1546388e-06,0.20243782,0
1408,23.466667,2.5884563e-07,33.20758,33.20758,-9.410149e-05,33.20758,0.00010020184,239,239,61,0.00033839073,0.0013349898,3.192453e-06,0.20243606,0
1409,23.483334,2.631988e-07,33.207485,33.207485,-9.259973e-05,33.207485,0.000100236866,239,239,61,0.0003392901,0.0026310983,3.2021876e-06,0.20243432,0
1410,23.5,2.6173734e-07,33.20739,33.20739,-9.676192e-05,33.20739,0.000100182806,239,239,61,0.00033814722,0.0028140086,3.2356645e-06,0.20243256,0
1411,23.516666,2.621332e-07,33.207302,33.207302,-8.8779816e-05,33.207302,0.000100260855,237,237,60,0.000338868,0.0013255521,3.1510333e-06,0.20243086,0
1412,23.533333,2.6290104e-07,33.207207,33.207207,-9.493088e-05,33.207207,0.000100198806,237,237,60,0.00033869795,0.002877651,3.142309e-06,0.20242909,0
1413,23.55,2.55684e-07,33.20711,33.20711,-9.493887e-05,33.20711,0.00010020603,237,237,60,0.00033310047,0.0010941715,3.2294663e-06,0.20242731,0
1414,23.566668,2.5650863e-07,33.20702,33.20702,-8.9943176e-05,33.20702,0.000100227575,237,237,60,0.0003318135,0.0020381063,3.0322867e-06,0.20242563,0
1415,23.583334,2.5805537e-07,33.206924,33.206924,-9.542887e-05,33.206924,0.00010020408,237,237,60,0.0003355723,0.001780659,3.1203294e-06,0.2024239,0
1416,23.6,2.5420647e-07,33.206833,33.206833,-9.1277885e-05,33.206833,0.000100249265,237,237,60,0.00033199522,0.0012117423,3.0312137e-06,0.20242222,0
1417,23.616667,2.532975e-07,33.20674,33.20674,-9.393503e-05,33.20674,0.00010027801,236,236,60,0.00033077502,0.0017883935,3.0036354e-06,0.20242047,0
1418,23.633333,2.5300335e-07,33.206646,33.206646,-9.410067e-05,33.206646,0.00010021204,236,236,60,0.00033025595,0.0010211092,3.0241551e-06,0.20241874,0
1419,23.65,2.587679e-07,33.206554,33.206554,-9.276457e-05,33.206554,0.00010026913,236,236,60,0.00033529793,0.0020829844,3.0306503e-06,0.20241705,0
1420,23.666666,2.555655e-07,33.20646,33.20646,-9.5267365e-05,33.20646,0.000100172736,236,236,60,0.00033172854,0.0026448846,3.0165922e-06,0.20241533,0
1421,23.683332,2.5354902e-07,33.206367,33.206367,-9.094355e-05,33.206367,0.000100279576,236,236,60,0.00033035205,0.0009454728,3.0590531e-06,0.20241365,0
1422,23.7,2.5379543e-07,33.206272,33.206272,-9.476515e-05,33.206272,0.00010027102,236,236,60,0.000330262,0.00096367626,3.028011e-06,0.20241192,0
1423,23.716667,2.5162302e-07,33.206177,33.206177,-9.4268806e-05,33.206177,0.00010027096,236,236,60,0.00032960414,0.0017706793,2.9891742e-06,0.20241018,0
1424,23.733334,2.574247e-07,33.20609,33.20609,-9.076947e-05,33.20609,0.00010020143,236,236,60,0.00033467822,0.0020179828,3.0152187e-06,0.20240848,0
1425,23.75,2.5752195e-07,33.205994,33.205994,-9.543032e-05,33.205994,0.000100256184,236,236,60,0.00033323868,0.0029136834,3.0021445e-06,0.20240675,0
1426,23.766666,2.5272251e-07,33.2059,33.2059,-9.227637e-05,33.2059,0.00010021822,236,236,60,0.0003298368,0.0019541385,2.997838e-06,0.20240504,0
1427,23.783333,2.5276373e-07,33.205803,33.205807,-9.493161e-05,33.205807,0.00010021413,236,236,60,0.0003312771,0.0023925786,3.0060426e-06,0.20240332,0
1428,23.8,2.5314776e-07,33.20571,33.20571,-9.4266245e-05,33.20571,0.000100235266,235,235,60,0.00032960277,0.0009565828,3.04503e-06,0.20240158,0
1429,23.816668,2.525604e-07,33.205616,33.205616,-9.2937174e-05,33.205616,0.00010019215,235,235,60,0.0003292356,0.00094392925,3.0434903e-06,0.2023999,0
1430,23.833334,2.5658534e-07,33.205524,33.205524,-9.426261e-05,33.205524,0.00010024137,234,234,60,0.0003340572,0.0019931123,2.9877626e-06,0.20239818,0
1431,23.85,2.5278703e-07,33.20543,33.20543,-9.244162e-05,33.20543,0.000100165555,234,234,60,0.00032961837,0.002122184,3.0736667e-06,0.20239648,0
1432,23.866667,2.535748e-07,33.205338,33.205338,-9.376708e-05,33.205338,0.00010025553,236,236,61,0.0003302957,0.0011865599,2.9914977e-06,0.20239475,0
1433,23.883333,2.5286263e-07,33.205242,33.205242,-9.44336e-05,33.205242,0.00010023883,236,236,61,0.00032944084,0.0009311226,2.9575897e-06,0.202393,0
1434,23.9,2.5683968e-07,33.20515,33.20515,-9.309887e-05,33.20515,0.00010019782,236,236,61,0.00033322105,0.0009375949,3.0129258e-06,0.2023913,0
1435,23.916666,4.708853e-07,33.20505,33.205055,-9.588139e-05,33.205055,0.000100249774,236,236,61,0.00043424516,0.0062770983,4.4111653e-06,0.20238957,0
1436,23.933332,2.2854567e-07,33.204956,33.204956,-9.70028e-05,33.204956,0.00010026721,236,236,61,0.00030669678,0.002798225,5.766858e-06,0.20238784,0
1437,23.95,2.3353192e-07,33.204865,33.204865,-9.243284e-05,33.204865,0.00010019618,236,236,61,0.00031177985,0.0015578443,2.980537e-06,0.20238617,0
1438,23.966667,2.46108e-07,33.20477,33.20477,-9.5251584e-05,33.20477,0.00010022041,235,235,61,0.00032434432,0.0020444707,3.0102974e-06,0.20238443,0
1439,23.983334,2.4855913e-07,33.204674,33.204674,-9.409792e-05,33.204674,0.00010022996,238,238,62,0.00032594305,0.00093802845,3.0121525e-06,0.20238273,0
1440,24,2.5044574e-07,33.204582,33.204582,-9.4264746e-05,33.204582,0.00010025806,240,240,63,0.0003282442,0.0017517899,2.9522403e-06,0.20238099,0
1441,24.016666,2.5800628e-07,33.20449,33.20449,-9.060146e-05,33.20449,0.00010024184,240,240,63,0.0003341883,0.0029964945,3.024257e-06,0.20237933,0
1442,24.033333,2.5291928e-07,33.204395,33.204395,-9.526925e-05,33.204395,0.000100318546,240,240,63,0.0003292595,0.0009274142,2.9829264e-06,0.20237759,0
1443,24.05,2.5464436e-07,33.2043,33.2043,-9.409865e-05,33.2043,0.000100246645,240,240,63,0.0003322769,0.0017222728,3.0038107e-06,0.20237586,0
1444,24.066668,2.5499952e-07,33.204205,33.20421,-9.4266274e-05,33.20421,0.00010026668,240,240,63,0.00033294564,0.0016989678,3.056491e-06,0.20237415,0
1445,24.083334,2.5326787e-07,33.204113,33.204113,-9.476713e-05,33.204113,0.000100227626,240,240,63,0.00033227814,0.00233308,2.9904838e-06,0.20237239,0
1446,24.1,2.529782e-07,33.204018,33.204018,-9.50982e-05,33.204018,0.00010026832,240,240,63,0.0003301702,0.00091376243,3.0668623e-06,0.20237069,0
1447,24.116667,2.5128108e-07,33.203922,33.203922,-9.4268325e-05,33.203922,0.000100253805,240,240,63,0.0003298379,0.0016539135,3.0438407e-06,0.20236894,0
1448,24.133333,2.55942e-07,33.203827,33.203827,-9.642329e-05,33.203827,0.00010023895,240,240,63,0.00033362984,0.0017334545,3.021874e-06,0.20236719,0
1449,24.15,2.5312343e-07,33.20373,33.20373,-9.493447e-05,33.20373,0.0001002869,240,240,63,0.000329215,0.0009322524,3.0424806e-06,0.20236544,0
1450,24.166666,2.6046223e-07,33.203636,33.203636,-9.409304e-05,33.203636,0.00010029549,240,240,63,0.00033556338,0.0030034885,3.0204906e-06,0.20236371,0
1451,24.183332,2.545891e-07,33.20354,33.203545,-9.393999e-05,33.203545,0.000100258316,240,240,63,0.00033258417,0.0016804012,3.011689e-06,0.202362,0
1452,24.2,2.5458638e-07,33.20345,33.20345,-9.293659e-05,33.20345,0.00010024298,240,240,63,0.0003311849,0.0022618896,3.0051672e-06,0.20236029,0
1453,24.216667,2.5354908e-07,33.203354,33.203354,-9.559771e-05,33.203354,0.000100266,240,240,63,0.00033031052,0.0021898502,2.9871808e-06,0.20235857,0
1454,24.233334,2.5426556e-07,33.203262,33.203262,-9.293587e-05,33.203262,0.00010027144,240,240,63,0.00033240757,0.002456671,3.028666e-06,0.20235683,0
1455,24.25,2.5300798e-07,33.203167,33.203167,-9.493291e-05,33.203167,0.00010026409,240,240,63,0.0003315401,0.00236916,2.9821156e-06,0.20235509,0
1456,24.266666,2.5290115e-07,33.20307,33.20307,-9.426674e-05,33.20307,0.000100249636,239,239,63,0.00033005176,0.0013329419,2.9847158e-06,0.20235337,0
1457,24.283333,2.5597294e-07,33.202976,33.202976,-9.4429815e-05,33.202976,0.000100229765,239,239,63,0.00033257826,0.0026101996,3.0470917e-06,0.20235167,0
1458,24.3,2.528531e-07,33.20288,33.20288,-9.510102e-05,33.20288,0.0001002758,239,239,63,0.00032964273,0.0019424951,3.0102715e-06,0.20234992,0
1459,24.316668,2.506222e-07,33.202785,33.202785,-9.643018e-05,33.202785,0.00010022927,239,239,63,0.00032682763,0.001397,3.0449692e-06,0.20234819,0
1460,24.333334,2.3104371e-07,33.202694,33.202694,-9.378744e-05,33.202694,0.00010024524,239,239,63,0.0003132778,0.0012643955,3.3643066e-06,0.20234646,0
1461,24.35,4.5803353e-07,33.20259,33.20259,-0.00010002482,33.20259,0.00010021522,239,239,63,0.00042447972,0.0064718053,5.6675112e-06,0.20234469,0
1462,24.366667,4.1221043e-07,33.20249,33.20249,-9.913385e-05,33.20249,0.00010028864,239,239,63,0.00040010817,0.0059403465,6.0067514e-06,0.20234293,0
1463,24.383333,5.1962087e-07,33.202396,33.202396,-9.7650576e-05,33.202396,0.0001002669,239,239,63,0.0004573511,0.00724684,5.3459135e-06,0.20234123,0
1464,24.4,4.850226e-07,33.202293,33.202293,-0.00010095143,33.202293,0.00010023336,239,239,63,0.00044992287,0.006866524,5.547153e-06,0.20233946,0
1465,24.416666,4.5734663e-07,33.202198,33.202198,-9.612311e-05,33.202198,0.000100226134,239,239,63,0.00044305463,0.0064900997,5.68532e-06,0.20233776,0
1466,24.433332,4.7259897e-07,33.2021,33.2021,-9.874027e-05,33.2021,0.00010021217,239,239,63,0.00045561977,0.0067411424,5.8671985e-06,0.20233603,0
1467,24.45,4.6579572e-07,33.202003,33.202003,-9.726603e-05,33.202003,0.00010019333,239,239,63,0.00045389932,0.0068005035,6.0046355e-06,0.20233431,0
1468,24.466667,4.538826e-07,33.201904,33.201904,-9.860117e-05,33.201904,0.00010026791,239,239,63,0.0004563638,0.0064837066,5.8092337e-06,0.2023326,0
1469,24.483334,5.248071e-07,33.201805,33.20181,-9.6523276e-05,33.20181,0.000100219084,239,239,63,0.00049393525,0.0074125887,6.057407e-06,0.20233095,0
1470,24.5,5.0015154e-07,33.201706,33.201706,-0.00010027647,33.201706,0.00010020769,239,239,63,0.0004904019,0.0071194386,6.448459e-06,0.20232917,0
1471,24.516666,5.009998e-07,33.20161,33.20161,-9.742463e-05,33.20161,0.00010023001,239,239,63,0.0004941893,0.0072981,6.4231076e-06,0.20232747,0
1472,24.533333,4.6618138e-07,33.201515,33.201515,-9.5132724e-05,33.201515,0.00010030011,239,239,63,0.0004863166,0.0068557756,6.5329473e-06,0.20232584,0
1473,24.55,4.2972715e-07,33.201416,33.201416,-9.929074e-05,33.201416,0.0001001875,239,239,63,0.00047736522,0.0061573633,6.610122e-06,0.20232412,0
1474,24.566668,2.2920645e-07,33.20132,33.20132,-9.529843e-05,33.20132,0.000100260266,239,239,63,0.00031185796,0.0012226795,4.952939e-06,0.20232248,0
1475,24.583334,4.4559658e-07,33.20122,33.20122,-9.704283e-05,33.20122,0.00010021272,239,239,63,0.00044235995,0.0060807033,2.9482285e-06,0.20232074,0
1476,24.6,2.419441e-07,33.20113,33.20113,-9.380526e-05,33.20113,0.00010018812,239,239,63,0.00032097034,0.002143358,3.0542506e-06,0.20231906,0
1477,24.616667,2.5927798e-07,33.201035,33.201035,-9.341802e-05,33.201035,0.000100194375,239,239,63,0.00033748883,0.0025761933,2.9949008e-06,0.20231736,0
1478,24.633333,5.675389e-07,33.200935,33.200935,-0.00010027606,33.200935,0.00010025697,239,239,63,0.0004800127,0.0076055517,3.9688266e-06,0.20231555,0
1479,24.65,2.2780303e-07,33.20084,33.20084,-9.676768e-05,33.20084,0.000100257246,239,239,63,0.00030700397,0.0008128054,3.681999e-06,0.20231386,0
1480,24.666666,2.2775421e-07,33.200745,33.200745,-9.443294e-05,33.200745,0.000100269266,240,240,63,0.00030642195,0.00250782,3.1926618e-06,0.20231219,0
1481,24.683332,2.4050914e-07,33.20065,33.20065,-9.558391e-05,33.20065,0.000100243444,240,240,63,0.00031936765,0.0009754287,2.947358e-06,0.20231044,0
1482,24.7,2.5406666e-07,33.200554,33.200558,-9.292303e-05,33.200558,0.00010025841,240,240,63,0.0003320765,0.001600946,3.0181445e-06,0.20230876,0
1483,24.716667,2.6119992e-07,33.20046,33.20046,-9.75846e-05,33.20046,0.000100238496,240,240,63,0.00033689046,0.0010553483,3.081636e-06,0.20230699,0
1484,24.733334,4.0222818e-07,33.200363,33.200363,-9.578816e-05,33.200363,0.0001002219,240,240,63,0.0003995874,0.005050361,3.158932e-06,0.20230524,0
1485,24.75,5.0023374e-07,33.200264,33.200264,-9.7992495e-05,33.200264,0.00010026504,240,240,63,0.00045271163,0.0069586574,5.964738e-06,0.20230351,0
1486,24.766666,2.3666405e-07,33.20017,33.20017,-9.669152e-05,33.20017,0.000100216974,240,240,63,0.00031596413,0.00272919,2.998116e-06,0.20230179,0
1487,24.783333,2.7068518e-07,33.200073,33.200073,-9.5063886e-05,33.200073,0.00010024726,240,240,63,0.00033670804,0.0021653255,3.0263316e-06,0.20230009,0
1488,24.8,2.3944696e-07,33.199978,33.199978,-9.612668e-05,33.199978,0.000100287805,240,240,63,0.00031651696,0.0028835437,3.851037e-06,0.20229836,0
1489,24.816668,2.480047e-07,33.19988,33.19988,-9.6253134e-05,33.19988,0.000100264646,240,240,63,0.0003248065,0.0007512438,2.9954274e-06,0.20229661,0
1490,24.833334,2.3142556e-07,33.199783,33.199783,-9.843959e-05,33.199783,0.00010027325,240,240,63,0.00030854295,0.0014338144,4.5447164e-06,0.20229489,0
1491,24.85,2.4476395e-07,33.199684,33.199684,-9.591584e-05,33.199684,0.00010021321,240,240,63,0.00032319536,0.0009148855,2.977446e-06,0.20229314,0
1492,24.866667,2.5795728e-07,33.199593,33.199593,-9.392093e-05,33.199593,0.000100204925,240,240,63,0.0003334574,0.0008732752,3.0078072e-06,0.20229143,0
1493,24.883333,5.2720486e-07,33.199493,33.199493,-9.765499e-05,33.199493,0.000100291945,240,240,63,0.0004552542,0.006956794,3.3643519e-06,0.20228969,0
1494,24.9,3.8598716e-07,33.199394,33.199394,-9.989426e-05,33.199394,0.000100253244,240,240,63,0.00040072118,0.005365199,5.9771737e-06,0.2022879,0
1495,24.916666,4.395652e-07,33.1993,33.1993,-9.654062e-05,33.1993,0.00010019363,240,240,63,0.00040872372,0.0061713574,3.0068784e-06,0.20228618,0
1496,24.933332,2.3959842e-07,33.199203,33.199203,-9.496536e-05,33.199203,0.000100177305,240,240,63,0.0003202544,0.0022813366,3.010869e-06,0.20228449,0
1497,24.95,5.1269564e-07,33.199104,33.199104,-9.748489e-05,33.199104,0.00010023461,240,240,63,0.00044546547,0.006953901,3.4534066e-06,0.20228273,0
1498,24.966667,2.3131307e-07,33.19901,33.19901,-9.820562e-05,33.19901,0.00010026943,240,240,63,0.00031169702,0.001934186,3.404515e-06,0.20228098,0
1499,24.983334,2.5068877e-07,33.19891,33.19891,-9.840363e-05,33.19891,0.000100243,241,241,63,0.00033166626,0.0011445114,2.9974733e-06,0.2022792,0
1500,25,2.440596e-07,33.198814,33.198814,-9.576956e-05,33.198814,0.00010024142,241,241,63,0.00031989807,0.0022399751,3.7754678e-06,0.2022775,0
1501,25.016666,2.3460838e-07,33.19872,33.19872,-9.560612e-05,33.19872,0.00010021137,242,242,63,0.00031211358,0.0028295454,3.246651e-06,0.20227578,0
1502,25.033333,4.957891e-07,33.19862,33.19862,-9.7496806e-05,33.19862,0.00010030472,242,242,63,0.0004407747,0.0067827115,3.066023e-06,0.20227402,0
1503,25.05,2.3752868e-07,33.198524,33.198524,-9.535617e-05,33.198524,0.000100281424,242,242,63,0.00031609857,0.0010092778,3.0047777e-06,0.2022723,0
1504,25.066668,2.5563915e-07,33.19843,33.19843,-9.5246054e-05,33.19843,0.00010025659,242,242,63,0.00033219616,0.0023984183,2.9515807e-06,0.20227055,0
1505,25.083334,4.578142e-07,33.198326,33.19833,-0.00010137968,33.19833,0.00010019559,242,242,63,0.00042212397,0.0061947377,5.5535024e-06,0.20226878,0
1506,25.1,2.3945344e-07,33.19823,33.198235,-9.531627e-05,33.198235,0.000100195626,242,242,63,0.0003184763,0.0019882224,3.005485e-06,0.20226705,0
1507,25.116667,3.4662108e-07,33.198135,33.198135,-9.748457e-05,33.198135,0.0001002554,242,242,63,0.0003889441,0.003962127,3.607825e-06,0.2022653,0
1508,25.133333,2.4417133e-07,33.19804,33.19804,-9.603163e-05,33.19804,0.00010022485,242,242,63,0.0003224861,0.00074936857,3.0450576e-06,0.2022636,0
1509,25.15,2.344094e-07,33.19794,33.19794,-9.8266515e-05,33.19794,0.00010019638,242,242,63,0.00031327474,0.0010532237,3.573472e-06,0.20226185,0
1510,25.166666,2.511156e-07,33.197845,33.197845,-9.641124e-05,33.197845,0.000100263,242,242,63,0.00032738716,0.0008599284,3.0181754e-06,0.20226009,0
1511,25.183332,2.6136715e-07,33.197746,33.197746,-9.774774e-05,33.197746,0.00010020643,242,242,63,0.00033517697,0.00082470255,3.0261137e-06,0.20225833,0
1512,25.2,2.6580406e-07,33.19765,33.19765,-9.592475e-05,33.19765,0.00010025685,242,242,63,0.0003402259,0.0015790894,3.0883325e-06,0.20225656,0
1513,25.216667,2.7243533e-07,33.197556,33.197556,-9.675383e-05,33.197556,0.0001002671,242,242,63,0.00034735966,0.00228959,3.219635e-06,0.2022548,0
1514,25.233334,5.6502074e-07,33.197453,33.197453,-9.9792975e-05,33.197453,0.00010022685,240,240,62,0.00046696965,0.0073199486,4.040985e-06,0.20225301,0
1515,25.25,3.05448e-07,33.197346,33.197346,-0.00010716159,33.197346,0.000100266814,240,240,62,0.00036680666,0.0011064395,3.830273e-06,0.20225112,0
1516,25.266666,2.70761e-07,33.197235,33.197235,-0.00011092683,33.197235,0.00010021947,240,240,62,0.00035469935,0.0017294866,3.550715e-06,0.20224911,0
1517,25.283333,5.0506094e-07,33.197105,33.197105,-0.00013127347,33.197105,0.000100316654,240,240,62,0.0005244733,0.0014748137,4.3886103e-06,0.20224674,0
1518,25.3,5.291096e-07,33.196968,33.196968,-0.0001353076,33.196968,0.00010022846,240,240,62,0.0005265537,0.0017157522,5.356994e-06,0.20224424,0
1519,25.316668,5.829349e-07,33.196835,33.196835,-0.00013610908,33.196835,0.0001002645,240,240,62,0.0005885919,0.0017648886,6.6321336e-06,0.20224172,0
1520,25.333334,6.095871e-07,33.196697,33.196697,-0.0001374663,33.196697,0.00010023264,240,240,62,0.0006066534,0.0017866031,7.50108e-06,0.20223917,0
1521,25.35,6.140376e-07,33.19656,33.19656,-0.00013615846,33.19656,0.000100267695,240,240,62,0.0006083544,0.0017680493,7.658645e-06,0.20223668,0
1522,25.366667,6.1001265e-07,33.196423,33.196423,-0.00013716446,33.196423,0.00010021453,240,240,62,0.0006049174,0.0017512479,7.5849666e-06,0.20223416,0
1523,25.383333,6.0858207e-07,33.196285,33.196285,-0.00013749438,33.196285,0.000100214354,241,241,62,0.00060329714,0.0017420955,7.5516928e-06,0.20223159,0
1524,25.4,6.078158e-07,33.196148,33.196148,-0.00013666245,33.196148,0.00010025498,241,241,62,0.0006022188,0.0017358747,7.4873965e-06,0.20222908,0
1525,25.416666,6.073126e-07,33.19601,33.19601,-0.000139156,33.19601,0.00010026273,240,240,62,0.00060141564,0.0017308244,7.4813834e-06,0.20222653,0
1526,25.433332,6.049992e-07,33.19587,33.19587,-0.00013998909,33.19587,0.000100208075,240,240,62,0.00059802434,0.0018381171,7.4900368e-06,0.20222391,0
1527,25.45,6.1028186e-07,33.195732,33.195732,-0.00013632388,33.195732,0.00010028107,237,237,61,0.00060328667,0.0017565795,7.480754e-06,0.20222144,0
1528,25.466667,6.1411146e-07,33.195595,33.1956,-0.00013615908,33.1956,0.00010025173,237,237,61,0.0006051566,0.0017455632,7.5294774e-06,0.20221889,0
1529,25.483334,6.0535956e-07,33.195457,33.195457,-0.00013766796,33.195457,0.00010022383,237,237,61,0.0005993284,0.0017237522,7.4532136e-06,0.20221636,0
1530,25.5,6.024014e-07,33.19532,33.19532,-0.00013816093,33.19532,0.000100259924,238,238,61,0.00059713126,0.0017139545,7.3828023e-06,0.20221381,0
1531,25.516666,6.010511e-07,33.195183,33.195183,-0.0001371618,33.195183,0.00010023712,238,238,61,0.0005959841,0.0017088073,7.3286487e-06,0.20221132,0
1532,25.533333,6.001969e-07,33.19504,33.19504,-0.00014198269,33.19504,0.000100208556,238,238,61,0.0005951687,0.001705008,7.356387e-06,0.2022087,0
1533,25.55,5.993152e-07,33.194904,33.194904,-0.00013865762,33.194904,0.000100245874,238,238,61,0.00059435784,0.0017011472,7.321791e-06,0.2022061,0
1534,25.566668,6.009979e-07,33.194767,33.194767,-0.00013732501,33.194767,0.000100290345,238,238,61,0.0005954457,0.0017058004,7.3107176e-06,0.20220366,0
1535,25.583334,5.9729695e-07,33.194626,33.19463,-0.00013766291,33.19463,0.00010021522,238,238,61,0.00059283985,0.0016959554,7.2770476e-06,0.20220113,0
1536,25.6,5.956269e-07,33.19449,33.19449,-0.0001386584,33.19449,0.00010018389,238,238,61,0.000591564,0.001691072,7.2295743e-06,0.20219862,0
1537,25.616667,5.9450895e-07,33.19435,33.19435,-0.00013932287,33.19435,0.00010020898,238,238,61,0.0005906297,0.0016867721,7.2236367e-06,0.20219606,0
1538,25.633333,5.93439e-07,33.19421,33.194214,-0.0001383253,33.194214,0.00010025027,238,238,61,0.0005897357,0.0016829715,7.169065e-06,0.20219359,0
1539,25.65,5.924469e-07,33.194073,33.194073,-0.00014015402,33.194073,0.00010022975,238,238,61,0.00058893056,0.001680547,7.2135563e-06,0.20219095,0
1540,25.666666,5.913885e-07,33.19393,33.19393,-0.00013882405,33.19393,0.00010020761,238,238,61,0.0005880558,0.0016779322,7.13309e-06,0.20218846,0
1541,25.683332,5.9038484e-07,33.193794,33.193794,-0.00013998778,33.193794,0.000100256475,238,238,61,0.00058726565,0.0016761528,7.176948e-06,0.20218581,0
1542,25.7,5.893506e-07,33.193653,33.193653,-0.00013849152,33.193653,0.00010022162,237,237,61,0.00058644864,0.0016740782,7.1197196e-06,0.20218326,0
1543,25.716667,5.883379e-07,33.193512,33.193516,-0.00014065282,33.193516,0.00010027419,237,237,61,0.0005856799,0.0016729621,7.1156383e-06,0.20218067,0
1544,25.733334,5.873555e-07,33.193375,33.193375,-0.00013749393,33.193375,0.00010023212,237,237,61,0.00058490963,0.0016717094,7.1040213e-06,0.20217806,0
1545,25.75,5.9608544e-07,33.193233,33.193237,-0.00014047681,33.193237,0.00010026504,237,237,61,0.00059114926,0.001714251,7.183304e-06,0.20217545,0
1546,25.766666,5.9267956e-07,33.193096,33.193096,-0.00013932516,33.193096,0.00010020404,237,237,61,0.0005894688,0.0017093569,7.2270477e-06,0.20217289,0
1547,25.783333,5.872432e-07,33.19296,33.19296,-0.0001381634,33.19296,0.000100226935,237,237,61,0.00058520713,0.0016799344,7.150633e-06,0.20217037,0
1548,25.8,5.8271144e-07,33.192818,33.192818,-0.00014049007,33.192818,0.000100216384,237,237,61,0.0005819799,0.0016690367,7.0351944e-06,0.20216782,0
1549,25.816668,5.809812e-07,33.192677,33.192677,-0.00014048727,33.192677,0.00010025661,237,237,61,0.000580627,0.001665007,7.008295e-06,0.20216522,0
1550,25.833334,5.897357e-07,33.192535,33.192535,-0.00014031053,33.192535,0.00010030378,237,237,61,0.0005837699,0.0017127767,7.108697e-06,0.2021626,0
1551,25.85,5.89349e-07,33.192398,33.192398,-0.00013932215,33.192398,0.00010022776,237,237,61,0.0005851083,0.002312861,7.146233e-06,0.20216003,0
1552,25.866667,5.911846e-07,33.192257,33.192257,-0.00013965243,33.192257,0.0001002023,237,237,61,0.00058833393,0.0017180302,7.150773e-06,0.20215747,0
1553,25.883333,5.5172325e-07,33.19212,33.19212,-0.0001386962,33.19212,0.00010017886,238,238,61,0.0005589889,0.0016634251,6.193711e-06,0.2021549,0
1554,25.9,5.692621e-07,33.19198,33.19198,-0.00014063426,33.19198,0.00010023516,238,238,61,0.0005738797,0.0016606919,6.7414594e-06,0.20215234,0
1555,25.916666,5.789649e-07,33.191837,33.191837,-0.00013997707,33.191837,0.000100226935,238,238,61,0.0005817801,0.001821493,6.949257e-06,0.20214975,0
1556,25.933332,5.8442026e-07,33.1917,33.1917,-0.00013831878,33.1917,0.000100200516,238,238,61,0.0005723112,0.003052533,7.01586e-06,0.20214719,0
1557,25.95,5.799148e-07,33.19156,33.191563,-0.00013932626,33.191563,0.00010024491,238,238,61,0.0005772467,0.0025857768,6.9950725e-06,0.20214462,0
1558,25.966667,5.788491e-07,33.191418,33.19142,-0.00014148414,33.19142,0.000100273035,238,238,61,0.00057920744,0.0016752135,7.00597e-06,0.20214204,0
1559,25.983334,5.785205e-07,33.19128,33.19128,-0.0001396546,33.19128,0.0001002557,239,239,61,0.0005711728,0.0019904724,6.9295597e-06,0.20213945,0
1560,26,5.7323115e-07,33.19114,33.19114,-0.00014148836,33.19114,0.000100228004,239,239,61,0.00057567324,0.0016706878,6.877416e-06,0.20213684,0
1561,26.016666,5.750762e-07,33.190998,33.190998,-0.00014131497,33.190998,0.00010025902,238,238,60,0.00057299994,0.0019161397,6.869584e-06,0.20213428,0
1562,26.033333,5.752189e-07,33.190857,33.190857,-0.00013948786,33.190857,0.00010028702,238,238,60,0.00057404634,0.0018263266,6.84044e-06,0.2021317,0
1563,26.05,5.7403264e-07,33.190716,33.190716,-0.00014148426,33.190716,0.00010018734,238,238,60,0.00057427736,0.0016539984,6.8908525e-06,0.20212913,0
1564,26.066668,5.7504553e-07,33.190575,33.190575,-0.00014181457,33.190575,0.00010023621,238,238,60,0.0005725096,0.0016658155,6.8341337e-06,0.20212652,0
1565,26.083334,5.735015e-07,33.190434,33.190434,-0.00013998832,33.190434,0.00010028857,238,238,60,0.0005746084,0.0016828309,6.8284294e-06,0.20212393,0
1566,26.1,5.7479843e-07,33.190292,33.190292,-0.00014264556,33.190292,0.00010021425,238,238,60,0.00056932075,0.0026538526,6.8014065e-06,0.2021213,0
1567,26.116667,5.695078e-07,33.19015,33.19015,-0.00013982582,33.19015,0.00010024081,240,240,61,0.00057043653,0.0016434123,6.7896176e-06,0.20211872,0
1568,26.133333,5.705902e-07,33.19001,33.19001,-0.00014148199,33.19001,0.00010026783,240,240,61,0.0005696105,0.0020095808,6.7925394e-06,0.20211615,0
1569,26.15,5.7420914e-07,33.18987,33.18987,-0.00014264324,33.18987,0.000100255886,240,240,61,0.0005732768,0.0016906952,6.8404406e-06,0.20211352,0
1570,26.166666,5.6932856e-07,33.189728,33.18973,-0.00013816285,33.18973,0.000100246085,239,239,61,0.00056990905,0.0016454274,6.7378473e-06,0.202111,0
1571,26.183332,5.698567e-07,33.189587,33.189587,-0.00014281258,33.189587,0.000100211415,239,239,61,0.0005715359,0.0017751019,6.7669207e-06,0.20210837,0
1572,26.2,8.204414e-07,33.189434,33.189434,-0.00015220532,33.189434,0.000100236655,239,239,61,0.00066242384,0.0022544188,6.6451034e-06,0.20210558,0
1573,26.216667,1.8569704e-06,33.189228,33.18923,-0.00020295846,33.18923,0.0001002672,239,239,61,0.0010126978,0.0026372138,6.789992e-06,0.20210196,0
1574,26.233334,4.174904e-06,33.189022,33.189026,-0.00020417088,33.189026,0.00010027422,239,239,61,0.0015881398,0.0033905676,2.0268959e-05,0.20209838,0
1575,26.25,5.807607e-06,33.188816,33.188824,-0.00020435735,33.188824,0.000100315694,239,239,61,0.0019174492,0.005037659,2.8219925e-05,0.20209482,0
1576,26.266666,6.5305417e-06,33.188614,33.18862,-0.0002031058,33.18862,0.00010027007,239,239,61,0.0020281568,0.00464308,3.220702e-05,0.20209134,0
1577,26.283333,7.2386283e-06,33.18841,33.188416,-0.00020312064,33.188416,0.00010028374,239,239,61,0.002190072,0.006496205,3.4871766e-05,0.20208782,0
1578,26.3,7.425839e-06,33.188206,33.188213,-0.00020314276,33.188213,0.00010028969,239,239,61,0.0021836585,0.0052260384,3.5337434e-05,0.20208432,0
1579,26.316668,7.3820306e-06,33.188007,33.188015,-0.00019905114,33.188015,0.00010028491,240,240,62,0.0021569522,0.005390155,3.591104e-05,0.20208082,0
1580,26.333334,7.1279583e-06,33.187813,33.18782,-0.00019460625,33.18782,0.00010030847,240,240,62,0.0021650337,0.0064266664,3.570626e-05,0.2020774,0
1581,26.35,6.8838553e-06,33.18762,33.187626,-0.00019426378,33.187626,0.000100257515,240,240,62,0.0021601464,0.005597191,3.5422163e-05,0.20207399,0
1582,26.366667,6.839524e-06,33.187416,33.187424,-0.00020237676,33.187424,0.000100290184,240,240,62,0.0021011757,0.005379828,3.461317e-05,0.2020704,0
1583,26.383333,6.725885e-06,33.187218,33.187225,-0.00019745842,33.187225,0.00010027568,240,240,62,0.0021297464,0.007239537,3.4460827e-05,0.2020669,0
1584,26.4,6.5155173e-06,33.187023,33.18703,-0.00019522758,33.18703,0.00010030204,240,240,62,0.0020459183,0.0057242676,3.4423017e-05,0.20206346,0
1585,26.416666,5.1822544e-06,33.18685,33.186855,-0.00017473732,33.186855,0.000100233156,240,240,62,0.0020052623,0.007357971,3.311083e-05,0.20206034,0
1586,26.433332,5.173555e-06,33.18665,33.186653,-0.0002013436,33.186653,0.00010034696,240,240,62,0.0019395705,0.00508646,3.1280215e-05,0.20205678,0
1587,26.45,6.48039e-06,33.186436,33.186443,-0.00021083465,33.186443,0.00010036427,240,240,62,0.0020393906,0.006074474,3.16701e-05,0.20205297,0
1588,26.466667,6.6583793e-06,33.186237,33.18624,-0.00020115692,33.18624,0.00010031285,240,240,62,0.0020670658,0.0048191617,3.3443335e-05,0.20204943,0
1589,26.483334,6.936797e-06,33.18603,33.18604,-0.00020488036,33.18604,0.00010025898,240,240,62,0.0021089946,0.00538697,3.399343e-05,0.20204586,0
1590,26.5,5.799529e-06,33.185837,33.185844,-0.0001934944,33.185844,0.00010034207,240,240,62,0.0020192463,0.005428774,3.3878325e-05,0.20204253,0
1591,26.516666,6.240809e-06,33.185627,33.185635,-0.00021070267,33.185635,0.00010028685,241,241,62,0.0019939346,0.0050014784,3.1809053e-05,0.20203884,0
1592,26.533333,6.1761953e-06,33.185425,33.18543,-0.00020439211,33.18543,0.000100260186,241,241,62,0.001988794,0.004665708,3.2402535e-05,0.20203531,0
1593,26.55,6.257234e-06,33.18522,33.185223,-0.00020557649,33.185223,0.00010029756,241,241,62,0.0020014015,0.0051424853,3.2153697e-05,0.20203175,0
1594,26.566668,5.972922e-06,33.185013,33.18502,-0.00020394678,33.18502,0.00010026761,240,240,62,0.0019371815,0.0047079986,3.1601427e-05,0.20202821,0
1595,26.583334,5.8655232e-06,33.184807,33.184814,-0.00020642995,33.184814,0.0001002728,240,240,62,0.0019339191,0.0059765372,3.1315554e-05,0.20202468,0
1596,26.6,5.8087476e-06,33.184597,33.184605,-0.00020937192,33.184605,0.00010033274,240,240,62,0.001886285,0.0040109893,3.0998435e-05,0.20202106,0
1597,26.616667,5.5857345e-06,33.18439,33.184395,-0.00020854063,33.184395,0.000100289086,240,240,62,0.0018846444,0.005026089,3.054377e-05,0.20201747,0
1598,26.633333,5.431058e-06,33.184185,33.18419,-0.0002058122,33.18419,0.00010036822,240,240,62,0.0018375019,0.0040100245,3.015414e-05,0.20201391,0
1599,26.65,5.2978007e-06,33.183975,33.18398,-0.00020961466,33.18398,0.000100337675,240,240,62,0.0018159617,0.004004782,2.9592313e-05,0.20201033,0
1600,26.666666,5.0924746e-06,33.183765,33.18377,-0.00020985298,33.18377,0.00010031113,240,240,62,0.0017658313,0.0037806388,2.8934515e-05,0.20200674,0
1601,26.683332,4.9068603e-06,33.183556,33.183563,-0.00020783821,33.183563,0.000100271594,240,240,62,0.0017713329,0.006244782,2.843609e-05,0.20200318,0
1602,26.7,4.7452277e-06,33.18335,33.183353,-0.00020798048,33.183353,0.000100293604,240,240,62,0.001710687,0.0037392664,2.7752027e-05,0.20199963,0
1603,26.716667,4.598448e-06,33.18314,33.183144,-0.000211457,33.183144,0.00010029589,241,241,62,0.0016819919,0.0036771381,2.7170276e-05,0.20199598,0
1604,26.733334,4.326517e-06,33.18293,33.182938,-0.00020709325,33.182938,0.000100300625,241,241,62,0.001643255,0.003965853,2.6644051e-05,0.20199247,0
1605,26.75,4.068588e-06,33.18272,33.182724,-0.0002102381,33.182724,0.00010035478,241,241,62,0.0016235627,0.006265154,2.613236e-05,0.20198882,0
1606,26.766666,3.871095e-06,33.18251,33.182514,-0.00021100894,33.182514,0.000100301535,243,243,63,0.0015399994,0.0035071513,2.5135925e-05,0.20198524,0
1607,26.783333,3.71854e-06,33.1823,33.182304,-0.00020963396,33.182304,0.000100290556,240,240,62,0.0015045553,0.0034126178,2.4562865e-05,0.2019816,0
1608,26.8,3.5793753e-06,33.18209,33.182095,-0.00021161562,33.182095,0.000100304474,242,242,63,0.0014803834,0.0037023914,2.3903554e-05,0.20197797,0
1609,26.816668,3.4582035e-06,33.18188,33.18188,-0.0002106001,33.18188,0.00010027063,242,242,63,0.0014495658,0.0034240482,2.3429633e-05,0.20197433,0
1610,26.833334,3.3457886e-06,33.181667,33.18167,-0.00021175513,33.18167,0.00010025184,242,242,63,0.0014325083,0.0036281114,2.3004066e-05,0.20197068,0
1611,26.85,3.2299677e-06,33.181454,33.181458,-0.00021242356,33.181458,0.00010032827,242,242,63,0.0014121542,0.0049660536,2.2380877e-05,0.20196703,0
1612,26.866667,3.1251966e-06,33.181244,33.181248,-0.0002117475,33.181248,0.00010028745,242,242,63,0.0013718525,0.0038376646,2.1931966e-05,0.20196341,0
1613,26.883333,3.0297695e-06,33.181034,33.181038,-0.00021057436,33.181038,0.000100275494,242,242,63,0.0013578691,0.004333569,2.1498681e-05,0.2019598,0
1614,26.9,2.938976e-06,33.18082,33.180824,-0.00021206602,33.180824,0.00010029596,242,242,63,0.0013666982,0.005895164,2.101038e-05,0.20195615,0
1615,26.916666,2.8499521e-06,33.180607,33.18061,-0.00021472434,33.18061,0.000100293975,242,242,63,0.0013035211,0.0030058448,2.0624038e-05,0.20195247,0
1616,26.933332,2.7684393e-06,33.180397,33.180397,-0.00021105922,33.180397,0.00010031642,242,242,63,0.0013205108,0.005767181,2.0263602e-05,0.20194885,0
1617,26.95,2.6862556e-06,33.180183,33.180187,-0.00021305494,33.180187,0.000100294994,241,241,62,0.0012591978,0.0028891305,1.9793099e-05,0.20194517,0
1618,26.966667,2.608034e-06,33.179966,33.17997,-0.00021504604,33.17997,0.00010027856,242,242,63,0.0012521157,0.004567464,1.946137e-05,0.20194149,0
1619,26.983334,2.538673e-06,33.179756,33.17976,-0.00021071456,33.17976,0.00010029679,243,243,63,0.0012210519,0.0028211721,1.9061257e-05,0.20193784,0
1620,27,2.4748374e-06,33.179543,33.179546,-0.00021303659,33.179546,0.000100311874,242,242,63,0.001227085,0.004993875,1.8821682e-05,0.20193419,0
1621,27.016666,2.4068238e-06,33.179333,33.179333,-0.00021270826,33.179333,0.000100295925,243,243,63,0.001186308,0.0030390099,1.8408733e-05,0.20193054,0
1622,27.033333,2.345459e-06,33.179115,33.179115,-0.00021669174,33.179115,0.00010031451,243,243,63,0.0011638094,0.0026647316,1.8045792e-05,0.20192683,0
1623,27.05,2.2868485e-06,33.1789,33.1789,-0.00021452767,33.1789,0.00010026301,245,245,64,0.0011493951,0.0026500423,1.7740735e-05,0.20192313,0
1624,27.066668,2.228552e-06,33.178684,33.178688,-0.0002146936,33.178688,0.000100259116,246,246,64,0.001138377,0.0029109102,1.741772e-05,0.20191945,0
1625,27.083334,2.1744931e-06,33.17847,33.178474,-0.00021435686,33.178474,0.00010029261,246,246,64,0.0011222193,0.0028778191,1.707789e-05,0.20191577,0
1626,27.1,2.1249136e-06,33.178257,33.17826,-0.00021385361,33.17826,0.0001002825,248,248,65,0.0011065087,0.0029676626,1.6853017e-05,0.20191208,0
1627,27.116667,2.0728685e-06,33.178043,33.178043,-0.00021568488,33.178043,0.000100308,244,244,64,0.0011079941,0.003741367,1.653028e-05,0.20190836,0
1628,27.133333,2.019729e-06,33.177826,33.17783,-0.00021518722,33.17783,0.000100314246,243,243,63,0.001068304,0.0032325585,1.608635e-05,0.2019047,0
1629,27.15,1.9736653e-06,33.177612,33.177616,-0.00021418261,33.177616,0.00010030914,243,243,63,0.0010736703,0.004743281,1.5810314e-05,0.20190097,0
1630,27.166666,1.9307333e-06,33.177395,33.1774,-0.00021733833,33.1774,0.00010032262,243,243,63,0.0010559204,0.004467507,1.5529153e-05,0.20189726,0
1631,27.183332,1.8926801e-06,33.177177,33.17718,-0.00021666843,33.17718,0.00010031307,243,243,63,0.0010488852,0.004396691,1.5298396e-05,0.20189355,0
1632,27.2,1.8498456e-06,33.176964,33.176968,-0.00021434564,33.176968,0.00010029276,243,243,63,0.0010137437,0.0023745224,1.4949428e-05,0.20188987,0
1633,27.216667,1.80748e-06,33.176746,33.176746,-0.00021850155,33.176746,0.0001002923,243,243,63,0.0010096075,0.0029573394,1.4656367e-05,0.20188612,0
1634,27.233334,1.7682015e-06,33.176533,33.176533,-0.00021484084,33.176533,0.00010028657,243,243,63,0.0009960115,0.003005927,1.4416972e-05,0.20188245,0
1635,27.25,1.732159e-06,33.176315,33.176315,-0.00021749768,33.176315,0.000100280806,243,243,63,0.0009775234,0.002489393,1.4117997e-05,0.2018787,0
1636,27.266666,1.6959247e-06,33.176098,33.176098,-0.00021716538,33.176098,0.00010028594,243,243,63,0.00097007706,0.0038278094,1.3836423e-05,0.20187497,0
1637,27.283333,1.6594903e-06,33.17588,33.17588,-0.00021699931,33.17588,0.00010029216,243,243,63,0.00094816246,0.0030920072,1.3584882e-05,0.20187123,0
1638,27.3,1.8994627e-06,33.17566,33.175663,-0.00021988175,33.175663,0.000100298035,243,243,63,0.0010403977,0.0034372176,1.3830297e-05,0.20186748,0
1639,27.316668,1.7643914e-06,33.17544,33.17544,-0.00021909301,33.17544,0.00010032004,243,243,63,0.0009923276,0.002382588,1.42694535e-05,0.20186374,0
1640,27.333334,1.8208355e-06,33.175224,33.175224,-0.00021657393,33.175224,0.000100278136,243,243,63,0.0009847635,0.0032370149,1.39704935e-05,0.20186003,0
1641,27.35,1.6576525e-06,33.175007,33.17501,-0.0002169598,33.17501,0.000100295656,243,243,63,0.0009654466,0.0043446207,1.3704233e-05,0.2018563,0
1642,27.366667,1.6860772e-06,33.17479,33.17479,-0.0002182645,33.17479,0.00010030508,243,243,63,0.0009900244,0.0050902064,1.3531118e-05,0.20185256,0
1643,27.383333,1.6714584e-06,33.17457,33.174572,-0.00021963759,33.174572,0.00010029747,243,243,63,0.0009573286,0.0028794205,1.368715e-05,0.20184879,0
1644,27.4,1.7624759e-06,33.17435,33.17435,-0.00021919943,33.17435,0.000100289144,243,243,63,0.0009682761,0.0022620808,1.3561743e-05,0.20184508,0
1645,27.416666,1.6372124e-06,33.17413,33.174133,-0.00022008074,33.174133,0.00010029157,247,247,64,0.00094907277,0.003823324,1.3236706e-05,0.20184128,0
1646,27.433332,1.5862154e-06,33.173912,33.173912,-0.0002191752,33.173912,0.00010034167,247,247,64,0.0009513399,0.0028514906,1.3204078e-05,0.20183755,0
1647,27.45,1.4666424e-06,33.173695,33.1737,-0.00021525365,33.1737,0.00010032368,247,247,64,0.0008873564,0.0022560374,1.2721028e-05,0.20183386,0
1648,27.466667,1.3884385e-06,33.173477,33.17348,-0.00021803862,33.17348,0.0001003209,247,247,64,0.00084954506,0.0028685904,1.17060235e-05,0.20183012,0
1649,27.483334,1.3437658e-06,33.17326,33.17326,-0.0002186701,33.17326,0.00010028273,248,248,64,0.00084648933,0.0028168021,1.1181258e-05,0.20182635,0
1650,27.5,1.3151943e-06,33.17304,33.17304,-0.00022031655,33.17304,0.00010028204,248,248,64,0.00082639506,0.0020925184,1.0876901e-05,0.20182255,0
1651,27.516666,1.295138e-06,33.17282,33.17282,-0.00021798047,33.17282,0.00010028832,248,248,64,0.0008112678,0.0018867451,1.0816603e-05,0.20181878,0
1652,27.533333,1.2754284e-06,33.1726,33.1726,-0.00022080645,33.1726,0.00010031553,248,248,64,0.0008071568,0.0019105443,1.0503961e-05,0.20181496,0
1653,27.55,1.255917e-06,33.172382,33.172382,-0.00021831243,33.172382,0.00010029925,248,248,64,0.00079637615,0.0018530606,1.0302064e-05,0.20181122,0
1654,27.566668,1.2361616e-06,33.172165,33.172165,-0.00021864519,33.172165,0.00010028167,248,248,64,0.0007968793,0.002100306,1.0103959e-05,0.20180745,0
1655,27.583334,2.6739008e-06,33.171917,33.17192,-0.00024478603,33.17192,0.00010042989,248,248,64,0.0011005081,0.0026381442,1.0674562e-05,0.20180315,0
1656,27.6,6.6690495e-06,33.17164,33.171642,-0.0002759784,33.171642,0.000100427904,248,248,64,0.0019526455,0.0042105415,2.320795e-05,0.20179832,0
1657,27.616667,1.0761166e-05,33.171356,33.171364,-0.00027820902,33.171364,0.00010041635,248,248,64,0.0025331706,0.0054517975,3.631372e-05,0.20179352,0
1658,27.633333,1.4043095e-05,33.17107,33.17108,-0.00028284307,33.17108,0.00010047383,248,248,64,0.0029292305,0.00627336,4.482339e-05,0.20178871,0
1659,27.65,1.6546246e-05,33.17078,33.170795,-0.0002852844,33.170795,0.00010043945,250,250,64,0.0031995187,0.006827132,5.045201e-05,0.20178387,0
1660,27.666666,1.8401151e-05,33.17049,33.17051,-0.0002879277,33.17051,0.00010049452,251,251,65,0.0033898805,0.0071802554,5.4174667e-05,0.20177902,0
1661,27.683332,1.9740068e-05,33.1702,33.17022,-0.00028894245,33.17022,0.00010051622,251,251,65,0.003502518,0.0074571967,5.6725854e-05,0.20177422,0
1662,27.7,2.0663007e-05,33.16991,33.169933,-0.00028786215,33.169933,0.0001005776,251,251,65,0.0035895803,0.0076171653,5.847977e-05,0.20176935,0
1663,27.716667,2.1339209e-05,33.169624,33.169643,-0.00028744387,33.169643,0.00010047863,251,251,65,0.0036806369,0.007744369,5.9777463e-05,0.20176451,0
1664,27.733334,1.3925334e-05,33.169403,33.16942,-0.00022637182,33.16942,0.00010023662,246,246,64,0.0034800528,0.01290619,6.0572733e-05,0.20176092,0
1665,27.75,7.575022e-06,33.16916,33.169167,-0.00025074527,33.169167,0.000100308716,246,246,64,0.0025111097,0.008404313,4.849388e-05,0.2017565,0
1666,27.766666,4.3566397e-06,33.168896,33.1689,-0.00026889401,33.1689,0.00010034905,246,246,64,0.0018793781,0.006949147,3.485522e-05,0.20175168,0
1667,27.783333,2.7180345e-06,33.168636,33.16864,-0.00025916772,33.16864,0.000100365985,246,246,64,0.0014308263,0.0054444335,2.5362726e-05,0.20174693,0
1668,27.8,1.8761191e-06,33.16838,33.16838,-0.00025837103,33.16838,0.000100311205,247,247,64,0.0011137346,0.004349282,1.8231283e-05,0.2017422,0
1669,27.816668,1.4403547e-06,33.168125,33.168125,-0.0002553048,33.168125,0.000100330566,247,247,64,0.0008890347,0.0036080475,1.2826275e-05,0.20173757,0
1670,27.833334,1.2409528e-06,33.16787,33.167873,-0.00025440342,33.167873,0.00010036629,247,247,64,0.0007477178,0.0030595942,8.108803e-06,0.201733,0
1671,27.85,1.2701082e-06,33.167618,33.167618,-0.00025234607,33.167618,0.00010030206,247,247,64,0.0007332145,0.00399358,6.636499e-06,0.20172852,0
1672,27.866667,1.5393189e-06,33.167366,33.167366,-0.00025193975,33.167366,0.0001003518,247,247,64,0.00082441245,0.0053730463,7.981139e-06,0.20172413,0
1673,27.883333,1.945551e-06,33.167114,33.167114,-0.00025163646,33.167114,0.00010031668,247,247,64,0.00097559375,0.0030293567,9.8916635e-06,0.2017198,0
1674,27.9,2.3895761e-06,33.166862,33.166862,-0.00025276246,33.166862,0.00010037503,247,247,64,0.0011217071,0.0033642552,1.3523335e-05,0.20171553,0
1675,27.916666,2.7294582e-06,33.166607,33.16661,-0.00025303286,33.16661,0.000100312885,247,247,64,0.001219662,0.0035963317,1.610139e-05,0.20171127,0
1676,27.933332,2.9093717e-06,33.166355,33.16636,-0.00025202904,33.16636,0.00010032794,247,247,64,0.0012748081,0.003695573,1.7578954e-05,0.20170705,0
1677,27.95,2.5636805e-06,33.166096,33.1661,-0.00025953737,33.1661,0.00010038002,247,247,64,0.0011958277,0.003912407,1.732591e-05,0.20170274,0
1678,27.966667,2.6270004e-06,33.165836,33.165836,-0.0002604584,33.165836,0.000100393125,247,247,64,0.0012327967,0.0053794077,1.680738e-05,0.20169841,0
1679,27.983334,2.9233372e-06,33.165573,33.165577,-0.0002627192,33.165577,0.00010032778,247,247,64,0.0013469771,0.0042214156,1.862999e-05,0.20169406,0
1680,28,3.2028977e-06,33.165306,33.16531,-0.00026439852,33.16531,0.00010040383,247,247,64,0.0014227683,0.0060067293,2.0472915e-05,0.20168968,0
1681,28.016666,3.4241418e-06,33.165043,33.165047,-0.00026362558,33.165047,0.00010047642,248,248,64,0.0014886161,0.0046188766,2.1814501e-05,0.20168531,0
1682,28.033333,3.5649164e-06,33.164776,33.16478,-0.0002663661,33.16478,0.00010044921,248,248,64,0.0015255564,0.0049001304,2.2735243e-05,0.20168094,0
1683,28.05,3.6477718e-06,33.16451,33.164513,-0.00026891785,33.164513,0.0001004304,246,246,63,0.0015456643,0.0047263047,2.3266768e-05,0.20167653,0
1684,28.066668,3.681607e-06,33.16424,33.164246,-0.0002666393,33.164246,0.00010049549,246,246,63,0.0015521258,0.0051362356,2.352572e-05,0.20167215,0
1685,28.083334,3.6996944e-06,33.16397,33.163975,-0.00026931515,33.163975,0.00010041634,245,245,63,0.0015587725,0.0047913115,2.3647095e-05,0.20166771,0
1686,28.1,3.6884535e-06,33.163704,33.163708,-0.0002691782,33.163708,0.000100421705,245,245,63,0.0015571032,0.0047866274,2.361625e-05,0.20166329,0
1687,28.116667,3.659049e-06,33.16343,33.163433,-0.00027302024,33.163433,0.00010046375,245,245,63,0.0015488558,0.0047618514,2.3472747e-05,0.20165882,0
1688,28.133333,3.6197353e-06,33.16316,33.163162,-0.0002728639,33.163162,0.000100503574,245,245,63,0.0015384785,0.004739455,2.3306877e-05,0.20165433,0
1689,28.15,3.5706769e-06,33.162884,33.162888,-0.0002727074,33.162888,0.000100413636,245,245,63,0.0015261243,0.0046874746,2.3087394e-05,0.20164986,0
1690,28.166666,3.5205576e-06,33.162613,33.162617,-0.0002718772,33.162617,0.00010044452,248,248,64,0.0015148075,0.0049869674,2.280996e-05,0.20164537,0
1691,28.183332,3.4677896e-06,33.16234,33.162342,-0.00027387487,33.162342,0.000100501966,248,248,64,0.0014975631,0.0045865974,2.260692e-05,0.20164083,0
1692,28.2,3.4132709e-06,33.162064,33.162067,-0.0002762042,33.162067,0.00010044134,248,248,64,0.0014796136,0.0048322794,2.2294393e-05,0.20163628,0
1693,28.216667,3.3654424e-06,33.161785,33.16179,-0.00027719504,33.16179,0.000100409685,251,251,65,0.0014697602,0.0046067806,2.2047489e-05,0.20163171,0
1694,28.233334,3.3185229e-06,33.161507,33.16151,-0.00027785916,33.16151,0.0001004571,251,251,65,0.0014562748,0.0044769538,2.1760632e-05,0.2016271,0
1695,28.25,3.2735172e-06,33.161232,33.161236,-0.00027719222,33.161236,0.000100467136,251,251,65,0.0014431041,0.004716038,2.1466001e-05,0.2016225,0
1696,28.266666,3.2211676e-06,33.16095,33.160954,-0.0002800259,33.160954,0.00010047928,255,255,66,0.001424761,0.004324504,2.1175e-05,0.20161788,0
1697,28.283333,3.1789552e-06,33.160675,33.16068,-0.0002761919,33.16068,0.000100462516,255,255,66,0.0014099529,0.006112139,2.0865467e-05,0.2016133,0
1698,28.3,3.1284414e-06,33.160397,33.160397,-0.0002798578,33.160397,0.000100435536,255,255,66,0.0013942443,0.00526271,2.0657051e-05,0.20160867,0
1699,28.316668,3.063438e-06,33.160114,33.16012,-0.00027920728,33.16012,0.00010046971,255,255,66,0.0013798478,0.0042209863,2.0313966e-05,0.20160404,0
1700,28.333334,2.9797511e-06,33.15984,33.15984,-0.0002780622,33.15984,0.000100464786,255,255,66,0.001353133,0.0049327575,1.9850013e-05,0.20159945,0
1701,28.35,2.8961035e-06,33.15956,33.159565,-0.00027623333,33.159565,0.00010046306,255,255,66,0.0013328949,0.0045967824,1.9456229e-05,0.20159484,0
1702,28.366667,2.8106886e-06,33.15928,33.159283,-0.00028172153,33.159283,0.00010042777,255,255,66,0.0013062056,0.00426513,1.8950363e-05,0.20159017,0
1703,28.383333,2.7229967e-06,33.159,33.159004,-0.00027856496,33.159004,0.000100390214,255,255,66,0.0012810029,0.004284953,1.8424786e-05,0.20158553,0
1704,28.4,2.627395e-06,33.158722,33.158726,-0.00027990292,33.158726,0.000100471334,255,255,66,0.0012524503,0.0039251107,1.7916522e-05,0.20158084,0
1705,28.416666,2.5326383e-06,33.158443,33.158447,-0.0002767432,33.158447,0.00010054603,255,255,66,0.0012259862,0.00391218,1.7331966e-05,0.20157622,0
1706,28.433332,2.455036e-06,33.15816,33.158165,-0.00028237872,33.158165,0.000100454294,258,258,67,0.0011983197,0.0067450674,1.6811708e-05,0.20157145,0
1707,28.45,2.3727184e-06,33.157883,33.157887,-0.0002800559,33.157887,0.00010045202,258,258,67,0.0011741181,0.006755792,1.6455735e-05,0.20156671,0
1708,28.466667,2.2807455e-06,33.157604,33.157608,-0.00027690668,33.157608,0.00010047174,258,258,67,0.0011382699,0.0047781775,1.589238e-05,0.20156208,0
1709,28.483334,2.2555432e-06,33.157326,33.157326,-0.0002813288,33.157326,0.000100469304,256,256,66,0.0011353771,0.0061150873,1.5405607e-05,0.20155722,0
1710,28.5,2.1675478e-06,33.157043,33.157047,-0.00027956278,33.157047,0.000100479556,256,256,66,0.001113659,0.005137522,1.4832533e-05,0.20155247,0
1711,28.516666,2.0664436e-06,33.15676,33.156765,-0.000282901,33.156765,0.00010048815,256,256,66,0.0010779528,0.0069051203,1.4231228e-05,0.20154771,0
1712,28.533333,1.9688362e-06,33.156483,33.156487,-0.00027923987,33.156487,0.00010045863,256,256,66,0.0010356412,0.0057972358,1.3750336e-05,0.2015429,0
1713,28.55,1.8827011e-06,33.156204,33.156204,-0.00028055845,33.156204,0.00010043357,256,256,66,0.0010067864,0.0046819285,1.3208654e-05,0.20153809,0
1714,28.566668,5.080376e-07,33.156033,33.156036,-0.00017028983,33.156036,0.000100189536,256,256,66,0.0004923982,0.001634811,8.707064e-06,0.20153531,0
1715,28.583334,8.950398e-07,33.15591,33.15591,-0.00012264175,33.15591,0.000100236146,256,256,66,0.0007554025,0.0022774434,9.967895e-06,0.20153308,0
1716,28.6,9.283462e-07,33.155785,33.155785,-0.0001279831,33.155785,0.00010020809,256,256,66,0.000791231,0.0024704598,1.1950295e-05,0.20153064,0
1717,28.616667,1.0249029e-06,33.15565,33.15565,-0.00013091245,33.15565,0.000100234174,256,256,66,0.0008257205,0.00264422,1.2424169e-05,0.20152819,0
1718,28.633333,1.1032464e-06,33.155525,33.155525,-0.00012777181,33.155525,0.00010018069,256,256,66,0.00086534035,0.0027398535,1.3119984e-05,0.20152579,0
1719,28.65,1.1589364e-06,33.15539,33.15539,-0.00013311463,33.15539,0.00010020841,256,256,66,0.0008914854,0.0028320134,1.3636887e-05,0.20152333,0
1720,28.666666,1.1971449e-06,33.15526,33.155262,-0.00013080455,33.155262,0.000100160796,254,254,65,0.00090935186,0.0030777028,1.4111733e-05,0.20152082,0
1721,28.683332,1.2099554e-06,33.155132,33.155132,-0.00012866862,33.155132,0.00010016834,254,254,65,0.00091974984,0.0028783,1.4328119e-05,0.20151837,0
1722,28.7,1.2283251e-06,33.155,33.155,-0.00013315195,33.155,0.00010016373,254,254,65,0.00092461426,0.0031391552,1.4455882e-05,0.20151585,0
1723,28.716667,1.221336e-06,33.15487,33.15487,-0.00013035098,33.15487,0.000100223064,254,254,65,0.00091928,0.0029371572,1.4427858e-05,0.20151341,0
1724,28.733334,1.1965037e-06,33.154736,33.154736,-0.00013369392,33.154736,0.000100298435,254,254,65,0.00090753555,0.0028740405,1.4348772e-05,0.20151088,0
1725,28.75,1.1685238e-06,33.154606,33.154606,-0.00012787814,33.154606,0.00010018333,255,255,65,0.0009004245,0.0029425975,1.4206005e-05,0.20150842,0
1726,28.766666,1.1219573e-06,33.154472,33.154476,-0.00013305063,33.154476,0.00010025598,255,255,65,0.00087804615,0.0027506577,1.3837817e-05,0.20150597,0
1727,28.783333,1.0701215e-06,33.154343,33.154346,-0.0001297308,33.154346,0.00010019773,255,255,65,0.00084931613,0.0027200417,1.3462031e-05,0.2015035,0
1728,28.8,1.0076212e-06,33.154213,33.154213,-0.0001310715,33.154213,0.00010027143,255,255,65,0.00081964873,0.002911817,1.286894e-05,0.20150106,0
1729,28.816668,9.3372233e-07,33.154083,33.154087,-0.00012825656,33.154087,0.000100212885,255,255,65,0.0008051776,0.0026576333,1.2352125e-05,0.20149866,0
1730,28.833334,8.6372626e-07,33.153954,33.153954,-0.00013174402,33.153954,0.00010021986,255,255,65,0.00074473507,0.002295191,1.1713389e-05,0.20149618,0
1731,28.85,7.9202897e-07,33.153824,33.153824,-0.00012975065,33.153824,0.00010022301,255,255,65,0.0007021489,0.0025781386,1.090697e-05,0.20149377,0
1732,28.866667,7.11552e-07,33.153732,33.153732,-9.168703e-05,33.153732,0.00010021004,255,255,65,0.00065679883,0.0025129935,1.0081714e-05,0.20149176,0
1733,28.883333,5.8205137e-07,33.153675,33.153675,-5.7820012e-05,33.153675,0.000100321544,255,255,65,0.00058583124,0.0024892688,9.048234e-06,0.20149016,0
1734,28.9,5.408206e-07,33.153618,33.153618,-5.7066725e-05,33.153618,0.00010026347,255,255,65,0.0005734154,0.004902252,7.718149e-06,0.20148854,0
1735,28.916666,4.5439432e-07,33.153553,33.153557,-6.209957e-05,33.153557,0.000100286285,255,255,65,0.00048579407,0.0018296835,6.7191727e-06,0.20148697,0
1736,28.933332,5.17642e-07,33.1535,33.1535,-5.480093e-05,33.1535,0.00010030097,255,255,65,0.00052697613,0.001389066,6.531963e-06,0.20148546,0
1737,28.95,5.971749e-07,33.153442,33.153442,-5.694596e-05,33.153442,0.00010031151,255,255,65,0.00054519135,0.0022041032,7.1759628e-06,0.20148392,0
1738,28.966667,6.2022855e-07,33.15339,33.15339,-5.3677337e-05,33.15339,0.000100267716,255,255,65,0.00057221146,0.0014341347,7.703971e-06,0.20148253,0
1739,28.983334,6.0715274e-07,33.153336,33.153336,-5.487725e-05,33.153336,0.00010026018,255,255,65,0.00056959357,0.0013654155,7.657448e-06,0.20148107,0
1740,29,6.1762495e-07,33.15328,33.153282,-5.435494e-05,33.153282,0.000100310586,255,255,65,0.0005534837,0.0020466698,7.5238095e-06,0.20147963,0
1741,29.016666,6.3141744e-07,33.153225,33.153225,-5.6845445e-05,33.153225,0.000100238554,255,255,65,0.00055907917,0.0020368428,7.556365e-06,0.2014782,0
1742,29.033333,6.356596e-07,33.153168,33.153168,-5.4527423e-05,33.153168,0.00010028821,255,255,65,0.00056134054,0.0019295532,7.673419e-06,0.20147677,0
1743,29.05,6.3695745e-07,33.153114,33.153114,-5.419786e-05,33.153114,0.00010029731,255,255,65,0.0005864317,0.0014087552,7.773014e-06,0.20147534,0
1744,29.066668,6.484605e-07,33.15306,33.15306,-5.435391e-05,33.15306,0.00010025188,255,255,65,0.00060499925,0.0014216609,7.839286e-06,0.20147389,0
1745,29.083334,6.649277e-07,33.153008,33.153008,-5.4348944e-05,33.153008,0.00010027215,255,255,65,0.0006104482,0.0014170592,7.984153e-06,0.20147248,0
1746,29.1,6.619431e-07,33.15295,33.15295,-5.719473e-05,33.15295,0.0001002513,255,255,65,0.0006098672,0.0016720905,7.967088e-06,0.20147105,0
1747,29.116667,6.852003e-07,33.152893,33.152893,-5.583845e-05,33.152893,0.00010029626,255,255,65,0.0005822279,0.0018870563,8.2184015e-06,0.20146956,0
1748,29.133333,6.793435e-07,33.152836,33.152836,-5.5701308e-05,33.152836,0.00010032479,255,255,65,0.0006162594,0.0014575805,8.190922e-06,0.20146811,0
1749,29.15,7.3999604e-07,33.152782,33.152782,-5.4304757e-05,33.152782,0.00010024623,255,255,65,0.00066874374,0.005419594,8.342537e-06,0.20146666,0
1750,29.166666,6.966397e-07,33.152725,33.15273,-5.5572553e-05,33.15273,0.00010021096,255,255,65,0.00062797026,0.0014814379,8.41846e-06,0.20146523,0
1751,29.183332,7.485251e-07,33.15267,33.15267,-5.647484e-05,33.15267,0.00010027426,255,255,65,0.0006666133,0.0049121,8.453289e-06,0.20146377,0
1752,29.2,7.495741e-07,33.152615,33.152615,-5.5029384e-05,33.152615,0.000100273995,255,255,65,0.0006760853,0.005172007,8.472097e-06,0.20146233,0
1753,29.216667,7.2419704e-07,33.15256,33.15256,-5.5887085e-05,33.15256,0.00010023682,255,255,65,0.00060842617,0.0015704811,8.501987e-06,0.20146093,0
1754,29.233334,7.2499205e-07,33.152504,33.152504,-5.719095e-05,33.152504,0.000100263474,255,255,65,0.00063799,0.0015119921,8.672425e-06,0.20145944,0
1755,29.25,7.378326e-07,33.15245,33.15245,-5.3521297e-05,33.15245,0.00010031992,255,255,65,0.00060880044,0.0017992236,8.790932e-06,0.20145804,0
1756,29.266666,7.2261054e-07,33.152393,33.152393,-5.4879398e-05,33.152393,0.000100255995,255,255,65,0.00059920666,0.0019251519,8.540397e-06,0.2014566,0
1757,29.283333,7.162776e-07,33.15234,33.15234,-5.5701785e-05,33.15234,0.0001003025,255,255,65,0.0006263116,0.0014859413,8.510038e-06,0.20145516,0
1758,29.3,7.2302674e-07,33.152283,33.152283,-5.618747e-05,33.152283,0.00010030116,255,255,65,0.0005993853,0.0019303018,8.574892e-06,0.2014537,0
1759,29.316668,7.12806e-07,33.152225,33.152225,-5.603818e-05,33.152225,0.000100283985,255,255,65,0.0006035958,0.001657958,8.507022e-06,0.20145223,0
1760,29.333334,7.216275e-07,33.152172,33.152172,-5.5852885e-05,33.152172,0.000100315716,255,255,65,0.0005987787,0.0019422154,8.519292e-06,0.20145077,0
1761,29.35,7.092688e-07,33.152115,33.152115,-5.6705343e-05,33.152115,0.00010023909,255,255,65,0.000600848,0.0016754236,8.44752e-06,0.20144929,0
1762,29.366667,7.046411e-07,33.152058,33.15206,-5.437004e-05,33.15206,0.000100292906,255,255,65,0.00059914566,0.0016761499,8.373545e-06,0.2014479,0
1763,29.383333,7.0172473e-07,33.152004,33.152004,-5.603088e-05,33.152004,0.0001002707,256,256,66,0.0006001849,0.0015101086,8.395338e-06,0.20144646,0
1764,29.4,7.0258704e-07,33.151947,33.151947,-5.5528333e-05,33.151947,0.000100328696,256,256,66,0.0005915309,0.0018721847,8.342299e-06,0.201445,0
1765,29.416666,6.857613e-07,33.15189,33.151894,-5.6543555e-05,33.151894,0.0001003495,256,256,66,0.0006105647,0.0014743396,8.307662e-06,0.20144351,0
1766,29.433332,6.8309396e-07,33.151833,33.151836,-5.702816e-05,33.151836,0.00010026204,256,256,66,0.00060887594,0.0014701503,8.2544375e-06,0.20144206,0
1767,29.45,6.9545507e-07,33.15178,33.15178,-5.60156e-05,33.15178,0.000100253346,256,256,66,0.0005874081,0.0018669897,8.233217e-06,0.20144059,0
1768,29.466667,6.8551907e-07,33.151722,33.151726,-5.4209093e-05,33.151726,0.00010026722,256,256,66,0.0005884386,0.0017138396,8.130304e-06,0.20143916,0
1769,29.483334,6.917963e-07,33.15167,33.15167,-5.652045e-05,33.15167,0.00010032093,257,257,66,0.0006021318,0.0015095836,8.370609e-06,0.2014377,0
1770,29.5,6.69716e-07,33.15161,33.15161,-5.6548808e-05,33.15161,0.00010029012,256,256,66,0.0006039167,0.0014560435,8.135095e-06,0.20143624,0
1771,29.516666,6.816255e-07,33.151554,33.151554,-5.784486e-05,33.151554,0.00010030472,256,256,66,0.00058136985,0.0019883467,8.094636e-06,0.20143478,0
1772,29.533333,6.702769e-07,33.151497,33.151497,-5.6205565e-05,33.151497,0.0001002914,256,256,66,0.0006029233,0.0014237185,8.035772e-06,0.20143335,0
1773,29.55,6.7164746e-07,33.151443,33.151443,-5.4530297e-05,33.151443,0.000100279954,256,256,66,0.00059413223,0.0014821333,8.113143e-06,0.20143192,0
1774,29.566668,6.6140103e-07,33.151386,33.151386,-5.5373188e-05,33.151386,0.000100233054,256,256,66,0.0005968743,0.0014430305,8.010751e-06,0.20143047,0
1775,29.583334,6.750205e-07,33.15133,33.151333,-5.651311e-05,33.151333,0.0001002396,256,256,66,0.00057815353,0.0020194598,7.967531e-06,0.20142904,0
1776,29.6,6.6858996e-07,33.151276,33.151276,-5.586814e-05,33.151276,0.000100269644,256,256,66,0.00061780366,0.0014262004,8.04092e-06,0.20142755,0
1777,29.616667,6.6487587e-07,33.15122,33.15122,-5.553291e-05,33.15122,0.00010026272,256,256,66,0.00059643755,0.0014249447,8.0632935e-06,0.20142612,0
1778,29.633333,6.650735e-07,33.15116,33.15116,-5.652653e-05,33.15116,0.00010028521,256,256,66,0.00062384433,0.001420996,8.008305e-06,0.20142463,0
1779,29.65,6.7142383e-07,33.151104,33.151108,-5.7019144e-05,33.151108,0.00010025805,256,256,66,0.00057627197,0.0019207641,8.045556e-06,0.20142315,0
1780,29.666666,6.637673e-07,33.15105,33.15105,-5.6201872e-05,33.15105,0.00010026428,256,256,66,0.0005723464,0.001962974,7.924209e-06,0.20142172,0
1781,29.683332,6.6345297e-07,33.15099,33.150993,-5.818959e-05,33.150993,0.00010030471,257,257,66,0.0005729513,0.002048593,7.891341e-06,0.20142023,0
1782,29.7,6.448028e-07,33.150936,33.150936,-5.6545377e-05,33.150936,0.00010032929,257,257,66,0.0005866723,0.0013960989,7.771773e-06,0.20141877,0
1783,29.716667,6.551161e-07,33.15088,33.15088,-5.601765e-05,33.15088,0.0001002758,257,257,66,0.00056885934,0.002038393,7.771573e-06,0.20141733,0
1784,29.733334,6.910643e-07,33.15082,33.15082,-5.682329e-05,33.15082,0.000100258054,257,257,66,0.0006491178,0.005941091,7.741979e-06,0.20141584,0
1785,29.75,6.350215e-07,33.150764,33.150764,-5.724779e-05,33.150764,0.00010034195,257,257,66,0.00058302283,0.0014063971,7.754444e-06,0.20141435,0
1786,29.766666,6.3797967e-07,33.150707,33.15071,-5.5526238e-05,33.15071,0.000100228826,257,257,66,0.0005756873,0.0014059498,7.742302e-06,0.20141295,0
1787,29.783333,6.4188276e-07,33.15065,33.150654,-5.73541e-05,33.150654,0.00010025025,257,257,66,0.00056253927,0.0020311908,7.7211325e-06,0.20141147,0
1788,29.8,6.3694216e-07,33.150597,33.150597,-5.4204098e-05,33.150597,0.00010026396,257,257,66,0.0005635841,0.0014606456,7.6414235e-06,0.20141007,0
1789,29.816668,6.4129887e-07,33.150543,33.150543,-5.452731e-05,33.150543,0.00010024713,257,257,66,0.00056226674,0.0020363277,7.719328e-06,0.20140864,0
1790,29.833334,6.360704e-07,33.150486,33.150486,-5.63657e-05,33.150486,0.000100291065,257,257,66,0.0005854629,0.0014180379,7.805245e-06,0.20140716,0
1791,29.85,6.424585e-07,33.15043,33.15043,-5.7684127e-05,33.15043,0.00010025179,258,258,66,0.00056294125,0.0020571006,7.746257e-06,0.20140572,0
1792,29.866667,6.300067e-07,33.15037,33.150375,-5.5541648e-05,33.150375,0.00010029504,258,258,66,0.0005981011,0.0013582999,7.630647e-06,0.20140426,0
1793,29.883333,6.316351e-07,33.15032,33.15032,-5.6691355e-05,33.15032,0.000100254656,258,258,66,0.0005586026,0.0020112146,7.5776284e-06,0.20140281,0
1794,29.9,6.351945e-07,33.15026,33.15026,-5.5691893e-05,33.15026,0.000100294674,258,258,66,0.00055906386,0.0020099035,7.608974e-06,0.20140137,0
1795,29.916666,6.1748676e-07,33.150204,33.150204,-5.6876946e-05,33.150204,0.000100215635,259,259,67,0.00057189417,0.0013798042,7.6312745e-06,0.20139988,0
1796,29.933332,6.144433e-07,33.150146,33.150146,-5.6696026e-05,33.150146,0.000100289115,259,259,67,0.00056896306,0.0013751034,7.53173e-06,0.2013984,0
1797,29.95,6.213398e-07,33.150093,33.150093,-5.6021065e-05,33.150093,0.00010026667,259,259,67,0.0005528994,0.0018411849,7.4955155e-06,0.20139696,0
1798,29.966667,6.247373e-07,33.150036,33.150036,-5.685584e-05,33.150036,0.00010034013,259,259,67,0.00055508007,0.0021372705,7.4882555e-06,0.20139553,0
1799,29.983334,6.181262e-07,33.14998,33.14998,-5.7364614e-05,33.14998,0.00010029785,259,259,67,0.0005508578,0.0018615508,7.460063e-06,0.20139405,0
1800,30,6.164145e-07,33.14992,33.14992,-5.553091e-05,33.14992,0.000100309786,259,259,67,0.00055026164,0.0019942783,7.399562e-06,0.20139259,0
