frame,time_s,kinetic_J,potential_J,total_J,delta_E_J,ui_total_J,depth_m,contacts,matched,locked,max_speed_m_s,max_spin_rad_s,max_move_m,tip_y_m,broken
1,0.016666668,0.1063752,34.25509,34.36146,-0.0026841382,34.36146,0,122,122,29,0.16347197,0,0.0013964176,0.22860363,0
2,0.033333335,0.3645934,33.97075,34.335342,-0.026119737,34.335342,0,133,133,33,0.32688943,4.1051585e-06,0.004120469,0.22448318,0
3,0.05,0.5494303,33.586044,34.135475,-0.19986822,34.135475,0,153,153,32,0.49025264,0.9704709,0.0068436265,0.21763957,0
4,0.06666667,0.48980284,33.268093,33.757896,-0.37757847,33.757896,1.2386878e-06,180,180,35,0.65356153,1.2258307,0.009565905,0.20807366,0
5,0.083333336,0.0048744585,33.19841,33.203285,-0.55461085,33.203285,6.8222707e-06,198,198,39,0.03062135,1.342647,0.004171312,0.2039152,0
6,0.1,0.0017663079,33.198017,33.199783,-0.0035015105,33.199783,8.97414e-06,190,190,47,0.029882701,0.7044775,0.0005143213,0.20391677,0
7,0.11666667,0.0007545809,33.19714,33.197895,-0.001889055,33.197895,1.1294939e-05,194,194,48,0.021957658,0.44133106,0.0004188982,0.2038976,0
8,0.13333334,0.0003574865,33.196526,33.196884,-0.0010105757,33.196884,1.524741e-05,196,196,50,0.01846699,0.2641107,0.00034135312,0.20388928,0
9,0.15,0.0001633853,33.195927,33.19609,-0.0007944483,33.19609,1.7671113e-05,196,196,50,0.013673275,0.11348042,0.00026727325,0.20388116,0
10,0.16666667,9.5225434e-05,33.195396,33.19549,-0.0005965185,33.19549,1.9905267e-05,197,197,50,0.009521928,0.037318878,0.00018955326,0.20387249,0
11,0.18333334,7.000626e-05,33.195194,33.195263,-0.00022854915,33.195263,2.1154428e-05,197,197,50,0.007871964,0.026938835,0.00014473776,0.20386967,0
12,0.2,5.0412134e-05,33.195,33.19505,-0.00021378006,33.19505,2.3375138e-05,197,197,50,0.0061275023,0.016111905,0.000116387346,0.20386669,0
13,0.21666667,3.536849e-05,33.19481,33.194843,-0.00020789953,33.194843,2.553773e-05,197,197,50,0.005093963,0.013165618,9.293022e-05,0.20386371,0
14,0.23333333,2.2508706e-05,33.194614,33.194637,-0.00020571568,33.194637,2.7693239e-05,197,197,50,0.0040732767,0.0106398575,7.623334e-05,0.20386073,0
15,0.25,1.2265158e-05,33.19442,33.194435,-0.00020309944,33.194435,2.9991072e-05,197,197,50,0.0030191508,0.008037672,5.891562e-05,0.20385775,0
16,0.26666668,5.0192434e-06,33.19423,33.194237,-0.00019877177,33.194237,3.2127482e-05,197,197,50,0.0019483771,0.0054115797,4.1156476e-05,0.20385477,0
17,0.28333333,1.0882129e-06,33.19407,33.19407,-0.00016586349,33.19407,3.2225023e-05,197,197,50,0.00093031226,0.002948806,2.3447681e-05,0.20385179,0
18,0.3,4.4629638e-07,33.19391,33.19391,-0.00015991429,33.19391,3.2243017e-05,197,197,50,0.00057642686,0.0018747812,1.0213919e-05,0.20384824,0
19,0.31666666,6.592475e-07,33.19375,33.19375,-0.00015939193,33.19375,3.2250933e-05,197,197,50,0.0006897682,0.0020281426,1.0657569e-05,0.20384467,0
20,0.33333334,7.517013e-07,33.19359,33.193592,-0.00015951242,33.193592,3.2284537e-05,197,197,50,0.0007353995,0.0021131497,1.2027261e-05,0.20384109,0
21,0.35,7.757448e-07,33.19343,33.19343,-0.00015958083,33.19343,3.2276825e-05,197,197,50,0.0007466927,0.002132912,1.2444106e-05,0.20383751,0
22,0.36666667,7.774453e-07,33.19327,33.19327,-0.00015960318,33.19327,3.2322787e-05,197,197,50,0.00074725365,0.0021310963,1.2522431e-05,0.20383394,0
23,0.38333333,7.725709e-07,33.19311,33.19311,-0.00015960976,33.19311,3.2263182e-05,197,197,50,0.00074467645,0.0021228916,1.2499091e-05,0.20383036,0
24,0.4,7.6584735e-07,33.19295,33.19295,-0.0001596116,33.19295,3.357784e-05,197,197,50,0.0007412067,0.0021129155,1.2448412e-05,0.20382679,0
25,0.41666666,7.586483e-07,33.19279,33.19279,-0.00015961207,33.19279,3.595872e-05,197,197,50,0.0007374936,0.002102462,1.2388445e-05,0.20382321,0
26,0.43333334,7.513728e-07,33.19263,33.192635,-0.00015961216,33.192635,3.8418384e-05,197,197,50,0.0007337288,0.0020919181,1.2326202e-05,0.20381963,0
27,0.45,7.441449e-07,33.19247,33.192474,-0.0001596121,33.192474,4.074068e-05,197,197,50,0.0007299766,0.0020811888,1.2264266e-05,0.20381606,0
28,0.46666667,7.369665e-07,33.192314,33.192314,-0.00015961206,33.192314,4.3181317e-05,197,197,50,0.00072622625,0.002070721,1.22021875e-05,0.20381248,0
29,0.48333332,7.5481483e-07,33.192154,33.192154,-0.00015958703,33.192154,4.556192e-05,197,197,50,0.0007598915,0.0024190915,1.2343295e-05,0.2038089,0
30,0.5,7.818678e-07,33.191994,33.191994,-0.00015957783,33.191994,4.7902042e-05,197,197,50,0.0007774346,0.0025532693,1.2862855e-05,0.20380533,0
31,0.51666665,7.882505e-07,33.191833,33.191833,-0.0001595985,33.191833,5.035958e-05,197,197,50,0.0007805717,0.00256213,1.3028091e-05,0.20380175,0
32,0.53333336,7.8363246e-07,33.19167,33.191673,-0.00016276834,33.191673,5.270712e-05,197,197,50,0.0007772621,0.0025368722,1.3082729e-05,0.20379798,0
33,0.55,7.7847466e-07,33.191513,33.191513,-0.00015961003,33.191513,5.5055454e-05,197,197,50,0.0007755786,0.0025478594,1.298964e-05,0.2037944,0
34,0.56666666,7.7127487e-07,33.191353,33.191353,-0.00015961207,33.191353,5.739311e-05,197,197,50,0.000771781,0.0025346496,1.2930956e-05,0.20379083,0
35,0.5833333,7.634191e-07,33.19119,33.19119,-0.00016277158,33.19119,5.971011e-05,197,197,50,0.0007677772,0.0025244304,1.2913977e-05,0.20378706,0
36,0.6,7.560079e-07,33.19103,33.19103,-0.00015961229,33.19103,6.219675e-05,197,197,50,0.0007637329,0.002507799,1.2797334e-05,0.20378348,0
37,0.6166667,7.4857303e-07,33.19087,33.190872,-0.00015961232,33.190872,6.457278e-05,197,197,50,0.0007597895,0.002494758,1.2733052e-05,0.2037799,0
38,0.6333333,7.40875e-07,33.19071,33.19071,-0.00016277142,33.19071,6.691038e-05,197,197,50,0.00075602985,0.002489594,1.271592e-05,0.20377614,0
39,0.65,7.3363077e-07,33.190548,33.190548,-0.00015961211,33.190548,6.92271e-05,197,197,50,0.00075178524,0.0024679992,1.2598296e-05,0.20377256,0
40,0.6666667,7.7126026e-07,33.190384,33.190388,-0.00016239358,33.190388,7.156365e-05,197,197,50,0.00076594704,0.0025453123,1.2583761e-05,0.20376879,0
41,0.68333334,7.188694e-07,33.190224,33.190228,-0.00015998978,33.190228,7.3960575e-05,197,197,50,0.0007435995,0.0024378225,1.24713615e-05,0.20376521,0
42,0.7,7.120524e-07,33.190067,33.190067,-0.00015961169,33.190067,7.635741e-05,197,197,50,0.0007400949,0.0024292837,1.2404183e-05,0.20376164,0
43,0.71666664,8.9167264e-07,33.189903,33.189907,-0.0001607553,33.189907,7.8794e-05,195,195,49,0.0009370684,0.0023600257,1.2385308e-05,0.20375788,0
44,0.73333335,6.977845e-07,33.189743,33.189743,-0.00016162757,33.189743,8.111199e-05,197,197,50,0.0007320661,0.0023997428,1.2284692e-05,0.20375429,0
45,0.75,6.9119204e-07,33.189583,33.189583,-0.00015961147,33.189583,8.3390376e-05,197,197,50,0.0007286094,0.0023909754,1.2212921e-05,0.20375071,0
46,0.76666665,6.844944e-07,33.189423,33.189426,-0.00015961158,33.189426,8.584665e-05,200,200,51,0.0007248797,0.0023784991,1.2152302e-05,0.20374714,0
47,0.78333336,6.775467e-07,33.189262,33.189262,-0.00016277067,33.189262,8.8184715e-05,200,200,51,0.00072143547,0.0023761326,1.2141684e-05,0.20374337,0
48,0.8,6.7103355e-07,33.189102,33.189102,-0.00015961139,33.189102,9.052248e-05,200,200,51,0.0007173245,0.0023532258,1.2025681e-05,0.20373979,0
49,0.81666666,6.6459916e-07,33.188942,33.188942,-0.00015961131,33.188942,9.2989176e-05,200,200,51,0.0007136952,0.0023412658,1.1965872e-05,0.20373622,0
50,0.8333333,6.5714505e-07,33.188778,33.18878,-0.00016277118,33.18878,9.5267154e-05,200,200,51,0.00070926925,0.0023261092,1.1956699e-05,0.20373245,0
51,0.85,6.5151266e-07,33.18862,33.18862,-0.00015961051,33.18862,9.7694014e-05,200,200,51,0.00070625026,0.0023170742,1.184304e-05,0.20372887,0
52,0.8666667,6.453504e-07,33.18846,33.18846,-0.00015994355,33.18846,0.0001000325,200,200,51,0.0007027026,0.0023046182,1.1783118e-05,0.2037253,0
53,0.8833333,6.381319e-07,33.18829,33.18829,-0.00016942114,33.18829,0.00010000924,200,200,51,0.00069833564,0.0022893837,1.1762905e-05,0.20372158,0
54,0.9,6.314771e-07,33.18812,33.18812,-0.00016742552,33.18812,0.00010002117,200,200,51,0.0006929706,0.0022427437,1.16602805e-05,0.20371802,0
55,0.9166667,6.711606e-07,33.187954,33.187958,-0.0001677117,33.187958,0.000100085825,201,201,51,0.0007105796,0.002352246,1.1621548e-05,0.20371437,0
56,0.93333334,6.2020405e-07,33.18779,33.18779,-0.00016564102,33.18779,0.000100061305,201,201,51,0.00068791327,0.0022526628,1.1505415e-05,0.20371094,0
57,0.95,6.211173e-07,33.187622,33.187622,-0.00016891425,33.187622,0.00010006615,201,201,51,0.0006927446,0.002372594,1.1512811e-05,0.20370728,0
58,0.96666664,6.082673e-07,33.187454,33.187454,-0.00016660044,33.187454,0.000100073055,201,201,51,0.00068086444,0.0022291222,1.1403046e-05,0.20370379,0
59,0.98333335,6.028727e-07,33.187286,33.187286,-0.00016842179,33.187286,0.00010005021,201,201,51,0.0006761962,0.0021836213,1.1409211e-05,0.20370011,0
60,1,5.966264e-07,33.18712,33.18712,-0.00016676009,33.18712,0.000100057936,201,201,51,0.00067406625,0.0022093297,1.127161e-05,0.20369664,0
61,1.0166667,5.910568e-07,33.18695,33.18695,-0.00016858822,33.18695,0.00010007288,201,201,51,0.00066847104,0.0021463814,1.1281382e-05,0.203693,0
62,1.0333333,5.875617e-07,33.186783,33.186783,-0.00016825364,33.186783,0.00010007931,201,201,51,0.00066990266,0.0022205773,1.1212783e-05,0.20368937,0
63,1.05,5.7949137e-07,33.18662,33.18662,-0.00016476685,33.18662,0.000100042154,201,201,51,0.0006636483,0.0021732496,1.1073889e-05,0.20368598,0
64,1.0666667,6.187966e-07,33.186447,33.186447,-0.0001690421,33.186447,9.9989215e-05,201,201,51,0.0006798461,0.0022437514,1.1122918e-05,0.20368227,0
65,1.0833334,5.684872e-07,33.186283,33.186283,-0.00016680415,33.186283,0.0001000554,201,201,51,0.0006568525,0.002149206,1.1008889e-05,0.20367877,0
66,1.1,5.6224843e-07,33.18611,33.186115,-0.00016858889,33.186115,0.00010003993,201,201,51,0.0006514562,0.002103662,1.0989946e-05,0.20367514,0
67,1.1166667,5.5784983e-07,33.185947,33.185947,-0.00016609322,33.185947,9.9985635e-05,201,201,51,0.0006504486,0.0021312574,1.0894021e-05,0.20367163,0
68,1.1333333,5.5243254e-07,33.185776,33.18578,-0.00016941935,33.18578,0.0001000502,202,202,51,0.0006471016,0.0021203733,1.0904369e-05,0.20366792,0
69,1.15,7.366773e-07,33.185608,33.18561,-0.0001677334,33.18561,0.000100074525,200,200,50,0.00087131484,0.0020434528,1.0820046e-05,0.20366429,0
70,1.1666666,5.4201985e-07,33.185444,33.185444,-0.000166616,33.185444,0.00010001775,202,202,51,0.0006403805,0.0020943864,1.0717946e-05,0.20366085,0
71,1.1833333,5.368803e-07,33.185276,33.185276,-0.0001685878,33.185276,9.9960744e-05,202,202,51,0.0006376959,0.0020973005,1.0706878e-05,0.20365724,0
72,1.2,5.3463356e-07,33.185104,33.18511,-0.0001685849,33.18511,9.999213e-05,202,202,51,0.00063808064,0.00213511,1.06726975e-05,0.2036536,0
73,1.2166667,5.268441e-07,33.184937,33.18494,-0.00016775916,33.18494,0.000100058074,202,202,51,0.00063075754,0.002062827,1.0562001e-05,0.2036501,0
74,1.2333333,5.213077e-07,33.18477,33.184772,-0.00016808942,33.184772,0.00010000192,202,202,51,0.0006264799,0.0020366868,1.0563334e-05,0.20364645,0
75,1.25,2.5440713e-07,33.18463,33.184635,-0.00013742734,33.184635,0.00010011035,202,202,51,0.00036428042,0.0016053002,6.3648963e-06,0.20364343,0
76,1.2666667,1.5071358e-06,33.184494,33.184494,-0.00013806902,33.184494,0.00010012184,202,202,51,0.0009798564,0.0030641595,1.1116297e-05,0.20364045,0
77,1.2833333,3.1507107e-06,33.184353,33.184357,-0.00013967324,33.184357,0.000100035795,202,202,51,0.0014528492,0.0041697063,2.0589228e-05,0.20363747,0
78,1.3,4.577508e-06,33.184208,33.18421,-0.00014487767,33.18421,0.0001000347,202,202,51,0.0017676238,0.004906085,2.7067397e-05,0.20363449,0
79,1.3166667,5.630452e-06,33.18406,33.184067,-0.0001445865,33.184067,0.00010000264,202,202,51,0.0019690127,0.005377719,3.129347e-05,0.2036315,0
80,1.3333334,6.32221e-06,33.183907,33.183914,-0.0001515979,33.183914,0.00010011717,202,202,51,0.0020911447,0.005663297,3.393361e-05,0.20362853,0
81,1.35,6.719461e-06,33.183758,33.183765,-0.00015056237,33.183765,0.000100045814,202,202,51,0.002158297,0.005819476,3.5472094e-05,0.20362554,0
82,1.3666667,6.894461e-06,33.183605,33.183613,-0.00015211465,33.183613,0.000100059144,202,202,51,0.0021872749,0.005885896,3.6246427e-05,0.20362256,0
83,1.3833333,6.9108114e-06,33.183453,33.18346,-0.00015127577,33.18346,0.000100043624,202,202,51,0.002190025,0.005890586,3.6492118e-05,0.20361958,0
84,1.4,6.8175573e-06,33.183304,33.18331,-0.00014806028,33.18331,0.00010011257,202,202,51,0.0021747532,0.0058529144,3.637351e-05,0.2036166,0
85,1.4166666,6.6515245e-06,33.183155,33.183163,-0.00015079313,33.183163,0.00010003481,202,202,51,0.0021472536,0.005786479,3.6008805e-05,0.20361362,0
86,1.4333333,6.439556e-06,33.183006,33.183014,-0.00014950903,33.183014,0.000100137855,202,202,51,0.002111611,0.0057009608,3.5476114e-05,0.20361064,0
87,1.45,6.199773e-06,33.182858,33.182865,-0.00014787429,33.182865,0.00010005921,202,202,51,0.002070574,0.0056028054,3.48326e-05,0.20360766,0
88,1.4666667,5.945816e-06,33.182713,33.182716,-0.00014655842,33.182716,0.00010004317,203,203,51,0.0020262287,0.0054969587,3.4118213e-05,0.20360468,0
89,1.4833333,5.6811773e-06,33.182564,33.18257,-0.00014690161,33.18257,0.00010008669,203,203,51,0.0019791976,0.0053826612,3.3360015e-05,0.2036017,0
90,1.5,4.5687843e-06,33.182434,33.182438,-0.00013262016,33.182438,0.000100121506,203,203,51,0.001773336,0.004977467,3.0571868e-05,0.2035991,0
91,1.5166667,4.490465e-06,33.182304,33.18231,-0.00013075481,33.18231,0.000100134384,203,203,51,0.001758052,0.0049850484,2.9254472e-05,0.20359659,0
92,1.5333333,4.499047e-06,33.18217,33.18218,-0.00013083416,33.18218,0.000100121775,203,203,51,0.001761002,0.0050087697,2.9299048e-05,0.20359398,0
93,1.55,4.452507e-06,33.18204,33.182045,-0.00013022427,33.182045,0.00010007815,203,203,51,0.0017522486,0.0049932445,2.9263027e-05,0.20359138,0
94,1.5666667,4.349907e-06,33.18191,33.181915,-0.00013210914,33.181915,0.00010017459,204,204,52,0.0017316438,0.0049444153,2.9014262e-05,0.20358875,0
95,1.5833334,4.207314e-06,33.18178,33.181786,-0.00012948904,33.181786,0.00010013875,204,204,52,0.0017022832,0.0048725535,2.8584467e-05,0.20358622,0
96,1.6,4.0391687e-06,33.181652,33.181656,-0.00013034587,33.181656,0.00010021359,204,204,52,0.0016669065,0.004785237,2.8043843e-05,0.20358364,0
97,1.6166667,3.8564503e-06,33.181522,33.181526,-0.0001286979,33.181526,0.00010014725,204,204,52,0.0016275629,0.0046880236,2.7412669e-05,0.20358112,0
98,1.6333333,3.6668691e-06,33.181393,33.181396,-0.000128206,33.181396,0.0001001152,204,204,52,0.0015857259,0.004584534,2.6731577e-05,0.20357862,0
99,1.65,3.4757893e-06,33.181267,33.18127,-0.00012737622,33.18127,0.0001000331,204,204,52,0.0015424438,0.004477462,2.6021113e-05,0.2035761,0
100,1.6666666,3.2871972e-06,33.181137,33.18114,-0.0001278725,33.18114,0.000100153105,205,205,52,0.0014985271,0.0043688538,2.5290941e-05,0.2035736,0
101,1.6833333,3.103492e-06,33.181015,33.181015,-0.00012587255,33.181015,0.000100161276,205,205,52,0.001454515,0.004260031,2.4552903e-05,0.20357113,0
102,1.7,2.926274e-06,33.18089,33.18089,-0.00012619857,33.18089,0.000100089805,205,205,52,0.0014108146,0.0041518696,2.3820216e-05,0.20356865,0
103,1.7166667,2.756595e-06,33.180763,33.180767,-0.00012469474,33.180767,0.000100176556,205,205,52,0.0013677094,0.004045217,2.30965e-05,0.20356616,0
104,1.7333333,2.5951601e-06,33.180637,33.180637,-0.00012634904,33.180637,0.000100202175,205,205,52,0.001325454,0.0039405585,2.2387427e-05,0.20356365,0
105,1.75,2.4421101e-06,33.18051,33.180515,-0.00012550938,33.180515,0.0001000728,205,205,52,0.0012841711,0.0038381927,2.169218e-05,0.20356111,0
106,1.7666667,2.297353e-06,33.18039,33.180393,-0.000120347184,33.180393,0.00010012002,205,205,52,0.0012439162,0.00373836,2.0999532e-05,0.20355868,0
107,1.7833333,2.160791e-06,33.18027,33.18027,-0.00012166903,33.18027,0.00010023667,205,205,52,0.0012047692,0.0036411795,2.0339257e-05,0.20355622,0
108,1.8,2.032155e-06,33.18015,33.180153,-0.00011983229,33.180153,0.000100181336,205,205,52,0.0011667428,0.0035466917,1.9688703e-05,0.20355381,0
109,1.8166667,1.911168e-06,33.18003,33.18003,-0.00011965839,33.18003,0.00010010894,205,205,52,0.0011298698,0.003454963,1.9072579e-05,0.20355132,0
110,1.8333334,1.7759241e-06,33.179913,33.179913,-0.00011850886,33.179913,0.00010012057,205,205,52,0.0010880058,0.0033579466,1.842796e-05,0.20354891,0
111,1.85,2.1193988e-07,33.179752,33.179752,-0.0001606701,33.179752,0.00010006433,205,205,52,0.00031760268,0.0007907104,1.4073946e-05,0.20354567,0
112,1.8666667,1.3116016e-06,33.179497,33.179497,-0.0002547669,33.179497,9.998357e-05,205,205,52,0.0010387653,0.0039633005,1.08698e-05,0.20354053,0
113,1.8833333,2.004811e-06,33.179256,33.179256,-0.00023987789,33.179256,0.00010002174,205,205,52,0.0012895735,0.0047661513,1.99222e-05,0.20353563,0
114,1.9,2.1146532e-06,33.17905,33.17905,-0.00020687774,33.17905,0.000100028694,205,205,52,0.0013235189,0.0048520193,2.1893034e-05,0.20353106,0
115,1.9166666,2.2541876e-06,33.178856,33.17886,-0.00019221759,33.17886,0.000100219186,205,205,52,0.0013690502,0.005060384,2.2380484e-05,0.20352657,0
116,1.9333333,2.2945649e-06,33.178688,33.17869,-0.000167711,33.17869,0.000100191726,205,205,52,0.0013812464,0.005101103,2.2792545e-05,0.20352238,0
117,1.95,2.288204e-06,33.17852,33.178524,-0.00016858902,33.178524,0.00010020669,206,206,52,0.0013791794,0.0050917896,2.2853035e-05,0.20351818,0
118,1.9666667,2.269755e-06,33.178352,33.178352,-0.0001689336,33.178352,0.00010021978,206,206,52,0.0013734656,0.005070873,2.277964e-05,0.20351398,0
119,1.9833333,2.2486329e-06,33.17818,33.178185,-0.00017010007,33.178185,0.00010024787,206,206,52,0.0013669264,0.005047532,2.2682414e-05,0.20350973,0
120,2,2.227124e-06,33.178013,33.178017,-0.00016760663,33.178017,0.0001002614,206,206,52,0.0013602315,0.0050235773,2.2556176e-05,0.20350556,0
121,2.0166667,2.205663e-06,33.177845,33.17785,-0.00016926913,33.17785,0.00010023599,206,206,52,0.0013535194,0.0049996036,2.2453703e-05,0.20350133,0
122,2.0333333,2.1843814e-06,33.177677,33.177677,-0.00016860393,33.177677,0.0001002504,206,206,52,0.0013468285,0.0049756775,2.2335942e-05,0.20349713,0
123,2.05,2.1633114e-06,33.177505,33.17751,-0.00016960125,33.17751,0.00010020429,206,206,52,0.0013401745,0.004951942,2.2222475e-05,0.20349292,0
124,2.0666666,2.1424598e-06,33.177338,33.177338,-0.00016976729,33.177338,0.00010009425,206,206,52,0.0013335567,0.0049283495,2.2119115e-05,0.20348868,0
125,2.0833333,2.121828e-06,33.17717,33.17717,-0.00016876953,33.17717,0.000100222576,206,206,52,0.0013269697,0.004904775,2.2007167e-05,0.20348443,0
126,2.1,2.1014293e-06,33.177002,33.177002,-0.00016777178,33.177002,0.00010021628,210,210,53,0.0013204251,0.0048813666,2.1884975e-05,0.20348024,0
127,2.1166666,2.0812606e-06,33.17683,33.176834,-0.00016926783,33.176834,0.00010022883,210,210,53,0.0013139198,0.004858079,2.1778551e-05,0.20347604,0
128,2.1333334,2.0613545e-06,33.176662,33.176666,-0.00016760503,33.176666,0.00010021864,210,210,53,0.0013074712,0.0048350687,2.1667911e-05,0.20347184,0
129,2.15,2.041663e-06,33.176495,33.176495,-0.00016959988,33.176495,0.00010024214,211,211,54,0.0013010555,0.004812108,2.1559328e-05,0.20346764,0
130,2.1666667,2.0221637e-06,33.176327,33.176327,-0.00016793713,33.176327,0.00010023094,211,211,54,0.0012946703,0.0047892374,2.1445858e-05,0.20346346,0
131,2.1833334,2.0028497e-06,33.176155,33.176155,-0.00017192707,33.176155,0.00010018645,211,211,54,0.0012883137,0.0047664666,2.1360975e-05,0.20345917,0
132,2.2,1.9837546e-06,33.175983,33.175987,-0.00016959928,33.175987,0.00010020769,211,211,54,0.0012819963,0.0047438187,2.123018e-05,0.203455,0
133,2.2166667,1.9648885e-06,33.175816,33.175816,-0.00016926654,33.175816,0.000100170546,211,211,54,0.0012757258,0.004721402,2.1129079e-05,0.2034508,0
134,2.2333333,1.9462057e-06,33.175648,33.175648,-0.00016926635,33.175648,0.000100105804,212,212,54,0.0012694821,0.004699014,2.1029755e-05,0.20344657,0
135,2.25,1.9277443e-06,33.175476,33.17548,-0.00016909988,33.17548,0.000100242236,212,212,54,0.0012632784,0.004676721,2.0927566e-05,0.20344232,0
136,2.2666667,1.9094916e-06,33.17531,33.175312,-0.00016876716,33.175312,0.00010019519,212,212,54,0.0012571132,0.004654557,2.0816518e-05,0.2034381,0
137,2.2833333,1.7046422e-06,33.175137,33.17514,-0.00017045005,33.17514,0.00010022773,212,212,54,0.0011593339,0.0043616868,2.0587077e-05,0.2034339,0
138,2.3,1.0334502e-06,33.174973,33.174973,-0.00016559623,33.174973,0.000100259116,212,212,54,0.0008507641,0.002784137,1.5799216e-05,0.20342985,0
139,2.3166666,8.4922266e-07,33.174805,33.174805,-0.0001676031,33.174805,0.00010019635,212,212,54,0.00075973937,0.0024355748,1.3020136e-05,0.20342569,0
140,2.3333333,5.173635e-07,33.174637,33.17464,-0.00016725196,33.17464,0.00010019177,212,212,54,0.0005365605,0.0018702593,1.0074546e-05,0.20342158,0
141,2.35,4.302995e-07,33.17447,33.174473,-0.0001680047,33.174473,0.00010018472,212,212,54,0.00046670806,0.0018095408,7.896226e-06,0.20341747,0
142,2.3666666,3.979999e-07,33.174305,33.174305,-0.00016711866,33.174305,0.00010021771,212,212,54,0.00043887345,0.0017804393,7.134248e-06,0.20341334,0
143,2.3833334,3.8441812e-07,33.174137,33.174137,-0.00016826372,33.174137,0.000100278994,212,212,54,0.00042709382,0.0017642231,6.780567e-06,0.20340925,0
144,2.4,3.7878013e-07,33.17397,33.17397,-0.00016642698,33.17397,0.000100181576,212,212,54,0.0004224787,0.0017551865,6.6333273e-06,0.20340519,0
145,2.4166667,3.767712e-07,33.1738,33.1738,-0.00016891718,33.1738,0.0001002733,212,212,54,0.000421225,0.0017491116,6.6122357e-06,0.20340107,0
146,2.4333334,3.764854e-07,33.173634,33.173634,-0.00016692039,33.173634,0.00010018526,212,212,54,0.00042156246,0.0017446784,6.6045463e-06,0.20339696,0
147,2.45,3.770034e-07,33.173466,33.173466,-0.00016708583,33.173466,0.000100179146,212,212,54,0.0004226586,0.0017407748,6.6083494e-06,0.20339286,0
148,2.4666667,3.7795422e-07,33.173298,33.173298,-0.00016691916,33.173298,0.00010020074,212,212,54,0.00042415393,0.0017380569,6.6217203e-06,0.20338878,0
149,2.4833333,3.7911792e-07,33.17313,33.17313,-0.00016808273,33.17313,0.000100214034,212,212,54,0.00042583694,0.0017353754,6.6771618e-06,0.20338465,0
150,2.5,3.803804e-07,33.172962,33.172966,-0.00016725135,33.172966,0.00010020491,212,212,54,0.00042761923,0.001732119,6.6802377e-06,0.20338057,0
151,2.5166667,3.81686e-07,33.1728,33.1728,-0.00016758381,33.1728,0.00010013661,212,212,54,0.00042942597,0.0017298632,6.729232e-06,0.20337646,0
152,2.5333333,3.829986e-07,33.17263,33.17263,-0.00016658628,33.17263,0.00010014838,212,212,54,0.00043122837,0.0017270581,6.7432e-06,0.20337237,0
153,2.55,3.8429647e-07,33.172462,33.172462,-0.0001680826,33.172462,0.00010023032,212,212,54,0.0004330159,0.0017240491,6.802019e-06,0.20336825,0
154,2.5666666,3.8558244e-07,33.172295,33.172295,-0.00016758383,33.172295,0.000100160316,212,212,54,0.0004347771,0.0017218821,6.804954e-06,0.20336416,0
155,2.5833333,3.8686687e-07,33.172127,33.172127,-0.00016824885,33.172127,0.0001001925,212,212,54,0.0004365406,0.001718982,6.8538307e-06,0.20336005,0
156,2.6,3.8811334e-07,33.17196,33.17196,-0.00016775013,33.17196,0.0001001943,212,212,54,0.00043825482,0.001715682,6.893215e-06,0.20335592,0
157,2.6166666,3.8932217e-07,33.17179,33.17179,-0.00016642013,33.17179,0.000100247526,212,212,54,0.0004399208,0.0017130837,6.9054313e-06,0.20335183,0
158,2.6333334,3.9050585e-07,33.171623,33.171623,-0.00016858146,33.171623,0.00010021772,212,212,54,0.00044157595,0.0017101713,6.9422945e-06,0.20334771,0
159,2.65,3.917014e-07,33.171455,33.171455,-0.00016858145,33.171455,0.00010018881,212,212,54,0.0004432241,0.0017072434,6.971576e-06,0.2033436,0
160,2.6666667,3.9281588e-07,33.171288,33.171288,-0.00016608772,33.171288,0.000100240504,212,212,54,0.00044479046,0.0017044896,6.9734097e-06,0.20333953,0
161,2.6833334,3.9415272e-07,33.17114,33.17114,-0.00014912947,33.17114,0.000100188554,212,212,54,0.00044663576,0.0017011227,6.735205e-06,0.20333594,0
162,2.7,3.9580817e-07,33.170986,33.170986,-0.00015328552,33.170986,0.00010022429,212,212,54,0.0004487742,0.0016983006,6.7796623e-06,0.20333233,0
163,2.7166667,3.9761406e-07,33.170837,33.170837,-0.00014896275,33.170837,0.00010027345,212,212,54,0.00045104054,0.0016951691,6.804012e-06,0.20332876,0
164,2.7333333,3.9946045e-07,33.17069,33.17069,-0.00014946147,33.17069,0.0001001862,212,212,54,0.00045332505,0.001692098,6.8531467e-06,0.20332517,0
165,2.75,4.0132412e-07,33.170532,33.170536,-0.00015378409,33.170536,0.00010022115,212,212,54,0.00045561313,0.001689064,6.8947543e-06,0.20332158,0
166,2.7666667,4.0320552e-07,33.170383,33.170383,-0.00014929519,33.170383,0.00010022173,212,212,54,0.0004579091,0.0016866932,6.928131e-06,0.203318,0
167,2.7833333,4.0503565e-07,33.17023,33.170235,-0.00015195532,33.170235,0.000100177414,212,212,54,0.00046014047,0.0016839047,7.0012793e-06,0.20331436,0
168,2.8,4.0682767e-07,33.170082,33.170082,-0.0001502928,33.170082,0.000100172314,212,212,54,0.00046233364,0.0016810226,7.025233e-06,0.20331076,0
169,2.8166666,4.0858663e-07,33.16993,33.16993,-0.00015178914,33.16993,0.00010017994,212,212,54,0.00046448238,0.0016782245,7.0873402e-06,0.2033071,0
170,2.8333333,4.1031382e-07,33.16978,33.16978,-0.00014829781,33.16978,0.00010017016,212,212,54,0.00046660655,0.0016756618,7.0878814e-06,0.20330353,0
171,2.85,4.1206746e-07,33.169632,33.169632,-0.00015029284,33.169632,0.00010018161,212,212,54,0.0004687427,0.0016723126,7.1266854e-06,0.20329995,0
172,2.8666666,4.1373625e-07,33.169483,33.169483,-0.00015045918,33.169483,0.00010029527,212,212,54,0.00047080175,0.0016691337,7.187326e-06,0.20329633,0
173,2.8833334,4.1536893e-07,33.169334,33.169334,-0.0001482979,33.169334,0.00010023558,212,212,54,0.00047282208,0.0016663116,7.2013836e-06,0.20329276,0
174,2.9,4.169821e-07,33.16918,33.16918,-0.00015045924,33.16918,0.000100160316,212,212,54,0.00047480347,0.0016642504,7.245837e-06,0.20328917,0
175,2.9166667,4.1858388e-07,33.169033,33.169033,-0.00015045925,33.169033,0.0001002138,212,212,54,0.00047677854,0.0016607712,7.280819e-06,0.20328557,0
176,2.9333334,4.201591e-07,33.168884,33.168884,-0.00014929549,33.168884,0.00010024495,212,212,54,0.00047870819,0.0016576594,7.3089536e-06,0.203282,0
177,2.95,4.2166707e-07,33.16873,33.16873,-0.0001506256,33.16873,0.00010018912,212,212,54,0.00048057502,0.0016542923,7.3580163e-06,0.2032784,0
178,2.9666667,4.2316861e-07,33.16858,33.168583,-0.00015129062,33.168583,0.000100223704,212,212,54,0.00048243857,0.0016515489,7.3912424e-06,0.20327479,0
179,2.9833333,4.2464717e-07,33.16843,33.168434,-0.00014896307,33.168434,0.00010022564,212,212,54,0.00048426093,0.0016486833,7.424463e-06,0.20327118,0
180,3,4.2607672e-07,33.16828,33.16828,-0.00015062567,33.16828,0.0001002277,211,211,54,0.0004860443,0.0016456931,7.4429013e-06,0.2032676,0
181,3.0166667,4.275062e-07,33.168133,33.168133,-0.0001497944,33.168133,0.000100259145,211,211,54,0.0004878171,0.001642731,7.481396e-06,0.20326401,0
182,3.0333333,4.2892026e-07,33.16798,33.16798,-0.00015178947,33.16798,0.00010025229,211,211,54,0.0004895765,0.0016395336,7.5280477e-06,0.20326039,0
183,3.05,4.3032776e-07,33.167828,33.167828,-0.0001509582,33.167828,0.00010023491,211,211,54,0.0004913196,0.0016433552,7.537736e-06,0.20325682,0
184,3.0666666,4.317273e-07,33.167683,33.167683,-0.00014696809,33.167683,0.00010026489,211,211,54,0.0004930552,0.0016512015,7.568951e-06,0.20325324,0
185,3.0833333,4.3308327e-07,33.16753,33.16753,-0.00015178953,33.16753,0.00010022928,211,211,54,0.0004947398,0.001658744,7.6203537e-06,0.20324962,0
186,3.1,4.3448645e-07,33.167377,33.167377,-0.00015195574,33.167377,0.00010014464,211,211,54,0.0004965019,0.0016671594,7.534139e-06,0.20324625,0
187,3.1166666,4.3604834e-07,33.16723,33.16723,-0.00015012677,33.16723,0.00010019853,211,211,54,0.0004983922,0.001675858,7.5735343e-06,0.20324287,0
188,3.1333334,4.3765073e-07,33.167076,33.167076,-0.00015262056,33.167076,0.00010017708,211,211,54,0.0005003104,0.0016847763,7.6017373e-06,0.2032395,0
189,3.15,4.394225e-07,33.166927,33.16693,-0.0001463027,33.16693,0.00010021555,211,211,54,0.00050240284,0.001694741,7.5851153e-06,0.20323625,0
190,3.1666667,1.1294212e-06,33.166767,33.166767,-0.00016124245,33.166767,0.00010018991,211,211,54,0.0009964127,0.004526809,1.0995059e-05,0.20323268,0
191,3.1833334,1.7299063e-06,33.166595,33.166595,-0.0001723048,33.166595,0.00010023115,211,211,54,0.0012220656,0.0050228448,1.8528583e-05,0.20322865,0
192,3.2,1.8729402e-06,33.166428,33.16643,-0.00016561328,33.16643,0.000100308585,211,211,54,0.0012710307,0.005161967,2.0448684e-05,0.20322506,0
193,3.2166667,1.8935042e-06,33.166275,33.166275,-0.00015393164,33.166275,0.00010025062,211,211,54,0.0012778123,0.0051782243,2.0794732e-05,0.20322172,0
194,3.2333333,1.9050153e-06,33.16612,33.166122,-0.0001539407,33.166122,0.00010021235,211,211,54,0.0012865232,0.0053260745,2.083602e-05,0.20321842,0
195,3.25,1.958468e-06,33.165966,33.165966,-0.00015622632,33.165966,0.000100256526,211,211,54,0.001316723,0.0056900033,2.1245898e-05,0.20321505,0
196,3.2666667,1.9771308e-06,33.16581,33.16581,-0.0001559286,33.16581,0.00010023523,211,211,54,0.0013247988,0.005755478,2.156074e-05,0.20321165,0
197,3.2833333,1.9691981e-06,33.165653,33.165653,-0.00015612146,33.165653,0.00010021302,211,211,54,0.0013217172,0.0057354514,2.1585503e-05,0.20320827,0
198,3.3,1.9505817e-06,33.165497,33.165497,-0.00015563337,33.165497,0.00010024024,210,210,54,0.0013144783,0.0056900037,2.1493068e-05,0.20320487,0
199,3.3166666,1.9284234e-06,33.16534,33.16534,-0.00015630193,33.16534,0.00010020122,210,210,54,0.001305857,0.005636885,2.1354683e-05,0.20320147,0
200,3.3333333,1.9052809e-06,33.165184,33.165184,-0.00015696794,33.165184,0.000100324876,210,210,54,0.0012967894,0.0055808728,2.1203097e-05,0.20319808,0
201,3.35,1.8819524e-06,33.165028,33.165028,-0.00015646937,33.165028,0.00010024421,210,210,54,0.0012875738,0.0055236425,2.1039163e-05,0.20319472,0
202,3.3666666,1.8588928e-06,33.16487,33.16487,-0.00015713411,33.16487,0.000100232035,210,210,54,0.0012784193,0.005467056,2.0896105e-05,0.20319128,0
203,3.3833334,1.8361144e-06,33.16471,33.164715,-0.00015713384,33.164715,0.00010019366,210,210,54,0.001269296,0.005410262,2.0729141e-05,0.2031879,0
204,3.4,1.8138561e-06,33.164562,33.164566,-0.00015031685,33.164566,0.000100228,210,210,54,0.0012603615,0.005355379,2.05624e-05,0.20318459,0
205,3.4166667,1.792073e-06,33.164433,33.164433,-0.00013086453,33.164433,0.00010021679,210,210,54,0.001251414,0.0052978164,2.0372543e-05,0.2031815,0
206,3.4333334,1.770065e-06,33.164303,33.164307,-0.00012687464,33.164307,0.00010025028,210,210,54,0.0012421682,0.0052353344,2.020372e-05,0.20317851,0
207,3.45,1.7475763e-06,33.164177,33.164177,-0.00012820515,33.164177,0.00010029075,210,210,54,0.0012326281,0.005170457,2.004486e-05,0.20317549,0
208,3.4666667,1.7256181e-06,33.164043,33.164047,-0.000132361,33.164047,0.000100253754,210,210,54,0.0012232944,0.0051077385,1.9884294e-05,0.20317245,0
209,3.4833333,1.704167e-06,33.163914,33.163918,-0.00012853663,33.163918,0.000100255595,210,210,54,0.0012141155,0.0050460314,1.9731717e-05,0.20316936,0
210,3.5,1.6832555e-06,33.163784,33.163788,-0.00013036489,33.163788,0.000100207864,210,210,54,0.0012051075,0.004985488,1.9572974e-05,0.20316629,0
211,3.5166667,1.6626942e-06,33.163654,33.16366,-0.0001305308,33.16366,0.00010021406,210,210,54,0.0011961992,0.004925719,1.9415953e-05,0.20316324,0
212,3.5333333,1.642573e-06,33.16353,33.16353,-0.00012770403,33.16353,0.00010025849,210,210,54,0.001187438,0.0048671984,1.9255574e-05,0.20316023,0
213,3.55,1.6229797e-06,33.163395,33.1634,-0.00013185987,33.1634,0.00010022289,211,211,54,0.0011788687,0.004810248,1.9118446e-05,0.20315714,0
214,3.5666666,1.6089529e-06,33.16327,33.16327,-0.00012753168,33.16327,0.00010026425,211,211,54,0.001175116,0.004828112,1.897573e-05,0.20315412,0
215,3.5833333,1.5970797e-06,33.16314,33.16314,-0.00012819454,33.16314,0.00010024525,211,211,54,0.001169819,0.00479234,1.890857e-05,0.20315109,0
216,3.6,1.5862713e-06,33.16301,33.16301,-0.00013101981,33.16301,0.00010026574,211,211,54,0.00116598,0.0047837324,1.8859859e-05,0.20314799,0
217,3.6166666,1.5746183e-06,33.16288,33.16288,-0.00012919185,33.16288,0.000100219135,211,211,54,0.0011616077,0.0047691497,1.8781857e-05,0.20314491,0
218,3.6333334,1.5629606e-06,33.16275,33.162754,-0.00012852684,33.162754,0.000100222554,211,211,54,0.001157242,0.004755005,1.8695655e-05,0.20314188,0
219,3.65,1.5515237e-06,33.16262,33.16262,-0.00013135295,33.16262,0.00010027744,211,211,54,0.0011529509,0.0047413446,1.8627932e-05,0.20313881,0
220,3.6666667,1.5402516e-06,33.16249,33.16249,-0.00012969023,33.16249,0.00010021678,211,211,54,0.0011487186,0.0047281543,1.8548739e-05,0.20313577,0
221,3.6833334,1.5291132e-06,33.16236,33.16236,-0.00013052138,33.16236,0.00010028001,212,212,55,0.0011445167,0.0047150156,1.8477185e-05,0.20313272,0
222,3.7,1.5180494e-06,33.16223,33.16223,-0.00012902501,33.16223,0.000100283316,213,213,55,0.001140326,0.004701861,1.8406563e-05,0.20312965,0
223,3.7166667,1.5071225e-06,33.1621,33.1621,-0.00012869237,33.1621,0.00010026008,213,213,55,0.0011361733,0.0046889004,1.8324085e-05,0.20312664,0
224,3.7333333,1.4963275e-06,33.161972,33.161972,-0.00013135231,33.161972,0.00010022291,213,213,55,0.0011320574,0.004676145,1.8267066e-05,0.20312354,0
225,3.75,1.4855892e-06,33.161842,33.161842,-0.00012902469,33.161842,0.0001003149,214,214,55,0.0011279355,0.0046631405,1.8189354e-05,0.20312047,0
226,3.7666667,1.4749704e-06,33.161713,33.161713,-0.00013018835,33.161713,0.00010021852,214,214,55,0.0011238431,0.0046502277,1.8115028e-05,0.20311742,0
227,3.7833333,1.4644552e-06,33.161583,33.161583,-0.00012802692,33.161583,0.000100308964,214,214,55,0.0011197727,0.0046373433,1.8046496e-05,0.20311435,0
228,3.8,1.4540033e-06,33.16145,33.16145,-0.00013334703,33.16145,0.000100226716,214,214,55,0.0011157135,0.004624537,1.7981029e-05,0.20311125,0
229,3.8166666,1.4436938e-06,33.16132,33.16132,-0.00012968927,33.16132,0.00010027395,214,214,55,0.001111697,0.0046119597,1.7904737e-05,0.20310818,0
230,3.8333333,1.4334973e-06,33.16119,33.16119,-0.00013085295,33.16119,0.00010023659,214,214,55,0.0011077066,0.004599418,1.7831844e-05,0.20310512,0
231,3.85,1.4233823e-06,33.16106,33.16106,-0.00012952283,33.16106,0.000100248886,214,214,55,0.0011037245,0.0045867288,1.7756565e-05,0.2031021,0
232,3.8666666,1.4133964e-06,33.16093,33.16093,-0.00013018772,33.16093,0.000100240075,214,214,55,0.0010997797,0.0045742104,1.7692648e-05,0.20309904,0
233,3.8833334,1.4035264e-06,33.160797,33.160797,-0.00013234891,33.160797,0.00010025015,214,214,55,0.0010958752,0.0045620254,1.763187e-05,0.20309594,0
234,3.9,1.3937128e-06,33.160667,33.16067,-0.00012869124,33.16067,0.000100280224,214,214,55,0.0010919642,0.004549556,1.7547063e-05,0.20309293,0
235,3.9166667,1.384054e-06,33.160538,33.160538,-0.00013218245,33.160538,0.00010026571,214,214,55,0.0010881098,0.004537479,1.7487011e-05,0.20308988,0
236,3.9333334,1.3744398e-06,33.160404,33.160404,-0.00013351244,33.160404,0.00010024148,214,214,55,0.001084248,0.0045251334,1.7424507e-05,0.2030868,0
237,3.95,1.364934e-06,33.160275,33.160275,-0.00012835843,33.160275,0.00010026754,214,214,55,0.0010804178,0.0045129433,1.7343811e-05,0.20308378,0
238,3.9666667,1.3555492e-06,33.16014,33.160145,-0.00013201592,33.160145,0.00010023389,214,214,55,0.0010766261,0.004501028,1.7287459e-05,0.20308071,0
239,3.9833333,1.3462301e-06,33.16001,33.16001,-0.00013268087,33.16001,0.00010020742,214,214,55,0.0010728422,0.0044890074,1.722078e-05,0.20307764,0
240,4,1.3369647e-06,33.159878,33.15988,-0.0001305195,33.15988,0.000100228615,214,214,55,0.0010690534,0.0044767275,1.7151926e-05,0.20307459,0
241,4.016667,1.2662816e-06,33.159725,33.159725,-0.0001543554,33.159725,0.00010022754,214,214,55,0.001041203,0.004382021,1.7066683e-05,0.20307128,0
242,4.0333333,1.3034847e-06,33.15959,33.159595,-0.00013213558,33.159595,0.00010022952,214,214,55,0.0010544686,0.0044082296,1.6770213e-05,0.20306823,0
243,4.05,1.3071561e-06,33.159462,33.159462,-0.00013200287,33.159462,0.00010027834,214,214,55,0.0010569085,0.0044400487,1.6912061e-05,0.20306516,0
244,4.0666666,1.295454e-06,33.159306,33.159306,-0.00015612523,33.159306,0.00010020189,214,214,55,0.0010560673,0.0045285965,1.6860022e-05,0.2030618,0
245,4.0833335,1.290016e-06,33.159172,33.159172,-0.00013217823,33.159172,0.0001002336,214,214,55,0.0010495542,0.0044127093,1.6792434e-05,0.20305875,0
246,4.1,1.2735483e-06,33.15902,33.15902,-0.00015380242,33.15902,0.00010023697,214,214,55,0.0010466021,0.0044895248,1.6709917e-05,0.20305546,0
247,4.116667,1.2727169e-06,33.158886,33.15889,-0.00013100983,33.15889,0.00010024343,214,214,55,0.0010426728,0.004399005,1.6663646e-05,0.20305242,0
248,4.133333,1.2513608e-06,33.15873,33.158733,-0.00015663364,33.158733,0.0001002164,216,216,56,0.0010348962,0.0043984004,1.6590651e-05,0.20304908,0
249,4.15,1.2556269e-06,33.1586,33.1586,-0.00013067223,33.1586,0.00010022861,216,216,56,0.0010357501,0.0043834005,1.6535792e-05,0.20304604,0
250,4.1666665,1.2315768e-06,33.158443,33.158443,-0.00015746761,33.158443,0.000100255274,216,216,56,0.0010181717,0.004167325,1.6556947e-05,0.20304269,0
251,4.1833334,1.2350521e-06,33.158314,33.158314,-0.00013067301,33.158314,0.00010020864,216,216,56,0.0010255835,0.004319013,1.6327005e-05,0.20303965,0
252,4.2,1.2230294e-06,33.15816,33.15816,-0.00015230168,33.15816,0.000100206475,216,216,56,0.0010219179,0.0043530692,1.6411368e-05,0.20303643,0
253,4.2166667,1.2179244e-06,33.158028,33.158028,-0.00013367418,33.158028,0.00010027759,218,218,56,0.0010175839,0.0042794296,1.6198117e-05,0.20303336,0
254,4.233333,1.2156719e-06,33.157898,33.157898,-0.00012984747,33.157898,0.00010027632,218,218,56,0.0010182137,0.004316506,1.6231697e-05,0.20303033,0
255,4.25,1.201407e-06,33.15774,33.15774,-0.00015629405,33.15774,0.000100284706,218,218,56,0.0010161325,0.0044030724,1.615718e-05,0.203027,0
256,4.266667,1.1989987e-06,33.157604,33.157608,-0.00013450277,33.157608,0.00010029414,218,218,56,0.0010109589,0.0042934795,1.611244e-05,0.20302391,0
257,4.2833333,1.1811427e-06,33.157448,33.15745,-0.00015679639,33.15745,0.000100259495,214,214,55,0.0010059119,0.0043374286,1.6028916e-05,0.20302056,0
258,4.3,1.183346e-06,33.157314,33.15732,-0.00013333437,33.15732,0.00010026259,214,214,55,0.0010043944,0.004278806,1.5993255e-05,0.20301746,0
259,4.3166666,1.1565188e-06,33.15716,33.15716,-0.00015530907,33.15716,0.00010022305,214,214,55,0.0009826616,0.0039881864,1.5981921e-05,0.20301415,0
260,4.3333335,1.164636e-06,33.157024,33.15703,-0.00013515726,33.15703,0.00010026907,214,214,55,0.0009952916,0.0042295377,1.579393e-05,0.20301107,0
261,4.35,1.1514385e-06,33.15687,33.15687,-0.00015346664,33.15687,0.000100225094,214,214,55,0.0009887037,0.0042048385,1.587871e-05,0.20300777,0
262,4.366667,1.1485623e-06,33.156734,33.15674,-0.00013633205,33.15674,0.00010023959,214,214,55,0.0009872473,0.004183764,1.5656733e-05,0.20300467,0
263,4.383333,1.1469455e-06,33.156605,33.156605,-0.0001303456,33.156605,0.00010023996,214,214,55,0.0009879962,0.0042186957,1.5697773e-05,0.20300163,0
264,4.4,1.1360935e-06,33.15645,33.15645,-0.00015845195,33.15645,0.00010021436,214,214,55,0.0009849559,0.0042546303,1.5620062e-05,0.20299828,0
265,4.4166665,1.1155902e-06,33.156296,33.156296,-0.00015231015,33.156296,0.000100207595,214,214,55,0.0009670563,0.004002112,1.5619378e-05,0.20299497,0
266,4.4333334,1.1200513e-06,33.156155,33.15616,-0.00013865228,33.15616,0.0001002355,214,214,55,0.00097484887,0.0041532083,1.5429438e-05,0.20299187,0
267,4.45,1.1184441e-06,33.156025,33.15603,-0.0001291818,33.15603,0.000100240286,214,214,55,0.0009751679,0.004177464,1.5454596e-05,0.20298891,0
268,4.4666667,1.1078191e-06,33.15587,33.15587,-0.00015944925,33.15587,0.000100277524,213,213,55,0.00097208377,0.004211954,1.5392536e-05,0.20298555,0
269,4.483333,1.103532e-06,33.155735,33.155735,-0.0001331746,33.155735,0.000100267185,213,213,55,0.00096798193,0.0041455533,1.5342805e-05,0.2029825,0
270,4.5,1.0808672e-06,33.15558,33.15558,-0.00015613619,33.15558,0.000100269244,213,213,55,0.0009566995,0.004085514,1.5274418e-05,0.20297918,0
271,4.516667,1.0895313e-06,33.155445,33.155445,-0.00013249663,33.155445,0.00010027645,213,213,55,0.0009624011,0.004147657,1.5226571e-05,0.20297612,0
272,4.5333333,1.0612179e-06,33.155285,33.155285,-0.00015963319,33.155285,0.00010024431,213,213,55,0.00094148837,0.0038983913,1.51882905e-05,0.20297275,0
273,4.55,1.0751519e-06,33.15515,33.155155,-0.00013249136,33.155155,0.000100235535,213,213,55,0.000955693,0.0041245287,1.5093465e-05,0.2029697,0
274,4.5666666,1.049081e-06,33.155,33.155,-0.00015613959,33.155,0.000100237885,212,212,55,0.00093754736,0.003924524,1.5058039e-05,0.20296638,0
275,4.5833335,1.0623231e-06,33.154865,33.154865,-0.00013132827,33.154865,0.00010027008,212,212,55,0.0009497398,0.004106009,1.4981148e-05,0.20296337,0
276,4.6,1.0322752e-06,33.15471,33.15471,-0.00015730735,33.15471,0.00010018404,212,212,55,0.0009516829,0.004395092,1.5046717e-05,0.20296003,0
277,4.616667,1.0458014e-06,33.154575,33.154575,-0.00013415432,33.154575,0.00010023409,212,212,55,0.00093989744,0.0040265773,1.4807015e-05,0.20295697,0
278,4.633333,1.0448686e-06,33.15444,33.15444,-0.00013217372,33.15444,0.00010025523,212,212,55,0.0009409278,0.00406223,1.4870423e-05,0.20295386,0
279,4.65,1.0333396e-06,33.15428,33.15428,-0.00016028143,33.15428,0.00010029095,212,212,55,0.00093880616,0.0041368003,1.4776879e-05,0.20295052,0
280,4.6666665,1.0315784e-06,33.15415,33.15415,-0.00013400336,33.15415,0.0001002692,212,212,55,0.0009345025,0.004039562,1.4752417e-05,0.20294742,0
281,4.6833334,1.0211704e-06,33.153988,33.153988,-0.00015944903,33.153988,0.00010024907,212,212,55,0.0009326421,0.004109616,1.4661457e-05,0.2029441,0
282,4.7,1.0191999e-06,33.15386,33.15386,-0.00013101098,33.15386,0.00010022876,212,212,55,0.00092851854,0.0040184185,1.4631185e-05,0.20294106,0
283,4.7166667,9.914759e-07,33.153698,33.1537,-0.00015797005,33.1537,0.00010031882,212,212,55,0.0009063583,0.00373946,1.46021275e-05,0.20293772,0
284,4.733333,1.0057796e-06,33.153564,33.153564,-0.00013531733,33.153564,0.000100276564,212,212,55,0.0009225304,0.0040102727,1.4499529e-05,0.20293465,0
285,4.75,9.791044e-07,33.153404,33.153404,-0.00015913279,33.153404,0.00010024591,212,212,55,0.00089895877,0.0036843598,1.4500907e-05,0.20293133,0
286,4.766667,9.936078e-07,33.15327,33.15327,-0.00013548338,33.15327,0.00010023514,212,212,55,0.00091647595,0.0039870953,1.4388692e-05,0.20292825,0
287,4.7833333,9.665417e-07,33.15312,33.15312,-0.000153148,33.15312,0.0001001844,212,212,55,0.00091951055,0.004287542,1.4459801e-05,0.20292495,0
288,4.8,9.796289e-07,33.15298,33.15298,-0.00013581732,33.15298,0.00010028494,212,212,55,0.0009082097,0.00392723,1.4238511e-05,0.20292187,0
289,4.8166666,9.3661066e-07,33.152824,33.152824,-0.00015798534,33.152824,0.00010027998,212,212,55,0.00091087667,0.004326448,1.4350948e-05,0.20291853,0
290,4.8333335,9.683079e-07,33.152687,33.152687,-0.00013529994,33.152687,0.00010028559,212,212,55,0.0009027376,0.0039122263,1.4139419e-05,0.20291546,0
291,4.85,9.676837e-07,33.152554,33.152554,-0.00013499975,33.152554,0.00010023858,212,212,55,0.0009034262,0.00393586,1.4195554e-05,0.20291236,0
292,4.866667,9.570734e-07,33.152397,33.152397,-0.0001569554,33.152397,0.00010022254,212,212,55,0.0009004999,0.003986446,1.4106965e-05,0.20290905,0
293,4.883333,9.559465e-07,33.15226,33.15226,-0.00013533277,33.15226,0.000100232086,211,211,55,0.00089750485,0.003915309,1.4094762e-05,0.20290592,0
294,4.9,9.4377964e-07,33.1521,33.1521,-0.00016194461,33.1521,0.0001002113,211,211,55,0.00089371146,0.0039597056,1.4027418e-05,0.20290253,0
295,4.9166665,9.449126e-07,33.151962,33.151966,-0.00013400047,33.151966,0.00010025691,211,211,55,0.00089209597,0.003900541,1.3980029e-05,0.20289946,0
296,4.9333334,9.2308164e-07,33.151806,33.15181,-0.00015680038,33.15181,0.00010026563,209,209,54,0.00087681826,0.0037471019,1.3932314e-05,0.20289613,0
297,4.95,9.3365696e-07,33.151672,33.151672,-0.00013631859,33.151672,0.00010023308,207,207,53,0.0008866911,0.0038894545,1.3873844e-05,0.20289303,0
298,4.9666667,9.2337916e-07,33.151512,33.151516,-0.00015728758,33.151516,0.00010029587,207,207,53,0.0008786987,0.003815091,1.3939874e-05,0.20288967,0
299,4.983333,9.2057536e-07,33.15138,33.15138,-0.00013483567,33.15138,0.00010031704,207,207,53,0.0008789783,0.0038384802,1.36910185e-05,0.20288658,0
300,5,9.173821e-07,33.15122,33.15122,-0.00015977432,33.15122,0.00010025441,207,207,53,0.00087817374,0.0038889458,1.3834609e-05,0.20288323,0
301,5.016667,9.101512e-07,33.151085,33.151085,-0.00013600389,33.151085,0.00010021817,207,207,53,0.0008735791,0.0038194412,1.3604482e-05,0.2028801,0
302,5.0333333,9.097077e-07,33.150948,33.150948,-0.00013499957,33.150948,0.00010019939,207,207,53,0.0008741526,0.0038388306,1.3664658e-05,0.20287703,0
303,5.05,8.998968e-07,33.150787,33.150787,-0.00016061222,33.150787,0.00010023328,207,207,53,0.00086899195,0.0038236326,1.3583473e-05,0.20287369,0
304,5.0666666,8.991083e-07,33.15065,33.150654,-0.0001361637,33.150654,0.0001003042,207,207,53,0.00086849154,0.0038154803,1.3562339e-05,0.2028706,0
305,5.0833335,8.839562e-07,33.150497,33.150497,-0.00015546365,33.150497,0.00010023713,207,207,53,0.00086100405,0.0038020783,1.3503169e-05,0.20286728,0
306,5.1,8.88766e-07,33.15036,33.15036,-0.00013665686,33.15036,0.00010029527,207,207,53,0.00086335826,0.0038053617,1.3462954e-05,0.20286418,0
307,5.116667,8.7441185e-07,33.1502,33.1502,-0.00016094928,33.1502,0.000100266305,207,207,53,0.00085587404,0.0037832574,1.3420437e-05,0.20286082,0
308,5.133333,8.7922206e-07,33.150063,33.150066,-0.00013449555,33.150066,0.000100280566,207,207,53,0.00085831137,0.003788133,1.3361225e-05,0.20285776,0
309,5.15,8.5719154e-07,33.149906,33.149906,-0.00015829687,33.149906,0.000100314974,207,207,53,0.0008360907,0.003459439,1.3384158e-05,0.2028544,0
310,5.1666665,8.6880834e-07,33.149765,33.149765,-0.0001394764,33.149765,0.00010021245,206,206,53,0.0008527309,0.0037676555,1.3239773e-05,0.20285128,0
311,5.1833334,8.649494e-07,33.149616,33.149616,-0.00015029845,33.149616,0.00010024041,206,206,53,0.00085805065,0.003979706,1.3306406e-05,0.20284806,0
312,5.2,8.580696e-07,33.149487,33.14949,-0.0001280233,33.14949,0.00010025533,206,206,53,0.0008463555,0.0037317926,1.306835e-05,0.20284511,0
313,5.2166667,8.4952734e-07,33.149338,33.149338,-0.0001504694,33.149338,0.00010025754,206,206,53,0.0008376262,0.0036148538,1.3209569e-05,0.20284188,0
314,5.233333,8.500131e-07,33.149208,33.149208,-0.00013050975,33.149208,0.00010031492,206,206,53,0.0008422815,0.0037238507,1.2983497e-05,0.20283891,0
315,5.25,1.2176256e-06,33.149055,33.149055,-0.00015109076,33.149055,0.000100180456,206,206,53,0.00093471067,0.003801538,1.31240795e-05,0.20283565,0
316,5.266667,8.40473e-07,33.148926,33.148926,-0.00013055488,33.148926,0.000100274425,206,206,53,0.000836965,0.0037031388,1.29259315e-05,0.20283268,0
317,5.2833333,8.407674e-07,33.148796,33.148796,-0.00012934615,33.148796,0.00010026039,206,206,53,0.00083757745,0.0037138779,1.29812315e-05,0.20282967,0
318,5.3,8.314946e-07,33.148643,33.148647,-0.00015080263,33.148647,0.00010025529,206,206,53,0.0008327466,0.003707764,1.2901421e-05,0.20282647,0
319,5.3166666,8.321095e-07,33.148514,33.148518,-0.00012934583,33.148518,0.000100233105,207,207,53,0.0008327849,0.003696471,1.2882462e-05,0.20282349,0
320,5.3333335,8.2144817e-07,33.148365,33.148365,-0.00015030525,33.148365,0.00010022292,207,207,53,0.00082794065,0.0037098143,1.2832591e-05,0.20282027,0
321,5.35,8.2357184e-07,33.148235,33.148235,-0.00013183815,33.148235,0.00010025417,207,207,53,0.00082811964,0.0036819843,1.280346e-05,0.20281725,0
322,5.366667,8.051773e-07,33.148083,33.148083,-0.00014981422,33.148083,0.00010024399,207,207,53,0.00081225415,0.0034884813,1.2770444e-05,0.20281404,0
323,5.383333,8.149831e-07,33.147957,33.147957,-0.00012867163,33.147957,0.00010025035,207,207,53,0.00082351,0.0036701758,1.26874265e-05,0.20281106,0
324,5.4,8.0287543e-07,33.147804,33.147804,-0.00015147049,33.147804,0.00010025525,207,207,53,0.0008163566,0.0036404715,1.2666058e-05,0.20280786,0
325,5.4166665,8.074136e-07,33.147675,33.147675,-0.00012917566,33.147675,0.000100264864,207,207,53,0.00081916555,0.003651714,1.2618615e-05,0.2028049,0
326,5.4333334,7.897491e-07,33.14752,33.147522,-0.00015446864,33.147522,0.00010029116,207,207,53,0.0008035711,0.0034583062,1.26110335e-05,0.20280169,0
327,5.45,7.9942976e-07,33.14739,33.14739,-0.00013083307,33.14739,0.000100258774,208,208,54,0.00081480615,0.0036402028,1.2523151e-05,0.20279872,0
328,5.4666667,7.840866e-07,33.14724,33.14724,-0.00015047619,33.14724,0.00010021197,208,208,54,0.00079673826,0.003349229,1.2586837e-05,0.20279552,0
329,5.483333,7.909901e-07,33.14711,33.14711,-0.00013017083,33.14711,0.00010031481,208,208,54,0.000810105,0.0036265242,1.2399408e-05,0.20279253,0
330,5.5,7.732085e-07,33.146957,33.14696,-0.00014964736,33.14696,0.000100255194,208,208,54,0.0007907656,0.0033294118,1.2475677e-05,0.2027893,0
331,5.516667,7.8419197e-07,33.146828,33.146828,-0.00013099801,33.146828,0.000100255194,208,208,54,0.00080626825,0.0036135477,1.2355135e-05,0.2027863,0
332,5.5333333,7.7641215e-07,33.146675,33.14668,-0.00015096739,33.14668,0.000100209094,211,211,55,0.00079738104,0.0034877995,1.2438843e-05,0.20278314,0
333,5.55,7.757693e-07,33.146545,33.14655,-0.00012967961,33.14655,0.00010029794,211,211,55,0.0008014113,0.003595874,1.222421e-05,0.20278016,0
334,5.5666666,7.7547224e-07,33.146416,33.14642,-0.00012984552,33.14642,0.00010026468,211,211,55,0.00080118293,0.0035907887,1.2305531e-05,0.20277719,0
335,5.5833335,7.656994e-07,33.146263,33.146267,-0.0001527982,33.146267,0.000100255165,211,211,55,0.00079459086,0.0035471378,1.2221952e-05,0.20277402,0
336,5.6,7.6777394e-07,33.146133,33.146137,-0.00012934438,33.146137,0.0001002011,211,211,55,0.00079671096,0.003574892,1.2209377e-05,0.20277107,0
337,5.616667,7.5853285e-07,33.14598,33.145985,-0.00015246515,33.145985,0.00010021479,211,211,55,0.0007914906,0.003566668,1.2185069e-05,0.2027678,0
338,5.633333,7.602778e-07,33.14585,33.145855,-0.00013034223,33.145855,0.00010020848,211,211,55,0.000792214,0.0035563123,1.2128929e-05,0.20276482,0
339,5.65,7.514336e-07,33.1457,33.145702,-0.00015213224,33.145702,0.000100232726,211,211,55,0.00078760483,0.0035619421,1.2099494e-05,0.20276162,0
340,5.6666665,7.533454e-07,33.14557,33.14557,-0.00013117335,33.14557,0.000100198,211,211,55,0.00078815885,0.0035421434,1.2049182e-05,0.20275865,0
341,5.6833334,7.392176e-07,33.14542,33.14542,-0.00015030873,33.14542,0.00010023087,211,211,55,0.00077653944,0.0034208042,1.2041923e-05,0.20275547,0
342,5.7,7.463882e-07,33.14529,33.14529,-0.00012884052,33.14529,0.000100219106,211,211,55,0.0007842554,0.0035338115,1.1962281e-05,0.2027525,0
343,5.7166667,7.292839e-07,33.145138,33.145138,-0.00015247302,33.145138,0.00010020471,211,211,55,0.0007657997,0.0032583368,1.1995052e-05,0.2027493,0
344,5.733333,7.3956284e-07,33.145008,33.145008,-0.00012900366,33.145008,0.00010030721,209,209,54,0.0007805742,0.0035309612,1.1856546e-05,0.20274635,0
345,5.75,7.24111e-07,33.14485,33.14485,-0.00015579646,33.14485,0.00010023248,209,209,54,0.00076519075,0.0033193901,1.191703e-05,0.20274311,0
346,5.766667,4.1028616e-06,33.14464,33.144646,-0.00020859648,33.144646,0.00010027319,209,209,54,0.001398178,0.018518649,1.3934038e-05,0.20273899,0
347,5.7833333,1.2224909e-05,33.144375,33.144386,-0.00025838485,33.144386,0.00010030452,209,209,54,0.0029817042,0.024155362,3.6093345e-05,0.20273423,0
348,5.8,2.0833917e-05,33.14411,33.144135,-0.00025291022,33.144135,0.000100295176,209,209,54,0.004116751,0.023624444,5.9654314e-05,0.20272939,0
349,5.8166666,3.1249456e-05,33.143852,33.143883,-0.0002499399,33.143883,0.00010027134,209,209,54,0.005090899,0.021287553,7.685516e-05,0.20272456,0
350,5.8333335,4.41302e-05,33.143593,33.14364,-0.0002453134,33.14364,0.00010026573,209,209,54,0.0060233986,0.022442127,9.279032e-05,0.20271969,0
351,5.85,5.8995785e-05,33.143337,33.1434,-0.00024133349,33.1434,0.00010027392,212,212,55,0.006910615,0.023911042,0.000107993204,0.20271485,0
352,5.866667,7.527866e-05,33.14308,33.143158,-0.00023858617,33.143158,0.00010027733,212,212,55,0.0077444557,0.025344443,0.0001223582,0.20271003,0
353,5.883333,8.317104e-05,33.142826,33.14291,-0.0002486392,33.14291,0.000100291414,212,212,55,0.008021056,0.023668168,0.00013119291,0.20270522,0
354,5.9,9.379079e-05,33.142574,33.142666,-0.00024208798,33.142666,0.00010031744,209,209,54,0.008455613,0.024139853,0.00013729604,0.20270042,0
355,5.9166665,0.00010533765,33.142323,33.14243,-0.00023983083,33.14243,0.00010029945,211,211,55,0.008905219,0.024761155,0.00014473373,0.20269565,0
356,5.9333334,0.00011740171,33.14207,33.14219,-0.00023814983,33.14219,0.000100334786,211,211,55,0.009347107,0.025391245,0.00015217828,0.20269093,0
357,5.95,0.00013501731,33.14183,33.141964,-0.00022478431,33.141964,0.000100291116,211,211,55,0.0100450255,0.028200405,0.00016136174,0.20268628,0
358,5.9666667,0.00015112739,33.14159,33.141743,-0.00022346349,33.141743,0.00010027586,211,211,55,0.010630865,0.029775705,0.00017267969,0.20268162,0
359,5.983333,0.00016540366,33.141357,33.14152,-0.00021964463,33.14152,0.00010026947,211,211,55,0.011088623,0.030659216,0.00018122465,0.20267719,0
360,6,0.00017762354,33.141125,33.1413,-0.00022086974,33.1413,0.0001002935,211,211,55,0.011459795,0.031330902,0.00018811238,0.20267293,0
361,6.016667,0.00018744543,33.140896,33.141083,-0.00021877885,33.141083,0.00010030265,211,211,55,0.011746118,0.03182903,0.00019358307,0.20266877,0
362,6.0333333,0.00017656051,33.14081,33.140987,-9.5841264e-05,33.140987,0.00010017722,211,211,55,0.011444836,0.03066124,0.00019471029,0.20266703,0
363,6.05,0.00016036972,33.14081,33.14097,-1.7520837e-05,33.14097,0.0001002642,212,212,55,0.010865448,0.028663607,0.00018543583,0.20266649,0
364,6.0666666,0.00015164401,33.140804,33.140957,-1.2383325e-05,33.140957,0.00010019481,212,212,55,0.010502033,0.027188502,0.00017772382,0.20266587,0
365,6.0833335,8.650547e-05,33.140747,33.140835,-0.00012233028,33.140835,0.00010016106,213,213,55,0.008315508,0.027729621,0.00016029504,0.20266467,0
366,6.1,3.3671266e-05,33.14066,33.140694,-0.00014144817,33.140694,0.00010011429,213,213,55,0.0054657036,0.021707222,0.00011429027,0.20266299,0
367,6.116667,6.737553e-06,33.140553,33.14056,-0.0001331707,33.14056,0.000100134224,213,213,55,0.002695397,0.014924553,6.6861554e-05,0.20266086,0
368,6.133333,6.8936436e-07,33.1404,33.1404,-0.0001585041,33.1404,0.0001001039,213,213,55,0.00084337767,0.0070143645,2.7016415e-05,0.20265816,0
369,6.15,3.7751747e-07,33.140232,33.140232,-0.00016955951,33.140232,0.00010012031,213,213,55,0.00040022196,0.002569826,6.368055e-06,0.20265512,0
370,6.1666665,6.486301e-07,33.140064,33.140064,-0.00016714775,33.140064,0.000100119694,213,213,55,0.00056810235,0.0017998089,7.369044e-06,0.20265216,0
371,6.1833334,9.811549e-07,33.13988,33.13988,-0.00018371185,33.13988,0.00010008163,213,213,55,0.0006729246,0.0039128517,1.0346513e-05,0.20264901,0
372,6.2,1.23695e-06,33.139698,33.139698,-0.00018195977,33.139698,0.000100154866,213,213,55,0.0007707696,0.004142317,1.2096786e-05,0.20264597,0
373,6.2166667,1.5401031e-06,33.13954,33.13954,-0.00015597662,33.13954,0.00010018894,213,213,55,0.00087180926,0.004861376,1.3653002e-05,0.20264302,0
374,6.233333,1.9075098e-06,33.139427,33.139427,-0.00011368358,33.139427,0.00010019559,213,213,55,0.0009730795,0.0046675312,1.52426455e-05,0.20264073,0
375,6.25,2.2982238e-06,33.13932,33.13932,-0.000106843814,33.13932,0.00010022332,213,213,55,0.0010860991,0.004882148,1.6671582e-05,0.20263854,0
376,6.266667,2.6940634e-06,33.139206,33.139206,-0.00011481893,33.139206,0.000100159144,211,211,54,0.0011618565,0.0044109733,1.833504e-05,0.20263626,0
377,6.2833333,3.097208e-06,33.139095,33.139095,-0.00010999023,33.139095,0.00010021043,211,211,54,0.0012756463,0.0049205157,2.0141999e-05,0.20263405,0
378,6.3,3.4298685e-06,33.13898,33.138985,-0.000111889516,33.138985,0.00010021126,211,211,54,0.001404664,0.0035674183,2.157077e-05,0.20263183,0
379,6.3166666,3.834253e-06,33.138866,33.13887,-0.00011580792,33.13887,0.00010018908,211,211,54,0.0014375395,0.0053974553,2.31388e-05,0.20262952,0
380,6.3333335,4.141385e-06,33.138752,33.138756,-0.00011258007,33.138756,0.00010019557,211,211,54,0.0015429195,0.005386753,2.4393794e-05,0.2026273,0
381,6.35,4.4009944e-06,33.138638,33.13864,-0.000115952695,33.13864,0.000100170226,211,211,54,0.001547326,0.005486089,2.5297435e-05,0.20262499,0
382,6.366667,4.549053e-06,33.138523,33.138527,-0.00011440169,33.138527,0.00010015675,211,211,54,0.0016272407,0.0038691142,2.5986525e-05,0.20262274,0
383,6.383333,4.7176336e-06,33.13841,33.138412,-0.00011404866,33.138412,0.000100150944,211,211,54,0.0016212291,0.0054862467,2.664575e-05,0.20262046,0
384,6.4,4.772889e-06,33.13829,33.138294,-0.000116655814,33.138294,0.00010015425,211,211,54,0.0016143529,0.0052780043,2.6744248e-05,0.20261823,0
385,6.4166665,4.764605e-06,33.13818,33.138184,-0.00011223046,33.138184,0.00010015604,211,211,54,0.0016221806,0.005645783,2.69443e-05,0.20261604,0
386,6.4333334,4.6813097e-06,33.138065,33.138073,-0.00011213922,33.138073,0.000100228724,211,211,54,0.0016402453,0.0055401796,2.6756536e-05,0.20261383,0
387,6.45,4.517444e-06,33.13795,33.137955,-0.00011571115,33.137955,0.000100255165,211,211,54,0.0015820077,0.0053052236,2.6424084e-05,0.20261158,0
388,6.4666667,4.318611e-06,33.137836,33.13784,-0.000115413604,33.13784,0.00010018297,211,211,54,0.0015344202,0.005563665,2.5890477e-05,0.20260924,0
389,6.483333,4.023047e-06,33.137726,33.13773,-0.00011102145,33.13773,0.00010019557,211,211,54,0.0014903543,0.005204191,2.4954938e-05,0.20260704,0
390,6.5,3.712562e-06,33.13761,33.137615,-0.000115359,33.137615,0.00010020099,211,211,54,0.0014246404,0.005188108,2.4120387e-05,0.20260477,0
391,6.516667,3.3442861e-06,33.137493,33.137497,-0.0001157493,33.137497,0.00010019556,211,211,54,0.0013470729,0.0051783244,2.29225e-05,0.20260248,0
392,6.5333333,2.9488592e-06,33.137386,33.13739,-0.00010979127,33.13739,0.0001002465,211,211,54,0.0012598347,0.004617993,2.1486643e-05,0.2026003,0
393,6.55,2.5206064e-06,33.13727,33.13727,-0.00011564302,33.13727,0.000100181736,211,211,54,0.0011618763,0.003553291,1.9851197e-05,0.20259799,0
394,6.5666666,2.1482754e-06,33.13716,33.13716,-0.0001104332,33.13716,0.00010022463,211,211,54,0.001055973,0.004419876,1.8155833e-05,0.20259576,0
395,6.5833335,1.7503446e-06,33.13705,33.13705,-0.000110791305,33.13705,0.000100235964,211,211,54,0.00096482015,0.0042296443,1.6336762e-05,0.20259352,0
396,6.6,1.3679131e-06,33.136936,33.136936,-0.000113768394,33.136936,0.00010023466,211,211,54,0.0008150066,0.004792566,1.418796e-05,0.20259123,0
397,6.616667,9.957007e-07,33.13682,33.136826,-0.000113924434,33.136826,0.0001002367,211,211,54,0.0006731281,0.0041246773,1.226255e-05,0.202589,0
398,6.633333,7.9330067e-07,33.136715,33.136715,-0.00010860071,33.136715,0.00010014985,211,211,54,0.00060298486,0.0034302142,1.0320451e-05,0.20258683,0
399,6.65,6.3940735e-07,33.13661,33.13661,-0.00010705591,33.13661,0.00010019392,211,211,54,0.0005378247,0.0018917298,9.086136e-06,0.2025847,0
400,6.6666665,6.0906547e-07,33.136505,33.136505,-0.00010377351,33.136505,0.000100181736,212,212,54,0.0005123558,0.0023500286,8.463959e-06,0.20258258,0
401,6.6833334,5.865412e-07,33.1364,33.1364,-0.000105927014,33.1364,0.000100209065,212,212,54,0.0005120696,0.0026844025,8.078399e-06,0.20258042,0
402,6.7,5.8094435e-07,33.13629,33.13629,-0.00010591008,33.13629,0.00010022732,212,212,54,0.0005072892,0.0026819266,7.933692e-06,0.20257832,0
403,6.7166667,5.934168e-07,33.13619,33.13619,-0.00010489448,33.13619,0.00010021988,212,212,54,0.0005038891,0.0026587888,7.896303e-06,0.20257619,0
404,6.733333,5.1742273e-07,33.13608,33.13608,-0.00010498295,33.13608,0.00010017106,211,211,54,0.00046320574,0.0027730274,7.932529e-06,0.20257412,0
405,6.75,5.002688e-07,33.135983,33.135983,-0.00010043522,33.135983,0.00010012538,211,211,54,0.0004497456,0.0022715493,7.407903e-06,0.20257206,0
406,6.766667,4.652818e-07,33.135876,33.135876,-0.00010477569,33.135876,0.00010022138,211,211,54,0.0004323815,0.0022167305,6.933956e-06,0.20256989,0
407,6.7833333,4.4257013e-07,33.13578,33.13578,-9.6783166e-05,33.13578,0.00010020164,211,211,54,0.00042218447,0.0021499952,6.7814312e-06,0.20256789,0
408,6.8,4.2339857e-07,33.13568,33.13568,-9.91072e-05,33.13568,0.00010019555,211,211,54,0.00041342186,0.002149968,6.645418e-06,0.20256583,0
409,6.8166666,4.5347917e-07,33.13558,33.13558,-0.00010354684,33.13558,0.0001002532,211,211,54,0.0004276496,0.0022397023,6.630158e-06,0.20256364,0
410,6.8333335,4.4855287e-07,33.135475,33.135475,-0.00010175304,33.135475,0.000100198886,211,211,54,0.0004250242,0.0021858795,6.6681123e-06,0.20256153,0
411,6.85,4.1787328e-07,33.135376,33.135376,-0.00010011624,33.135376,0.00010015858,212,212,54,0.00041119906,0.0021790399,6.5623485e-06,0.2025595,0
412,6.866667,4.3917115e-07,33.13528,33.13528,-9.673916e-05,33.13528,0.00010024293,213,213,55,0.0004204031,0.0021727178,6.474527e-06,0.20255747,0
413,6.883333,4.161701e-07,33.13518,33.13518,-9.911103e-05,33.13518,0.00010018685,213,213,55,0.00040975655,0.0021736627,6.610448e-06,0.20255539,0
414,6.9,4.083406e-07,33.13508,33.13508,-0.00010025964,33.13508,0.000100198835,213,213,55,0.00040707394,0.0021645096,6.551908e-06,0.20255329,0
415,6.9166665,4.0477738e-07,33.134975,33.134975,-0.0001042455,33.134975,0.000100161225,213,213,55,0.000404453,0.0021149965,6.4525675e-06,0.20255119,0
416,6.9333334,4.3433195e-07,33.134876,33.134876,-0.000101053534,33.134876,0.00010020905,213,213,55,0.00041921987,0.0022065402,6.462299e-06,0.20254913,0
417,6.95,4.3083034e-07,33.134773,33.134773,-0.00010208412,33.134773,0.00010019556,213,213,55,0.00041668673,0.0021544227,6.5149757e-06,0.20254704,0
418,6.9666667,4.242833e-07,33.134674,33.134674,-9.909458e-05,33.134674,0.000100135934,213,213,55,0.0004137748,0.002144542,6.392552e-06,0.20254496,0
419,6.983333,3.954901e-07,33.134583,33.134583,-9.2134105e-05,33.134583,0.00010015837,213,213,55,0.00040038378,0.0021417397,6.326e-06,0.20254302,0
420,7,4.0308865e-07,33.134476,33.134476,-0.000105398125,33.134476,0.00010022658,213,213,55,0.00040378954,0.0021918556,6.483644e-06,0.20254087,0
421,7.016667,3.955222e-07,33.134377,33.134377,-9.976062e-05,33.134377,0.000100135956,214,214,55,0.00039965234,0.00213514,6.428148e-06,0.20253885,0
422,7.0333333,3.912942e-07,33.134277,33.134277,-9.7928474e-05,33.134277,0.000100104444,213,213,55,0.00039788053,0.0021295226,6.282519e-06,0.20253684,0
423,7.05,4.1588584e-07,33.13418,33.13418,-9.95622e-05,33.13418,0.00010023026,213,213,55,0.00041031,0.002173358,6.3131324e-06,0.2025348,0
424,7.0666666,4.135265e-07,33.134075,33.134075,-0.000101916725,33.134075,0.00010025515,213,213,55,0.00040857776,0.0021215738,6.3721254e-06,0.20253272,0
425,7.0833335,3.826634e-07,33.133972,33.133976,-0.0001027765,33.133976,0.00010021484,214,214,55,0.00039344165,0.0021126894,6.352975e-06,0.20253061,0
426,7.1,3.8005203e-07,33.133877,33.133877,-9.825936e-05,33.133877,0.00010017453,214,214,55,0.00039261,0.002108983,6.2266363e-06,0.20252854,0
427,7.116667,4.1159944e-07,33.13377,33.13377,-0.00010620545,33.13377,0.00010015488,214,214,55,0.00040699798,0.0021553126,6.269155e-06,0.20252647,0
428,7.133333,4.0561017e-07,33.133667,33.133667,-0.00010408167,33.133667,0.000100135934,214,214,55,0.0004045943,0.0021497589,6.333283e-06,0.20252426,0
429,7.15,3.993169e-07,33.133568,33.133568,-9.776428e-05,33.133568,0.000100195546,214,214,55,0.00040174418,0.0021410424,6.2153713e-06,0.20252223,0
430,7.1666665,4.0139857e-06,33.133465,33.133472,-9.713591e-05,33.133472,0.000100255165,214,214,55,0.0014716227,0.018019779,1.491761e-05,0.20252018,0
431,7.1833334,5.493002e-06,33.133377,33.13338,-8.879749e-05,33.13338,0.00010025515,214,214,55,0.0015797635,0.022297334,2.650171e-05,0.20251834,0
432,7.2,5.6598283e-06,33.133286,33.13329,-9.094096e-05,33.13329,0.000100227364,214,214,55,0.001671057,0.022981161,2.5940602e-05,0.20251647,0
433,7.2166667,5.891607e-06,33.133198,33.1332,-8.90472e-05,33.1332,0.00010021339,214,214,55,0.0019199459,0.023389852,2.9834255e-05,0.20251463,0
434,7.233333,6.2723475e-06,33.133106,33.133114,-8.773445e-05,33.133114,0.00010015483,214,214,55,0.0021590951,0.023752226,3.39226e-05,0.20251285,0
435,7.25,6.753647e-06,33.13302,33.133026,-8.879768e-05,33.133026,0.000100205136,214,214,55,0.0023867153,0.024125496,3.784379e-05,0.20251104,0
436,7.266667,6.7031056e-06,33.13294,33.132946,-7.852294e-05,33.132946,0.00010014137,212,212,54,0.0024521875,0.02075475,4.1439966e-05,0.2025095,0
437,7.2833333,6.322636e-06,33.132942,33.13295,2.7783774e-06,33.13295,0.000100167774,213,213,54,0.0024494727,0.016118722,3.9058785e-05,0.20250966,0
438,7.3,7.0609785e-06,33.132935,33.132942,-8.073177e-06,33.132942,0.00010020857,213,213,54,0.002647846,0.016186811,4.2414376e-05,0.20250973,0
439,7.3166666,8.156331e-06,33.132935,33.132942,1.7603733e-06,33.132942,0.00010022298,213,213,54,0.0028664186,0.016661156,4.6071396e-05,0.20250988,0
440,7.3333335,9.456764e-06,33.13294,33.13295,5.290555e-06,33.13295,0.00010019779,213,213,54,0.0030952727,0.017264036,4.9821516e-05,0.20251006,0
441,7.35,1.0665756e-05,33.13296,33.132973,2.3487173e-05,33.132973,0.00010016225,213,213,54,0.0032810573,0.017454762,5.3054886e-05,0.20251045,0
442,7.366667,1.1591288e-05,33.132988,33.133,2.603005e-05,33.133,0.00010012914,213,213,54,0.0034229897,0.017780391,5.5847868e-05,0.20251091,0
443,7.383333,1.2216319e-05,33.13301,33.133022,2.5729549e-05,33.133022,0.00010015646,213,213,54,0.0035167763,0.018006548,5.790388e-05,0.20251131,0
444,7.4,1.2644727e-05,33.133038,33.133053,2.7694241e-05,33.133053,0.00010017873,210,210,53,0.003582021,0.018177817,5.9292855e-05,0.20251182,0
445,7.4166665,1.298477e-05,33.133068,33.13308,2.8437153e-05,33.13308,0.00010018346,212,212,54,0.0036311862,0.018306315,6.0245893e-05,0.20251228,0
446,7.4333334,1.3160018e-05,33.1331,33.13311,3.0267418e-05,33.13311,0.00010019853,215,215,55,0.0036546036,0.01832543,6.0779148e-05,0.20251283,0
447,7.45,1.3144095e-05,33.13313,33.13314,3.057501e-05,33.13314,0.00010014125,215,215,55,0.0036443481,0.01802565,6.0757677e-05,0.2025134,0
448,7.4666667,1.2744428e-05,33.133163,33.133175,3.351637e-05,33.133175,0.00010018066,215,215,55,0.0035948488,0.017908666,6.0301347e-05,0.20251393,0
449,7.483333,1.2275783e-05,33.133183,33.133198,2.1809536e-05,33.133198,0.00010023797,215,215,55,0.0035263754,0.017610673,5.9437985e-05,0.20251435,0
450,7.5,1.1730939e-05,33.13321,33.13322,2.5723459e-05,33.13322,0.00010021416,215,215,55,0.0034467294,0.017338978,5.8115354e-05,0.20251483,0
451,7.516667,1.0965708e-05,33.133232,33.133244,2.2676735e-05,33.133244,0.00010017478,215,215,55,0.003329802,0.01683642,5.634913e-05,0.20251523,0
452,7.5333333,1.0036885e-05,33.13325,33.133263,1.7525492e-05,33.133263,0.00010010961,215,215,55,0.0031841246,0.016305517,5.434429e-05,0.20251563,0
453,7.55,9.100711e-06,33.133266,33.133274,1.1699212e-05,33.133274,0.00010020246,215,215,55,0.003032004,0.01592885,5.1849984e-05,0.20251596,0
454,7.5666666,8.169982e-06,33.13329,33.133297,2.3675022e-05,33.133297,0.00010016535,215,215,55,0.002860766,0.015153663,4.895566e-05,0.20251647,0
455,7.5833335,7.067729e-06,33.133305,33.133312,1.469198e-05,33.133312,0.00010018961,215,215,55,0.0026553234,0.014610008,4.59257e-05,0.20251684,0
456,7.6,6.0352236e-06,33.133324,33.13333,1.7920574e-05,33.13333,0.0001001493,215,215,55,0.0024388449,0.013956223,4.2560758e-05,0.20251729,0
457,7.616667,5.1239135e-06,33.133335,33.133343,1.1059055e-05,33.133343,0.00010013492,215,215,55,0.0022229622,0.013372192,3.883009e-05,0.20251761,0
458,7.633333,4.297479e-06,33.133354,33.133358,1.6630349e-05,33.133358,0.00010020429,215,215,55,0.0019955563,0.012554213,3.4970722e-05,0.20251799,0
459,7.65,3.5349947e-06,33.133373,33.133373,1.7193064e-05,33.133373,0.00010016169,215,215,55,0.0017524135,0.011694531,3.094682e-05,0.20251834,0
460,7.6666665,2.7973083e-06,33.133377,33.133377,3.4186908e-06,33.133377,0.00010014379,215,215,55,0.0013799898,0.012586826,2.6231413e-05,0.20251845,0
461,7.6833334,4.7874363e-07,33.133335,33.133335,-4.404859e-05,33.133335,0.00010011421,215,215,55,0.0006226293,0.0018882458,5.5021173e-06,0.20251745,0
462,7.7,1.5437736e-06,33.133278,33.133278,-5.529544e-05,33.133278,0.00010010479,215,215,55,0.0010731409,0.002811451,1.4699478e-05,0.20251594,0
463,7.7166667,2.5107931e-06,33.133217,33.133217,-6.1212384e-05,33.133217,0.00010012535,215,215,55,0.0013795551,0.003886958,2.056197e-05,0.20251422,0
464,7.733333,3.410691e-06,33.133156,33.13316,-5.7123125e-05,33.13316,0.00010010851,215,215,55,0.0016144424,0.0047234097,2.4915076e-05,0.20251256,0
465,7.75,5.000055e-06,33.133144,33.13315,-1.2209808e-05,33.13315,0.00010016659,215,215,55,0.0016876019,0.014038361,2.7694645e-05,0.20251204,0
466,7.766667,5.673181e-06,33.133095,33.133102,-4.6377063e-05,33.133102,0.000100178964,215,215,55,0.0018577492,0.009479155,2.9449311e-05,0.20251077,0
467,7.7833333,6.8676677e-06,33.133053,33.13306,-4.319562e-05,33.13306,0.00010017232,215,215,55,0.001944008,0.013399517,3.171893e-05,0.20250969,0
468,7.8,8.067983e-06,33.133007,33.133015,-4.4021068e-05,33.133015,0.00010016575,215,215,55,0.002013922,0.016633488,3.2839434e-05,0.20250864,0
469,7.8166666,8.818017e-06,33.132965,33.132977,-3.931744e-05,33.132977,0.000100181736,215,215,55,0.0021320514,0.016571805,3.4571814e-05,0.20250773,0
470,7.8333335,9.45419e-06,33.132927,33.132935,-4.0927596e-05,33.132935,0.000100160614,215,215,55,0.0022312112,0.017405333,3.6339854e-05,0.20250678,0
471,7.85,9.810983e-06,33.132885,33.132893,-4.170574e-05,33.132893,0.00010018508,215,215,55,0.0023239108,0.016777353,3.784093e-05,0.20250575,0
472,7.866667,1.0084405e-05,33.132847,33.132854,-3.7798993e-05,33.132854,0.00010016041,215,215,55,0.002367767,0.017120326,3.9073188e-05,0.20250481,0
473,7.883333,1.0054668e-05,33.1328,33.132812,-4.325606e-05,33.132812,0.000100196834,215,215,55,0.0024023312,0.01620802,3.9739778e-05,0.2025038,0
474,7.9,9.904594e-06,33.132763,33.13277,-3.988504e-05,33.13277,0.00010017141,215,215,55,0.00238934,0.016136568,3.9870985e-05,0.20250283,0
475,7.9166665,9.544131e-06,33.132725,33.132732,-3.9430408e-05,33.132732,0.00010012864,215,215,55,0.002380086,0.015856706,3.9711136e-05,0.20250186,0
476,7.9333334,8.375849e-06,33.132683,33.13269,-4.0903247e-05,33.13269,0.000100150886,215,215,55,0.0025800825,0.0075061577,4.0437124e-05,0.20250078,0
477,7.95,7.760427e-06,33.13263,33.132637,-5.5978362e-05,33.132637,0.00010019928,215,215,55,0.0025335732,0.007970621,4.2671545e-05,0.20249927,0
478,7.9666667,7.0553792e-06,33.132584,33.132587,-4.6757705e-05,33.132587,0.00010007629,215,215,55,0.00247106,0.008513372,4.1590512e-05,0.20249794,0
479,7.983333,6.311804e-06,33.132538,33.132545,-4.380364e-05,33.132545,0.00010014926,215,215,55,0.0023810857,0.008737644,4.038742e-05,0.20249677,0
480,8,5.5336673e-06,33.132492,33.132496,-4.799458e-05,33.132496,0.00010010431,215,215,55,0.0022554866,0.008701535,3.856956e-05,0.20249555,0
481,8.016666,4.7549515e-06,33.13245,33.132454,-4.2342486e-05,33.132454,0.00010014933,215,215,55,0.0020951887,0.008301022,3.6191243e-05,0.20249435,0
482,8.033334,3.93178e-06,33.132397,33.1324,-5.485607e-05,33.1324,0.000100093166,215,215,55,0.0019125502,0.007842927,3.331949e-05,0.20249288,0
483,8.05,3.1381621e-06,33.132336,33.13234,-6.0977956e-05,33.13234,0.00010013023,215,215,55,0.0017018093,0.007246662,3.0073874e-05,0.20249112,0
484,8.066667,2.4365002e-06,33.13228,33.13228,-5.8724687e-05,33.13228,0.00010009978,215,215,55,0.0014653985,0.0058351387,2.6285163e-05,0.2024895,0
485,8.083333,1.8393549e-06,33.132214,33.132214,-6.5769134e-05,33.132214,0.00010016028,215,215,55,0.001211683,0.004673633,2.220014e-05,0.20248768,0
486,8.1,1.3499613e-06,33.132145,33.132145,-6.7656445e-05,33.132145,0.000100190606,215,215,55,0.0009809005,0.002618049,1.7958653e-05,0.20248586,0
487,8.116667,1.1219978e-06,33.13208,33.13208,-6.573246e-05,33.13208,0.0001001445,215,215,55,0.00088941003,0.002416854,1.5251289e-05,0.2024841,0
488,8.133333,1.0544496e-06,33.132015,33.132015,-6.5405795e-05,33.132015,0.00010015801,215,215,55,0.00086370436,0.0023475832,1.437978e-05,0.20248233,0
489,8.15,1.0302358e-06,33.131947,33.13195,-6.6692504e-05,33.13195,0.000100141944,215,215,55,0.00085141085,0.002333821,1.40907e-05,0.20248055,0
490,8.166667,1.0147047e-06,33.13188,33.13188,-6.7182584e-05,33.13188,0.00010018634,215,215,55,0.00084389775,0.0023134947,1.395236e-05,0.20247877,0
491,8.183333,1.0046424e-06,33.131813,33.131813,-6.8174646e-05,33.131813,0.00010017164,215,215,55,0.0008423981,0.0022997693,1.3882544e-05,0.20247698,0
492,8.2,9.89561e-07,33.13175,33.13175,-6.485456e-05,33.13175,0.000100151075,215,215,55,0.00083585485,0.002284792,1.3790374e-05,0.20247522,0
493,8.216666,9.948226e-07,33.13168,33.13168,-6.998813e-05,33.13168,0.00010013476,215,215,55,0.0008328135,0.00228079,1.3696464e-05,0.20247336,0
494,8.233334,9.838695e-07,33.13161,33.131615,-6.551546e-05,33.131615,0.00010017418,215,215,55,0.0008315628,0.002296165,1.3667082e-05,0.20247157,0
495,8.25,9.75828e-07,33.131546,33.131546,-6.5678796e-05,33.131546,0.000100202145,215,215,55,0.00082835753,0.0022581609,1.3529335e-05,0.20246983,0
496,8.266666,9.81972e-07,33.131477,33.13148,-6.782593e-05,33.13148,0.000100237936,215,215,55,0.0008313733,0.002275951,1.3564631e-05,0.20246801,0
497,8.283334,9.758414e-07,33.13141,33.13141,-6.999952e-05,33.13141,0.00010023016,215,215,55,0.0008289606,0.002270321,1.3560542e-05,0.20246617,0
498,8.3,9.683406e-07,33.13134,33.131344,-6.750706e-05,33.131344,0.00010022017,215,215,55,0.0008258706,0.002261204,1.3496911e-05,0.20246439,0
499,8.316667,9.210062e-07,33.13128,33.13128,-6.305801e-05,33.13128,0.00010016208,215,215,55,0.00080413255,0.002216422,1.3315742e-05,0.20246261,0
500,8.333333,9.076134e-07,33.131214,33.131214,-6.385535e-05,33.131214,0.000100168436,215,215,55,0.0007994712,0.0021926619,1.3126758e-05,0.20246089,0
501,8.35,9.0064674e-07,33.13115,33.131153,-6.401517e-05,33.131153,0.00010023215,215,215,55,0.00079481833,0.0021921305,1.306295e-05,0.20245914,0
502,8.366667,8.919814e-07,33.131084,33.13109,-6.4349384e-05,33.13109,0.0001001673,215,215,55,0.0007935506,0.0021770003,1.2991249e-05,0.20245737,0
503,8.383333,9.1553756e-07,33.13102,33.13102,-6.830728e-05,33.13102,0.00010021431,215,215,55,0.0008012805,0.002198255,1.2989623e-05,0.20245557,0
504,8.4,9.1661207e-07,33.13095,33.13095,-6.749849e-05,33.13095,0.00010026042,215,215,55,0.0008028112,0.0022076427,1.3043343e-05,0.2024538,0
505,8.416667,8.728412e-07,33.130886,33.130886,-6.571453e-05,33.130886,0.00010013821,215,215,55,0.0007799146,0.0021704487,1.2929209e-05,0.202452,0
506,8.433333,8.66096e-07,33.130817,33.130817,-6.7173794e-05,33.130817,0.0001002021,215,215,55,0.00078025536,0.0021565743,1.27743615e-05,0.20245019,0
507,8.45,8.921071e-07,33.13075,33.13075,-6.896985e-05,33.13075,0.000100176105,215,215,55,0.0007880088,0.002184042,1.281483e-05,0.20244835,0
508,8.466666,8.8661557e-07,33.13068,33.13068,-6.7505054e-05,33.13068,0.00010020619,215,215,55,0.0007856022,0.0021829226,1.2818364e-05,0.2024466,0
509,8.483334,8.3979484e-07,33.130615,33.130615,-6.6216344e-05,33.130615,0.00010016028,215,215,55,0.00076937396,0.0021173707,1.2647664e-05,0.2024448,0
510,8.5,8.618563e-07,33.130547,33.130547,-6.947256e-05,33.130547,0.00010022927,215,215,55,0.000774597,0.0021457558,1.2566139e-05,0.20244296,0
511,8.516666,8.588701e-07,33.13048,33.13048,-6.317992e-05,33.13048,0.00010016187,215,215,55,0.00077311794,0.0021506837,1.2590626e-05,0.20244117,0
512,8.533334,8.507535e-07,33.13043,33.13043,-5.3708507e-05,33.13043,0.000100227364,215,215,55,0.0007727713,0.0021318332,1.2481614e-05,0.2024397,0
513,8.55,8.421429e-07,33.130375,33.130375,-5.2545216e-05,33.130375,0.00010022709,215,215,55,0.00076913135,0.002120797,1.2420537e-05,0.2024382,0
514,8.566667,8.017124e-07,33.130325,33.13033,-4.8919424e-05,33.13033,0.00010018265,215,215,55,0.00074764655,0.0020869826,1.2282004e-05,0.2024368,0
515,8.583333,7.8766294e-07,33.13028,33.13028,-4.7230493e-05,33.13028,0.00010017479,215,215,55,0.00074315135,0.00206258,1.2084892e-05,0.20243555,0
516,8.6,7.768222e-07,33.130234,33.130234,-4.6728517e-05,33.130234,0.0001001819,215,215,55,0.0007351134,0.0020495872,1.1984082e-05,0.20243429,0
517,8.616667,8.0611187e-07,33.130184,33.130184,-5.0512255e-05,33.130184,0.000100195415,215,215,55,0.0007496023,0.0020791409,1.200914e-05,0.20243298,0
518,8.633333,7.8305055e-07,33.13013,33.13013,-5.1562136e-05,33.13013,0.00010020311,215,215,55,0.00074255903,0.00207447,1.21094035e-05,0.20243154,0
519,8.65,7.505073e-07,33.130085,33.130085,-4.6583966e-05,33.130085,0.00010016506,215,215,55,0.00072592054,0.0020163644,1.1847969e-05,0.20243032,0
520,8.666667,7.355324e-07,33.130035,33.130035,-4.856146e-05,33.130035,0.00010018704,215,215,55,0.00071584265,0.0019995307,1.1640217e-05,0.20242913,0
521,8.683333,7.283092e-07,33.12999,33.12999,-4.7556176e-05,33.12999,0.000100119185,215,215,55,0.00071278855,0.001989078,1.1550713e-05,0.20242794,0
522,8.7,7.583814e-07,33.129936,33.129936,-5.3171552e-05,33.129936,0.000100223915,215,215,55,0.0007262437,0.0020230087,1.1610741e-05,0.20242648,0
523,8.716666,7.564355e-07,33.129887,33.129887,-4.75509e-05,33.129887,0.00010022842,215,215,55,0.000723443,0.0020319936,1.1644216e-05,0.2024252,0
524,8.733334,7.2011636e-07,33.12984,33.12984,-4.6920253e-05,33.12984,0.00010018302,215,215,55,0.0007073453,0.0019924298,1.1550355e-05,0.20242395,0
525,8.75,7.4692144e-07,33.129787,33.12979,-5.1346015e-05,33.12979,0.000100194506,215,215,55,0.00072142616,0.0020135331,1.1512694e-05,0.20242256,0
526,8.766666,7.190375e-07,33.129738,33.12974,-4.9904407e-05,33.12974,0.000100146346,215,215,55,0.000707996,0.0019964431,1.1578737e-05,0.20242113,0
527,8.783334,7.423552e-07,33.129684,33.12969,-5.3677075e-05,33.12969,0.00010022741,215,215,55,0.00071625283,0.0020205239,1.153319e-05,0.20241968,0
528,8.8,1.154531e-06,33.129547,33.12955,-0.00013708077,33.12955,0.00010017576,215,215,55,0.000871465,0.0024665697,1.1929989e-05,0.20241684,0
529,8.816667,1.4558726e-06,33.129314,33.12932,-0.0002316245,33.12932,0.000100192825,215,215,55,0.0009899486,0.0026730413,1.4970721e-05,0.2024125,0
530,8.833333,1.4841022e-06,33.12914,33.12914,-0.0001775322,33.12914,0.00010023819,214,214,55,0.0009956812,0.002696705,1.5127375e-05,0.20240887,0
531,8.85,1.6368598e-06,33.128975,33.128975,-0.00016527105,33.128975,0.000100255085,214,214,55,0.0010663325,0.002945941,1.5902582e-05,0.20240545,0
532,8.866667,1.4763174e-06,33.128765,33.128765,-0.00020847816,33.128765,0.00010025506,214,214,55,0.0009851602,0.0026624308,1.5767671e-05,0.20240141,0
533,8.883333,1.5571752e-06,33.12851,33.128513,-0.00025412315,33.128513,0.00010018944,214,214,55,0.001016832,0.0026653733,1.5487207e-05,0.20239696,0
534,8.9,1.5429254e-06,33.128235,33.12824,-0.00027533266,33.12824,0.00010024806,214,214,55,0.0009966705,0.0025841098,1.5758562e-05,0.20239228,0
535,8.916667,1.4679456e-06,33.127964,33.127968,-0.00026974073,33.127968,0.00010020615,214,214,55,0.0009813472,0.0026669393,1.4863146e-05,0.20238769,0
536,8.933333,1.4877056e-06,33.127697,33.1277,-0.00026748466,33.1277,0.00010022784,214,214,55,0.0009917343,0.0027311563,1.5170643e-05,0.20238315,0
537,8.95,1.4722859e-06,33.127426,33.12743,-0.0002710112,33.12743,0.00010019919,214,214,55,0.0009789311,0.0026553317,1.5517911e-05,0.2023785,0
538,8.966666,1.4881034e-06,33.127155,33.127155,-0.00027181124,33.127155,0.000100251695,214,214,55,0.0009783938,0.002519343,1.463336e-05,0.20237386,0
539,8.983334,1.476143e-06,33.126884,33.126884,-0.0002721715,33.126884,0.00010023387,214,214,55,0.0009836367,0.0026882365,1.4902501e-05,0.20236926,0
540,9,1.4423093e-06,33.126614,33.126614,-0.00027119587,33.126614,0.0001002296,214,214,55,0.00096053677,0.0025494702,1.5241762e-05,0.2023646,0
541,9.016666,1.4255847e-06,33.126343,33.126343,-0.00027084624,33.126343,0.00010020695,214,214,55,0.00096164434,0.0025695593,1.4386809e-05,0.20235999,0
542,9.033334,1.4956632e-06,33.126072,33.126072,-0.00027009443,33.126072,0.00010020304,214,214,55,0.0009869009,0.0026292761,1.4788615e-05,0.20235536,0
543,9.05,1.43232e-06,33.125797,33.125797,-0.0002737192,33.125797,0.00010028544,214,214,55,0.00095236086,0.0025323129,1.5039958e-05,0.20235068,0
544,9.066667,1.4277645e-06,33.125526,33.125526,-0.00027282914,33.125526,0.00010024148,214,214,55,0.0009440834,0.0024549174,1.4261439e-05,0.20234601,0
545,9.083333,1.4493417e-06,33.125256,33.125256,-0.0002698104,33.125256,0.000100241916,214,214,55,0.00096752273,0.0025932654,1.4426411e-05,0.20234135,0
546,9.1,1.3121264e-06,33.124977,33.124977,-0.00027761696,33.124977,0.000100199475,214,214,55,0.00090236595,0.0023780474,1.4063032e-05,0.20233656,0
547,9.116667,1.2748641e-06,33.124702,33.124706,-0.0002741919,33.124706,0.000100285455,214,214,55,0.0008888796,0.0022945763,1.32967925e-05,0.20233193,0
548,9.133333,1.2747544e-06,33.124428,33.12443,-0.00027415474,33.12443,0.0001002502,214,214,55,0.00088482705,0.0022963122,1.3132796e-05,0.20232727,0
549,9.15,1.2674113e-06,33.124153,33.124153,-0.00027532576,33.124153,0.0001002797,214,214,55,0.0008810488,0.0022870866,1.3066176e-05,0.20232256,0
550,9.166667,1.2604685e-06,33.12388,33.123882,-0.00027382906,33.123882,0.00010029484,214,214,55,0.00087804894,0.0022759992,1.3002975e-05,0.20231783,0
551,9.183333,1.23974e-06,33.123604,33.123608,-0.00027450785,33.123608,0.00010026109,214,214,55,0.00087326457,0.0022432085,1.2935502e-05,0.20231311,0
552,9.2,1.2050332e-06,33.123337,33.123337,-0.0002698667,33.123337,0.00010022954,214,214,55,0.0008601553,0.0022072846,1.2736054e-05,0.20230857,0
553,9.216666,1.24468e-06,33.123062,33.123062,-0.00027428125,33.123062,0.00010021732,214,214,55,0.000858311,0.0022025087,1.250241e-05,0.20230389,0
554,9.233334,1.2317029e-06,33.122787,33.122787,-0.00027350258,33.122787,0.00010022151,214,214,55,0.0008539538,0.0021897848,1.23369955e-05,0.20229922,0
555,9.25,1.1856396e-06,33.122517,33.122517,-0.0002723719,33.122517,0.00010023704,214,214,55,0.00083447946,0.0022365618,1.2261538e-05,0.20229451,0
556,9.266666,1.1626169e-06,33.12224,33.122242,-0.00027633898,33.122242,0.000100266865,214,214,55,0.00082732964,0.0022273639,1.2193736e-05,0.2022898,0
557,9.283334,1.2012094e-06,33.121964,33.121967,-0.0002742823,33.121967,0.00010024855,214,214,55,0.0008378606,0.0021774073,1.2160065e-05,0.20228504,0
558,9.3,1.1856303e-06,33.12169,33.121693,-0.00027417022,33.121693,0.00010027162,214,214,55,0.0008331345,0.0021748377,1.2062319e-05,0.20228034,0
559,9.316667,1.151746e-06,33.121414,33.121418,-0.00027485352,33.121418,0.00010027375,214,214,55,0.0008221822,0.0021947229,1.2025773e-05,0.20227559,0
560,9.333333,1.1796844e-06,33.121143,33.121143,-0.00027346166,33.121143,0.00010024217,212,212,54,0.000828563,0.0021303631,1.1932768e-05,0.20227093,0
561,9.35,1.2102978e-06,33.12087,33.12087,-0.00027395776,33.12087,0.00010028655,212,212,54,0.0008368767,0.0020836329,1.1894894e-05,0.20226622,0
562,9.366667,1.130352e-06,33.120598,33.120598,-0.00027174075,33.120598,0.00010026739,212,212,54,0.00081145595,0.0021611133,1.1810759e-05,0.20226157,0
563,9.383333,1.1657519e-06,33.120323,33.120323,-0.00027411923,33.120323,0.000100259625,212,212,54,0.0008210685,0.0021153744,1.1762782e-05,0.2022569,0
564,9.4,1.1237942e-06,33.12005,33.120052,-0.00027286654,33.120052,0.00010024559,212,212,54,0.0008103284,0.0021539633,1.1722985e-05,0.20225224,0
565,9.416667,1.1366158e-06,33.119785,33.119785,-0.00026499777,33.119785,0.00010025875,212,212,54,0.0008139592,0.0020907146,1.1607715e-05,0.20224768,0
566,9.433333,1.1139176e-06,33.119545,33.119545,-0.00024042754,33.119545,0.0001002287,212,212,54,0.0008063326,0.002105214,1.14183995e-05,0.20224345,0
567,9.45,1.0689574e-06,33.119316,33.11932,-0.00022698315,33.11932,0.00010031525,212,212,54,0.0007889576,0.0021227368,1.1346453e-05,0.2022392,0
568,9.466666,9.689677e-07,33.119194,33.119198,-0.000121964964,33.119198,0.00010030105,212,212,54,0.0007466933,0.0018647469,1.0908716e-05,0.2022365,0
569,9.483334,8.9845366e-07,33.11908,33.11908,-0.00011777911,33.11908,0.00010025938,212,212,54,0.00071582233,0.0018597501,1.0409895e-05,0.20223385,0
570,9.5,9.0014936e-07,33.118958,33.118958,-0.00011953571,33.118958,0.000100310186,215,215,55,0.0007181067,0.0018138632,1.0265896e-05,0.20223115,0
571,9.516666,9.2312956e-07,33.118843,33.118843,-0.00011635558,33.118843,0.00010035404,215,215,55,0.0007248868,0.0017913181,1.0195182e-05,0.20222856,0
572,9.533334,8.7260935e-07,33.11873,33.11873,-0.000112771464,33.11873,0.00010037191,215,215,55,0.0007079273,0.0018176442,1.0116471e-05,0.20222597,0
573,9.55,8.809536e-07,33.11861,33.11861,-0.00011919655,33.11861,0.00010031369,215,215,55,0.0007096574,0.001810443,1.0082621e-05,0.2022233,0
574,9.566667,9.0348124e-07,33.118492,33.118496,-0.000116522286,33.118496,0.000100227735,215,215,55,0.00071398605,0.0017612331,1.0046835e-05,0.20222066,0
575,9.583333,8.542182e-07,33.118378,33.118378,-0.00011676033,33.118378,0.00010029131,215,215,55,0.0006929289,0.0017964905,1.0001728e-05,0.20221801,0
576,9.6,8.645618e-07,33.11826,33.11826,-0.00011670072,33.11826,0.00010027977,215,215,55,0.00070127135,0.0017583817,9.950135e-06,0.20221536,0
577,9.616667,8.898698e-07,33.11814,33.11814,-0.00011951209,33.11814,0.000100326324,215,215,55,0.0007094166,0.00174415,9.941301e-06,0.20221263,0
578,9.633333,8.40299e-07,33.118023,33.118023,-0.000117259406,33.118023,0.0001002551,215,215,55,0.0006926428,0.0017695911,9.82473e-06,0.20220987,0
579,9.65,8.480174e-07,33.117916,33.11792,-0.00010589677,33.11792,0.000100275,215,215,55,0.0006923595,0.0017643997,9.884568e-06,0.20220742,0
580,9.666667,8.734267e-07,33.11781,33.117813,-0.00010637784,33.117813,0.00010029308,215,215,55,0.0007017994,0.0017142324,9.815385e-06,0.20220491,0
581,9.683333,8.2389727e-07,33.117702,33.117702,-0.00010944537,33.117702,0.000100302816,215,215,55,0.00067846396,0.0017503612,9.793365e-06,0.20220241,0
582,9.7,8.339204e-07,33.117588,33.11759,-0.000111713394,33.11759,0.000100342564,213,213,54,0.000684737,0.0017160092,9.738763e-06,0.20219985,0
583,9.716666,8.5919714e-07,33.117485,33.117485,-0.00010471542,33.117485,0.00010031498,212,212,54,0.00069731666,0.0016528456,9.714674e-06,0.20219734,0
584,9.733334,8.1249374e-07,33.117382,33.117382,-0.00010445489,33.117382,0.0001003582,212,212,54,0.0006793783,0.0017278517,9.6780595e-06,0.20219496,0
585,9.75,8.233307e-07,33.117268,33.117268,-0.000112377595,33.117268,0.00010032205,212,212,54,0.00068254874,0.0017235088,9.62273e-06,0.20219234,0
586,9.766666,8.470553e-07,33.117157,33.117157,-0.00011070216,33.117157,0.000100357705,212,212,54,0.00068846165,0.0016770044,9.6203985e-06,0.20218977,0
587,9.783334,7.972431e-07,33.117046,33.11705,-0.00010994442,33.11705,0.0001003611,211,211,54,0.0006695761,0.0017075931,9.559585e-06,0.20218723,0
588,9.8,8.0773793e-07,33.116936,33.116936,-0.00011088164,33.116936,0.000100307145,211,211,54,0.00067276537,0.0017027542,9.522546e-06,0.20218465,0
589,9.816667,8.3593295e-07,33.116833,33.116833,-0.000105045016,33.116833,0.00010033705,211,211,54,0.00068471243,0.0016544198,9.516547e-06,0.2021822,0
590,9.833333,7.806943e-07,33.116722,33.116726,-0.0001082873,33.116726,0.000100257246,211,211,54,0.00066439796,0.0016852436,9.4835605e-06,0.20217974,0
591,9.85,7.8241095e-07,33.11661,33.11661,-0.00011105668,33.11661,0.00010028217,211,211,54,0.0006641295,0.0016785315,9.451886e-06,0.20217721,0
592,9.866667,7.854047e-07,33.116505,33.116505,-0.00010872783,33.116505,0.00010030845,211,211,54,0.0006605154,0.0016772572,9.431014e-06,0.20217468,0
593,9.883333,7.942611e-07,33.116398,33.116398,-0.00010656065,33.116398,0.00010038959,211,211,54,0.000663088,0.0016595224,9.2990485e-06,0.20217216,0
594,9.9,8.086774e-07,33.116287,33.116287,-0.000109547684,33.116287,0.000100295285,211,211,54,0.0006676741,0.0016297203,9.328063e-06,0.20216961,0
595,9.916667,8.0640547e-07,33.11618,33.11618,-0.00010740305,33.11618,0.00010031338,211,211,54,0.00066798384,0.0016175205,9.284872e-06,0.20216708,0
596,9.933333,7.5747823e-07,33.116074,33.116074,-0.00010828098,33.116074,0.000100292345,211,211,54,0.00065047963,0.0016364855,9.209663e-06,0.2021645,0
597,9.95,7.4517305e-07,33.115963,33.115967,-0.00010724683,33.115967,0.000100355355,211,211,54,0.000645847,0.0015950322,9.197675e-06,0.20216198,0
598,9.966666,7.544866e-07,33.115856,33.11586,-0.00010722521,33.11586,0.000100268466,211,211,54,0.0006486886,0.0016404717,9.14424e-06,0.2021595,0
599,9.983334,7.6035195e-07,33.11575,33.11575,-0.00010805994,33.11575,0.000100335106,211,211,54,0.00065282907,0.0016320904,9.149504e-06,0.20215696,0
600,10,7.566771e-07,33.11564,33.115643,-0.00010890075,33.115643,0.00010025501,211,211,54,0.0006501601,0.0016258154,9.100761e-06,0.20215441,0
601,10.016666,7.5176087e-07,33.115532,33.115536,-0.00010707319,33.115536,0.00010020927,211,211,54,0.000647972,0.0016144647,9.023286e-06,0.20215185,0
602,10.033334,7.6032217e-07,33.115425,33.115425,-0.00010805724,33.115425,0.00010025589,211,211,54,0.00064999936,0.0015977862,9.0582425e-06,0.20214932,0
603,10.05,7.558935e-07,33.115326,33.115326,-0.000100921265,33.115326,0.00010039487,211,211,54,0.0006439684,0.0015967875,9.027021e-06,0.20214695,0
604,10.066667,7.5173097e-07,33.11521,33.115215,-0.000111395064,33.115215,0.00010032325,211,211,54,0.0006419386,0.0015897279,8.959486e-06,0.20214441,0
605,10.083333,7.5020836e-07,33.115105,33.115105,-0.00010790107,33.115105,0.000100347475,211,211,54,0.0006431417,0.0015832793,9.008008e-06,0.20214199,0
606,10.1,7.463778e-07,33.115,33.115005,-0.000101918195,33.115005,0.00010028352,211,211,54,0.00064122316,0.0015769333,8.909773e-06,0.20213956,0
607,10.116667,7.2973603e-07,33.114895,33.114895,-0.000108082444,33.114895,0.000100255245,211,211,54,0.0006338756,0.0015804487,8.925018e-06,0.20213714,0
608,10.133333,7.2730995e-07,33.114788,33.11479,-0.000105740655,33.11479,0.0001002874,211,211,54,0.00063123426,0.0015757123,8.914025e-06,0.20213476,0
609,10.15,7.2145235e-07,33.114685,33.114685,-0.00010341652,33.114685,0.000100217825,211,211,54,0.0006296154,0.0015455878,8.87088e-06,0.20213234,0
610,10.166667,7.1771336e-07,33.114582,33.114582,-0.00010474444,33.114582,0.00010032221,211,211,54,0.0006276991,0.0015403384,8.808446e-06,0.2021299,0
611,10.183333,7.0865565e-07,33.114475,33.114475,-0.00010491601,33.114475,0.00010028901,211,211,54,0.00062793243,0.0015160881,8.7482385e-06,0.20212744,0
612,10.2,7.04031e-07,33.114372,33.114372,-0.000105576604,33.114372,0.00010024125,211,211,54,0.0006231124,0.0015126091,8.739076e-06,0.20212504,0
613,10.216666,6.8671426e-07,33.11427,33.11427,-0.000102430444,33.11427,0.000100353456,211,211,54,0.0006174966,0.0014960624,8.696973e-06,0.20212266,0
614,10.233334,7.390165e-07,33.114162,33.114162,-0.000106849715,33.114162,0.0001002598,211,211,54,0.0006375034,0.001483987,8.668959e-06,0.20212017,0
615,10.25,7.2940384e-07,33.11406,33.11406,-0.00010308776,33.11406,0.000100303216,211,211,54,0.0006320474,0.001497894,8.69141e-06,0.20211776,0
616,10.266666,7.2591416e-07,33.113953,33.113953,-0.00010524296,33.113953,0.00010025038,211,211,54,0.0006289391,0.0014825175,8.596913e-06,0.20211539,0
617,10.283334,7.257433e-07,33.113846,33.113846,-0.00010856474,33.113846,0.00010028058,211,211,54,0.0006303789,0.0014761616,8.51649e-06,0.20211287,0
618,10.3,7.200052e-07,33.11374,33.113743,-0.00010408142,33.113743,0.000100327125,211,211,54,0.00062579697,0.0014303861,8.52723e-06,0.20211042,0
619,10.316667,7.2402787e-07,33.113632,33.113632,-0.000107895525,33.113632,0.00010028877,211,211,54,0.0006236696,0.0014632946,8.487465e-06,0.20210797,0
620,10.333333,7.291307e-07,33.113525,33.113525,-0.000108891974,33.113525,0.00010035147,211,211,54,0.00062492763,0.0014837941,8.500361e-06,0.20210548,0
621,10.35,7.297176e-07,33.113422,33.113422,-0.000102412545,33.113422,0.00010032963,211,211,54,0.00062947255,0.0014756812,8.532462e-06,0.20210312,0
622,10.366667,7.258739e-07,33.113316,33.113316,-0.00010757088,33.113316,0.000100252364,210,210,54,0.0006290806,0.0014658701,8.497871e-06,0.2021007,0
623,10.383333,7.2385245e-07,33.11321,33.11321,-0.00010590651,33.11321,0.00010023639,210,210,54,0.00062863604,0.0014633652,8.465765e-06,0.20209824,0
624,10.4,7.2199856e-07,33.113106,33.113106,-0.000101916215,33.113106,0.00010033805,211,211,54,0.0006279001,0.0014638489,8.444011e-06,0.2020958,0
625,10.416667,7.1567155e-07,33.11302,33.11302,-8.479642e-05,33.11302,0.00010031446,211,211,54,0.0006247612,0.0014454356,8.417505e-06,0.20209363,0
626,10.433333,7.157704e-07,33.112938,33.112938,-8.262868e-05,33.112938,0.00010030377,211,211,54,0.0006196255,0.0014862763,8.323807e-06,0.20209141,0
627,10.45,7.1290384e-07,33.112858,33.112858,-8.146786e-05,33.112858,0.000100302,211,211,54,0.0006176435,0.0014776596,8.313494e-06,0.2020892,0
628,10.466666,7.0956565e-07,33.112778,33.112778,-8.113582e-05,33.112778,0.00010027073,209,209,53,0.0006172916,0.0014536154,8.311438e-06,0.20208706,0
629,10.483334,7.0568893e-07,33.112694,33.112694,-8.180138e-05,33.112694,0.00010031473,209,209,53,0.00061676046,0.0014310189,8.246965e-06,0.20208491,0
630,10.5,7.042961e-07,33.11261,33.112614,-8.2796425e-05,33.112614,0.00010031473,212,212,54,0.0006166269,0.0014289632,8.2686565e-06,0.20208274,0
631,10.516666,7.01443e-07,33.112526,33.112526,-8.512545e-05,33.112526,0.00010031112,212,212,54,0.0006153804,0.0014294572,8.238588e-06,0.20208056,0
632,10.533334,6.9736046e-07,33.112446,33.112446,-8.196784e-05,33.112446,0.00010035339,212,212,54,0.00061562593,0.001453915,8.178789e-06,0.20207837,0
633,10.55,6.9995053e-07,33.11236,33.11236,-8.5286265e-05,33.11236,0.000100357334,212,212,54,0.00061394554,0.001498835,8.240413e-06,0.20207615,0
634,10.566667,6.961079e-07,33.112278,33.112278,-8.263262e-05,33.112278,0.00010026209,212,212,54,0.0006113672,0.0014894998,8.173566e-06,0.20207399,0
635,10.583333,6.9206504e-07,33.112194,33.112194,-8.1967795e-05,33.112194,0.00010029343,212,212,54,0.0006084258,0.0014652308,8.122138e-06,0.2020718,0
636,10.6,6.9064697e-07,33.11211,33.11211,-8.3295214e-05,33.11211,0.00010036984,212,212,54,0.00060876826,0.001443761,8.112914e-06,0.20206961,0
637,10.616667,6.91553e-07,33.11203,33.11203,-8.0799065e-05,33.11203,0.0001003231,212,212,54,0.000611863,0.0014197789,8.070356e-06,0.20206743,0
638,10.633333,8.142662e-07,33.11195,33.11195,-8.117602e-05,33.11195,0.00010025099,212,212,54,0.00070780533,0.0019615595,8.648711e-06,0.20206533,0
639,10.65,9.2669296e-07,33.111874,33.111874,-7.6032404e-05,33.111874,0.000100255114,212,212,54,0.0007710691,0.0022014028,1.0123594e-05,0.20206328,0
640,10.666667,9.499419e-07,33.111794,33.111794,-7.8947916e-05,33.111794,0.00010029668,211,211,54,0.0007811279,0.0022496104,1.0732778e-05,0.20206118,0
641,10.683333,9.384826e-07,33.11171,33.111713,-8.297274e-05,33.111713,0.00010025953,211,211,54,0.00077747565,0.0022559536,1.0810898e-05,0.20205902,0
642,10.7,9.3746854e-07,33.111633,33.111633,-7.8473415e-05,33.111633,0.000100261816,214,214,55,0.00077713386,0.0022589935,1.0741041e-05,0.20205696,0
643,10.716666,9.34978e-07,33.111553,33.111553,-7.9638674e-05,33.111553,0.000100322366,214,214,55,0.0007717421,0.0023173082,1.0706878e-05,0.20205483,0
644,10.733334,9.2741595e-07,33.111473,33.111473,-8.030877e-05,33.111473,0.000100323734,214,214,55,0.00076882035,0.0022876947,1.0620431e-05,0.20205273,0
645,10.75,9.243858e-07,33.11139,33.11139,-8.296432e-05,33.11139,0.00010022536,213,213,55,0.0007654995,0.0022770523,1.0596641e-05,0.2020506,0
646,10.766666,9.163507e-07,33.111313,33.111313,-7.8147925e-05,33.111313,0.000100226986,213,213,55,0.0007643146,0.0022469566,1.0526969e-05,0.20204848,0
647,10.783334,9.086175e-07,33.11123,33.11123,-8.213774e-05,33.11123,0.00010022912,213,213,55,0.0007601966,0.0022304547,1.046918e-05,0.20204633,0
648,10.8,9.049359e-07,33.11115,33.11115,-8.030488e-05,33.11115,0.00010037433,211,211,54,0.00075811375,0.0022275802,1.0437516e-05,0.2020442,0
649,10.816667,8.987714e-07,33.11107,33.111073,-7.8478566e-05,33.111073,0.00010025513,210,210,54,0.0007556571,0.0022142683,1.0363603e-05,0.20204212,0
650,10.833333,8.97624e-07,33.11099,33.110992,-8.0468606e-05,33.110992,0.00010025509,212,212,55,0.00075474114,0.0022020987,1.0307116e-05,0.20204,0
651,10.85,8.896321e-07,33.11091,33.11091,-8.147298e-05,33.11091,0.0001002551,212,212,55,0.00075354124,0.0021900733,1.0277122e-05,0.20203789,0
652,10.866667,8.8529595e-07,33.11083,33.110832,-7.89755e-05,33.110832,0.00010031471,212,212,55,0.0007496036,0.0021933222,1.0204051e-05,0.20203578,0
653,10.883333,8.711989e-07,33.11075,33.11075,-8.280913e-05,33.11075,0.00010028519,212,212,55,0.000742757,0.002195996,1.0182789e-05,0.20203361,0
654,10.9,8.5068916e-07,33.11067,33.11067,-7.8160396e-05,33.11067,0.00010028576,212,212,55,0.00072120206,0.0021404072,9.96666e-06,0.20203155,0
655,10.916667,8.4041346e-07,33.110588,33.110588,-8.081025e-05,33.110588,0.000100259385,212,212,55,0.0007160278,0.0021158485,9.813499e-06,0.20202944,0
656,10.933333,8.322105e-07,33.110508,33.110508,-7.897936e-05,33.110508,0.000100292,212,212,55,0.0007119639,0.0021199307,9.7536695e-06,0.20202734,0
657,10.95,8.25387e-07,33.11044,33.110443,-6.817141e-05,33.110443,0.000100268015,212,212,55,0.000711744,0.0020778007,9.693324e-06,0.20202549,0
658,10.966666,8.2133135e-07,33.110374,33.110374,-6.717111e-05,33.110374,0.00010023288,212,212,55,0.0007078677,0.0020787995,9.612226e-06,0.20202361,0
659,10.983334,8.157835e-07,33.11031,33.11031,-6.451252e-05,33.11031,0.00010032535,212,212,55,0.0007058475,0.0020506545,9.544745e-06,0.20202173,0
660,11,8.141055e-07,33.110245,33.110245,-6.600495e-05,33.110245,0.000100296966,212,212,55,0.0007067061,0.0020325794,9.537742e-06,0.2020199,0
661,11.016666,8.089708e-07,33.110176,33.110176,-6.8335976e-05,33.110176,0.00010025788,212,212,55,0.0007041406,0.0020306413,9.485746e-06,0.20201804,0
662,11.033334,8.0218604e-07,33.110107,33.110107,-6.684133e-05,33.110107,0.00010028996,212,212,55,0.00069909426,0.0020300047,9.432081e-06,0.20201613,0
663,11.05,8.012714e-07,33.11004,33.11004,-6.81655e-05,33.11004,0.00010025457,212,212,55,0.0007005139,0.0020234762,9.4086245e-06,0.20201425,0
664,11.066667,7.7381287e-07,33.109974,33.109974,-6.553196e-05,33.109974,0.00010025511,212,212,55,0.00068469526,0.0020092754,9.416798e-06,0.2020124,0
665,11.083333,7.71213e-07,33.109905,33.109905,-6.9164715e-05,33.109905,0.00010030183,212,212,55,0.0006839122,0.0020326271,9.300338e-06,0.20201044,0
666,11.1,7.680268e-07,33.10984,33.10984,-6.650522e-05,33.10984,0.000100265985,212,212,55,0.00068121083,0.0021076708,9.272433e-06,0.20200853,0
667,11.116667,7.0894663e-07,33.10977,33.109776,-6.556358e-05,33.109776,0.00010029289,212,212,55,0.00064648566,0.0019912655,9.075793e-06,0.20200668,0
668,11.133333,6.757269e-07,33.109703,33.109707,-6.8696565e-05,33.109707,0.00010025228,212,212,55,0.0006269374,0.0019578934,8.718982e-06,0.20200482,0
669,11.15,7.059977e-07,33.10964,33.10964,-6.530798e-05,33.10964,0.000100268,212,212,55,0.00063927146,0.0018709716,8.568467e-06,0.20200293,0
670,11.166667,7.016547e-07,33.10957,33.109573,-6.816893e-05,33.109573,0.00010023224,211,211,55,0.0006397166,0.0018342417,8.559405e-06,0.20200105,0
671,11.183333,6.706549e-07,33.109505,33.109505,-6.503674e-05,33.109505,0.00010029337,214,214,56,0.0006241524,0.0018674998,8.504263e-06,0.20199919,0
672,11.2,6.5811753e-07,33.109436,33.109436,-6.884214e-05,33.109436,0.00010026866,214,214,56,0.0006186154,0.001788748,8.462943e-06,0.20199734,0
673,11.216666,6.876153e-07,33.10937,33.10937,-6.647254e-05,33.10937,0.000100314064,214,214,56,0.00062970363,0.0017762638,8.426818e-06,0.20199546,0
674,11.233334,6.712502e-07,33.109303,33.109303,-6.685091e-05,33.109303,0.000100285826,214,214,56,0.00062394125,0.0018352057,8.425673e-06,0.20199355,0
675,11.25,6.559024e-07,33.109234,33.109234,-6.8678695e-05,33.109234,0.00010026075,214,214,56,0.0006160093,0.0019249956,8.343031e-06,0.20199172,0
676,11.266666,6.86081e-07,33.10917,33.10917,-6.697062e-05,33.10917,0.000100314894,214,214,56,0.0006261906,0.0018850804,8.358117e-06,0.20198983,0
677,11.283334,6.7756486e-07,33.109104,33.109104,-6.3850464e-05,33.109104,0.00010027176,214,214,56,0.00062262395,0.0018820552,8.270139e-06,0.20198795,0
678,11.3,6.432979e-07,33.109035,33.109035,-6.98614e-05,33.109035,0.000100242534,214,214,56,0.00060845783,0.0018670507,8.2303795e-06,0.2019861,0
679,11.316667,5.95285e-07,33.108963,33.108963,-7.236897e-05,33.108963,0.00010034371,213,213,55,0.0005533237,0.001895958,7.411157e-06,0.20198421,0
680,11.333333,5.2820553e-07,33.108894,33.108894,-6.9561705e-05,33.108894,0.00010027933,213,213,55,0.0005222507,0.001969162,6.244912e-06,0.20198227,0
681,11.35,5.4111246e-07,33.108826,33.108826,-6.648913e-05,33.108826,0.00010036691,213,213,55,0.00052982697,0.0019780083,6.0590464e-06,0.2019804,0
682,11.366667,5.53352e-07,33.108757,33.108757,-6.865111e-05,33.108757,0.00010035886,213,213,55,0.00053328625,0.0019930163,5.9774115e-06,0.20197847,0
683,11.383333,5.12901e-07,33.10869,33.10869,-6.936882e-05,33.10869,0.000100328645,213,213,55,0.0005140968,0.001973643,5.883939e-06,0.20197667,0
684,11.4,5.5202435e-07,33.10862,33.10862,-6.746044e-05,33.10862,0.00010025509,213,213,55,0.00053206034,0.0019588722,5.8347323e-06,0.20197488,0
685,11.416667,5.045508e-07,33.108555,33.108555,-6.65495e-05,33.108555,0.000100337566,213,213,55,0.0005111217,0.001998385,5.840932e-06,0.2019731,0
686,11.433333,5.293887e-07,33.108482,33.108486,-6.996855e-05,33.108486,0.00010026695,213,213,55,0.0005220354,0.0019765198,5.873002e-06,0.20197123,0
687,11.45,5.4974214e-07,33.108414,33.108414,-7.1635586e-05,33.108414,0.00010030603,213,213,55,0.0005314481,0.0019934983,5.8848445e-06,0.20196937,0
688,11.466666,5.1475587e-07,33.108345,33.108345,-6.637076e-05,33.108345,0.00010034147,213,213,55,0.000515643,0.0019747699,5.838742e-06,0.20196754,0
689,11.483334,5.5274245e-07,33.108276,33.108276,-7.078668e-05,33.108276,0.00010032297,213,213,55,0.00053257524,0.0019422782,5.8458418e-06,0.20196569,0
690,11.5,5.100176e-07,33.108208,33.10821,-6.571348e-05,33.10821,0.00010041213,213,213,55,0.0005134801,0.0019847895,5.8499786e-06,0.20196389,0
691,11.516666,5.492835e-07,33.108143,33.108143,-6.579774e-05,33.108143,0.000100327015,213,213,55,0.0005310425,0.0019570051,5.827751e-06,0.2019621,0
692,11.533334,5.0154864e-07,33.108074,33.108078,-6.8046065e-05,33.108078,0.00010025508,213,213,55,0.00050978607,0.0019949335,5.7934553e-06,0.20196033,0
693,11.55,5.260888e-07,33.108006,33.108006,-7.063387e-05,33.108006,0.00010040059,213,213,55,0.0005204971,0.0019728437,5.807076e-06,0.20195846,0
694,11.566667,5.4644613e-07,33.107937,33.107937,-6.880925e-05,33.107937,0.00010032514,213,213,55,0.00052992627,0.001989596,5.817238e-06,0.20195664,0
695,11.583333,5.137192e-07,33.10787,33.10787,-6.670102e-05,33.10787,0.00010028471,213,213,55,0.0005147095,0.0019686148,5.8040673e-06,0.20195484,0
696,11.6,5.4834265e-07,33.1078,33.107803,-6.846247e-05,33.107803,0.000100329664,213,213,55,0.00053058803,0.0019940138,5.819528e-06,0.201953,0
697,11.616667,5.4077293e-07,33.10773,33.10773,-7.049972e-05,33.10773,0.00010030707,213,213,55,0.0005277701,0.0020835947,5.8150486e-06,0.20195115,0
698,11.633333,4.824688e-07,33.10767,33.10767,-6.140643e-05,33.10767,0.00010033914,213,213,55,0.000502631,0.0020172012,5.7882175e-06,0.20194943,0
699,11.65,5.243076e-07,33.107597,33.107597,-7.1447845e-05,33.107597,0.00010027075,213,213,55,0.0005207164,0.0019060024,5.7896023e-06,0.20194761,0
700,11.666667,4.77195e-07,33.107536,33.107536,-6.272528e-05,33.107536,0.000100264624,213,213,55,0.00050130073,0.0019535918,5.788883e-06,0.20194593,0
701,11.683333,6.728623e-07,33.10745,33.10745,-8.758702e-05,33.10745,0.00010042633,213,213,55,0.0005899903,0.0019162779,5.658632e-06,0.2019437,0
702,11.7,6.7780235e-07,33.107372,33.107372,-7.547487e-05,33.107372,0.00010034067,213,213,55,0.0006531038,0.0025296335,6.219594e-06,0.20194167,0
703,11.716666,9.29229e-07,33.1073,33.1073,-7.25683e-05,33.1073,0.00010036082,213,213,55,0.0008150571,0.0030958992,9.5505175e-06,0.20193973,0
704,11.733334,9.760271e-07,33.107227,33.107227,-7.1276634e-05,33.107227,0.000100335106,213,213,55,0.00084205536,0.003180782,1.1694127e-05,0.20193787,0
705,11.75,9.779518e-07,33.10716,33.10716,-7.082274e-05,33.10716,0.00010030011,213,213,55,0.00084253383,0.0031755157,1.1882935e-05,0.20193596,0
706,11.766666,9.759395e-07,33.107086,33.107086,-7.0327915e-05,33.107086,0.00010033335,213,213,55,0.00084109703,0.0031655976,1.18509315e-05,0.2019341,0
707,11.783334,9.738924e-07,33.107014,33.107018,-7.165799e-05,33.107018,0.00010035373,213,213,55,0.0008397432,0.0031583537,1.1818517e-05,0.20193224,0
708,11.8,9.735644e-07,33.10694,33.106945,-7.248754e-05,33.106945,0.00010033653,213,213,55,0.00083896227,0.0031523546,1.1803399e-05,0.2019303,0
709,11.816667,9.692683e-07,33.106873,33.106873,-7.0163944e-05,33.106873,0.000100324236,213,213,55,0.0008369923,0.0031460063,1.1752698e-05,0.20192845,0
710,11.833333,9.680615e-07,33.1068,33.1068,-7.1989656e-05,33.1068,0.00010032425,213,213,55,0.0008360515,0.003141996,1.1730025e-05,0.20192656,0
711,11.85,9.722099e-07,33.106728,33.106728,-7.431187e-05,33.106728,0.000100292644,213,213,55,0.0008365525,0.0031331107,1.170212e-05,0.20192467,0
712,11.866667,9.688073e-07,33.106655,33.106655,-7.049556e-05,33.106655,0.0001003351,213,213,55,0.00083471375,0.0031286457,1.1665262e-05,0.20192279,0
713,11.883333,9.642494e-07,33.106583,33.106583,-7.365556e-05,33.106583,0.00010032598,213,213,55,0.0008327371,0.0031224897,1.1644571e-05,0.20192087,0
714,11.9,6.3272505e-06,33.10652,33.106525,-5.648389e-05,33.106525,0.00010033164,213,213,55,0.0015583904,0.027014537,1.4260207e-05,0.20191869,0
715,11.916667,1.5803016e-05,33.10648,33.106495,-3.0425454e-05,33.106495,0.00010037426,213,213,55,0.0025007245,0.034132153,3.5691573e-05,0.20191693,0
716,11.933333,2.4191873e-05,33.106453,33.10648,-1.704817e-05,33.10648,0.0001004339,213,213,55,0.002801881,0.034454186,4.4237524e-05,0.20191567,0
717,11.95,3.502429e-05,33.106438,33.106472,-6.956873e-06,33.106472,0.000100433965,213,213,55,0.0035815719,0.033896923,5.350499e-05,0.20191437,0
718,11.966666,4.7887665e-05,33.10642,33.106464,-5.5909445e-06,33.106464,0.000100381934,213,213,55,0.004496311,0.03348925,6.701442e-05,0.20191322,0
719,11.983334,6.261478e-05,33.10639,33.106453,-1.1541187e-05,33.106453,0.00010041067,212,212,55,0.0054436573,0.03295766,8.285586e-05,0.20191191,0
720,12,7.850979e-05,33.106365,33.106445,-1.05395475e-05,33.106445,0.000100446065,212,212,55,0.006355442,0.03264526,9.85611e-05,0.20191061,0
721,12.016666,9.4958166e-05,33.10635,33.106445,-6.758985e-07,33.106445,0.00010051714,212,212,55,0.007260496,0.032331202,0.00011366114,0.2019095,0
722,12.033334,0.000111520494,33.10633,33.10644,-1.5594754e-06,33.10644,0.000100405334,212,212,55,0.008152584,0.031768125,0.00012874327,0.20190835,0
723,12.05,0.00012777367,33.106327,33.106453,1.143178e-05,33.106453,0.00010051835,212,212,55,0.009005722,0.03102677,0.00014319239,0.20190753,0
724,12.066667,0.00014383187,33.10632,33.106464,1.1236804e-05,33.106464,0.00010038797,211,211,55,0.009945287,0.030299287,0.00015822459,0.20190695,0
725,12.083333,0.00015828706,33.10633,33.10649,2.4929253e-05,33.10649,0.00010038195,209,209,54,0.010731039,0.033712573,0.00017261635,0.20190684,0
726,12.1,0.00017123186,33.106342,33.106514,2.4416408e-05,33.106514,0.0001004341,209,209,54,0.011463197,0.038186006,0.00018529536,0.20190692,0
727,12.116667,0.00018231143,33.106365,33.10655,3.468779e-05,33.10655,0.00010036977,209,209,54,0.012106508,0.042598084,0.00019685042,0.20190725,0
728,12.133333,0.00019105444,33.1064,33.10659,4.0497725e-05,33.10659,0.000100396115,212,212,55,0.012476512,0.04433373,0.00020525962,0.2019078,0
729,12.15,0.00019738423,33.106426,33.106625,3.575694e-05,33.106625,0.00010037528,212,212,55,0.012703749,0.04526415,0.00021017187,0.20190853,0
730,12.166667,0.00020054982,33.10646,33.106663,3.641662e-05,33.106663,0.00010043299,212,212,55,0.012791498,0.04527952,0.00021276,0.20190927,0
731,12.183333,0.00020058999,33.106487,33.106686,2.597595e-05,33.106686,0.000100426776,212,212,55,0.012780884,0.04514643,0.0002132926,0.2019096,0
732,12.2,0.00019747252,33.10651,33.10671,2.2153301e-05,33.10671,0.00010043407,212,212,55,0.012648976,0.04445332,0.00021207747,0.20190999,0
733,12.216666,0.00019124268,33.106544,33.106735,2.5026122e-05,33.106735,0.000100432946,212,212,55,0.0124121215,0.043690078,0.0002090144,0.20191059,0
734,12.233334,0.00018224311,33.106575,33.10676,2.4251443e-05,33.10676,0.00010048952,212,212,55,0.012054059,0.042158544,0.00020403156,0.20191121,0
735,12.25,0.00017090172,33.106617,33.106785,2.8061064e-05,33.106785,0.000100475096,211,211,55,0.011605084,0.040476743,0.00019725035,0.201912,0
736,12.266666,0.00015753249,33.106644,33.106804,1.5559152e-05,33.106804,0.00010045555,212,212,55,0.01107133,0.038661744,0.00018902078,0.20191269,0
737,12.283334,0.0001426161,33.106678,33.106823,1.9498424e-05,33.106823,0.00010048146,211,211,55,0.010459073,0.036691763,0.00017941336,0.20191336,0
738,12.3,0.00012643062,33.106716,33.106842,1.9559351e-05,33.106842,0.000100380974,211,211,55,0.00979443,0.034691434,0.00016870353,0.20191403,0
739,12.316667,0.00010967915,33.106743,33.106853,1.2343173e-05,33.106853,0.00010040244,211,211,55,0.009078444,0.032754082,0.00015721576,0.20191455,0
740,12.333333,9.2948045e-05,33.10678,33.106876,2.1008798e-05,33.106876,0.00010040506,211,211,55,0.00830509,0.031784482,0.00014476643,0.20191516,0
741,12.35,7.6707984e-05,33.106808,33.106884,9.52948e-06,33.106884,0.000100416844,211,211,55,0.007480555,0.031568766,0.00013140617,0.20191556,0
742,12.366667,6.1413775e-05,33.10683,33.106895,9.644051e-06,33.106895,0.00010046315,211,211,55,0.0066135535,0.031323615,0.000117240364,0.20191598,0
743,12.383333,4.7449772e-05,33.106842,33.10689,-2.8249126e-06,33.10689,0.00010042137,211,211,55,0.005711329,0.031037932,0.000102418344,0.20191596,0
744,12.4,3.54979e-05,33.10684,33.106873,-1.6773269e-05,33.106873,0.000100451936,212,212,55,0.0045106043,0.029582081,8.545658e-05,0.20191553,0
745,12.416667,2.6155354e-05,33.10683,33.106857,-1.599275e-05,33.106857,0.000100391575,212,212,55,0.0033699658,0.029653348,6.478983e-05,0.20191485,0
746,12.433333,1.8111705e-05,33.106815,33.10683,-2.649796e-05,33.10683,0.00010042538,214,214,56,0.0026027372,0.02864789,4.6811852e-05,0.20191394,0
747,12.45,8.5001075e-06,33.10675,33.106762,-7.112598e-05,33.106762,0.00010041701,214,214,56,0.0017382379,0.02263605,3.5198333e-05,0.20191233,0
748,12.466666,3.6566016e-06,33.10666,33.106663,-9.9442645e-05,33.106663,0.00010042965,214,214,56,0.0011531047,0.014782787,2.1621672e-05,0.20191023,0
749,12.483334,2.8236755e-06,33.10657,33.106575,-8.628804e-05,33.106575,0.00010034452,214,214,56,0.00085876894,0.017433228,1.6222442e-05,0.20190826,0
750,12.5,4.3744317e-06,33.106476,33.106483,-9.288213e-05,33.106483,0.0001003366,214,214,56,0.0013272676,0.019674115,1.4713239e-05,0.201906,0
751,12.516666,7.333234e-06,33.10638,33.106388,-9.579671e-05,33.106388,0.00010035736,214,214,56,0.0021343043,0.02046559,2.771184e-05,0.20190364,0
752,12.533334,1.3313677e-05,33.10627,33.10628,-0.000103082886,33.10628,0.000100412275,214,214,56,0.0029835606,0.023182215,4.1656716e-05,0.20190096,0
753,12.55,2.0376025e-05,33.106148,33.106167,-0.00011679769,33.106167,0.00010036714,214,214,56,0.0038293474,0.022698214,5.6370456e-05,0.201898,0
754,12.566667,2.9439332e-05,33.106033,33.106064,-0.00010315887,33.106064,0.00010036309,214,214,56,0.0046748235,0.026498832,7.0450704e-05,0.20189515,0
755,12.583333,3.984502e-05,33.105907,33.105946,-0.00011677945,33.105946,0.00010044577,214,214,56,0.005456434,0.027190153,8.402629e-05,0.20189203,0
756,12.6,5.170127e-05,33.10579,33.10584,-0.000106849875,33.10584,0.000100361634,213,213,56,0.006126073,0.029429095,9.64171e-05,0.20188896,0
757,12.616667,6.2781466e-05,33.105682,33.105743,-9.465803e-05,33.105743,0.00010033809,213,213,56,0.0066161095,0.02740453,0.0001056915,0.20188604,0
758,12.633333,7.5106e-05,33.105568,33.105644,-0.00010039641,33.105644,0.000100377125,213,213,56,0.00709765,0.027082719,0.00011382324,0.20188306,0
759,12.65,8.721678e-05,33.105457,33.105545,-0.00010094268,33.105545,0.00010041941,213,213,56,0.0075554512,0.027745318,0.00012170837,0.20188008,0
760,12.666667,9.8463315e-05,33.105343,33.105442,-0.00010213943,33.105442,0.00010040833,213,213,56,0.007977986,0.027547836,0.00012905664,0.2018771,0
761,12.683333,0.00010965551,33.105232,33.105343,-9.953369e-05,33.105343,0.000100326695,213,213,56,0.008327879,0.029915122,0.0001356131,0.20187424,0
762,12.7,0.00011917582,33.105118,33.105236,-0.00010569447,33.105236,0.00010041408,215,215,56,0.00863605,0.030393407,0.0001412378,0.20187119,0
763,12.716666,0.00012688054,33.105,33.10513,-0.000108507586,33.10513,0.0001003843,215,215,56,0.008901168,0.028954167,0.00014592361,0.20186819,0
764,12.733334,0.00013362218,33.10489,33.105022,-0.000105646795,33.105022,0.00010041313,215,215,56,0.009018926,0.02949199,0.00014920784,0.20186521,0
765,12.75,0.00013804204,33.104774,33.104916,-0.00010830108,33.104916,0.00010036119,215,215,56,0.009077091,0.028813818,0.0001505999,0.20186229,0
766,12.766666,0.00014050861,33.104664,33.104805,-0.00010859183,33.104805,0.000100430334,215,215,56,0.009087223,0.028255802,0.00015121717,0.20185946,0
767,12.783334,0.00014086657,33.104553,33.10469,-0.000112861744,33.10469,0.000100418496,215,215,56,0.009041139,0.02776313,0.00015087597,0.20185652,0
768,12.8,0.00013873492,33.104446,33.104588,-0.00010637359,33.104588,0.000100416255,215,215,56,0.0089556435,0.025795862,0.00014972263,0.20185377,0
769,12.816667,0.00013492187,33.10434,33.104473,-0.00011104758,33.104473,0.00010038876,215,215,56,0.008802816,0.025351083,0.00014764373,0.20185101,0
770,12.833333,0.0001289581,33.104244,33.104374,-0.00010006415,33.104374,0.000100396435,215,215,56,0.0085963905,0.02464522,0.00014466833,0.2018485,0
771,12.85,0.00012201733,33.104153,33.104275,-9.9877354e-05,33.104275,0.00010038274,215,215,56,0.00832098,0.027822742,0.00014074586,0.20184608,0
772,12.866667,0.00011293452,33.104057,33.104168,-0.0001053445,33.104168,0.000100334524,215,215,56,0.007998116,0.027091892,0.00013580336,0.20184365,0
773,12.883333,0.00010265923,33.10397,33.10407,-9.922176e-05,33.10407,0.000100385354,215,215,56,0.007619566,0.025284806,0.00012989489,0.20184125,0
774,12.9,9.159668e-05,33.10388,33.103973,-9.7515185e-05,33.103973,0.000100339996,215,215,56,0.0071758707,0.025860898,0.0001229975,0.20183899,0
775,12.916667,7.994401e-05,33.103817,33.103897,-7.4995856e-05,33.103897,0.00010023518,207,207,53,0.006549844,0.021934167,0.00011405357,0.2018373,0
776,12.933333,6.834063e-05,33.10374,33.10381,-8.808072e-05,33.10381,0.000100355996,207,207,53,0.0057955473,0.0152093675,0.000102663376,0.20183557,0
777,12.95,5.7291614e-05,33.103657,33.103714,-9.517409e-05,33.103714,0.00010038842,207,207,53,0.005209319,0.014112984,9.1201124e-05,0.2018337,0
778,12.966666,4.63836e-05,33.103565,33.10361,-0.00010417712,33.10361,0.000100286736,207,207,53,0.004692871,0.01281779,8.2317056e-05,0.20183165,0
779,12.983334,3.5101548e-05,33.103462,33.1035,-0.00011136761,33.1035,0.000100371304,207,207,53,0.0047440287,0.009970279,8.137293e-05,0.20182912,0
780,13,2.5706117e-05,33.103363,33.10339,-0.00010881597,33.10339,0.00010042339,207,207,53,0.0040555918,0.0085087605,7.175947e-05,0.20182677,0
781,13.016666,1.761364e-05,33.103264,33.103283,-0.00010751301,33.103283,0.00010034641,207,207,53,0.0032138953,0.013229887,6.0747414e-05,0.20182438,0
782,13.033334,1.0768839e-05,33.10317,33.10318,-0.00010177645,33.10318,0.000100372505,207,207,53,0.0026468637,0.005765606,4.8208058e-05,0.20182213,0
783,13.05,5.755389e-06,33.103073,33.10308,-0.00010077638,33.10308,0.000100368765,208,208,53,0.0019438086,0.0043890136,3.604341e-05,0.2018199,0
784,13.066667,2.8141635e-06,33.10298,33.10298,-9.7207856e-05,33.10298,0.000100411075,208,208,53,0.0012857907,0.009131454,2.4873876e-05,0.2018177,0
785,13.083333,1.6006248e-06,33.102905,33.102905,-7.752462e-05,33.102905,0.00010032321,208,208,53,0.0010348948,0.0026244519,1.694787e-05,0.20181593,0
786,13.1,1.405784e-06,33.10283,33.10283,-7.534214e-05,33.10283,0.00010039919,208,208,53,0.00094725366,0.004263514,1.4186582e-05,0.20181423,0
787,13.116667,1.5521503e-06,33.102757,33.10276,-7.1509574e-05,33.10276,0.00010030652,208,208,53,0.0009068785,0.007203695,1.42406425e-05,0.20181267,0
788,13.133333,1.2866185e-06,33.102684,33.102684,-7.408279e-05,33.102684,0.000100370475,208,208,53,0.000945643,0.0026030568,1.3945801e-05,0.20181109,0
789,13.15,1.2638127e-06,33.10261,33.10261,-7.350755e-05,33.10261,0.000100337595,208,208,53,0.00093728915,0.002573445,1.3881629e-05,0.20180945,0
790,13.166667,1.2620027e-06,33.102535,33.102535,-7.5814125e-05,33.102535,0.00010033857,208,208,53,0.00093584135,0.002569909,1.3757931e-05,0.20180778,0
791,13.183333,1.2569334e-06,33.10246,33.102463,-7.31573e-05,33.102463,0.000100342164,208,208,53,0.0009450898,0.0027213693,1.3765891e-05,0.20180623,0
792,13.2,1.2565898e-06,33.102383,33.102386,-7.631142e-05,33.102386,0.000100254176,208,208,53,0.0009286402,0.0025372074,1.3600203e-05,0.20180458,0
793,13.216666,1.2468493e-06,33.10231,33.102314,-7.3494484e-05,33.102314,0.000100283505,208,208,53,0.0009255199,0.0025769372,1.3586013e-05,0.20180297,0
794,13.233334,1.3577998e-06,33.102238,33.102238,-7.453758e-05,33.102238,0.000100321515,208,208,53,0.0009089274,0.005777443,1.3447925e-05,0.20180129,0
795,13.25,1.3819468e-06,33.10216,33.10216,-7.645319e-05,33.10216,0.00010022976,208,208,53,0.00088311284,0.006258735,1.3441737e-05,0.20179965,0
796,13.266666,1.222841e-06,33.102085,33.102085,-7.547266e-05,33.102085,0.000100352554,208,208,53,0.00091619685,0.0025334759,1.3286429e-05,0.20179799,0
797,13.283334,1.2453065e-06,33.10201,33.10201,-7.628862e-05,33.10201,0.00010032682,208,208,53,0.00091907964,0.0032082167,1.3285669e-05,0.20179631,0
798,13.3,1.2078297e-06,33.101936,33.101936,-7.1360904e-05,33.101936,0.00010028867,208,208,53,0.00091207464,0.0024104915,1.3331276e-05,0.20179471,0
799,13.316667,1.2470888e-06,33.101864,33.101868,-7.145043e-05,33.101868,0.00010038123,208,208,53,0.000894833,0.004043234,1.3295909e-05,0.20179313,0
800,13.333333,1.2770591e-06,33.10179,33.101795,-7.3288524e-05,33.101795,0.00010034613,208,208,53,0.0009045901,0.00466089,1.3339286e-05,0.20179151,0
801,13.35,1.1878734e-06,33.10172,33.101723,-7.241015e-05,33.101723,0.0001004255,208,208,53,0.00090516463,0.002470635,1.3163518e-05,0.20178998,0
802,13.366667,1.31911e-06,33.101643,33.101643,-7.717738e-05,33.101643,0.00010033067,208,208,53,0.0008834814,0.0058787544,1.3162467e-05,0.20178832,0
803,13.383333,1.3828707e-06,33.10157,33.10157,-7.22572e-05,33.10157,0.000100264515,208,208,53,0.00085731765,0.0068752007,1.31128845e-05,0.20178679,0
804,13.4,1.1727878e-06,33.101498,33.101498,-7.4193595e-05,33.101498,0.00010025357,208,208,53,0.00089938164,0.0024729539,1.3022575e-05,0.20178513,0
805,13.416667,1.2175441e-06,33.101425,33.101425,-7.2276205e-05,33.101425,0.0001002763,208,208,53,0.00090136135,0.003580252,1.3032915e-05,0.2017836,0
806,13.433333,1.1883851e-06,33.101353,33.101353,-7.1851355e-05,33.101353,0.00010026775,208,208,53,0.0008878192,0.0033269806,1.2891238e-05,0.2017821,0
807,13.45,1.1487986e-06,33.101276,33.10128,-7.385684e-05,33.10128,0.00010034813,208,208,53,0.00088683044,0.0024316583,1.2845202e-05,0.20178047,0
808,13.466666,1.1381095e-06,33.101204,33.101208,-7.266416e-05,33.101208,0.000100302226,208,208,53,0.0008816948,0.0024169704,1.2772935e-05,0.2017789,0
809,13.483334,1.1466929e-06,33.101135,33.101135,-7.164736e-05,33.101135,0.000100321085,208,208,53,0.00088171946,0.0023921954,1.2726154e-05,0.2017774,0
810,13.5,1.1291254e-06,33.10106,33.101063,-7.400108e-05,33.101063,0.000100288926,208,208,53,0.00087561324,0.0023351645,1.2615942e-05,0.20177583,0
811,13.516666,1.1241547e-06,33.10099,33.10099,-6.98321e-05,33.10099,0.00010036113,208,208,53,0.0008697607,0.0023152633,1.2675269e-05,0.20177437,0
812,13.533334,1.1087998e-06,33.10092,33.10092,-7.0174996e-05,33.10092,0.000100377285,208,208,53,0.00087104127,0.002382935,1.2665167e-05,0.20177285,0
813,13.55,1.1598519e-06,33.100845,33.10085,-7.343369e-05,33.10085,0.00010033449,208,208,53,0.00087196997,0.003624411,1.2620596e-05,0.20177136,0
814,13.566667,1.2301903e-06,33.100777,33.100777,-6.959054e-05,33.100777,0.00010035223,208,208,53,0.00083116867,0.005769793,1.247823e-05,0.20176986,0
815,13.583333,1.1059858e-06,33.100704,33.100708,-7.111512e-05,33.100708,0.000100195226,208,208,53,0.0008476558,0.0027527174,1.2456155e-05,0.20176832,0
816,13.6,1.1010387e-06,33.100636,33.10064,-6.900081e-05,33.10064,0.00010033103,208,208,53,0.00084682,0.002851254,1.2445695e-05,0.20176685,0
817,13.616667,1.2030516e-06,33.100563,33.100567,-7.2883966e-05,33.100567,0.0001003422,208,208,53,0.0008231977,0.005658342,1.2375548e-05,0.20176528,0
818,13.633333,1.0742684e-06,33.10049,33.10049,-7.494357e-05,33.10049,0.000100392135,208,208,53,0.0008552849,0.002385304,1.2218765e-05,0.20176367,0
819,13.65,1.0823969e-06,33.100414,33.100414,-7.530543e-05,33.100414,0.00010035148,208,208,53,0.00083638943,0.0029252407,1.2230911e-05,0.20176205,0
820,13.666667,1.0824833e-06,33.100346,33.100346,-6.9328285e-05,33.100346,0.00010029519,208,208,53,0.0008453683,0.0023156756,1.2337999e-05,0.2017606,0
821,13.683333,1.1340838e-06,33.100273,33.100273,-7.0440554e-05,33.100273,0.00010031562,208,208,53,0.0008261154,0.004796894,1.2240169e-05,0.20175911,0
822,13.7,1.0766379e-06,33.1002,33.1002,-7.337594e-05,33.1002,0.0001003031,208,208,53,0.0008375646,0.0023225883,1.2095328e-05,0.20175755,0
823,13.716666,1.0693008e-06,33.100132,33.100132,-6.850443e-05,33.100132,0.00010034344,207,207,52,0.0008356919,0.0023075894,1.21294315e-05,0.20175609,0
824,13.733334,1.1518296e-06,33.100063,33.100063,-7.0409624e-05,33.100063,0.00010026219,207,207,52,0.0008040525,0.0054788454,1.2137026e-05,0.20175463,0
825,13.75,1.0373674e-06,33.09999,33.09999,-7.17704e-05,33.09999,0.00010027609,207,207,52,0.0008409419,0.0023229846,1.2093166e-05,0.2017531,0
826,13.766666,1.0274172e-06,33.09992,33.09992,-7.1167124e-05,33.09992,0.00010029025,207,207,52,0.00083657796,0.0022403975,1.2196758e-05,0.20175163,0
827,13.783334,1.0287295e-06,33.09985,33.099854,-6.749825e-05,33.099854,0.00010027851,207,207,52,0.0008368293,0.0022924053,1.2202466e-05,0.2017502,0
828,13.8,1.0263575e-06,33.099777,33.099777,-7.431839e-05,33.099777,0.00010041311,207,207,52,0.00083639694,0.0023129785,1.2193828e-05,0.20174858,0
829,13.816667,1.4060129e-06,33.0997,33.099705,-7.4933894e-05,33.099705,0.00010028322,207,207,52,0.0009148501,0.0037032203,1.21761195e-05,0.20174699,0
830,13.833333,2.2575357e-06,33.09961,33.09961,-9.3248855e-05,33.09961,0.00010037624,207,207,52,0.0012761193,0.0038267097,1.50471615e-05,0.20174481,0
831,13.85,4.699714e-06,33.099525,33.09953,-7.968783e-05,33.09953,0.00010032965,207,207,52,0.0016744008,0.014851907,2.340521e-05,0.2017429,0
832,13.866667,4.8194884e-06,33.099457,33.099464,-6.7213536e-05,33.099464,0.00010033501,206,206,51,0.0019531948,0.0057451967,2.9461999e-05,0.2017414,0
833,13.883333,5.833522e-06,33.09938,33.09939,-7.463203e-05,33.09939,0.00010032552,206,206,51,0.0021540213,0.006367356,3.3105676e-05,0.2017398,0
834,13.9,6.4446913e-06,33.099308,33.09931,-7.503489e-05,33.09931,0.00010026281,206,206,51,0.0022673914,0.006708812,3.581072e-05,0.20173815,0
835,13.916667,6.6140456e-06,33.09923,33.099236,-7.580922e-05,33.099236,0.000100355035,206,206,51,0.002297516,0.0067991815,3.701827e-05,0.20173655,0
836,13.933333,6.351687e-06,33.099155,33.099163,-7.391336e-05,33.099163,0.00010028811,206,206,51,0.002249942,0.006653354,3.6748013e-05,0.20173505,0
837,13.95,6.0674793e-06,33.09908,33.099087,-7.676154e-05,33.099087,0.000100285935,206,206,51,0.002196099,0.006487113,3.5826564e-05,0.2017335,0
838,13.966666,5.8669684e-06,33.099007,33.099014,-7.4017764e-05,33.099014,0.00010030532,206,206,51,0.0021584462,0.0063760737,3.501127e-05,0.20173198,0
839,13.983334,5.7227694e-06,33.098934,33.098938,-7.329643e-05,33.098938,0.00010025501,206,206,51,0.0021309853,0.006293987,3.4458913e-05,0.20173046,0
840,14,5.581538e-06,33.09886,33.09887,-7.1298404e-05,33.09887,0.00010029598,206,206,51,0.0021035175,0.006210554,3.39798e-05,0.20172903,0
841,14.016666,5.447255e-06,33.09879,33.098793,-7.4117794e-05,33.098793,0.00010028577,206,206,51,0.0020771103,0.0061299917,3.3535416e-05,0.2017275,0
842,14.033334,5.3155436e-06,33.098713,33.098717,-7.64428e-05,33.098717,0.00010025862,206,206,51,0.0020508757,0.006050279,3.3070522e-05,0.20172596,0
843,14.05,5.314128e-06,33.09864,33.098644,-7.1657356e-05,33.098644,0.00010039439,206,206,51,0.0020506904,0.0060534785,3.2808446e-05,0.20172445,0
844,14.066667,5.3047793e-06,33.098564,33.098568,-7.781672e-05,33.098568,0.000100295714,206,206,51,0.0020487988,0.0060475687,3.284346e-05,0.2017229,0
845,14.083333,5.2267046e-06,33.09849,33.098495,-7.106899e-05,33.098495,0.00010032402,206,206,51,0.0020327715,0.0059956354,3.267115e-05,0.20172146,0
846,14.1,5.1013785e-06,33.098415,33.09842,-7.627015e-05,33.09842,0.000100329795,206,206,51,0.002006723,0.0059110336,3.2318414e-05,0.20171988,0
847,14.116667,4.9513806e-06,33.098343,33.098347,-7.247096e-05,33.098347,0.000100358855,206,206,51,0.001975089,0.005807978,3.179808e-05,0.2017184,0
848,14.133333,4.789649e-06,33.09827,33.098278,-7.198393e-05,33.098278,0.00010032742,210,210,52,0.0019403801,0.0056949807,3.1214695e-05,0.201717,0
849,14.15,4.623793e-06,33.098198,33.098206,-7.198805e-05,33.098206,0.00010034152,210,210,52,0.0019040499,0.005577726,3.0615854e-05,0.20171545,0
850,14.166667,4.4594562e-06,33.09812,33.098125,-7.813797e-05,33.098125,0.00010034316,210,210,52,0.0018674071,0.00547491,2.9987288e-05,0.20171386,0
851,14.183333,4.2986617e-06,33.09805,33.098053,-7.414431e-05,33.098053,0.00010028481,210,210,52,0.0018307992,0.005391274,2.9345889e-05,0.20171233,0
852,14.2,4.1417966e-06,33.097973,33.097977,-7.414038e-05,33.097977,0.00010035276,210,210,52,0.0017943248,0.0053094244,2.8711624e-05,0.20171079,0
853,14.216666,3.9894067e-06,33.097897,33.097904,-7.546594e-05,33.097904,0.000100291094,210,210,52,0.0017582393,0.0052244454,2.8084454e-05,0.20170923,0
854,14.233334,3.840274e-06,33.097824,33.097828,-7.4132644e-05,33.097828,0.00010032724,210,210,52,0.0017225912,0.005155977,2.7450404e-05,0.20170775,0
855,14.25,3.7073555e-06,33.097755,33.09776,-6.996005e-05,33.09776,0.000100371144,210,210,52,0.0016898878,0.0050487206,2.6854368e-05,0.20170629,0
856,14.266666,3.5822193e-06,33.09768,33.097683,-7.6934986e-05,33.097683,0.00010031784,210,210,52,0.0016586744,0.0049690134,2.6296402e-05,0.20170471,0
857,14.283334,3.4655066e-06,33.097603,33.097607,-7.6427794e-05,33.097607,0.000100360616,210,210,52,0.0016289896,0.004892375,2.5762098e-05,0.20170315,0
858,14.3,3.3549243e-06,33.09753,33.09753,-7.293031e-05,33.09753,0.00010026032,210,210,52,0.0016003713,0.0048179,2.5246582e-05,0.2017016,0
859,14.316667,3.2479195e-06,33.097454,33.097454,-7.658434e-05,33.097454,0.00010029643,209,209,52,0.001572183,0.0047440007,2.4745574e-05,0.20170002,0
860,14.333333,3.1339116e-06,33.097378,33.09738,-7.293373e-05,33.09738,0.00010034818,209,209,52,0.0015430993,0.0047295615,2.4252367e-05,0.2016985,0
861,14.35,3.0384422e-06,33.0973,33.097305,-7.8069104e-05,33.097305,0.00010034002,209,209,52,0.0015166581,0.004654852,2.3800765e-05,0.20169687,0
862,14.366667,2.946506e-06,33.097233,33.097237,-6.8589026e-05,33.097237,0.00010036218,209,209,52,0.0014912387,0.00458726,2.3315608e-05,0.20169538,0
863,14.383333,2.8597544e-06,33.09717,33.097176,-6.0936112e-05,33.097176,0.0001003602,209,209,52,0.0014663598,0.0045167804,2.2846754e-05,0.20169404,0
864,14.4,2.5893917e-06,33.09711,33.097115,-6.095347e-05,33.097115,0.000100376514,209,209,52,0.0013939573,0.0041519133,2.204535e-05,0.20169272,0
865,14.416667,2.5262846e-06,33.097054,33.097054,-5.9582428e-05,33.097054,0.0001003149,209,209,52,0.0013723886,0.004139202,2.1031192e-05,0.2016914,0
866,14.433333,2.358924e-06,33.096992,33.096992,-6.0850463e-05,33.096992,0.00010036173,209,209,52,0.00132595,0.003960342,2.0699144e-05,0.20169008,0
867,14.45,3.7790069e-06,33.09688,33.096886,-0.00010780951,33.096886,0.0001003888,209,209,52,0.0016694457,0.007969738,2.171426e-05,0.20168768,0
868,14.466666,1.3995737e-05,33.096817,33.096832,-5.4622753e-05,33.096832,0.000100439815,209,209,52,0.002227505,0.027352432,2.8053484e-05,0.20168601,0
869,14.483334,2.1093296e-05,33.096775,33.096798,-3.4798722e-05,33.096798,0.000100538535,209,209,52,0.0032161556,0.02976155,4.343825e-05,0.20168488,0
870,14.5,1.1332337e-05,33.09676,33.09677,-2.4058896e-05,33.09677,0.00010028211,209,209,52,0.003311011,0.016074361,5.943639e-05,0.20168458,0
871,14.516666,2.9368387e-06,33.09671,33.096714,-5.810577e-05,33.096714,0.00010036077,209,209,52,0.0015009699,0.0044020275,3.2442553e-05,0.20168352,0
872,14.533334,2.247951e-06,33.096626,33.09663,-8.4980216e-05,33.09663,0.00010032629,209,209,52,0.0012767084,0.0038177043,2.0614529e-05,0.20168178,0
873,14.55,2.0864195e-06,33.096546,33.09655,-7.946521e-05,33.09655,0.00010034147,209,209,52,0.0012202201,0.003709266,1.8467801e-05,0.20168012,0
874,14.566667,1.9550623e-06,33.09647,33.09647,-7.7938734e-05,33.09647,0.00010034731,209,209,52,0.0011747462,0.0036154038,1.7585808e-05,0.20167845,0
875,14.583333,1.8815913e-06,33.096382,33.096386,-8.702488e-05,33.096386,0.00010027599,209,209,52,0.0011416498,0.003312423,1.6407123e-05,0.20167665,0
876,14.6,2.3282598e-06,33.09628,33.096283,-0.00010163395,33.096283,0.00010045343,209,209,52,0.001213207,0.0044788104,1.5611411e-05,0.20167439,0
877,14.616667,3.0234728e-06,33.09619,33.096195,-8.775249e-05,33.096195,0.00010041791,209,209,52,0.0014127461,0.005286892,1.7993092e-05,0.20167233,0
878,14.633333,3.548783e-06,33.096107,33.096107,-8.609358e-05,33.096107,0.00010042736,209,209,52,0.0015611044,0.0056576226,2.1397156e-05,0.20167035,0
879,14.65,3.827142e-06,33.096027,33.09603,-7.669775e-05,33.09603,0.000100437515,209,209,52,0.001639861,0.0056178467,2.3630442e-05,0.2016686,0
880,14.666667,3.968025e-06,33.095947,33.09595,-8.315291e-05,33.09595,0.00010044187,209,209,52,0.0016723514,0.0057371017,2.4703975e-05,0.20166671,0
881,14.683333,3.5486344e-06,33.09587,33.095875,-7.523418e-05,33.095875,0.000100393656,209,209,52,0.0015907679,0.005179265,2.4781204e-05,0.20166501,0
882,14.7,2.5835357e-06,33.095802,33.095806,-6.779964e-05,33.095806,0.000100407044,209,209,52,0.0013364195,0.004423966,2.1586988e-05,0.20166355,0
883,14.716666,1.8358078e-06,33.095745,33.095745,-6.0267048e-05,33.095745,0.00010032203,210,210,52,0.00110942,0.003870968,1.7497938e-05,0.20166212,0
884,14.733334,1.8306706e-06,33.095665,33.09567,-7.8810044e-05,33.09567,0.00010031875,210,210,52,0.001081764,0.0041396786,1.4156328e-05,0.2016604,0
885,14.75,1.8357058e-06,33.095615,33.095615,-5.1035273e-05,33.095615,0.00010029158,208,208,51,0.0011498493,0.004008274,1.686379e-05,0.20165904,0
886,14.766666,1.7169498e-06,33.095535,33.09554,-7.825864e-05,33.09554,0.00010035128,208,208,51,0.0008531196,0.011370654,1.1568103e-05,0.20165734,0
887,14.783334,9.3462825e-07,33.09548,33.09548,-5.4815224e-05,33.09548,0.000100329664,211,211,52,0.000763614,0.0019794959,1.0308693e-05,0.20165607,0
888,14.8,7.908905e-07,33.095425,33.09543,-5.583919e-05,33.09543,0.000100308804,211,211,52,0.000697064,0.0019129276,9.717505e-06,0.20165475,0
889,14.816667,1.2622951e-06,33.09536,33.09536,-6.68619e-05,33.09536,0.000100345496,211,211,52,0.00080495613,0.0031866166,9.691604e-06,0.2016533,0
890,14.833333,9.020163e-07,33.095276,33.095276,-8.3487816e-05,33.095276,0.00010039167,211,211,52,0.0007277407,0.001909545,8.541188e-06,0.2016514,0
891,14.85,8.7386087e-07,33.095207,33.09521,-6.7693974e-05,33.09521,0.000100382196,211,211,52,0.0006882454,0.0018585888,7.4994105e-06,0.20164983,0
892,14.866667,1.9303802e-06,33.095146,33.095146,-6.245292e-05,33.095146,0.00010038818,211,211,52,0.0007409919,0.015591343,6.6126336e-06,0.20164837,0
893,14.883333,7.749167e-06,33.09505,33.09506,-8.728406e-05,33.09506,0.00010057369,210,210,52,0.0016143728,0.027443083,9.307673e-06,0.20164628,0
894,14.9,8.930266e-07,33.095005,33.09501,-5.1745013e-05,33.09501,0.0001003344,210,210,52,0.0007201616,0.001840809,1.0661948e-05,0.20164521,0
895,14.916667,9.2495384e-07,33.094948,33.094948,-6.065118e-05,33.094948,0.00010039708,212,212,52,0.0008043079,0.0034667596,9.725497e-06,0.20164382,0
896,14.933333,2.1146584e-06,33.094868,33.09487,-7.7448945e-05,33.09487,0.00010030746,212,212,52,0.001049637,0.012181747,1.03320635e-05,0.20164214,0
897,14.95,1.1541325e-06,33.094803,33.094803,-6.72963e-05,33.094803,0.00010048336,212,212,52,0.00084537535,0.002564885,1.2861998e-05,0.20164055,0
898,14.966666,1.1414219e-06,33.094746,33.094746,-5.537565e-05,33.094746,0.00010032439,213,213,52,0.0008263812,0.0024542855,9.477437e-06,0.2016391,0
899,14.983334,1.2683568e-06,33.094696,33.094696,-5.1245886e-05,33.094696,0.00010042162,213,213,52,0.0008745101,0.0029057614,9.77727e-06,0.20163783,0
900,15,1.4975725e-06,33.09465,33.09465,-4.5823443e-05,33.09465,0.00010039753,213,213,52,0.00097211875,0.0049374937,1.080336e-05,0.20163672,0
901,15.016666,1.1569856e-06,33.0946,33.094604,-4.622699e-05,33.094604,0.000100372614,213,213,52,0.00086941407,0.002761177,1.0611469e-05,0.20163558,0
902,15.033334,1.9562494e-06,33.094555,33.094555,-4.741471e-05,33.094555,0.000100345955,213,213,52,0.0008423553,0.014663764,9.842456e-06,0.20163436,0
903,15.05,4.949838e-06,33.09449,33.094494,-6.300968e-05,33.094494,0.000100478894,213,213,52,0.0011630218,0.020477233,1.1590875e-05,0.20163277,0
904,15.066667,1.3866703e-06,33.094463,33.094467,-2.7171389e-05,33.094467,0.000100376994,212,212,52,0.0009698492,0.0028183733,1.6052192e-05,0.2016319,0
905,15.083333,1.2556949e-06,33.09439,33.094395,-7.261819e-05,33.094395,0.000100369005,212,212,52,0.00086005114,0.0025015054,1.0073527e-05,0.20163023,0
906,15.1,1.5820707e-06,33.09433,33.094334,-6.0522983e-05,33.094334,0.000100428166,212,212,52,0.0009915933,0.0030794372,1.0818265e-05,0.20162874,0
907,15.116667,1.8100396e-06,33.094273,33.094273,-5.9457605e-05,33.094273,0.00010043434,212,212,52,0.0010814042,0.0034243185,1.3354348e-05,0.20162727,0
908,15.133333,1.6388158e-06,33.09423,33.09423,-4.3065036e-05,33.09423,0.000100383826,212,212,52,0.0010760999,0.0039818315,1.4252248e-05,0.20162617,0
909,15.15,1.9491938e-06,33.094166,33.094166,-6.436285e-05,33.094166,0.00010045991,212,212,52,0.0011550491,0.0033474832,1.45258155e-05,0.2016246,0
910,15.166667,1.6022061e-06,33.094116,33.09412,-4.756343e-05,33.09412,0.00010035774,212,212,52,0.0010056328,0.003046062,1.3638285e-05,0.20162338,0
911,15.183333,1.6137504e-06,33.09406,33.094063,-5.7512712e-05,33.094063,0.000100412544,212,212,52,0.0010154296,0.003322326,1.2870926e-05,0.20162195,0
912,15.2,1.4229857e-06,33.094013,33.094013,-4.8238482e-05,33.094013,0.000100353136,212,212,52,0.0009582458,0.002926388,1.271515e-05,0.20162074,0
913,15.216666,1.9282847e-06,33.093964,33.093964,-4.820744e-05,33.093964,0.00010035586,212,212,52,0.00081193843,0.0142941885,1.08751965e-05,0.20161957,0
914,15.233334,1.0440726e-06,33.093914,33.093918,-4.826691e-05,33.093918,0.000100414596,212,212,52,0.00080861046,0.0025325224,1.042675e-05,0.20161839,0
915,15.25,1.2482141e-06,33.093872,33.093872,-4.3853455e-05,33.093872,0.000100386475,212,212,52,0.00098255,0.004837794,1.02642725e-05,0.20161727,0
916,15.266666,1.5913804e-06,33.09382,33.09382,-5.2193438e-05,33.09382,0.000100358564,212,212,52,0.0010336086,0.00274615,1.3659661e-05,0.20161581,0
917,15.283334,1.0064754e-06,33.093754,33.093754,-6.5756896e-05,33.093754,0.00010036366,210,210,51,0.0007408797,0.0020010087,8.825787e-06,0.20161426,0
918,15.3,1.2639767e-06,33.093693,33.093693,-6.109062e-05,33.093693,0.00010035989,210,210,51,0.0008537594,0.0024298523,7.5529697e-06,0.20161273,0
919,15.316667,1.447171e-06,33.093636,33.09364,-5.517975e-05,33.09364,0.000100455305,210,210,51,0.0009392301,0.002771184,1.0196281e-05,0.20161134,0
920,15.333333,2.1230626e-06,33.093586,33.093586,-5.069693e-05,33.093586,0.00010036681,212,212,52,0.00086131576,0.0140504865,1.0967236e-05,0.20161007,0
921,15.35,5.166344e-06,33.09352,33.093525,-6.17962e-05,33.093525,0.00010047576,212,212,52,0.001137029,0.020968612,1.1932133e-05,0.20160858,0
922,15.366667,1.1420792e-06,33.09348,33.093483,-4.4257995e-05,33.093483,0.00010034274,212,212,52,0.00080883264,0.0022719137,1.052584e-05,0.20160745,0
923,15.383333,1.3178524e-06,33.093422,33.093422,-5.984231e-05,33.093422,0.00010042953,212,212,52,0.0008806376,0.00264447,8.7395265e-06,0.20160604,0
924,15.4,1.1301302e-06,33.093376,33.093376,-4.6074125e-05,33.093376,0.000100397745,212,212,52,0.00082384504,0.0024299822,9.865339e-06,0.20160484,0
925,15.416667,1.588487e-06,33.093323,33.093323,-5.1745737e-05,33.093323,0.00010033999,213,213,53,0.0009677506,0.004226578,9.116958e-06,0.20160362,0
926,15.433333,1.0767167e-06,33.093266,33.093266,-5.8202284e-05,33.093266,0.00010039845,213,213,53,0.0007940936,0.0023235306,1.0886898e-05,0.2016022,0
927,15.45,1.1915653e-06,33.093204,33.093204,-5.9903236e-05,33.093204,0.00010039641,213,213,53,0.00082645117,0.0025213968,7.991659e-06,0.2016007,0
928,15.466666,1.0673476e-06,33.093155,33.09316,-4.8836955e-05,33.09316,0.00010033597,213,213,53,0.0007940691,0.002238303,8.982537e-06,0.2015995,0
929,15.483334,1.2466056e-06,33.093113,33.093113,-4.3379572e-05,33.093113,0.00010027436,214,214,53,0.0008381934,0.0023603076,8.496143e-06,0.20159833,0
930,15.5,1.63752e-06,33.09305,33.09305,-6.561235e-05,33.09305,0.00010036434,214,214,53,0.0010177447,0.007807208,1.1805952e-05,0.20159674,0
931,15.516666,8.983655e-07,33.093,33.093,-4.9950657e-05,33.093,0.000100365025,214,214,53,0.000700001,0.0020908962,9.938825e-06,0.20159552,0
932,15.533334,8.789313e-07,33.092945,33.092945,-5.255604e-05,33.092945,0.00010039844,213,213,53,0.0006872592,0.0020164887,5.8884634e-06,0.20159423,0
933,15.55,7.6325074e-07,33.0929,33.0929,-4.5835826e-05,33.0929,0.00010030418,213,213,53,0.0006180108,0.0017348869,4.9048945e-06,0.20159315,0
934,15.566667,1.1361145e-06,33.092857,33.092857,-4.0525887e-05,33.092857,0.000100385536,213,213,53,0.0007592035,0.00394739,5.3815834e-06,0.20159225,0
935,15.583333,1.1341056e-06,33.0928,33.092804,-5.6196226e-05,33.092804,0.00010031492,213,213,53,0.00085399626,0.002549157,1.1578592e-05,0.20159103,0
936,15.6,9.064274e-07,33.092747,33.092747,-5.4759344e-05,33.092747,0.00010038593,213,213,53,0.00070681755,0.0022083947,7.839304e-06,0.20158978,0
937,15.616667,7.4649057e-07,33.092705,33.092705,-4.338626e-05,33.092705,0.0001003228,213,213,53,0.00060873723,0.0014946949,4.868487e-06,0.20158873,0
938,15.633333,9.1010935e-07,33.092667,33.092667,-3.7576283e-05,33.092667,0.00010031397,213,213,53,0.0007329219,0.0023448581,4.631555e-06,0.20158789,0
939,15.65,2.3553314e-06,33.0926,33.092606,-6.13992e-05,33.092606,0.000100420286,213,213,53,0.0013089781,0.0055602454,1.319812e-05,0.20158657,0
940,15.666667,9.3640847e-07,33.092564,33.092564,-4.2483927e-05,33.092564,0.000100377125,213,213,53,0.0007186006,0.002166367,1.0127184e-05,0.20158555,0
941,15.683333,8.924873e-07,33.09251,33.09251,-5.2081763e-05,33.09251,0.000100367644,213,213,53,0.00069112953,0.002036061,5.9830277e-06,0.20158431,0
942,15.7,7.4498206e-07,33.092464,33.09247,-4.4703866e-05,33.09247,0.00010039076,213,213,53,0.00060482556,0.0015324631,4.3951113e-06,0.2015833,0
943,15.716666,1.0629797e-06,33.09243,33.09243,-3.4761826e-05,33.09243,0.00010036009,213,213,53,0.0008108632,0.0026797766,6.0403468e-06,0.2015825,0
944,15.733334,1.6141607e-06,33.092365,33.09237,-6.3457024e-05,33.09237,0.000100465455,213,213,53,0.0010307893,0.0026347023,1.2775663e-05,0.20158109,0
945,15.75,9.4893534e-07,33.09232,33.09232,-4.8214177e-05,33.09232,0.00010041965,213,213,53,0.0007245588,0.0021697923,1.0145796e-05,0.20157996,0
946,15.766666,7.603664e-07,33.092274,33.092274,-4.673999e-05,33.092274,0.00010032439,213,213,53,0.00061498815,0.0015695438,5.2921273e-06,0.20157889,0
947,15.783334,1.5134999e-06,33.09223,33.09223,-4.1641913e-05,33.09223,0.00010035126,213,213,53,0.00070175447,0.013041643,4.2478678e-06,0.20157792,0
948,15.8,1.3916178e-06,33.092175,33.092175,-5.664861e-05,33.092175,0.00010036259,213,213,53,0.0009345885,0.0023410479,1.13944825e-05,0.20157667,0
949,15.816667,2.8362476e-06,33.092102,33.092106,-6.888127e-05,33.092106,0.00010041574,213,213,53,0.0012284323,0.014604345,1.3238643e-05,0.20157513,0
950,15.833333,9.979353e-07,33.092068,33.09207,-3.641937e-05,33.09207,0.00010033887,213,213,53,0.0007863169,0.0025830294,1.3033463e-05,0.20157424,0
951,15.85,1.2846048e-06,33.092033,33.092033,-3.6621957e-05,33.092033,0.000100367244,213,213,53,0.0007528473,0.010109592,6.348874e-06,0.20157337,0
952,15.866667,1.636216e-06,33.092,33.092,-3.2566895e-05,33.092,0.00010030256,213,213,53,0.0007543316,0.01468018,1.0002499e-05,0.20157266,0
953,15.883333,2.5041866e-06,33.091965,33.09197,-3.288181e-05,33.09197,0.000100405654,213,213,53,0.0011608984,0.01592314,1.4273576e-05,0.20157193,0
954,15.9,7.3291085e-07,33.091938,33.091938,-2.9868384e-05,33.091938,0.00010027647,213,213,53,0.0006813108,0.0020564974,1.5225899e-05,0.20157132,0
955,15.916667,1.4306181e-06,33.091904,33.091904,-3.3052074e-05,33.091904,0.00010032414,213,213,53,0.001074927,0.004457505,1.30854805e-05,0.2015705,0
956,15.933333,1.0087886e-06,33.091866,33.091866,-3.8161732e-05,33.091866,0.00010037678,213,213,53,0.00067673903,0.008986829,1.23672935e-05,0.20156965,0
957,15.95,9.712995e-07,33.091835,33.091835,-3.1293443e-05,33.091835,0.00010039854,213,213,53,0.00081593683,0.0024227605,1.0505176e-05,0.2015689,0
958,15.966666,2.002709e-06,33.0918,33.091805,-3.1388332e-05,33.091805,0.00010035934,213,213,53,0.0012394576,0.008140604,1.6712185e-05,0.20156817,0
959,15.983334,8.970423e-07,33.09175,33.091755,-4.998466e-05,33.091755,0.000100345474,212,212,52,0.0007228577,0.002036751,1.4135397e-05,0.2015671,0
960,16,1.3888648e-06,33.091717,33.091717,-3.5751786e-05,33.091717,0.00010043551,212,212,52,0.0010533562,0.004597241,1.1328126e-05,0.2015663,0
961,16.016666,1.751001e-06,33.091675,33.09168,-3.9705337e-05,33.09168,0.00010033858,212,212,52,0.00095938804,0.012458479,1.1127433e-05,0.20156541,0
962,16.033333,1.99641e-06,33.091652,33.091652,-2.6022894e-05,33.091652,0.000100380545,212,212,52,0.001344645,0.0069815535,1.6977898e-05,0.20156479,0
963,16.05,7.208451e-07,33.091614,33.091614,-3.8017937e-05,33.091614,0.0001003429,212,212,52,0.00065533136,0.0017899802,1.5717993e-05,0.201564,0
964,16.066668,1.1751928e-06,33.091576,33.091576,-3.8116832e-05,33.091576,0.00010034066,212,212,52,0.00076570886,0.009708593,9.179756e-06,0.2015631,0
965,16.083334,1.9576905e-06,33.091537,33.09154,-3.679115e-05,33.09154,0.00010038669,212,212,52,0.00088860025,0.01575942,1.0651063e-05,0.20156227,0
966,16.1,2.0589705e-06,33.091507,33.091507,-3.065591e-05,33.091507,0.000100370045,212,212,52,0.0013484549,0.006349554,1.699527e-05,0.20156163,0
967,16.116667,1.768672e-06,33.09147,33.091473,-3.636765e-05,33.091473,0.00010036062,212,212,52,0.0009269211,0.013768184,1.6531309e-05,0.20156081,0
968,16.133333,1.231873e-06,33.09144,33.09144,-3.362156e-05,33.09144,0.00010034754,212,212,52,0.0009610204,0.0034172742,1.2604487e-05,0.20156008,0
969,16.15,1.6422925e-06,33.0914,33.0914,-3.782825e-05,33.0914,0.00010029227,212,212,52,0.0008715958,0.012917667,1.2782981e-05,0.20155925,0
970,16.166666,8.3542e-06,33.091362,33.091373,-2.8700424e-05,33.091373,0.000100418096,212,212,52,0.0022078298,0.01723086,2.2862545e-05,0.20155866,0
971,16.183332,1.8915695e-06,33.091343,33.091343,-2.7909537e-05,33.091343,0.000100314624,212,212,52,0.00086347136,0.006861826,2.5687727e-05,0.20155841,0
972,16.2,9.222771e-07,33.091293,33.091293,-5.1510837e-05,33.091293,0.000100295,212,212,52,0.00077576604,0.0037198241,7.0765063e-06,0.2015574,0
973,16.216667,7.277691e-06,33.091248,33.091255,-3.7535927e-05,33.091255,0.000100380326,212,212,52,0.0019269268,0.018840894,1.6458267e-05,0.20155665,0
974,16.233334,2.962143e-06,33.09123,33.091232,-2.3268627e-05,33.091232,0.00010033875,212,212,52,0.0014330392,0.011876722,3.022229e-05,0.20155656,0
975,16.25,2.5704076e-06,33.09118,33.09118,-5.226332e-05,33.09118,0.000100387406,212,212,52,0.0014050384,0.011170175,1.9678242e-05,0.20155555,0
976,16.266666,7.826022e-06,33.091152,33.09116,-2.0181413e-05,33.09116,0.00010035472,212,212,52,0.0023271027,0.021624241,3.007007e-05,0.20155536,0
977,16.283333,1.5012965e-06,33.091118,33.09112,-3.9076975e-05,33.09112,0.00010032618,212,212,52,0.0010869579,0.004162632,1.935353e-05,0.20155475,0
978,16.3,1.1478165e-06,33.09109,33.091095,-2.6455527e-05,33.091095,0.000100303965,212,212,52,0.0009768179,0.0055277506,1.612392e-05,0.20155437,0
979,16.316668,1.1534238e-06,33.09105,33.09105,-4.4218243e-05,33.09105,0.0001002737,212,212,52,0.0008849453,0.0031513593,1.1146216e-05,0.20155348,0
980,16.333334,7.924748e-07,33.091022,33.091022,-2.8291803e-05,33.091022,0.00010024183,212,212,52,0.00072122266,0.002075646,1.3590117e-05,0.201553,0
981,16.35,1.1477019e-06,33.090977,33.090977,-4.536492e-05,33.090977,0.00010030573,212,212,52,0.0009676245,0.005588291,1.0363348e-05,0.2015521,0
982,16.366667,1.1102444e-06,33.09094,33.09094,-3.777736e-05,33.09094,0.00010030712,212,212,52,0.0009539948,0.0051144185,1.0735738e-05,0.20155136,0
983,16.383333,1.4453528e-06,33.090893,33.090893,-4.5385037e-05,33.090893,0.00010032716,212,212,52,0.0009970709,0.005174985,1.1289505e-05,0.20155048,0
984,16.4,7.7111434e-07,33.090862,33.090862,-3.176394e-05,33.090862,0.000100269724,212,212,52,0.00070836814,0.0024622316,1.2157247e-05,0.2015499,0
985,16.416666,7.446868e-07,33.090828,33.090828,-3.377621e-05,33.090828,0.00010036111,212,212,52,0.00072089984,0.0026468404,1.0105362e-05,0.20154923,0
986,16.433332,1.4134816e-06,33.090782,33.090782,-4.4386332e-05,33.090782,0.00010031094,212,212,52,0.0010092958,0.0053990535,9.257197e-06,0.20154835,0
987,16.45,1.6091708e-06,33.090744,33.090748,-3.6047917e-05,33.090748,0.00010034187,212,212,52,0.0011432217,0.007342869,1.1213941e-05,0.20154767,0
988,16.466667,9.1169983e-07,33.09071,33.090714,-3.5444784e-05,33.090714,0.000100277626,212,212,52,0.0008180924,0.0031630755,1.0300767e-05,0.20154697,0
989,16.483334,1.0314275e-06,33.090675,33.090675,-3.612388e-05,33.090675,0.000100287434,212,212,52,0.0008838453,0.0035077245,1.1414492e-05,0.20154625,0
990,16.5,1.0756426e-06,33.09064,33.090645,-3.2541782e-05,33.090645,0.00010031647,212,212,52,0.0009010885,0.0034755426,1.19880115e-05,0.2015456,0
991,16.516666,1.0958632e-06,33.090607,33.090607,-3.5392113e-05,33.090607,0.00010030048,212,212,52,0.0009126734,0.0035358695,1.2214521e-05,0.20154493,0
992,16.533333,1.0998276e-06,33.090572,33.090576,-3.3080796e-05,33.090576,0.00010030355,212,212,52,0.0009165912,0.0035474359,1.228247e-05,0.20154426,0
993,16.55,1.0878485e-06,33.090534,33.090538,-3.8084392e-05,33.090538,0.00010031107,212,212,52,0.00090859446,0.0035190112,1.2240568e-05,0.20154355,0
994,16.566668,1.0796779e-06,33.090504,33.090504,-3.1596635e-05,33.090504,0.000100314945,212,212,52,0.00090553664,0.0035451,1.2113804e-05,0.20154293,0
995,16.583334,1.0586036e-06,33.09047,33.09047,-3.4269622e-05,33.09047,0.000100322075,213,213,53,0.0008924762,0.0034573127,1.1962081e-05,0.20154221,0
996,16.6,1.0378004e-06,33.090435,33.090435,-3.4435605e-05,33.090435,0.00010029934,213,213,53,0.0008806479,0.003410758,1.1731849e-05,0.20154157,0
997,16.616667,1.0321044e-06,33.0904,33.0904,-3.5916793e-05,33.0904,0.00010027615,213,213,53,0.0008755914,0.0033575832,1.1597705e-05,0.20154083,0
998,16.633333,1.0128828e-06,33.090366,33.090366,-3.3602748e-05,33.090366,0.00010028084,213,213,53,0.00086730235,0.0033507936,1.14370705e-05,0.20154014,0
999,16.65,1.0023251e-06,33.09033,33.090332,-3.6254165e-05,33.090332,0.0001003468,213,213,53,0.0008611494,0.0033242565,1.1322566e-05,0.20153946,0
1000,16.666666,9.958396e-07,33.090294,33.090294,-3.7247624e-05,33.090294,0.00010028769,213,213,53,0.00085639855,0.003305513,1.1211259e-05,0.20153871,0
1001,16.683332,9.863052e-07,33.090256,33.090256,-3.691816e-05,33.090256,0.00010029622,212,212,53,0.00085034955,0.0032630211,1.1121904e-05,0.201538,0
1002,16.7,9.811184e-07,33.09022,33.090225,-3.2092415e-05,33.090225,0.00010032693,212,212,53,0.00084843667,0.0032063574,1.0989527e-05,0.20153736,0
1003,16.716667,9.823649e-07,33.090187,33.090187,-3.6408615e-05,33.090187,0.00010030929,212,212,53,0.0008452833,0.0032694344,1.0909268e-05,0.20153663,0
1004,16.733334,9.929788e-07,33.09015,33.090153,-3.6232992e-05,33.090153,0.00010031054,212,212,53,0.0008452498,0.0032528443,1.0853669e-05,0.20153594,0
1005,16.75,9.853525e-07,33.090115,33.090115,-3.5253703e-05,33.090115,0.00010031699,212,212,53,0.00084163016,0.0031886012,1.07039905e-05,0.20153522,0
1006,16.766666,9.484593e-07,33.09008,33.09008,-3.428544e-05,33.09008,0.00010032445,212,212,53,0.0008283422,0.0031568315,1.0597024e-05,0.20153457,0
1007,16.783333,9.411236e-07,33.090046,33.090046,-3.5087156e-05,33.090046,0.00010032974,212,212,53,0.00082247774,0.0031024015,1.0587185e-05,0.20153387,0
1008,16.8,9.5331785e-07,33.090008,33.090008,-3.7561455e-05,33.090008,0.00010027407,212,212,53,0.0008360687,0.0033433056,1.0495792e-05,0.20153315,0
1009,16.816668,9.237301e-07,33.089973,33.089977,-3.3779368e-05,33.089977,0.000100342455,212,212,53,0.0008136536,0.0030806498,1.0304484e-05,0.20153248,0
1010,16.833334,9.200905e-07,33.08994,33.08994,-3.5249715e-05,33.08994,0.000100341116,212,212,53,0.00081074145,0.0030676867,1.0247609e-05,0.20153177,0
1011,16.85,9.1016005e-07,33.089905,33.089905,-3.4258475e-05,33.089905,0.00010034584,215,215,54,0.00080357323,0.0030211625,1.0143104e-05,0.20153108,0
1012,16.866667,9.03995e-07,33.08987,33.08987,-3.458722e-05,33.08987,0.0001003556,215,215,54,0.0008002519,0.0030118811,1.0019391e-05,0.20153037,0
1013,16.883333,8.8954096e-07,33.089832,33.089832,-3.8585633e-05,33.089832,0.000100301855,215,215,54,0.0007911611,0.002929607,1.00531e-05,0.20152968,0
1014,16.9,8.871613e-07,33.089798,33.089798,-3.4583438e-05,33.089798,0.00010030296,215,215,54,0.0007907648,0.0029604465,9.829781e-06,0.20152897,0
1015,16.916666,9.030614e-07,33.089764,33.089764,-3.539643e-05,33.089764,0.00010031483,215,215,54,0.0008043521,0.0031807448,9.882924e-06,0.20152827,0
1016,16.933332,9.207224e-07,33.08973,33.08973,-3.406463e-05,33.08973,0.00010025988,215,215,54,0.00081232993,0.00440468,9.7733455e-06,0.2015276,0
1017,16.95,8.664474e-07,33.08969,33.08969,-3.6630394e-05,33.08969,0.000100325786,215,215,54,0.0007771756,0.0028754647,9.716832e-06,0.20152688,0
1018,16.966667,8.759984e-07,33.089653,33.089657,-3.7065332e-05,33.089657,0.000100276644,215,215,54,0.00077813416,0.002906114,9.584053e-06,0.20152618,0
1019,16.983334,8.9048865e-07,33.08962,33.08962,-3.5397843e-05,33.08962,0.00010027184,215,215,54,0.00078217353,0.002960768,9.432299e-06,0.20152545,0
1020,17,8.8488423e-07,33.089584,33.089584,-3.4420405e-05,33.089584,0.00010027877,215,215,54,0.0007952462,0.0035979878,9.411668e-06,0.20152478,0
1021,17.016666,8.4974903e-07,33.089546,33.089546,-3.7608785e-05,33.089546,0.00010031343,215,215,54,0.0007663343,0.0028428433,9.338635e-06,0.20152403,0
1022,17.033333,8.693921e-07,33.08951,33.08951,-3.5226432e-05,33.08951,0.00010035151,215,215,54,0.000768414,0.0028671143,9.2951905e-06,0.20152335,0
1023,17.05,8.657918e-07,33.089478,33.089478,-3.44184e-05,33.089478,0.00010032596,215,215,54,0.0007657798,0.0028499893,9.185973e-06,0.20152265,0
1024,17.066668,8.36016e-07,33.089443,33.089443,-3.51096e-05,33.089443,0.00010029647,215,215,54,0.0007563856,0.0027877358,9.049603e-06,0.20152195,0
1025,17.083334,8.2911964e-07,33.08941,33.08941,-3.4421697e-05,33.08941,0.00010036048,215,215,54,0.0007507741,0.002748977,8.964265e-06,0.20152125,0
1026,17.1,8.341431e-07,33.08937,33.08937,-3.5906072e-05,33.08937,0.000100303834,215,215,54,0.00075322366,0.0028053015,8.856367e-06,0.20152053,0
1027,17.116667,8.1127985e-07,33.089333,33.089333,-3.9757826e-05,33.089333,0.00010037274,215,215,54,0.000740545,0.0026910144,8.795286e-06,0.20151977,0
1028,17.133333,8.103793e-07,33.0893,33.0893,-3.541323e-05,33.0893,0.00010025993,215,215,54,0.0007387296,0.0026911953,8.702007e-06,0.20151907,0
1029,17.15,8.372677e-07,33.08926,33.08926,-3.754676e-05,33.08926,0.00010031832,215,215,54,0.0007464503,0.0027773932,8.6379405e-06,0.20151833,0
1030,17.166666,8.356596e-07,33.089226,33.089226,-3.4915174e-05,33.089226,0.000100383644,215,215,54,0.00075831707,0.0037391034,8.575217e-06,0.20151761,0
1031,17.183332,7.9801674e-07,33.089188,33.08919,-3.528372e-05,33.08919,0.00010029728,215,215,54,0.00073097256,0.002586687,8.504137e-06,0.2015169,0
1032,17.2,8.0728967e-07,33.08915,33.08915,-3.839565e-05,33.08915,0.000100329074,215,215,54,0.0007331074,0.0026371542,8.429513e-06,0.20151617,0
1033,17.216667,8.0113875e-07,33.089115,33.08912,-3.3922188e-05,33.08912,0.00010036588,215,215,54,0.0007330247,0.002714836,8.336131e-06,0.20151545,0
1034,17.233334,7.814348e-07,33.089077,33.08908,-3.809212e-05,33.08908,0.00010026346,215,215,54,0.00071854884,0.0024998875,8.289876e-06,0.20151472,0
1035,17.25,7.818315e-07,33.089043,33.089043,-3.491317e-05,33.089043,0.00010037698,215,215,54,0.0007195824,0.0025422282,8.1548105e-06,0.201514,0
1036,17.266666,7.8365105e-07,33.089005,33.089005,-3.856936e-05,33.089005,0.00010029997,215,215,54,0.0007194415,0.0025724,8.112283e-06,0.20151326,0
1037,17.283333,7.6527925e-07,33.088974,33.088974,-3.2770622e-05,33.088974,0.00010035375,215,215,54,0.0007088797,0.0025319413,8.0253185e-06,0.20151256,0
1038,17.3,7.8728e-07,33.088936,33.088936,-3.738539e-05,33.088936,0.000100330384,215,215,54,0.0007114597,0.0025527459,7.993236e-06,0.20151183,0
1039,17.316668,7.5932405e-07,33.088898,33.088898,-3.7601603e-05,33.088898,0.00010027115,215,215,54,0.0007031501,0.0024971152,7.8335615e-06,0.20151109,0
1040,17.333334,7.5537525e-07,33.088863,33.088863,-3.541628e-05,33.088863,0.000100270074,215,215,54,0.0006991721,0.002451033,7.847389e-06,0.20151038,0
1041,17.35,7.5050076e-07,33.088825,33.088825,-3.5417208e-05,33.088825,0.000100307065,215,215,54,0.0006953609,0.002417717,7.815708e-06,0.20150965,0
1042,17.366667,7.481612e-07,33.088787,33.088787,-3.9238537e-05,33.088787,0.000100310965,215,215,54,0.0006944882,0.0024455502,7.642909e-06,0.20150888,0
1043,17.383333,7.445348e-07,33.088753,33.088753,-3.541596e-05,33.088753,0.00010028928,215,215,54,0.0006917372,0.002428924,7.613425e-06,0.20150815,0
1044,17.4,7.38229e-07,33.088715,33.088715,-3.6249912e-05,33.088715,0.00010031979,215,215,54,0.000687774,0.0024036414,7.539109e-06,0.2015074,0
1045,17.416666,7.3427776e-07,33.088676,33.088676,-3.8076363e-05,33.088676,0.0001002892,215,215,54,0.0006853025,0.0023966848,7.459168e-06,0.20150664,0
1046,17.433332,7.4486235e-07,33.08864,33.088642,-3.7230555e-05,33.088642,0.00010033208,215,215,54,0.0006870329,0.0024363408,7.3960973e-06,0.2015059,0
1047,17.45,7.5860805e-07,33.088604,33.088604,-3.5731096e-05,33.088604,0.00010027077,215,215,54,0.0006904434,0.0024702298,7.317651e-06,0.20150514,0
1048,17.466667,7.274166e-07,33.08857,33.08857,-3.5111014e-05,33.08857,0.00010030557,215,215,54,0.00067861547,0.0023644022,7.246263e-06,0.20150444,0
1049,17.483334,7.273103e-07,33.08853,33.08853,-3.9568815e-05,33.08853,0.000100339435,215,215,54,0.0006796651,0.0024191905,7.259181e-06,0.20150366,0
1050,17.5,7.164977e-07,33.088497,33.088497,-3.3760592e-05,33.088497,0.000100305544,215,215,54,0.00067058427,0.0023049715,7.077538e-06,0.20150296,0
1051,17.516666,4.172872e-07,33.088467,33.088467,-3.039138e-05,33.088467,0.000100310004,215,215,54,0.0005598176,0.0023630157,7.0339906e-06,0.20150238,0
1052,17.533333,3.0860656e-07,33.08845,33.08845,-1.4406618e-05,33.08845,0.0001003074,215,215,54,0.0004518393,0.0019002408,6.1999917e-06,0.20150205,0
1053,17.55,2.435381e-07,33.08843,33.08843,-2.300827e-05,33.08843,0.000100253565,215,215,54,0.0003541043,0.0012867351,3.375194e-06,0.20150158,0
1054,17.566668,2.4216962e-07,33.08841,33.08841,-1.9619469e-05,33.08841,0.000100300495,215,215,54,0.00034393187,0.0011053359,1.6796258e-06,0.2015011,0
1055,17.583334,2.4740274e-07,33.088383,33.088383,-2.6429325e-05,33.088383,0.00010023648,215,215,54,0.00035195576,0.0011985397,1.7141298e-06,0.20150058,0
1056,17.6,2.4824294e-07,33.08836,33.08836,-2.3108616e-05,33.08836,0.00010024149,216,216,54,0.00035408544,0.0012280361,1.9584181e-06,0.20150006,0
1057,17.616667,2.4719995e-07,33.088333,33.088333,-2.8264407e-05,33.088333,0.000100215875,216,216,54,0.00035208144,0.0012116282,1.9576858e-06,0.20149952,0
1058,17.633333,2.4638558e-07,33.08831,33.08831,-2.1281465e-05,33.08831,0.00010021004,216,216,54,0.00035022112,0.0011882965,1.8611789e-06,0.20149902,0
1059,17.65,2.462232e-07,33.088287,33.088287,-2.2777109e-05,33.088287,0.00010022254,216,216,54,0.00034954835,0.0011777042,1.8021918e-06,0.20149852,0
1060,17.666666,2.4615142e-07,33.088264,33.088264,-2.1945743e-05,33.088264,0.00010028621,216,216,54,0.00034916034,0.0011713027,1.7766463e-06,0.20149805,0
1061,17.683332,2.460148e-07,33.088238,33.088238,-2.593593e-05,33.088238,0.00010022297,216,216,54,0.0003486974,0.0011637163,1.7868656e-06,0.20149751,0
1062,17.7,2.4589437e-07,33.088215,33.088215,-2.4439618e-05,33.088215,0.00010023217,216,216,54,0.00034823868,0.0011562136,1.7592973e-06,0.20149699,0
1063,17.716667,2.458064e-07,33.088192,33.088192,-2.32758e-05,33.088192,0.000100220655,216,216,54,0.00034784747,0.0011492443,1.7387956e-06,0.20149648,0
1064,17.733334,2.4572628e-07,33.088165,33.088165,-2.4772087e-05,33.088165,0.0001002195,216,216,54,0.00034746906,0.0011423558,1.7298327e-06,0.20149596,0
1065,17.75,2.4564196e-07,33.088142,33.088142,-2.3940816e-05,33.088142,0.00010019549,216,216,54,0.0003471032,0.0011352496,1.7173506e-06,0.20149545,0
1066,17.766666,2.454353e-07,33.088116,33.088116,-2.560349e-05,33.088116,0.000100271965,217,217,54,0.00034673733,0.0011291896,1.7113033e-06,0.20149492,0
1067,17.783333,2.4524803e-07,33.088093,33.088093,-2.3109644e-05,33.088093,0.000100212055,216,216,54,0.0003464795,0.0011247995,1.6918482e-06,0.20149443,0
1068,17.8,2.450303e-07,33.08807,33.08807,-2.3275928e-05,33.08807,0.00010025894,216,216,54,0.00034622135,0.0011205594,1.6963015e-06,0.20149392,0
1069,17.816668,2.4487346e-07,33.088047,33.088047,-2.3608378e-05,33.088047,0.000100255,216,216,54,0.00034593462,0.0011182174,1.6944931e-06,0.20149341,0
1070,17.833334,2.444823e-07,33.08802,33.08802,-2.6601205e-05,33.08802,0.00010025195,216,216,54,0.00034533328,0.0011112761,1.7092519e-06,0.20149285,0
1071,17.85,2.441862e-07,33.087997,33.087997,-2.1945967e-05,33.087997,0.00010031784,216,216,54,0.00034487387,0.0011044359,1.6615106e-06,0.20149237,0
1072,17.866667,2.4393543e-07,33.08797,33.08797,-2.709983e-05,33.08797,0.00010024115,216,216,54,0.00034459456,0.0011004744,1.6945299e-06,0.20149182,0
1073,17.883333,2.4361816e-07,33.087948,33.087948,-2.2444754e-05,33.087948,0.00010024415,216,216,54,0.00034429762,0.001096513,1.6837674e-06,0.2014913,0
1074,17.9,2.432819e-07,33.08792,33.08792,-2.726617e-05,33.08792,0.000100244375,216,216,54,0.00034396496,0.0010921517,1.6931548e-06,0.20149076,0
1075,17.916666,2.429761e-07,33.0879,33.0879,-2.2112232e-05,33.0879,0.00010023978,216,216,54,0.00034369392,0.0010882869,1.68233e-06,0.20149024,0
1076,17.933332,2.4266976e-07,33.087875,33.087875,-2.6102354e-05,33.087875,0.00010028025,216,216,54,0.00034345037,0.0010850967,1.7039021e-06,0.20148969,0
1077,17.95,2.423528e-07,33.087852,33.087852,-2.1945987e-05,33.087852,0.0001002278,216,216,54,0.00034320125,0.001081656,1.6942747e-06,0.20148918,0
1078,17.966667,2.4207577e-07,33.087826,33.087826,-2.660109e-05,33.087826,0.00010025699,216,216,54,0.00034305625,0.0010796228,1.7110984e-06,0.20148864,0
1079,17.983334,2.4196177e-07,33.0878,33.0878,-2.4772122e-05,33.0878,0.0001002202,216,216,54,0.00034323506,0.0010844283,1.7130513e-06,0.20148812,0
1080,18,2.4072443e-07,33.08778,33.08778,-2.2113163e-05,33.08778,0.00010021624,216,216,54,0.0003417951,0.0010500944,1.703458e-06,0.2014876,0
1081,18.016666,2.4052986e-07,33.08775,33.08775,-2.7432283e-05,33.08775,0.00010023273,216,216,54,0.00034113988,0.0010383503,1.7182487e-06,0.20148702,0
1082,18.033333,2.4064366e-07,33.087727,33.087727,-2.3940618e-05,33.087727,0.00010030378,216,216,54,0.00034107573,0.0010340634,1.6614795e-06,0.20148654,0
1083,18.05,2.4109926e-07,33.087708,33.087708,-2.1280195e-05,33.087708,0.00010020127,216,216,54,0.0003410963,0.0010363549,1.6356277e-06,0.20148604,0
1084,18.066668,2.4139496e-07,33.08768,33.08768,-2.4605457e-05,33.08768,0.00010025931,216,216,54,0.00034166645,0.0010441015,1.6581673e-06,0.2014855,0
1085,18.083334,2.4139646e-07,33.087654,33.087654,-2.62683e-05,33.087654,0.00010026395,216,216,54,0.00034151494,0.0010411376,1.730468e-06,0.20148496,0
1086,18.1,2.4173517e-07,33.08763,33.08763,-2.4605413e-05,33.08763,0.00010026451,216,216,54,0.00034153342,0.0010404729,1.667489e-06,0.20148443,0
1087,18.116667,2.4188932e-07,33.087605,33.08761,-2.3940578e-05,33.08761,0.00010026059,216,216,54,0.00034121823,0.0010332867,1.7182965e-06,0.20148392,0
1088,18.133333,2.420679e-07,33.08758,33.08758,-2.3774299e-05,33.08758,0.00010025313,216,216,54,0.00034126962,0.0010331972,1.7302373e-06,0.2014834,0
1089,18.15,2.418555e-07,33.08756,33.08756,-2.4605964e-05,33.08756,0.000100262216,216,216,54,0.00034090775,0.0010226875,1.7993077e-06,0.20148289,0
1090,18.166666,2.4181955e-07,33.087536,33.087536,-2.1446942e-05,33.087536,0.000100191624,216,216,54,0.00034066394,0.0010151425,1.6418039e-06,0.2014824,0
1091,18.183332,2.4178988e-07,33.087513,33.087513,-2.19457e-05,33.087513,0.00010025544,216,216,54,0.00034080376,0.001012946,1.7178863e-06,0.20148192,0
1092,18.2,2.4168892e-07,33.087486,33.087486,-2.77647e-05,33.087486,0.00010025939,216,216,54,0.00034044907,0.0010042826,1.747793e-06,0.20148134,0
1093,18.216667,2.4174085e-07,33.087463,33.087463,-2.4771954e-05,33.087463,0.00010020154,216,216,54,0.00034008667,0.00099018,1.7409548e-06,0.20148082,0
1094,18.233334,2.4205013e-07,33.08744,33.08744,-2.0781576e-05,33.08744,0.000100246594,216,216,54,0.00034013987,0.0009943637,1.6573309e-06,0.20148039,0
1095,18.25,2.4189552e-07,33.087418,33.087418,-2.3109611e-05,33.087418,0.00010021608,216,216,54,0.00034014965,0.0009898272,1.5672271e-06,0.2014799,0
1096,18.266666,2.4214717e-07,33.0874,33.0874,-1.9784104e-05,33.0874,0.00010027115,216,216,54,0.000340051,0.0009911373,1.5232697e-06,0.2014795,0
1097,18.283333,2.419908e-07,33.087376,33.087376,-2.3109613e-05,33.087376,0.00010027318,216,216,54,0.0003394378,0.0009789283,1.5232794e-06,0.20147906,0
1098,18.3,2.417331e-07,33.087357,33.087357,-1.8620827e-05,33.087357,0.0001002761,216,216,54,0.00033901018,0.0009668551,1.4951909e-06,0.20147868,0
1099,18.316668,2.415662e-07,33.087334,33.087334,-2.2278347e-05,33.087334,0.000100211626,216,216,54,0.00033899193,0.0009630624,1.4868358e-06,0.20147826,0
1100,18.333334,2.4156162e-07,33.087315,33.087315,-1.7955554e-05,33.087315,0.00010027022,216,216,54,0.0003386289,0.0009523797,1.4656474e-06,0.20147787,0
1101,18.35,2.4149566e-07,33.08729,33.08729,-2.5104584e-05,33.08729,0.0001002069,216,216,54,0.00033864178,0.0009531179,1.4820935e-06,0.20147741,0
1102,18.366667,2.4147116e-07,33.087273,33.087273,-2.0283145e-05,33.087273,0.000100230805,216,216,54,0.0003384061,0.00094876555,1.4392629e-06,0.20147702,0
1103,18.383333,2.4140328e-07,33.087254,33.087254,-1.612681e-05,33.087254,0.000100256904,216,216,54,0.00033795185,0.0009378572,1.4226883e-06,0.20147665,0
1104,18.4,2.4121732e-07,33.08723,33.08723,-2.3275898e-05,33.08723,0.00010024432,216,216,54,0.00033765312,0.0009313487,1.436729e-06,0.2014762,0
1105,18.416666,2.417958e-07,33.08721,33.08721,-1.9118756e-05,33.08721,0.000100239384,216,216,54,0.00033787274,0.0009320038,1.4399677e-06,0.20147583,0
1106,18.433332,2.420286e-07,33.087193,33.087193,-2.0781652e-05,33.087193,0.00010023712,216,216,54,0.00033804865,0.0009357545,1.4464918e-06,0.2014754,0
1107,18.45,2.4189768e-07,33.087173,33.087173,-1.928572e-05,33.087173,0.000100235884,216,216,54,0.0003375698,0.0009250864,1.4068052e-06,0.20147501,0
1108,18.466667,2.467529e-07,33.08715,33.08715,-2.2605836e-05,33.08715,0.00010025388,216,216,54,0.00034063548,0.0009234625,1.4383821e-06,0.20147459,0
1109,18.483334,2.4618447e-07,33.087128,33.08713,-2.0283689e-05,33.08713,0.000100258636,216,216,54,0.000340382,0.0009148953,1.4025961e-06,0.20147417,0
1110,18.5,2.4490726e-07,33.08711,33.08711,-2.2611968e-05,33.08711,0.00010019543,216,216,54,0.00033916614,0.0009061234,1.4129586e-06,0.20147373,0
1111,18.516666,2.4450807e-07,33.087086,33.087086,-2.1114794e-05,33.087086,0.000100259895,216,216,54,0.00033870208,0.0008967543,1.40249e-06,0.2014733,0
1112,18.533333,2.405522e-07,33.087067,33.087067,-2.0619585e-05,33.087067,0.00010025387,215,215,54,0.0003359972,0.00088017306,1.4286173e-06,0.20147291,0
1113,18.55,2.4155582e-07,33.087044,33.087044,-2.1113392e-05,33.087044,0.00010025774,215,215,54,0.00033673865,0.0008833259,1.4749211e-06,0.20147248,0
1114,18.566668,2.416504e-07,33.08702,33.08702,-2.1945576e-05,33.08702,0.0001002301,215,215,54,0.00033672058,0.00088278856,1.4329992e-06,0.201472,0
1115,18.583334,2.474533e-07,33.086998,33.086998,-2.3768675e-05,33.086998,0.00010025313,215,215,54,0.00034030378,0.0008737225,1.4366345e-06,0.20147157,0
1116,18.6,2.4044215e-07,33.086983,33.086983,-1.5468733e-05,33.086983,0.000100253295,215,215,54,0.0003353383,0.00086503883,1.4561966e-06,0.20147122,0
1117,18.616667,2.4424395e-07,33.08696,33.08696,-2.2773143e-05,33.08696,0.00010030632,215,215,54,0.00033766078,0.000864791,1.4454363e-06,0.20147079,0
1118,18.633333,2.397197e-07,33.086937,33.086937,-2.4277766e-05,33.086937,0.00010029861,215,215,54,0.00033479364,0.00086701085,1.4446877e-06,0.20147035,0
1119,18.65,2.3984424e-07,33.086918,33.086918,-1.745666e-05,33.086918,0.00010018178,215,215,54,0.00033429445,0.0008351352,1.4861102e-06,0.20146997,0
1120,18.666666,2.4084312e-07,33.086895,33.086895,-2.3607223e-05,33.086895,0.00010019131,215,215,54,0.0003348986,0.00083837606,1.4265084e-06,0.2014695,0
1121,18.683332,2.4045755e-07,33.086876,33.086876,-1.7290913e-05,33.086876,0.00010023428,215,215,54,0.00033438852,0.0008372323,1.4148646e-06,0.20146911,0
1122,18.7,2.399883e-07,33.086853,33.086853,-2.3774946e-05,33.086853,0.0001002804,215,215,54,0.00033420182,0.00083248393,1.3994713e-06,0.20146868,0
1123,18.716667,2.3996904e-07,33.086838,33.086838,-1.6293017e-05,33.086838,0.00010021916,215,215,54,0.0003337815,0.00083096256,1.4273534e-06,0.20146832,0
1124,18.733334,2.3947558e-07,33.086815,33.086815,-2.2943696e-05,33.086815,0.000100278434,215,215,54,0.0003333803,0.0008355315,1.437446e-06,0.20146784,0
1125,18.75,2.4131486e-07,33.086796,33.086796,-2.028128e-05,33.086796,0.00010017744,215,215,54,0.00033651874,0.00084497285,1.4257673e-06,0.20146745,0
1126,18.766666,2.460948e-07,33.086773,33.086773,-2.127587e-05,33.086773,0.00010027795,215,215,54,0.00033912502,0.0008071506,1.5480744e-06,0.20146704,0
1127,18.783333,2.4923335e-07,33.086754,33.086754,-1.994747e-05,33.086754,0.000100227306,215,215,54,0.00034107003,0.000805201,1.4986299e-06,0.20146662,0
1128,18.8,2.4915778e-07,33.086735,33.086735,-1.7290604e-05,33.086735,0.000100213605,215,215,54,0.00034265273,0.000853619,1.5944764e-06,0.20146623,0
1129,18.816668,2.4739023e-07,33.086716,33.086716,-2.1614927e-05,33.086716,0.00010022541,215,215,54,0.00034124742,0.00083376083,1.7170103e-06,0.20146576,0
1130,18.833334,2.5026793e-07,33.086697,33.086697,-1.8783947e-05,33.086697,0.00010021614,215,215,54,0.00034314912,0.0008424248,1.7311146e-06,0.20146538,0
1131,18.85,2.4887436e-07,33.086678,33.086678,-1.8123197e-05,33.086678,0.00010022147,215,215,54,0.0003419727,0.00082589505,1.736322e-06,0.20146498,0
1132,18.866667,2.5366353e-07,33.086655,33.086655,-2.1442116e-05,33.086655,0.000100228695,215,215,54,0.00034527175,0.00081138767,1.7541767e-06,0.20146452,0
1133,18.883333,2.485934e-07,33.086636,33.086636,-1.9789424e-05,33.086636,0.00010023319,215,215,54,0.00034167545,0.00081832655,1.7408883e-06,0.20146409,0
1134,18.9,2.5299454e-07,33.086617,33.086617,-1.9114934e-05,33.086617,0.000100280646,215,215,54,0.0003448143,0.000812388,1.7325253e-06,0.20146368,0
1135,18.916666,2.5106064e-07,33.086597,33.086597,-1.9786288e-05,33.086597,0.00010022593,215,215,54,0.00034327255,0.0008152895,1.7292346e-06,0.20146328,0
1136,18.933332,2.4813355e-07,33.08658,33.08658,-1.7958475e-05,33.08658,0.00010022509,215,215,54,0.00034128447,0.00079225743,1.7381154e-06,0.20146284,0
1137,18.95,2.5036772e-07,33.08656,33.08656,-1.9948375e-05,33.08656,0.0001002776,215,215,54,0.00034273174,0.00081052876,1.7199603e-06,0.20146245,0
1138,18.966667,2.485505e-07,33.086533,33.086533,-2.6436375e-05,33.086533,0.000100284706,215,215,54,0.00034134588,0.0008041176,1.750246e-06,0.20146193,0
1139,18.983334,2.5344147e-07,33.086517,33.086517,-1.5290576e-05,33.086517,0.000100210214,215,215,54,0.00034439625,0.0007944384,1.7037614e-06,0.20146157,0
1140,19,2.4826434e-07,33.0865,33.0865,-2.0620808e-05,33.0865,0.00010022329,215,215,54,0.00034104392,0.00079661066,1.7159203e-06,0.20146115,0
1141,19.016666,2.5288156e-07,33.08648,33.08648,-1.8283441e-05,33.08648,0.00010023014,215,215,54,0.00034403335,0.000795245,1.7092444e-06,0.20146076,0
1142,19.033333,2.5097575e-07,33.086456,33.086456,-2.3111363e-05,33.086456,0.00010022798,215,215,54,0.00034302316,0.00078275835,1.737628e-06,0.20146027,0
1143,19.05,2.4776728e-07,33.08644,33.08644,-1.5797441e-05,33.08644,0.00010022312,215,215,54,0.0003403991,0.00077195786,1.7096374e-06,0.2014599,0
1144,19.066668,2.5055286e-07,33.08642,33.08642,-2.1942886e-05,33.08642,0.00010022783,215,215,54,0.0003426353,0.000778554,1.7261021e-06,0.20145948,0
1145,19.083334,2.485346e-07,33.086395,33.086395,-2.1282669e-05,33.086395,0.00010022211,215,215,54,0.00034120944,0.0007666172,1.7177894e-06,0.20145907,0
1146,19.1,2.5383744e-07,33.08638,33.08638,-1.645395e-05,33.08638,0.00010020026,215,215,54,0.00034433472,0.00077256473,1.7214055e-06,0.2014587,0
1147,19.116667,2.4832678e-07,33.086357,33.08636,-2.0787396e-05,33.08636,0.00010028454,215,215,54,0.00034080457,0.00077405764,1.720582e-06,0.20145826,0
1148,19.133333,2.5306804e-07,33.086338,33.086338,-1.9779613e-05,33.086338,0.000100255056,215,215,54,0.0003438698,0.00077506434,1.7121137e-06,0.20145786,0
1149,19.15,2.507553e-07,33.08632,33.08632,-1.9287902e-05,33.08632,0.00010025499,215,215,54,0.00034240072,0.0007685782,1.7269753e-06,0.20145744,0
1150,19.166666,2.4793218e-07,33.0863,33.0863,-2.1615984e-05,33.0863,0.000100238976,215,215,54,0.00034017864,0.00074906385,1.7513513e-06,0.201457,0
1151,19.183332,2.502959e-07,33.08628,33.08628,-1.6124379e-05,33.08628,0.00010021597,215,215,54,0.0003422516,0.00075735216,1.7079087e-06,0.20145662,0
1152,19.2,2.4851184e-07,33.08626,33.08626,-2.0949925e-05,33.08626,0.000100226345,215,215,54,0.00034071875,0.0007543594,1.7192995e-06,0.2014562,0
1153,19.216667,2.535782e-07,33.08624,33.08624,-2.243937e-05,33.08624,0.00010022208,215,215,54,0.0003441313,0.0007399486,1.7498597e-06,0.20145577,0
1154,19.233334,2.4835626e-07,33.086224,33.086224,-1.663073e-05,33.086224,0.000100289006,215,215,54,0.00034055047,0.00074897613,1.7171508e-06,0.20145538,0
1155,19.25,2.5318008e-07,33.086197,33.086197,-2.3603397e-05,33.086197,0.00010025422,215,215,54,0.00034386016,0.00073959754,1.7420895e-06,0.20145488,0
1156,19.266666,2.5102193e-07,33.08618,33.08618,-1.7625196e-05,33.08618,0.00010024551,215,215,54,0.00034230525,0.0007463994,1.7084216e-06,0.20145452,0
1157,19.283333,2.4793167e-07,33.08616,33.08616,-2.095123e-05,33.08616,0.000100253244,215,215,54,0.00033998082,0.00072680606,1.7210021e-06,0.2014541,0
1158,19.3,2.5030343e-07,33.08614,33.08614,-2.0945768e-05,33.08614,0.00010022778,215,215,54,0.00034203267,0.0007350044,1.7224678e-06,0.20145369,0
1159,19.316668,2.4883573e-07,33.08612,33.08612,-1.679323e-05,33.08612,0.00010025958,216,216,54,0.0003406799,0.0007325744,1.7214074e-06,0.20145328,0
1160,19.333334,2.5390744e-07,33.0861,33.0861,-1.9280518e-05,33.0861,0.00010022236,216,216,54,0.00034410012,0.00072074845,1.7335154e-06,0.20145284,0
1161,19.35,2.4827588e-07,33.08608,33.086082,-2.2450067e-05,33.086082,0.000100254336,216,216,54,0.00034033164,0.0007262988,1.7228347e-06,0.20145243,0
1162,19.366667,2.5310663e-07,33.086063,33.086063,-1.8116973e-05,33.086063,0.00010025073,216,216,54,0.00034342796,0.0007287601,1.7238865e-06,0.20145203,0
1163,19.383333,2.5092774e-07,33.086044,33.086044,-1.9786534e-05,33.086044,0.0001002374,216,216,54,0.00034213843,0.00072695856,1.7317487e-06,0.2014516,0
1164,19.4,2.4803674e-07,33.08602,33.086025,-1.9454736e-05,33.086025,0.00010022229,216,216,54,0.00033996286,0.0007083267,1.7317217e-06,0.2014512,0
1165,19.416666,2.5089366e-07,33.086,33.086,-2.2940345e-05,33.086,0.000100260615,216,216,54,0.00034213546,0.0007126872,1.7463096e-06,0.20145072,0
1166,19.433332,2.488366e-07,33.085983,33.085983,-1.7126331e-05,33.085983,0.000100230325,216,216,54,0.00034077905,0.0007088943,1.7169893e-06,0.20145038,0
1167,19.45,2.5390594e-07,33.085964,33.085964,-2.0111795e-05,33.085964,0.0001002589,216,216,54,0.0003437858,0.00071342033,1.7378452e-06,0.20144995,0
1168,19.466667,2.487807e-07,33.08594,33.08594,-2.211705e-05,33.08594,0.000100226236,216,216,54,0.00034063475,0.0007019555,1.7376158e-06,0.20144951,0
1169,19.483334,2.5326736e-07,33.085922,33.085922,-1.9613613e-05,33.085922,0.00010025962,216,216,54,0.00034360017,0.0007146347,1.7446265e-06,0.20144907,0
1170,19.5,2.5102804e-07,33.0859,33.0859,-2.0285359e-05,33.0859,0.00010022909,215,215,54,0.00034201692,0.0007062487,1.7372607e-06,0.20144865,0
1171,19.516666,2.484085e-07,33.08588,33.08588,-2.0285739e-05,33.08588,0.00010026562,215,215,54,0.0003401469,0.0006951367,1.7805222e-06,0.20144826,0
1172,19.533333,2.50783e-07,33.085865,33.085865,-1.745441e-05,33.085865,0.00010025426,215,215,54,0.00034199507,0.00070962025,1.7678135e-06,0.20144786,0
1173,19.55,2.4888774e-07,33.085842,33.085842,-1.978625e-05,33.085842,0.00010023362,215,215,54,0.0003405102,0.00069954986,1.7390778e-06,0.20144746,0
1174,19.566668,2.5435833e-07,33.085827,33.085827,-1.6952548e-05,33.085827,0.00010025701,215,215,54,0.00034409453,0.0007126253,1.769418e-06,0.2014471,0
1175,19.583334,2.486791e-07,33.085804,33.085804,-2.4278921e-05,33.085804,0.000100200436,215,215,54,0.0003403911,0.000698738,1.7617205e-06,0.20144662,0
1176,19.6,2.5359034e-07,33.08579,33.08579,-1.4791791e-05,33.08579,0.00010026147,215,215,54,0.00034366746,0.000714534,1.7347978e-06,0.20144628,0
1177,19.616667,2.514978e-07,33.085766,33.085766,-2.2945294e-05,33.085766,0.00010019542,214,214,54,0.00034237403,0.0007058304,1.7648262e-06,0.2014458,0
1178,19.633333,2.482718e-07,33.085747,33.085747,-1.879005e-05,33.085747,0.000100230165,214,214,54,0.0003400197,0.0006918079,1.7509678e-06,0.2014454,0
1179,19.65,2.5083844e-07,33.085724,33.085724,-2.2940634e-05,33.085724,0.00010020481,214,214,54,0.00034197085,0.0007073666,1.767629e-06,0.20144492,0
1180,19.666666,2.4922844e-07,33.085705,33.085705,-1.6460863e-05,33.085705,0.00010023298,214,214,54,0.00034063545,0.0006989494,1.763134e-06,0.20144455,0
1181,19.683332,2.5408707e-07,33.085682,33.085682,-2.4600893e-05,33.085682,0.0001003167,214,214,54,0.0003437936,0.0007086212,1.767014e-06,0.2014441,0
1182,19.7,2.4880177e-07,33.085663,33.085663,-1.978964e-05,33.085663,0.00010020506,214,214,54,0.0003405223,0.0006967718,1.7667095e-06,0.20144367,0
1183,19.716667,2.5375286e-07,33.085644,33.085644,-1.8116853e-05,33.085644,0.00010019681,214,214,54,0.00034357782,0.0007145245,1.7613851e-06,0.20144327,0
1184,19.733334,2.5156612e-07,33.08562,33.08562,-2.1449092e-05,33.08562,0.00010020986,214,214,54,0.00034238558,0.0007033251,1.7687671e-06,0.20144284,0
1185,19.75,2.4852676e-07,33.085606,33.085606,-1.7792334e-05,33.085606,0.000100259116,214,214,54,0.00034005733,0.0006904674,1.7602205e-06,0.20144247,0
1186,19.766666,2.512528e-07,33.085583,33.085583,-2.0280393e-05,33.085583,0.00010026143,214,214,54,0.00034202746,0.0007086066,1.7840554e-06,0.20144199,0
1187,19.783333,2.4948858e-07,33.085564,33.085564,-2.0949905e-05,33.085564,0.00010020673,214,214,54,0.00034084404,0.00069667975,1.7734601e-06,0.20144157,0
1188,19.8,2.544092e-07,33.085545,33.085545,-1.7119353e-05,33.085545,0.00010021153,214,214,54,0.00034408184,0.000707234,1.7752433e-06,0.20144117,0
1189,19.816668,2.490364e-07,33.085526,33.085526,-2.2283553e-05,33.085526,0.000100198224,214,214,54,0.00034058734,0.00069519377,1.8089523e-06,0.20144072,0
1190,19.833334,2.5380268e-07,33.085503,33.085503,-1.9613333e-05,33.085503,0.00010026078,214,214,54,0.00034362864,0.0007117745,1.7741878e-06,0.20144033,0
1191,19.85,2.52095e-07,33.085484,33.085487,-1.8954786e-05,33.085487,0.000100268386,214,214,54,0.00034261888,0.0007054462,1.7919642e-06,0.20143989,0
1192,19.866667,2.488037e-07,33.085464,33.085464,-2.2281472e-05,33.085464,0.00010018503,214,214,54,0.00034027844,0.00068997283,1.7941124e-06,0.20143944,0
1193,19.883333,2.5146056e-07,33.085445,33.085445,-1.8950423e-05,33.085445,0.0001002023,214,214,54,0.00034215846,0.00070705713,1.7885934e-06,0.20143902,0
1194,19.9,2.4968597e-07,33.085423,33.085423,-2.0451149e-05,33.085423,0.00010019901,214,214,54,0.00034093775,0.00069585076,1.7916541e-06,0.20143859,0
1195,19.916666,2.5494177e-07,33.085403,33.085403,-1.8615314e-05,33.085403,0.00010025869,214,214,54,0.00034431327,0.00070892216,1.8020966e-06,0.20143814,0
1196,19.933332,2.4928886e-07,33.085384,33.085384,-1.9291243e-05,33.085384,0.000100205434,214,214,54,0.0003408124,0.0006949373,1.7948735e-06,0.20143776,0
1197,19.95,2.5392757e-07,33.08537,33.08537,-1.8283421e-05,33.08537,0.000100203884,214,214,54,0.00034384208,0.00070922874,1.7945474e-06,0.20143737,0
1198,19.966667,2.519209e-07,33.085346,33.085346,-2.0285126e-05,33.085346,0.00010020509,214,214,54,0.00034262284,0.0006982731,1.8113577e-06,0.20143692,0
1199,19.983334,2.4894632e-07,33.085323,33.085323,-2.2613665e-05,33.085323,0.00010026078,214,214,54,0.00034036397,0.0006884671,1.8136031e-06,0.20143647,0
1200,20,2.5157516e-07,33.085308,33.085308,-1.8119175e-05,33.085308,0.00010020424,214,214,54,0.0003423677,0.0007050928,1.8118939e-06,0.20143604,0
1201,20.016666,2.497664e-07,33.085285,33.085285,-2.0451183e-05,33.085285,0.00010020365,214,214,54,0.0003410408,0.00069310854,1.8060327e-06,0.20143564,0
1202,20.033333,2.5482103e-07,33.08527,33.08527,-1.6952963e-05,33.08527,0.00010026362,214,214,54,0.00034440059,0.00070179324,1.8021954e-06,0.20143525,0
1203,20.05,2.4970714e-07,33.085247,33.085247,-2.111951e-05,33.085247,0.000100258556,214,214,54,0.00034097425,0.00069502334,1.8191394e-06,0.20143482,0
1204,20.066668,2.542218e-07,33.085228,33.085228,-1.9946096e-05,33.085228,0.00010026225,214,214,54,0.00034402843,0.00070887594,1.8142974e-06,0.2014344,0
1205,20.083334,2.5203278e-07,33.085205,33.085205,-2.1781605e-05,33.085205,0.000100208454,214,214,54,0.00034265255,0.0006973801,1.8302185e-06,0.20143394,0
1206,20.1,2.4900092e-07,33.085186,33.08519,-1.829109e-05,33.08519,0.00010020456,214,214,54,0.00034055428,0.0006811549,1.8245315e-06,0.20143352,0
1207,20.116667,2.5176806e-07,33.085167,33.085167,-2.0612862e-05,33.085167,0.000100256635,214,214,54,0.00034250537,0.0007024571,1.8279939e-06,0.2014331,0
1208,20.133333,2.4971183e-07,33.085148,33.085148,-2.0617686e-05,33.085148,0.000100210666,214,214,54,0.00034113918,0.000690771,1.8352238e-06,0.20143266,0
1209,20.15,2.5494913e-07,33.08513,33.08513,-1.662027e-05,33.08513,0.0001002538,213,213,53,0.00034448452,0.00070329284,1.8300224e-06,0.20143227,0
1210,20.166666,2.4966863e-07,33.085106,33.085106,-2.4444776e-05,33.085106,0.0001002022,213,213,53,0.0003410439,0.0006911208,1.8452433e-06,0.20143178,0
1211,20.183332,2.5455827e-07,33.085087,33.085087,-1.7451894e-05,33.085087,0.00010020133,213,213,53,0.0003442331,0.0007098072,1.8306891e-06,0.20143141,0
1212,20.2,2.5248926e-07,33.085068,33.085068,-1.9453913e-05,33.085068,0.000100259116,213,213,53,0.00034299734,0.0006970097,1.8412926e-06,0.20143098,0
1213,20.216667,2.492554e-07,33.08505,33.08505,-1.9122568e-05,33.08505,0.000100260775,213,213,53,0.000340624,0.0006849601,1.8374304e-06,0.20143057,0
1214,20.233334,2.51935e-07,33.08503,33.08503,-2.0446696e-05,33.08503,0.000100227124,213,213,53,0.00034265747,0.00070255616,1.8446632e-06,0.20143014,0
1215,20.25,2.4997826e-07,33.08501,33.08501,-1.9952566e-05,33.08501,0.00010023049,213,213,53,0.00034137326,0.00068633904,1.85049e-06,0.2014297,0
1216,20.266666,2.551739e-07,33.08499,33.08499,-1.9446648e-05,33.08499,0.000100230456,212,212,52,0.0003448125,0.00069607754,1.8536205e-06,0.20142926,0
1217,20.283333,2.5007512e-07,33.08497,33.08497,-2.0288218e-05,33.08497,0.000100297366,212,212,52,0.00034137853,0.00069358986,1.8520768e-06,0.20142885,0
1218,20.3,2.546943e-07,33.08495,33.08495,-2.1109776e-05,33.08495,0.000100293975,212,212,52,0.00034438792,0.0007057615,1.8665239e-06,0.20142838,0
1219,20.316668,2.526282e-07,33.084927,33.084927,-2.0783951e-05,33.084927,0.00010026217,212,212,52,0.00034315573,0.0006951213,1.8663334e-06,0.20142795,0
1220,20.333334,2.495122e-07,33.084908,33.084908,-2.0618747e-05,33.084908,0.00010026452,212,212,52,0.00034108578,0.00067644933,1.8587876e-06,0.20142753,0
1221,20.35,2.52209e-07,33.08489,33.08489,-1.7786597e-05,33.08489,0.00010025897,211,211,51,0.00034290095,0.0006991912,1.8604447e-06,0.20142713,0
1222,20.366667,2.5049636e-07,33.08487,33.084873,-1.7957262e-05,33.084873,0.000100302896,211,211,51,0.00034158764,0.00069286564,1.864393e-06,0.20142671,0
1223,20.383333,2.5515163e-07,33.08485,33.08485,-1.97797e-05,33.08485,0.00010021635,211,211,51,0.00034468208,0.00069889665,1.8672276e-06,0.20142628,0
1224,20.4,2.4979863e-07,33.08483,33.08483,-2.1618513e-05,33.08483,0.00010022848,214,214,52,0.00034130615,0.00068794115,1.8780087e-06,0.2014258,0
1225,20.416666,2.551759e-07,33.084812,33.084812,-1.8282683e-05,33.084812,0.000100202036,214,214,52,0.00034523165,0.0006952506,1.8692331e-06,0.20142542,0
1226,20.433332,2.5345463e-07,33.08479,33.08479,-2.0617352e-05,33.08479,0.000100203186,214,214,52,0.0003435311,0.00070325204,1.8837696e-06,0.20142497,0
1227,20.45,2.4961105e-07,33.08477,33.08477,-2.1284493e-05,33.08477,0.00010026412,214,214,52,0.0003410025,0.00068186613,1.8842358e-06,0.20142452,0
1228,20.466667,2.5223545e-07,33.084747,33.084747,-2.0613006e-05,33.084747,0.00010023177,214,214,52,0.0003430533,0.0006959605,1.8882208e-06,0.20142408,0
1229,20.483334,2.5038858e-07,33.084732,33.084732,-1.8456161e-05,33.084732,0.000100221994,214,214,52,0.00034196564,0.00067957945,1.8794541e-06,0.2014237,0
1230,20.5,2.5620173e-07,33.084713,33.084713,-1.7617225e-05,33.084713,0.0001002283,214,214,52,0.00034535336,0.0007004453,1.8840484e-06,0.20142329,0
1231,20.516666,2.509631e-07,33.08469,33.08469,-2.2449674e-05,33.08469,0.000100197205,214,214,52,0.0003418936,0.0006972175,1.8958272e-06,0.20142283,0
1232,20.533333,2.5493276e-07,33.084675,33.084675,-1.6787793e-05,33.084675,0.00010022184,214,214,52,0.0003447384,0.00070305215,1.8869471e-06,0.20142242,0
1233,20.55,2.526875e-07,33.084652,33.084652,-2.2779192e-05,33.084652,0.00010020501,214,214,52,0.00034357284,0.00068554754,1.9092065e-06,0.20142196,0
1234,20.566668,2.4962776e-07,33.08463,33.08463,-2.0452435e-05,33.08463,0.00010022528,214,214,52,0.00034110443,0.0006788465,1.9061232e-06,0.2014215,0
1235,20.583334,2.5319628e-07,33.08461,33.08461,-2.1110827e-05,33.08461,0.0001002018,214,214,52,0.00034431095,0.0007336689,1.9024218e-06,0.20142107,0
1236,20.6,2.5063946e-07,33.08459,33.08459,-1.6960576e-05,33.08459,0.0001002846,214,214,52,0.00034193572,0.00068638823,1.8944363e-06,0.20142071,0
1237,20.616667,2.5659165e-07,33.08457,33.08457,-2.1607208e-05,33.08457,0.000100291174,214,214,52,0.0003456703,0.00070403755,1.9262156e-06,0.20142023,0
1238,20.633333,2.5020492e-07,33.084553,33.084553,-1.7629425e-05,33.084553,0.000100292586,214,214,52,0.0003418153,0.00068120996,1.9106647e-06,0.20141982,0
1239,20.65,2.553942e-07,33.08453,33.08453,-2.1940481e-05,33.08453,0.00010026554,214,214,52,0.0003451532,0.00070027495,1.9194774e-06,0.20141937,0
1240,20.666666,2.5347478e-07,33.084515,33.084515,-1.8289978e-05,33.084515,0.00010028679,214,214,52,0.00034440315,0.0006805301,1.9232336e-06,0.20141898,0
1241,20.683332,2.508651e-07,33.08449,33.08449,-2.128326e-05,33.08449,0.00010022782,214,214,52,0.00034261864,0.0007311716,1.9265858e-06,0.20141853,0
1242,20.7,2.5283416e-07,33.084473,33.084473,-1.828609e-05,33.084473,0.000100203215,214,214,52,0.00034356694,0.00069782685,1.9217055e-06,0.20141812,0
1243,20.716667,2.5098873e-07,33.084454,33.084454,-2.011871e-05,33.084454,0.000100299,214,214,52,0.0003423951,0.00068101776,1.9319973e-06,0.20141768,0
1244,20.733334,2.559185e-07,33.08443,33.08443,-2.227325e-05,33.08443,0.00010023077,214,214,52,0.00034571937,0.0006867931,1.9373565e-06,0.20141724,0
1245,20.75,2.5068695e-07,33.08441,33.08441,-1.9124565e-05,33.08441,0.00010024332,214,214,52,0.00034233203,0.0006770939,1.9335062e-06,0.2014168,0
1246,20.766666,2.5578112e-07,33.08439,33.08439,-2.3270617e-05,33.08439,0.00010023269,214,214,52,0.00034603526,0.0006855455,1.9409606e-06,0.20141636,0
1247,20.783333,2.5366725e-07,33.084373,33.084373,-1.396754e-05,33.084373,0.000100209225,214,214,52,0.0003441835,0.0006890099,1.9296308e-06,0.201416,0
1248,20.8,2.5071083e-07,33.08435,33.08435,-2.2447392e-05,33.08435,0.00010023193,214,214,52,0.00034199498,0.00067613216,1.942465e-06,0.20141557,0
1249,20.816668,2.532821e-07,33.08433,33.08433,-1.8950508e-05,33.08433,0.00010024173,214,214,52,0.0003438645,0.000699161,1.9470995e-06,0.20141512,0
1250,20.833334,2.50921e-07,33.084312,33.084312,-2.1449267e-05,33.084312,0.00010020283,214,214,52,0.00034247444,0.0006775753,1.9446497e-06,0.20141469,0
1251,20.85,2.563759e-07,33.084293,33.084293,-1.7451328e-05,33.084293,0.000100237914,214,214,52,0.00034583424,0.000694343,1.9432198e-06,0.20141429,0
1252,20.866667,2.5083483e-07,33.08427,33.08427,-2.3281253e-05,33.08427,0.00010020868,214,214,52,0.00034257682,0.0006741816,1.9699828e-06,0.20141381,0
1253,20.883333,2.55954e-07,33.08425,33.08425,-2.1441787e-05,33.08425,0.000100184254,214,214,52,0.00034581462,0.0006940151,1.9611846e-06,0.20141335,0
1254,20.9,2.5426033e-07,33.08423,33.08423,-2.0949834e-05,33.08423,0.00010021931,214,214,52,0.00034452762,0.0006995342,1.9620952e-06,0.20141293,0
1255,20.916666,2.512074e-07,33.08421,33.08421,-1.9122388e-05,33.08421,0.00010024151,214,214,52,0.00034222184,0.0006837634,1.967863e-06,0.2014125,0
1256,20.933332,2.5608315e-07,33.084194,33.084194,-1.6953143e-05,33.084194,0.00010023762,214,214,52,0.00034571782,0.0006917143,1.9459362e-06,0.20141211,0
1257,20.95,2.505246e-07,33.08417,33.08417,-2.0454934e-05,33.08417,0.00010024033,215,215,52,0.00034221564,0.00067840936,1.9641543e-06,0.20141168,0
1258,20.966667,2.506168e-07,33.08415,33.08415,-2.2444343e-05,33.08415,0.00010030186,215,215,52,0.00034206573,0.0006693887,1.9655956e-06,0.20141122,0
1259,20.983334,2.5331542e-07,33.084133,33.084133,-1.7786595e-05,33.084133,0.00010024543,214,214,52,0.00034417835,0.00068912137,1.9542567e-06,0.20141082,0
1260,21,2.512819e-07,33.08411,33.08411,-2.0451409e-05,33.08411,0.000100249534,214,214,52,0.00034284755,0.00067864073,1.968542e-06,0.20141038,0
1261,21.016666,2.5624504e-07,33.08409,33.08409,-1.9613137e-05,33.08409,0.00010023725,214,214,52,0.00034583564,0.00070514233,1.9699871e-06,0.20140997,0
1262,21.033333,2.538597e-07,33.084072,33.084072,-2.011925e-05,33.084072,0.00010029932,214,214,52,0.00034442774,0.0006897578,1.978745e-06,0.2014095,0
1263,21.05,2.518267e-07,33.08405,33.08405,-2.2113958e-05,33.08405,0.00010024007,214,214,52,0.00034315657,0.0006788094,1.980423e-06,0.20140907,0
1264,21.066668,2.5621952e-07,33.08403,33.08403,-1.8616176e-05,33.08403,0.00010030236,214,214,52,0.00034594425,0.0006874377,1.980938e-06,0.20140865,0
1265,21.083334,2.515157e-07,33.08401,33.08401,-1.9789059e-05,33.08401,0.00010023824,214,214,52,0.0003430932,0.00067359733,1.9836536e-06,0.20140825,0
1266,21.1,2.5591612e-07,33.083992,33.083992,-1.9447443e-05,33.083992,0.000100242556,214,214,52,0.00034573133,0.0006879218,1.9570016e-06,0.20140779,0
1267,21.116667,2.5391668e-07,33.083973,33.083973,-1.895508e-05,33.083973,0.000100205456,214,214,52,0.0003448913,0.0006721918,1.9407196e-06,0.20140737,0
1268,21.133333,2.504255e-07,33.08395,33.08395,-2.1949161e-05,33.08395,0.00010023483,214,214,52,0.00034189873,0.0006713706,1.9541735e-06,0.20140693,0
1269,21.15,2.5420837e-07,33.083927,33.083927,-2.2108143e-05,33.083927,0.000100207864,214,214,52,0.00034483458,0.0006921401,1.9729662e-06,0.20140646,0
1270,21.166666,2.5009143e-07,33.08391,33.08391,-1.8458431e-05,33.08391,0.00010019801,214,214,52,0.0003387045,0.0006839139,1.9623121e-06,0.20140603,0
1271,21.183332,2.5641347e-07,33.08389,33.08389,-2.0110543e-05,33.08389,0.00010024708,214,214,52,0.00034588063,0.00068715407,1.9591916e-06,0.2014056,0
1272,21.2,2.4965786e-07,33.08387,33.08387,-2.0456131e-05,33.08387,0.00010024686,214,214,52,0.00033850002,0.0006845222,1.9658673e-06,0.2014052,0
1273,21.216667,2.5638516e-07,33.083847,33.083847,-2.0941412e-05,33.083847,0.00010024763,214,214,52,0.0003463873,0.0006842675,1.9681834e-06,0.20140475,0
1274,21.233334,2.5478104e-07,33.083828,33.083828,-2.078349e-05,33.083828,0.00010022586,214,214,52,0.00034583634,0.0007721587,1.9825213e-06,0.20140432,0
1275,21.25,2.510109e-07,33.08381,33.08381,-2.0453144e-05,33.08381,0.00010022453,214,214,52,0.0003387087,0.0006985886,1.996145e-06,0.20140386,0
1276,21.266666,2.521578e-07,33.08379,33.08379,-1.7788147e-05,33.08379,0.00010024246,214,214,52,0.0003402671,0.00069624634,1.9774222e-06,0.20140345,0
1277,21.283333,2.5212466e-07,33.083767,33.083767,-2.1280683e-05,33.083767,0.0001002544,214,214,52,0.0003436701,0.00067240646,1.9908557e-06,0.201403,0
1278,21.3,2.572131e-07,33.083748,33.083748,-2.1275562e-05,33.083748,0.00010025325,214,214,52,0.0003467298,0.0006915114,2.0097814e-06,0.20140253,0
1279,21.316668,2.750889e-07,33.083725,33.083725,-2.1096519e-05,33.083725,0.00010026073,214,214,52,0.00033812958,0.0025808795,1.8259401e-06,0.20140207,0
1280,21.333334,3.4333235e-07,33.083714,33.083714,-1.1237102e-05,33.083714,0.00010025013,213,213,52,0.0004830474,0.0028482242,6.026679e-06,0.20140207,0
1281,21.35,3.0821528e-07,33.083702,33.083702,-1.2171738e-05,33.083702,0.00010024515,213,213,52,0.0004447906,0.0026886137,7.2218445e-06,0.20140193,0
1282,21.366667,3.9070346e-07,33.083687,33.083687,-1.5046724e-05,33.083687,0.00010019542,213,213,52,0.0005288138,0.004866293,6.851869e-06,0.2014018,0
1283,21.383333,3.568456e-07,33.08367,33.083675,-1.3999284e-05,33.083675,0.000100247504,213,213,52,0.00045983694,0.0050676707,6.552066e-06,0.20140165,0
1284,21.4,4.1987315e-07,33.08366,33.08366,-1.4567419e-05,33.08366,0.000100217236,214,214,52,0.00054303993,0.0058800913,6.1529095e-06,0.20140153,0
1285,21.416666,3.7387284e-07,33.083645,33.083645,-1.2681387e-05,33.083645,0.00010024241,214,214,52,0.0005068105,0.0048553445,6.307509e-06,0.20140141,0
1286,21.433332,4.0428114e-07,33.083633,33.083633,-1.3103743e-05,33.083633,0.00010019,214,214,52,0.0005247089,0.005697934,6.082419e-06,0.20140131,0
1287,21.45,2.8020142e-07,33.08362,33.08362,-1.5585802e-05,33.08362,0.00010024505,214,214,52,0.00039811613,0.002560677,5.991044e-06,0.20140114,0
1288,21.466667,3.4768576e-07,33.083603,33.083607,-1.2734157e-05,33.083607,0.00010030751,214,214,52,0.0004840174,0.0035188764,5.8121454e-06,0.20140107,0
1289,21.483334,2.8500557e-07,33.08359,33.08359,-1.4028107e-05,33.08359,0.0001002402,212,212,51,0.0004030617,0.0016267002,6.7229084e-06,0.20140092,0
1290,21.5,3.1421337e-07,33.083576,33.083576,-1.3936219e-05,33.083576,0.00010024366,212,212,51,0.00043474653,0.002584343,6.5665627e-06,0.2014008,0
1291,21.516666,3.6527777e-07,33.083565,33.083565,-1.15867915e-05,33.083565,0.00010024005,212,212,51,0.00049169955,0.004469502,6.5630506e-06,0.20140071,0
1292,21.533333,4.5887433e-07,33.08355,33.08355,-1.4370596e-05,33.08355,0.00010022228,212,212,51,0.00055375893,0.0070498753,6.870436e-06,0.20140064,0
1293,21.55,3.7284323e-07,33.083538,33.083538,-1.4383968e-05,33.083538,0.00010027163,212,212,51,0.0005114484,0.0047363765,6.732858e-06,0.20140055,0
1294,21.566668,3.8883587e-07,33.08352,33.08352,-1.6277005e-05,33.08352,0.00010024745,212,212,51,0.0005179233,0.004800446,6.112934e-06,0.20140034,0
1295,21.583334,3.5470126e-07,33.08351,33.08351,-8.679399e-06,33.08351,0.00010029629,212,212,51,0.00046466992,0.004278634,6.4827573e-06,0.20140034,0
1296,21.6,4.356342e-07,33.083496,33.083496,-1.4549514e-05,33.083496,0.0001002751,212,212,51,0.0005314383,0.006046276,6.2396216e-06,0.20140022,0
1297,21.616667,3.0254955e-07,33.08348,33.08348,-1.6592337e-05,33.08348,0.00010026337,214,214,52,0.0004159836,0.0023763094,6.0430825e-06,0.20140006,0
1298,21.633333,3.376782e-07,33.08347,33.08347,-1.1436472e-05,33.08347,0.000100230944,214,214,52,0.0004439445,0.0039215316,6.1363144e-06,0.20139995,0
1299,21.65,3.233242e-07,33.08345,33.08345,-2.0297473e-05,33.08345,0.00010021947,214,214,52,0.00040249934,0.00094642723,2.7461315e-06,0.2013995,0
1300,21.666666,3.068327e-07,33.08342,33.08342,-2.81136e-05,33.08342,0.0001002952,210,210,51,0.0003921018,0.00092236616,4.1939543e-06,0.20139883,0
1301,21.683332,3.114573e-07,33.083397,33.083397,-2.21073e-05,33.083397,0.00010017828,210,210,51,0.00039900412,0.00091781275,3.9698116e-06,0.20139825,0
1302,21.7,3.07799e-07,33.083378,33.083378,-2.2115584e-05,33.083378,0.00010022151,210,210,51,0.00039330352,0.0009766077,3.4865313e-06,0.20139773,0
1303,21.716667,2.9890077e-07,33.08336,33.08336,-1.8795723e-05,33.08336,0.00010019644,210,210,51,0.00038006177,0.00093981414,3.6925194e-06,0.20139733,0
1304,21.733334,3.3395173e-07,33.083336,33.083336,-2.1411854e-05,33.083336,0.00010024023,210,210,51,0.0004186858,0.0009828773,4.0247864e-06,0.20139684,0
1305,21.75,2.8543204e-07,33.083317,33.083317,-1.999913e-05,33.083317,0.00010019594,210,210,51,0.0003579233,0.00092846114,3.5587357e-06,0.20139642,0
1306,21.766666,3.51952e-07,33.083298,33.083298,-2.0050345e-05,33.083298,0.00010023811,211,211,52,0.0004310422,0.0010527208,3.7322488e-06,0.20139599,0
1307,21.783333,2.935904e-07,33.08328,33.08328,-1.9343952e-05,33.08328,0.00010028823,211,211,52,0.0003611489,0.000955816,3.6027614e-06,0.20139557,0
1308,21.8,3.553151e-07,33.08326,33.08326,-1.7062548e-05,33.08326,0.00010028559,211,211,52,0.0003794358,0.004087634,3.7671916e-06,0.20139535,0
1309,21.816668,3.4785583e-07,33.083244,33.083244,-1.5635436e-05,33.083244,0.00010028626,211,211,52,0.00037749307,0.0040492215,3.4579784e-06,0.2013952,0
1310,21.833334,3.4861597e-07,33.083233,33.083233,-1.2634626e-05,33.083233,0.00010033751,211,211,52,0.0003758987,0.0040239478,3.4618176e-06,0.20139499,0
1311,21.85,3.486219e-07,33.083214,33.083214,-1.7955543e-05,33.083214,0.00010022491,211,211,52,0.00037509715,0.0040165186,3.4500958e-06,0.20139475,0
1312,21.866667,3.4787158e-07,33.0832,33.0832,-1.6460004e-05,33.0832,0.00010021835,211,211,52,0.00037497297,0.003998483,3.4661782e-06,0.20139447,0
1313,21.883333,3.4691382e-07,33.08318,33.08318,-1.7623996e-05,33.08318,0.00010027295,211,211,52,0.00037433743,0.0039854236,3.4646246e-06,0.20139423,0
1314,21.9,3.4590073e-07,33.083164,33.083164,-1.46314605e-05,33.083164,0.000100218866,211,211,52,0.00037369673,0.0039605373,3.4675493e-06,0.20139405,0
1315,21.916666,3.452769e-07,33.08315,33.08315,-1.5462347e-05,33.08315,0.000100271,211,211,52,0.0003732699,0.0039521656,3.436647e-06,0.20139383,0
1316,21.933332,3.4458185e-07,33.083134,33.083134,-1.4132377e-05,33.083134,0.00010020689,211,211,52,0.00037341245,0.003934501,3.4497689e-06,0.20139363,0
1317,21.95,3.4408407e-07,33.08312,33.083122,-1.4963455e-05,33.083122,0.00010020213,211,211,52,0.00037327077,0.0039262148,3.4793527e-06,0.20139343,0
1318,21.966667,3.437266e-07,33.083103,33.083103,-1.778965e-05,33.083103,0.00010019863,211,211,52,0.0003733554,0.0039173462,3.4398697e-06,0.2013932,0
1319,21.983334,3.4424284e-07,33.083088,33.083088,-1.4131166e-05,33.083088,0.00010025121,211,211,52,0.00037383498,0.0039217407,3.469474e-06,0.20139301,0
1320,22,3.4391832e-07,33.083073,33.083073,-1.7457109e-05,33.083073,0.000100252924,211,211,52,0.00037335,0.00391827,3.428139e-06,0.20139275,0
1321,22.016666,3.4419062e-07,33.083054,33.083054,-1.6292726e-05,33.083054,0.00010023995,211,211,52,0.00037375477,0.003923508,3.4496663e-06,0.20139255,0
1322,22.033333,3.156375e-07,33.083035,33.083035,-1.9812907e-05,33.083035,0.0001002425,211,211,52,0.0003950701,0.0008695872,2.902513e-06,0.20139217,0
1323,22.05,3.3859374e-07,33.08301,33.08301,-2.242148e-05,33.08301,0.00010023625,211,211,52,0.00040849837,0.0010304349,4.5943552e-06,0.20139165,0
1324,22.066668,3.3427227e-07,33.082993,33.082993,-2.0121186e-05,33.082993,0.0001002675,211,211,52,0.0004129461,0.0011143683,4.3803625e-06,0.20139119,0
1325,22.083334,2.6577223e-07,33.082977,33.082977,-1.3867671e-05,33.082977,0.000100268444,211,211,52,0.00033586836,0.0014853084,3.987899e-06,0.20139097,0
1326,22.1,2.5845003e-07,33.082962,33.082962,-1.530279e-05,33.082962,0.000100224956,211,211,52,0.00033428575,0.0009683163,3.3119873e-06,0.20139079,0
1327,22.116667,3.4510242e-07,33.08294,33.08294,-2.5017865e-05,33.08294,0.00010023448,211,211,52,0.0004199753,0.0010932378,3.933556e-06,0.20139024,0
1328,22.133333,3.3217017e-07,33.082912,33.082912,-2.3953664e-05,33.082912,0.000100289035,211,211,52,0.00040543618,0.0010015094,4.2359957e-06,0.20138976,0
1329,22.15,3.3478162e-07,33.082897,33.082897,-1.7287917e-05,33.082897,0.000100253674,211,211,52,0.000395028,0.0010660512,4.174666e-06,0.20138934,0
1330,22.166666,2.6482343e-07,33.082886,33.082886,-1.27053445e-05,33.082886,0.000100247846,211,211,52,0.00033471815,0.0015776432,4.025075e-06,0.2013892,0
1331,22.183332,2.7395026e-07,33.082867,33.082867,-1.7780167e-05,33.082867,0.0001002755,211,211,52,0.00036437297,0.0005008176,2.8181482e-06,0.20138891,0
1332,22.2,3.3625906e-07,33.082844,33.082844,-2.1883361e-05,33.082844,0.000100266276,211,211,52,0.0004189165,0.0009902448,4.3710097e-06,0.2013884,0
1333,22.216667,3.4625134e-07,33.08282,33.08282,-2.4762016e-05,33.08282,0.00010021632,211,211,52,0.000402018,0.0014944425,4.1349563e-06,0.20138788,0
1334,22.233334,2.522143e-07,33.082806,33.082806,-1.3560699e-05,33.082806,0.00010020101,211,211,52,0.00032949387,0.0009327574,3.935718e-06,0.20138772,0
1335,22.25,3.1186326e-07,33.082787,33.082787,-2.0057216e-05,33.082787,0.00010018367,211,211,52,0.00039991402,0.00087417034,2.7306214e-06,0.20138735,0
1336,22.266666,3.2938516e-07,33.082764,33.082767,-2.0431853e-05,33.082767,0.00010022487,211,211,52,0.00040162943,0.0010046918,4.3653713e-06,0.20138685,0
1337,22.283333,3.0880875e-07,33.08275,33.08275,-1.814238e-05,33.08275,0.00010025734,211,211,52,0.0003546849,0.0039108866,3.7858285e-06,0.2013866,0
1338,22.3,2.524605e-07,33.082733,33.082733,-1.4021775e-05,33.082733,0.00010019643,211,211,52,0.0003365473,0.0007325351,3.182147e-06,0.20138639,0
1339,22.316668,3.4689182e-07,33.08271,33.08271,-2.3015025e-05,33.08271,0.00010031593,211,211,52,0.00042814162,0.00097067,3.9140186e-06,0.2013859,0
1340,22.333334,3.2913326e-07,33.082687,33.082687,-2.3792236e-05,33.082687,0.000100219084,211,211,52,0.00040544596,0.00097175065,4.295765e-06,0.20138538,0
1341,22.35,3.2011823e-07,33.082672,33.082672,-1.5803247e-05,33.082672,0.00010022143,211,211,52,0.00036654825,0.0040543294,3.6613267e-06,0.2013851,0
1342,22.366667,2.8155213e-07,33.08265,33.082653,-1.982292e-05,33.082653,0.00010021464,211,211,52,0.00037078743,0.00072155363,2.8838276e-06,0.20138478,0
1343,22.383333,3.3184492e-07,33.08263,33.08263,-2.0066573e-05,33.08263,0.00010023951,211,211,52,0.00040348366,0.0013203304,4.214625e-06,0.20138429,0
1344,22.4,2.84583e-07,33.082615,33.082615,-1.733779e-05,33.082615,0.00010026154,211,211,52,0.00034376915,0.0015408031,3.5934133e-06,0.201384,0
1345,22.416666,2.6478733e-07,33.082596,33.082596,-1.6146538e-05,33.082596,0.00010026442,211,211,52,0.0003541738,0.00059994473,2.9313937e-06,0.20138368,0
1346,22.433332,3.3741475e-07,33.082577,33.082577,-2.0376747e-05,33.082577,0.00010025748,211,211,52,0.00041991982,0.0012708926,4.224035e-06,0.20138322,0
1347,22.45,2.7575967e-07,33.082558,33.082558,-1.9347244e-05,33.082558,0.00010031163,211,211,52,0.00034303105,0.0015492827,3.6571719e-06,0.20138289,0
1348,22.466667,2.7580785e-07,33.08254,33.08254,-1.7789245e-05,33.08254,0.00010025447,211,211,52,0.00036694232,0.00064210437,2.9115647e-06,0.20138264,0
1349,22.483334,3.409176e-07,33.082516,33.082516,-2.5870682e-05,33.082516,0.00010022198,211,211,52,0.00040665458,0.0010115582,4.258887e-06,0.20138204,0
1350,22.5,3.1833832e-07,33.082493,33.082497,-1.9308169e-05,33.082497,0.00010025094,211,211,52,0.000399588,0.000978292,4.1216003e-06,0.20138162,0
1351,22.516666,3.856637e-07,33.082478,33.082478,-1.7721968e-05,33.082478,0.00010021425,211,211,52,0.0004112602,0.005729047,3.6201968e-06,0.20138131,0
1352,22.533333,2.9193765e-07,33.082462,33.082462,-1.588796e-05,33.082462,0.000100242185,211,211,52,0.00037985042,0.0007794099,2.7424371e-06,0.20138103,0
1353,22.55,3.292619e-07,33.08244,33.08244,-2.0744561e-05,33.08244,0.00010022086,211,211,52,0.00041250692,0.0014862681,4.3796285e-06,0.20138054,0
1354,22.566668,4.1489548e-07,33.08242,33.082424,-1.836868e-05,33.082424,0.00010030015,211,211,52,0.0004209497,0.0063767973,3.6878212e-06,0.20138025,0
1355,22.583334,2.8294923e-07,33.0824,33.0824,-2.0581321e-05,33.0824,0.000100238205,211,211,52,0.00036046785,0.00079841446,2.8124105e-06,0.20137991,0
1356,22.6,3.3741188e-07,33.082382,33.082382,-1.9397381e-05,33.082382,0.00010023366,211,211,52,0.0004083862,0.001229907,4.1397393e-06,0.20137945,0
1357,22.616667,3.2133676e-07,33.08236,33.08236,-2.1961745e-05,33.08236,0.000100234196,211,211,52,0.00040124098,0.0011521471,3.9732954e-06,0.20137897,0
1358,22.633333,3.811392e-07,33.082344,33.082344,-1.6233196e-05,33.082344,0.00010022218,210,210,52,0.00039092932,0.0051722922,3.6593592e-06,0.20137873,0
1359,22.65,2.9724052e-07,33.082325,33.082325,-1.7374427e-05,33.082325,0.000100231926,210,210,52,0.00038952962,0.00075610826,2.614658e-06,0.2013784,0
1360,22.666666,3.3413895e-07,33.082306,33.082306,-2.0578731e-05,33.082306,0.00010028534,210,210,52,0.00041878733,0.0009475047,3.4934128e-06,0.20137796,0
1361,22.683332,3.4854423e-07,33.082283,33.082283,-2.176501e-05,33.082283,0.00010022478,211,211,52,0.00040368774,0.0011262746,4.906573e-06,0.20137747,0
1362,22.7,2.610064e-07,33.082264,33.082264,-1.9373127e-05,33.082264,0.00010027592,211,211,52,0.00034159064,0.00073624984,3.5413361e-06,0.20137711,0
1363,22.716667,3.4061216e-07,33.08224,33.08224,-2.236483e-05,33.08224,0.000100220415,211,211,52,0.00041880584,0.001149829,3.8601693e-06,0.20137662,0
1364,22.733334,3.3915552e-07,33.08222,33.08222,-2.3609678e-05,33.08222,0.00010024671,211,211,52,0.00041399297,0.0020239986,4.2421652e-06,0.20137608,0
1365,22.75,3.71887e-07,33.082207,33.082207,-1.2270145e-05,33.082207,0.00010026524,211,211,52,0.00039241984,0.0055702277,3.5914802e-06,0.2013759,0
1366,22.766666,3.2687387e-07,33.082184,33.082188,-2.0993153e-05,33.082188,0.00010020465,211,211,52,0.00041121297,0.0015706692,2.4798408e-06,0.20137548,0
1367,22.783333,3.5995745e-07,33.08216,33.08216,-2.3076373e-05,33.08216,0.00010026072,211,211,52,0.00040988746,0.0031419576,3.61488e-06,0.20137502,0
1368,22.8,2.626959e-07,33.082146,33.08215,-1.4893963e-05,33.08215,0.000100204066,211,211,52,0.00034688602,0.00076997734,3.159879e-06,0.20137477,0
1369,22.816668,4.826907e-07,33.082123,33.082123,-2.4718267e-05,33.082123,0.00010020566,211,211,52,0.00048284882,0.0060075256,3.3779631e-06,0.20137426,0
1370,22.833334,2.9725484e-07,33.082108,33.082108,-1.3652098e-05,33.082108,0.00010025633,211,211,52,0.00036595578,0.0027256077,3.506356e-06,0.2013741,0
1371,22.85,3.567808e-07,33.08209,33.08209,-2.0556105e-05,33.08209,0.000100197656,211,211,52,0.00039833225,0.0038033007,2.740198e-06,0.20137371,0
1372,22.866667,3.1400916e-07,33.082073,33.082073,-1.5837004e-05,33.082073,0.00010024777,211,211,52,0.00040249364,0.0011748973,3.0442038e-06,0.20137343,0
1373,22.883333,3.3214982e-07,33.08205,33.08205,-2.2758806e-05,33.08205,0.00010019415,211,211,52,0.00041095345,0.0016954766,4.337645e-06,0.2013729,0
1374,22.9,3.0510827e-07,33.08203,33.08203,-1.7982591e-05,33.08203,0.00010024816,211,211,52,0.00035857497,0.003682173,3.5285736e-06,0.20137261,0
1375,22.916666,3.2235414e-07,33.082012,33.082012,-1.9600853e-05,33.082012,0.000100195815,211,211,52,0.00040987277,0.0014189532,2.5722486e-06,0.20137225,0
1376,22.933332,3.3357537e-07,33.08199,33.081993,-2.1269429e-05,33.081993,0.0001002457,211,211,52,0.00041293746,0.0017750292,4.454234e-06,0.20137171,0
1377,22.95,2.523049e-07,33.081974,33.081974,-1.9034349e-05,33.081974,0.000100228855,211,211,52,0.000328022,0.00092955056,3.5306869e-06,0.20137139,0
1378,22.966667,3.035564e-07,33.081955,33.081955,-1.574298e-05,33.081955,0.000100265424,211,211,52,0.00039081398,0.0014105899,2.5394784e-06,0.2013711,0
1379,22.983334,3.26006e-07,33.081932,33.081932,-2.292075e-05,33.081932,0.00010032157,211,211,52,0.00040343337,0.0016208488,4.3222963e-06,0.2013706,0
1380,23,3.65471e-07,33.081913,33.081913,-2.1241185e-05,33.081913,0.00010025146,211,211,52,0.00039626338,0.0055050626,3.4584673e-06,0.20137024,0
1381,23.016666,3.0148428e-07,33.081898,33.081898,-1.3696904e-05,33.081898,0.00010022525,211,211,52,0.00037205845,0.0027236242,3.3319689e-06,0.20137009,0
1382,23.033333,2.8816035e-07,33.08188,33.081882,-1.8135128e-05,33.081882,0.00010019542,211,211,52,0.00034438493,0.0025115416,2.9901103e-06,0.20136975,0
1383,23.05,2.7949997e-07,33.081863,33.081863,-1.729919e-05,33.081863,0.00010017028,211,211,52,0.00036530243,0.000676492,2.7281276e-06,0.20136945,0
1384,23.066668,3.4475374e-07,33.081837,33.08184,-2.4706753e-05,33.08184,0.00010024471,212,212,52,0.00041707317,0.0020819022,4.176879e-06,0.2013689,0
1385,23.083334,2.5033887e-07,33.08182,33.08182,-1.8216218e-05,33.08182,0.00010019334,212,212,52,0.0003267645,0.00097033434,3.546086e-06,0.20136859,0
1386,23.1,2.970784e-07,33.081802,33.081802,-1.7742554e-05,33.081802,0.00010026298,212,212,52,0.00038247783,0.001314725,2.5824106e-06,0.20136824,0
1387,23.116667,3.2794964e-07,33.08178,33.08178,-2.224731e-05,33.08178,0.000100219586,212,212,52,0.00041018476,0.0020620506,4.1680314e-06,0.20136774,0
1388,23.133333,2.5824875e-07,33.081764,33.081764,-1.4367638e-05,33.081764,0.00010023815,212,212,52,0.00033154225,0.0013658784,3.5269338e-06,0.20136747,0
1389,23.15,2.9915302e-07,33.08174,33.08174,-2.5229869e-05,33.08174,0.000100185986,212,212,52,0.00037718427,0.0010700187,2.539971e-06,0.20136702,0
1390,23.166666,3.3368553e-07,33.081722,33.081722,-1.9749823e-05,33.081722,0.00010020956,212,212,52,0.00040916848,0.0017618447,4.2957854e-06,0.20136656,0
1391,23.183332,3.8062012e-07,33.081703,33.081703,-1.90724e-05,33.081703,0.00010024362,212,212,52,0.00040254116,0.004102672,3.304495e-06,0.20136619,0
1392,23.2,2.5203087e-07,33.08168,33.08168,-1.9912944e-05,33.08168,0.000100203826,212,212,52,0.00034123764,0.000556976,2.9586342e-06,0.20136593,0
1393,23.216667,3.1080276e-07,33.08166,33.08166,-2.1720643e-05,33.08166,0.0001002273,212,212,52,0.00038966155,0.0014852012,2.9790242e-06,0.20136538,0
1394,23.233334,3.2871552e-07,33.081642,33.081642,-1.6940105e-05,33.081642,0.000100290374,212,212,52,0.0003703983,0.0029867594,3.2367177e-06,0.20136508,0
1395,23.25,1.1607569e-06,33.081635,33.081635,-8.478243e-06,33.081635,0.00010023244,212,212,52,0.0010470392,0.011366085,9.892128e-06,0.20136535,0
1396,23.266666,1.7246382e-06,33.081635,33.081635,-5.9990435e-07,33.081635,0.000100226476,211,211,52,0.0013746166,0.012999337,2.0428995e-05,0.2013659,0
1397,23.283333,8.599336e-06,33.081654,33.08166,2.7157817e-05,33.08166,0.00010026302,211,211,52,0.00276914,0.023060968,3.1563475e-05,0.20136698,0
1398,23.3,1.1637326e-05,33.0817,33.08171,4.8591883e-05,33.08171,0.00010026711,210,210,51,0.0034575032,0.02573102,5.3690605e-05,0.20136897,0
1399,23.316668,7.5178573e-06,33.081734,33.08174,3.145912e-05,33.08174,0.00010021505,210,210,51,0.0029542602,0.022019152,5.659157e-05,0.20137079,0
1400,23.333334,5.821578e-06,33.081734,33.081738,-3.02632e-06,33.081738,0.000100284975,210,210,51,0.0025656114,0.018925231,4.300352e-05,0.20137168,0
1401,23.35,5.901952e-06,33.081745,33.08175,1.1053209e-05,33.08175,0.00010029838,210,210,51,0.0026247448,0.019521952,4.5960707e-05,0.20137282,0
1402,23.366667,7.426985e-06,33.081753,33.08176,1.1832848e-05,33.08176,0.00010025502,210,210,51,0.002921568,0.019855902,4.4968074e-05,0.20137398,0
1403,23.383333,8.043146e-06,33.081768,33.081776,1.3584058e-05,33.081776,0.000100283825,210,210,51,0.0030172397,0.01957002,5.057328e-05,0.20137523,0
1404,23.4,5.3087133e-06,33.081776,33.08178,6.243341e-06,33.08178,0.00010019473,210,210,51,0.0024907386,0.018820927,4.704892e-05,0.20137633,0
1405,23.416666,4.1194157e-06,33.081776,33.08178,-5.242775e-07,33.08178,0.000100291705,210,210,51,0.0021489991,0.015966948,3.5397956e-05,0.20137732,0
1406,23.433332,5.70325e-06,33.08179,33.0818,1.7211813e-05,33.0818,0.00010023772,210,210,51,0.002517045,0.016933907,4.0500923e-05,0.20137848,0
1407,23.45,3.6592462e-06,33.0818,33.081802,6.1024957e-06,33.081802,0.00010028191,210,210,51,0.002014899,0.015646307,4.0161936e-05,0.20137963,0
1408,23.466667,4.7619874e-06,33.081818,33.08182,1.7229484e-05,33.08182,0.00010026114,210,210,51,0.0023568424,0.018252272,3.9129634e-05,0.2013809,0
1409,23.483334,5.269167e-06,33.08182,33.081825,3.8322814e-06,33.081825,0.00010025694,210,210,51,0.0023695168,0.016821714,3.594125e-05,0.20138185,0
1410,23.5,3.889009e-06,33.08183,33.081833,5.935065e-06,33.081833,0.00010025509,210,210,51,0.0021091953,0.01600315,3.789597e-05,0.20138295,0
1411,23.516666,4.840451e-06,33.081837,33.08184,9.596706e-06,33.08184,0.00010029775,210,210,51,0.002341783,0.016493136,3.879751e-05,0.201384,0
1412,23.533333,4.357772e-06,33.081844,33.08185,8.3288405e-06,33.08185,0.00010023718,210,210,51,0.002251215,0.017400322,3.895917e-05,0.20138499,0
1413,23.55,5.1118895e-06,33.08185,33.081856,5.5755145e-06,33.081856,0.000100292295,210,210,51,0.0024286509,0.017082077,3.8007358e-05,0.20138602,0
1414,23.566668,5.535814e-06,33.08186,33.081863,9.401699e-06,33.081863,0.00010022558,210,210,51,0.0025117467,0.017632714,4.2966574e-05,0.20138709,0
1415,23.583334,5.7048323e-06,33.08187,33.081875,1.1640619e-05,33.081875,0.00010027602,210,210,51,0.002541497,0.017095638,4.1133717e-05,0.20138827,0
1416,23.6,6.256732e-06,33.081882,33.081886,1.2189756e-05,33.081886,0.000100213736,210,210,51,0.002674523,0.017905787,4.4413842e-05,0.20138943,0
1417,23.616667,3.2878286e-06,33.08189,33.081894,6.673891e-06,33.081894,0.00010022524,210,210,51,0.00194915,0.016400252,4.143282e-05,0.20139056,0
1418,23.633333,4.9262703e-06,33.081894,33.081898,3.4672478e-06,33.081898,0.000100261976,210,210,51,0.0022772453,0.017752858,3.048988e-05,0.2013915,0
1419,23.65,2.6672674e-06,33.081886,33.08189,-8.742952e-06,33.08189,0.00010034216,210,210,51,0.0015776661,0.008174382,3.0965828e-05,0.20139185,0
1420,23.666666,3.4530206e-06,33.081886,33.08189,-5.442875e-07,33.08189,0.000100186546,210,210,51,0.0019687358,0.013968052,3.176846e-05,0.20139232,0
1421,23.683332,2.6895477e-06,33.081875,33.08188,-1.0406267e-05,33.08188,0.00010023384,210,210,51,0.0017408442,0.013448313,2.7599135e-05,0.20139259,0
1422,23.7,3.0120877e-06,33.081867,33.08187,-7.823959e-06,33.08187,0.00010025366,210,210,51,0.0018434558,0.013631904,2.7699238e-05,0.20139287,0
1423,23.716667,2.6548842e-06,33.081856,33.08186,-1.0665019e-05,33.08186,0.00010022538,210,210,51,0.00172452,0.012486508,2.7883169e-05,0.20139311,0
1424,23.733334,1.4407212e-06,33.081837,33.08184,-2.0499752e-05,33.08184,0.000100314115,210,210,51,0.0012184816,0.010057719,2.0411166e-05,0.20139296,0
1425,23.75,3.1727818e-06,33.081837,33.08184,6.950975e-08,33.08184,0.0001002344,210,210,51,0.0018578082,0.014247122,2.6573282e-05,0.20139347,0
1426,23.766666,4.5977895e-06,33.081833,33.081837,-1.2350737e-06,33.081837,0.00010029053,210,210,51,0.0022124588,0.01501234,3.1683372e-05,0.20139395,0
1427,23.783333,4.8420334e-06,33.081833,33.081837,-1.584562e-06,33.081837,0.00010027256,210,210,51,0.0023270217,0.0151837105,3.5066754e-05,0.20139441,0
1428,23.8,3.3256147e-06,33.08182,33.081825,-1.0327938e-05,33.081825,0.00010025391,210,210,51,0.0019150408,0.01344674,3.3702196e-05,0.20139478,0
1429,23.816668,1.8849637e-06,33.08181,33.081814,-1.3743527e-05,33.081814,0.000100246034,210,210,51,0.0013364814,0.010965385,2.2099555e-05,0.2013949,0
1430,23.833334,3.3206368e-06,33.081806,33.08181,-2.7207038e-06,33.08181,0.00010026455,210,210,51,0.0018149908,0.013651572,2.5403926e-05,0.20139533,0
1431,23.85,1.3679522e-06,33.081795,33.081795,-1.4754326e-05,33.081795,0.00010031611,210,210,51,0.0011007324,0.0057904413,2.4127843e-05,0.20139544,0
1432,23.866667,2.0464654e-06,33.081787,33.081787,-6.3042003e-06,33.081787,0.000100244455,210,210,51,0.0014784132,0.010425343,2.4184847e-05,0.2013957,0
1433,23.883333,4.1125663e-06,33.081783,33.081787,-2.7552965e-06,33.081787,0.00010029964,210,210,51,0.002043086,0.0132094035,2.9195879e-05,0.20139608,0
1434,23.9,2.4037995e-06,33.081776,33.08178,-6.0313987e-06,33.08178,0.000100286576,210,210,51,0.0016283871,0.012062312,3.108375e-05,0.20139658,0
1435,23.916666,3.2790729e-06,33.08177,33.081776,-4.7773997e-06,33.081776,0.000100308884,210,210,51,0.0019317331,0.014637348,2.8838225e-05,0.20139694,0
1436,23.933332,2.7747767e-06,33.08176,33.08176,-1.3638448e-05,33.08176,0.00010027848,210,210,51,0.0016742843,0.011369957,2.503073e-05,0.20139705,0
1437,23.95,3.1248794e-06,33.08176,33.081764,1.8463985e-06,33.081764,0.00010027235,210,210,51,0.0018708438,0.013795756,3.0542604e-05,0.2013976,0
1438,23.966667,1.0872644e-06,33.081734,33.081738,-2.7474642e-05,33.081738,0.000100264246,210,210,51,0.0009261533,0.0053256224,1.705856e-05,0.20139726,0
1439,23.983334,2.7382987e-06,33.08173,33.08173,-4.5004035e-06,33.08173,0.000100295496,210,210,51,0.0016185372,0.011821345,2.180492e-05,0.20139757,0
1440,24,2.9357925e-06,33.081722,33.081726,-5.1226684e-06,33.081726,0.00010022087,210,210,51,0.0017741687,0.012306946,2.8630056e-05,0.20139807,0
1441,24.016666,1.2547988e-06,33.08171,33.08171,-1.5812675e-05,33.08171,0.00010024713,210,210,51,0.0010532246,0.008381984,2.261705e-05,0.20139818,0
1442,24.033333,3.310773e-06,33.081688,33.081688,-2.1053482e-05,33.081688,0.00010030982,210,210,51,0.0018277061,0.011095751,2.289919e-05,0.2013981,0
1443,24.05,7.032396e-06,33.081673,33.08168,-8.747508e-06,33.08168,0.00010038877,210,210,51,0.002686492,0.015215774,3.7325157e-05,0.20139818,0
1444,24.066668,2.6361688e-06,33.08166,33.081665,-1.6699103e-05,33.081665,0.000100430734,210,210,51,0.0015474935,0.0117350845,3.226715e-05,0.20139839,0
1445,24.083334,2.4131589e-06,33.081642,33.081646,-1.9009834e-05,33.081646,0.00010040429,210,210,51,0.0014187164,0.009620127,2.073858e-05,0.2013982,0
1446,24.1,2.4756996e-06,33.081623,33.081627,-1.7893008e-05,33.081627,0.000100432284,210,210,51,0.0014414762,0.01000741,2.032408e-05,0.20139804,0
1447,24.116667,2.552155e-06,33.081608,33.08161,-1.5385267e-05,33.08161,0.00010045779,210,210,51,0.001467124,0.010137121,2.0528529e-05,0.20139794,0
1448,24.133333,2.5328727e-06,33.081593,33.081596,-1.4815984e-05,33.081596,0.00010048043,210,210,51,0.0014499781,0.009982263,2.0503043e-05,0.20139784,0
1449,24.15,2.5684742e-06,33.081577,33.08158,-1.7254926e-05,33.08158,0.000100449935,210,210,51,0.0014608647,0.009843122,2.0534677e-05,0.20139763,0
1450,24.166666,2.595332e-06,33.081562,33.081566,-1.4437334e-05,33.081566,0.0001004144,210,210,51,0.0014723088,0.010086986,2.0750102e-05,0.2013975,0
1451,24.183332,2.6336365e-06,33.081543,33.081547,-1.7917244e-05,33.081547,0.00010045001,210,210,51,0.0014824136,0.00992236,2.0947942e-05,0.20139731,0
1452,24.2,2.7228666e-06,33.08153,33.08153,-1.4541217e-05,33.08153,0.00010050699,210,210,51,0.0014955439,0.010161597,2.1067613e-05,0.20139714,0
1453,24.216667,2.7071796e-06,33.081505,33.08151,-2.4122673e-05,33.08151,0.00010044776,210,210,51,0.0014735995,0.009855854,2.0459545e-05,0.20139688,0
1454,24.233334,2.6982464e-06,33.081486,33.08149,-2.0790818e-05,33.08149,0.00010050782,210,210,51,0.0014667294,0.009702744,2.0214402e-05,0.2013966,0
1455,24.25,2.7331737e-06,33.08147,33.081474,-1.359799e-05,33.081474,0.0001004737,210,210,51,0.0014744699,0.009864727,2.0131558e-05,0.20139648,0
1456,24.266666,2.6992036e-06,33.08145,33.08145,-2.0815854e-05,33.08145,0.00010051567,210,210,51,0.0014606309,0.009657822,2.0132395e-05,0.2013962,0
1457,24.283333,2.673492e-06,33.081432,33.081436,-1.8978792e-05,33.081436,0.00010042539,210,210,51,0.0014554814,0.009646436,1.9871382e-05,0.20139596,0
1458,24.3,2.630707e-06,33.081413,33.081413,-1.9993395e-05,33.081413,0.00010051114,210,210,51,0.0014364939,0.009300369,1.9714751e-05,0.20139569,0
1459,24.316668,2.6538912e-06,33.08139,33.081394,-2.0758702e-05,33.081394,0.00010045242,210,210,51,0.001440412,0.009451815,1.9472827e-05,0.20139544,0
1460,24.333334,2.6873583e-06,33.08137,33.081375,-1.7922082e-05,33.081375,0.00010046101,210,210,51,0.0014475937,0.009552917,1.9521296e-05,0.2013952,0
1461,24.35,2.6387734e-06,33.081352,33.081356,-2.083047e-05,33.081356,0.000100463374,210,210,51,0.001440138,0.009513697,1.957332e-05,0.20139495,0
1462,24.366667,2.637108e-06,33.081337,33.08134,-1.5130878e-05,33.08134,0.00010051001,210,210,51,0.001438925,0.009396595,1.9471785e-05,0.20139472,0
1463,24.383333,2.640412e-06,33.081314,33.081318,-2.1776112e-05,33.081318,0.000100519086,210,210,51,0.001432851,0.009282528,1.9404764e-05,0.20139444,0
1464,24.4,2.3514256e-06,33.081303,33.081306,-1.1760587e-05,33.081306,0.000100457786,211,211,51,0.0013685143,0.009058215,1.8944467e-05,0.20139433,0
1465,24.416666,2.3250918e-06,33.081287,33.08129,-1.4656781e-05,33.08129,0.00010045424,213,213,51,0.0013640084,0.009086371,1.8837309e-05,0.20139416,0
1466,24.433332,2.335307e-06,33.081272,33.081276,-1.6116528e-05,33.081276,0.000100400954,213,213,51,0.0013662335,0.009045614,1.8934232e-05,0.20139393,0
1467,24.45,2.3239293e-06,33.081257,33.081257,-1.6969396e-05,33.081257,0.00010045902,213,213,51,0.0013666751,0.009133977,1.888572e-05,0.20139372,0
1468,24.466667,2.3261728e-06,33.08124,33.08124,-1.545948e-05,33.08124,0.00010051053,213,213,51,0.001361735,0.009141,1.8834256e-05,0.20139356,0
1469,24.483334,2.263368e-06,33.081226,33.081226,-1.6189548e-05,33.081226,0.000100462814,213,213,51,0.0013374345,0.008597486,1.8719074e-05,0.20139337,0
1470,24.5,5.6561043e-06,33.08122,33.081226,-2.2599365e-06,33.081226,0.00010046369,210,210,50,0.0021646125,0.013095396,2.5678595e-05,0.20139328,0
1471,24.516666,1.0003873e-05,33.081215,33.081226,2.1864532e-06,33.081226,0.00010051304,210,210,50,0.0028866194,0.01727258,4.0546187e-05,0.20139338,0
1472,24.533333,1.33463445e-05,33.081226,33.081238,1.148897e-05,33.081238,0.00010048993,209,209,50,0.0034026285,0.019409198,5.108928e-05,0.20139381,0
1473,24.55,1.5735981e-05,33.081234,33.08125,1.2032432e-05,33.08125,0.00010046407,209,209,50,0.003785518,0.020673594,5.8675716e-05,0.2013945,0
1474,24.566668,1.7438872e-05,33.08125,33.081264,1.5668316e-05,33.081264,0.00010043643,209,209,50,0.004066907,0.020741336,6.4335916e-05,0.20139536,0
1475,24.583334,1.8643019e-05,33.08126,33.08128,1.3507023e-05,33.08128,0.00010047725,209,209,50,0.004288472,0.021269772,6.857754e-05,0.20139635,0
1476,24.6,1.9395993e-05,33.08128,33.0813,1.9872308e-05,33.0813,0.00010046484,209,209,50,0.004414453,0.021465262,7.1542185e-05,0.20139755,0
1477,24.616667,1.9570338e-05,33.0813,33.081318,1.8628658e-05,33.081318,0.00010047465,209,209,50,0.0044374056,0.021642178,7.259326e-05,0.20139879,0
1478,24.633333,1.9354753e-05,33.081318,33.081337,1.8737495e-05,33.081337,0.00010047863,209,209,50,0.0044072834,0.021392269,7.2586336e-05,0.20140007,0
1479,24.65,1.8868244e-05,33.081337,33.081356,1.7801549e-05,33.081356,0.00010047387,209,209,50,0.0043533933,0.021220475,7.185149e-05,0.20140132,0
1480,24.666666,1.8188157e-05,33.081352,33.08137,1.7774228e-05,33.08137,0.00010042244,209,209,50,0.0042735133,0.020879451,7.0607806e-05,0.20140259,0
1481,24.683332,1.7417868e-05,33.081375,33.081394,2.084287e-05,33.081394,0.00010048708,209,209,50,0.004180155,0.020466855,6.912117e-05,0.20140384,0
1482,24.7,1.6558586e-05,33.08139,33.08141,1.460244e-05,33.08141,0.0001005107,209,209,50,0.0040638507,0.019751005,6.739942e-05,0.20140505,0
1483,24.716667,1.571511e-05,33.08141,33.081425,1.5615777e-05,33.081425,0.00010048234,209,209,50,0.003951079,0.019021133,6.5601795e-05,0.20140617,0
1484,24.733334,1.4855663e-05,33.08142,33.081436,1.3937256e-05,33.081436,0.00010043454,209,209,50,0.0038353011,0.01874491,6.370782e-05,0.20140728,0
1485,24.75,1.4027611e-05,33.081436,33.08145,1.430116e-05,33.08145,0.00010051164,211,211,51,0.00373061,0.018185945,6.168275e-05,0.20140828,0
1486,24.766666,1.325337e-05,33.081448,33.081463,9.533574e-06,33.081463,0.00010042811,211,211,51,0.0036227673,0.017911162,5.9891183e-05,0.2014093,0
1487,24.783333,1.2414905e-05,33.08146,33.08147,9.635605e-06,33.08147,0.000100516336,211,211,51,0.0034872717,0.017413523,5.7696096e-05,0.20141017,0
1488,24.8,1.1627111e-05,33.081467,33.08148,6.6936855e-06,33.08148,0.000100436984,211,211,51,0.003356262,0.016780298,5.549342e-05,0.201411,0
1489,24.816668,1.085511e-05,33.081474,33.081486,7.707007e-06,33.081486,0.000100498946,211,211,51,0.003212475,0.015986519,5.3213527e-05,0.20141178,0
1490,24.833334,1.0103363e-05,33.08148,33.08149,4.900926e-06,33.08149,0.00010047268,211,211,51,0.0030735557,0.016316146,5.0717204e-05,0.20141244,0
1491,24.85,9.3638655e-06,33.081482,33.08149,9.177804e-08,33.08149,0.00010046713,210,210,51,0.0029183067,0.016002607,4.8075653e-05,0.20141296,0
1492,24.866667,8.637332e-06,33.081482,33.08149,6.035067e-07,33.08149,0.00010052815,210,210,51,0.0027524924,0.0155715905,4.526751e-05,0.20141332,0
1493,24.883333,7.978379e-06,33.081482,33.08149,-1.4902286e-06,33.08149,0.00010044534,210,210,51,0.0025911704,0.015294066,4.2408752e-05,0.20141363,0
1494,24.9,7.3413917e-06,33.08148,33.081486,-4.128344e-06,33.081486,0.00010047339,210,210,51,0.0024249752,0.014909604,3.9442017e-05,0.2014138,0
1495,24.916666,6.792335e-06,33.081474,33.081482,-4.5391785e-06,33.081482,0.0001004132,210,210,51,0.002267028,0.014472608,3.6586203e-05,0.20141383,0
1496,24.933332,6.312088e-06,33.081467,33.081474,-6.1329197e-06,33.081474,0.0001004808,210,210,51,0.0021198296,0.014124538,3.384228e-05,0.20141377,0
1497,24.95,5.8893834e-06,33.081463,33.081467,-6.4078877e-06,33.081467,0.00010048069,210,210,51,0.0019827604,0.014586693,3.12466e-05,0.20141362,0
1498,24.966667,5.525381e-06,33.081448,33.081455,-1.3498154e-05,33.081455,0.0001005364,210,210,51,0.0018630916,0.016624518,2.8868273e-05,0.20141327,0
1499,24.983334,5.196499e-06,33.081436,33.08144,-1.3296779e-05,33.08144,0.00010055336,210,210,51,0.0017552355,0.018174894,2.6701468e-05,0.20141286,0
1500,25,4.900822e-06,33.081425,33.08143,-1.2432298e-05,33.08143,0.000100457764,210,210,51,0.0016702773,0.019342454,2.5173687e-05,0.2014124,0
1501,25.016666,4.6409396e-06,33.081406,33.08141,-1.7384156e-05,33.08141,0.000100457895,213,213,52,0.0016208957,0.019956807,2.4208259e-05,0.20141184,0
1502,25.033333,4.4540097e-06,33.081387,33.08139,-2.0303794e-05,33.08139,0.00010049584,213,213,52,0.001570639,0.020330168,2.3262404e-05,0.20141117,0
1503,25.05,4.284657e-06,33.081375,33.08138,-1.1973463e-05,33.08138,0.00010049645,213,213,52,0.0015302852,0.019894632,2.2345219e-05,0.20141065,0
1504,25.066668,4.1053204e-06,33.081364,33.081367,-1.0819662e-05,33.081367,0.00010052819,212,212,52,0.0015082202,0.018952902,2.1621014e-05,0.2014102,0
1505,25.083334,3.9104343e-06,33.081352,33.081356,-1.2830272e-05,33.081356,0.000100553545,212,212,52,0.0014911003,0.017419823,2.0778023e-05,0.20140976,0
1506,25.1,3.7346028e-06,33.081337,33.08134,-1.3975004e-05,33.08134,0.00010049479,212,212,52,0.0014857192,0.015489316,2.0415266e-05,0.2014093,0
1507,25.116667,3.589732e-06,33.08132,33.081326,-1.5440339e-05,33.081326,0.00010050001,212,212,52,0.0014923263,0.013265076,2.0498e-05,0.20140888,0
1508,25.133333,3.4613606e-06,33.08131,33.081314,-1.2431247e-05,33.081314,0.00010043151,212,212,52,0.0015037294,0.010730425,2.0715175e-05,0.20140855,0
1509,25.15,3.3826627e-06,33.081303,33.081306,-7.3939214e-06,33.081306,0.00010055684,212,212,52,0.001530871,0.010636553,2.114656e-05,0.20140837,0
1510,25.166666,3.329858e-06,33.08129,33.081295,-1.135815e-05,33.081295,0.000100422505,212,212,52,0.0015602363,0.010314804,2.173605e-05,0.20140822,0
1511,25.183332,3.3227138e-06,33.081287,33.081287,-5.659817e-06,33.081287,0.00010043159,212,212,52,0.0015984144,0.010127022,2.2463202e-05,0.20140822,0
1512,25.2,3.3404708e-06,33.081276,33.08128,-8.960017e-06,33.08128,0.00010049319,212,212,52,0.0016371447,0.009875397,2.3271998e-05,0.20140819,0
1513,25.216667,3.3856932e-06,33.08127,33.081272,-8.2675315e-06,33.081272,0.0001004296,212,212,52,0.0016787747,0.009780304,2.4096797e-05,0.20140822,0
1514,25.233334,3.4409904e-06,33.081264,33.08127,-4.10108e-06,33.08127,0.00010048683,212,212,52,0.0017166098,0.009665374,2.4883126e-05,0.20140836,0
1515,25.25,3.4783397e-06,33.081257,33.08126,-8.44166e-06,33.08126,0.00010042803,212,212,52,0.0017371356,0.009665914,2.55023e-05,0.20140846,0
1516,25.266666,3.47075e-06,33.08125,33.081253,-4.828987e-06,33.081253,0.00010054261,210,210,51,0.0017345046,0.009649852,2.5650555e-05,0.20140865,0
1517,25.283333,3.4213344e-06,33.081245,33.081245,-7.5308944e-06,33.081245,0.00010047259,210,210,51,0.0017184141,0.009553568,2.5444957e-05,0.20140879,0
1518,25.3,3.3515041e-06,33.081234,33.081238,-8.8813495e-06,33.081238,0.00010048726,210,210,51,0.0016957056,0.009426783,2.5088711e-05,0.20140892,0
1519,25.316668,3.2698108e-06,33.081226,33.08123,-8.394448e-06,33.08123,0.000100448975,210,210,51,0.0016689302,0.009286254,2.4621373e-05,0.20140913,0
1520,25.333334,3.1656975e-06,33.08122,33.081223,-7.751847e-06,33.081223,0.00010047732,210,210,51,0.001630486,0.009036803,2.3986075e-05,0.20140913,0
1521,25.35,3.069543e-06,33.08121,33.08121,-9.073929e-06,33.08121,0.00010045748,210,210,51,0.0015978303,0.008994773,2.3310593e-05,0.20140919,0
1522,25.366667,2.9592256e-06,33.081203,33.081207,-5.929245e-06,33.081207,0.000100475,210,210,51,0.0015546005,0.008854596,2.2525692e-05,0.20140927,0
1523,25.383333,2.7862704e-06,33.081192,33.081196,-1.1810811e-05,33.081196,0.00010041628,210,210,51,0.0014801058,0.007966757,2.144422e-05,0.20140927,0
1524,25.4,2.6334324e-06,33.08118,33.081184,-1.1291929e-05,33.081184,0.000100525984,210,210,51,0.0014144661,0.007758864,2.0013375e-05,0.20140916,0
1525,25.416666,2.497039e-06,33.081173,33.081177,-8.116637e-06,33.081177,0.00010049593,210,210,51,0.0013501839,0.0075923395,1.8677589e-05,0.2014091,0
1526,25.433332,2.374011e-06,33.08116,33.081165,-1.2259649e-05,33.081165,0.00010052706,210,210,51,0.0012867446,0.007443363,1.7314926e-05,0.20140891,0
1527,25.45,2.2658705e-06,33.08115,33.08115,-1.24110165e-05,33.08115,0.000100549245,210,210,51,0.0012252143,0.0073054275,1.5929767e-05,0.20140867,0
1528,25.466667,2.173992e-06,33.08114,33.08114,-1.1064714e-05,33.08114,0.00010040939,210,210,51,0.0011671627,0.007172775,1.4537143e-05,0.2014084,0
1529,25.483334,2.0991256e-06,33.081123,33.081123,-1.620161e-05,33.081123,0.00010046311,210,210,51,0.0011143625,0.007041664,1.3192427e-05,0.201408,0
1530,25.5,2.0406244e-06,33.08111,33.08111,-1.5520223e-05,33.08111,0.00010045152,210,210,51,0.0010682795,0.007213985,1.1909102e-05,0.20140763,0
1531,25.516666,1.996147e-06,33.08109,33.081093,-1.7168752e-05,33.081093,0.00010051567,210,210,51,0.0010297085,0.0086337365,1.0742363e-05,0.20140707,0
1532,25.533333,1.964118e-06,33.081074,33.081074,-1.5992517e-05,33.081074,0.000100513855,210,210,51,0.0009994451,0.0099326465,9.710362e-06,0.20140654,0
1533,25.55,1.9406345e-06,33.081055,33.081055,-1.9807838e-05,33.081055,0.00010048863,210,210,51,0.0009769063,0.011024448,9.119642e-06,0.20140593,0
1534,25.566668,1.9217237e-06,33.081036,33.08104,-1.7475695e-05,33.08104,0.00010047931,210,210,51,0.0009609254,0.011855578,8.865635e-06,0.20140535,0
1535,25.583334,1.9038291e-06,33.081017,33.08102,-1.8638464e-05,33.08102,0.0001004528,210,210,51,0.00095003535,0.01239185,8.357203e-06,0.20140469,0
1536,25.6,1.8841688e-06,33.080997,33.080997,-2.030278e-05,33.080997,0.00010047902,210,210,51,0.00094269746,0.01261416,8.1371645e-06,0.201404,0
1537,25.616667,1.8608289e-06,33.08098,33.08098,-1.9475185e-05,33.08098,0.00010047653,210,210,51,0.0009374891,0.012518313,7.8200555e-06,0.2014033,0
1538,25.633333,1.8332585e-06,33.08096,33.08096,-1.8814395e-05,33.08096,0.00010045118,210,210,51,0.0009334438,0.012112541,7.5584544e-06,0.2014026,0
1539,25.65,1.8020224e-06,33.08094,33.08094,-1.948308e-05,33.08094,0.00010044532,210,210,51,0.0009300529,0.011418185,7.2375483e-06,0.20140193,0
1540,25.666666,1.7688305e-06,33.08092,33.08092,-1.931878e-05,33.08092,0.00010046953,210,210,51,0.00092731835,0.010468868,6.9971657e-06,0.20140128,0
1541,25.683332,1.736011e-06,33.0809,33.080902,-2.064845e-05,33.080902,0.00010050252,210,210,51,0.00092563074,0.009308277,6.725529e-06,0.2014006,0
1542,25.7,1.7062465e-06,33.08088,33.08088,-2.014663e-05,33.08088,0.00010049718,210,210,51,0.0009256066,0.007992014,6.7445635e-06,0.20139998,0
1543,25.716667,1.6819678e-06,33.08086,33.080864,-1.7647317e-05,33.080864,0.00010052012,210,210,51,0.00092789985,0.006590783,6.8560057e-06,0.20139942,0
1544,25.733334,1.6651461e-06,33.08084,33.080845,-1.9468665e-05,33.080845,0.00010043491,210,210,51,0.00093308534,0.0051960316,7.085723e-06,0.20139883,0
1545,25.75,1.6570632e-06,33.080822,33.080826,-1.9293671e-05,33.080826,0.00010051872,210,210,51,0.00094135,0.0049945465,7.40931e-06,0.2013983,0
1546,25.766666,1.6577314e-06,33.080807,33.080807,-1.7622371e-05,33.080807,0.00010051833,210,210,51,0.00095242757,0.0049355524,7.825035e-06,0.20139779,0
1547,25.783333,1.6663749e-06,33.080788,33.08079,-1.711563e-05,33.08079,0.000100452155,210,210,51,0.000965746,0.0048902137,8.300079e-06,0.20139733,0
1548,25.8,1.6816125e-06,33.080772,33.080776,-1.5446485e-05,33.080776,0.00010051003,210,210,51,0.0009806026,0.0048715165,8.807563e-06,0.20139693,0
1549,25.816668,1.7001695e-06,33.080753,33.080757,-1.8934523e-05,33.080757,0.000100450976,210,210,51,0.0009954802,0.004854599,9.315919e-06,0.20139651,0
1550,25.833334,1.7165718e-06,33.080734,33.080734,-2.0599227e-05,33.080734,0.00010056568,209,209,51,0.0010068715,0.0049027232,9.770406e-06,0.20139606,0
1551,25.85,1.7213384e-06,33.08072,33.08072,-1.562321e-05,33.08072,0.00010044788,209,209,51,0.0010099249,0.0049236645,9.96912e-06,0.2013957,0
1552,25.866667,1.7197617e-06,33.0807,33.0807,-1.945342e-05,33.0807,0.00010050418,209,209,51,0.0010090288,0.0049131853,1.0008604e-05,0.2013953,0
1553,25.883333,1.7137104e-06,33.08068,33.080685,-1.629905e-05,33.080685,0.000100502824,209,209,51,0.0010053731,0.004880143,9.940171e-06,0.20139495,0
1554,25.9,1.7048447e-06,33.08066,33.080666,-1.9460711e-05,33.080666,0.00010049893,209,209,51,0.0009999519,0.0048318664,9.811782e-06,0.20139454,0
1555,25.916666,1.6938911e-06,33.080643,33.080647,-1.7966502e-05,33.080647,0.00010049067,209,209,51,0.0009930944,0.004783446,9.636951e-06,0.20139416,0
1556,25.933332,1.6794952e-06,33.080624,33.080627,-1.946624e-05,33.080627,0.0001004935,209,209,51,0.0009835899,0.0047474694,9.394295e-06,0.20139375,0
1557,25.95,1.6713557e-06,33.080612,33.080616,-1.2311016e-05,33.080616,0.00010048417,209,209,51,0.0009739122,0.0052293986,9.093876e-06,0.20139343,0
1558,25.966667,1.6504824e-06,33.080593,33.080593,-2.0137739e-05,33.080593,0.0001004913,209,209,51,0.00096119585,0.004819598,8.827595e-06,0.20139305,0
1559,25.983334,1.6288714e-06,33.080578,33.08058,-1.2989507e-05,33.08058,0.000100454934,209,209,51,0.0009447131,0.0048775217,8.321479e-06,0.20139273,0
1560,26,1.469471e-06,33.080566,33.080566,-1.3293552e-05,33.080566,0.00010047787,209,209,51,0.00089463557,0.0054416656,7.907756e-06,0.20139238,0
1561,26.016666,1.3825429e-06,33.08055,33.08055,-1.588116e-05,33.08055,0.00010041669,209,209,51,0.0008315069,0.0023193017,6.6657058e-06,0.20139189,0
1562,26.033333,1.3481364e-06,33.080532,33.080532,-1.815621e-05,33.080532,0.00010047099,209,209,51,0.0008053661,0.0024243386,4.9358514e-06,0.20139125,0
1563,26.05,1.3312938e-06,33.080517,33.080517,-1.763988e-05,33.080517,0.00010040909,209,209,51,0.0007917419,0.0032003587,4.448332e-06,0.2013906,0
1564,26.066668,1.3206896e-06,33.08049,33.08049,-2.5115121e-05,33.08049,0.00010047209,209,209,51,0.0007837052,0.003879914,4.058033e-06,0.20138977,0
1565,26.083334,1.3162801e-06,33.08047,33.08047,-1.895749e-05,33.08047,0.00010046341,209,209,51,0.00077995466,0.004542256,3.8085172e-06,0.20138906,0
1566,26.1,1.3168847e-06,33.080452,33.080452,-2.044877e-05,33.080452,0.00010046281,209,209,51,0.0007793181,0.005184715,3.548924e-06,0.20138827,0
1567,26.116667,1.3205225e-06,33.080425,33.08043,-2.3937095e-05,33.08043,0.00010051535,209,209,51,0.00078066677,0.00576788,3.4248696e-06,0.20138747,0
1568,26.133333,1.3252243e-06,33.080402,33.080402,-2.5099815e-05,33.080402,0.00010045522,209,209,51,0.000783067,0.0062487694,3.3203858e-06,0.20138656,0
1569,26.15,1.3294555e-06,33.08038,33.080383,-2.1110163e-05,33.080383,0.00010039943,209,209,51,0.0007857542,0.006597976,3.2687562e-06,0.20138577,0
1570,26.166666,1.3320576e-06,33.080357,33.080357,-2.3273109e-05,33.080357,0.00010047484,209,209,51,0.0007881202,0.006794736,3.078828e-06,0.2013849,0
1571,26.183332,1.3322508e-06,33.080334,33.080334,-2.3940538e-05,33.080334,0.00010044905,209,209,51,0.0007896748,0.006829992,3.0055057e-06,0.20138401,0
1572,26.2,1.3297145e-06,33.080307,33.08031,-2.4275778e-05,33.08031,0.00010044844,209,209,51,0.00079011894,0.006703025,2.9453379e-06,0.20138314,0
1573,26.216667,1.3244935e-06,33.080284,33.080284,-2.610727e-05,33.080284,0.00010044386,209,209,51,0.0007893448,0.006418982,2.9037344e-06,0.20138223,0
1574,26.233334,1.3170414e-06,33.080265,33.080265,-1.8295512e-05,33.080265,0.00010047319,209,209,51,0.0007874198,0.00599318,2.7838528e-06,0.2013814,0
1575,26.25,1.3080657e-06,33.080235,33.08024,-2.8106084e-05,33.08024,0.000100466816,209,209,51,0.0007846022,0.0054415255,2.782408e-06,0.20138049,0
1576,26.266666,1.2983965e-06,33.080215,33.080215,-2.0791555e-05,33.080215,0.00010046491,209,209,51,0.0007812465,0.0047848183,2.793087e-06,0.2013797,0
1577,26.283333,1.2889608e-06,33.080193,33.080196,-2.1955106e-05,33.080196,0.000100427606,210,210,51,0.0007777862,0.0040479344,2.71545e-06,0.2013789,0
1578,26.3,1.2805641e-06,33.080173,33.080173,-2.1289046e-05,33.080173,0.00010042901,210,210,51,0.0007746383,0.0032597866,2.672018e-06,0.20137812,0
1579,26.316668,1.2738839e-06,33.080147,33.080147,-2.7106258e-05,33.080147,0.00010054534,210,210,51,0.00077217486,0.002451075,2.6699486e-06,0.20137724,0
1580,26.333334,1.2693378e-06,33.080124,33.080124,-2.2282728e-05,33.080124,0.000100450365,210,210,51,0.00077067985,0.0018745909,2.6008192e-06,0.2013765,0
1581,26.35,1.2670893e-06,33.0801,33.0801,-2.2114174e-05,33.0801,0.00010044653,210,210,51,0.00077029795,0.0018785441,2.6046896e-06,0.20137571,0
1582,26.366667,1.2670434e-06,33.080082,33.080082,-1.9285635e-05,33.080082,0.000100495934,210,210,51,0.0007710388,0.0018809518,2.607615e-06,0.20137502,0
1583,26.383333,1.2685209e-06,33.08006,33.08006,-2.3939254e-05,33.08006,0.00010041207,210,210,51,0.00077257183,0.0018751539,2.6214168e-06,0.2013743,0
1584,26.4,1.2695006e-06,33.080036,33.080036,-2.1113416e-05,33.080036,0.000100500016,210,210,51,0.0007734751,0.0018533977,2.5960064e-06,0.2013736,0
1585,26.416666,1.2699713e-06,33.080013,33.080013,-2.294273e-05,33.080013,0.00010046726,210,210,51,0.00077390426,0.00183942,2.5361194e-06,0.20137286,0
1586,26.433332,1.2700647e-06,33.079994,33.079994,-2.044928e-05,33.079994,0.00010046513,210,210,51,0.0007739767,0.0018318498,2.5630468e-06,0.20137216,0
1587,26.45,1.2697312e-06,33.07997,33.07997,-2.177975e-05,33.07997,0.000100399186,210,210,51,0.0007737505,0.0018281395,2.5374898e-06,0.20137146,0
1588,26.466667,1.2691988e-06,33.07995,33.079952,-2.1114927e-05,33.079952,0.00010045698,210,210,51,0.00077335746,0.0018275306,2.5290278e-06,0.20137079,0
1589,26.483334,1.26853e-06,33.07993,33.07993,-2.1447575e-05,33.07993,0.00010045297,210,210,51,0.0007728617,0.0018281871,2.4797444e-06,0.20137009,0
1590,26.5,1.2677976e-06,33.079906,33.079906,-2.2445169e-05,33.079906,0.00010042304,210,210,51,0.0007723128,0.0018300274,2.4367544e-06,0.20136936,0
1591,26.516666,1.2670423e-06,33.079884,33.079884,-2.4440253e-05,33.079884,0.00010045132,210,210,51,0.00077169907,0.0018327392,2.3944672e-06,0.20136863,0
1592,26.533333,1.2661601e-06,33.07986,33.07986,-2.2611574e-05,33.07986,0.00010044381,210,210,51,0.00077092805,0.0018330121,2.4399512e-06,0.20136791,0
1593,26.55,1.2651301e-06,33.079838,33.079838,-2.128168e-05,33.079838,0.000100408615,210,210,51,0.0007700018,0.0018270921,2.3430807e-06,0.2013672,0
1594,26.566668,1.2642828e-06,33.07982,33.07982,-1.9120182e-05,33.07982,0.00010043943,210,210,51,0.000769063,0.001820292,2.3490593e-06,0.2013665,0
1595,26.583334,1.263843e-06,33.079796,33.0798,-2.2112365e-05,33.0798,0.00010045741,210,210,51,0.000768258,0.0018139216,2.283074e-06,0.20136574,0
1596,26.6,1.2640313e-06,33.079773,33.079773,-2.5436839e-05,33.079773,0.00010043236,211,211,51,0.0007677532,0.0018091998,2.2616318e-06,0.20136495,0
1597,26.616667,1.2650266e-06,33.07975,33.07975,-2.0614634e-05,33.07975,0.00010041946,211,211,51,0.0007676822,0.001806343,2.2650656e-06,0.20136423,0
1598,26.633333,1.2668431e-06,33.07973,33.07973,-1.9117519e-05,33.07973,0.00010042383,211,211,51,0.000768102,0.0021434247,2.159965e-06,0.20136347,0
1599,26.65,1.2694646e-06,33.07971,33.07971,-2.5268151e-05,33.07971,0.00010050723,211,211,51,0.00076903426,0.002599495,2.135364e-06,0.20136264,0
1600,26.666666,1.2728057e-06,33.079685,33.079685,-2.2441094e-05,33.079685,0.000100444326,211,211,51,0.0007704437,0.003038791,2.0341283e-06,0.20136182,0
1601,26.683332,1.2765487e-06,33.07966,33.07966,-2.5267029e-05,33.07966,0.00010043831,211,211,51,0.00077219657,0.0034452854,2.0869616e-06,0.20136096,0
1602,26.7,1.2804823e-06,33.07963,33.07963,-2.6929389e-05,33.07963,0.000100423276,211,211,51,0.0007741704,0.0038044516,2.069062e-06,0.20136006,0
1603,26.716667,1.2842345e-06,33.07961,33.079613,-2.1941918e-05,33.079613,0.00010043467,211,211,51,0.00077618536,0.004101331,1.9982153e-06,0.20135923,0
1604,26.733334,1.2875338e-06,33.079586,33.079586,-2.3272412e-05,33.079586,0.0001004385,211,211,51,0.0007780866,0.0043303673,2.0653758e-06,0.20135836,0
1605,26.75,1.2900636e-06,33.079567,33.079567,-2.127812e-05,33.079567,0.00010049158,212,212,51,0.00077967974,0.0044852574,2.007039e-06,0.2013575,0
1606,26.766666,1.2916424e-06,33.07954,33.07954,-2.5102938e-05,33.07954,0.000100429264,212,212,51,0.0007808248,0.004564682,2.0452887e-06,0.20135662,0
1607,26.783333,1.292166e-06,33.079514,33.079517,-2.5270248e-05,33.079517,0.00010047781,212,212,51,0.0007814322,0.004567809,2.133156e-06,0.20135573,0
1608,26.8,1.2915194e-06,33.079494,33.079494,-2.2112572e-05,33.079494,0.0001004707,212,212,51,0.00078143465,0.0044957665,2.1481737e-06,0.20135488,0
1609,26.816668,1.2898311e-06,33.079468,33.07947,-2.3443654e-05,33.07947,0.000100472316,212,212,51,0.000780854,0.004351498,2.1555466e-06,0.201354,0
1610,26.833334,1.2871998e-06,33.079445,33.07945,-2.2779577e-05,33.07945,0.000100466474,212,212,51,0.0007797254,0.004137894,2.1041058e-06,0.20135312,0
1611,26.85,1.2838508e-06,33.079422,33.079422,-2.6105397e-05,33.079422,0.0001004014,212,212,51,0.0007781516,0.0038644802,2.009842e-06,0.20135224,0
1612,26.866667,1.2800077e-06,33.079395,33.079395,-2.6770911e-05,33.079395,0.00010046411,212,212,51,0.000776244,0.0035404712,1.9881893e-06,0.20135136,0
1613,26.883333,1.2760278e-06,33.079372,33.079372,-2.2780927e-05,33.079372,0.0001005241,212,212,51,0.0007741696,0.003179231,1.9610627e-06,0.20135051,0
1614,26.9,1.2721649e-06,33.079357,33.079357,-1.463431e-05,33.079357,0.00010045477,212,212,51,0.00077207113,0.002792757,1.925144e-06,0.20134977,0
1615,26.916666,1.2686716e-06,33.07934,33.079346,-1.3137645e-05,33.079346,0.00010044762,212,212,51,0.00077010517,0.0023928424,1.9176612e-06,0.20134906,0
1616,26.933332,1.2656585e-06,33.079327,33.079327,-1.5797246e-05,33.079327,0.00010044305,212,212,51,0.00076835323,0.0019945675,1.9091772e-06,0.2013483,0
1617,26.95,1.2632412e-06,33.079315,33.079315,-1.3635334e-05,33.079315,0.000100406935,212,212,51,0.0007668807,0.0018937667,1.9155461e-06,0.20134762,0
1618,26.966667,1.2614248e-06,33.079296,33.0793,-1.6128559e-05,33.0793,0.00010047881,212,212,51,0.00076571695,0.0018968183,1.9377492e-06,0.20134689,0
1619,26.983334,1.2601755e-06,33.079285,33.079285,-1.28028905e-05,33.079285,0.000100403355,212,212,51,0.00076485437,0.0018996767,1.9232066e-06,0.20134625,0
1620,27,1.2594169e-06,33.07927,33.07927,-1.5961246e-05,33.07927,0.00010046713,212,212,51,0.00076426467,0.0019018969,1.923693e-06,0.2013455,0
1621,27.016666,1.2590167e-06,33.079254,33.079258,-1.36333165e-05,33.079258,0.00010045629,212,212,51,0.0007638913,0.0019037758,1.9232277e-06,0.20134485,0
1622,27.033333,1.2588374e-06,33.079243,33.079243,-1.3965606e-05,33.079243,0.000100437705,212,212,51,0.0007636649,0.0019053303,1.891745e-06,0.20134419,0
1623,27.05,1.2587998e-06,33.079224,33.079224,-1.7290566e-05,33.079224,0.00010036309,212,212,51,0.0007635427,0.0019063737,1.8516912e-06,0.20134342,0
1624,27.066668,1.258846e-06,33.079212,33.079212,-1.263534e-05,33.079212,0.000100427125,212,212,51,0.0007635058,0.0019058074,1.910721e-06,0.20134279,0
1625,27.083334,1.258938e-06,33.079197,33.0792,-1.3300314e-05,33.0792,0.0001004747,212,212,51,0.0007635638,0.0019022272,1.8756404e-06,0.20134214,0
1626,27.1,1.2591679e-06,33.07918,33.079185,-1.5461492e-05,33.079185,0.000100418656,212,212,51,0.00076372904,0.0018967211,1.8337539e-06,0.20134144,0
1627,27.116667,1.2596369e-06,33.07917,33.07917,-1.28011725e-05,33.07917,0.00010046302,212,212,51,0.0007640395,0.0018905535,1.7910447e-06,0.20134076,0
1628,27.133333,1.260505e-06,33.079155,33.079155,-1.4130814e-05,33.079155,0.00010041841,212,212,51,0.00076456415,0.0018842915,1.7188845e-06,0.20134003,0
1629,27.15,1.2618717e-06,33.07914,33.07914,-1.5460355e-05,33.07914,0.00010049905,209,209,50,0.00076534663,0.0018787936,1.7259416e-06,0.20133933,0
1630,27.166666,1.2637978e-06,33.079124,33.079124,-1.4961031e-05,33.079124,0.000100436606,209,209,50,0.0007664266,0.0018741611,1.6905199e-06,0.20133862,0
1631,27.183332,1.2663196e-06,33.07911,33.07911,-1.5625455e-05,33.07911,0.000100480305,209,209,50,0.00076782954,0.002070222,1.7145179e-06,0.20133787,0
1632,27.2,1.2694534e-06,33.079094,33.079098,-1.4294803e-05,33.079098,0.00010044519,209,209,50,0.00076956645,0.0024431786,1.7069385e-06,0.20133716,0
1633,27.216667,1.2730532e-06,33.07908,33.079082,-1.5458123e-05,33.079082,0.00010046462,209,209,50,0.00077157444,0.0028118524,1.6952491e-06,0.2013364,0
1634,27.233334,1.2770271e-06,33.079063,33.079067,-1.5125239e-05,33.079067,0.000100454556,209,209,50,0.0007737939,0.003163637,1.6364841e-06,0.20133564,0
1635,27.25,1.2811475e-06,33.079052,33.079052,-1.24650105e-05,33.079052,0.000100449135,209,209,50,0.0007761126,0.0034874992,1.7325978e-06,0.20133491,0
1636,27.266666,1.2851876e-06,33.079037,33.079037,-1.5623938e-05,33.079037,0.00010046923,209,209,50,0.0007784086,0.003772868,1.9416625e-06,0.20133413,0
1637,27.283333,1.288933e-06,33.07902,33.079025,-1.3795427e-05,33.079025,0.00010046103,209,209,50,0.00078055623,0.004011172,2.1100595e-06,0.20133337,0
1638,27.3,1.2920929e-06,33.079006,33.079006,-1.7786133e-05,33.079006,0.00010044889,209,209,50,0.0007824108,0.00419401,2.2910554e-06,0.20133252,0
1639,27.316668,1.2945263e-06,33.07899,33.07899,-1.3796738e-05,33.07899,0.00010043942,209,209,50,0.00078383344,0.0043217456,2.3891512e-06,0.20133173,0
1640,27.333334,1.296047e-06,33.078976,33.078976,-1.6125223e-05,33.078976,0.00010043767,209,209,50,0.0007847581,0.0043900423,2.4795957e-06,0.20133092,0
1641,27.35,1.2964538e-06,33.078957,33.07896,-1.6625101e-05,33.07896,0.00010045469,209,209,50,0.0007850823,0.004395752,2.524784e-06,0.20133008,0
1642,27.366667,1.2958824e-06,33.07894,33.07894,-1.662608e-05,33.07894,0.00010047864,209,209,50,0.00078485045,0.004336417,2.523299e-06,0.20132928,0
1643,27.383333,1.2943448e-06,33.078926,33.078926,-1.612828e-05,33.078926,0.000100501224,209,209,50,0.0007840734,0.0042135036,2.5013899e-06,0.20132846,0
1644,27.4,1.291998e-06,33.07891,33.07891,-1.4799049e-05,33.07891,0.00010042913,209,209,50,0.0007828279,0.004033457,2.4325827e-06,0.20132767,0
1645,27.416666,1.2890108e-06,33.078896,33.078896,-1.546471e-05,33.078896,0.000100474885,209,209,50,0.0007811889,0.003804708,2.3405876e-06,0.20132688,0
1646,27.433332,1.2855668e-06,33.078884,33.078884,-1.263883e-05,33.078884,0.00010044489,209,209,50,0.000779248,0.0035368372,2.2091929e-06,0.20132613,0
1647,27.45,1.2819397e-06,33.07887,33.07887,-1.5299094e-05,33.07887,0.00010048949,209,209,50,0.00077714346,0.0032399755,2.0902417e-06,0.20132533,0
1648,27.466667,1.278326e-06,33.078854,33.078854,-1.5465337e-05,33.078854,0.000100477315,208,208,50,0.0007749941,0.0029242295,1.9327665e-06,0.20132454,0
1649,27.483334,1.2749007e-06,33.078835,33.07884,-1.5465148e-05,33.07884,0.00010047737,206,206,49,0.00077290856,0.0026013313,1.7596398e-06,0.20132378,0
1650,27.5,1.2718277e-06,33.07882,33.07882,-1.6794836e-05,33.07882,0.00010050141,206,206,49,0.0007709851,0.0022815252,1.6297114e-06,0.20132296,0
1651,27.516666,1.2691717e-06,33.078804,33.078808,-1.3801828e-05,33.078808,0.00010051242,206,206,49,0.00076928455,0.0019761734,1.6359259e-06,0.20132223,0
1652,27.533333,1.2669947e-06,33.07879,33.07879,-1.7292705e-05,33.07879,0.00010045266,206,206,49,0.0007678564,0.001889463,1.6473412e-06,0.20132148,0
1653,27.55,1.2652683e-06,33.078773,33.078777,-1.3468388e-05,33.078777,0.000100400466,206,206,49,0.000766706,0.00188669,1.6092895e-06,0.20132075,0
1654,27.566668,1.263999e-06,33.07876,33.07876,-1.828933e-05,33.07876,0.00010042316,206,206,49,0.000765837,0.0018831879,1.6176581e-06,0.20131995,0
1655,27.583334,1.2631132e-06,33.078743,33.078747,-1.2137507e-05,33.078747,0.0001005358,207,207,49,0.00076522393,0.0018788491,1.5869275e-06,0.20131928,0
1656,27.6,1.2625651e-06,33.078728,33.078728,-1.6293547e-05,33.078728,0.00010046292,207,207,49,0.0007648387,0.0018743819,1.583792e-06,0.2013185,0
1657,27.616667,1.2622972e-06,33.078712,33.078712,-1.6792032e-05,33.078712,0.00010041689,207,207,49,0.00076464785,0.0018689305,1.556635e-06,0.20131777,0
1658,27.633333,1.2622634e-06,33.078697,33.078697,-1.4464226e-05,33.078697,0.00010050056,207,207,49,0.0007646182,0.0018633787,1.541366e-06,0.20131701,0
1659,27.65,1.262457e-06,33.078682,33.078682,-1.4962764e-05,33.078682,0.00010042641,207,207,49,0.0007647395,0.0018574123,1.5397176e-06,0.2013163,0
1660,27.666666,1.2629203e-06,33.078667,33.078667,-1.6957554e-05,33.078667,0.000100419566,207,207,49,0.00076501875,0.001851375,1.5058786e-06,0.20131552,0
1661,27.683332,1.2636763e-06,33.07865,33.07865,-1.5128457e-05,33.07865,0.00010041134,207,207,49,0.00076546415,0.0018451208,1.5315707e-06,0.20131479,0
1662,27.7,1.2647703e-06,33.078636,33.078636,-1.4463098e-05,33.078636,0.00010045771,207,207,49,0.0007660877,0.0018395445,1.5058516e-06,0.20131403,0
1663,27.716667,1.2662531e-06,33.07862,33.07862,-1.5293985e-05,33.07862,0.00010048241,207,207,49,0.0007669125,0.0018342491,1.5059871e-06,0.20131332,0
1664,27.733334,1.2681269e-06,33.078606,33.07861,-1.3298532e-05,33.07861,0.00010044051,207,207,49,0.0007679465,0.001999397,1.4766913e-06,0.20131257,0
1665,27.75,1.2704152e-06,33.078587,33.07859,-1.9283301e-05,33.07859,0.0001005013,207,207,49,0.0007691936,0.0022836071,1.4936102e-06,0.20131174,0
1666,27.766666,1.2730937e-06,33.078575,33.07858,-1.1801432e-05,33.07858,0.00010048286,207,207,49,0.0007706417,0.002575821,1.4730003e-06,0.20131104,0
1667,27.783333,1.276074e-06,33.078556,33.07856,-1.8950099e-05,33.07856,0.000100478646,207,207,49,0.0007722532,0.0028656474,1.58351e-06,0.20131017,0
1668,27.8,1.2792618e-06,33.078545,33.07855,-1.09696475e-05,33.07855,0.000100463985,206,206,49,0.000773979,0.0031439953,1.6305531e-06,0.20130949,0
1669,27.816668,1.2825229e-06,33.07853,33.078533,-1.4793442e-05,33.078533,0.00010050926,206,206,49,0.00077575125,0.0034034087,1.8089056e-06,0.2013087,0
1670,27.833334,1.2856977e-06,33.078518,33.078518,-1.4461018e-05,33.078518,0.00010051623,206,206,49,0.00077748706,0.003634947,1.9530517e-06,0.20130788,0
1671,27.85,1.2886208e-06,33.0785,33.0785,-1.7620116e-05,33.0785,0.0001004447,206,206,49,0.0007791004,0.0038330688,2.0676007e-06,0.20130707,0
1672,27.866667,1.2911561e-06,33.078487,33.078487,-1.3464126e-05,33.078487,0.000100426434,206,206,49,0.00078051205,0.003991186,2.1607068e-06,0.20130631,0
1673,27.883333,1.2931488e-06,33.07847,33.078472,-1.6457261e-05,33.078472,0.00010042762,206,206,49,0.00078164076,0.004103887,2.277922e-06,0.20130546,0
1674,27.9,1.2944829e-06,33.078453,33.078453,-1.778796e-05,33.078453,0.00010041309,206,206,49,0.00078242895,0.0041680494,2.3451203e-06,0.20130461,0
1675,27.916666,1.2950525e-06,33.078438,33.078438,-1.4297368e-05,33.078438,0.00010040883,206,206,49,0.00078281463,0.0041833622,2.3729556e-06,0.20130381,0
1676,27.933332,1.2948717e-06,33.078423,33.078423,-1.4796883e-05,33.078423,0.00010051402,206,206,49,0.0007827842,0.004149778,2.3921334e-06,0.20130299,0
1677,27.95,1.2939637e-06,33.078407,33.078407,-1.479761e-05,33.078407,0.000100442776,206,206,49,0.0007823506,0.004068759,2.36455e-06,0.20130223,0
1678,27.966667,1.2920997e-06,33.078392,33.078396,-1.4632311e-05,33.078396,0.00010044035,206,206,49,0.00078157644,0.003932155,2.35254e-06,0.2013014,0
1679,27.983334,1.2907134e-06,33.078377,33.078377,-1.6959404e-05,33.078377,0.000100480764,206,206,49,0.00078081945,0.0037338394,2.3148473e-06,0.20130056,0
1680,28,1.2886243e-06,33.07836,33.07836,-1.5463811e-05,33.07836,0.000100475365,206,206,49,0.000779889,0.0034781361,2.2694544e-06,0.20129974,0
1681,28.016666,1.286104e-06,33.078346,33.078346,-1.41342025e-05,33.078346,0.00010046913,206,206,49,0.0007785862,0.003227861,2.2022891e-06,0.20129895,0
1682,28.033333,1.2839256e-06,33.078327,33.078327,-2.0119043e-05,33.078327,0.00010039414,206,206,49,0.00077724695,0.0029890828,2.1519854e-06,0.20129807,0
1683,28.05,1.2812482e-06,33.078312,33.078312,-1.4633125e-05,33.078312,0.00010038832,206,206,49,0.0007756011,0.0027672318,1.9950194e-06,0.20129733,0
1684,28.066668,1.278761e-06,33.0783,33.0783,-1.2305363e-05,33.0783,0.00010043004,206,206,49,0.00077406544,0.0025527785,1.8860196e-06,0.20129658,0
1685,28.083334,1.276553e-06,33.07828,33.07828,-1.7292736e-05,33.07828,0.00010045539,206,206,49,0.0007726707,0.0023515725,1.8008782e-06,0.20129578,0
1686,28.1,1.2746592e-06,33.078266,33.078266,-1.6959912e-05,33.078266,0.000100415724,206,206,49,0.000771457,0.0021674207,1.7216446e-06,0.20129494,0
1687,28.116667,1.2731161e-06,33.078247,33.078247,-1.8289602e-05,33.078247,0.00010046655,206,206,49,0.0007704512,0.0020059585,1.6420125e-06,0.20129411,0
1688,28.133333,1.271875e-06,33.078236,33.078236,-1.2969137e-05,33.078236,0.000100395584,206,206,49,0.0007696444,0.0018724923,1.5765715e-06,0.20129336,0
1689,28.15,1.2709777e-06,33.078217,33.07822,-1.5628875e-05,33.07822,0.000100505036,206,206,49,0.00076904637,0.0018013385,1.55954e-06,0.20129259,0
1690,28.166666,1.2703724e-06,33.078205,33.078205,-1.4797308e-05,33.078205,0.000100436955,206,206,49,0.0007686379,0.0017953457,1.5390548e-06,0.20129186,0
1691,28.183332,1.2700294e-06,33.07819,33.07819,-1.5295811e-05,33.07819,0.00010053741,206,206,49,0.00076840323,0.0017892331,1.5468175e-06,0.20129108,0
1692,28.2,1.2699985e-06,33.07817,33.07817,-1.7456814e-05,33.07817,0.0001004203,206,206,49,0.00076835253,0.0017829544,1.5302647e-06,0.2012903,0
1693,28.216667,1.2702483e-06,33.07816,33.07816,-1.2967646e-05,33.07816,0.000100467376,206,206,49,0.00076846866,0.0017767957,1.525012e-06,0.20128955,0
1694,28.233334,1.2707804e-06,33.07814,33.07814,-1.8786292e-05,33.07814,0.000100483325,206,206,49,0.0007687434,0.0018192296,1.514096e-06,0.20128873,0
1695,28.25,1.2715788e-06,33.078125,33.078125,-1.42971385e-05,33.078125,0.000100507874,206,206,49,0.0007691706,0.0019334645,1.4824574e-06,0.20128798,0
1696,28.266666,1.2726639e-06,33.07811,33.078114,-1.3465577e-05,33.078114,0.00010050026,206,206,49,0.00076974795,0.0020769879,1.5011757e-06,0.20128722,0
1697,28.283333,1.2740177e-06,33.078094,33.078094,-1.64579e-05,33.078094,0.000100486155,206,206,49,0.0007704653,0.002244123,1.5121395e-06,0.20128644,0
1698,28.3,1.2756511e-06,33.07808,33.078083,-1.4130049e-05,33.078083,0.000100499696,206,206,49,0.0007713224,0.0024294804,1.5443644e-06,0.20128568,0
1699,28.316668,1.2775183e-06,33.078064,33.078068,-1.562611e-05,33.078068,0.00010047446,206,206,49,0.00077230437,0.002626929,1.6208508e-06,0.20128487,0
1700,28.333334,1.2796204e-06,33.07805,33.078053,-1.5293366e-05,33.078053,0.000100466765,206,206,49,0.0007733969,0.0028282334,1.684675e-06,0.20128407,0
1701,28.35,1.2818512e-06,33.078033,33.078033,-1.6789532e-05,33.078033,0.00010045016,206,206,49,0.00077456195,0.0030285006,1.7677376e-06,0.20128325,0
1702,28.366667,1.2841606e-06,33.078014,33.07802,-1.728822e-05,33.07802,0.00010043928,206,206,49,0.00077576615,0.0032198958,1.8530367e-06,0.20128241,0
1703,28.383333,1.2864407e-06,33.078,33.078003,-1.5459442e-05,33.078003,0.00010045879,206,206,49,0.0007769593,0.0033979083,1.9220547e-06,0.20128159,0
1704,28.4,1.2886275e-06,33.077988,33.07799,-1.1635669e-05,33.07799,0.00010045436,206,206,49,0.00077810907,0.0035586944,1.972773e-06,0.20128085,0
1705,28.416666,1.2906155e-06,33.07797,33.077972,-1.8452325e-05,33.077972,0.00010044006,206,206,49,0.0007791566,0.0036969443,2.0923774e-06,0.20127997,0
1706,28.433332,1.2923234e-06,33.077957,33.077957,-1.4462484e-05,33.077957,0.00010048582,206,206,49,0.0007800616,0.003808273,2.1239346e-06,0.20127918,0
1707,28.45,1.2936744e-06,33.077938,33.077938,-1.7455433e-05,33.077938,0.00010045128,206,206,49,0.00078078645,0.003888483,2.2032912e-06,0.2012783,0
1708,28.466667,1.294574e-06,33.077923,33.077923,-1.5128313e-05,33.077923,0.00010050316,206,206,49,0.00078127754,0.003937841,2.2233996e-06,0.20127748,0
1709,28.483334,1.2950128e-06,33.077904,33.077904,-1.8786386e-05,33.077904,0.00010042893,206,206,49,0.00078152696,0.0039557973,2.2696092e-06,0.2012766,0
1710,28.5,1.2953635e-06,33.07789,33.07789,-1.5128861e-05,33.07789,0.000100513935,206,206,49,0.00078166917,0.003929936,2.262594e-06,0.20127578,0
1711,28.516666,1.295434e-06,33.077873,33.077873,-1.5295396e-05,33.077873,0.000100467856,206,206,49,0.0007816615,0.0038672935,2.2719807e-06,0.20127495,0
1712,28.533333,1.2945361e-06,33.077858,33.077858,-1.7291426e-05,33.077858,0.000100461315,206,206,49,0.0007812258,0.0037898477,2.2750764e-06,0.20127408,0
1713,28.55,1.293006e-06,33.07784,33.07784,-1.8788354e-05,33.07784,0.00010038915,206,206,49,0.0007801767,0.0037301735,2.2422619e-06,0.2012732,0
1714,28.566668,1.2920406e-06,33.077824,33.077827,-1.3301372e-05,33.077827,0.00010043534,206,206,49,0.0007796671,0.003587681,2.165189e-06,0.2012724,0
1715,28.583334,1.2905119e-06,33.07781,33.07781,-1.546325e-05,33.07781,0.00010045565,206,206,49,0.0007789015,0.0034192419,2.1492558e-06,0.20127155,0
1716,28.6,1.2884893e-06,33.077793,33.077793,-1.7126296e-05,33.077793,0.00010047529,206,206,49,0.0007776072,0.0032981718,2.0884781e-06,0.2012707,0
1717,28.616667,1.2724483e-06,33.077774,33.077774,-1.7805334e-05,33.077774,0.000100436155,206,206,49,0.0007674177,0.0018319839,1.8676446e-06,0.20126988,0
1718,28.633333,1.3560974e-06,33.077763,33.077763,-1.1554206e-05,33.077763,0.000100447294,206,206,49,0.00079740304,0.007006533,1.6405025e-06,0.20126934,0
1719,28.65,1.438019e-06,33.077747,33.077747,-1.471478e-05,33.077747,0.00010050333,206,206,49,0.00082331523,0.00873287,3.4774148e-06,0.20126867,0
1720,28.666666,1.3890792e-06,33.077736,33.077736,-1.1686796e-05,33.077736,0.00010046515,206,206,49,0.0008202063,0.0072743082,3.975889e-06,0.20126814,0
1721,28.683332,1.3849007e-06,33.077724,33.077724,-1.313833e-05,33.077724,0.000100430145,206,206,49,0.0008178682,0.0069861365,4.0035534e-06,0.20126753,0
1722,28.7,1.3951413e-06,33.07771,33.07771,-1.4952717e-05,33.07771,0.000100441495,206,206,49,0.0008211473,0.0073336256,4.031404e-06,0.20126693,0
1723,28.716667,1.3936717e-06,33.077694,33.077698,-1.2138091e-05,33.077698,0.000100432226,206,206,49,0.0008131806,0.007907976,3.927679e-06,0.20126635,0
1724,28.733334,1.3696767e-06,33.077682,33.077682,-1.3324401e-05,33.077682,0.00010039448,206,206,49,0.00080565334,0.0072070598,3.7200787e-06,0.20126575,0
1725,28.75,1.3584076e-06,33.077667,33.077667,-1.5971757e-05,33.077667,0.000100466,206,206,49,0.0008002631,0.007031944,3.4458633e-06,0.20126513,0
1726,28.766666,1.3864628e-06,33.077656,33.077656,-1.2108566e-05,33.077656,0.00010046332,206,206,49,0.00080755487,0.00786445,3.59519e-06,0.20126458,0
1727,28.783333,1.3857455e-06,33.07764,33.077644,-1.2636104e-05,33.077644,0.00010041583,206,206,49,0.0008086478,0.0076568816,3.722805e-06,0.20126398,0
1728,28.8,1.3706289e-06,33.07763,33.07763,-1.3980543e-05,33.07763,0.00010043488,206,206,49,0.00080811745,0.0068376055,3.6375175e-06,0.20126335,0
1729,28.816668,1.4095332e-06,33.077614,33.077618,-1.2430227e-05,33.077618,0.000100435704,206,206,49,0.0008109531,0.0076640523,3.6249896e-06,0.20126274,0
1730,28.833334,1.3728079e-06,33.077602,33.077602,-1.4334662e-05,33.077602,0.00010039195,206,206,49,0.0008020576,0.0072840415,3.5592038e-06,0.20126215,0
1731,28.85,1.3471082e-06,33.077587,33.077587,-1.4323637e-05,33.077587,0.00010044127,206,206,49,0.00079292426,0.006477271,3.2886649e-06,0.20126155,0
1732,28.866667,1.3625032e-06,33.077576,33.077576,-1.02924205e-05,33.077576,0.00010042883,206,206,49,0.0007938157,0.0071306652,3.058743e-06,0.20126101,0
1733,28.883333,1.3518645e-06,33.07756,33.07756,-1.6636146e-05,33.07756,0.00010044585,206,206,49,0.0007937552,0.0068053524,2.8207128e-06,0.20126039,0
1734,28.9,1.3454592e-06,33.077545,33.077545,-1.3971832e-05,33.077545,0.00010047219,206,206,49,0.00079102634,0.0064716586,2.5919458e-06,0.20125976,0
1735,28.916666,1.3294654e-06,33.077534,33.077534,-1.231887e-05,33.077534,0.00010040909,206,206,49,0.00078724953,0.0057973852,2.465311e-06,0.2012592,0
1736,28.933332,1.3534107e-06,33.07752,33.077522,-1.3276461e-05,33.077522,0.000100451056,207,207,49,0.0007913744,0.0064473213,2.4741887e-06,0.2012586,0
1737,28.95,1.39506e-06,33.077507,33.077507,-1.2926247e-05,33.077507,0.00010046456,207,207,49,0.0007916988,0.007847617,2.2905028e-06,0.201258,0
1738,28.966667,1.3840735e-06,33.077496,33.077496,-1.2480118e-05,33.077496,0.00010051518,207,207,49,0.00079117867,0.0073636174,2.2438933e-06,0.20125742,0
1739,28.983334,1.3506268e-06,33.07748,33.077484,-1.2835088e-05,33.077484,0.00010047517,207,207,49,0.0007849891,0.006063609,2.1955564e-06,0.20125687,0
1740,29,1.3729044e-06,33.07747,33.07747,-1.4774425e-05,33.07747,0.000100412944,207,207,49,0.00078799453,0.00686178,2.1809756e-06,0.20125626,0
1741,29.016666,1.3511761e-06,33.077457,33.077457,-1.13270735e-05,33.077457,0.00010046658,207,207,49,0.00078842026,0.0060655815,2.0173932e-06,0.20125572,0
1742,29.033333,1.3534873e-06,33.077442,33.077442,-1.4960646e-05,33.077442,0.000100412115,207,207,49,0.00078867347,0.0060937763,2.0016885e-06,0.20125507,0
1743,29.05,1.3643985e-06,33.077427,33.077427,-1.44532805e-05,33.077427,0.000100457124,207,207,49,0.00078917254,0.0065517016,1.9576505e-06,0.20125449,0
1744,29.066668,1.3489488e-06,33.07741,33.07741,-1.6142192e-05,33.07741,0.00010040648,207,207,49,0.00078285526,0.0057896273,1.8999556e-06,0.2012539,0
1745,29.083334,1.4729981e-06,33.077396,33.077396,-1.3675122e-05,33.077396,0.000100440215,207,207,49,0.0008090239,0.008689221,2.2583058e-06,0.2012533,0
1746,29.1,1.4054993e-06,33.07738,33.077385,-1.4531691e-05,33.077385,0.000100483754,207,207,49,0.0008067916,0.0075709615,3.0233928e-06,0.2012526,0
1747,29.116667,1.4677815e-06,33.07737,33.07737,-1.373689e-05,33.07737,0.000100395155,207,207,49,0.00081580266,0.008399307,3.093006e-06,0.20125198,0
1748,29.133333,1.4355487e-06,33.07735,33.077354,-1.5660211e-05,33.077354,0.00010044792,207,207,49,0.0008133106,0.008184465,3.1409236e-06,0.20125133,0
1749,29.15,1.4797739e-06,33.07734,33.077343,-1.159363e-05,33.077343,0.000100436686,207,207,49,0.00082068786,0.008641222,3.3873707e-06,0.20125073,0
1750,29.166666,1.4936504e-06,33.077324,33.077328,-1.528159e-05,33.077328,0.00010042636,207,207,49,0.0008222514,0.009673218,3.6817341e-06,0.20125005,0
1751,29.183332,1.433072e-06,33.077312,33.077312,-1.4691025e-05,33.077312,0.00010044322,207,207,49,0.0008191772,0.0072011743,3.534493e-06,0.20124942,0
1752,29.2,1.4237644e-06,33.077297,33.077297,-1.3974734e-05,33.077297,0.000100431134,207,207,49,0.0008072721,0.007740604,3.3817619e-06,0.20124874,0
1753,29.216667,1.4770087e-06,33.077286,33.077286,-1.1750866e-05,33.077286,0.0001005018,207,207,49,0.00082289823,0.008643117,3.159024e-06,0.20124815,0
1754,29.233334,1.4278235e-06,33.07727,33.07727,-1.6508438e-05,33.07727,0.000100427744,207,207,49,0.00081513135,0.006991782,3.2804821e-06,0.20124745,0
1755,29.25,1.5125227e-06,33.077255,33.077255,-1.4878258e-05,33.077255,0.00010047808,207,207,49,0.0008225885,0.009554331,3.1483744e-06,0.20124677,0
1756,29.266666,1.4418252e-06,33.07724,33.07724,-1.3371104e-05,33.07724,0.00010047097,207,207,49,0.00081866217,0.0074231247,3.271987e-06,0.2012462,0
1757,29.283333,1.3959583e-06,33.07723,33.077232,-1.0353682e-05,33.077232,0.000100442514,207,207,49,0.0008079221,0.0062402934,3.0283816e-06,0.2012457,0
1758,29.3,1.4067525e-06,33.07722,33.07722,-8.96698e-06,33.07722,0.000100490695,207,207,49,0.0007992739,0.00752012,2.9732446e-06,0.20124522,0
1759,29.316668,1.4045385e-06,33.07721,33.07721,-1.3136365e-05,33.07721,0.00010048223,207,207,49,0.00080022676,0.006661119,2.79281e-06,0.20124473,0
1760,29.333334,1.3839922e-06,33.0772,33.0772,-8.00079e-06,33.0772,0.000100471065,207,207,49,0.0007978054,0.0067913323,2.485484e-06,0.20124428,0
1761,29.35,1.3790751e-06,33.077187,33.077187,-1.4967874e-05,33.077187,0.00010046373,207,207,49,0.00079289067,0.006584809,2.5441411e-06,0.20124374,0
1762,29.366667,1.3779769e-06,33.077175,33.07718,-8.147597e-06,33.07718,0.00010044212,207,207,49,0.0007896684,0.0066463193,2.3329553e-06,0.20124334,0
1763,29.383333,1.404666e-06,33.077168,33.077168,-9.44985e-06,33.077168,0.00010044457,207,207,49,0.00079636445,0.0063577085,2.0689758e-06,0.20124288,0
1764,29.4,1.3654653e-06,33.077152,33.077156,-1.3672117e-05,33.077156,0.00010048296,207,207,49,0.00078700366,0.0060753026,2.2100194e-06,0.20124237,0
1765,29.416666,1.424068e-06,33.077145,33.07715,-7.256621e-06,33.07715,0.000100469624,207,207,49,0.0008067923,0.006908855,2.0801808e-06,0.20124193,0
1766,29.433332,1.350768e-06,33.077137,33.077137,-1.0381115e-05,33.077137,0.000100456644,207,207,49,0.0007891365,0.005513142,2.1301792e-06,0.20124151,0
1767,29.45,1.3582489e-06,33.07712,33.077126,-1.379169e-05,33.077126,0.000100509395,207,207,49,0.00078664493,0.0057557966,2.1103278e-06,0.20124099,0
1768,29.466667,1.375338e-06,33.077114,33.077114,-8.12941e-06,33.077114,0.00010043426,207,207,49,0.00078752893,0.0065016965,2.0017756e-06,0.20124058,0
1769,29.483334,1.3610521e-06,33.077103,33.077106,-9.65708e-06,33.077106,0.000100427234,207,207,49,0.0007866372,0.005509784,1.9492784e-06,0.20124014,0
1770,29.5,1.3764874e-06,33.077095,33.0771,-8.463574e-06,33.0771,0.00010044433,207,207,49,0.00078753,0.0065324595,1.8902027e-06,0.20123973,0
1771,29.516666,1.3486366e-06,33.077084,33.077087,-1.1665707e-05,33.077087,0.000100451165,207,207,49,0.00078686414,0.005455712,1.8334871e-06,0.20123926,0
1772,29.533333,1.3654627e-06,33.07707,33.077072,-1.5112386e-05,33.077072,0.00010044352,207,207,49,0.0007847676,0.006014651,1.7404755e-06,0.20123877,0
1773,29.55,1.4066545e-06,33.077065,33.077065,-4.9464606e-06,33.077065,0.00010042435,207,207,49,0.00079577207,0.006223647,1.6152258e-06,0.20123841,0
1774,29.566668,1.4029955e-06,33.077057,33.077057,-8.6489235e-06,33.077057,0.00010041657,207,207,49,0.0007934808,0.0066516413,1.8551142e-06,0.20123796,0
1775,29.583334,1.3330236e-06,33.07704,33.07704,-1.3702888e-05,33.07704,0.00010046267,207,207,49,0.0007804106,0.0045723864,1.8618297e-06,0.20123748,0
1776,29.6,1.4013161e-06,33.077034,33.077034,-8.743226e-06,33.077034,0.000100456775,207,207,49,0.00079968676,0.0060129063,1.6591389e-06,0.20123705,0
1777,29.616667,1.3725557e-06,33.077023,33.077023,-1.1167851e-05,33.077023,0.00010039554,207,207,49,0.0007874323,0.0058348016,1.7641499e-06,0.20123662,0
1778,29.633333,1.3916848e-06,33.077007,33.07701,-1.32812775e-05,33.07701,0.000100434,207,207,49,0.00079695374,0.0066446126,2.0419584e-06,0.20123608,0
1779,29.65,1.3571483e-06,33.077,33.077,-9.344821e-06,33.077,0.000100473626,207,207,49,0.00078921,0.0057825632,1.939109e-06,0.20123567,0
1780,29.666666,1.3622088e-06,33.076992,33.076996,-5.8138676e-06,33.076996,0.00010047151,207,207,49,0.00078889274,0.005952519,1.8566584e-06,0.2012353,0
1781,29.683332,1.3648216e-06,33.07698,33.076984,-1.2300263e-05,33.076984,0.00010049895,207,207,49,0.00078536815,0.0060115876,1.8994407e-06,0.20123482,0
1782,29.7,1.3478159e-06,33.076973,33.076973,-8.828525e-06,33.076973,0.00010048439,207,207,49,0.00078172033,0.0053443564,1.7276353e-06,0.20123439,0
1783,29.716667,1.373277e-06,33.07696,33.07696,-1.22774145e-05,33.07696,0.00010041179,207,207,49,0.000794419,0.0053674118,1.6335787e-06,0.20123394,0
1784,29.733334,1.3724748e-06,33.07695,33.076954,-8.8123215e-06,33.076954,0.00010046096,207,207,49,0.0007852116,0.0063497047,1.7830794e-06,0.2012335,0
1785,29.75,1.3692032e-06,33.076935,33.07694,-1.5132484e-05,33.07694,0.0001005024,207,207,49,0.00078457507,0.0063545965,1.8291803e-06,0.20123298,0
1786,29.766666,1.3687736e-06,33.076927,33.076927,-1.0308245e-05,33.076927,0.000100443096,207,207,49,0.00078845414,0.0051028957,1.724902e-06,0.20123254,0
1787,29.783333,1.4146174e-06,33.07692,33.07692,-6.7706146e-06,33.07692,0.00010046947,207,207,49,0.00079208525,0.0075229644,1.7011473e-06,0.20123217,0
1788,29.8,1.342342e-06,33.07691,33.07691,-1.1211366e-05,33.07691,0.00010051243,207,207,49,0.0007868888,0.005285562,1.7673236e-06,0.2012317,0
1789,29.816668,1.3449031e-06,33.076897,33.076897,-1.0804019e-05,33.076897,0.000100433965,207,207,49,0.00078549265,0.0052029183,1.7148257e-06,0.20123124,0
1790,29.833334,1.3563271e-06,33.076885,33.076885,-1.2291452e-05,33.076885,0.00010044475,207,207,49,0.0007820175,0.005698361,1.6656387e-06,0.2012308,0
1791,29.85,1.3440844e-06,33.076874,33.076878,-9.821292e-06,33.076878,0.00010048896,207,207,49,0.00077925733,0.005235704,1.5426897e-06,0.20123039,0
1792,29.866667,1.3903974e-06,33.076866,33.07687,-7.933931e-06,33.07687,0.000100416844,207,207,49,0.00078696077,0.0066367984,1.6889355e-06,0.20123,0
1793,29.883333,1.3499654e-06,33.07686,33.07686,-1.0514502e-05,33.07686,0.00010045277,207,207,49,0.00078382395,0.005277587,1.8165692e-06,0.20122951,0
1794,29.9,1.4165621e-06,33.076847,33.076847,-1.0573728e-05,33.076847,0.00010042269,207,207,49,0.00079714233,0.006570633,1.6336238e-06,0.20122907,0
1795,29.916666,1.4158959e-06,33.076836,33.076836,-1.1472267e-05,33.076836,0.00010050346,207,207,49,0.00080397,0.0065458794,1.8284953e-06,0.2012286,0
1796,29.933332,1.4208448e-06,33.076824,33.076824,-1.1799162e-05,33.076824,0.00010042904,207,207,49,0.0007967879,0.0076005165,2.0802388e-06,0.20122811,0
1797,29.95,1.34962e-06,33.076817,33.076817,-7.552703e-06,33.076817,0.00010047142,207,207,49,0.00078780553,0.0053369985,1.8354739e-06,0.20122771,0
1798,29.966667,1.344882e-06,33.076805,33.076805,-1.0811318e-05,33.076805,0.00010043396,207,207,49,0.00077985844,0.005169383,1.5797988e-06,0.2012273,0
1799,29.983334,1.4591221e-06,33.076797,33.076797,-8.032259e-06,33.076797,0.000100428035,207,207,49,0.0008037124,0.007920363,1.9934432e-06,0.20122685,0
1800,30,1.3462347e-06,33.076782,33.076786,-1.3413294e-05,33.076786,0.00010043349,207,207,49,0.00078127463,0.005254279,1.7182668e-06,0.2012264,0
