frame,time_s,kinetic_J,potential_J,total_J,delta_E_J,ui_total_J,depth_m,contacts,matched,locked,max_speed_m_s,max_spin_rad_s,max_move_m,tip_y_m,broken
1,0.016666668,0.1063752,34.25509,34.36146,-0.0026841382,34.36146,0,122,122,29,0.16347197,0,0.0013964176,0.22860363,0
2,0.033333335,0.3645934,33.97075,34.335342,-0.026119737,34.335342,0,133,133,33,0.32688943,4.1051585e-06,0.004120469,0.22448318,0
3,0.05,0.5494327,33.586044,34.135475,-0.19986647,34.135475,0,153,153,31,0.49025264,0.9696582,0.0068436265,0.21763957,0
4,0.06666667,0.489813,33.268238,33.75805,-0.37742576,33.75805,0,180,180,35,0.65356153,1.2298001,0.009565905,0.20807366,0
5,0.083333336,0.0050029755,33.19802,33.203026,-0.55502623,33.203026,8.5218535e-06,198,198,39,0.030838896,1.3606057,0.004178516,0.20390813,0
6,0.1,0.0017378773,33.196964,33.1987,-0.004322647,33.1987,1.508273e-05,190,190,47,0.029676545,0.6943879,0.0005156375,0.20389828,0
7,0.11666667,0.0007680187,33.19554,33.196312,-0.0023908408,33.196312,1.9949623e-05,194,194,48,0.02190139,0.44093078,0.00041807722,0.20386745,0
8,0.13333334,0.00035865948,33.195366,33.195724,-0.00058525713,33.195724,2.0412108e-05,196,196,50,0.018382868,0.26260486,0.00033980588,0.20386751,0
9,0.15,0.00016119036,33.195236,33.195396,-0.00032914313,33.195396,2.0485646e-05,197,197,50,0.013569153,0.113088995,0.00026574795,0.20386781,0
10,0.16666667,9.160685e-05,33.195084,33.195175,-0.00022270443,33.195175,2.0514142e-05,197,197,50,0.009366823,0.037084423,0.00018763261,0.2038663,0
11,0.18333334,6.689799e-05,33.194897,33.19496,-0.00021141331,33.19496,2.1494718e-05,197,197,50,0.007676312,0.026123159,0.00014180165,0.20386381,0
12,0.2,4.81119e-05,33.194702,33.19475,-0.0002119745,33.19475,2.3658906e-05,197,197,50,0.006006574,0.016329648,0.00011302161,0.20386083,0
13,0.21666667,3.3625674e-05,33.194508,33.194542,-0.00020734212,33.194542,2.5821662e-05,197,197,50,0.005040894,0.01387571,9.1909e-05,0.20385785,0
14,0.23333333,2.1318148e-05,33.194317,33.194336,-0.00020516342,33.194336,2.8051565e-05,197,197,50,0.0040394305,0.011428579,7.549696e-05,0.20385487,0
15,0.25,1.165291e-05,33.194122,33.194134,-0.00020252113,33.194134,3.0303667e-05,197,197,50,0.0030202325,0.0089600785,5.860519e-05,0.2038519,0
16,0.26666668,5.0307212e-06,33.193947,33.19395,-0.00018484764,33.19395,3.136722e-05,197,197,50,0.0020291426,0.006590149,4.171387e-05,0.20384891,0
17,0.28333333,1.7672188e-06,33.19378,33.193783,-0.00016885356,33.193783,3.142414e-05,197,197,50,0.0012396394,0.004645565,2.626506e-05,0.20384593,0
18,0.3,1.3921505e-06,33.193623,33.193623,-0.00015898241,33.193623,3.1471733e-05,197,197,50,0.0010635937,0.003932775,1.8084942e-05,0.20384245,0
19,0.31666666,1.7570484e-06,33.193462,33.193462,-0.00015923998,33.193462,3.1529744e-05,197,197,50,0.0011606995,0.0039445306,1.8434988e-05,0.20383887,0
20,0.33333334,2.089549e-06,33.193302,33.193302,-0.00015927237,33.193302,3.1479085e-05,197,197,50,0.0012520835,0.0040509715,2.020259e-05,0.2038353,0
21,0.35,2.2860447e-06,33.193142,33.193146,-0.00015940839,33.193146,3.2500026e-05,197,197,50,0.0013037848,0.004118686,2.1391666e-05,0.20383172,0
22,0.36666667,2.3777332e-06,33.19298,33.192986,-0.00015951319,33.192986,3.4842113e-05,197,197,50,0.0013267553,0.0041436036,2.1991214e-05,0.20382814,0
23,0.38333333,2.4052874e-06,33.19282,33.192825,-0.00015957732,33.192825,3.730209e-05,197,197,50,0.0013327425,0.0041404166,2.2215556e-05,0.20382456,0
24,0.4,2.3969778e-06,33.192665,33.192665,-0.00015961319,33.192665,3.968272e-05,197,197,50,0.0013293424,0.004121204,2.2227689e-05,0.20382099,0
25,0.41666666,2.3695427e-06,33.192505,33.192505,-0.00015963231,33.192505,4.2111693e-05,197,197,50,0.0013209027,0.00409328,2.2123995e-05,0.20381741,0
26,0.43333334,2.3323726e-06,33.192345,33.19235,-0.00015964205,33.19235,4.459872e-05,197,197,50,0.0013098429,0.004061052,2.1958725e-05,0.20381384,0
27,0.45,2.2904896e-06,33.192184,33.19219,-0.00015964676,33.19219,4.699776e-05,197,197,50,0.0012974484,0.00402661,2.1762267e-05,0.20381026,0
28,0.46666667,2.2466118e-06,33.192024,33.192028,-0.00015964876,33.192028,4.9387014e-05,198,198,50,0.0012844234,0.00399134,2.1550313e-05,0.20380668,0
29,0.48333332,2.2021356e-06,33.191864,33.191868,-0.00015964935,33.191868,5.1756775e-05,198,198,50,0.0012711304,0.0039557694,2.1330996e-05,0.2038031,0
30,0.5,2.1577976e-06,33.191708,33.191708,-0.00015964922,33.191708,5.4186756e-05,198,198,50,0.0012577655,0.0039203526,2.11094e-05,0.20379953,0
31,0.51666665,2.1139797e-06,33.191547,33.191547,-0.0001596487,33.191547,5.66172e-05,198,198,50,0.0012444316,0.003885163,2.0887244e-05,0.20379595,0
32,0.53333336,2.063301e-06,33.191376,33.19138,-0.00017029588,33.19138,5.9014747e-05,198,198,50,0.001251022,0.003816544,2.077285e-05,0.20379238,0
33,0.55,2.0315274e-06,33.191204,33.191208,-0.00017060949,33.191208,6.149176e-05,198,198,50,0.001219345,0.0034786595,2.0654406e-05,0.2037888,0
34,0.56666666,2.01555e-06,33.191032,33.191036,-0.00017292127,33.191036,6.38896e-05,198,198,50,0.0012340735,0.0037631763,2.0613857e-05,0.20378523,0
35,0.5833333,1.978649e-06,33.19086,33.19086,-0.00017277594,33.19086,6.603682e-05,198,198,50,0.0012247971,0.0037756464,2.0363692e-05,0.20378149,0
36,0.6,1.932276e-06,33.19069,33.190693,-0.00016995906,33.190693,6.845177e-05,198,198,50,0.0012042209,0.0036367327,2.0101863e-05,0.20377791,0
37,0.6166667,1.9115803e-06,33.190514,33.190517,-0.00017442228,33.190517,7.068807e-05,198,198,50,0.0011996826,0.0036567117,2.0151232e-05,0.20377411,0
38,0.6333333,1.8824194e-06,33.190342,33.190346,-0.00017293445,33.190346,7.314126e-05,198,198,50,0.0011917843,0.0036548597,1.9948055e-05,0.20377053,0
39,0.65,1.8284392e-06,33.190174,33.190174,-0.00016996668,33.190174,7.551516e-05,198,198,50,0.0011722249,0.003573989,1.9544987e-05,0.20376696,0
40,0.6666667,1.8032337e-06,33.19,33.19,-0.00017525806,33.19,7.7818724e-05,198,198,50,0.0011661149,0.0035853104,1.9563213e-05,0.20376317,0
41,0.68333334,1.7728286e-06,33.189823,33.189827,-0.00017293569,33.189827,8.0231875e-05,198,198,50,0.0011555325,0.0035501975,1.9351002e-05,0.2037596,0
42,0.7,1.7260227e-06,33.18965,33.18965,-0.00017295209,33.18965,8.2485756e-05,198,198,50,0.0011424233,0.003550771,1.8990397e-05,0.20375581,0
43,0.71666664,1.6981485e-06,33.18948,33.18948,-0.00017293316,33.18948,8.480628e-05,205,205,52,0.001130209,0.0034762525,1.8917604e-05,0.20375223,0
44,0.73333335,1.6506742e-06,33.18931,33.18931,-0.0001706252,33.18931,8.7246786e-05,205,205,52,0.0011152162,0.0034578633,1.854024e-05,0.20374866,0
45,0.75,1.6266364e-06,33.189133,33.189137,-0.00017475813,33.189137,8.9498055e-05,205,205,52,0.001105497,0.0034058758,1.8557601e-05,0.20374486,0
46,0.76666665,1.5791265e-06,33.188965,33.188965,-0.00017012646,33.188965,9.1907765e-05,205,205,52,0.001081875,0.0032394647,1.8124174e-05,0.2037413,0
47,0.78333336,1.563072e-06,33.188786,33.18879,-0.00017608018,33.18879,9.413964e-05,205,205,52,0.0010851856,0.0033763181,1.81476e-05,0.2037375,0
48,0.8,1.5175787e-06,33.188618,33.188618,-0.00016962568,33.188618,9.656984e-05,205,205,52,0.0010451094,0.0029760196,1.7791575e-05,0.20373392,0
49,0.81666666,1.4981431e-06,33.188446,33.188446,-0.00017292472,33.188446,9.901047e-05,205,205,52,0.0010493202,0.0031064004,1.7684471e-05,0.20373034,0
50,0.8333333,1.4590428e-06,33.18827,33.188274,-0.00017277813,33.188274,9.997412e-05,205,205,52,0.0010442776,0.003213791,1.7377177e-05,0.20372663,0
51,0.85,1.4378095e-06,33.1881,33.1881,-0.00017292652,33.1881,0.000100042926,205,205,52,0.0010367457,0.003200771,1.735376e-05,0.20372306,0
52,0.8666667,1.4073512e-06,33.187923,33.187927,-0.00017443203,33.187927,0.00010009219,205,205,52,0.0010280012,0.0032208608,1.724962e-05,0.20371932,0
53,0.8833333,1.3878001e-06,33.18775,33.18775,-0.00017325734,33.18775,0.00010004123,205,205,52,0.001017874,0.0031502692,1.705541e-05,0.20371574,0
54,0.9,1.3615136e-06,33.187576,33.18758,-0.00017359659,33.18758,0.00010007855,206,206,52,0.001007738,0.0031182456,1.6892633e-05,0.20371217,0
55,0.9166667,1.334616e-06,33.1874,33.1874,-0.00017675605,33.1874,0.00010005905,206,206,52,0.0009975695,0.0030940352,1.6750011e-05,0.20370843,0
56,0.93333334,1.3081741e-06,33.187225,33.18723,-0.00017459427,33.18723,9.998059e-05,206,206,52,0.0009869871,0.0030579423,1.6548167e-05,0.20370485,0
57,0.95,1.2822056e-06,33.18705,33.18705,-0.00017658886,33.18705,0.00010011935,206,206,52,0.00097538996,0.0030055656,1.6413658e-05,0.2037011,0
58,0.96666664,1.2562451e-06,33.186874,33.18688,-0.00017426128,33.18688,0.000100061305,206,206,52,0.0009662583,0.0029969274,1.6200967e-05,0.20369752,0
59,0.98333335,1.2310513e-06,33.186703,33.186703,-0.00017326299,33.186703,9.998345e-05,206,206,52,0.0009561618,0.0029673763,1.6033066e-05,0.20369394,0
60,1,1.2359277e-06,33.186523,33.186523,-0.00017955061,33.186523,0.00010005432,206,206,52,0.0009562258,0.0029448909,1.5906784e-05,0.20369016,0
61,1.0166667,1.182211e-06,33.18635,33.18635,-0.00017312526,33.18635,0.00010007188,206,206,52,0.0009363355,0.0029126306,1.5690779e-05,0.20368662,0
62,1.0333333,1.1585238e-06,33.186176,33.186176,-0.00017376024,33.186176,0.00010001136,206,206,52,0.00092628965,0.0028805728,1.5531234e-05,0.20368306,0
63,1.05,1.1350987e-06,33.186,33.186,-0.00017542254,33.186,0.00010010882,206,206,52,0.00091646437,0.002852581,1.5402049e-05,0.20367932,0
64,1.0666667,1.1126468e-06,33.18582,33.185825,-0.00017758287,33.185825,0.000100028374,206,206,52,0.00090689195,0.0028236997,1.5210112e-05,0.20367575,0
65,1.0833334,1.1453734e-06,33.18565,33.18565,-0.0001745351,33.18565,0.000100105804,206,206,52,0.0009131463,0.002816262,1.5085703e-05,0.20367199,0
66,1.1,1.0686963e-06,33.185474,33.185474,-0.0001758083,33.185474,0.00010002358,207,207,53,0.00088809384,0.0027711166,1.4889522e-05,0.20366843,0
67,1.1166667,1.0476354e-06,33.185295,33.1853,-0.00017625144,33.1853,0.00010006156,207,207,53,0.00087867916,0.0027409878,1.4737041e-05,0.20366485,0
68,1.1333333,1.026982e-06,33.185123,33.185123,-0.00017492099,33.185123,9.9977035e-05,207,207,53,0.0008695205,0.0027140672,1.4583366e-05,0.20366128,0
69,1.15,1.008587e-06,33.184944,33.184944,-0.00017857635,33.184944,9.999335e-05,207,207,53,0.00086106523,0.0026881609,1.4466019e-05,0.20365755,0
70,1.1666666,9.867629e-07,33.18477,33.18477,-0.0001759197,33.18477,9.996849e-05,207,207,53,0.00085139286,0.0026606147,1.42768085e-05,0.20365398,0
71,1.1833333,6.6287635e-07,33.1846,33.1846,-0.00016591395,33.1846,0.00010012013,207,207,53,0.0007405042,0.003608501,1.3932677e-05,0.20365052,0
72,1.2,4.1174556e-07,33.184464,33.184464,-0.00014023791,33.184464,0.00010007419,207,207,53,0.00048810712,0.0025889024,7.1673844e-06,0.20364754,0
73,1.2166667,1.4112804e-06,33.184315,33.184315,-0.00014630247,33.184315,0.000100045894,207,207,53,0.0009593314,0.0035216315,1.1894931e-05,0.20364456,0
74,1.2333333,2.7439658e-06,33.184162,33.184166,-0.00015128948,33.184166,0.000100158686,207,207,53,0.0013659558,0.004383212,1.9555666e-05,0.20364158,0
75,1.25,4.003e-06,33.184002,33.184006,-0.00015734832,33.184006,0.00010009605,207,207,53,0.0016655439,0.0050351755,2.546334e-05,0.20363815,0
76,1.2666667,5.0343037e-06,33.18384,33.18385,-0.00015973736,33.18385,0.00010006438,207,207,53,0.0018761378,0.0055046366,2.9639914e-05,0.20363495,0
77,1.2833333,5.790816e-06,33.183678,33.183685,-0.00016283849,33.183685,0.000100059515,207,207,53,0.0020121566,0.0058118287,3.2540534e-05,0.20363149,0
78,1.3,6.2985555e-06,33.18351,33.183517,-0.00016691112,33.183517,0.000100045334,207,207,53,0.0021065762,0.0060125575,3.4412613e-05,0.20362823,0
79,1.3166667,6.5893214e-06,33.183346,33.183353,-0.0001656318,33.183353,0.00010006021,207,207,53,0.002154812,0.0061299433,3.5539648e-05,0.20362501,0
80,1.3333334,6.6976586e-06,33.183178,33.183186,-0.00016731053,33.183186,0.000100068,207,207,53,0.0021682999,0.0061818995,3.6108497e-05,0.20362157,0
81,1.35,6.68715e-06,33.18301,33.183018,-0.00016759563,33.183018,0.00010005678,207,207,53,0.0021714238,0.0061564306,3.6214584e-05,0.20361835,0
82,1.3666667,6.5592076e-06,33.182842,33.18285,-0.0001672143,33.18285,0.00010006327,207,207,53,0.0021437379,0.006150974,3.603181e-05,0.2036149,0
83,1.3833333,6.3788375e-06,33.18268,33.182686,-0.00016527166,33.182686,0.00010010912,207,207,53,0.0021190068,0.006026264,3.5562465e-05,0.2036117,0
84,1.4,6.1978603e-06,33.18251,33.182514,-0.00016876362,33.182514,0.000100087746,208,208,53,0.002081432,0.0059693186,3.499045e-05,0.20360827,0
85,1.4166666,5.005562e-06,33.18236,33.182365,-0.00014982434,33.182365,0.00010010522,208,208,53,0.0018817723,0.00567299,3.336737e-05,0.20360526,0
86,1.4333333,4.4107505e-06,33.18222,33.182228,-0.00013991656,33.182228,0.00010012603,208,208,53,0.0017611159,0.0054575326,2.9989988e-05,0.20360231,0
87,1.45,4.2705e-06,33.182083,33.182087,-0.00014029328,33.182087,0.000100083715,208,208,53,0.0017332718,0.005434525,2.9021267e-05,0.20359935,0
88,1.4666667,4.193743e-06,33.181942,33.181946,-0.00013973103,33.181946,0.00010009301,208,208,53,0.0017187436,0.0054220003,2.8746996e-05,0.20359637,0
89,1.4833333,4.0889913e-06,33.1818,33.181805,-0.00014009154,33.181805,0.00010010486,209,209,53,0.0016976844,0.005382374,2.846622e-05,0.20359339,0
90,1.5,3.946717e-06,33.181664,33.181667,-0.00013963028,33.181667,0.000100101126,209,209,53,0.00166779,0.005315441,2.8040336e-05,0.20359042,0
91,1.5166667,3.7763252e-06,33.181522,33.181526,-0.00013982465,33.181526,0.000100065,209,209,53,0.001630801,0.0052283257,2.7480026e-05,0.20358744,0
92,1.5333333,3.5891514e-06,33.181385,33.181385,-0.00013984145,33.181385,0.000100121026,209,209,53,0.0015889414,0.0051279063,2.6819745e-05,0.20358446,0
93,1.55,3.394087e-06,33.181244,33.181248,-0.00013984933,33.181248,0.00010014718,209,209,53,0.0015440105,0.005019156,2.6093938e-05,0.20358148,0
94,1.5666667,3.1977154e-06,33.181107,33.181107,-0.00013885311,33.181107,0.00010016031,209,209,53,0.0014973754,0.004905916,2.5324935e-05,0.20357853,0
95,1.5833334,3.0042584e-06,33.180965,33.18097,-0.00013918271,33.18097,0.00010015264,209,209,53,0.0014499598,0.0047906237,2.4543819e-05,0.20357555,0
96,1.6,2.816833e-06,33.18083,33.180832,-0.0001383454,33.180832,0.00010007467,209,209,53,0.0014025157,0.0046751397,2.3750086e-05,0.20357259,0
97,1.6166667,2.6369573e-06,33.180695,33.180695,-0.000135179,33.180695,0.000100086196,209,209,53,0.0013554525,0.004560573,2.2957283e-05,0.20356967,0
98,1.6333333,2.4656922e-06,33.180553,33.180557,-0.00013766422,33.180557,0.00010015751,209,209,53,0.0013091227,0.0044476264,2.2179142e-05,0.20356673,0
99,1.65,2.3036189e-06,33.180416,33.18042,-0.00013815379,33.18042,0.00010011061,209,209,53,0.0012637547,0.004337038,2.1420687e-05,0.20356375,0
100,1.6666666,2.1510223e-06,33.18028,33.180283,-0.00013714678,33.180283,0.00010005182,210,210,53,0.0012195474,0.00422924,2.066936e-05,0.2035608,0
101,1.6833333,2.0077698e-06,33.18014,33.180145,-0.00013713744,33.180145,0.00010012269,210,210,53,0.0011765829,0.004124297,1.9947762e-05,0.20355782,0
102,1.7,1.873673e-06,33.180008,33.180008,-0.00013712829,33.180008,0.00010006194,210,210,53,0.0011349436,0.004022528,1.9237978e-05,0.20355487,0
103,1.7166667,1.7484602e-06,33.17987,33.17987,-0.00013628813,33.17987,0.000100130674,210,210,53,0.0010946945,0.0039240015,1.8557446e-05,0.2035519,0
104,1.7333333,1.6317531e-06,33.179733,33.179737,-0.00013544834,33.179737,0.00010021099,210,210,53,0.0010558496,0.003828751,1.7891209e-05,0.20354898,0
105,1.75,1.5231126e-06,33.1796,33.1796,-0.00013510777,33.1796,0.00010013123,210,210,53,0.001018424,0.0037364378,1.7260527e-05,0.20354603,0
106,1.7666667,1.4220234e-06,33.179462,33.179466,-0.00013659651,33.179466,0.00010009172,210,210,53,0.0009823607,0.0036474748,1.6650194e-05,0.20354307,0
107,1.7833333,1.3249157e-06,33.17933,33.17933,-0.00013476373,33.17933,0.00010014996,210,210,53,0.00094727706,0.0035458838,1.6057418e-05,0.20354012,0
108,1.8,1.0505278e-06,33.179184,33.179184,-0.00014558133,33.179184,0.00010005275,210,210,53,0.00088363787,0.0026384478,1.5353606e-05,0.20353702,0
109,1.8166667,1.462375e-06,33.17881,33.17881,-0.00037266457,33.17881,0.000100389414,210,210,53,0.0009942774,0.0034193879,7.762147e-06,0.2035293,0
110,1.8333334,3.8745975e-06,33.17836,33.178364,-0.000446144,33.178364,0.00010035017,210,210,53,0.0017547898,0.006763157,2.3546707e-05,0.20352003,0
111,1.85,5.1537318e-06,33.17795,33.17796,-0.00040770837,33.17796,0.00010034947,210,210,53,0.0019980927,0.0066677798,3.0978277e-05,0.20351166,0
112,1.8666667,5.8113683e-06,33.17754,33.177544,-0.00041348377,33.177544,0.00010028766,210,210,53,0.0021163838,0.006879173,3.420296e-05,0.20350324,0
113,1.8833333,6.0661396e-06,33.17712,33.177128,-0.00041804303,33.177128,0.000100334524,210,210,53,0.0021584737,0.006956892,3.5490328e-05,0.20349447,0
114,1.9,6.1363503e-06,33.1767,33.176704,-0.00042088766,33.176704,0.000100376,211,211,54,0.0021674396,0.00696167,3.5861154e-05,0.20348553,0
115,1.9166666,6.1302385e-06,33.176277,33.176285,-0.0004219615,33.176285,0.00010037163,211,211,54,0.0021630256,0.0069361636,3.5827674e-05,0.2034766,0
116,1.9333333,5.8754836e-06,33.175858,33.175865,-0.0004198826,33.175865,0.00010034966,211,211,54,0.002103108,0.0063862475,3.524076e-05,0.20346765,0
117,1.95,5.4359148e-06,33.175438,33.17544,-0.00042023364,33.17544,0.00010032395,211,211,54,0.001991679,0.0059483266,3.414744e-05,0.20345879,0
118,1.9666667,4.956768e-06,33.17501,33.17502,-0.00042675718,33.17502,0.000100323094,211,211,54,0.0018853507,0.005541996,3.1895448e-05,0.20344985,0
119,1.9833333,4.71914e-06,33.17457,33.174572,-0.00044463747,33.174572,0.00010035709,211,211,54,0.0018288436,0.005326461,3.05489e-05,0.20344086,0
120,2,4.5868856e-06,33.17409,33.174095,-0.00047645307,33.174095,0.00010034124,211,211,54,0.0017947684,0.005124828,2.99223e-05,0.2034314,0
121,2.0166667,4.4861813e-06,33.173615,33.17362,-0.00047841656,33.17362,0.00010027844,211,211,54,0.0017677959,0.005012606,2.9380712e-05,0.20342185,0
122,2.0333333,4.4080966e-06,33.173134,33.17314,-0.0004770639,33.17314,0.00010036809,211,211,54,0.0017479719,0.0049341577,2.8960387e-05,0.2034123,0
123,2.05,4.3367013e-06,33.17267,33.172672,-0.00046758068,33.172672,0.0001003508,211,211,54,0.001730843,0.0048726327,2.8621767e-05,0.20340276,0
124,2.0666666,4.2709526e-06,33.172203,33.172207,-0.00046591248,33.172207,0.00010035222,211,211,54,0.0017153202,0.0048198374,2.834381e-05,0.20339322,0
125,2.0833333,4.2093275e-06,33.171753,33.171757,-0.0004491166,33.171757,0.000100415964,211,211,54,0.001700874,0.004773019,2.7953345e-05,0.20338403,0
126,2.1,4.2081756e-06,33.17132,33.171326,-0.0004314331,33.171326,0.00010036524,211,211,54,0.0016947718,0.00472075,2.760387e-05,0.2033751,0
127,2.1166666,4.213224e-06,33.170853,33.170856,-0.00046883427,33.170856,0.00010036426,211,211,54,0.0016876048,0.0046826922,2.742889e-05,0.20336571,0
128,2.1333334,4.17362e-06,33.170376,33.170383,-0.00047552914,33.170383,0.00010042927,211,211,54,0.0016772178,0.004653091,2.721503e-05,0.2033562,0
129,2.15,4.131985e-06,33.1699,33.169903,-0.000478025,33.169903,0.00010035582,211,211,54,0.0016671953,0.0046274657,2.7024364e-05,0.20334668,0
130,2.1666667,4.0919067e-06,33.169422,33.169426,-0.0004781897,33.169426,0.0001003635,211,211,54,0.0016575755,0.0046025906,2.6849752e-05,0.20333715,0
131,2.1833334,4.048518e-06,33.16894,33.168945,-0.000478858,33.168945,0.00010038066,211,211,54,0.001647537,0.004576978,2.6676911e-05,0.20332761,0
132,2.2,4.0033033e-06,33.168472,33.168476,-0.00047104585,33.168476,0.00010037045,211,211,54,0.0016372139,0.0045512854,2.643576e-05,0.20331824,0
133,2.2166667,3.959074e-06,33.16802,33.168022,-0.00045292306,33.168022,0.00010032176,211,211,54,0.001627176,0.0045276964,2.586052e-05,0.2033099,0
134,2.2333333,3.9163824e-06,33.16757,33.167572,-0.00045092648,33.167572,0.000100345496,211,211,54,0.0016174864,0.0045056464,2.5704627e-05,0.20330152,0
135,2.25,3.8748162e-06,33.167118,33.16712,-0.00044992781,33.16712,0.00010036961,211,211,54,0.0016080412,0.0044846945,2.5552365e-05,0.20329311,0
136,2.2666667,3.834246e-06,33.166668,33.16667,-0.0004510906,33.16667,0.00010035198,212,212,54,0.001598806,0.00446476,2.5378085e-05,0.20328476,0
137,2.2833333,3.79452e-06,33.166218,33.16622,-0.00045092352,33.16622,0.000100310506,212,212,54,0.0015897218,0.004445295,2.5242736e-05,0.20327635,0
138,2.3,3.7554905e-06,33.165768,33.16577,-0.000448429,33.16577,0.000100327925,212,212,54,0.0015807642,0.0044262973,2.507205e-05,0.20326799,0
139,2.3166666,3.7172194e-06,33.165318,33.16532,-0.00044826197,33.16532,0.00010033939,212,212,54,0.0015719467,0.004407845,2.492859e-05,0.20325962,0
140,2.3333333,3.679539e-06,33.16487,33.164875,-0.00044909265,33.164875,0.000100295845,212,212,54,0.0015632219,0.004389638,2.477581e-05,0.20325126,0
141,2.35,3.6425029e-06,33.164425,33.164425,-0.0004472632,33.164425,0.00010033321,212,212,54,0.0015546068,0.0043717325,2.4621262e-05,0.20324291,0
142,2.3666666,3.606105e-06,33.163975,33.16398,-0.00044892513,33.16398,0.00010030719,212,212,54,0.0015461062,0.004354187,2.4477784e-05,0.20323457,0
143,2.3833334,3.5702935e-06,33.163525,33.16353,-0.00044925703,33.16353,0.00010034798,212,212,54,0.0015377029,0.004337008,2.4335224e-05,0.20322622,0
144,2.4,3.535069e-06,33.163074,33.16308,-0.0004490902,33.16308,0.000100349316,212,212,54,0.0015293949,0.0043201204,2.419841e-05,0.20321786,0
145,2.4166667,3.5005014e-06,33.16263,33.162632,-0.00044875703,33.162632,0.00010036018,212,212,54,0.0015212109,0.004303529,2.4059793e-05,0.2032095,0
146,2.4333334,3.4664183e-06,33.162178,33.16218,-0.00044908904,33.16218,0.000100272024,212,212,54,0.0015131003,0.00428707,2.3934967e-05,0.20320112,0
147,2.45,3.4328928e-06,33.16173,33.161736,-0.0004475922,33.161736,0.00010038979,212,212,54,0.0015050884,0.004270963,2.3782395e-05,0.20319277,0
148,2.4666667,3.399927e-06,33.161285,33.16129,-0.00044642785,33.16129,0.00010028311,212,212,54,0.0014971729,0.00425506,2.3651934e-05,0.20318441,0
149,2.4833333,3.3679605e-06,33.1609,33.160904,-0.00038391494,33.160904,0.0001003799,212,212,54,0.0014895196,0.0042401906,2.341104e-05,0.20317632,0
150,2.5,3.908594e-06,33.160534,33.160538,-0.000364223,33.160538,0.00010053596,212,212,54,0.0016678974,0.005674965,2.3770965e-05,0.20316839,0
151,2.5166667,5.0817894e-06,33.160156,33.160164,-0.0003763921,33.160164,0.000100560974,212,212,54,0.0019432673,0.006884423,2.8472608e-05,0.20316024,0
152,2.5333333,5.5965033e-06,33.15977,33.15978,-0.00038536332,33.15978,0.00010054766,212,212,54,0.0020645966,0.0075707734,3.146888e-05,0.20315197,0
153,2.55,6.2991653e-06,33.159378,33.15938,-0.00039481817,33.15938,0.00010050418,212,212,54,0.002228073,0.010038643,3.3347635e-05,0.20314358,0
154,2.5666666,8.666955e-06,33.158936,33.158943,-0.00043987072,33.158943,0.00010061105,212,212,54,0.0027805388,0.016508527,4.006213e-05,0.20313434,0
155,2.5833333,1.03810835e-05,33.158493,33.158504,-0.00044019188,33.158504,0.00010062225,212,212,54,0.0031336292,0.01882138,4.7908354e-05,0.2031252,0
156,2.6,1.1293742e-05,33.158066,33.158077,-0.00042669542,33.158077,0.00010055203,211,211,54,0.0033085572,0.019820618,5.2146534e-05,0.20311631,0
157,2.6166666,1.1759188e-05,33.157646,33.157658,-0.00041766607,33.157658,0.00010051318,211,211,54,0.0033927395,0.02020982,5.4373188e-05,0.2031075,0
158,2.6333334,1.1909934e-05,33.157234,33.157246,-0.00041315937,33.157246,0.000100552264,211,211,54,0.0034202735,0.020273965,5.5325167e-05,0.20309871,0
159,2.65,1.1865398e-05,33.156822,33.156834,-0.00041185837,33.156834,0.00010051501,211,211,54,0.0034139967,0.020151142,5.5484827e-05,0.20309003,0
160,2.6666667,1.1706631e-05,33.156418,33.15643,-0.00040432488,33.15643,0.00010053865,211,211,54,0.0033879797,0.019919328,5.5194418e-05,0.2030814,0
161,2.6833334,1.1484363e-05,33.15601,33.15602,-0.00040920978,33.15602,0.00010050374,212,212,54,0.003350678,0.019625798,5.465034e-05,0.20307276,0
162,2.7,1.12295975e-05,33.1556,33.155613,-0.00040774597,33.155613,0.00010066145,212,212,54,0.0033072217,0.019299492,5.3951826e-05,0.20306413,0
163,2.7166667,1.0959376e-05,33.15519,33.1552,-0.00041258283,33.1552,0.00010049828,212,212,54,0.0032603592,0.018952817,5.317323e-05,0.20305552,0
164,2.7333333,1.0684143e-05,33.15478,33.154793,-0.00040726768,33.154793,0.00010051042,214,214,55,0.0032118596,0.01859685,5.2346637e-05,0.20304693,0
165,2.75,1.0411112e-05,33.154373,33.154385,-0.00040776422,33.154385,0.00010049988,214,214,55,0.0031629829,0.018240442,5.1500057e-05,0.2030384,0
166,2.7666667,1.0143809e-05,33.153965,33.153973,-0.00041008607,33.153973,0.00010048049,215,215,55,0.003114379,0.017886808,5.0658746e-05,0.20302986,0
167,2.7833333,9.882434e-06,33.15356,33.15357,-0.00040525876,33.15357,0.000100546036,214,214,55,0.0030662906,0.017539639,4.980975e-05,0.20302139,0
168,2.8,9.628419e-06,33.15315,33.153156,-0.00041240035,33.153156,0.000100448706,214,214,55,0.00301881,0.017197534,4.8994287e-05,0.20301285,0
169,2.8166666,9.3834815e-06,33.15276,33.15277,-0.0003871205,33.15277,0.000100591824,214,214,55,0.0029721707,0.01686044,4.814725e-05,0.20300446,0
170,2.8333333,9.146417e-06,33.15238,33.152393,-0.00037746984,33.152393,0.00010060045,214,214,55,0.0029265503,0.016530335,4.7336413e-05,0.2029961,0
171,2.85,8.918695e-06,33.152008,33.152016,-0.00037646297,33.152016,0.00010062732,216,216,56,0.0028821367,0.016208673,4.6535006e-05,0.20298783,0
172,2.8666666,8.699919e-06,33.15163,33.151638,-0.0003784491,33.151638,0.00010061465,216,216,56,0.0028388526,0.015894014,4.577465e-05,0.20297953,0
173,2.8833334,8.486791e-06,33.151245,33.151257,-0.00038176854,33.151257,0.000100621364,218,218,56,0.0027959652,0.015575712,4.5022527e-05,0.20297123,0
174,2.9,8.280555e-06,33.150867,33.150875,-0.0003789353,33.150875,0.0001005447,218,218,56,0.002753855,0.015262848,4.42683e-05,0.20296298,0
175,2.9166667,8.064584e-06,33.15049,33.150497,-0.00037844628,33.150497,0.00010054268,218,218,56,0.0027113056,0.015011979,4.354152e-05,0.20295471,0
176,2.9333334,7.985797e-06,33.15011,33.150116,-0.00038246549,33.150116,0.00010065018,218,218,56,0.0026929455,0.014682043,4.2888947e-05,0.20294651,0
177,2.95,7.892763e-06,33.149727,33.149734,-0.00038065092,33.149734,0.00010066922,218,218,56,0.0026666583,0.014308871,4.2417076e-05,0.2029383,0
178,2.9666667,7.7446175e-06,33.149345,33.149353,-0.0003812048,33.149353,0.00010056453,218,218,56,0.002629783,0.014010695,4.1885367e-05,0.20293005,0
179,2.9833333,7.5459575e-06,33.148964,33.14897,-0.00038158783,33.14897,0.00010058621,218,218,56,0.002587238,0.013836759,4.1289437e-05,0.20292188,0
180,3,7.2615617e-06,33.148586,33.148594,-0.00037984474,33.148594,0.000100633515,218,218,56,0.0025412005,0.013815739,4.068994e-05,0.20291373,0
181,3.0166667,7.07045e-06,33.148205,33.148212,-0.00038058273,33.148212,0.00010059131,217,217,56,0.00250983,0.013673881,4.0090632e-05,0.20290554,0
182,3.0333333,7.02563e-06,33.14782,33.147827,-0.00038426032,33.147827,0.0001006113,216,216,56,0.0024896134,0.013315543,3.9474246e-05,0.20289733,0
183,3.05,6.9106973e-06,33.147438,33.147446,-0.00038233536,33.147446,0.00010062454,216,216,56,0.0024598713,0.0129379835,3.8852544e-05,0.20288917,0
184,3.0666666,6.786664e-06,33.147053,33.14706,-0.0003848383,33.14706,0.00010057849,216,216,56,0.0024173902,0.01237227,3.8147802e-05,0.20288101,0
185,3.0833333,6.4132055e-06,33.146675,33.146683,-0.00037793873,33.146683,0.000100587655,217,217,56,0.0023517217,0.012440102,3.744584e-05,0.20287292,0
186,3.1,6.411682e-06,33.14629,33.146297,-0.0003847158,33.146297,0.00010064559,213,213,55,0.0023435783,0.012112603,3.6785135e-05,0.20286478,0
187,3.1166666,6.3368248e-06,33.145912,33.145916,-0.00038030022,33.145916,0.00010065392,213,213,55,0.0023094516,0.0115541555,3.6119978e-05,0.20285672,0
188,3.1333334,6.000289e-06,33.145527,33.145535,-0.00038322198,33.145535,0.0001006037,213,213,55,0.002251741,0.011691826,3.5595793e-05,0.2028486,0
189,3.15,6.023619e-06,33.145145,33.14515,-0.00038419216,33.14515,0.00010065097,213,213,55,0.0022493654,0.011407059,3.505478e-05,0.20284042,0
190,3.1666667,5.970688e-06,33.14476,33.144768,-0.00038260588,33.144768,0.0001006568,211,211,54,0.0022198365,0.010880735,3.4476794e-05,0.20283233,0
191,3.1833334,5.655285e-06,33.14438,33.144382,-0.00038436463,33.144382,0.00010058409,211,211,54,0.0021659834,0.011041497,3.4009456e-05,0.20282425,0
192,3.2,5.692562e-06,33.143993,33.144,-0.00038268193,33.144,0.00010063039,211,211,54,0.0021668077,0.0107852025,3.352371e-05,0.20281614,0
193,3.2166667,5.654402e-06,33.14361,33.143616,-0.00038491868,33.143616,0.00010061852,209,209,53,0.0021403043,0.010279709,3.302572e-05,0.20280802,0
194,3.2333333,5.623251e-06,33.143227,33.143234,-0.00038225157,33.143234,0.000100619975,208,208,53,0.0021261647,0.010288724,3.2686716e-05,0.2027999,0
195,3.25,5.569916e-06,33.14284,33.14285,-0.0003844351,33.14285,0.000100647296,208,208,53,0.00211778,0.010212452,3.2531698e-05,0.2027918,0
196,3.2666667,5.4831594e-06,33.142456,33.142464,-0.00038646357,33.142464,0.00010058817,208,208,53,0.0021024493,0.010101426,3.2306565e-05,0.20278366,0
197,3.2833333,5.394927e-06,33.142075,33.142082,-0.00038147738,33.142082,0.00010060903,209,209,54,0.0020847504,0.009984155,3.1988904e-05,0.20277558,0
198,3.3,5.3383123e-06,33.141693,33.141697,-0.00038344084,33.141697,0.00010054623,209,209,54,0.0020661207,0.009824891,3.1652595e-05,0.20276757,0
199,3.3166666,5.259831e-06,33.141308,33.14131,-0.00038545777,33.14131,0.00010060137,210,210,54,0.0020457804,0.0096679395,3.1317326e-05,0.20275949,0
200,3.3333333,4.9575488e-06,33.140926,33.14093,-0.00038119266,33.14093,0.00010061307,210,210,54,0.0019863362,0.009640775,3.0833336e-05,0.20275146,0
201,3.35,4.9524665e-06,33.14054,33.14055,-0.00038355554,33.14055,0.00010063913,210,210,54,0.0019807874,0.009477349,3.0267462e-05,0.20274337,0
202,3.3666666,4.930043e-06,33.14016,33.140163,-0.00038257535,33.140163,0.00010056213,210,210,54,0.0019556815,0.0088916095,2.9670657e-05,0.2027353,0
203,3.3833334,4.8127536e-06,33.13978,33.139782,-0.00038100767,33.139782,0.00010064123,209,209,54,0.0019210554,0.008882679,2.9266806e-05,0.20272727,0
204,3.4,4.737101e-06,33.139393,33.1394,-0.0003841249,33.1394,0.000100621306,209,209,54,0.0019210061,0.00905848,2.9000692e-05,0.20271932,0
205,3.4166667,4.734694e-06,33.13901,33.139015,-0.0003845504,33.139015,0.00010063967,209,209,54,0.0019076513,0.0086145485,2.8711105e-05,0.20271125,0
206,3.4333334,4.64164e-06,33.138626,33.138634,-0.000382646,33.138634,0.00010064238,209,209,54,0.0018749202,0.008548577,2.8434986e-05,0.20270322,0
207,3.45,4.6251466e-06,33.138245,33.13825,-0.00038323447,33.13825,0.000100571495,209,209,54,0.0018817873,0.008578123,2.8174294e-05,0.20269516,0
208,3.4666667,4.624094e-06,33.13786,33.137863,-0.00038571283,33.137863,0.00010065228,207,207,53,0.0018578701,0.008242241,2.7887914e-05,0.20268708,0
209,3.4833333,4.520526e-06,33.137474,33.13748,-0.00038332152,33.13748,0.00010059162,210,210,54,0.0018526784,0.008365791,2.7632752e-05,0.20267908,0
210,3.5,4.5206157e-06,33.13709,33.137093,-0.00038587797,33.137093,0.00010056166,210,210,54,0.0018282284,0.008015656,2.7332844e-05,0.20267102,0
211,3.5166667,4.4165013e-06,33.136707,33.13671,-0.0003839871,33.13671,0.000100593345,210,210,54,0.0018227386,0.008140386,2.7080046e-05,0.20266299,0
212,3.5333333,1.581043e-05,33.13618,33.136196,-0.00051347335,33.136196,0.00010087623,211,211,54,0.0024084374,0.042178348,2.9137236e-05,0.20265195,0
213,3.55,2.54418e-05,33.13565,33.135677,-0.0005193923,33.135677,0.000100875775,214,214,55,0.003738399,0.04167794,4.722408e-05,0.20264071,0
214,3.5666666,4.1963194e-05,33.135143,33.135185,-0.0004908891,33.135185,0.00010089519,213,213,55,0.0052486756,0.041333705,7.283842e-05,0.20263004,0
215,3.5833333,6.445953e-05,33.13464,33.134705,-0.00048308537,33.134705,0.00010087422,212,212,55,0.006753788,0.041633066,9.8877645e-05,0.20261933,0
216,3.6,9.2130795e-05,33.134136,33.134228,-0.00047425283,33.134228,0.00010085512,212,212,55,0.008204636,0.042366378,0.00012399771,0.20260853,0
217,3.6166666,0.00012280619,33.133644,33.133766,-0.0004637672,33.133766,0.000100825266,212,212,55,0.009457851,0.044704635,0.00014681116,0.20259786,0
218,3.6333334,0.00015621436,33.133152,33.13331,-0.0004578756,33.13331,0.00010079993,212,212,55,0.010644742,0.0466282,0.00016733125,0.20258732,0
219,3.65,0.00013132756,33.13304,33.13317,-0.00013577893,33.13317,0.00010025496,213,213,55,0.010173759,0.03397368,0.00017936164,0.20258445,0
220,3.6666667,9.033269e-05,33.132893,33.132984,-0.00018813062,33.132984,0.00010023637,213,213,55,0.008518267,0.029258149,0.00015527701,0.20258094,0
221,3.6833334,5.6807097e-05,33.132736,33.132793,-0.00018864158,33.132793,0.000100238736,213,213,55,0.00689836,0.025428906,0.0001281272,0.20257738,0
222,3.7,3.131426e-05,33.132572,33.132603,-0.0001929117,33.132603,0.00010023282,213,213,55,0.005294217,0.02169283,0.000101174475,0.20257379,0
223,3.7166667,1.4332109e-05,33.13239,33.1324,-0.00020036151,33.1324,0.00010039819,213,213,55,0.0037578223,0.017879892,7.478354e-05,0.20257014,0
224,3.7333333,6.978556e-06,33.13219,33.1322,-0.00020270328,33.1322,0.000100389785,213,213,55,0.0026494947,0.01327328,5.1830353e-05,0.20256628,0
225,3.75,3.972289e-06,33.13199,33.131992,-0.0002053387,33.131992,0.000100401834,213,213,55,0.001987794,0.010104424,3.7739253e-05,0.20256224,0
226,3.7666667,2.4680385e-06,33.131786,33.13179,-0.00020367042,33.13179,0.00010027327,213,213,55,0.0015425009,0.007671794,2.8349368e-05,0.20255819,0
227,3.7833333,1.8951364e-06,33.131584,33.131588,-0.00020190781,33.131588,0.00010032808,213,213,55,0.0013165443,0.0062622037,2.264748e-05,0.20255412,0
228,3.8,2.0200791e-06,33.131374,33.131374,-0.00021334658,33.131374,0.00010033889,213,213,55,0.0013345721,0.005885616,2.0899606e-05,0.20254995,0
229,3.8166666,1.9199294e-06,33.131165,33.13117,-0.00020808526,33.13117,0.00010030681,213,213,55,0.0013200912,0.006135074,2.1012063e-05,0.20254579,0
230,3.8333333,1.7994171e-06,33.130955,33.13096,-0.00020810562,33.13096,0.00010032906,213,213,55,0.0012799267,0.005977198,2.0696312e-05,0.20254163,0
231,3.85,1.8484194e-06,33.13074,33.130745,-0.0002142538,33.130745,0.00010029417,213,213,55,0.0012785511,0.0056632115,2.0415257e-05,0.20253742,0
232,3.8666666,1.7131189e-06,33.13054,33.13054,-0.00020529407,33.13054,0.00010026027,213,213,55,0.0012485966,0.005842558,2.0216521e-05,0.20253333,0
233,3.8833334,1.7875129e-06,33.130325,33.13033,-0.00021023829,33.13033,0.000100366655,213,213,55,0.001260991,0.0055563916,1.9870342e-05,0.20252918,0
234,3.9,1.8183182e-06,33.130116,33.13012,-0.00020945059,33.13012,0.00010034175,213,213,55,0.0012825787,0.0060970634,2.0097275e-05,0.20252506,0
235,3.9166667,1.7929725e-06,33.129898,33.1299,-0.0002178195,33.1299,0.000100332596,213,213,55,0.0012627224,0.0056160823,1.9956604e-05,0.20252077,0
236,3.9333334,1.602998e-06,33.12969,33.129692,-0.00021000388,33.129692,0.00010028954,213,213,55,0.001214688,0.0057056337,2.0029114e-05,0.2025166,0
237,3.95,1.6759575e-06,33.129475,33.12948,-0.00021323231,33.12948,0.00010036112,213,213,55,0.0012287429,0.0056841653,1.97701e-05,0.20251244,0
238,3.9666667,1.6352323e-06,33.12927,33.12927,-0.00020902336,33.12927,0.000100332945,213,213,55,0.0012308009,0.005908783,1.9890924e-05,0.20250826,0
239,3.9833333,1.6240753e-06,33.129055,33.12906,-0.00021198638,33.12906,0.00010030154,213,213,55,0.0012189007,0.0058204015,1.9490923e-05,0.20250407,0
240,4,6.8187333e-06,33.12883,33.128834,-0.00022174352,33.128834,0.00010036936,213,213,55,0.0019865413,0.031060534,2.2387429e-05,0.20249964,0
241,4.016667,1.5147924e-05,33.128616,33.12863,-0.00020464357,33.12863,0.000100377525,213,213,55,0.0035982556,0.032179043,4.632601e-05,0.20249555,0
242,4.0333333,2.5574798e-05,33.128407,33.128433,-0.00019888827,33.128433,0.00010036341,213,213,55,0.004953057,0.04303824,7.2258714e-05,0.20249148,0
243,4.05,2.897033e-05,33.128384,33.12841,-1.9880179e-05,33.12841,0.00010018345,213,213,55,0.00517476,0.032260716,8.3193765e-05,0.20249124,0
244,4.0666666,3.6188707e-05,33.12838,33.128414,2.8957454e-06,33.128414,0.000100201934,214,214,55,0.0059212144,0.034721814,9.288787e-05,0.2024913,0
245,4.0833335,4.4057815e-05,33.128387,33.12843,1.5683096e-05,33.12843,0.000100275094,214,214,55,0.006584582,0.036062863,0.00010444002,0.20249161,0
246,4.1,5.1716746e-05,33.1284,33.12845,1.8964278e-05,33.12845,0.00010020066,214,214,55,0.0071958154,0.037945833,0.00011516357,0.20249206,0
247,4.116667,5.8149722e-05,33.12841,33.12847,2.0730913e-05,33.12847,0.00010026653,214,214,55,0.007653473,0.03814501,0.00012395829,0.20249254,0
248,4.133333,6.375437e-05,33.12842,33.128487,1.6577484e-05,33.128487,0.00010025185,213,213,55,0.008012027,0.038021207,0.0001307594,0.20249307,0
249,4.15,6.956319e-05,33.12844,33.128513,2.5260664e-05,33.128513,0.00010023244,216,216,56,0.00832719,0.03784139,0.00013612548,0.20249386,0
250,4.1666665,7.522186e-05,33.128456,33.12853,1.8460314e-05,33.12853,0.000100218975,216,216,56,0.008632273,0.03830483,0.0001414624,0.20249465,0
251,4.1833334,7.98626e-05,33.128468,33.128548,1.6943615e-05,33.128548,0.00010027479,216,216,56,0.008873787,0.038740706,0.00014602483,0.2024954,0
252,4.2,4.1246934e-05,33.128468,33.12851,-3.9280687e-05,33.12851,0.00010021905,216,216,56,0.005915026,0.023188105,0.00013158485,0.20249552,0
253,4.2166667,1.2219585e-05,33.128414,33.128426,-8.339276e-05,33.128426,0.00010025829,216,216,56,0.0030483706,0.008993235,6.974795e-05,0.20249443,0
254,4.233333,1.5710232e-06,33.12834,33.128345,-8.097446e-05,33.128345,0.00010019451,216,216,56,0.0011167035,0.0037200327,3.2496035e-05,0.20249283,0
255,4.25,1.6281267e-07,33.128265,33.128265,-7.688802e-05,33.128265,0.00010012551,216,216,56,0.00033106862,0.0019709535,1.0549917e-05,0.2024912,0
256,4.266667,9.809264e-08,33.128197,33.128197,-7.172066e-05,33.128197,0.00010023315,216,216,56,0.00017589856,0.00255686,2.7934832e-06,0.20248957,0
257,4.2833333,1.0074641e-07,33.128128,33.128128,-6.616687e-05,33.128128,0.000100250196,216,216,56,0.00019042197,0.0021458268,2.5705074e-06,0.20248802,0
258,4.3,1.8132039e-07,33.128063,33.128063,-6.575644e-05,33.128063,0.00010017017,216,216,56,0.00024846164,0.0021566623,2.8968848e-06,0.20248644,0
259,4.3166666,2.1265636e-07,33.128006,33.128006,-5.716041e-05,33.128006,0.00010019358,216,216,56,0.00032380174,0.0021821265,3.845049e-06,0.20248501,0
260,4.3333335,1.5892995e-07,33.127945,33.127945,-6.206687e-05,33.127945,0.000100186786,216,216,56,0.00029207952,0.0016062497,4.9476384e-06,0.20248333,0
261,4.35,2.883693e-07,33.12787,33.127872,-7.335531e-05,33.127872,0.00010015327,216,216,56,0.00036337395,0.0025253105,4.636951e-06,0.20248157,0
262,4.366667,2.8853208e-07,33.127804,33.127804,-6.550434e-05,33.127804,0.00010019109,216,216,56,0.00038521556,0.0017594345,5.2912524e-06,0.20248002,0
263,4.383333,3.0523347e-07,33.12774,33.12774,-6.731661e-05,33.12774,0.00010012812,216,216,56,0.00042210383,0.0022542854,6.228067e-06,0.2024784,0
264,4.4,2.678645e-07,33.12767,33.12767,-6.8534464e-05,33.12767,0.00010013788,216,216,56,0.00034806106,0.0016865444,5.8273517e-06,0.20247678,0
265,4.4166665,2.244724e-07,33.127605,33.127605,-6.205654e-05,33.127605,0.00010016099,216,216,56,0.00033045252,0.0021173775,5.4747115e-06,0.20247525,0
266,4.4333334,2.5440218e-07,33.127544,33.127544,-6.198321e-05,33.127544,0.00010020297,216,216,56,0.00034392168,0.0014925747,5.794581e-06,0.20247371,0
267,4.45,1.7340659e-07,33.127483,33.127483,-6.0265334e-05,33.127483,0.000100247074,216,216,56,0.0003282019,0.0014945932,5.3747876e-06,0.20247217,0
268,4.4666667,1.8937584e-07,33.127422,33.127422,-6.149841e-05,33.127422,0.00010021689,216,216,56,0.0002866189,0.0024500017,4.3007935e-06,0.20247059,0
269,4.483333,9.910748e-08,33.127365,33.127365,-6.0108352e-05,33.127365,0.00010020479,216,216,56,0.00022799835,0.0015782913,3.7530979e-06,0.20246887,0
270,4.5,1.2485708e-07,33.127293,33.127293,-7.2461466e-05,33.127293,0.000100197285,216,216,56,0.00021962244,0.002315458,3.0614524e-06,0.20246705,0
271,4.516667,1.18881246e-07,33.12723,33.12723,-6.0855335e-05,33.12723,0.000100125944,216,216,56,0.00023352426,0.0016080701,2.90179e-06,0.2024656,0
272,4.5333333,1.0910495e-07,33.12716,33.12716,-7.033568e-05,33.12716,0.000100216756,216,216,56,0.00021019139,0.0023246198,2.8823815e-06,0.20246388,0
273,4.55,1.1896534e-07,33.1271,33.1271,-5.9343205e-05,33.1271,0.00010029616,216,216,56,0.00027742493,0.0019326683,3.350028e-06,0.2024624,0
274,4.5666666,1.8194808e-07,33.127037,33.127037,-6.228267e-05,33.127037,0.00010011809,216,216,56,0.00026811194,0.0017795557,3.5191595e-06,0.20246096,0
275,4.5833335,1.4605656e-07,33.126976,33.126976,-6.3046566e-05,33.126976,0.00010016562,216,216,56,0.00022796118,0.0020171467,3.6195333e-06,0.20245945,0
276,4.6,2.5015865e-07,33.126907,33.126907,-6.6564186e-05,33.126907,0.00010021821,216,216,56,0.00035341957,0.0012652712,3.880954e-06,0.20245795,0
277,4.616667,1.5350813e-07,33.126842,33.126842,-6.460362e-05,33.126842,0.00010019815,216,216,56,0.0002508767,0.0023067729,4.0926952e-06,0.20245625,0
278,4.633333,2.137691e-07,33.126743,33.126743,-0.000101189085,33.126743,0.00010018295,217,217,56,0.00030041556,0.002141521,3.9688953e-06,0.202454,0
279,4.65,3.506232e-07,33.126614,33.126614,-0.00013020713,33.126614,0.000100306286,217,217,56,0.00038960026,0.0020815108,4.0932255e-06,0.2024512,0
280,4.6666665,2.6057427e-07,33.126476,33.126476,-0.00013575419,33.126476,0.000100168334,215,215,55,0.00037111662,0.0017697873,4.25562e-06,0.20244828,0
281,4.6833334,2.68043e-07,33.12634,33.12634,-0.00013615545,33.12634,0.00010028402,215,215,55,0.000383575,0.0015951623,4.694141e-06,0.20244534,0
282,4.7,2.6268754e-07,33.126198,33.126198,-0.00014132218,33.126198,0.00010017627,215,215,55,0.0003556529,0.0016365785,4.8055576e-06,0.2024424,0
283,4.7166667,2.3840649e-07,33.126045,33.126045,-0.0001528127,33.126045,0.00010026798,215,215,55,0.0003686344,0.0019211823,4.971415e-06,0.20243922,0
284,4.733333,3.1243587e-07,33.125916,33.125916,-0.00013209876,33.125916,0.00010019458,215,215,55,0.00039977842,0.0020835048,4.852837e-06,0.20243631,0
285,4.75,3.071051e-07,33.12577,33.12577,-0.00014248594,33.12577,0.00010021823,215,215,55,0.00039603468,0.0019725228,4.6387445e-06,0.20243353,0
286,4.766667,2.716282e-07,33.125637,33.125637,-0.00013303955,33.125637,0.000100193865,215,215,55,0.0003867,0.0019040831,5.003193e-06,0.20243087,0
287,4.7833333,3.266497e-07,33.125526,33.125526,-0.00011133588,33.125526,0.00010024989,215,215,55,0.0003913066,0.002074883,4.8792144e-06,0.20242843,0
288,4.8,2.9136837e-07,33.125427,33.125427,-0.0001006196,33.125427,0.000100254045,215,215,55,0.00038378185,0.0016961001,4.8021266e-06,0.20242615,0
289,4.8166666,2.1837519e-07,33.12532,33.125324,-0.00010431493,33.125324,0.000100208825,215,215,55,0.00035623528,0.0022502623,4.478114e-06,0.20242381,0
290,4.8333335,3.03771e-07,33.12522,33.12522,-9.95014e-05,33.12522,0.00010022443,215,215,55,0.0003938407,0.001258042,4.137801e-06,0.20242147,0
291,4.85,1.7513221e-07,33.125126,33.125126,-9.589156e-05,33.125126,0.000100221885,215,215,55,0.00033217776,0.0021997844,4.16521e-06,0.20241927,0
292,4.866667,3.1735357e-07,33.125023,33.125023,-0.00010310218,33.125023,0.00010027942,215,215,55,0.0003906083,0.0024700589,3.879703e-06,0.20241693,0
293,4.883333,2.4511394e-07,33.12493,33.12493,-9.20113e-05,33.12493,0.000100218065,215,215,55,0.00034860807,0.0013985565,3.890687e-06,0.20241477,0
294,4.9,2.1138779e-07,33.12484,33.12484,-9.0642745e-05,33.12484,0.00010020703,215,215,55,0.00032626028,0.001459627,3.9881406e-06,0.20241266,0
295,4.9166665,1.8269616e-07,33.124756,33.124756,-8.7146356e-05,33.124756,0.00010022488,215,215,55,0.00031890173,0.0013849345,3.9948254e-06,0.20241058,0
296,4.9333334,2.4592543e-07,33.124657,33.124657,-9.8526034e-05,33.124657,0.00010024314,215,215,55,0.00034789013,0.0022253043,3.9227057e-06,0.2024083,0
297,4.95,2.066836e-07,33.12457,33.12457,-8.599312e-05,33.12457,0.00010027593,215,215,55,0.00033137534,0.001574861,3.7576344e-06,0.20240632,0
298,4.9666667,1.9561956e-07,33.124477,33.124477,-9.311391e-05,33.124477,0.00010030222,215,215,55,0.00032132203,0.0019652327,3.9010697e-06,0.2024042,0
299,4.983333,3.0930138e-07,33.12438,33.12438,-9.697928e-05,33.12438,0.000100255565,215,215,55,0.00038616243,0.0015171884,3.938158e-06,0.20240203,0
300,5,1.8938785e-07,33.124287,33.124287,-9.156021e-05,33.124287,0.000100214325,215,215,55,0.00031517833,0.001659081,4.045081e-06,0.20239988,0
301,5.016667,2.1007813e-07,33.12419,33.12419,-9.491096e-05,33.12419,0.00010019824,215,215,55,0.00031758784,0.0018045944,3.6254228e-06,0.20239775,0
302,5.0333333,2.3900873e-07,33.1241,33.1241,-9.2076385e-05,33.1241,0.00010019559,214,214,55,0.00032842564,0.0012238566,3.3528836e-06,0.20239563,0
303,5.05,1.7727406e-07,33.124004,33.124004,-9.5658404e-05,33.124004,0.000100210775,214,214,55,0.000295332,0.0016426526,3.5044884e-06,0.20239353,0
304,5.0666666,1.9216459e-07,33.123913,33.123913,-9.258919e-05,33.123913,0.00010021451,214,214,55,0.0003095484,0.0017017554,3.6258605e-06,0.2023914,0
305,5.0833335,2.0595698e-07,33.123817,33.123817,-9.558288e-05,33.123817,0.00010025189,214,214,55,0.0003229327,0.0014153608,3.5381863e-06,0.20238927,0
306,5.1,2.0367554e-07,33.123722,33.123722,-9.39364e-05,33.123722,0.00010027766,214,214,55,0.0003161227,0.0014123631,3.7903021e-06,0.20238714,0
307,5.116667,2.0143811e-07,33.123623,33.123623,-0.000101750345,33.123623,0.00010027233,214,214,55,0.00031025807,0.0020288453,3.998517e-06,0.20238487,0
308,5.133333,2.2536022e-07,33.12353,33.12353,-8.9088804e-05,33.12353,0.000100231635,214,214,55,0.00034262083,0.0015325438,3.9358997e-06,0.20238288,0
309,5.15,2.2312139e-07,33.12343,33.12343,-0.0001034129,33.12343,0.00010025471,214,214,55,0.0003428566,0.0013402093,4.0787827e-06,0.20238058,0
310,5.1666665,2.3424293e-07,33.123337,33.123337,-9.2260445e-05,33.123337,0.00010031129,214,214,55,0.00033564583,0.0013150561,4.2534784e-06,0.20237839,0
311,5.1833334,2.7857345e-07,33.12324,33.12324,-9.405604e-05,33.12324,0.00010019556,214,214,55,0.00036812344,0.0010614705,4.1975422e-06,0.20237625,0
312,5.2,1.507169e-07,33.12315,33.12315,-9.256568e-05,33.12315,0.00010024613,214,214,55,0.00026946,0.002124666,3.6238698e-06,0.20237416,0
313,5.2166667,1.7745708e-07,33.123055,33.123055,-9.490491e-05,33.123055,0.00010022625,214,214,55,0.00029173453,0.0022165899,3.2575501e-06,0.20237203,0
314,5.233333,1.6935248e-07,33.122963,33.122963,-9.128214e-05,33.122963,0.00010023251,214,214,55,0.00028644086,0.002144165,3.5362655e-06,0.20236999,0
315,5.25,1.9167143e-07,33.122868,33.122868,-9.5906864e-05,33.122868,0.00010019553,214,214,55,0.00031456386,0.0017146114,3.6650597e-06,0.20236795,0
316,5.266667,2.3977785e-07,33.122776,33.122776,-9.1225935e-05,33.122776,0.000100195415,214,214,55,0.00034553834,0.0019715584,3.4856764e-06,0.20236582,0
317,5.2833333,2.0644421e-07,33.12268,33.12268,-9.612877e-05,33.12268,0.00010019723,214,214,55,0.00031296464,0.0019778826,3.5850126e-06,0.2023637,0
318,5.3,1.936297e-07,33.122585,33.122585,-9.427944e-05,33.122585,0.000100284175,214,214,55,0.0003042002,0.0017901179,3.6367119e-06,0.20236151,0
319,5.3166666,2.2834179e-07,33.122498,33.122498,-8.974303e-05,33.122498,0.000100276724,214,214,55,0.00033246898,0.0015668327,3.7756843e-06,0.20235942,0
320,5.3333335,2.2040369e-07,33.1224,33.1224,-9.942848e-05,33.1224,0.00010026613,214,214,55,0.00032594422,0.001882079,3.7695452e-06,0.20235719,0
321,5.35,2.2745577e-07,33.122307,33.122307,-9.01032e-05,33.122307,0.00010028287,214,214,55,0.0003237067,0.0013709394,3.6194733e-06,0.20235513,0
322,5.366667,2.1275508e-07,33.122215,33.122215,-9.361631e-05,33.122215,0.000100207726,214,214,55,0.00032814287,0.0012086929,3.7420855e-06,0.20235297,0
323,5.383333,2.713599e-07,33.12212,33.12212,-9.4873045e-05,33.12212,0.00010019541,214,214,55,0.00035602428,0.001397024,3.7715524e-06,0.20235081,0
324,5.4,2.0312258e-07,33.12203,33.12203,-9.1841044e-05,33.12203,0.0001002725,214,214,55,0.0003198822,0.001538778,3.3577533e-06,0.20234872,0
325,5.4166665,1.6571566e-07,33.121933,33.121933,-9.496906e-05,33.121933,0.00010025509,214,214,55,0.00029630255,0.0018881273,3.3980914e-06,0.20234653,0
326,5.4333334,1.7387487e-07,33.12183,33.12183,-0.00010074242,33.12183,0.00010032885,214,214,55,0.0002996906,0.0018073902,3.507528e-06,0.20234427,0
327,5.45,2.6632765e-07,33.121735,33.121735,-9.633549e-05,33.121735,0.00010023039,214,214,55,0.00035657242,0.0014023622,3.4146647e-06,0.20234203,0
328,5.4666667,2.137936e-07,33.12165,33.12165,-8.56739e-05,33.12165,0.000100156474,214,214,55,0.00030535887,0.0018624444,3.1927032e-06,0.20234008,0
329,5.483333,1.7398368e-07,33.12157,33.12157,-7.768093e-05,33.12157,0.0001002083,214,214,55,0.00025134263,0.0012683521,3.1673087e-06,0.20233828,0
330,5.5,1.00434974e-07,33.12148,33.12148,-9.400767e-05,33.12148,0.00010024498,214,214,55,0.00020139315,0.0021736203,3.435052e-06,0.20233624,0
331,5.516667,1.6300383e-07,33.121395,33.121395,-8.206744e-05,33.121395,0.0001002849,214,214,55,0.0002850669,0.0015416514,3.2458695e-06,0.2023343,0
332,5.5333333,1.9522766e-07,33.121307,33.121307,-8.642042e-05,33.121307,0.000100229794,214,214,55,0.0002981952,0.0013536663,3.153178e-06,0.20233236,0
333,5.55,1.9120598e-07,33.121212,33.121216,-9.4935676e-05,33.121216,0.000100256024,214,214,55,0.00029091793,0.0021166976,3.4072127e-06,0.20233029,0
334,5.5666666,1.9015627e-07,33.121124,33.121124,-9.01113e-05,33.121124,0.00010015818,214,214,55,0.00029961835,0.0017991337,3.1956329e-06,0.20232826,0
335,5.5833335,1.901917e-07,33.12104,33.12104,-8.528882e-05,33.12104,0.00010025506,214,214,55,0.00029749097,0.0020951494,2.9007588e-06,0.20232637,0
336,5.6,1.8768874e-07,33.120953,33.120953,-8.4626336e-05,33.120953,0.00010019364,214,214,55,0.0002942188,0.0020622853,2.86991e-06,0.20232442,0
337,5.616667,1.9001848e-07,33.12087,33.12087,-8.362398e-05,33.12087,0.000100165606,214,214,55,0.00030092444,0.0018736941,2.721524e-06,0.20232253,0
338,5.633333,2.1597184e-07,33.120777,33.120777,-9.49057e-05,33.120777,0.00010027696,214,214,55,0.00031501244,0.0017044144,2.8666364e-06,0.2023204,0
339,5.65,2.2229715e-07,33.12069,33.12069,-8.7610104e-05,33.12069,0.00010025022,214,214,55,0.00033128497,0.0010824812,2.8809502e-06,0.20231844,0
340,5.6666665,1.94745e-07,33.120605,33.120605,-8.132629e-05,33.120605,0.000100212805,214,214,55,0.00030548542,0.0013264316,2.8752806e-06,0.2023165,0
341,5.6833334,1.6206025e-07,33.120518,33.120518,-8.8646644e-05,33.120518,0.00010018107,214,214,55,0.0002708383,0.0012960715,3.0538629e-06,0.20231454,0
342,5.7,2.3372321e-07,33.12043,33.12043,-8.771102e-05,33.12043,0.00010019542,217,217,56,0.00032208982,0.0015821789,3.0279364e-06,0.20231257,0
343,5.7166667,1.5986211e-07,33.120342,33.120342,-8.9186586e-05,33.120342,0.00010022316,217,217,56,0.0002733054,0.0011845626,2.9922005e-06,0.20231055,0
344,5.733333,1.7487375e-07,33.120255,33.120255,-8.760142e-05,33.120255,0.00010030957,217,217,56,0.00029080722,0.0015046634,2.975981e-06,0.20230854,0
345,5.75,1.1042255e-07,33.120163,33.120163,-8.867841e-05,33.120163,0.00010019323,217,217,56,0.00021675031,0.0018556545,2.8314864e-06,0.20230655,0
346,5.766667,2.4635617e-07,33.12007,33.12007,-9.180313e-05,33.12007,0.00010022831,217,217,56,0.0003375428,0.0012954349,3.1510522e-06,0.20230448,0
347,5.7833333,1.6827849e-07,33.119995,33.12,-7.5724136e-05,33.12,0.0001002909,217,217,56,0.0002783079,0.0016396324,3.1756813e-06,0.20230265,0
348,5.8,2.1138536e-07,33.119904,33.119904,-9.289348e-05,33.119904,0.000100240984,217,217,56,0.0003133676,0.0012359426,2.9967475e-06,0.20230061,0
349,5.8166666,2.56152e-07,33.119823,33.119823,-8.108771e-05,33.119823,0.0001001971,217,217,56,0.0003428686,0.0012244461,2.928869e-06,0.20229873,0
350,5.8333335,1.8669857e-07,33.119736,33.119736,-8.918218e-05,33.119736,0.00010026421,217,217,56,0.00029089185,0.0019194315,3.1659868e-06,0.20229676,0
351,5.85,2.6711882e-07,33.119656,33.119656,-7.9555764e-05,33.119656,0.000100165606,217,217,56,0.00035534613,0.0018223701,2.8565883e-06,0.20229481,0
352,5.866667,1.4748169e-07,33.119564,33.119564,-9.089491e-05,33.119564,0.00010019542,217,217,56,0.00027417668,0.0018374268,3.016767e-06,0.20229284,0
353,5.883333,1.3166884e-07,33.11948,33.11948,-8.4473395e-05,33.11948,0.0001002412,217,217,56,0.00025383645,0.0013464225,2.9669359e-06,0.20229088,0
354,5.9,1.7757392e-07,33.11939,33.11939,-9.1893155e-05,33.11939,0.00010020785,217,217,56,0.0002870326,0.0019110715,3.0666774e-06,0.2022888,0
355,5.9166665,1.3826272e-07,33.1193,33.1193,-8.599319e-05,33.1193,0.00010023927,217,217,56,0.00025703423,0.0016396784,2.980313e-06,0.20228682,0
356,5.9333334,1.3140922e-07,33.11922,33.11922,-7.9809295e-05,33.11922,0.000100152414,217,217,56,0.00023853252,0.0010348257,2.7430863e-06,0.20228498,0
357,5.95,2.1174004e-07,33.119137,33.119137,-8.520853e-05,33.119137,0.000100272155,217,217,56,0.00031401965,0.0010970612,2.6645328e-06,0.20228302,0
358,5.9666667,1.8344792e-07,33.119045,33.119045,-9.03048e-05,33.119045,0.000100247016,217,217,56,0.00027078248,0.0024824739,2.8169807e-06,0.20228101,0
359,5.983333,2.0870918e-07,33.118958,33.118958,-8.9918736e-05,33.118958,0.00010019539,217,217,56,0.0003100103,0.0014041382,2.8936265e-06,0.20227903,0
360,6,1.3860702e-07,33.11889,33.11889,-6.657213e-05,33.11889,0.000100228914,217,217,56,0.0002393542,0.0021184837,2.6792097e-06,0.20227751,0
361,6.016667,1.5517263e-07,33.118847,33.118847,-4.4207285e-05,33.118847,0.000100263416,217,217,56,0.0002600585,0.002131235,2.5160289e-06,0.20227635,0
362,6.0333333,1.2282419e-07,33.1188,33.1188,-4.292616e-05,33.1188,0.0001002372,216,216,56,0.00023617301,0.0020429795,2.6894513e-06,0.20227525,0
363,6.05,9.5910224e-08,33.11876,33.11876,-4.1590683e-05,33.11876,0.00010026942,216,216,56,0.0001874265,0.0018206127,2.3594623e-06,0.2022742,0
364,6.0666666,1.5559473e-07,33.118713,33.118713,-4.6657995e-05,33.118713,0.00010021973,216,216,56,0.00026091078,0.0010209407,1.9283416e-06,0.202273,0
365,6.0833335,8.018383e-08,33.118668,33.118668,-4.5463046e-05,33.118668,0.00010023169,216,216,56,0.0001709544,0.0016346656,1.8619475e-06,0.20227182,0
366,6.1,2.0996596e-07,33.11862,33.11862,-4.7917936e-05,33.11862,0.00010025617,216,216,56,0.00030035287,0.0011995401,2.0198331e-06,0.20227058,0
367,6.116667,8.661059e-08,33.118584,33.118584,-3.719824e-05,33.118584,0.00010024773,216,216,56,0.00018984723,0.0010527808,1.927514e-06,0.20226955,0
368,6.133333,1.7588853e-07,33.11853,33.11853,-5.1283543e-05,33.11853,0.00010025729,216,216,56,0.00028867062,0.0015674158,1.8501977e-06,0.20226823,0
369,6.15,1.4936823e-07,33.118484,33.11849,-4.5746667e-05,33.11849,0.00010029135,216,216,56,0.00025116114,0.0015453724,1.7696119e-06,0.20226705,0
370,6.1666665,2.3761478e-07,33.118443,33.118446,-4.1808034e-05,33.118446,0.00010023664,216,216,56,0.0003506844,0.0016382593,1.9850804e-06,0.20226589,0
371,6.1833334,1.2599784e-07,33.118412,33.118412,-3.1035062e-05,33.118412,0.00010024945,216,216,56,0.00024084485,0.0020347305,2.3847576e-06,0.202265,0
372,6.2,1.4843509e-07,33.118374,33.118374,-3.938002e-05,33.118374,0.00010020187,216,216,56,0.00025752746,0.0014288304,1.8094566e-06,0.20226385,0
373,6.2166667,1.2814111e-07,33.118336,33.118336,-3.8258964e-05,33.118336,0.00010027685,216,216,56,0.0002205787,0.001587297,1.6812536e-06,0.20226277,0
374,6.233333,1.4139844e-07,33.11829,33.11829,-4.7203186e-05,33.11829,0.000100266,216,216,56,0.0002474539,0.0020097154,1.8278109e-06,0.20226152,0
375,6.25,2.0852123e-07,33.118256,33.118256,-3.335015e-05,33.118256,0.00010015902,216,216,56,0.00031037233,0.0010988341,1.6475144e-06,0.20226061,0
376,6.266667,1.5165031e-07,33.118214,33.118214,-4.02906e-05,33.118214,0.00010019559,216,216,56,0.000265391,0.0014355304,1.9298852e-06,0.20225942,0
377,6.2833333,2.0602124e-07,33.11817,33.11817,-4.1841908e-05,33.11817,0.00010019559,216,216,56,0.0003043432,0.0013456966,1.6658439e-06,0.20225832,0
378,6.3,7.0606035e-08,33.118137,33.118137,-3.5547746e-05,33.118137,0.00010021711,216,216,56,0.0001609772,0.002012898,2.0179284e-06,0.20225738,0
379,6.3166666,2.3053884e-07,33.118095,33.118095,-4.1403837e-05,33.118095,0.00010026247,212,212,54,0.0003222978,0.0024963177,1.8489866e-06,0.20225625,0
380,6.3333335,1.4583063e-07,33.118057,33.118057,-4.0152183e-05,33.118057,0.00010022755,212,212,54,0.0002818615,0.0017586671,2.202511e-06,0.20225519,0
381,6.35,1.9177641e-07,33.11802,33.11802,-3.7693957e-05,33.11802,0.00010021977,212,212,54,0.0003025466,0.0015643341,2.4972103e-06,0.20225413,0
382,6.366667,1.17425984e-07,33.117985,33.117985,-3.415664e-05,33.117985,0.00010019764,212,212,54,0.00020176938,0.00293418,1.6661944e-06,0.20225313,0
383,6.383333,1.16906214e-07,33.11794,33.11794,-4.4224373e-05,33.11794,0.000100178106,212,212,54,0.00023607975,0.0018874999,1.7813718e-06,0.20225197,0
384,6.4,2.4579805e-07,33.117905,33.117905,-3.6114714e-05,33.117905,0.00010019541,212,212,54,0.00033846765,0.0017843775,1.8010769e-06,0.2022509,0
385,6.4166665,1.4582943e-07,33.11786,33.11786,-4.4157565e-05,33.11786,0.000100246805,212,212,54,0.0002573397,0.0014930932,1.6626599e-06,0.20224978,0
386,6.4333334,1.1471811e-07,33.11783,33.11783,-3.3115874e-05,33.11783,0.00010027413,212,212,54,0.00021042592,0.0015389927,1.890328e-06,0.20224884,0
387,6.45,1.6156979e-07,33.117783,33.117783,-4.5008273e-05,33.117783,0.00010021053,212,212,54,0.00028415697,0.0016411563,1.804549e-06,0.2022476,0
388,6.4666667,1.6452856e-07,33.11774,33.11774,-4.1394556e-05,33.11774,0.00010026069,212,212,54,0.0002890867,0.0019315447,2.3190812e-06,0.20224646,0
389,6.483333,1.6705283e-07,33.1177,33.1177,-4.106248e-05,33.1177,0.00010019556,212,212,54,0.0002751948,0.0016883354,2.2800596e-06,0.20224534,0
390,6.5,9.018331e-08,33.11767,33.11767,-3.1166568e-05,33.11767,0.00010019556,212,212,54,0.00020180283,0.0020052774,1.4741605e-06,0.20224437,0
391,6.516667,5.8854333e-08,33.11762,33.11762,-4.758028e-05,33.11762,0.000100261146,212,212,54,0.00015783808,0.0015028297,1.659439e-06,0.20224315,0
392,6.5333333,8.6824386e-08,33.117584,33.117584,-3.7545677e-05,33.117584,0.00010028377,212,212,54,0.0002043575,0.0016169467,1.933221e-06,0.20224208,0
393,6.55,1.2047421e-07,33.11755,33.11755,-3.3549877e-05,33.11755,0.00010016834,212,212,54,0.00025240262,0.0015382583,2.34551e-06,0.20224118,0
394,6.5666666,5.5688222e-08,33.117508,33.117508,-4.1462303e-05,33.117508,0.0001002699,212,212,54,0.00017158176,0.0019075247,2.6501832e-06,0.20224,0
395,6.5833335,7.433806e-08,33.117477,33.117477,-3.1569816e-05,33.117477,0.00010019556,212,212,54,0.00021557177,0.0017593381,2.2325082e-06,0.20223914,0
396,6.6,6.759601e-08,33.11743,33.11743,-4.539438e-05,33.11743,0.00010026039,212,212,54,0.00020645375,0.002147886,2.5334966e-06,0.20223796,0
397,6.616667,1.220953e-07,33.1174,33.1174,-3.0203926e-05,33.1174,0.000100266756,212,212,54,0.00024625927,0.0013181223,2.5564316e-06,0.20223707,0
398,6.633333,9.532824e-08,33.11736,33.11736,-4.009424e-05,33.11736,0.00010022946,212,212,54,0.00020179269,0.0016169185,1.6269522e-06,0.20223595,0
399,6.65,7.759368e-08,33.11732,33.11732,-3.8256403e-05,33.11732,0.00010025943,212,212,54,0.00014901104,0.0023237988,1.6509385e-06,0.20223488,0
400,6.6666665,1.2892801e-07,33.11728,33.11728,-4.450503e-05,33.11728,0.000100235935,212,212,54,0.00024929614,0.0016023935,1.6974502e-06,0.20223378,0
401,6.6833334,4.774458e-08,33.117237,33.117237,-3.948364e-05,33.117237,0.00010024592,212,212,54,0.000121927114,0.0018257347,1.7630168e-06,0.20223266,0
402,6.7,6.094018e-08,33.11721,33.11721,-2.7917658e-05,33.11721,0.000100234625,212,212,54,0.00016945392,0.0019859856,1.6165761e-06,0.20223188,0
403,6.7166667,6.763046e-08,33.117176,33.117176,-3.607066e-05,33.117176,0.00010020573,212,212,54,0.00017698364,0.0021124468,1.999012e-06,0.20223083,0
404,6.733333,1.0748504e-07,33.11713,33.117134,-4.2188934e-05,33.117134,0.00010026279,212,212,54,0.00021465536,0.0018507963,1.5967207e-06,0.2022297,0
405,6.75,7.3194165e-08,33.117096,33.117096,-3.6444155e-05,33.117096,0.000100237216,212,212,54,0.00017477392,0.0014973952,1.6838505e-06,0.20222867,0
406,6.766667,1.2113394e-07,33.117058,33.117058,-3.7691963e-05,33.117058,0.00010023993,212,212,54,0.00023803547,0.0017383988,1.7402591e-06,0.2022277,0
407,6.7833333,2.0930351e-07,33.117023,33.117027,-3.266408e-05,33.117027,0.00010024795,212,212,54,0.00030543475,0.00094750384,1.7141277e-06,0.20222682,0
408,6.8,7.06572e-08,33.116978,33.116978,-4.735509e-05,33.116978,0.00010026479,212,212,54,0.00015770378,0.00096186437,2.0535892e-06,0.20222563,0
409,6.8166666,1.4336827e-07,33.116932,33.116932,-4.448365e-05,33.116932,0.000100208716,212,212,54,0.0002465819,0.0016100707,2.0818072e-06,0.20222443,0
410,6.8333335,2.543338e-07,33.116894,33.116898,-3.7795195e-05,33.116898,0.00010026543,212,212,54,0.00033582005,0.0014398969,2.240216e-06,0.20222336,0
411,6.85,1.235041e-07,33.11685,33.11685,-4.3855915e-05,33.11685,0.00010025513,212,212,54,0.00022420715,0.0017595841,2.2391125e-06,0.20222221,0
412,6.866667,1.3337394e-07,33.11682,33.11682,-2.9251025e-05,33.11682,0.00010025513,212,212,54,0.0002390088,0.0014791731,1.8091541e-06,0.20222135,0
413,6.883333,5.289281e-08,33.11678,33.11678,-4.4969354e-05,33.11678,0.00010020363,212,212,54,0.00013808403,0.0022672708,1.869639e-06,0.20222019,0
414,6.9,2.2313332e-06,33.11653,33.116535,-0.00024354657,33.116535,0.000100636644,212,212,54,0.0010518773,0.001530758,6.5936356e-06,0.2022147,0
415,6.9166665,2.6529758e-06,33.11635,33.116352,-0.00018395524,33.116352,0.00010073152,212,212,54,0.0012211488,0.002578378,1.3342362e-05,0.20220998,0
416,6.9333334,3.170751e-06,33.116154,33.116158,-0.00019233812,33.116158,0.00010074066,212,212,54,0.0013692753,0.0030642198,1.7044122e-05,0.20220518,0
417,6.95,3.5791306e-06,33.11597,33.115974,-0.0001821397,33.115974,0.00010067191,212,212,54,0.0014569102,0.0032859233,1.8500286e-05,0.20220056,0
418,6.9666667,3.405176e-06,33.115784,33.115788,-0.00018737717,33.115788,0.000100701254,212,212,54,0.0014320749,0.0032064705,1.9039728e-05,0.20219588,0
419,6.983333,3.4995621e-06,33.115597,33.1156,-0.00018644381,33.1156,0.00010072187,212,212,54,0.0014497655,0.0032437355,1.9241324e-05,0.20219117,0
420,7,3.501647e-06,33.11541,33.115414,-0.00018703488,33.115414,0.00010062028,212,212,54,0.0014518809,0.0031811323,1.924344e-05,0.20218648,0
421,7.016667,3.4329569e-06,33.11522,33.115223,-0.00019309083,33.115223,0.000100724676,212,212,54,0.0014413117,0.0033586435,1.9313846e-05,0.20218167,0
422,7.0333333,3.4208535e-06,33.115032,33.115032,-0.00018788035,33.115032,0.00010076016,212,212,54,0.0014362867,0.0032095683,1.9253763e-05,0.20217699,0
423,7.05,3.4518337e-06,33.114845,33.11485,-0.00018501093,33.11485,0.00010062523,212,212,54,0.0014349859,0.003100635,1.9016483e-05,0.20217232,0
424,7.0666666,3.398692e-06,33.114655,33.11466,-0.00019207776,33.11466,0.00010070501,212,212,54,0.0014322306,0.003280698,1.895783e-05,0.20216754,0
425,7.0833335,3.3725087e-06,33.114464,33.114468,-0.00018972323,33.114468,0.00010072417,212,212,54,0.0014159599,0.0031673864,1.8813378e-05,0.20216276,0
426,7.1,3.2797404e-06,33.11428,33.114285,-0.00018230834,33.114285,0.00010075909,212,212,54,0.0014021574,0.003159057,1.8627872e-05,0.2021582,0
427,7.116667,3.4194227e-06,33.114094,33.114098,-0.00018872609,33.114098,0.00010072317,212,212,54,0.0014272705,0.0032086296,1.8549536e-05,0.20215349,0
428,7.133333,3.2214514e-06,33.113903,33.113907,-0.0001895625,33.113907,0.000100664394,215,215,55,0.001394296,0.0033430706,1.8495182e-05,0.20214874,0
429,7.15,3.2467913e-06,33.113735,33.11374,-0.00016789229,33.11374,0.00010065463,215,215,55,0.0013951934,0.0032137583,1.8359828e-05,0.20214432,0
430,7.1666665,3.2093512e-06,33.113594,33.113594,-0.0001430168,33.113594,0.00010069481,214,214,55,0.0013841655,0.0031991492,1.829386e-05,0.20214066,0
431,7.1833334,3.2598196e-06,33.113453,33.113457,-0.00013927129,33.113457,0.0001006238,214,214,55,0.0013923638,0.0031542662,1.8186378e-05,0.20213708,0
432,7.2,3.2242913e-06,33.11331,33.113316,-0.00014085358,33.113316,0.00010067034,214,214,55,0.001384353,0.0031982006,1.811793e-05,0.20213349,0
433,7.2166667,3.1402938e-06,33.113174,33.11318,-0.00013757695,33.11318,0.00010068248,212,212,54,0.0013691513,0.0032277943,1.8026867e-05,0.20212999,0
434,7.233333,3.1599989e-06,33.113033,33.113037,-0.00014146337,33.113037,0.00010078112,215,215,55,0.0013722505,0.003193477,1.7928744e-05,0.2021264,0
435,7.25,3.2350817e-06,33.112892,33.112892,-0.00014273803,33.112892,0.000100643476,215,215,55,0.0013769241,0.0031239707,1.7859104e-05,0.20212275,0
436,7.266667,3.1255336e-06,33.11275,33.112755,-0.00014076135,33.112755,0.00010063457,215,215,55,0.001361205,0.0031822594,1.7772256e-05,0.20211914,0
437,7.2833333,3.8823873e-06,33.11262,33.112625,-0.00012825709,33.112625,0.00010065236,215,215,55,0.0015908682,0.0041055484,1.9525929e-05,0.20211571,0
438,7.3,4.3968494e-06,33.112484,33.112488,-0.00013514969,33.112488,0.00010062264,215,215,55,0.0017002295,0.0042669787,2.325268e-05,0.2021122,0
439,7.3166666,4.5763013e-06,33.11235,33.112354,-0.00013614971,33.112354,0.000100575366,214,214,55,0.0017378795,0.0043818643,2.4542558e-05,0.20210871,0
440,7.3333335,4.611704e-06,33.112213,33.112217,-0.00013562874,33.112217,0.000100650825,214,214,55,0.0017452367,0.004421241,2.4938703e-05,0.20210522,0
441,7.35,4.595853e-06,33.112072,33.112076,-0.00014066765,33.112076,0.000100685036,214,214,55,0.0017396262,0.0043705585,2.4969064e-05,0.20210162,0
442,7.366667,4.56125e-06,33.11194,33.111942,-0.00013486747,33.111942,0.00010068742,214,214,55,0.0017306816,0.004320332,2.4799045e-05,0.20209815,0
443,7.383333,4.522277e-06,33.111805,33.11181,-0.00013387432,33.11181,0.00010064992,211,211,54,0.0017218133,0.00430192,2.460521e-05,0.2020947,0
444,7.4,4.4713056e-06,33.11167,33.111675,-0.00013372005,33.111675,0.00010057703,213,213,55,0.0017136917,0.0043102643,2.4396135e-05,0.20209125,0
445,7.4166665,4.414672e-06,33.111534,33.111538,-0.00013721708,33.111538,0.00010069289,216,216,56,0.0017010606,0.0042773006,2.4173529e-05,0.20208777,0
446,7.4333334,4.342776e-06,33.111397,33.1114,-0.00013789735,33.1114,0.00010064214,216,216,56,0.0016851097,0.004248718,2.3939589e-05,0.2020843,0
447,7.45,4.297827e-06,33.11126,33.111267,-0.00013404654,33.111267,0.00010060327,216,216,56,0.0016732299,0.0041826908,2.369782e-05,0.20208082,0
448,7.4666667,4.2417173e-06,33.11113,33.111134,-0.00013272767,33.111134,0.00010060027,216,216,56,0.001659762,0.004133529,2.3453975e-05,0.20207733,0
449,7.483333,4.162077e-06,33.110992,33.110996,-0.00013491251,33.110996,0.000100651254,215,215,56,0.0016450197,0.004101891,2.3207276e-05,0.20207386,0
450,7.5,4.1277876e-06,33.110855,33.11086,-0.00013702847,33.11086,0.00010065046,215,215,56,0.0016367804,0.0040654144,2.294515e-05,0.20207031,0
451,7.516667,3.974328e-06,33.11072,33.110725,-0.00013648263,33.110725,0.00010059992,215,215,56,0.0015966659,0.0039132037,2.253706e-05,0.20206682,0
452,7.5333333,3.690202e-06,33.110584,33.110588,-0.00013495074,33.110588,0.000100641984,215,215,56,0.0015267483,0.0037337134,2.124383e-05,0.20206334,0
453,7.55,3.5440787e-06,33.110455,33.11046,-0.00013098888,33.11046,0.00010065574,215,215,56,0.0014894996,0.0036614386,2.043677e-05,0.2020599,0
454,7.5666666,3.529221e-06,33.110317,33.11032,-0.00013684279,33.11032,0.000100612655,215,215,56,0.001479338,0.0035835532,2.003116e-05,0.2020564,0
455,7.5833335,4.2118186e-06,33.11014,33.110146,-0.00017621281,33.110146,0.00010073256,215,215,56,0.0013877713,0.014066885,1.8984647e-05,0.20205204,0
456,7.6,4.67234e-06,33.110004,33.11001,-0.00013636741,33.11001,0.000100697805,214,214,56,0.0015871444,0.003325458,1.688004e-05,0.20204836,0
457,7.616667,3.7983943e-06,33.109806,33.10981,-0.00019871749,33.10981,0.00010085372,213,213,55,0.001458778,0.0031424481,1.7610279e-05,0.2020433,0
458,7.633333,3.6974016e-06,33.10963,33.109634,-0.00017583261,33.109634,0.00010081616,213,213,55,0.0014343057,0.0030218018,1.7186007e-05,0.20203863,0
459,7.65,3.642131e-06,33.109455,33.10946,-0.00017512187,33.10946,0.00010090424,213,213,55,0.0014202821,0.002968005,1.6856935e-05,0.20203403,0
460,7.6666665,3.6187544e-06,33.10928,33.109283,-0.0001754225,33.109283,0.000100854166,213,213,55,0.0014126854,0.0030160574,1.666849e-05,0.20202939,0
461,7.6833334,3.594798e-06,33.1091,33.109104,-0.00017908069,33.109104,0.000100870835,213,213,55,0.0014076793,0.0030203646,1.6530461e-05,0.2020247,0
462,7.7,3.584461e-06,33.10892,33.108925,-0.00017973207,33.108925,0.000100862744,213,213,55,0.0014055243,0.0030292282,1.6417156e-05,0.20201994,0
463,7.7166667,3.576841e-06,33.108746,33.10875,-0.00017740179,33.10875,0.00010098164,213,213,55,0.0014039412,0.0030354133,1.6408194e-05,0.20201525,0
464,7.733333,3.58216e-06,33.108566,33.10857,-0.00017822013,33.10857,0.000100854864,213,213,55,0.0014045064,0.0030440507,1.63577e-05,0.20201057,0
465,7.75,3.5621547e-06,33.108387,33.10839,-0.00017774668,33.10839,0.00010084624,213,213,55,0.0014005512,0.003041241,1.6321203e-05,0.20200594,0
466,7.766667,3.5864034e-06,33.108208,33.10821,-0.00017869996,33.10821,0.00010084257,213,213,55,0.0014047956,0.0030684944,1.6284279e-05,0.20200127,0
467,7.7833333,3.567329e-06,33.108032,33.108036,-0.00017841077,33.108036,0.00010082181,213,213,55,0.001400718,0.0030543997,1.626441e-05,0.20199661,0
468,7.8,1.0102363e-05,33.10783,33.10784,-0.00019463361,33.10784,0.000100903766,213,213,55,0.0017791534,0.035746247,1.6296819e-05,0.20199145,0
469,7.8166666,2.2730634e-05,33.10768,33.107704,-0.00013533875,33.107704,0.00010123513,213,213,55,0.003215089,0.058691368,3.626117e-05,0.20198621,0
470,7.8333335,3.9407743e-05,33.10756,33.107597,-0.0001065179,33.107597,0.00010127125,213,213,55,0.004605779,0.0705828,6.983769e-05,0.20198134,0
471,7.85,4.0512172e-05,33.10746,33.107502,-9.665356e-05,33.107502,0.000101240774,211,211,54,0.0046654423,0.070718125,7.940254e-05,0.20197669,0
472,7.866667,4.0823368e-05,33.10737,33.10741,-9.245914e-05,33.10741,0.0001012781,214,214,55,0.004599419,0.06875081,7.8694015e-05,0.20197201,0
473,7.883333,4.2403844e-05,33.10727,33.10731,-9.850509e-05,33.10731,0.00010126186,214,214,55,0.0045390115,0.066784024,7.750888e-05,0.20196733,0
474,7.9,4.5182474e-05,33.10717,33.107212,-9.6974414e-05,33.107212,0.00010118608,209,209,54,0.0044993255,0.065065205,7.663781e-05,0.20196271,0
475,7.9166665,4.9345952e-05,33.10706,33.10711,-0.00010273854,33.10711,0.00010123217,208,208,54,0.004459246,0.0632923,7.58666e-05,0.20195799,0
476,7.9333334,5.5016382e-05,33.106953,33.107006,-0.000104722945,33.107006,0.000101243015,210,210,54,0.004437656,0.062408507,7.52909e-05,0.20195322,0
477,7.95,6.4776206e-05,33.10682,33.106884,-0.00012158169,33.106884,0.000101189406,209,209,53,0.0047331443,0.060030542,7.507991e-05,0.20194854,0
478,7.9666667,7.023265e-05,33.10673,33.1068,-8.3157516e-05,33.1068,0.00010114919,210,210,53,0.005153467,0.053655006,8.409751e-05,0.20194492,0
479,7.983333,7.583271e-05,33.106564,33.10664,-0.00016015625,33.10664,0.00010124605,212,212,54,0.0053524063,0.051918365,8.922884e-05,0.2019402,0
480,8,8.4122454e-05,33.10639,33.106476,-0.00016411678,33.106476,0.00010125317,212,212,54,0.006082564,0.049162947,9.302941e-05,0.20193532,0
481,8.016666,9.293321e-05,33.10622,33.10631,-0.00016409453,33.10631,0.00010123307,212,212,54,0.006796802,0.03937754,0.00010560927,0.20193043,0
482,8.033334,0.000102198464,33.106068,33.106167,-0.00014435445,33.106167,0.00010120523,212,212,54,0.007866825,0.03431314,0.000121284735,0.20192638,0
483,8.05,0.00011159726,33.10592,33.106033,-0.0001364069,33.106033,0.00010124185,212,212,54,0.0088022025,0.042704616,0.00013791144,0.20192258,0
484,8.066667,0.00011784201,33.105774,33.105892,-0.00014105726,33.105892,0.00010112449,211,211,54,0.009065001,0.038352102,0.00014841453,0.2019185,0
485,8.083333,0.00012442429,33.10563,33.10575,-0.00013905717,33.10575,0.00010116794,211,211,54,0.009520639,0.03531678,0.00015400573,0.20191436,0
486,8.1,0.00013038682,33.105484,33.105614,-0.00013751561,33.105614,0.00010105883,212,212,54,0.0099760955,0.03850016,0.00016166107,0.20191026,0
487,8.116667,0.00013367765,33.10533,33.105465,-0.00015099389,33.105465,0.00010115024,213,213,54,0.010139709,0.035117783,0.00016695801,0.20190614,0
488,8.133333,0.00013525414,33.105186,33.10532,-0.00014289917,33.10532,0.0001011686,213,213,54,0.010309479,0.04085463,0.00016924796,0.20190229,0
489,8.15,0.00013405034,33.105045,33.10518,-0.0001400268,33.10518,0.0001011174,212,212,53,0.010267171,0.039362907,0.00016960938,0.2018984,0
490,8.166667,0.00013079148,33.104908,33.105038,-0.00014241437,33.105038,0.00010114757,211,211,53,0.0100840395,0.036515325,0.00016882799,0.2018946,0
491,8.183333,0.00012602888,33.104767,33.104893,-0.0001454144,33.104893,0.00010121414,211,211,53,0.0099164,0.038340963,0.00016597482,0.20189072,0
492,8.2,0.0001194844,33.10463,33.10475,-0.0001427074,33.10475,0.00010112878,211,211,53,0.009454771,0.035807107,0.00016110533,0.20188704,0
493,8.216666,0.00011081035,33.104477,33.104588,-0.00016362379,33.104588,0.0001012271,209,209,53,0.009144785,0.03566168,0.00015514069,0.20188308,0
494,8.233334,0.00010137541,33.10432,33.10442,-0.00016621349,33.10442,0.000101280915,209,209,53,0.008766742,0.03631773,0.00014815514,0.20187901,0
495,8.25,9.032532e-05,33.10418,33.104267,-0.00015153564,33.104267,0.00010120048,209,209,53,0.008123819,0.036811423,0.00013946812,0.20187524,0
496,8.266666,4.7369136e-05,33.10414,33.10419,-7.836851e-05,33.10419,0.00010072804,209,209,53,0.0061103757,0.024759205,0.000121401536,0.20187385,0
497,8.283334,1.5376518e-05,33.10401,33.104027,-0.00016300162,33.104027,0.00010070791,210,210,53,0.0036210532,0.019482125,7.831981e-05,0.20187084,0
498,8.3,3.7106909e-06,33.103855,33.10386,-0.00016994067,33.10386,0.000100718426,210,210,53,0.0015728758,0.01327186,3.7700804e-05,0.20186727,0
499,8.316667,5.176884e-06,33.103657,33.103664,-0.00019404978,33.103664,0.00010083438,210,210,53,0.0014607847,0.011573598,1.16591045e-05,0.20186289,0
500,8.333333,8.4060475e-06,33.103455,33.103462,-0.00020109833,33.103462,0.00010084493,210,210,53,0.0020029636,0.009154925,2.5017756e-05,0.20185828,0
501,8.35,1.2095249e-05,33.103237,33.10325,-0.00021227615,33.10325,0.00010092308,210,210,53,0.0024703199,0.008211402,3.424011e-05,0.20185332,0
502,8.366667,1.6256836e-05,33.10302,33.103035,-0.00021396508,33.103035,0.00010103901,210,210,53,0.003080552,0.010075001,4.322823e-05,0.20184831,0
503,8.383333,2.1592496e-05,33.102814,33.102833,-0.00020165191,33.102833,0.0001009065,210,210,53,0.0035037252,0.013414574,5.0952698e-05,0.2018435,0
504,8.4,2.7065978e-05,33.1026,33.102627,-0.000206668,33.102627,0.00010094635,210,210,53,0.004038169,0.014619998,5.9775517e-05,0.2018384,0
505,8.416667,3.291894e-05,33.102383,33.102417,-0.0002122737,33.102417,0.00010091689,210,210,53,0.004536733,0.018482491,6.86957e-05,0.20183328,0
506,8.433333,3.921459e-05,33.102142,33.10218,-0.00023394295,33.10218,0.00010098674,213,213,54,0.0050563044,0.018027788,7.7586454e-05,0.20182763,0
507,8.45,4.5232406e-05,33.10191,33.101955,-0.00022707181,33.101955,0.00010095606,213,213,54,0.005573528,0.01745258,8.601905e-05,0.20182212,0
508,8.466666,5.1057363e-05,33.101677,33.10173,-0.00022493709,33.10173,0.00010092478,213,213,54,0.005910587,0.021243421,9.2131384e-05,0.20181657,0
509,8.483334,5.6387602e-05,33.101467,33.101524,-0.00020564746,33.101524,0.00010087066,213,213,54,0.0062158746,0.020084815,9.80162e-05,0.20181134,0
510,8.5,6.0830018e-05,33.101215,33.101276,-0.00024710153,33.101276,0.00010100744,213,213,54,0.006523958,0.020350296,0.00010355257,0.20180546,0
511,8.516666,7.229789e-05,33.100956,33.10103,-0.0002485551,33.10103,0.00010116967,213,213,54,0.0067734695,0.021633118,0.00010686394,0.20179935,0
512,8.533334,9.627257e-05,33.10068,33.100777,-0.0002503462,33.100777,0.00010135681,209,209,53,0.007629983,0.038007576,0.000115391726,0.20179273,0
513,8.55,0.000109031374,33.100487,33.100597,-0.0001807621,33.100597,0.00010130938,209,209,53,0.008313418,0.041107185,0.00012827612,0.20178778,0
514,8.566667,0.000119898075,33.10027,33.100388,-0.00020842375,33.100388,0.00010129621,209,209,53,0.008794112,0.038989507,0.00013874462,0.20178235,0
515,8.583333,0.0001263803,33.100094,33.10022,-0.00016808561,33.10022,0.00010110948,208,208,53,0.0091650635,0.028162124,0.00014681656,0.20177773,0
516,8.6,0.0001424115,33.09983,33.09997,-0.00024798186,33.09997,0.000101348516,208,208,53,0.009734277,0.04092973,0.0001548677,0.20177141,0
517,8.616667,0.00014324283,33.099667,33.09981,-0.00016176615,33.09981,0.0001010829,208,208,53,0.009982289,0.029257977,0.00016114286,0.20176712,0
518,8.633333,0.00015000587,33.099407,33.09956,-0.00025276112,33.09956,0.00010136122,208,208,53,0.01023473,0.031358935,0.0001651089,0.20176096,0
519,8.65,0.00014853179,33.099213,33.09936,-0.00019782134,33.09936,0.000101201666,208,208,53,0.010287142,0.029633671,0.0001675198,0.20175618,0
520,8.666667,0.00014519916,33.09902,33.099163,-0.00019818358,33.099163,0.0001011988,208,208,53,0.010025832,0.029368227,0.00016503825,0.20175147,0
521,8.683333,0.00014015556,33.098827,33.09897,-0.00019324434,33.09897,0.00010111866,206,206,52,0.009851553,0.029965566,0.00016382772,0.20174685,0
522,8.7,0.00013539277,33.098614,33.09875,-0.00021956436,33.09875,0.0001011693,210,210,53,0.0097720055,0.029338965,0.0001614884,0.2017417,0
523,8.716666,0.00013175201,33.098366,33.098495,-0.00025269086,33.098495,0.00010136203,210,210,53,0.009507541,0.039234035,0.00015748372,0.20173591,0
524,8.733334,0.00012594656,33.098183,33.09831,-0.00018669099,33.09831,0.000101232086,210,210,53,0.009384564,0.0403161,0.0001525579,0.20173135,0
525,8.75,0.000104595965,33.09798,33.098083,-0.0002245143,33.098083,0.00010130204,213,213,54,0.008541914,0.024167519,0.0001443279,0.2017264,0
526,8.766666,9.287318e-05,33.0978,33.097893,-0.00019161079,33.097893,0.00010125914,213,213,54,0.007936119,0.025644334,0.00013434871,0.201722,0
527,8.783334,7.9214115e-05,33.097595,33.09767,-0.00022048039,33.09767,0.00010129441,214,214,54,0.0074779927,0.021020297,0.00012497662,0.2017169,0
528,8.8,6.703178e-05,33.09744,33.097504,-0.00016846211,33.097504,0.000101153564,213,213,54,0.0069212983,0.02103615,0.00011596467,0.20171311,0
529,8.816667,5.6831122e-05,33.09726,33.097317,-0.00018942363,33.097317,0.00010115304,213,213,54,0.006400472,0.019802261,0.00010610253,0.20170912,0
530,8.833333,4.445071e-05,33.097122,33.097164,-0.0001497071,33.097164,0.00010111897,213,213,54,0.0056768814,0.017033657,9.555953e-05,0.20170596,0
531,8.85,4.1217212e-05,33.096886,33.096928,-0.00023748691,33.096928,0.00010137051,213,213,54,0.005259513,0.024646131,8.424492e-05,0.201701,0
532,8.866667,2.8843342e-05,33.09677,33.096798,-0.00012858617,33.096798,0.00010110245,211,211,53,0.004458768,0.013103024,7.32382e-05,0.20169818,0
533,8.883333,2.2146267e-05,33.096603,33.096626,-0.00017361717,33.096626,0.00010119998,211,211,53,0.0039209495,0.011108022,6.223343e-05,0.2016944,0
534,8.9,1.9380926e-05,33.09643,33.096455,-0.0001731768,33.096455,0.00010120737,213,213,54,0.003317838,0.023007585,5.195e-05,0.20169051,0
535,8.916667,1.2669036e-05,33.09628,33.09629,-0.00016116287,33.09629,0.00010122504,213,213,54,0.0027873283,0.011560996,4.127e-05,0.20168701,0
536,8.933333,9.09369e-06,33.096138,33.096146,-0.00014489217,33.096146,0.00010116434,213,213,54,0.0023131424,0.009010321,3.1846415e-05,0.20168376,0
537,8.95,1.1214825e-05,33.09596,33.09597,-0.00017676933,33.09597,0.00010119051,213,213,54,0.0021727323,0.026539505,2.4614228e-05,0.20167974,0
538,8.966666,1.1135216e-05,33.095802,33.095814,-0.00015502934,33.095814,0.00010120257,213,213,54,0.002235141,0.027087899,2.306717e-05,0.20167622,0
539,8.983334,7.749975e-06,33.095642,33.09565,-0.00016515143,33.09565,0.00010120319,213,213,54,0.0022628794,0.0129989125,2.4527199e-05,0.20167242,0
540,9,9.249144e-06,33.095467,33.095478,-0.00017356743,33.095478,0.000101268866,213,213,54,0.0025547105,0.015182435,2.910739e-05,0.20166841,0
541,9.016666,1.4906344e-05,33.095276,33.095287,-0.00018703243,33.095287,0.000101446385,213,213,54,0.0029897534,0.032482985,3.5201872e-05,0.20166405,0
542,9.033334,2.231577e-05,33.095192,33.09521,-7.6715645e-05,33.09521,0.00010134083,214,214,55,0.00407442,0.031866916,5.1785566e-05,0.20166223,0
543,9.05,3.2797358e-05,33.095093,33.095127,-8.6278866e-05,33.095127,0.00010134344,214,214,55,0.0053303964,0.031465538,7.4382246e-05,0.20166029,0
544,9.066667,4.585993e-05,33.09499,33.095036,-8.968307e-05,33.095036,0.000101297206,214,214,55,0.006517398,0.032686654,9.6218304e-05,0.20165832,0
545,9.083333,6.1605075e-05,33.094868,33.09493,-0.00010794864,33.09493,0.00010143878,214,214,55,0.0073633767,0.039022457,0.000113395414,0.20165612,0
546,9.1,6.8210284e-05,33.09481,33.09488,-5.125156e-05,33.09488,0.00010138259,213,213,55,0.008077911,0.037324116,0.00012690133,0.2016551,0
547,9.116667,7.880265e-05,33.094723,33.094803,-7.403147e-05,33.094803,0.000101360645,213,213,55,0.008680751,0.038247325,0.00013776451,0.20165369,0
548,9.133333,8.9232424e-05,33.094616,33.094704,-9.8301054e-05,33.094704,0.000101333375,212,212,54,0.00921778,0.039592225,0.00014743902,0.20165184,0
549,9.15,9.67094e-05,33.094547,33.094646,-6.0022587e-05,33.094646,0.000101362195,213,213,54,0.009612994,0.040901326,0.000155413,0.20165086,0
550,9.166667,0.000102709,33.09448,33.09458,-6.183247e-05,33.09458,0.00010136322,213,213,54,0.009890672,0.041343674,0.00016098922,0.20164993,0
551,9.183333,0.00010167434,33.094463,33.094566,-1.6995144e-05,33.094566,0.00010113975,212,212,54,0.0098117115,0.04068646,0.00016464204,0.20165011,0
552,9.2,9.453523e-05,33.094482,33.094578,1.0151416e-05,33.094578,0.00010087399,212,212,54,0.009527657,0.040025786,0.00016062196,0.20165133,0
553,9.216666,8.5833955e-05,33.094467,33.09455,-2.4661764e-05,33.09455,0.000100885394,212,212,54,0.009094035,0.03846153,0.00015439015,0.20165196,0
554,9.233334,8.337328e-05,33.09445,33.094536,-1.7589888e-05,33.094536,0.000100926925,211,211,53,0.0089622745,0.03837716,0.00014925032,0.20165254,0
555,9.25,7.4822754e-05,33.094418,33.094494,-3.9972736e-05,33.094494,0.000100787634,211,211,53,0.00843289,0.03435469,0.00014550914,0.20165262,0
556,9.266666,6.233755e-05,33.094353,33.094414,-7.8488476e-05,33.094414,0.00010093447,211,211,53,0.007662117,0.031017665,0.00013264918,0.20165198,0
557,9.283334,5.56569e-05,33.094296,33.09435,-6.5368695e-05,33.09435,0.000100828634,211,211,53,0.007220452,0.029248536,0.00012291125,0.20165136,0
558,9.3,4.6658843e-05,33.094242,33.09429,-6.0204624e-05,33.09429,0.0001008755,211,211,53,0.006585684,0.026660118,0.00011517841,0.20165095,0
559,9.316667,3.7485017e-05,33.09417,33.094208,-8.332359e-05,33.094208,0.0001009283,211,211,53,0.0059113903,0.026134185,0.00010281333,0.20165035,0
560,9.333333,3.0671417e-05,33.0941,33.09413,-7.5809454e-05,33.09413,0.00010089639,211,211,53,0.0052999244,0.025134178,9.147624e-05,0.20164983,0
561,9.35,2.5056046e-05,33.094025,33.09405,-8.092893e-05,33.09405,0.00010092508,211,211,53,0.004748045,0.023609754,8.122877e-05,0.20164913,0
562,9.366667,2.0936197e-05,33.093956,33.093975,-7.411324e-05,33.093975,0.000100951256,211,211,53,0.0042901724,0.022233598,7.269714e-05,0.20164855,0
563,9.383333,1.7703023e-05,33.093887,33.093906,-7.0732734e-05,33.093906,0.000100979414,211,211,53,0.0039004295,0.020748066,6.5107e-05,0.20164795,0
564,9.4,1.553993e-05,33.093792,33.093807,-9.9422316e-05,33.093807,0.000101110454,213,213,53,0.003555225,0.019140188,5.8164653e-05,0.2016468,0
565,9.416667,1.3647898e-05,33.0937,33.09371,-9.3332324e-05,33.09371,0.000100991696,213,213,53,0.0032821838,0.017838618,5.206013e-05,0.2016457,0
566,9.433333,1.1938258e-05,33.093616,33.093628,-8.55022e-05,33.093628,0.00010107751,213,213,53,0.0029980098,0.016765313,4.6865254e-05,0.20164469,0
567,9.45,1.0433647e-05,33.093525,33.093536,-8.9952315e-05,33.093536,0.00010108544,213,213,53,0.002740881,0.014275161,4.1530882e-05,0.2016435,0
568,9.466666,9.70826e-06,33.093422,33.093433,-0.000103304774,33.093433,0.000101051926,213,213,53,0.0025359597,0.014551932,3.6796788e-05,0.20164202,0
569,9.483334,9.399459e-06,33.09332,33.09333,-0.00010455074,33.09333,0.000101118145,213,213,53,0.0024250185,0.013374124,3.3184624e-05,0.20164049,0
570,9.5,9.362566e-06,33.093216,33.093224,-0.00010378006,33.093224,0.000101065605,213,213,53,0.0023524875,0.012414553,3.0894003e-05,0.20163888,0
571,9.516666,9.757064e-06,33.093113,33.093124,-0.000102683654,33.093124,0.00010120151,213,213,53,0.0023636688,0.0114100035,2.9843597e-05,0.20163733,0
572,9.533334,1.0513443e-05,33.093,33.09301,-0.00011196457,33.09301,0.0001011973,213,213,53,0.0024383208,0.010817671,3.0106256e-05,0.20163557,0
573,9.55,1.1369408e-05,33.092907,33.092915,-9.407569e-05,33.092915,0.00010116454,214,214,53,0.0025438718,0.010608368,3.1527612e-05,0.20163395,0
574,9.566667,1.2099008e-05,33.09281,33.092823,-9.303827e-05,33.092823,0.00010118379,214,214,53,0.0026649295,0.010203055,3.41324e-05,0.20163228,0
575,9.583333,1.25700335e-05,33.09272,33.09273,-9.246556e-05,33.09273,0.00010122729,215,215,53,0.0027875411,0.011291254,3.742379e-05,0.20163068,0
576,9.6,1.3252926e-05,33.092617,33.092632,-0.00010056645,33.092632,0.00010122211,216,216,53,0.0028221405,0.010712066,3.83999e-05,0.20162882,0
577,9.616667,1.3714678e-05,33.092518,33.092533,-9.8626275e-05,33.092533,0.000101125996,216,216,53,0.002876327,0.0111305425,3.982497e-05,0.20162694,0
578,9.633333,1.413192e-05,33.09242,33.09243,-0.00010033334,33.09243,0.000101108504,216,216,53,0.0028657273,0.011127185,4.0430332e-05,0.20162503,0
579,9.65,1.515536e-05,33.092308,33.092323,-0.00010936993,33.092323,0.000101153426,216,216,53,0.0029745623,0.012194366,4.076692e-05,0.20162292,0
580,9.666667,1.5214083e-05,33.092205,33.09222,-0.0001020219,33.09222,0.00010110006,216,216,53,0.0029537983,0.008589065,4.14758e-05,0.2016208,0
581,9.683333,1.5389698e-05,33.0921,33.092113,-0.000108222695,33.092113,0.00010114548,216,216,53,0.002936484,0.0118096005,4.16586e-05,0.20161863,0
582,9.7,1.5097868e-05,33.09199,33.092007,-0.00010702759,33.092007,0.0001011684,216,216,53,0.0028823852,0.011463527,4.173118e-05,0.20161651,0
583,9.716666,1.4273089e-05,33.092045,33.092056,5.304187e-05,33.092056,0.000100613615,216,216,53,0.002292186,0.03114343,4.0267532e-05,0.20161732,0
584,9.733334,1.2958464e-05,33.092155,33.092167,0.0001107413,33.092167,0.000100592566,215,215,53,0.0025328586,0.03438349,4.134084e-05,0.20161878,0
585,9.75,1.26249915e-05,33.092247,33.09226,8.977678e-05,33.09226,0.000100627876,216,216,54,0.002553618,0.034530576,4.17526e-05,0.20162003,0
586,9.766666,1.3113091e-05,33.092335,33.09235,9.026584e-05,33.09235,0.00010065202,216,216,54,0.0025419341,0.034408122,4.173797e-05,0.20162131,0
587,9.783334,1.4075724e-05,33.092422,33.092438,8.791404e-05,33.092438,0.0001006486,214,214,54,0.0024874364,0.033751063,4.106282e-05,0.20162258,0
588,9.8,1.534654e-05,33.09251,33.092525,8.805597e-05,33.092525,0.00010060495,214,214,54,0.0024153327,0.032892004,3.993006e-05,0.20162389,0
589,9.816667,1.7108601e-05,33.092594,33.09261,8.555462e-05,33.09261,0.000100564605,215,215,54,0.0023553604,0.032148134,3.8744358e-05,0.20162508,0
590,9.833333,1.8870229e-05,33.092674,33.092693,8.272785e-05,33.092693,0.000100648955,215,215,54,0.0025744697,0.03131059,3.9546077e-05,0.20162623,0
591,9.85,2.065325e-05,33.09275,33.092773,8.0089165e-05,33.092773,0.00010066526,215,215,54,0.0029077965,0.030496158,4.5606055e-05,0.20162731,0
592,9.866667,2.2107388e-05,33.092827,33.09285,7.626892e-05,33.09285,0.000100639176,215,215,54,0.0031799308,0.029658673,5.06765e-05,0.2016283,0
593,9.883333,2.3562257e-05,33.092896,33.09292,7.078324e-05,33.09292,0.00010054115,215,215,54,0.0034316098,0.028727418,5.512507e-05,0.20162909,0
594,9.9,2.5100922e-05,33.09295,33.09297,5.307774e-05,33.09297,0.000100577614,215,215,54,0.0036577643,0.027846389,5.8994552e-05,0.20162965,0
595,9.916667,2.5965228e-05,33.093006,33.09303,5.7723544e-05,33.09303,0.00010065683,215,215,54,0.003813452,0.026985116,6.2014355e-05,0.20163034,0
596,9.933333,2.667442e-05,33.093056,33.093082,5.341205e-05,33.093082,0.00010061367,215,215,54,0.0039434293,0.026334144,6.45779e-05,0.20163095,0
597,9.95,2.7125692e-05,33.093105,33.093132,4.650393e-05,33.093132,0.00010059215,215,215,54,0.004052714,0.025516078,6.653753e-05,0.20163147,0
598,9.966666,2.7296852e-05,33.09315,33.093178,4.6556328e-05,33.093178,0.000100630445,215,215,54,0.0041403277,0.024447808,6.8028836e-05,0.20163208,0
599,9.983334,2.7300663e-05,33.093197,33.093224,4.5225195e-05,33.093224,0.00010062252,215,215,54,0.0042012203,0.023673877,6.9080386e-05,0.20163274,0
600,10,2.6981998e-05,33.09324,33.093266,4.4071443e-05,33.093266,0.00010058296,215,215,54,0.00422022,0.022899712,6.9762835e-05,0.20163338,0
601,10.016666,2.659828e-05,33.09328,33.093307,3.918499e-05,33.093307,0.00010055936,215,215,54,0.0042371773,0.022086915,7.016484e-05,0.20163397,0
602,10.033334,2.6208496e-05,33.093315,33.093338,3.402502e-05,33.093338,0.00010056598,215,215,54,0.0042570913,0.021190085,7.026586e-05,0.20163453,0
603,10.05,2.5480114e-05,33.093346,33.093372,3.0693827e-05,33.093372,0.000100595746,212,212,53,0.0042328835,0.02026805,7.023459e-05,0.20163514,0
604,10.066667,2.3452241e-05,33.093395,33.09342,4.9344948e-05,33.09342,0.00010056924,212,212,53,0.0041078255,0.018821994,6.903472e-05,0.20163614,0
605,10.083333,2.1766926e-05,33.093426,33.09345,2.7741833e-05,33.09345,0.0001005639,211,211,53,0.0039656796,0.017936049,6.678101e-05,0.20163669,0
606,10.1,2.0118581e-05,33.09343,33.093452,3.3393073e-06,33.093452,0.000100576566,211,211,53,0.0038672222,0.01615091,6.4951055e-05,0.20163701,0
607,10.116667,1.8821484e-05,33.093422,33.09344,-1.0773638e-05,33.09344,0.00010055829,211,211,53,0.0037900773,0.015064596,6.2771105e-05,0.20163712,0
608,10.133333,1.7854947e-05,33.09341,33.09343,-1.1606861e-05,33.09343,0.000100507496,211,211,53,0.003700971,0.014623961,6.156916e-05,0.20163721,0
609,10.15,1.7150449e-05,33.093407,33.093422,-6.1909154e-06,33.093422,0.000100526384,211,211,53,0.0036576926,0.013988365,6.0452727e-05,0.20163755,0
610,10.166667,1.6516062e-05,33.093403,33.09342,-2.9619587e-06,33.09342,0.00010055446,211,211,53,0.0035848415,0.013225293,5.9396545e-05,0.20163785,0
611,10.183333,1.6220476e-05,33.0934,33.09342,-3.1219224e-06,33.09342,0.00010052611,211,211,53,0.003596625,0.012559071,5.8953687e-05,0.20163831,0
612,10.2,1.5749047e-05,33.09339,33.09341,-7.620397e-06,33.09341,0.00010050241,211,211,53,0.0035249242,0.012234355,5.8102018e-05,0.20163856,0
613,10.216666,1.5681357e-05,33.093384,33.0934,-1.0042995e-05,33.0934,0.000100491074,211,211,53,0.003525004,0.012049853,5.776437e-05,0.2016388,0
614,10.233334,1.5579311e-05,33.093372,33.093388,-9.246075e-06,33.093388,0.00010048156,211,211,53,0.0035215702,0.01205652,5.7703997e-05,0.20163909,0
615,10.25,1.5430274e-05,33.093357,33.093372,-1.7605822e-05,33.093372,0.000100478755,211,211,53,0.0035064137,0.011677755,5.7541853e-05,0.20163928,0
616,10.266666,1.5134417e-05,33.09334,33.093357,-1.64226e-05,33.093357,0.00010054021,211,211,53,0.0034857416,0.011488866,5.6833833e-05,0.2016395,0
617,10.283334,1.4797283e-05,33.093327,33.093338,-1.5798856e-05,33.093338,0.00010052633,211,211,53,0.0034246226,0.011263844,5.648622e-05,0.20163967,0
618,10.3,1.4488261e-05,33.093304,33.09332,-2.0758398e-05,33.09332,0.000100487,211,211,53,0.0034201324,0.011142418,5.5767214e-05,0.20163983,0
619,10.316667,1.3862804e-05,33.093285,33.0933,-1.941228e-05,33.0933,0.000100460835,211,211,53,0.003305583,0.010920431,5.4821438e-05,0.20163997,0
620,10.333333,1.3312187e-05,33.09327,33.09328,-1.7841145e-05,33.09328,0.00010047797,207,207,52,0.0032789013,0.010700722,5.3670177e-05,0.20164014,0
621,10.35,1.2446448e-05,33.09326,33.093273,-8.347218e-06,33.093273,0.00010046034,206,206,52,0.0031486272,0.0102293175,5.2030977e-05,0.20164043,0
622,10.366667,1.1639799e-05,33.093258,33.09327,-2.8017105e-06,33.09327,0.00010048852,206,206,52,0.003031789,0.010079611,4.9909373e-05,0.20164075,0
623,10.383333,1.0694854e-05,33.093254,33.093266,-4.4363014e-06,33.093266,0.0001004984,206,206,52,0.0028787914,0.010159304,4.7782836e-05,0.20164107,0
624,10.4,9.753208e-06,33.093254,33.093266,-1.9391755e-06,33.093266,0.00010049916,206,206,52,0.0027774025,0.009347245,4.5795543e-05,0.2016414,0
625,10.416667,8.77619e-06,33.09325,33.093258,-6.7959463e-06,33.093258,0.00010043594,205,205,52,0.002663479,0.009091551,4.3685104e-05,0.20164162,0
626,10.433333,7.560864e-06,33.093235,33.093243,-1.3684457e-05,33.093243,0.00010058399,205,205,52,0.0024193595,0.008368681,4.0074236e-05,0.20164166,0
627,10.45,6.8575464e-06,33.093227,33.093235,-9.514837e-06,33.093235,0.00010045901,205,205,52,0.002354222,0.009291439,3.7986632e-05,0.20164171,0
628,10.466666,6.048369e-06,33.09322,33.093224,-8.955677e-06,33.093224,0.00010053718,205,205,52,0.0021996258,0.010032321,3.6013378e-05,0.20164175,0
629,10.483334,5.2298374e-06,33.09321,33.093212,-1.1791367e-05,33.093212,0.00010046848,206,206,52,0.0020257193,0.010329661,3.3089316e-05,0.20164178,0
630,10.5,4.533417e-06,33.093197,33.0932,-1.2833041e-05,33.0932,0.00010053178,206,206,52,0.0018498326,0.010656616,3.0036666e-05,0.20164171,0
631,10.516666,3.956885e-06,33.093178,33.09318,-1.8199571e-05,33.09318,0.00010050085,206,206,52,0.0016879389,0.010864824,2.6979207e-05,0.20164159,0
632,10.533334,3.5363976e-06,33.093166,33.09317,-1.2058343e-05,33.09317,0.00010047339,206,206,52,0.0015338074,0.011254499,2.4113737e-05,0.20164147,0
633,10.55,3.2682765e-06,33.09315,33.093155,-1.5563588e-05,33.093155,0.00010048836,206,206,52,0.0013984198,0.011575308,2.1405745e-05,0.20164126,0
634,10.566667,3.156899e-06,33.09313,33.093132,-2.2389559e-05,33.093132,0.00010047249,206,206,52,0.001288141,0.011866713,1.910025e-05,0.20164081,0
635,10.583333,3.2199985e-06,33.093105,33.09311,-2.2547592e-05,33.09311,0.00010049838,208,208,52,0.0012181661,0.011942741,1.7365648e-05,0.20164037,0
636,10.6,3.467537e-06,33.093082,33.093086,-2.2196897e-05,33.093086,0.00010043557,207,207,52,0.0011871175,0.012566624,1.639512e-05,0.20163985,0
637,10.616667,3.842325e-06,33.09306,33.093063,-2.4895984e-05,33.093063,0.00010046242,207,207,52,0.0012032624,0.012642821,1.631485e-05,0.20163907,0
638,10.633333,4.4038147e-06,33.093033,33.093037,-2.6205578e-05,33.093037,0.00010048455,207,207,52,0.0012606434,0.013245389,1.7067458e-05,0.20163825,0
639,10.65,5.043575e-06,33.093006,33.09301,-2.6127307e-05,33.09301,0.00010057673,207,207,52,0.0013476276,0.01356036,1.8542452e-05,0.20163746,0
640,10.666667,5.812726e-06,33.09297,33.09298,-3.2149354e-05,33.09298,0.000100533354,209,209,53,0.0014523456,0.013817339,2.0515608e-05,0.20163657,0
641,10.683333,6.6608345e-06,33.09294,33.092945,-3.157163e-05,33.092945,0.000100493635,209,209,53,0.0015802435,0.0140678855,2.2792032e-05,0.2016356,0
642,10.7,7.582255e-06,33.09291,33.09292,-3.0002024e-05,33.09292,0.00010050964,211,211,54,0.0017118446,0.01439249,2.5166268e-05,0.20163468,0
643,10.716666,8.496096e-06,33.092876,33.092884,-3.0674626e-05,33.092884,0.00010046446,211,211,54,0.001838778,0.01456807,2.7576441e-05,0.20163369,0
644,10.733334,9.436989e-06,33.092842,33.092854,-3.3640164e-05,33.092854,0.00010052,211,211,54,0.0019675489,0.014719801,2.9837734e-05,0.20163265,0
645,10.75,1.0316914e-05,33.092808,33.092815,-3.586245e-05,33.092815,0.0001005315,212,212,54,0.0020796685,0.014885664,3.199334e-05,0.20163156,0
646,10.766666,1.1154614e-05,33.09277,33.09278,-3.6569694e-05,33.09278,0.00010047608,212,212,54,0.00218393,0.015034675,3.3952856e-05,0.20163044,0
647,10.783334,1.189366e-05,33.09273,33.092743,-3.7832135e-05,33.092743,0.00010047371,212,212,54,0.002275061,0.01511028,3.565047e-05,0.20162922,0
648,10.8,1.251753e-05,33.09269,33.0927,-3.960986e-05,33.0927,0.00010052973,212,212,54,0.0023504044,0.0151593685,3.7108373e-05,0.20162806,0
649,10.816667,1.30113085e-05,33.09265,33.092663,-3.8243656e-05,33.092663,0.00010051359,212,212,54,0.0024158375,0.015119347,3.8319176e-05,0.20162685,0
650,10.833333,1.3408892e-05,33.092613,33.092625,-3.7841084e-05,33.092625,0.00010050501,212,212,54,0.0024626772,0.015158898,3.9257437e-05,0.2016256,0
651,10.85,1.3621984e-05,33.092575,33.09259,-3.7194302e-05,33.09259,0.00010053297,212,212,54,0.0024852403,0.0151871545,3.986121e-05,0.20162442,0
652,10.866667,1.3684372e-05,33.092537,33.092552,-3.717875e-05,33.092552,0.000100498786,213,213,54,0.0024954462,0.015127658,4.0180268e-05,0.2016232,0
653,10.883333,1.3613818e-05,33.092495,33.092506,-4.4626915e-05,33.092506,0.000100513134,213,213,54,0.0024930586,0.015022921,4.0267998e-05,0.2016218,0
654,10.9,1.3380242e-05,33.09245,33.092464,-4.2794876e-05,33.092464,0.00010051566,213,213,54,0.0024819372,0.014772801,4.005338e-05,0.20162061,0
655,10.916667,1.30339595e-05,33.09241,33.092422,-4.1411287e-05,33.092422,0.000100486934,213,213,54,0.0024410689,0.0145500265,3.9584156e-05,0.2016194,0
656,10.933333,1.2509908e-05,33.092373,33.092384,-3.7598933e-05,33.092384,0.00010050916,213,213,54,0.0023882478,0.014485923,3.883348e-05,0.2016182,0
657,10.95,1.1882083e-05,33.09233,33.092342,-4.2191597e-05,33.092342,0.0001005067,211,211,53,0.0023194617,0.014255708,3.7791404e-05,0.20161703,0
658,10.966666,1.11489735e-05,33.092293,33.092304,-3.897178e-05,33.092304,0.00010053693,211,211,53,0.0022399118,0.013969949,3.649902e-05,0.20161587,0
659,10.983334,1.0331887e-05,33.09225,33.092262,-4.154958e-05,33.092262,0.00010051331,211,211,53,0.0021455768,0.013663997,3.497512e-05,0.20161472,0
660,11,9.448786e-06,33.092213,33.092224,-3.8789258e-05,33.092224,0.00010050486,211,211,53,0.0020378067,0.013336177,3.3193683e-05,0.20161356,0
661,11.016666,8.5118445e-06,33.092175,33.092182,-4.0339397e-05,33.092182,0.0001005017,211,211,53,0.0019197172,0.012907443,3.1216532e-05,0.20161244,0
662,11.033334,7.5549415e-06,33.09214,33.092148,-3.720051e-05,33.092148,0.00010052701,214,214,54,0.0017855179,0.012556886,2.8951354e-05,0.20161134,0
663,11.05,6.5918184e-06,33.0921,33.092102,-4.302566e-05,33.092102,0.00010048087,214,214,54,0.0016516038,0.012056138,2.6467444e-05,0.2016102,0
664,11.066667,5.6553863e-06,33.092064,33.09207,-3.2358643e-05,33.09207,0.00010051872,214,214,54,0.0015070874,0.011664907,2.3930681e-05,0.20160922,0
665,11.083333,4.770375e-06,33.092026,33.09203,-3.9954954e-05,33.09203,0.00010055474,214,214,54,0.0013672329,0.011139176,2.124883e-05,0.2016082,0
666,11.1,3.9788174e-06,33.09199,33.091995,-3.7035166e-05,33.091995,0.000100501486,214,214,54,0.0012320443,0.010640118,1.858148e-05,0.20160718,0
667,11.116667,3.3079752e-06,33.09196,33.091965,-2.976548e-05,33.091965,0.00010058829,214,214,54,0.0011071278,0.010209376,1.5935846e-05,0.2016063,0
668,11.133333,2.7624205e-06,33.091934,33.091934,-2.8808918e-05,33.091934,0.000100514495,214,214,54,0.0010105235,0.00968812,1.3486425e-05,0.2016055,0
669,11.15,2.3364337e-06,33.091904,33.091908,-2.8190585e-05,33.091908,0.000100566576,214,214,54,0.00095020584,0.009070682,1.164651e-05,0.20160483,0
670,11.166667,2.059999e-06,33.09188,33.09188,-2.6212227e-05,33.09188,0.00010053513,216,216,54,0.0009394234,0.0079707755,1.072576e-05,0.2016042,0
671,11.183333,1.9240154e-06,33.09185,33.091854,-2.7235561e-05,33.091854,0.00010057109,216,216,54,0.0009727999,0.007957577,1.0953639e-05,0.2016035,0
672,11.2,1.9460465e-06,33.09183,33.09183,-2.1923639e-05,33.09183,0.00010060272,216,216,54,0.0010529399,0.0073719206,1.22380325e-05,0.20160297,0
673,11.216666,2.08476e-06,33.09181,33.091812,-2.1474447e-05,33.091812,0.000100633944,216,216,54,0.001159958,0.006508306,1.4227108e-05,0.20160258,0
674,11.233334,2.4128085e-06,33.09178,33.091785,-2.5275234e-05,33.091785,0.00010053047,216,216,54,0.0012993847,0.0061841006,1.668597e-05,0.20160213,0
675,11.25,2.7484698e-06,33.09176,33.091763,-2.2108774e-05,33.091763,0.00010057252,216,216,54,0.0014264678,0.004923921,1.966531e-05,0.20160176,0
676,11.266666,3.4387194e-06,33.09173,33.091732,-3.172949e-05,33.091732,0.00010056778,216,216,54,0.0015755454,0.0050237216,2.2020116e-05,0.20160133,0
677,11.283334,4.0157315e-06,33.09169,33.091694,-3.583285e-05,33.091694,0.00010070999,216,216,54,0.0017349067,0.0057490254,2.4340845e-05,0.20160072,0
678,11.3,5.3420113e-06,33.09165,33.091652,-4.256506e-05,33.091652,0.00010064468,216,216,54,0.0019435907,0.0060392506,2.6657019e-05,0.20160006,0
679,11.316667,2.2151994e-06,33.091557,33.09156,-9.340332e-05,33.09156,0.00010067948,215,215,54,0.001088511,0.0026020103,1.4894874e-05,0.20159855,0
680,11.333333,3.1004845e-06,33.09143,33.091434,-0.0001246373,33.091434,0.000100724435,215,215,54,0.0013157239,0.003097834,1.026282e-05,0.20159616,0
681,11.35,3.5206847e-06,33.09131,33.091312,-0.00012377235,33.091312,0.00010076297,215,215,54,0.0014220193,0.0036764715,1.2752002e-05,0.20159379,0
682,11.366667,3.798514e-06,33.091187,33.09119,-0.000121254634,33.09119,0.000100827914,215,215,54,0.00149329,0.003941385,1.4502826e-05,0.20159136,0
683,11.383333,3.7000354e-06,33.091076,33.09108,-0.000110658104,33.09108,0.00010081392,215,215,54,0.0014778554,0.003740741,1.5483562e-05,0.20158923,0
684,11.4,3.284069e-06,33.090973,33.090977,-0.00010216408,33.090977,0.00010072047,215,215,54,0.0014055871,0.0037470763,1.5531561e-05,0.20158714,0
685,11.416667,2.768619e-06,33.090874,33.090878,-0.00010010225,33.090878,0.00010069566,215,215,54,0.001275693,0.0033750748,1.3971533e-05,0.20158513,0
686,11.433333,2.2838808e-06,33.090782,33.090782,-9.2922564e-05,33.090782,0.00010077342,215,215,54,0.001136136,0.0029988117,1.1359847e-05,0.20158343,0
687,11.45,2.0950586e-06,33.0907,33.0907,-8.4147636e-05,33.0907,0.00010066723,215,215,54,0.001060977,0.0023181117,9.020926e-06,0.20158195,0
688,11.466666,1.1563777e-06,33.09067,33.09067,-2.803826e-05,33.09067,0.000100527745,215,215,54,0.00083763496,0.0034835236,8.153198e-06,0.2015814,0
689,11.483334,1.1475361e-06,33.090595,33.0906,-7.4158605e-05,33.0906,0.00010052986,215,215,54,0.0007958319,0.002796107,7.989983e-06,0.20158,0
690,11.5,1.1844558e-06,33.090523,33.090523,-7.311531e-05,33.090523,0.00010053296,215,215,54,0.0007846822,0.0023523367,6.9306916e-06,0.20157869,0
691,11.516666,1.1961904e-06,33.09045,33.09045,-7.397178e-05,33.09045,0.000100526726,213,213,53,0.0007681683,0.0013230481,6.4634646e-06,0.20157734,0
692,11.533334,1.2380358e-06,33.090378,33.090378,-7.2279116e-05,33.090378,0.000100589015,213,213,53,0.00079507136,0.0016608201,7.0050933e-06,0.20157595,0
693,11.55,1.2530422e-06,33.090305,33.090305,-7.130842e-05,33.090305,0.000100612815,213,213,53,0.00080590014,0.0018205397,7.0989777e-06,0.20157462,0
694,11.566667,1.2501092e-06,33.090233,33.090233,-7.249015e-05,33.090233,0.00010058109,213,213,53,0.0007976673,0.0017085539,7.2576663e-06,0.20157328,0
695,11.583333,1.2607273e-06,33.09016,33.09016,-7.24766e-05,33.09016,0.000100515856,213,213,53,0.00080229517,0.0016364682,7.4951363e-06,0.20157179,0
696,11.6,1.2639846e-06,33.090084,33.090088,-7.481153e-05,33.090088,0.00010051501,215,215,54,0.000810072,0.0024845556,7.283059e-06,0.20157051,0
697,11.616667,1.250177e-06,33.090015,33.090015,-7.00072e-05,33.090015,0.00010050805,215,215,54,0.0007999732,0.0015780645,7.104064e-06,0.2015691,0
698,11.633333,1.240959e-06,33.08994,33.08994,-7.615404e-05,33.08994,0.0001005369,215,215,54,0.0007947445,0.0022410676,6.875898e-06,0.2015677,0
699,11.65,1.2332729e-06,33.08987,33.08987,-7.0998605e-05,33.08987,0.00010050196,215,215,54,0.0007870222,0.0014010246,6.8570193e-06,0.20156637,0
700,11.666667,1.2324614e-06,33.089794,33.089794,-7.531436e-05,33.089794,0.00010061156,215,215,54,0.00078691856,0.0021435334,6.6142884e-06,0.20156495,0
701,11.683333,1.2296233e-06,33.08972,33.089725,-7.032874e-05,33.089725,0.000100582765,215,215,54,0.0007886675,0.0015333669,6.808694e-06,0.20156366,0
702,11.7,1.2289585e-06,33.08965,33.08965,-7.365167e-05,33.08965,0.000100610865,215,215,54,0.0007849777,0.0013830336,6.8921386e-06,0.2015623,0
703,11.716666,1.2310205e-06,33.089577,33.089577,-7.2983916e-05,33.089577,0.00010058059,215,215,54,0.00078353303,0.0013603074,6.7693263e-06,0.20156097,0
704,11.733334,1.2300263e-06,33.089504,33.089508,-7.0825656e-05,33.089508,0.000100574,215,215,54,0.00078662304,0.0017499576,6.770904e-06,0.2015596,0
705,11.75,1.2197271e-06,33.089436,33.089436,-7.116747e-05,33.089436,0.00010048021,215,215,54,0.0007734671,0.0012999766,6.622372e-06,0.20155826,0
706,11.766666,1.1798173e-06,33.089363,33.089363,-7.269338e-05,33.089363,0.000100562436,215,215,54,0.0007672374,0.001604695,6.482771e-06,0.201557,0
707,11.783334,1.0546298e-06,33.089275,33.08928,-8.55803e-05,33.08928,0.00010051378,215,215,54,0.00072946656,0.0017913618,5.048298e-06,0.20155533,0
708,11.8,1.5137032e-06,33.089172,33.089172,-0.00010394912,33.089172,0.00010066402,216,216,54,0.00088745856,0.002540853,5.6094664e-06,0.2015533,0
709,11.816667,1.653497e-06,33.089092,33.089096,-7.916388e-05,33.089096,0.00010056351,216,216,54,0.00093616603,0.0024333163,6.582568e-06,0.20155182,0
710,11.833333,1.6337951e-06,33.08901,33.08901,-8.497605e-05,33.08901,0.00010058016,216,216,54,0.00093074935,0.003174331,6.546482e-06,0.20155017,0
711,11.85,1.2592145e-06,33.088924,33.08893,-8.28371e-05,33.08893,0.000100569734,216,216,54,0.0008111867,0.002333786,5.7864386e-06,0.20154856,0
712,11.866667,1.533193e-06,33.088837,33.08884,-8.6843684e-05,33.08884,0.00010058528,216,216,54,0.0008828838,0.002119512,5.20211e-06,0.20154692,0
713,11.883333,2.015906e-06,33.088753,33.088757,-8.3309846e-05,33.088757,0.00010066041,216,216,54,0.0010032745,0.0019753445,5.1228603e-06,0.20154537,0
714,11.9,1.5491337e-06,33.088684,33.088688,-6.979514e-05,33.088688,0.000100615376,216,216,54,0.0008952023,0.0026836009,5.5819473e-06,0.20154408,0
715,11.916667,1.4068323e-06,33.088608,33.088608,-7.7617166e-05,33.088608,0.000100565005,216,216,54,0.00085383863,0.002620672,5.4443044e-06,0.20154265,0
716,11.933333,1.1784726e-06,33.088524,33.088524,-8.33559e-05,33.088524,0.00010057631,216,216,54,0.00078762614,0.0025566583,5.483347e-06,0.201541,0
717,11.95,1.6889014e-06,33.088448,33.088448,-7.663193e-05,33.088448,0.00010051981,216,216,54,0.00090591307,0.002209771,4.485095e-06,0.20153958,0
718,11.966666,1.2035046e-06,33.08837,33.088375,-7.4635165e-05,33.088375,0.000100534206,216,216,54,0.0007787938,0.0022441188,4.127454e-06,0.20153826,0
719,11.983334,1.7256582e-06,33.088287,33.08829,-8.410168e-05,33.08829,0.00010058165,216,216,54,0.00091918395,0.0017232307,4.1857807e-06,0.20153661,0
720,12,9.328109e-07,33.088223,33.088226,-6.579859e-05,33.088226,0.00010064565,216,216,54,0.00068288064,0.0021376815,3.8093879e-06,0.20153534,0
721,12.016666,1.432183e-06,33.08814,33.088142,-8.36257e-05,33.088142,0.00010063224,216,216,54,0.0008368962,0.0018980526,3.5233375e-06,0.20153376,0
722,12.033334,9.922429e-07,33.088074,33.088074,-6.677572e-05,33.088074,0.00010058819,216,216,54,0.00071318325,0.0021230103,3.7579346e-06,0.20153253,0
723,12.05,1.5727795e-06,33.088005,33.08801,-6.6586515e-05,33.08801,0.000100562,216,216,54,0.00087011704,0.0025989038,3.8658422e-06,0.20153128,0
724,12.066667,1.7909792e-06,33.08793,33.08793,-7.858671e-05,33.08793,0.00010056361,216,216,54,0.00092756737,0.0020504051,3.447101e-06,0.20152982,0
725,12.083333,1.539652e-06,33.087856,33.087856,-7.2572286e-05,33.087856,0.000100551406,216,216,54,0.00086040644,0.0017866653,3.3185438e-06,0.20152849,0
726,12.1,1.7432949e-06,33.087788,33.087788,-6.829345e-05,33.087788,0.00010053212,216,216,54,0.0009090975,0.0020480254,3.2071111e-06,0.20152721,0
727,12.116667,1.4187772e-06,33.087704,33.087704,-8.262078e-05,33.087704,0.00010060863,213,213,53,0.00082306616,0.002111133,3.205747e-06,0.20152558,0
728,12.133333,1.6344511e-06,33.08763,33.08763,-7.24378e-05,33.08763,0.00010058587,213,213,53,0.00088250317,0.0014722939,3.2470978e-06,0.20152426,0
729,12.15,1.5175268e-06,33.087566,33.087566,-6.545517e-05,33.087566,0.000100559046,213,213,53,0.0008559866,0.0021217305,3.270634e-06,0.20152317,0
730,12.166667,1.8499859e-06,33.08749,33.08749,-7.6144875e-05,33.08749,0.00010057619,213,213,53,0.00094000384,0.0015838337,3.2198654e-06,0.20152171,0
731,12.183333,9.549753e-07,33.087433,33.087433,-5.675672e-05,33.087433,0.00010059032,213,213,53,0.0006747234,0.0023697705,3.3510046e-06,0.2015207,0
732,12.2,1.1247782e-06,33.087357,33.087357,-7.747132e-05,33.087357,0.00010054629,213,213,53,0.0007264535,0.0010917708,3.0617302e-06,0.20151928,0
733,12.216666,1.2686653e-06,33.087284,33.087284,-7.1512055e-05,33.087284,0.000100637866,213,213,53,0.000766371,0.0017158263,3.2052362e-06,0.20151792,0
734,12.233334,1.8397599e-06,33.087204,33.087204,-8.106015e-05,33.087204,0.00010061706,213,213,53,0.0009440014,0.0017981902,3.3753365e-06,0.20151654,0
735,12.25,1.4606212e-06,33.087128,33.087128,-7.6191456e-05,33.087128,0.00010069482,213,213,53,0.00084848853,0.0018906237,3.7804596e-06,0.20151514,0
736,12.266666,1.1998111e-06,33.087063,33.087063,-6.526655e-05,33.087063,0.00010059524,213,213,53,0.00077008305,0.0025189568,3.7580724e-06,0.20151399,0
737,12.283334,1.537884e-06,33.08698,33.086983,-8.195819e-05,33.086983,0.000100561454,213,213,53,0.000855685,0.0015115538,3.293048e-06,0.2015124,0
738,12.3,1.2822053e-06,33.086914,33.086914,-6.725648e-05,33.086914,0.00010064026,213,213,53,0.0007781772,0.0018044417,3.36677e-06,0.20151131,0
739,12.316667,1.1733508e-06,33.08685,33.08685,-6.428332e-05,33.08685,0.00010055661,213,213,53,0.00074465014,0.0012956517,3.246632e-06,0.20151009,0
740,12.333333,8.830898e-07,33.08678,33.08678,-6.7956076e-05,33.08678,0.0001005965,213,213,53,0.00064518565,0.0014699197,3.1760196e-06,0.20150891,0
741,12.35,2.084016e-06,33.08669,33.086693,-9.007311e-05,33.086693,0.00010058415,213,213,53,0.0009883116,0.0013999755,2.8112227e-06,0.20150717,0
742,12.366667,4.440881e-06,33.086548,33.08655,-0.0001391262,33.08655,0.000100954014,213,213,53,0.0014864884,0.0023515583,5.506001e-06,0.20150438,0
743,12.383333,6.502313e-06,33.086395,33.086403,-0.00015056074,33.086403,0.000101145386,213,213,53,0.0018337201,0.0033132096,1.1082686e-05,0.20150131,0
744,12.4,7.6413635e-06,33.086254,33.08626,-0.00014051028,33.08626,0.00010127892,213,213,53,0.0020377324,0.004308132,1.6004895e-05,0.20149836,0
745,12.416667,1.08110535e-05,33.086098,33.08611,-0.00015178004,33.08611,0.00010144874,212,212,52,0.0024797965,0.005639221,2.1700365e-05,0.20149505,0
746,12.433333,1.3269617e-05,33.08594,33.085957,-0.00015315619,33.085957,0.00010151736,212,212,52,0.0028418354,0.006970057,2.9347875e-05,0.20149156,0
747,12.45,1.5490063e-05,33.085793,33.085808,-0.0001482404,33.085808,0.00010157351,212,212,52,0.0031600436,0.008330944,3.684936e-05,0.20148812,0
748,12.466666,1.841228e-05,33.085644,33.085663,-0.00014687362,33.085663,0.000101527985,212,212,52,0.003461708,0.009278949,4.2725133e-05,0.20148471,0
749,12.483334,1.8586945e-05,33.08549,33.08551,-0.00014978742,33.08551,0.00010157594,212,212,52,0.0035445737,0.009785327,4.6656583e-05,0.20148113,0
750,12.5,1.9517112e-05,33.085354,33.085373,-0.00013889036,33.085373,0.000101632846,212,212,52,0.0036580956,0.010144364,4.9325296e-05,0.20147781,0
751,12.516666,2.0130577e-05,33.0852,33.08522,-0.00015184244,33.08522,0.00010149654,209,209,51,0.0036801926,0.010181068,5.039235e-05,0.20147425,0
752,12.533334,2.1376065e-05,33.085052,33.085075,-0.00014688779,33.085075,0.00010149264,209,209,51,0.0037617756,0.010221011,5.0199804e-05,0.20147087,0
753,12.55,1.9828207e-05,33.08492,33.084938,-0.00013671324,33.084938,0.00010156488,208,208,51,0.0036568968,0.009987145,4.976448e-05,0.2014676,0
754,12.566667,1.9262941e-05,33.084766,33.084785,-0.00015102612,33.084785,0.0001015555,208,208,51,0.0035875712,0.009769847,4.876867e-05,0.20146404,0
755,12.583333,2.0819003e-05,33.084614,33.084637,-0.00015089984,33.084637,0.00010160601,208,208,51,0.0036637064,0.009606491,4.787712e-05,0.20146057,0
756,12.6,1.8098983e-05,33.0845,33.08452,-0.00011710352,33.08452,0.00010157919,208,208,51,0.0034898485,0.009705493,4.675509e-05,0.20145762,0
757,12.616667,1.7253124e-05,33.084396,33.084415,-0.000104090264,33.084415,0.00010154665,208,208,51,0.003393758,0.009512442,4.549588e-05,0.20145483,0
758,12.633333,1.6959519e-05,33.08431,33.084324,-8.9905094e-05,33.084324,0.00010150237,209,209,51,0.003320408,0.008729139,4.3676242e-05,0.20145229,0
759,12.65,1.5632893e-05,33.084213,33.08423,-9.6424534e-05,33.08423,0.000101495476,213,213,52,0.0031810382,0.008477427,4.1445302e-05,0.20144975,0
760,12.666667,1.5002788e-05,33.084126,33.08414,-8.591896e-05,33.08414,0.0001015701,213,213,52,0.0030914238,0.008031756,3.9254384e-05,0.20144741,0
761,12.683333,1.4594609e-05,33.084026,33.084038,-0.00010265505,33.084038,0.00010160056,212,212,52,0.0030239767,0.0077713337,3.737346e-05,0.20144475,0
762,12.7,1.3753567e-05,33.08394,33.083954,-8.646241e-05,33.083954,0.00010158483,212,212,52,0.002936763,0.0074312715,3.6320132e-05,0.20144238,0
763,12.716666,1.543245e-05,33.08384,33.083855,-9.824042e-05,33.083855,0.000101668484,212,212,52,0.003055853,0.0075808424,3.5489065e-05,0.20143974,0
764,12.733334,1.3717779e-05,33.08375,33.083767,-8.833357e-05,33.083767,0.000101572026,212,212,52,0.0029202797,0.0075647268,3.495914e-05,0.20143731,0
765,12.75,1.3871353e-05,33.08366,33.083675,-9.028919e-05,33.083675,0.000101590784,212,212,52,0.0029104627,0.0070620687,3.450504e-05,0.20143487,0
766,12.766666,1.3810795e-05,33.083565,33.08358,-9.582348e-05,33.08358,0.000101586025,212,212,52,0.0028883137,0.006789979,3.38422e-05,0.20143227,0
767,12.783334,1.4156591e-05,33.083466,33.083477,-0.000101402315,33.083477,0.0001015586,212,212,52,0.0029242588,0.0071218675,3.3588065e-05,0.20142953,0
768,12.8,1.3786756e-05,33.08338,33.083397,-8.249984e-05,33.083397,0.00010162086,212,212,52,0.0028906695,0.0070516947,3.3678323e-05,0.2014273,0
769,12.816667,1.4482228e-05,33.083286,33.083298,-9.689626e-05,33.083298,0.00010158857,212,212,52,0.0029242176,0.006629878,3.3218083e-05,0.20142469,0
770,12.833333,1.3300244e-05,33.0832,33.08321,-8.896467e-05,33.08321,0.00010163531,212,212,52,0.0028304511,0.006764068,3.2649772e-05,0.20142218,0
771,12.85,1.3742679e-05,33.083107,33.08312,-9.0166584e-05,33.08312,0.00010160094,212,212,52,0.0028644756,0.006671162,3.2456745e-05,0.2014197,0
772,12.866667,1.2784531e-05,33.08301,33.083027,-9.406099e-05,33.083027,0.00010162354,212,212,52,0.0027692255,0.006500627,3.1997166e-05,0.20141713,0
773,12.883333,1.3240698e-05,33.082916,33.08293,-9.4974246e-05,33.08293,0.00010153646,211,211,52,0.0027977633,0.006415666,3.143259e-05,0.20141448,0
774,12.9,1.3486748e-05,33.08282,33.082836,-9.501811e-05,33.082836,0.000101641235,211,211,52,0.0028073152,0.0065155616,3.0904863e-05,0.20141202,0
775,12.916667,1.2549964e-05,33.082745,33.082756,-7.8910416e-05,33.082756,0.000101570055,211,211,52,0.0027284864,0.006416846,3.0465295e-05,0.20140968,0
776,12.933333,1.3602006e-05,33.08264,33.082653,-0.00010285738,33.082653,0.00010163432,214,214,53,0.002806108,0.0062579135,2.9724402e-05,0.20140693,0
777,12.95,1.3048257e-05,33.082554,33.08257,-8.567635e-05,33.08257,0.00010158622,214,214,53,0.00274686,0.00604331,2.9680823e-05,0.20140454,0
778,12.966666,1.2653462e-05,33.082466,33.082478,-9.0172536e-05,33.082478,0.000101666454,214,214,53,0.0027065168,0.0060308143,2.9420926e-05,0.2014021,0
779,12.983334,1.2381024e-05,33.08238,33.08239,-8.872014e-05,33.08239,0.000101630176,214,214,53,0.0026685556,0.0057706954,2.8488193e-05,0.20139965,0
780,13,1.180009e-05,33.082283,33.082294,-9.534633e-05,33.082294,0.00010162863,214,214,53,0.0026008424,0.005604445,2.776998e-05,0.20139709,0
781,13.016666,1.1701377e-05,33.082195,33.082207,-8.572008e-05,33.082207,0.00010161668,214,214,53,0.0025927084,0.0056242296,2.73308e-05,0.20139469,0
782,13.033334,1.150162e-05,33.082108,33.08212,-8.9977504e-05,33.08212,0.00010161024,214,214,53,0.002562307,0.005678626,2.6721022e-05,0.20139222,0
783,13.05,1.1489162e-05,33.082012,33.082024,-9.5110365e-05,33.082024,0.000101581594,214,214,53,0.0025457046,0.0052416995,2.6105285e-05,0.2013896,0
784,13.066667,1.2256817e-05,33.081917,33.08193,-9.433025e-05,33.08193,0.000101609585,214,214,53,0.0026145983,0.0053149927,2.5944624e-05,0.20138697,0
785,13.083333,1.2370909e-05,33.081837,33.08185,-8.1350896e-05,33.08185,0.00010156127,214,214,53,0.0026116858,0.005188653,2.5652831e-05,0.20138462,0
786,13.1,1.2157342e-05,33.08174,33.081753,-9.4480194e-05,33.081753,0.00010157526,214,214,53,0.002586251,0.0052646943,2.4699626e-05,0.2013821,0
787,13.116667,1.15517305e-05,33.08165,33.081665,-9.02171e-05,33.081665,0.000101590056,214,214,53,0.0025331716,0.005380324,2.442331e-05,0.20137973,0
788,13.133333,1.1481203e-05,33.08157,33.08158,-8.220054e-05,33.08158,0.00010166795,214,214,53,0.0025141994,0.0049527953,2.426633e-05,0.20137738,0
789,13.15,1.241543e-05,33.081474,33.08149,-9.2501126e-05,33.08149,0.00010158359,214,214,53,0.0025885433,0.0049235523,2.3893252e-05,0.20137493,0
790,13.166667,1.1432261e-05,33.08139,33.0814,-8.477573e-05,33.0814,0.00010151175,214,214,53,0.002496435,0.004852848,2.3338529e-05,0.20137261,0
791,13.183333,1.2661999e-05,33.0813,33.08131,-9.1706854e-05,33.08131,0.00010160118,210,210,52,0.002590727,0.004680009,2.2675724e-05,0.20137006,0
792,13.2,1.1077054e-05,33.08121,33.081223,-8.83701e-05,33.081223,0.000101565,209,209,52,0.0024415145,0.004628364,2.217628e-05,0.20136768,0
793,13.216666,1.0611162e-05,33.081123,33.081135,-8.841483e-05,33.081135,0.00010162821,209,209,52,0.0023935074,0.0046330066,2.1648171e-05,0.20136522,0
794,13.233334,1.14494305e-05,33.08103,33.081043,-9.3262104e-05,33.081043,0.00010165656,209,209,52,0.0024611454,0.0044560297,2.1165632e-05,0.20136265,0
795,13.25,1.1081031e-05,33.080956,33.080967,-7.5515694e-05,33.080967,0.00010167194,209,209,52,0.0024244774,0.0043363385,2.0901478e-05,0.20136051,0
796,13.266666,1.0518266e-05,33.08086,33.08087,-9.48294e-05,33.08087,0.000101656835,209,209,52,0.0023182083,0.0060416283,1.9771547e-05,0.20135805,0
797,13.283334,9.743723e-06,33.08079,33.080803,-6.943789e-05,33.080803,0.00010166997,209,209,52,0.002111136,0.0072559305,1.3876413e-05,0.20135619,0
798,13.3,9.133556e-06,33.080723,33.08073,-6.9938535e-05,33.08073,0.00010166808,209,209,52,0.0020358993,0.0060837637,8.960185e-06,0.2013542,0
799,13.316667,9.048901e-06,33.080696,33.080704,-2.6685468e-05,33.080704,0.00010162859,209,209,52,0.0020791278,0.0049825925,6.77938e-06,0.20135295,0
800,13.333333,9.1055845e-06,33.080666,33.080673,-3.21968e-05,33.080673,0.0001015856,209,209,52,0.0021604064,0.005685356,1.2758e-05,0.20135164,0
801,13.35,1.0563121e-05,33.08064,33.08065,-2.3979492e-05,33.08065,0.00010168152,209,209,52,0.0024133655,0.0066902013,1.9402365e-05,0.20135064,0
802,13.366667,1.1430925e-05,33.080616,33.080627,-2.0412846e-05,33.080627,0.000101626196,209,209,52,0.0025829969,0.007710992,2.4886922e-05,0.20134972,0
803,13.383333,1.223316e-05,33.0806,33.080612,-1.5823272e-05,33.080612,0.00010166199,209,209,52,0.0027245944,0.008657067,2.921053e-05,0.20134889,0
804,13.4,1.2678719e-05,33.080585,33.080597,-1.4683654e-05,33.080597,0.00010164821,209,209,52,0.0028317068,0.009153309,3.261383e-05,0.20134816,0
805,13.416667,1.34494485e-05,33.080574,33.080585,-1.1532147e-05,33.080585,0.00010168062,209,209,52,0.002942687,0.009602129,3.522263e-05,0.20134756,0
806,13.433333,1.3959213e-05,33.08056,33.080574,-1.2458131e-05,33.080574,0.000101629805,210,210,52,0.0030184432,0.009898872,3.7126545e-05,0.201347,0
807,13.45,1.402028e-05,33.080555,33.08057,-3.7628001e-06,33.08057,0.00010164152,210,210,52,0.0030565492,0.0101969885,3.871416e-05,0.20134653,0
808,13.466666,1.46297225e-05,33.08055,33.080563,-6.5395257e-06,33.080563,0.00010153835,210,210,52,0.0031322553,0.010302749,4.016379e-05,0.20134607,0
809,13.483334,1.4522749e-05,33.08054,33.080555,-1.0248534e-05,33.080555,0.0001016359,210,210,52,0.0031386998,0.010443,4.1170897e-05,0.20134549,0
810,13.5,1.4573933e-05,33.080532,33.080547,-6.9315292e-06,33.080547,0.000101635495,211,211,53,0.003141154,0.010490999,4.1495856e-05,0.20134495,0
811,13.516666,1.4700274e-05,33.08053,33.080544,-4.861311e-06,33.080544,0.00010163732,211,211,53,0.003141547,0.010330054,4.1367173e-05,0.20134448,0
812,13.533334,1.4239623e-05,33.08052,33.080532,-8.939661e-06,33.080532,0.000101591686,211,211,53,0.0030840416,0.010333642,4.086082e-05,0.20134395,0
813,13.55,1.429844e-05,33.08051,33.080524,-9.251467e-06,33.080524,0.0001016496,212,212,53,0.0030755107,0.009854937,4.0093186e-05,0.20134333,0
814,13.566667,1.3656137e-05,33.0805,33.080513,-1.0118843e-05,33.080513,0.000101600584,212,212,53,0.0029991532,0.009610451,3.9106166e-05,0.20134269,0
815,13.583333,1.3655664e-05,33.08049,33.080505,-8.645738e-06,33.080505,0.00010158101,212,212,53,0.0029717959,0.009326863,3.7989437e-05,0.20134209,0
816,13.6,1.3200387e-05,33.08048,33.08049,-1.4420703e-05,33.08049,0.00010158542,212,212,53,0.0029006542,0.0090857055,3.676419e-05,0.20134138,0
817,13.616667,1.28467955e-05,33.080467,33.08048,-1.1991447e-05,33.08048,0.00010160159,213,213,53,0.0028401671,0.008762162,3.5415516e-05,0.20134075,0
818,13.633333,1.2001736e-05,33.080452,33.080463,-1.4477976e-05,33.080463,0.00010163867,213,213,53,0.0027367636,0.008460033,3.400269e-05,0.20134003,0
819,13.65,1.1946658e-05,33.080433,33.080444,-1.9340669e-05,33.080444,0.00010161732,213,213,53,0.002698173,0.008240463,3.255494e-05,0.20133917,0
820,13.666667,1.1868249e-05,33.080418,33.08043,-1.43763455e-05,33.08043,0.00010165932,212,212,53,0.0026633784,0.007588324,3.1094994e-05,0.2013384,0
821,13.683333,1.1675629e-05,33.0804,33.08041,-2.213829e-05,33.08041,0.00010158525,212,212,53,0.0026184474,0.007311634,2.9740946e-05,0.20133738,0
822,13.7,1.130207e-05,33.080376,33.080387,-2.1487955e-05,33.080387,0.000101622856,212,212,53,0.0025529636,0.0071525453,2.8428107e-05,0.20133638,0
823,13.716666,1.1174058e-05,33.08035,33.08036,-2.623006e-05,33.08036,0.00010158053,212,212,53,0.0025173894,0.0067079426,2.710145e-05,0.20133533,0
824,13.733334,1.0565134e-05,33.08033,33.080338,-2.2055829e-05,33.080338,0.00010165349,212,212,53,0.0024334565,0.0066398396,2.5826961e-05,0.20133421,0
825,13.75,1.0743645e-05,33.0803,33.08031,-2.6921067e-05,33.08031,0.0001015995,213,213,53,0.0024273202,0.006149298,2.456363e-05,0.201333,0
826,13.766666,1.0494331e-05,33.080276,33.080288,-2.3192515e-05,33.080288,0.00010164661,213,213,53,0.0023817501,0.005855877,2.330652e-05,0.20133184,0
827,13.783334,1.0331711e-05,33.080246,33.080257,-3.2083597e-05,33.080257,0.00010162546,213,213,53,0.0023440793,0.0055434485,2.201668e-05,0.20133059,0
828,13.8,1.0004967e-05,33.080223,33.080235,-2.3269944e-05,33.080235,0.000101673875,213,213,53,0.0022892524,0.005298814,2.0744154e-05,0.20132948,0
829,13.816667,1.000422e-05,33.08019,33.080196,-3.508057e-05,33.080196,0.00010157412,213,213,53,0.0022697952,0.00506998,1.9518837e-05,0.20132807,0
830,13.833333,9.40382e-06,33.08016,33.080166,-3.16901e-05,33.080166,0.00010158364,213,213,53,0.0021890842,0.004645461,1.8271088e-05,0.20132674,0
831,13.85,9.372585e-06,33.080124,33.080135,-3.261723e-05,33.080135,0.00010166508,213,213,53,0.0021728014,0.00434461,1.7349923e-05,0.20132537,0
832,13.866667,9.383207e-06,33.080093,33.080105,-3.058031e-05,33.080105,0.00010160577,213,213,53,0.002164163,0.0040799985,1.6567714e-05,0.20132394,0
833,13.883333,9.508336e-06,33.08006,33.08007,-3.4123415e-05,33.08007,0.000101506426,213,213,53,0.0021649557,0.0039517833,1.5641643e-05,0.20132251,0
834,13.9,9.419104e-06,33.08003,33.080036,-3.2675227e-05,33.080036,0.0001016638,210,210,52,0.0021395732,0.0036426391,1.4576203e-05,0.20132108,0
835,13.916667,8.78952e-06,33.079998,33.08001,-2.8061671e-05,33.08001,0.00010167611,210,210,52,0.0020567281,0.0033063479,1.3381887e-05,0.20131972,0
836,13.933333,9.3591625e-06,33.079967,33.079975,-3.1850097e-05,33.079975,0.00010162349,210,210,52,0.0021087304,0.0034125322,1.2112373e-05,0.20131837,0
837,13.95,9.274544e-06,33.079933,33.079945,-3.316938e-05,33.079945,0.00010168634,210,210,52,0.0020912702,0.00356361,1.0880603e-05,0.20131683,0
838,13.966666,8.807489e-06,33.0799,33.07991,-3.438309e-05,33.07991,0.00010159216,210,210,52,0.0020297326,0.0035776068,9.751438e-06,0.20131528,0
839,13.983334,8.797223e-06,33.07987,33.079876,-3.1099968e-05,33.079876,0.00010163609,210,210,52,0.0020227856,0.0037682247,8.722185e-06,0.20131396,0
840,14,9.164083e-06,33.079834,33.079845,-3.3881686e-05,33.079845,0.00010160599,210,210,52,0.002061089,0.003926578,7.960432e-06,0.20131235,0
841,14.016666,9.008831e-06,33.0798,33.07981,-3.3905035e-05,33.07981,0.000101565085,210,210,52,0.0020374067,0.003882829,7.400181e-06,0.20131078,0
842,14.033334,9.1264155e-06,33.079765,33.079773,-3.6458532e-05,33.079773,0.0001015497,210,210,52,0.0020505006,0.003987047,7.105239e-06,0.20130926,0
843,14.05,8.947826e-06,33.079727,33.07974,-3.6754707e-05,33.07974,0.000101615406,210,210,52,0.0020295063,0.003991493,6.9292864e-06,0.20130762,0
844,14.066667,8.955886e-06,33.07969,33.079697,-3.9726903e-05,33.079697,0.00010168896,210,210,52,0.0020307407,0.003926815,6.835125e-06,0.20130594,0
845,14.083333,9.080801e-06,33.079655,33.079666,-3.1629806e-05,33.079666,0.00010169359,210,210,52,0.0020448961,0.0040894183,6.761822e-06,0.20130444,0
846,14.1,8.582153e-06,33.07962,33.079628,-3.591098e-05,33.079628,0.00010165083,210,210,52,0.001987622,0.003937059,6.65624e-06,0.20130287,0
847,14.116667,9.097696e-06,33.079582,33.079594,-3.6891848e-05,33.079594,0.00010160453,211,211,52,0.002048583,0.004094355,6.4187143e-06,0.20130122,0
848,14.133333,8.9743435e-06,33.079548,33.079556,-3.6533216e-05,33.079556,0.00010162336,211,211,52,0.0020350865,0.003996108,6.251147e-06,0.20129953,0
849,14.15,8.967922e-06,33.07951,33.079517,-3.891011e-05,33.079517,0.00010160324,211,211,52,0.002033919,0.0039283764,5.9644744e-06,0.20129775,0
850,14.166667,8.98464e-06,33.07947,33.079483,-3.5728124e-05,33.079483,0.00010159295,211,211,52,0.002039602,0.0051254947,5.6568892e-06,0.20129597,0
851,14.183333,8.624574e-06,33.079437,33.079445,-3.6936184e-05,33.079445,0.00010160251,211,211,52,0.001995843,0.006784697,5.4410298e-06,0.20129421,0
852,14.2,9.042256e-06,33.07939,33.079403,-4.2642383e-05,33.079403,0.00010164257,211,211,52,0.0020471993,0.008354012,5.399666e-06,0.20129226,0
853,14.216666,8.917708e-06,33.079357,33.079365,-3.5703135e-05,33.079365,0.00010168559,211,211,52,0.002033058,0.010073365,5.448885e-06,0.20129038,0
854,14.233334,8.917389e-06,33.07931,33.079323,-4.422417e-05,33.079323,0.00010161176,211,211,52,0.0020362718,0.011609566,5.6762597e-06,0.20128839,0
855,14.25,8.857304e-06,33.079277,33.079285,-3.7966245e-05,33.079285,0.000101599675,211,211,52,0.0020325538,0.01313731,5.9792555e-06,0.20128639,0
856,14.266666,9.457453e-06,33.07923,33.079243,-4.1961153e-05,33.079243,0.00010158068,211,211,52,0.0021073378,0.014468868,6.466011e-06,0.20128427,0
857,14.283334,9.068084e-06,33.079197,33.079205,-3.796302e-05,33.079205,0.00010171871,211,211,52,0.002065474,0.015699893,6.9368984e-06,0.20128216,0
858,14.3,9.557881e-06,33.07915,33.079163,-4.1738993e-05,33.079163,0.0001016732,211,211,52,0.0021241135,0.016893053,7.350187e-06,0.20128001,0
859,14.316667,9.632355e-06,33.079113,33.07912,-4.0159255e-05,33.07912,0.00010162682,210,210,52,0.0021354728,0.017613163,7.7233035e-06,0.20127796,0
860,14.333333,9.029736e-06,33.07907,33.079082,-4.033758e-05,33.079082,0.00010163782,210,210,52,0.0020667925,0.018319117,8.095512e-06,0.20127577,0
861,14.35,9.684093e-06,33.07903,33.07904,-4.2405707e-05,33.07904,0.000101594625,209,209,51,0.0021413672,0.01867414,8.334304e-06,0.20127352,0
862,14.366667,9.099086e-06,33.07899,33.079,-4.1317504e-05,33.079,0.0001016724,209,209,51,0.0020793122,0.01873509,8.417595e-06,0.20127133,0
863,14.383333,9.69923e-06,33.07895,33.078957,-4.046486e-05,33.078957,0.00010165824,209,209,51,0.0021326493,0.017003436,8.2523475e-06,0.20126928,0
864,14.4,9.269897e-06,33.078915,33.078926,-3.2350308e-05,33.078926,0.00010152759,210,210,51,0.0020800831,0.019863274,8.8316365e-06,0.20126794,0
865,14.416667,9.5882e-06,33.07888,33.07889,-3.509403e-05,33.07889,0.00010160093,210,210,51,0.0021172015,0.021390224,9.978677e-06,0.20126644,0
866,14.433333,9.575881e-06,33.07885,33.07886,-2.9938232e-05,33.07886,0.00010164704,210,210,51,0.0021216536,0.02214987,1.08162485e-05,0.20126498,0
867,14.45,9.703491e-06,33.078815,33.078827,-3.3954682e-05,33.078827,0.00010157623,209,209,51,0.0021457032,0.022125855,1.10376295e-05,0.20126344,0
868,14.466666,9.612849e-06,33.07878,33.078793,-3.5502973e-05,33.078793,0.00010152914,209,209,51,0.0021340873,0.021132195,1.079375e-05,0.20126203,0
869,14.483334,9.128759e-06,33.07875,33.07876,-3.290383e-05,33.07876,0.00010166673,209,209,51,0.0020747872,0.020961087,1.05328145e-05,0.20126055,0
870,14.5,9.371713e-06,33.078716,33.078724,-3.3839337e-05,33.078724,0.00010168181,209,209,51,0.0020949189,0.02040596,1.0078826e-05,0.20125917,0
871,14.516666,9.03157e-06,33.078686,33.078697,-2.743972e-05,33.078697,0.00010158179,209,209,51,0.0020504605,0.020172441,9.533407e-06,0.20125787,0
872,14.533334,8.9865525e-06,33.078655,33.078663,-3.3129778e-05,33.078663,0.000101601254,209,209,51,0.0020469865,0.019636586,9.0602925e-06,0.20125645,0
873,14.55,9.143526e-06,33.078625,33.078636,-2.8605156e-05,33.078636,0.00010161327,209,209,51,0.0020630346,0.018962376,8.547689e-06,0.20125513,0
874,14.566667,9.23215e-06,33.07859,33.0786,-3.482494e-05,33.0786,0.00010160126,209,209,51,0.002072101,0.018406374,8.152466e-06,0.20125376,0
875,14.583333,9.466415e-06,33.07856,33.07857,-2.8860375e-05,33.07857,0.0001016771,209,209,51,0.0020953394,0.017037686,7.5874837e-06,0.20125249,0
876,14.6,8.789297e-06,33.078537,33.078545,-2.727793e-05,33.078545,0.00010164212,209,209,51,0.0020188792,0.016227165,7.021381e-06,0.20125136,0
877,14.616667,9.058746e-06,33.078503,33.078514,-3.148527e-05,33.078514,0.00010160325,209,209,51,0.002039133,0.016618056,6.7332967e-06,0.20125018,0
878,14.633333,9.186994e-06,33.078472,33.078484,-3.0296433e-05,33.078484,0.00010161656,206,206,50,0.0020547681,0.016497474,6.3605917e-06,0.20124891,0
879,14.65,9.088447e-06,33.07844,33.078453,-2.9858207e-05,33.078453,0.00010166488,206,206,50,0.0020376514,0.016498338,6.0899806e-06,0.20124765,0
880,14.666667,8.956234e-06,33.078415,33.078426,-2.7231792e-05,33.078426,0.00010164894,206,206,50,0.0020287032,0.014826595,5.5511164e-06,0.20124653,0
881,14.683333,9.453273e-06,33.078384,33.078396,-2.992764e-05,33.078396,0.00010155165,206,206,50,0.002084929,0.014662445,5.4492857e-06,0.20124538,0
882,14.7,8.617741e-06,33.07836,33.07837,-2.5773794e-05,33.07837,0.0001016346,207,207,50,0.00198991,0.013972135,5.1186607e-06,0.20124428,0
883,14.716666,8.894644e-06,33.078335,33.078346,-2.4328849e-05,33.078346,0.00010158504,208,208,50,0.002014204,0.014208102,4.839549e-06,0.2012433,0
884,14.733334,9.009608e-06,33.07831,33.078316,-2.9312185e-05,33.078316,0.00010160119,208,208,50,0.0020314383,0.013455345,4.5632896e-06,0.20124212,0
885,14.75,8.894083e-06,33.07828,33.07829,-2.5718808e-05,33.07829,0.00010162455,208,208,50,0.0020180843,0.012670978,4.1689163e-06,0.2012411,0
886,14.766666,9.192233e-06,33.078255,33.078262,-2.6967684e-05,33.078262,0.00010164315,208,208,50,0.0020516072,0.012681641,4.0470395e-06,0.20124015,0
887,14.783334,8.911863e-06,33.078228,33.07824,-2.4719868e-05,33.07824,0.00010160293,208,208,50,0.0020208326,0.011605293,3.6505955e-06,0.20123921,0
888,14.8,8.861088e-06,33.078205,33.078213,-2.4656527e-05,33.078213,0.000101623715,208,208,50,0.0020163092,0.011436396,3.5255168e-06,0.20123832,0
889,14.816667,8.826695e-06,33.07818,33.078186,-2.81315e-05,33.078186,0.000101645164,208,208,50,0.0020091296,0.011367259,3.2477506e-06,0.20123738,0
890,14.833333,9.300795e-06,33.07815,33.07816,-2.6292968e-05,33.07816,0.00010166318,208,208,50,0.0020638488,0.010903988,3.117963e-06,0.20123641,0
891,14.85,8.9157e-06,33.07813,33.078136,-2.1998256e-05,33.078136,0.0001016172,208,208,50,0.0020193758,0.010479607,3.1272366e-06,0.2012356,0
892,14.866667,8.78846e-06,33.078102,33.078114,-2.5065501e-05,33.078114,0.000101576516,207,207,50,0.0020002935,0.01092351,3.3213582e-06,0.20123474,0
893,14.883333,8.6603195e-06,33.07808,33.078087,-2.5731424e-05,33.078087,0.00010163333,207,207,50,0.0019882428,0.010624237,3.1914624e-06,0.20123385,0
894,14.9,8.896919e-06,33.078053,33.07806,-2.6530468e-05,33.07806,0.00010162644,207,207,50,0.0020173003,0.0100737065,3.1542386e-06,0.20123291,0
895,14.916667,9.132173e-06,33.078026,33.078037,-2.4037989e-05,33.078037,0.00010160903,207,207,50,0.0020466226,0.0099188965,3.328168e-06,0.2012321,0
896,14.933333,8.743398e-06,33.078007,33.07802,-1.8843088e-05,33.07802,0.00010165719,207,207,50,0.0019961188,0.009555216,3.1813527e-06,0.20123138,0
897,14.95,8.485629e-06,33.077984,33.07799,-2.6193562e-05,33.07799,0.00010162351,207,207,50,0.001963605,0.010030115,3.3811373e-06,0.20123051,0
898,14.966666,8.8738325e-06,33.077957,33.077965,-2.6711376e-05,33.077965,0.00010164459,207,207,50,0.0020144251,0.0091325585,3.186747e-06,0.2012296,0
899,14.983334,9.257682e-06,33.077934,33.07794,-2.122931e-05,33.07794,0.000101687816,207,207,50,0.002058599,0.009072759,3.5247e-06,0.2012288,0
900,15,8.480692e-06,33.07791,33.07792,-2.3886447e-05,33.07792,0.00010162585,207,207,50,0.0019672182,0.009411437,3.4232462e-06,0.20122798,0
901,15.016666,9.254387e-06,33.07788,33.077892,-2.7988433e-05,33.077892,0.000101641526,207,207,50,0.0020620627,0.008626873,3.3344638e-06,0.2012271,0
902,15.033334,8.888103e-06,33.077866,33.077873,-1.8321833e-05,33.077873,0.00010168588,205,205,49,0.0020163034,0.008879041,3.2489024e-06,0.20122638,0
903,15.05,8.874433e-06,33.07784,33.077847,-2.6281974e-05,33.077847,0.00010162262,205,205,49,0.0020143744,0.008982218,3.5203307e-06,0.20122555,0
904,15.066667,8.637403e-06,33.077816,33.077827,-2.0686404e-05,33.077827,0.00010170101,205,205,49,0.0019828714,0.008730534,3.267363e-06,0.20122479,0
905,15.083333,9.245996e-06,33.077793,33.0778,-2.4163415e-05,33.0778,0.000101603946,205,205,49,0.0020575293,0.008290849,3.4789655e-06,0.201224,0
906,15.1,8.754386e-06,33.07777,33.077778,-2.3268556e-05,33.077778,0.00010162787,205,205,49,0.0020013105,0.007787027,3.3871697e-06,0.20122321,0
907,15.116667,8.623439e-06,33.077747,33.077755,-2.3240404e-05,33.077755,0.00010164526,205,205,49,0.0019809033,0.008379871,3.445988e-06,0.20122245,0
908,15.133333,8.837659e-06,33.077724,33.077736,-2.040141e-05,33.077736,0.00010163346,206,206,49,0.0020138386,0.007290755,3.4084521e-06,0.2012217,0
909,15.15,8.382438e-06,33.0777,33.07771,-2.3897188e-05,33.07771,0.000101624166,205,205,49,0.0019524349,0.007979069,3.5017138e-06,0.20122097,0
910,15.166667,9.059773e-06,33.07768,33.077686,-2.4094672e-05,33.077686,0.000101594,205,205,49,0.0020372188,0.006887737,3.2998407e-06,0.20122015,0
911,15.183333,9.060012e-06,33.077656,33.077663,-2.2776707e-05,33.077663,0.00010161083,205,205,49,0.0020384456,0.0076634996,3.6188837e-06,0.20121942,0
912,15.2,8.890227e-06,33.077633,33.07764,-2.1782946e-05,33.07764,0.00010162591,205,205,49,0.002012111,0.008138764,3.5299531e-06,0.20121868,0
913,15.216666,8.371051e-06,33.077614,33.07762,-2.163357e-05,33.07762,0.00010162728,205,205,49,0.001955801,0.0069329254,3.4574593e-06,0.20121798,0
914,15.233334,9.203388e-06,33.07759,33.0776,-2.127959e-05,33.0776,0.00010169669,205,205,49,0.0020502089,0.0073817037,3.4319053e-06,0.20121722,0
915,15.25,8.433545e-06,33.077568,33.077576,-2.321428e-05,33.077576,0.0001016317,205,205,49,0.0019582114,0.007795307,3.6363833e-06,0.20121652,0
916,15.266666,8.394076e-06,33.077545,33.077553,-2.2483906e-05,33.077553,0.00010165511,205,205,49,0.0019597826,0.0063165794,3.2446453e-06,0.20121576,0
917,15.283334,9.194203e-06,33.07752,33.07753,-2.4470646e-05,33.07753,0.00010167281,205,205,49,0.0020528252,0.006400949,3.4950758e-06,0.20121501,0
918,15.3,9.059761e-06,33.0775,33.077507,-2.0417561e-05,33.077507,0.00010158366,205,205,49,0.0020347936,0.0063559306,3.4446603e-06,0.20121436,0
919,15.316667,9.213866e-06,33.077477,33.077484,-2.3287861e-05,33.077484,0.00010160315,205,205,49,0.0020577784,0.0063119796,3.7063128e-06,0.20121357,0
920,15.333333,9.071823e-06,33.077457,33.077465,-1.9427633e-05,33.077465,0.00010156911,205,205,49,0.0020392034,0.005862733,3.4053867e-06,0.20121291,0
921,15.35,8.3965315e-06,33.077435,33.077442,-2.2620963e-05,33.077442,0.000101645695,205,205,49,0.0019595558,0.0060743885,3.5572907e-06,0.2012122,0
922,15.366667,8.657935e-06,33.077415,33.077423,-1.9190442e-05,33.077423,0.000101496276,205,205,49,0.0019912417,0.0056447135,3.4703066e-06,0.20121159,0
923,15.383333,8.663282e-06,33.077393,33.077404,-2.1774069e-05,33.077404,0.000101567624,205,205,49,0.0019917216,0.0057257386,3.5301923e-06,0.20121086,0
924,15.4,8.684305e-06,33.077377,33.07739,-1.51081895e-05,33.07739,0.0001015353,205,205,49,0.0019907427,0.006354016,3.6452823e-06,0.20121033,0
925,15.416667,8.2218485e-06,33.07736,33.077366,-2.2241871e-05,33.077366,0.00010161052,205,205,49,0.0019358624,0.00598089,3.3898184e-06,0.20120963,0
926,15.433333,8.725974e-06,33.077335,33.077347,-1.9280229e-05,33.077347,0.00010163602,205,205,49,0.00199904,0.005461106,3.520976e-06,0.20120893,0
927,15.45,8.703693e-06,33.07732,33.077328,-1.8144085e-05,33.077328,0.000101651094,205,205,49,0.0019936443,0.005970999,3.5537098e-06,0.20120835,0
928,15.466666,8.699426e-06,33.077297,33.07731,-2.0619898e-05,33.07731,0.0001016356,205,205,49,0.001993819,0.0055837794,3.5567384e-06,0.20120767,0
929,15.483334,8.424857e-06,33.07728,33.07729,-1.8562629e-05,33.07729,0.00010160089,205,205,49,0.0019671274,0.005083236,3.4865127e-06,0.20120701,0
930,15.5,8.596003e-06,33.077263,33.077274,-1.5456832e-05,33.077274,0.00010156626,209,209,50,0.0019807043,0.005340028,3.5334474e-06,0.20120645,0
931,15.516666,8.652615e-06,33.07724,33.077248,-2.521416e-05,33.077248,0.0001016346,209,209,50,0.001992678,0.0041231383,3.4492455e-06,0.20120573,0
932,15.533334,8.826254e-06,33.077225,33.077232,-1.5620593e-05,33.077232,0.00010165443,209,209,50,0.0020145988,0.004986202,3.6487324e-06,0.20120515,0
933,15.55,8.761857e-06,33.077206,33.077213,-1.885122e-05,33.077213,0.000101583806,209,209,50,0.0020009596,0.005252916,3.5149772e-06,0.20120454,0
934,15.566667,8.808515e-06,33.077187,33.077194,-1.724387e-05,33.077194,0.00010164077,209,209,50,0.0020141057,0.004216182,3.478117e-06,0.20120391,0
935,15.583333,8.384922e-06,33.07717,33.07718,-1.5386551e-05,33.07718,0.000101561294,209,209,50,0.0019565877,0.0049496815,3.5608584e-06,0.2012034,0
936,15.6,8.352697e-06,33.07715,33.07716,-2.1977896e-05,33.07716,0.000101586236,209,209,50,0.0019525948,0.005346722,3.5196629e-06,0.20120275,0
937,15.616667,8.833157e-06,33.07713,33.077137,-1.9968915e-05,33.077137,0.00010165756,207,207,49,0.002016453,0.004095909,3.4558639e-06,0.20120205,0
938,15.633333,8.843176e-06,33.07711,33.077118,-1.9109317e-05,33.077118,0.00010167766,207,207,49,0.0020148035,0.0045970343,3.4270083e-06,0.20120147,0
939,15.65,8.682984e-06,33.07709,33.077103,-1.811574e-05,33.077103,0.000101579106,207,207,49,0.0019969782,0.004440529,3.56891e-06,0.20120087,0
940,15.666667,8.339773e-06,33.077076,33.077084,-1.8465016e-05,33.077084,0.00010160229,207,207,49,0.0019523099,0.00455301,3.3779443e-06,0.20120032,0
941,15.683333,9.263095e-06,33.077053,33.07706,-2.1022348e-05,33.07706,0.00010158634,207,207,49,0.0020593302,0.005095103,3.545978e-06,0.20119964,0
942,15.7,8.692758e-06,33.077038,33.077045,-1.5200785e-05,33.077045,0.00010166165,207,207,49,0.001998132,0.0039548133,3.4479579e-06,0.20119907,0
943,15.716666,9.228209e-06,33.077015,33.077026,-2.1576474e-05,33.077026,0.00010156632,207,207,49,0.0020595202,0.0041873283,3.4163359e-06,0.20119846,0
944,15.733334,8.844747e-06,33.077003,33.07701,-1.2187572e-05,33.07701,0.000101606114,207,207,49,0.0020154524,0.004118947,3.5077912e-06,0.20119797,0
945,15.75,8.178992e-06,33.076984,33.076992,-2.0450108e-05,33.076992,0.00010159631,207,207,49,0.0019367253,0.003815458,3.3741342e-06,0.20119739,0
946,15.766666,8.3442255e-06,33.07697,33.076977,-1.6127766e-05,33.076977,0.00010161619,207,207,49,0.0019537127,0.0040853103,3.4347263e-06,0.20119682,0
947,15.783334,9.195769e-06,33.076942,33.076954,-2.3255443e-05,33.076954,0.00010163813,207,207,49,0.0020528312,0.004360075,3.3603258e-06,0.20119615,0
948,15.8,8.194887e-06,33.07693,33.07694,-1.4966308e-05,33.07694,0.00010159169,207,207,49,0.0019355387,0.0043573766,3.3129509e-06,0.20119573,0
949,15.816667,8.695073e-06,33.07691,33.07692,-2.0115443e-05,33.07692,0.000101641475,207,207,49,0.0019954906,0.0042893477,3.493808e-06,0.20119502,0
950,15.833333,8.23535e-06,33.07689,33.076897,-2.0244079e-05,33.076897,0.00010160269,207,207,49,0.0019404305,0.004205783,3.3500298e-06,0.20119444,0
951,15.85,8.509994e-06,33.076874,33.07688,-1.5020823e-05,33.07688,0.000101496575,207,207,49,0.0019738306,0.0039362735,3.3778367e-06,0.2011939,0
952,15.866667,8.66937e-06,33.076855,33.076862,-1.8627448e-05,33.076862,0.00010169198,207,207,49,0.0019984962,0.0033193578,3.2546081e-06,0.20119329,0
953,15.883333,8.69915e-06,33.076836,33.076843,-1.925581e-05,33.076843,0.00010159097,207,207,49,0.0020028353,0.0031772368,3.23833e-06,0.20119275,0
954,15.9,8.732051e-06,33.076817,33.076828,-1.7922648e-05,33.076828,0.00010152526,207,207,49,0.0019992122,0.0044196215,3.4472368e-06,0.20119219,0
955,15.916667,8.173177e-06,33.0768,33.076813,-1.6020596e-05,33.076813,0.00010168638,207,207,49,0.0019338477,0.0036629443,3.2180308e-06,0.20119166,0
956,15.933333,9.027767e-06,33.076782,33.076794,-1.909602e-05,33.076794,0.00010160956,207,207,49,0.0020350472,0.0036670389,3.3130127e-06,0.20119104,0
957,15.95,8.812421e-06,33.07676,33.076767,-2.3158547e-05,33.076767,0.000101570615,207,207,49,0.002013682,0.0031213425,3.1618536e-06,0.20119038,0
958,15.966666,8.524685e-06,33.076748,33.076756,-1.4086907e-05,33.076756,0.00010164884,207,207,49,0.0019760993,0.0036346426,3.3784502e-06,0.20118995,0
959,15.983334,8.782249e-06,33.076733,33.07674,-1.4040374e-05,33.07674,0.000101660306,207,207,49,0.0020072362,0.003333884,3.128106e-06,0.20118944,0
960,16,8.766127e-06,33.07671,33.076717,-2.2128048e-05,33.076717,0.00010162095,207,207,49,0.002009908,0.0030131282,3.2255857e-06,0.20118877,0
961,16.016666,8.54322e-06,33.076694,33.076702,-1.4520844e-05,33.076702,0.000101493446,207,207,49,0.0019784796,0.0037643223,3.2260796e-06,0.20118836,0
962,16.033333,8.828712e-06,33.07667,33.07668,-2.3655239e-05,33.07668,0.00010156762,207,207,49,0.002012785,0.0033339418,3.2077517e-06,0.20118767,0
963,16.05,9.033644e-06,33.076656,33.076664,-1.6586831e-05,33.076664,0.00010164074,207,207,49,0.0020390644,0.0029951711,3.032589e-06,0.20118712,0
964,16.066668,8.74627e-06,33.076633,33.076645,-1.9739218e-05,33.076645,0.000101602534,207,207,49,0.0020044656,0.0033476688,3.3747249e-06,0.2011866,0
965,16.083334,9.194759e-06,33.07662,33.07663,-1.5512e-05,33.07663,0.00010167172,207,207,49,0.0020549763,0.003099651,2.9689181e-06,0.20118606,0
966,16.1,8.379247e-06,33.076603,33.07661,-1.7607274e-05,33.07661,0.00010160212,207,207,49,0.0019607854,0.0035639147,3.270065e-06,0.20118557,0
967,16.116667,8.615983e-06,33.076588,33.076595,-1.6056263e-05,33.076595,0.00010159001,207,207,49,0.001991115,0.0028976565,2.987691e-06,0.201185,0
968,16.133333,8.338666e-06,33.076565,33.076572,-2.1557968e-05,33.076572,0.00010156991,207,207,49,0.001954728,0.0033035502,3.243594e-06,0.2011844,0
969,16.15,8.542576e-06,33.07655,33.076557,-1.6421598e-05,33.076557,0.00010162047,207,207,49,0.001982095,0.0030176425,2.9012836e-06,0.20118387,0
970,16.166666,8.138459e-06,33.076534,33.07654,-1.6032094e-05,33.07654,0.000101608224,207,207,49,0.0019308953,0.0029578563,3.0976862e-06,0.2011834,0
971,16.183332,8.305537e-06,33.076515,33.076523,-1.8619745e-05,33.076523,0.000101677775,207,207,49,0.0019500726,0.003801103,3.1053423e-06,0.20118281,0
972,16.2,8.35567e-06,33.076496,33.076504,-1.7240396e-05,33.076504,0.00010163952,207,207,49,0.0019598545,0.003024202,2.875584e-06,0.20118225,0
973,16.216667,8.176962e-06,33.076477,33.076485,-2.0461826e-05,33.076485,0.000101711004,207,207,49,0.0019349221,0.003606896,3.0074016e-06,0.20118171,0
974,16.233334,8.5236425e-06,33.076458,33.076466,-1.6943848e-05,33.076466,0.00010158121,207,207,49,0.0019806027,0.0030158064,2.9011821e-06,0.20118114,0
975,16.25,8.639164e-06,33.07644,33.07645,-1.9003814e-05,33.07645,0.00010161916,207,207,49,0.0019907716,0.0033474052,2.8393442e-06,0.20118062,0
976,16.266666,8.301142e-06,33.07642,33.076427,-2.0288631e-05,33.076427,0.000101552614,207,207,49,0.0019531071,0.0030608736,2.7111655e-06,0.20118,0
977,16.283333,8.331045e-06,33.0764,33.07641,-1.9421941e-05,33.07641,0.00010163089,207,207,49,0.0019542405,0.0030306468,2.7424435e-06,0.20117947,0
978,16.3,8.788644e-06,33.07639,33.076397,-1.1346512e-05,33.076397,0.000101637626,207,207,49,0.0020114314,0.0029915713,2.635466e-06,0.20117901,0
979,16.316668,8.6878035e-06,33.076366,33.076374,-2.3044042e-05,33.076374,0.00010159358,207,207,49,0.0019987964,0.0029993085,2.8699017e-06,0.20117839,0
980,16.333334,8.657714e-06,33.07635,33.07636,-1.3995516e-05,33.07636,0.00010152729,207,207,49,0.001995788,0.0029538304,2.702561e-06,0.20117797,0
981,16.35,8.327904e-06,33.076332,33.07634,-2.1444204e-05,33.07634,0.00010159742,207,207,49,0.0019530385,0.0031577556,2.715116e-06,0.20117739,0
982,16.366667,8.819508e-06,33.076313,33.076324,-1.6300159e-05,33.076324,0.00010161415,207,207,49,0.00201182,0.0032443749,2.6843466e-06,0.20117687,0
983,16.383333,8.540891e-06,33.076294,33.076305,-1.8400422e-05,33.076305,0.000101626305,207,207,49,0.0019782411,0.0034982048,2.6604373e-06,0.20117638,0
984,16.4,8.663336e-06,33.07628,33.07629,-1.5006767e-05,33.07629,0.00010158075,207,207,49,0.0019938336,0.003298534,2.6369858e-06,0.20117591,0
985,16.416666,8.169967e-06,33.07626,33.076267,-2.1275253e-05,33.076267,0.000101636804,207,207,49,0.0019379521,0.003000039,2.6540026e-06,0.2011753,0
986,16.433332,8.2967135e-06,33.07624,33.07625,-1.965761e-05,33.07625,0.000101613536,207,207,49,0.0019500238,0.0030037458,2.6384744e-06,0.20117481,0
987,16.45,8.536127e-06,33.076225,33.076233,-1.45572885e-05,33.076233,0.00010153945,207,207,49,0.0019785033,0.0029937173,2.604883e-06,0.20117438,0
988,16.466667,8.800714e-06,33.076202,33.076214,-2.1681084e-05,33.076214,0.00010160747,207,207,49,0.0020131615,0.0029594833,2.5990232e-06,0.20117372,0
989,16.483334,8.553441e-06,33.076187,33.076195,-1.5708994e-05,33.076195,0.00010156329,207,207,49,0.0019837327,0.0030208423,2.5997724e-06,0.20117329,0
990,16.5,8.808548e-06,33.07617,33.07618,-1.7201677e-05,33.07618,0.0001016416,207,207,49,0.002011436,0.002946821,2.5663423e-06,0.20117277,0
991,16.516666,9.064701e-06,33.076153,33.07616,-1.7699396e-05,33.07616,0.0001016461,207,207,49,0.0020408237,0.002956742,2.6031882e-06,0.20117226,0
992,16.533333,8.6634955e-06,33.076138,33.076145,-1.6860458e-05,33.076145,0.00010157214,207,207,49,0.0019976348,0.0029264032,2.6412604e-06,0.2011718,0
993,16.55,8.180823e-06,33.07612,33.076126,-1.9435753e-05,33.076126,0.00010158283,207,207,49,0.0019390879,0.0030114606,2.6098292e-06,0.20117126,0
994,16.566668,8.1799535e-06,33.0761,33.076107,-1.6792632e-05,33.076107,0.00010160103,207,207,49,0.0019385677,0.0030258084,2.60708e-06,0.20117074,0
995,16.583334,8.355e-06,33.07608,33.07609,-1.8279266e-05,33.07609,0.00010158821,207,207,49,0.0019600382,0.0030437266,2.6465318e-06,0.20117025,0
996,16.6,8.755027e-06,33.07606,33.07607,-1.9883093e-05,33.07607,0.00010162312,207,207,49,0.0020067007,0.003064334,2.679855e-06,0.20116968,0
997,16.616667,8.707133e-06,33.076042,33.07605,-1.8834719e-05,33.07605,0.00010161298,210,210,50,0.0020010562,0.0029664803,2.6324137e-06,0.20116913,0
998,16.633333,8.158002e-06,33.076027,33.076035,-1.5512089e-05,33.076035,0.00010162323,210,210,50,0.0019329322,0.0029860316,2.6945415e-06,0.20116875,0
999,16.65,8.1253675e-06,33.076008,33.076015,-1.981699e-05,33.076015,0.000101634054,213,213,51,0.0019322109,0.002946947,2.6864252e-06,0.2011682,0
1000,16.666666,8.229297e-06,33.07599,33.075996,-1.918166e-05,33.075996,0.00010159805,213,213,51,0.0019448596,0.0029123097,2.6446749e-06,0.20116763,0
1001,16.683332,8.105223e-06,33.075974,33.075985,-1.3424481e-05,33.075985,0.00010156908,213,213,51,0.0019295882,0.0029186525,2.6547796e-06,0.20116724,0
1002,16.7,8.48364e-06,33.075954,33.075962,-2.0735977e-05,33.075962,0.00010164412,210,210,50,0.0019749328,0.0029130892,2.6990817e-06,0.20116666,0
1003,16.716667,8.288547e-06,33.07594,33.075947,-1.6321836e-05,33.075947,0.00010154331,210,210,50,0.0019514848,0.003029883,2.650217e-06,0.20116617,0
1004,16.733334,8.256986e-06,33.075916,33.075924,-2.0979702e-05,33.075924,0.00010154858,210,210,50,0.0019478936,0.003014054,2.7316282e-06,0.20116557,0
1005,16.75,8.7791805e-06,33.075897,33.075905,-2.1090967e-05,33.075905,0.000101625315,210,210,50,0.0020075385,0.0029913627,2.6724667e-06,0.20116504,0
1006,16.766666,8.107397e-06,33.075882,33.07589,-1.4138444e-05,33.07589,0.00010151209,210,210,50,0.0019269963,0.002966685,2.6835594e-06,0.2011646,0
1007,16.783333,8.743874e-06,33.075863,33.07587,-1.9147878e-05,33.07587,0.00010158824,210,210,50,0.0020037317,0.0029109316,2.686019e-06,0.20116405,0
1008,16.8,8.1292455e-06,33.075848,33.075855,-1.6408861e-05,33.075855,0.00010165165,210,210,50,0.0019297712,0.00305731,2.6999624e-06,0.20116359,0
1009,16.816668,8.285315e-06,33.075825,33.075832,-2.2620876e-05,33.075832,0.00010152477,210,210,50,0.0019486321,0.0030477787,2.7666038e-06,0.20116298,0
1010,16.833334,8.08844e-06,33.07581,33.075817,-1.5991107e-05,33.075817,0.00010158853,210,210,50,0.0019249836,0.0029642875,2.761573e-06,0.20116246,0
1011,16.85,8.674284e-06,33.075787,33.075794,-2.2357357e-05,33.075794,0.00010166694,210,210,50,0.0019986758,0.0029642435,2.7353494e-06,0.2011618,0
1012,16.866667,8.117987e-06,33.075768,33.075775,-1.7181805e-05,33.075775,0.00010161273,210,210,50,0.0019288834,0.0029900982,2.748248e-06,0.20116135,0
1013,16.883333,8.069952e-06,33.07575,33.075756,-1.9832389e-05,33.075756,0.00010153782,210,210,50,0.0019230813,0.0029598132,2.7733736e-06,0.20116077,0
1014,16.9,8.510787e-06,33.07573,33.075737,-2.0507307e-05,33.075737,0.00010160878,210,210,50,0.0019756493,0.0030150942,2.7885237e-06,0.20116018,0
1015,16.916666,8.482479e-06,33.075706,33.075714,-2.1807724e-05,33.075714,0.00010162165,210,210,50,0.001975739,0.0029455977,2.7662602e-06,0.20115957,0
1016,16.933332,9.2168075e-06,33.075687,33.075695,-1.821875e-05,33.075695,0.00010163048,210,210,50,0.0020583863,0.0030013742,2.7731926e-06,0.20115906,0
1017,16.95,8.255568e-06,33.075672,33.07568,-1.4760411e-05,33.07568,0.000101582424,210,210,50,0.0019456663,0.0030086169,2.7828773e-06,0.20115857,0
1018,16.966667,8.25532e-06,33.075653,33.07566,-2.0615878e-05,33.07566,0.000101555284,212,212,51,0.0019482246,0.0030552999,2.8104935e-06,0.201158,0
1019,16.983334,8.74504e-06,33.07563,33.075638,-2.1289696e-05,33.075638,0.000101602294,212,212,51,0.0020040236,0.0030344822,2.8256004e-06,0.20115742,0
1020,17,8.569002e-06,33.07561,33.07562,-1.9295372e-05,33.07562,0.00010152537,212,212,51,0.0019863315,0.0029129381,2.8048148e-06,0.2011569,0
1021,17.016666,9.029794e-06,33.075596,33.075603,-1.5832205e-05,33.075603,0.00010156454,212,212,51,0.002040476,0.0029097018,2.787732e-06,0.20115636,0
1022,17.033333,8.577127e-06,33.075577,33.075584,-2.056953e-05,33.075584,0.00010151741,212,212,51,0.001984707,0.0028115895,2.8063705e-06,0.20115584,0
1023,17.05,8.512411e-06,33.075554,33.07556,-2.2841661e-05,33.07556,0.00010158054,212,212,51,0.001979251,0.0030135782,2.8318173e-06,0.2011552,0
1024,17.066668,8.7531025e-06,33.075535,33.075542,-1.7714858e-05,33.075542,0.000101588776,212,212,51,0.002005161,0.002988209,2.8501838e-06,0.20115472,0
1025,17.083334,8.079415e-06,33.07552,33.075527,-1.6966686e-05,33.075527,0.00010160412,212,212,51,0.0019247978,0.0029699714,2.8148381e-06,0.20115419,0
1026,17.1,8.565551e-06,33.075497,33.07551,-1.9131963e-05,33.07551,0.000101555954,212,212,51,0.001986149,0.0028725283,2.8125814e-06,0.20115365,0
1027,17.116667,8.0950795e-06,33.07548,33.07549,-1.9091041e-05,33.07549,0.00010162036,212,212,51,0.0019258958,0.0029665432,2.806986e-06,0.20115314,0
1028,17.133333,8.080994e-06,33.075462,33.07547,-1.9299674e-05,33.07547,0.00010151571,212,212,51,0.001927114,0.0029563517,2.7836295e-06,0.20115255,0
1029,17.15,8.093259e-06,33.07544,33.075447,-2.0603366e-05,33.075447,0.00010158037,212,212,51,0.0019257449,0.0029845966,2.826885e-06,0.20115204,0
1030,17.166666,8.066556e-06,33.075417,33.075428,-2.1806118e-05,33.075428,0.0001015848,212,212,51,0.001922641,0.0029479128,2.7966182e-06,0.20115143,0
1031,17.183332,8.089511e-06,33.0754,33.07541,-1.6935064e-05,33.07541,0.00010156777,212,212,51,0.0019279885,0.0029895604,2.8410252e-06,0.20115092,0
1032,17.2,8.4948315e-06,33.07538,33.075386,-2.386792e-05,33.075386,0.000101628735,212,212,51,0.001974215,0.002919735,2.7697845e-06,0.20115027,0
1033,17.216667,8.68989e-06,33.07536,33.075367,-1.875802e-05,33.075367,0.00010158605,212,212,51,0.0019969514,0.0030173354,2.8553095e-06,0.20114973,0
1034,17.233334,8.61562e-06,33.075336,33.075348,-2.0357389e-05,33.075348,0.00010161717,214,214,52,0.001991545,0.002970509,2.8208428e-06,0.20114914,0
1035,17.25,8.328662e-06,33.075317,33.075325,-1.9905057e-05,33.075325,0.0001015723,214,214,52,0.0019542289,0.0029917846,2.8054883e-06,0.20114863,0
1036,17.266666,8.4870135e-06,33.0753,33.075306,-1.9459749e-05,33.075306,0.000101520134,214,214,52,0.0019731384,0.0029726091,2.8105894e-06,0.20114806,0
1037,17.283333,8.064347e-06,33.07528,33.075287,-1.9874511e-05,33.075287,0.000101647944,214,214,52,0.0019230605,0.0028902418,2.82656e-06,0.20114751,0
1038,17.3,8.086188e-06,33.075264,33.07527,-1.6271157e-05,33.07527,0.00010156728,214,214,52,0.0019282696,0.0029761062,2.8362076e-06,0.201147,0
1039,17.316668,8.496263e-06,33.075237,33.075245,-2.6689504e-05,33.075245,0.00010163216,213,213,52,0.0019746628,0.0029029744,2.8052561e-06,0.20114633,0
1040,17.333334,8.250337e-06,33.075222,33.07523,-1.45438635e-05,33.07523,0.000101639744,213,213,52,0.0019488996,0.0029814255,2.8372178e-06,0.20114586,0
1041,17.35,8.130524e-06,33.075203,33.07521,-1.8906636e-05,33.07521,0.00010152744,213,213,52,0.001930343,0.0030186498,2.8465715e-06,0.20114534,0
1042,17.366667,8.23261e-06,33.07518,33.075188,-2.234235e-05,33.075188,0.00010158596,213,213,52,0.001945841,0.0030105268,2.8568234e-06,0.2011447,0
1043,17.383333,8.057614e-06,33.07516,33.07517,-2.0790627e-05,33.07517,0.00010154234,213,213,52,0.001924887,0.0029265543,2.8045354e-06,0.20114416,0
1044,17.4,8.1337075e-06,33.07514,33.07515,-1.6549413e-05,33.07515,0.00010161,213,213,52,0.0019308537,0.0029793251,2.8651589e-06,0.20114368,0
1045,17.416666,8.758181e-06,33.07512,33.075127,-2.3150003e-05,33.075127,0.000101587575,213,213,52,0.002008667,0.0029302833,2.8492132e-06,0.20114301,0
1046,17.433332,8.083976e-06,33.0751,33.07511,-1.8297244e-05,33.07511,0.000101554404,213,213,52,0.0019257296,0.0029423633,2.8461382e-06,0.2011425,0
1047,17.45,8.123819e-06,33.075077,33.075085,-2.4067143e-05,33.075085,0.00010153639,213,213,52,0.0019301717,0.0029477146,2.8464249e-06,0.2011419,0
1048,17.466667,8.6006285e-06,33.07506,33.07507,-1.5982443e-05,33.07507,0.00010154645,213,213,52,0.0019876247,0.0028509703,2.8692657e-06,0.20114137,0
1049,17.483334,8.479186e-06,33.07504,33.075047,-2.2732132e-05,33.075047,0.00010158041,213,213,52,0.001972294,0.0029752092,2.8701322e-06,0.20114078,0
1050,17.5,8.103988e-06,33.07502,33.075027,-1.9328278e-05,33.075027,0.00010158108,213,213,52,0.0019277205,0.0028994202,2.8326544e-06,0.20114024,0
1051,17.516666,8.078459e-06,33.075,33.07501,-1.9144862e-05,33.07501,0.00010158668,213,213,52,0.001924316,0.0029648284,2.8653167e-06,0.20113966,0
1052,17.533333,8.064146e-06,33.074978,33.074986,-2.2625005e-05,33.074986,0.00010158974,213,213,52,0.0019228382,0.002983892,2.8753846e-06,0.20113903,0
1053,17.55,8.628111e-06,33.074955,33.074966,-2.0384176e-05,33.074966,0.00010162808,213,213,52,0.0019918275,0.002867908,2.8907743e-06,0.2011385,0
1054,17.566668,8.11501e-06,33.07494,33.074947,-1.9299925e-05,33.074947,0.00010157684,211,211,51,0.0019315125,0.0029995616,2.905218e-06,0.20113792,0
1055,17.583334,8.12874e-06,33.074917,33.074924,-2.093441e-05,33.074924,0.000101576195,211,211,51,0.0019308227,0.0029664875,2.8813974e-06,0.20113735,0
1056,17.6,8.071747e-06,33.074894,33.0749,-2.2667684e-05,33.0749,0.0001015216,211,211,51,0.0019268552,0.002942873,2.8876727e-06,0.20113672,0
1057,17.616667,8.475424e-06,33.074875,33.074883,-1.9713189e-05,33.074883,0.00010158602,211,211,51,0.00197184,0.00303212,2.9235653e-06,0.20113617,0
1058,17.633333,8.680628e-06,33.074852,33.07486,-2.2571741e-05,33.07486,0.000101615,211,211,51,0.001996357,0.0029613068,2.8956474e-06,0.20113556,0
1059,17.65,8.089863e-06,33.074833,33.07484,-1.8213805e-05,33.07484,0.000101504585,210,210,51,0.00192617,0.0029301103,2.8606423e-06,0.20113505,0
1060,17.666666,8.113994e-06,33.07481,33.074818,-2.3417833e-05,33.074818,0.00010156966,210,210,51,0.0019286929,0.0029670526,2.9717708e-06,0.20113441,0
1061,17.683332,8.15598e-06,33.07479,33.0748,-2.007488e-05,33.0748,0.00010156781,210,210,51,0.0019341198,0.0029906014,2.9434727e-06,0.20113386,0
1062,17.7,8.247214e-06,33.074768,33.07478,-2.0524396e-05,33.07478,0.00010157455,210,210,51,0.0019479363,0.0029169987,2.9064663e-06,0.20113324,0
1063,17.716667,8.098957e-06,33.07475,33.074757,-2.1761418e-05,33.074757,0.000101492806,210,210,51,0.0019304422,0.002927896,2.9168857e-06,0.20113264,0
1064,17.733334,8.115278e-06,33.07473,33.074738,-1.9269268e-05,33.074738,0.00010161216,210,210,51,0.0019322438,0.0029303366,2.9522118e-06,0.2011321,0
1065,17.75,8.7818435e-06,33.074703,33.07471,-2.4437953e-05,33.07471,0.00010146707,210,210,51,0.0020089063,0.0028841065,2.9531577e-06,0.20113146,0
1066,17.766666,8.086165e-06,33.074688,33.074696,-1.6988677e-05,33.074696,0.00010153013,210,210,51,0.0019258886,0.002978851,2.9556525e-06,0.20113096,0
1067,17.783333,8.494356e-06,33.07466,33.07467,-2.4862582e-05,33.07467,0.00010149497,209,209,51,0.0019746926,0.0030213953,2.9494388e-06,0.2011303,0
1068,17.8,8.068908e-06,33.074642,33.07465,-1.9711037e-05,33.07465,0.00010159146,208,208,50,0.0019263311,0.0029326086,2.9336265e-06,0.20112967,0
1069,17.816668,8.252374e-06,33.074623,33.07463,-2.1097185e-05,33.07463,0.00010153228,208,208,50,0.0019487661,0.0030406169,3.0184617e-06,0.20112911,0
1070,17.833334,8.087569e-06,33.0746,33.074608,-2.0614181e-05,33.074608,0.00010159295,208,208,50,0.001925612,0.002988732,2.9942084e-06,0.20112856,0
1071,17.85,9.024236e-06,33.074577,33.074585,-2.4500361e-05,33.074585,0.00010150675,208,208,50,0.0020372698,0.0029090755,3.0084072e-06,0.20112786,0
1072,17.866667,8.053327e-06,33.074554,33.074562,-2.2584069e-05,33.074562,0.00010159982,208,208,50,0.0019248817,0.0028749432,2.953993e-06,0.20112723,0
1073,17.883333,8.080207e-06,33.074535,33.074547,-1.6931137e-05,33.074547,0.00010153849,207,207,50,0.0019276682,0.00299024,3.0531564e-06,0.20112672,0
1074,17.9,8.0974305e-06,33.074512,33.07452,-2.525355e-05,33.07452,0.00010156644,207,207,50,0.0019303141,0.0029180902,3.0060537e-06,0.20112607,0
1075,17.916666,8.496426e-06,33.074486,33.074493,-2.4705521e-05,33.074493,0.00010157017,207,207,50,0.0019777415,0.003021818,2.9989114e-06,0.2011254,0
1076,17.933332,8.0775335e-06,33.074467,33.07448,-1.8540697e-05,33.07448,0.00010154026,207,207,50,0.001927646,0.002993534,2.96237e-06,0.20112485,0
1077,17.95,8.111401e-06,33.074448,33.074455,-2.2576824e-05,33.074455,0.000101601945,207,207,50,0.001928818,0.002960639,3.0309727e-06,0.20112425,0
1078,17.966667,8.133505e-06,33.07442,33.07443,-2.3918628e-05,33.07443,0.00010159813,207,207,50,0.0019312461,0.0030342222,3.04472e-06,0.2011236,0
1079,17.983334,8.088632e-06,33.074406,33.074413,-1.7501656e-05,33.074413,0.00010154578,206,206,50,0.0019298693,0.0029517133,3.237657e-06,0.20112307,0
1080,18,9.04065e-06,33.074383,33.07439,-2.0494888e-05,33.07439,0.000101638834,206,206,50,0.0020391408,0.002771634,3.506807e-06,0.20112252,0
1081,18.016666,8.496254e-06,33.074368,33.074375,-1.7336159e-05,33.074375,0.0001015989,206,206,50,0.001977908,0.0028464636,3.640032e-06,0.20112203,0
1082,18.033333,8.3134655e-06,33.07435,33.074356,-1.7972083e-05,33.074356,0.00010161981,206,206,50,0.001957057,0.0027562613,3.6160623e-06,0.20112148,0
1083,18.05,9.112369e-06,33.074333,33.07434,-1.566035e-05,33.07434,0.00010168893,206,206,50,0.0020477262,0.0027538177,3.6512336e-06,0.2011211,0
1084,18.066668,8.709594e-06,33.07432,33.07433,-1.1708121e-05,33.07433,0.00010158695,206,206,50,0.0020005172,0.0028594646,3.664999e-06,0.20112069,0
1085,18.083334,8.808695e-06,33.074306,33.074314,-1.6027641e-05,33.074314,0.00010159911,206,206,50,0.0020124903,0.0027703275,3.636161e-06,0.20112023,0
1086,18.1,9.283965e-06,33.074287,33.074295,-1.781279e-05,33.074295,0.00010164498,206,206,50,0.0020671457,0.0027516093,3.6272452e-06,0.20111972,0
1087,18.116667,8.831304e-06,33.074272,33.07428,-1.4085578e-05,33.07428,0.00010166406,206,206,50,0.0020154305,0.002644218,3.5815078e-06,0.2011193,0
1088,18.133333,8.13152e-06,33.07426,33.07427,-1.3667679e-05,33.07427,0.00010161825,206,206,50,0.0019319778,0.0027069456,3.6002439e-06,0.20111889,0
1089,18.15,8.089994e-06,33.074245,33.074253,-1.3175678e-05,33.074253,0.000101537975,206,206,50,0.001927217,0.0026712404,3.5610897e-06,0.20111851,0
1090,18.166666,8.756935e-06,33.074226,33.074238,-1.7787374e-05,33.074238,0.00010158744,206,206,50,0.0020059133,0.0027013994,3.5112835e-06,0.20111802,0
1091,18.183332,8.213958e-06,33.074215,33.074223,-1.2513343e-05,33.074223,0.00010163131,206,206,50,0.0019444361,0.002621936,3.4919328e-06,0.2011176,0
1092,18.2,8.573087e-06,33.0742,33.074207,-1.6100123e-05,33.074207,0.000101503,206,206,50,0.0019843483,0.002620443,3.41933e-06,0.20111717,0
1093,18.216667,8.545852e-06,33.074184,33.074192,-1.4823938e-05,33.074192,0.000101567624,206,206,50,0.0019811927,0.0026414276,3.3677713e-06,0.20111671,0
1094,18.233334,8.32246e-06,33.07417,33.074177,-1.6350134e-05,33.074177,0.00010158711,206,206,50,0.00195441,0.0026338995,3.3711835e-06,0.20111631,0
1095,18.25,9.116638e-06,33.074154,33.07416,-1.383627e-05,33.07416,0.000101609374,206,206,50,0.0020481832,0.0024020197,3.2821765e-06,0.20111586,0
1096,18.266666,8.642883e-06,33.074142,33.07415,-1.17791005e-05,33.07415,0.00010161553,206,206,50,0.0019959076,0.0024319622,3.3008391e-06,0.20111544,0
1097,18.283333,8.813145e-06,33.074127,33.074135,-1.6787757e-05,33.074135,0.00010158042,205,205,50,0.0020158258,0.002420251,3.2024727e-06,0.20111497,0
1098,18.3,8.135259e-06,33.074116,33.074123,-1.032068e-05,33.074123,0.00010153512,204,204,50,0.0019324569,0.0024953405,3.1905122e-06,0.2011147,0
1099,18.316668,8.320073e-06,33.074104,33.074112,-1.2949337e-05,33.074112,0.00010159005,203,203,50,0.0019576543,0.0024414903,3.1714178e-06,0.20111424,0
1100,18.333334,8.16723e-06,33.074085,33.074093,-1.6944607e-05,33.074093,0.0001015994,203,203,50,0.001939339,0.002406211,3.094131e-06,0.20111375,0
1101,18.35,8.158141e-06,33.07407,33.074078,-1.8130893e-05,33.074078,0.00010155633,203,203,50,0.0019379791,0.0023692546,3.112805e-06,0.20111328,0
1102,18.366667,8.143775e-06,33.074062,33.07407,-6.664569e-06,33.07407,0.0001015734,203,203,50,0.0019362943,0.002362137,3.1275426e-06,0.20111305,0
1103,18.383333,8.114114e-06,33.074047,33.074055,-1.6322658e-05,33.074055,0.000101508296,203,203,50,0.0019300221,0.0022745295,3.021681e-06,0.2011126,0
1104,18.4,8.620137e-06,33.074028,33.074036,-1.6784506e-05,33.074036,0.00010163821,203,203,50,0.0019912645,0.0021930935,2.9798418e-06,0.20111209,0
1105,18.416666,8.540435e-06,33.074013,33.07402,-1.570768e-05,33.07402,0.00010153425,203,203,50,0.0019808842,0.0022948,2.9541814e-06,0.20111167,0
1106,18.433332,8.748577e-06,33.074,33.07401,-1.2593499e-05,33.07401,0.00010160739,203,203,50,0.002004887,0.0022884517,2.9176692e-06,0.2011113,0
1107,18.45,8.363853e-06,33.073982,33.073994,-1.60127e-05,33.073994,0.00010159752,203,203,50,0.0019599667,0.0022434911,2.9382697e-06,0.20111085,0
1108,18.466667,8.80275e-06,33.07397,33.07398,-1.2362745e-05,33.07398,0.000101552294,203,203,50,0.0020150885,0.0021142727,2.918549e-06,0.20111045,0
1109,18.483334,8.326999e-06,33.07396,33.073967,-1.3942413e-05,33.073967,0.000101630925,203,203,50,0.001958573,0.0021201428,3.0013432e-06,0.20111005,0
1110,18.5,8.6139e-06,33.073944,33.073956,-1.218223e-05,33.073956,0.000101646205,203,203,50,0.0019939768,0.0020514822,3.0219417e-06,0.20110968,0
1111,18.516666,8.163508e-06,33.073936,33.073944,-9.760676e-06,33.073944,0.00010157638,203,203,50,0.0019392027,0.0021824003,3.1010266e-06,0.20110935,0
1112,18.533333,8.386328e-06,33.073917,33.073925,-1.972779e-05,33.073925,0.000101684745,203,203,50,0.0019663102,0.0021344912,3.121234e-06,0.20110884,0
1113,18.55,8.814823e-06,33.073902,33.073914,-1.1708126e-05,33.073914,0.00010161507,203,203,50,0.0020161862,0.0020729564,3.167794e-06,0.20110847,0
1114,18.566668,8.578453e-06,33.07389,33.0739,-1.3370522e-05,33.0739,0.0001015768,203,203,50,0.0019858857,0.0018992104,3.1831414e-06,0.20110807,0
1115,18.583334,8.840674e-06,33.073875,33.073883,-1.5698266e-05,33.073883,0.00010165776,203,203,50,0.0020202121,0.0019431327,3.2119722e-06,0.20110762,0
1116,18.6,8.106158e-06,33.073868,33.073875,-8.38225e-06,33.073875,0.00010151935,203,203,50,0.0019330187,0.0018802504,3.255702e-06,0.20110738,0
1117,18.616667,8.098282e-06,33.073853,33.07386,-1.3807048e-05,33.07386,0.000101607744,203,203,50,0.0019319166,0.0018562416,3.2771075e-06,0.20110695,0
1118,18.633333,8.544745e-06,33.073837,33.073845,-1.5514026e-05,33.073845,0.00010156041,203,203,50,0.0019850065,0.001876796,3.2787273e-06,0.2011065,0
1119,18.65,9.122806e-06,33.073826,33.073833,-1.1891069e-05,33.073833,0.00010152099,203,203,50,0.0020526699,0.0019199405,3.289524e-06,0.20110613,0
1120,18.666666,8.098438e-06,33.073814,33.073822,-1.1165928e-05,33.073822,0.00010154048,203,203,50,0.0019334963,0.0018205988,3.356412e-06,0.20110579,0
1121,18.683332,8.603264e-06,33.073803,33.07381,-1.2296815e-05,33.07381,0.000101524754,203,203,50,0.0019946995,0.0018895837,3.3318988e-06,0.20110542,0
1122,18.7,8.155325e-06,33.073788,33.073795,-1.4579621e-05,33.073795,0.00010148316,203,203,50,0.0019389673,0.0018048735,3.3078247e-06,0.20110504,0
1123,18.716667,8.112715e-06,33.073772,33.07378,-1.4340548e-05,33.07378,0.00010155982,203,203,50,0.0019323522,0.0018363791,3.367872e-06,0.20110466,0
1124,18.733334,8.536522e-06,33.07376,33.07377,-1.2045324e-05,33.07377,0.00010158805,203,203,50,0.0019812053,0.001872548,3.2865505e-06,0.20110428,0
1125,18.75,8.495489e-06,33.073746,33.073753,-1.600152e-05,33.073753,0.000101599864,203,203,50,0.0019767697,0.0017725949,3.3202286e-06,0.20110384,0
1126,18.766666,9.110819e-06,33.073734,33.073742,-1.1188781e-05,33.073742,0.00010159403,205,205,51,0.0020527109,0.0018208618,3.3792337e-06,0.20110343,0
1127,18.783333,8.655219e-06,33.07372,33.073727,-1.4587281e-05,33.073727,0.000101618454,205,205,51,0.0019992169,0.0016826817,3.3064152e-06,0.20110303,0
1128,18.8,8.10685e-06,33.073708,33.07372,-1.0357418e-05,33.07372,0.00010156767,205,205,51,0.0019304409,0.0018048903,3.292014e-06,0.20110275,0
1129,18.816668,8.264072e-06,33.073692,33.0737,-1.6967053e-05,33.0737,0.00010155988,205,205,51,0.0019496139,0.0018238298,3.3307435e-06,0.20110226,0
1130,18.833334,8.082594e-06,33.07368,33.07369,-1.2318099e-05,33.07369,0.00010158974,204,204,51,0.0019306856,0.0017613876,3.354009e-06,0.20110188,0
1131,18.85,8.72628e-06,33.07367,33.073677,-9.996639e-06,33.073677,0.00010166211,204,204,51,0.002003486,0.0019563788,3.3284705e-06,0.20110156,0
1132,18.866667,8.687623e-06,33.073654,33.07366,-1.4669103e-05,33.07366,0.000101566024,204,204,51,0.0020001605,0.0018705634,3.3390004e-06,0.20110114,0
1133,18.883333,8.6444925e-06,33.073643,33.07365,-1.3509793e-05,33.07365,0.00010152912,204,204,51,0.0019952485,0.0018688604,3.2995124e-06,0.20110074,0
1134,18.9,8.259019e-06,33.073627,33.07364,-1.2522095e-05,33.07364,0.00010164006,204,204,51,0.001951962,0.0017195528,3.2981543e-06,0.20110033,0
1135,18.916666,8.670431e-06,33.073616,33.073627,-1.1392699e-05,33.073627,0.00010153756,204,204,51,0.0020008,0.001704536,3.2410528e-06,0.20110002,0
1136,18.933332,8.615422e-06,33.073605,33.073612,-1.4685455e-05,33.073612,0.00010153125,204,204,51,0.0019916592,0.0018028188,3.275716e-06,0.20109963,0
1137,18.95,8.22883e-06,33.073593,33.0736,-1.0195642e-05,33.0736,0.00010151764,204,204,51,0.0019480204,0.0019319252,3.2064156e-06,0.20109929,0
1138,18.966667,8.452276e-06,33.073578,33.073586,-1.4240746e-05,33.073586,0.00010157301,204,204,51,0.0019744618,0.0018048203,3.2021744e-06,0.20109883,0
1139,18.983334,8.390139e-06,33.073566,33.073574,-1.1034973e-05,33.073574,0.00010154264,206,206,51,0.001970311,0.0016293315,3.1014322e-06,0.20109847,0
1140,19,7.972045e-06,33.073555,33.073563,-1.405101e-05,33.073563,0.00010161902,206,206,51,0.001920144,0.0015652669,3.0803465e-06,0.20109808,0
1141,19.016666,8.473518e-06,33.07354,33.073547,-1.2798932e-05,33.073547,0.000101522535,206,206,51,0.001978294,0.0016970165,3.0880362e-06,0.20109776,0
1142,19.033333,7.966321e-06,33.07353,33.073536,-1.1646287e-05,33.073536,0.00010160805,206,206,51,0.0019167891,0.001555978,3.0923231e-06,0.20109738,0
1143,19.05,8.140621e-06,33.073517,33.07353,-1.0798537e-05,33.07353,0.000101623555,206,206,51,0.0019409208,0.0016725371,3.1046447e-06,0.20109703,0
1144,19.066668,7.923457e-06,33.073505,33.073513,-1.4681355e-05,33.073513,0.0001015612,206,206,51,0.0019114616,0.0020434533,3.113911e-06,0.20109665,0
1145,19.083334,7.927943e-06,33.07349,33.073498,-1.2298389e-05,33.073498,0.00010164413,206,206,51,0.0019118191,0.0019327226,3.0353553e-06,0.20109627,0
1146,19.1,8.414228e-06,33.073483,33.07349,-9.3227645e-06,33.07349,0.00010152122,206,206,51,0.0019704641,0.0015793991,3.0578983e-06,0.2010959,0
1147,19.116667,8.216043e-06,33.073467,33.073475,-1.665744e-05,33.073475,0.00010158298,206,206,51,0.0019494098,0.0015464084,3.0210094e-06,0.20109546,0
1148,19.133333,8.345085e-06,33.073452,33.07346,-1.333762e-05,33.07346,0.000101654245,206,206,51,0.001962065,0.0018231092,3.0094236e-06,0.20109509,0
1149,19.15,8.391999e-06,33.07344,33.07345,-1.1757198e-05,33.07345,0.000101592705,206,206,51,0.0019675852,0.001643391,3.0254687e-06,0.20109475,0
1150,19.166666,8.1146245e-06,33.07343,33.073437,-1.258025e-05,33.073437,0.00010149978,206,206,51,0.0019344193,0.0016063488,3.0118179e-06,0.20109436,0
1151,19.183332,7.907902e-06,33.073418,33.07343,-8.519477e-06,33.07343,0.000101462174,206,206,51,0.0019124621,0.0015183145,3.016419e-06,0.20109403,0
1152,19.2,8.390398e-06,33.073406,33.073414,-1.4480461e-05,33.073414,0.00010155142,206,206,51,0.0019702127,0.0018235511,3.0219062e-06,0.20109364,0
1153,19.216667,8.169797e-06,33.073387,33.0734,-1.6014834e-05,33.0734,0.000101634585,206,206,51,0.0019411972,0.001583424,2.9960986e-06,0.20109318,0
1154,19.233334,9.202338e-06,33.073376,33.073383,-1.243412e-05,33.073383,0.000101568134,206,206,51,0.0020622704,0.00149408,3.0103388e-06,0.20109275,0
1155,19.25,7.946116e-06,33.073364,33.07337,-1.22290585e-05,33.07337,0.000101593316,207,207,51,0.0019176843,0.0014252556,3.0342358e-06,0.20109242,0
1156,19.266666,8.343921e-06,33.073353,33.07336,-1.2403836e-05,33.07336,0.000101562306,207,207,51,0.001961834,0.0018691805,2.9623222e-06,0.20109208,0
1157,19.283333,8.587865e-06,33.07334,33.07335,-1.0895147e-05,33.07335,0.00010152809,207,207,51,0.00199082,0.0015311617,3.0284673e-06,0.2010917,0
1158,19.3,8.985542e-06,33.07333,33.073338,-1.1905198e-05,33.073338,0.00010152547,207,207,51,0.0020433953,0.0013306745,2.9962505e-06,0.20109126,0
1159,19.316668,7.930921e-06,33.07332,33.073326,-1.13624355e-05,33.073326,0.00010155349,207,207,51,0.0019125453,0.0020249719,2.9590203e-06,0.20109102,0
1160,19.333334,7.961644e-06,33.0733,33.073307,-1.8257337e-05,33.073307,0.00010155381,207,207,51,0.0019163719,0.0016478575,2.9665675e-06,0.20109051,0
1161,19.35,8.477141e-06,33.073296,33.073303,-4.63841e-06,33.073303,0.00010154485,207,207,51,0.0019846305,0.0013133878,2.9954601e-06,0.20109023,0
1162,19.366667,7.902182e-06,33.07328,33.073288,-1.5371661e-05,33.073288,0.00010156814,208,208,51,0.0019088371,0.0016520359,2.9671644e-06,0.20108983,0
1163,19.383333,8.574584e-06,33.073265,33.073273,-1.3625536e-05,33.073273,0.00010162445,208,208,51,0.001992298,0.0013954871,2.9946164e-06,0.20108938,0
1164,19.4,8.519807e-06,33.073254,33.07326,-1.1193867e-05,33.07326,0.00010153058,208,208,51,0.0019839285,0.0014342362,2.9280836e-06,0.20108907,0
1165,19.416666,8.494819e-06,33.073246,33.073254,-9.834038e-06,33.073254,0.00010156346,208,208,51,0.0019866808,0.001276075,2.9991395e-06,0.20108873,0
1166,19.433332,8.475728e-06,33.07323,33.07324,-1.36520075e-05,33.07324,0.00010149725,208,208,51,0.001978937,0.0019037572,3.0164306e-06,0.20108837,0
1167,19.45,8.08671e-06,33.07321,33.07322,-1.817831e-05,33.07322,0.00010160983,208,208,51,0.001931568,0.001989539,2.9289993e-06,0.20108788,0
1168,19.466667,7.858108e-06,33.073208,33.073215,-6.2137847e-06,33.073215,0.00010156051,208,208,51,0.0019035551,0.0017123689,2.9435375e-06,0.20108761,0
1169,19.483334,9.000187e-06,33.07319,33.0732,-1.5982196e-05,33.0732,0.000101640544,208,208,51,0.0020422805,0.0013320342,2.991661e-06,0.20108712,0
1170,19.5,7.942755e-06,33.07318,33.07319,-8.8714205e-06,33.07319,0.000101544996,208,208,51,0.0019141801,0.0018333711,3.0098324e-06,0.20108686,0
1171,19.516666,7.879728e-06,33.07317,33.073177,-1.3695943e-05,33.073177,0.00010157528,208,208,51,0.0019123066,0.001233519,3.0203062e-06,0.20108645,0
1172,19.533333,8.0518275e-06,33.07316,33.073166,-1.1133246e-05,33.073166,0.00010154012,208,208,51,0.0019302599,0.0013025894,2.9644034e-06,0.20108606,0
1173,19.55,7.8866005e-06,33.073143,33.073154,-1.2301848e-05,33.073154,0.0001015702,208,208,51,0.0019070477,0.0020396719,2.9733258e-06,0.20108575,0
1174,19.566668,8.372344e-06,33.073128,33.07314,-1.4809724e-05,33.07314,0.00010156829,208,208,51,0.001968719,0.0012539778,3.0378565e-06,0.20108527,0
1175,19.583334,8.3416835e-06,33.073116,33.073124,-1.4328598e-05,33.073124,0.00010154044,208,208,51,0.001965232,0.0012664406,3.0119404e-06,0.20108488,0
1176,19.6,7.943079e-06,33.073105,33.073112,-9.542633e-06,33.073112,0.00010156834,208,208,51,0.0019143951,0.0020810694,3.033363e-06,0.20108457,0
1177,19.616667,8.988668e-06,33.073093,33.0731,-1.1423542e-05,33.0731,0.00010156667,208,208,51,0.002043909,0.0011290454,3.0144963e-06,0.20108414,0
1178,19.633333,8.608804e-06,33.07308,33.07309,-1.4179036e-05,33.07309,0.00010153787,208,208,51,0.0019931588,0.0016691147,2.9460236e-06,0.20108376,0
1179,19.65,8.140761e-06,33.073063,33.073074,-1.5929765e-05,33.073074,0.00010163213,208,208,51,0.0019410788,0.0014236103,2.950967e-06,0.20108333,0
1180,19.666666,8.610979e-06,33.07305,33.073063,-1.1500148e-05,33.073063,0.00010160056,208,208,51,0.001993971,0.0019842968,2.9788541e-06,0.20108297,0
1181,19.683332,8.113296e-06,33.073048,33.073055,-6.4828664e-06,33.073055,0.00010156305,208,208,51,0.0019381704,0.0012121797,2.934332e-06,0.2010827,0
1182,19.7,8.075091e-06,33.073032,33.07304,-1.5333671e-05,33.07304,0.00010151243,208,208,51,0.0019300506,0.0020423017,2.9439757e-06,0.20108229,0
1183,19.716667,7.896994e-06,33.07302,33.07303,-1.0485912e-05,33.07303,0.00010147714,208,208,51,0.0019119801,0.0011019363,3.0039346e-06,0.20108193,0
1184,19.733334,7.841746e-06,33.073013,33.07302,-8.534257e-06,33.07302,0.000101508005,208,208,51,0.0019018753,0.0019576554,2.9333592e-06,0.20108168,0
1185,19.75,8.453419e-06,33.072998,33.073006,-1.41850305e-05,33.073006,0.00010153782,208,208,51,0.0019795962,0.0015624103,3.002872e-06,0.20108119,0
1186,19.766666,7.876019e-06,33.072987,33.072994,-1.2880275e-05,33.072994,0.00010163219,208,208,51,0.001909215,0.0012141973,2.965047e-06,0.2010808,0
1187,19.783333,9.0032945e-06,33.072968,33.072975,-1.7825803e-05,33.072975,0.00010160358,208,208,51,0.0020399932,0.0015904144,2.9927505e-06,0.20108032,0
1188,19.8,8.130906e-06,33.07296,33.072968,-8.6863765e-06,33.072968,0.000101570826,208,208,51,0.0019371933,0.0016006926,2.9277558e-06,0.20108004,0
1189,19.816668,7.893692e-06,33.07295,33.072956,-8.716223e-06,33.072956,0.000101517355,208,208,51,0.0019116345,0.0012966171,2.9225248e-06,0.2010797,0
1190,19.833334,7.888487e-06,33.07294,33.07295,-1.097804e-05,33.07295,0.00010149436,208,208,51,0.0019138269,0.0011927389,2.9911978e-06,0.20107934,0
1191,19.85,8.647504e-06,33.072918,33.07293,-1.8692826e-05,33.07293,0.000101628255,208,208,51,0.0019991626,0.0015254585,2.9234964e-06,0.20107885,0
1192,19.866667,9.19766e-06,33.07291,33.072918,-9.923914e-06,33.072918,0.00010151529,208,208,51,0.0020651259,0.0011021771,2.9020234e-06,0.2010785,0
1193,19.883333,7.8525945e-06,33.072903,33.07291,-9.65782e-06,33.07291,0.000101513135,208,208,51,0.0019033819,0.0017421463,2.8640886e-06,0.20107824,0
1194,19.9,8.43408e-06,33.07289,33.0729,-1.05576055e-05,33.0729,0.00010151057,208,208,51,0.0019776716,0.0010905082,2.8921831e-06,0.20107786,0
1195,19.916666,8.074892e-06,33.072872,33.07288,-1.6984695e-05,33.07288,0.00010155108,208,208,51,0.0019307212,0.0020467688,2.9538148e-06,0.20107742,0
1196,19.933332,7.9621805e-06,33.07286,33.07287,-1.1750568e-05,33.07287,0.00010161072,207,207,51,0.001923119,0.0011982874,2.9303721e-06,0.201077,0
1197,19.95,8.445968e-06,33.072853,33.07286,-9.657771e-06,33.07286,0.00010152778,207,207,51,0.0019759757,0.001810602,2.821691e-06,0.20107672,0
1198,19.966667,8.372159e-06,33.072838,33.072845,-1.2709195e-05,33.072845,0.000101497775,207,207,51,0.001969413,0.0009945842,2.927181e-06,0.20107627,0
1199,19.983334,8.487176e-06,33.072826,33.072834,-1.1190328e-05,33.072834,0.000101558544,207,207,51,0.0019838929,0.0010358357,2.8434229e-06,0.20107591,0
1200,20,7.861075e-06,33.07282,33.072826,-8.44009e-06,33.072826,0.000101556245,207,207,51,0.0019076013,0.0013039683,2.870257e-06,0.20107566,0
1201,20.016666,8.347284e-06,33.072803,33.072815,-1.4144238e-05,33.072815,0.00010159062,207,207,51,0.0019631563,0.0016374756,2.8410404e-06,0.20107527,0
1202,20.033333,8.358087e-06,33.072792,33.0728,-1.4120879e-05,33.0728,0.000101565485,207,207,51,0.001967706,0.0012348905,2.8506124e-06,0.20107481,0
1203,20.05,7.879497e-06,33.07278,33.07279,-9.123854e-06,33.07279,0.000101479716,207,207,51,0.0019103272,0.0011948626,2.8161453e-06,0.20107451,0
1204,20.066668,7.85823e-06,33.07277,33.072777,-1.2656654e-05,33.072777,0.00010147677,207,207,51,0.0019074461,0.0014693664,2.811933e-06,0.20107412,0
1205,20.083334,7.840034e-06,33.072754,33.07276,-1.4316132e-05,33.07276,0.00010154326,207,207,51,0.001902335,0.00200465,2.8127188e-06,0.20107374,0
1206,20.1,8.118193e-06,33.072742,33.07275,-1.3853522e-05,33.07275,0.00010160198,207,207,51,0.0019380583,0.0021615874,2.8996653e-06,0.2010733,0
1207,20.116667,7.921132e-06,33.072727,33.072735,-1.2666193e-05,33.072735,0.00010151326,207,207,51,0.001912049,0.0015952353,2.813096e-06,0.20107293,0
1208,20.133333,9.233178e-06,33.072716,33.072727,-9.827044e-06,33.072727,0.0001014522,207,207,51,0.0020673065,0.0018903734,2.6791856e-06,0.20107256,0
1209,20.15,8.156417e-06,33.072704,33.072712,-1.603972e-05,33.072712,0.00010163638,207,207,51,0.0019416902,0.0021639501,2.4809615e-06,0.20107211,0
1210,20.166666,8.09007e-06,33.072693,33.0727,-1.0374162e-05,33.0727,0.0001015863,207,207,51,0.0019336839,0.0019623246,2.4885608e-06,0.20107178,0
1211,20.183332,8.08209e-06,33.072678,33.072685,-1.4970937e-05,33.072685,0.00010161549,207,207,51,0.0019361922,0.0014338609,2.5801723e-06,0.20107128,0
1212,20.2,8.113186e-06,33.07267,33.072678,-8.780424e-06,33.072678,0.00010158851,207,207,51,0.0019366656,0.0019341642,2.5356094e-06,0.20107096,0
1213,20.216667,7.99171e-06,33.072655,33.072662,-1.3754393e-05,33.072662,0.00010159701,207,207,51,0.0019279462,0.0014815067,2.5467632e-06,0.20107052,0
1214,20.233334,7.949979e-06,33.072643,33.07265,-1.1347077e-05,33.07265,0.00010157457,207,207,51,0.0019212912,0.001210664,2.5230074e-06,0.20107016,0
1215,20.25,7.992013e-06,33.072628,33.072636,-1.3923392e-05,33.072636,0.000101632424,207,207,51,0.0019232848,0.0021910635,2.5246275e-06,0.20106977,0
1216,20.266666,8.57757e-06,33.072613,33.072624,-1.43774005e-05,33.072624,0.00010158011,207,207,51,0.0019953083,0.0011896751,2.530522e-06,0.2010693,0
1217,20.283333,8.6052305e-06,33.072605,33.072613,-1.0446409e-05,33.072613,0.00010149242,207,207,51,0.001995957,0.001800593,2.5705638e-06,0.20106895,0
1218,20.3,8.04088e-06,33.07259,33.072598,-1.4197268e-05,33.072598,0.0001015847,207,207,51,0.0019311638,0.001139068,2.5579566e-06,0.2010685,0
1219,20.316668,8.145612e-06,33.072575,33.072582,-1.435946e-05,33.072582,0.000101615085,207,207,51,0.0019402592,0.0018115807,2.5474628e-06,0.2010681,0
1220,20.333334,8.563207e-06,33.072563,33.072575,-1.088775e-05,33.072575,0.000101624115,207,207,51,0.001990443,0.0019143726,2.5007032e-06,0.20106772,0
1221,20.35,7.975488e-06,33.072556,33.072563,-1.0563024e-05,33.072563,0.0001016285,207,207,51,0.0019237353,0.0013095331,2.5351308e-06,0.20106736,0
1222,20.366667,7.954889e-06,33.072544,33.07255,-1.215722e-05,33.07255,0.00010157638,207,207,51,0.0019183721,0.0017076809,2.5520314e-06,0.20106699,0
1223,20.383333,8.667191e-06,33.072525,33.072536,-1.5248186e-05,33.072536,0.000101543745,208,208,51,0.0020034031,0.0018635683,2.552393e-06,0.20106654,0
1224,20.4,9.022473e-06,33.072517,33.072525,-1.0451298e-05,33.072525,0.00010155155,209,209,52,0.0020471201,0.0011921889,2.5366119e-06,0.20106614,0
1225,20.416666,8.45162e-06,33.072506,33.072514,-1.1876198e-05,33.072514,0.000101523794,209,209,52,0.0019775666,0.0017519137,2.5350678e-06,0.20106578,0
1226,20.433332,8.701891e-06,33.07249,33.0725,-1.3881411e-05,33.0725,0.00010156037,208,208,52,0.0020078328,0.0020103878,2.5391712e-06,0.20106538,0
1227,20.45,8.651521e-06,33.072475,33.072483,-1.5678348e-05,33.072483,0.00010165177,209,209,52,0.0020033345,0.001222347,2.5174143e-06,0.20106487,0
1228,20.466667,8.401395e-06,33.072464,33.07247,-1.0557942e-05,33.07247,0.000101570855,209,209,52,0.0019717,0.002043435,2.480822e-06,0.20106454,0
1229,20.483334,8.06485e-06,33.072456,33.072464,-9.97934e-06,33.072464,0.00010154369,209,209,52,0.0019352981,0.0010846851,2.4619237e-06,0.20106418,0
1230,20.5,8.304118e-06,33.07244,33.07245,-1.4058669e-05,33.07245,0.00010155019,209,209,52,0.0019601365,0.0019325588,2.5556244e-06,0.20106377,0
1231,20.516666,7.988446e-06,33.07243,33.072437,-1.27848025e-05,33.072437,0.00010158165,209,209,52,0.0019223987,0.0021100473,2.5243828e-06,0.2010634,0
1232,20.533333,8.028758e-06,33.07242,33.072426,-1.0101248e-05,33.072426,0.000101612364,209,209,52,0.0019317606,0.0014244198,2.4998778e-06,0.20106299,0
1233,20.55,7.971821e-06,33.07241,33.07242,-8.3696905e-06,33.07242,0.00010147302,209,209,52,0.001919608,0.0019347152,2.4807487e-06,0.2010627,0
1234,20.566668,8.6983055e-06,33.07239,33.072403,-1.6231535e-05,33.072403,0.00010148323,209,209,52,0.0020127231,0.0011027609,2.452922e-06,0.20106219,0
1235,20.583334,8.491449e-06,33.072376,33.072384,-1.5834834e-05,33.072384,0.00010154365,209,209,52,0.0019851616,0.0011095395,2.5051047e-06,0.20106174,0
1236,20.6,8.00222e-06,33.072365,33.072376,-1.0963298e-05,33.072376,0.0001016121,209,209,52,0.001923005,0.0017088379,2.4812318e-06,0.20106143,0
1237,20.616667,7.9536485e-06,33.072353,33.072365,-1.1353917e-05,33.072365,0.00010152538,209,209,52,0.0019228935,0.0014667026,2.5547677e-06,0.20106104,0
1238,20.633333,7.957602e-06,33.072342,33.07235,-1.3628964e-05,33.07235,0.00010155501,209,209,52,0.0019180865,0.002078766,2.4636597e-06,0.20106065,0
1239,20.65,8.4893945e-06,33.072327,33.072334,-1.526244e-05,33.072334,0.00010159941,209,209,52,0.001986948,0.0013654701,2.548293e-06,0.20106013,0
1240,20.666666,8.657518e-06,33.072315,33.072327,-9.308416e-06,33.072327,0.00010158846,209,209,52,0.0020008495,0.0015594196,2.5587806e-06,0.20105979,0
1241,20.683332,9.113581e-06,33.072308,33.072315,-9.851752e-06,33.072315,0.00010154267,209,209,52,0.002054236,0.0018486469,2.494964e-06,0.20105949,0
1242,20.7,7.901446e-06,33.072296,33.072304,-1.251748e-05,33.072304,0.00010148718,208,208,52,0.0019139166,0.0016422978,2.5454397e-06,0.2010591,0
1243,20.716667,8.630459e-06,33.07228,33.07229,-1.3901435e-05,33.07229,0.00010151728,208,208,52,0.0019988362,0.0015924464,2.5444622e-06,0.20105869,0
1244,20.733334,7.992052e-06,33.07227,33.072277,-9.782436e-06,33.072277,0.00010152626,208,208,52,0.0019213469,0.0021624723,2.553921e-06,0.20105837,0
1245,20.75,8.138739e-06,33.072254,33.07226,-1.6312566e-05,33.07226,0.00010165335,208,208,52,0.0019392016,0.002203815,2.5610034e-06,0.20105788,0
1246,20.766666,7.940242e-06,33.072247,33.072254,-7.679975e-06,33.072254,0.00010159269,208,208,52,0.0019186991,0.0014699646,2.533679e-06,0.20105754,0
1247,20.783333,7.955649e-06,33.07223,33.07224,-1.528006e-05,33.07224,0.000101571786,208,208,52,0.0019208132,0.0012407788,2.5261836e-06,0.20105709,0
1248,20.8,7.997207e-06,33.07222,33.072227,-1.2261319e-05,33.072227,0.000101516984,209,209,53,0.001921823,0.0019149248,2.5891034e-06,0.20105673,0
1249,20.816668,7.990463e-06,33.07221,33.072216,-1.2143365e-05,33.072216,0.00010152016,209,209,53,0.0019243592,0.0011635851,2.5900442e-06,0.20105633,0
1250,20.833334,8.5536085e-06,33.072193,33.072205,-1.2238496e-05,33.072205,0.00010158776,209,209,53,0.0019881006,0.0017398134,2.6092232e-06,0.20105593,0
1251,20.85,8.454464e-06,33.07218,33.07219,-1.30670405e-05,33.07219,0.00010149846,209,209,53,0.001976742,0.0016093478,2.6936418e-06,0.20105551,0
1252,20.866667,8.501166e-06,33.072174,33.07218,-8.4323065e-06,33.07218,0.00010159051,209,209,53,0.0019822463,0.0018876318,2.6446862e-06,0.2010552,0
1253,20.883333,9.002263e-06,33.07216,33.072166,-1.479437e-05,33.072166,0.00010162345,209,209,53,0.0020442903,0.0010683064,2.6483096e-06,0.20105472,0
1254,20.9,8.5937e-06,33.072144,33.072155,-1.2711439e-05,33.072155,0.00010160216,209,209,53,0.0019932583,0.0017711202,2.6519358e-06,0.20105433,0
1255,20.916666,8.056274e-06,33.072136,33.072144,-9.016435e-06,33.072144,0.000101608945,209,209,53,0.0019292118,0.0020620525,2.6013124e-06,0.20105408,0
1256,20.933332,8.256751e-06,33.07212,33.07213,-1.4928735e-05,33.07213,0.00010158521,209,209,53,0.0019561157,0.0016149001,2.7187655e-06,0.20105359,0
1257,20.95,8.524906e-06,33.072113,33.07212,-8.875875e-06,33.07212,0.0001014938,209,209,53,0.0019865232,0.0016879288,2.617075e-06,0.20105328,0
1258,20.966667,8.652488e-06,33.072098,33.072105,-1.633167e-05,33.072105,0.00010162139,209,209,53,0.0020029687,0.0023022615,2.704656e-06,0.20105281,0
1259,20.983334,8.189592e-06,33.072083,33.07209,-1.3430792e-05,33.07209,0.00010153806,209,209,53,0.0019646683,0.0019772209,4.2732445e-06,0.20105234,0
1260,21,9.846239e-06,33.072063,33.072075,-1.6132646e-05,33.072075,0.0001015967,209,209,53,0.002163654,0.0022794474,6.6579105e-06,0.20105179,0
1261,21.016666,8.516995e-06,33.07205,33.07206,-1.7455986e-05,33.07206,0.00010161548,209,209,53,0.0020164743,0.0033514313,7.752976e-06,0.2010513,0
1262,21.033333,8.401301e-06,33.07204,33.07205,-1.0423509e-05,33.07205,0.00010159052,209,209,53,0.0020025577,0.0032943806,8.196834e-06,0.20105094,0
1263,21.05,8.456839e-06,33.072025,33.072033,-1.4076144e-05,33.072033,0.000101565245,209,209,53,0.0020067282,0.0021977345,7.661258e-06,0.20105042,0
1264,21.066668,8.9930245e-06,33.07201,33.072018,-1.5091792e-05,33.072018,0.000101547805,209,209,53,0.0020677738,0.0022316626,7.460071e-06,0.20104994,0
1265,21.083334,8.472784e-06,33.072,33.072006,-1.24906055e-05,33.072006,0.00010157851,209,209,53,0.0020107666,0.002420077,7.342924e-06,0.20104952,0
1266,21.1,8.42192e-06,33.071983,33.071995,-1.2021231e-05,33.071995,0.00010158444,209,209,53,0.0019979721,0.0030315171,7.2513494e-06,0.20104916,0
1267,21.116667,8.454391e-06,33.071968,33.071976,-1.6426782e-05,33.071976,0.00010156872,209,209,53,0.002002662,0.003734004,7.1018667e-06,0.20104864,0
1268,21.133333,8.389977e-06,33.071957,33.071964,-1.2533545e-05,33.071964,0.00010151303,209,209,53,0.0019952583,0.0021420433,6.841091e-06,0.20104818,0
1269,21.15,8.427048e-06,33.071945,33.071953,-1.2764571e-05,33.071953,0.00010169558,209,209,53,0.0019986632,0.0021442964,6.795354e-06,0.20104775,0
1270,21.166666,8.373866e-06,33.071934,33.07194,-1.0360996e-05,33.07194,0.00010161622,209,209,53,0.0019881362,0.0028616101,6.6524176e-06,0.20104742,0
1271,21.183332,8.72527e-06,33.07192,33.071926,-1.5110319e-05,33.071926,0.0001016457,209,209,53,0.0020304339,0.003559479,6.543147e-06,0.20104696,0
1272,21.2,8.33318e-06,33.071907,33.071915,-1.0699905e-05,33.071915,0.00010153916,209,209,53,0.001985685,0.0021966577,6.3533716e-06,0.20104657,0
1273,21.216667,8.806871e-06,33.07189,33.0719,-1.5486798e-05,33.0719,0.000101577425,209,209,53,0.0020367813,0.0027394458,6.32654e-06,0.2010461,0
1274,21.233334,8.318376e-06,33.07188,33.071888,-1.29576265e-05,33.071888,0.000101608435,209,209,53,0.0019807261,0.0034119263,6.2170598e-06,0.20104569,0
1275,21.25,8.528068e-06,33.071865,33.071873,-1.5085775e-05,33.071873,0.00010156373,209,209,53,0.0020063512,0.0019888876,6.0559105e-06,0.20104516,0
1276,21.266666,8.336418e-06,33.07185,33.071857,-1.3990822e-05,33.071857,0.00010171553,209,209,53,0.0019836198,0.0020114467,6.092134e-06,0.20104472,0
1277,21.283333,8.322969e-06,33.071842,33.07185,-8.326203e-06,33.07185,0.00010157023,209,209,53,0.001981848,0.0021092184,6.0332177e-06,0.2010444,0
1278,21.3,8.501475e-06,33.071827,33.071835,-1.6114493e-05,33.071835,0.00010161274,209,209,53,0.0019983216,0.0025798797,5.986625e-06,0.20104392,0
1279,21.316668,8.313441e-06,33.071815,33.071823,-9.830829e-06,33.071823,0.00010158139,209,209,53,0.0019798232,0.0019702497,5.859536e-06,0.20104356,0
1280,21.333334,8.296062e-06,33.071808,33.071815,-9.327662e-06,33.071815,0.000101530146,209,209,53,0.0019739624,0.0026108336,5.789654e-06,0.2010432,0
1281,21.35,8.308146e-06,33.071793,33.0718,-1.5283384e-05,33.0718,0.000101569414,209,209,53,0.0019766367,0.00322197,5.735345e-06,0.20104279,0
1282,21.366667,8.795141e-06,33.071774,33.07178,-1.6304768e-05,33.07178,0.000101665246,210,210,53,0.0020319142,0.0029148692,5.664385e-06,0.2010423,0
1283,21.383333,8.816434e-06,33.07176,33.07177,-1.44429e-05,33.07177,0.000101645535,210,210,53,0.0020359869,0.001978018,5.5236833e-06,0.2010418,0
1284,21.4,8.318398e-06,33.07175,33.07176,-1.0307086e-05,33.07176,0.000101595986,210,210,53,0.0019789138,0.0019320028,5.562834e-06,0.20104146,0
1285,21.416666,8.323774e-06,33.07174,33.071747,-1.2297501e-05,33.071747,0.00010165328,210,210,53,0.0019754842,0.0026024086,5.5514333e-06,0.20104107,0
1286,21.433332,8.709359e-06,33.07172,33.071728,-1.8234983e-05,33.071728,0.000101609556,210,210,53,0.0020213742,0.003264223,5.487514e-06,0.2010405,0
1287,21.45,8.711932e-06,33.071712,33.07172,-8.143925e-06,33.07172,0.00010169458,210,210,53,0.0020205034,0.0029324454,5.3486456e-06,0.20104022,0
1288,21.466667,8.298607e-06,33.0717,33.07171,-1.038863e-05,33.07171,0.00010151965,210,210,53,0.0019725615,0.0027771096,5.339067e-06,0.20103984,0
1289,21.483334,8.805546e-06,33.071682,33.071693,-1.6617334e-05,33.071693,0.00010159636,210,210,53,0.0020313049,0.0028258408,5.3321583e-06,0.20103934,0
1290,21.5,8.788951e-06,33.071674,33.071686,-8.495604e-06,33.071686,0.00010159993,210,210,53,0.0020326164,0.0018958742,5.172353e-06,0.20103897,0
1291,21.516666,8.325756e-06,33.071663,33.07167,-1.3098581e-05,33.07167,0.00010157833,210,210,53,0.001980404,0.0020379892,5.20619e-06,0.20103855,0
1292,21.533333,8.281088e-06,33.071648,33.071655,-1.3843839e-05,33.071655,0.00010155715,210,210,53,0.001968066,0.0024219903,5.1416387e-06,0.20103815,0
1293,21.55,8.311269e-06,33.071636,33.071648,-1.07764e-05,33.071648,0.00010158988,210,210,53,0.0019747743,0.0026530256,5.0513318e-06,0.20103778,0
1294,21.566668,8.329859e-06,33.071625,33.071632,-1.3780582e-05,33.071632,0.00010154079,208,208,52,0.0019749561,0.002128141,4.93537e-06,0.20103735,0
1295,21.583334,8.325317e-06,33.071613,33.07162,-1.1808653e-05,33.07162,0.000101516416,208,208,52,0.0019778698,0.002164999,4.812802e-06,0.20103689,0
1296,21.6,8.370451e-06,33.071594,33.0716,-1.9905476e-05,33.0716,0.000101553494,208,208,52,0.0019773217,0.0024423734,4.880842e-06,0.20103632,0
1297,21.616667,8.817832e-06,33.071587,33.071594,-6.036567e-06,33.071594,0.00010158396,208,208,52,0.0020308984,0.0028851526,4.8450884e-06,0.20103604,0
1298,21.633333,8.492462e-06,33.07157,33.071583,-1.3127012e-05,33.071583,0.00010153151,208,208,52,0.0019940957,0.0025238872,4.708456e-06,0.20103557,0
1299,21.65,8.316157e-06,33.07156,33.071568,-1.4640497e-05,33.071568,0.00010159925,208,208,52,0.0019710534,0.0029252302,4.733421e-06,0.20103514,0
1300,21.666666,8.462383e-06,33.07155,33.07156,-8.997803e-06,33.07156,0.00010160541,208,208,52,0.0019909728,0.001878766,4.5072275e-06,0.20103471,0
1301,21.683332,8.516287e-06,33.071537,33.071545,-1.3911523e-05,33.071545,0.00010160305,208,208,52,0.001994244,0.0026175834,4.5314164e-06,0.20103426,0
1302,21.7,8.3059085e-06,33.071526,33.071533,-1.1515724e-05,33.071533,0.00010161048,208,208,52,0.001972176,0.0019097158,4.4369126e-06,0.20103388,0
1303,21.716667,8.297711e-06,33.071514,33.071526,-8.653462e-06,33.071526,0.00010155805,208,208,52,0.0019706888,0.0027954262,4.603752e-06,0.20103355,0
1304,21.733334,8.4441845e-06,33.071503,33.07151,-1.3818953e-05,33.07151,0.00010158624,208,208,52,0.0019856126,0.003283769,4.385622e-06,0.20103307,0
1305,21.75,8.362139e-06,33.071487,33.071495,-1.4878748e-05,33.071495,0.0001016338,208,208,52,0.0019781897,0.0017201332,4.336897e-06,0.20103255,0
1306,21.766666,8.324986e-06,33.071476,33.071484,-1.0677478e-05,33.071484,0.000101632286,208,208,52,0.0019739026,0.0017381811,4.3935606e-06,0.20103219,0
1307,21.783333,8.656138e-06,33.07146,33.071472,-1.346802e-05,33.071472,0.00010162578,208,208,52,0.0020084104,0.0025123276,4.3272494e-06,0.20103176,0
1308,21.8,8.326649e-06,33.071453,33.07146,-1.1468579e-05,33.07146,0.000101524296,208,208,52,0.0019732984,0.0028340095,4.2834663e-06,0.20103136,0
1309,21.816668,8.325342e-06,33.071438,33.07145,-1.1639162e-05,33.07145,0.00010162085,208,208,52,0.0019766896,0.002107395,4.185373e-06,0.20103091,0
1310,21.833334,8.779731e-06,33.071426,33.071438,-1.1017211e-05,33.071438,0.00010163908,208,208,52,0.002023101,0.0023301875,4.2452766e-06,0.20103051,0
1311,21.85,8.359547e-06,33.07141,33.07142,-1.7378203e-05,33.07142,0.00010159606,208,208,52,0.0019757214,0.0028255172,4.154313e-06,0.20103,0
1312,21.866667,8.359642e-06,33.071404,33.07141,-8.146403e-06,33.07141,0.00010159491,208,208,52,0.001980943,0.0023125184,3.9094753e-06,0.20102963,0
1313,21.883333,8.433672e-06,33.071392,33.0714,-1.0566296e-05,33.0714,0.000101541285,208,208,52,0.0019828158,0.0034847243,4.2186534e-06,0.20102927,0
1314,21.9,8.75582e-06,33.07138,33.071392,-1.0151922e-05,33.071392,0.00010157831,208,208,52,0.002024358,0.0019811632,4.0315676e-06,0.20102887,0
1315,21.916666,8.747532e-06,33.07137,33.071377,-1.3973715e-05,33.071377,0.000101570666,208,208,52,0.0020228033,0.0019321055,4.012273e-06,0.20102839,0
1316,21.933332,8.313686e-06,33.071358,33.071365,-1.1406682e-05,33.071365,0.0001016403,208,208,52,0.0019737757,0.0020269142,3.901623e-06,0.201028,0
1317,21.95,8.650384e-06,33.071342,33.07135,-1.44600035e-05,33.07135,0.00010158917,208,208,52,0.0020074672,0.0027262764,3.8704998e-06,0.20102757,0
1318,21.966667,8.281984e-06,33.071335,33.071342,-8.0161335e-06,33.071342,0.000101612044,208,208,52,0.0019632406,0.0027629868,3.8236653e-06,0.20102724,0
1319,21.983334,8.478674e-06,33.07132,33.071327,-1.5763797e-05,33.071327,0.0001016181,208,208,52,0.0019896072,0.0018791804,3.7167479e-06,0.20102668,0
1320,22,8.402314e-06,33.071312,33.07132,-7.0590736e-06,33.07132,0.00010157998,208,208,52,0.0019800756,0.0016127018,3.788303e-06,0.20102635,0
1321,22.016666,8.322084e-06,33.071297,33.071304,-1.6705739e-05,33.071304,0.00010156369,208,208,52,0.0019662476,0.0022091425,3.6775164e-06,0.20102587,0
1322,22.033333,8.394142e-06,33.07128,33.07129,-1.2895837e-05,33.07129,0.00010153085,208,208,52,0.0019763147,0.003069444,3.7253499e-06,0.20102546,0
1323,22.05,8.760414e-06,33.07127,33.071278,-1.2601625e-05,33.071278,0.00010162273,208,208,52,0.0020187895,0.0025250406,3.627163e-06,0.20102501,0
1324,22.066668,8.365998e-06,33.07126,33.07127,-9.538446e-06,33.07127,0.000101503705,208,208,52,0.0019712825,0.0023913884,3.6383317e-06,0.20102467,0
1325,22.083334,8.280593e-06,33.07125,33.07126,-1.006071e-05,33.07126,0.00010153484,208,208,52,0.0019617563,0.0023937116,3.5285295e-06,0.20102425,0
1326,22.1,8.2694105e-06,33.071236,33.071243,-1.3311588e-05,33.071243,0.0001015405,208,208,52,0.0019595209,0.0019781005,3.5593835e-06,0.20102383,0
1327,22.116667,8.290377e-06,33.071228,33.071236,-9.4555735e-06,33.071236,0.000101543774,208,208,52,0.0019633188,0.0028043804,3.4890186e-06,0.20102346,0
1328,22.133333,8.76992e-06,33.071213,33.07122,-1.46496695e-05,33.07122,0.000101580656,208,208,52,0.0020252767,0.0016062292,3.373779e-06,0.20102294,0
1329,22.15,8.3973055e-06,33.0712,33.07121,-1.0680429e-05,33.07121,0.000101572405,208,208,52,0.0019782488,0.0015737647,3.4551897e-06,0.20102255,0
1330,22.166666,8.32055e-06,33.07119,33.071198,-1.3044652e-05,33.071198,0.00010149653,208,208,52,0.0019654043,0.002156717,3.4346513e-06,0.20102213,0
1331,22.183332,8.765058e-06,33.07118,33.071186,-1.0195817e-05,33.071186,0.00010152011,208,208,52,0.0020187623,0.002399912,3.3835374e-06,0.20102178,0
1332,22.2,8.272502e-06,33.071167,33.071175,-1.2130412e-05,33.071175,0.000101519734,208,208,52,0.001962949,0.0016853072,3.2105802e-06,0.20102133,0
1333,22.216667,8.278786e-06,33.071156,33.071163,-1.2795357e-05,33.071163,0.00010149165,208,208,52,0.0019596573,0.0020780498,3.298344e-06,0.2010209,0
1334,22.233334,8.25058e-06,33.071144,33.07115,-1.0834786e-05,33.07115,0.00010145792,208,208,52,0.0019564992,0.0022452434,3.277826e-06,0.20102055,0
1335,22.25,8.723058e-06,33.07113,33.07114,-1.2495418e-05,33.07114,0.00010154884,208,208,52,0.0020163367,0.0017248067,3.13131e-06,0.20102005,0
1336,22.266666,8.2816005e-06,33.071117,33.07113,-1.1580549e-05,33.07113,0.000101549034,208,208,52,0.0019643751,0.0017856965,3.1050715e-06,0.20101964,0
1337,22.283333,8.277644e-06,33.07111,33.071117,-1.0145515e-05,33.071117,0.00010157546,208,208,52,0.0019599553,0.0022072764,3.1268487e-06,0.2010193,0
1338,22.3,8.84309e-06,33.07109,33.071102,-1.6060063e-05,33.071102,0.0001015427,208,208,52,0.0020243411,0.002422868,3.0908705e-06,0.20101874,0
1339,22.316668,8.284232e-06,33.071083,33.071095,-8.206592e-06,33.071095,0.000101520156,208,208,52,0.0019631488,0.0016029227,3.004606e-06,0.20101841,0
1340,22.333334,8.308602e-06,33.07107,33.07108,-1.1613485e-05,33.07108,0.00010154209,208,208,52,0.0019665267,0.001609851,3.1674265e-06,0.20101799,0
1341,22.35,8.271521e-06,33.07106,33.071068,-1.1508682e-05,33.071068,0.00010155204,208,208,52,0.0019579453,0.0022320412,3.098134e-06,0.20101762,0
1342,22.366667,8.727082e-06,33.07105,33.071056,-1.1514805e-05,33.071056,0.0001015221,208,208,52,0.0020153238,0.0023347777,3.061221e-06,0.20101717,0
1343,22.383333,8.7463195e-06,33.071037,33.071045,-1.361368e-05,33.071045,0.000101662205,208,208,52,0.002018436,0.0017381068,2.8665695e-06,0.2010167,0
1344,22.4,8.303999e-06,33.071026,33.071033,-1.0085116e-05,33.071033,0.00010157264,208,208,52,0.0019678003,0.0017973457,2.9393666e-06,0.2010163,0
1345,22.416666,8.727202e-06,33.071014,33.071022,-1.28772035e-05,33.071022,0.00010151774,208,208,52,0.002011448,0.0019590177,2.9186017e-06,0.20101592,0
1346,22.433332,8.840422e-06,33.071,33.07101,-1.2023401e-05,33.07101,0.00010153364,208,208,52,0.0020232375,0.0023714025,2.8904012e-06,0.20101543,0
1347,22.45,8.264145e-06,33.07099,33.071,-8.722775e-06,33.071,0.0001015039,208,208,52,0.001956248,0.0021668905,2.8278416e-06,0.20101514,0
1348,22.466667,8.253039e-06,33.07098,33.070988,-1.2480238e-05,33.070988,0.000101444304,208,208,52,0.001954862,0.0020649475,2.8460088e-06,0.20101471,0
1349,22.483334,8.274942e-06,33.07097,33.070976,-1.2447227e-05,33.070976,0.00010153493,208,208,52,0.0019576657,0.0022926757,2.758407e-06,0.20101428,0
1350,22.5,8.296379e-06,33.070953,33.07096,-1.3112715e-05,33.07096,0.00010149913,208,208,52,0.0019635025,0.0015682138,2.6892308e-06,0.20101376,0
1351,22.516666,8.280739e-06,33.07094,33.070946,-1.5976128e-05,33.070946,0.00010164219,208,208,52,0.0019581472,0.0022028273,2.8790955e-06,0.20101334,0
1352,22.533333,8.283471e-06,33.07093,33.07094,-8.310021e-06,33.07094,0.00010155244,208,208,52,0.001962427,0.0014131926,2.6207097e-06,0.20101295,0
1353,22.55,8.267311e-06,33.07092,33.070927,-1.03239745e-05,33.070927,0.00010149035,208,208,52,0.0019561248,0.0020805309,2.6934524e-06,0.2010126,0
1354,22.566668,8.264903e-06,33.070908,33.070915,-1.3302814e-05,33.070915,0.000101575715,208,208,52,0.001956397,0.0022219105,2.6647915e-06,0.20101215,0
1355,22.583334,8.266667e-06,33.070896,33.070904,-9.641031e-06,33.070904,0.00010160173,208,208,52,0.00195687,0.0022271858,2.641611e-06,0.20101176,0
1356,22.6,8.27985e-06,33.070885,33.070892,-1.2123438e-05,33.070892,0.00010156725,208,208,52,0.001957981,0.002283644,2.7242306e-06,0.20101133,0
1357,22.616667,8.275783e-06,33.070873,33.07088,-1.2805707e-05,33.07088,0.00010159566,208,208,52,0.0019573711,0.0022798993,2.6361683e-06,0.20101087,0
1358,22.633333,8.270483e-06,33.070858,33.070866,-1.3804472e-05,33.070866,0.00010159706,208,208,52,0.0019601553,0.0015525062,2.7097408e-06,0.20101038,0
1359,22.65,8.274157e-06,33.07085,33.070858,-8.64159e-06,33.070858,0.00010149571,208,208,52,0.0019605411,0.0014217873,2.7242766e-06,0.20101002,0
1360,22.666666,8.259588e-06,33.070835,33.070843,-1.36474855e-05,33.070843,0.00010159117,208,208,52,0.0019588831,0.0015730571,2.7856693e-06,0.20100957,0
1361,22.683332,8.288087e-06,33.070824,33.07083,-1.1276847e-05,33.07083,0.00010152699,208,208,52,0.001964677,0.0018973597,2.70392e-06,0.20100915,0
1362,22.7,8.371036e-06,33.07081,33.070816,-1.5046264e-05,33.070816,0.00010160407,208,208,52,0.0019721857,0.0015823006,2.8089248e-06,0.20100866,0
1363,22.716667,8.2658935e-06,33.0708,33.07081,-8.9166615e-06,33.07081,0.00010157351,208,208,52,0.001958945,0.0015509644,2.7464953e-06,0.20100829,0
1364,22.733334,8.258823e-06,33.070793,33.0708,-8.81859e-06,33.0708,0.00010150902,208,208,52,0.0019542219,0.0021076957,2.7637184e-06,0.20100798,0
1365,22.75,8.326256e-06,33.070774,33.070786,-1.6391821e-05,33.070786,0.0001015276,208,208,52,0.0019621172,0.0018297354,2.8727286e-06,0.20100743,0
1366,22.766666,8.262241e-06,33.070766,33.070778,-7.711748e-06,33.070778,0.000101527614,208,208,52,0.0019548,0.0022032645,2.794936e-06,0.2010071,0
1367,22.783333,8.299615e-06,33.070755,33.070763,-1.3096777e-05,33.070763,0.00010155081,208,208,52,0.001959122,0.0021328176,2.8211134e-06,0.20100664,0
1368,22.8,8.289145e-06,33.07074,33.070747,-1.5305939e-05,33.070747,0.00010154522,208,208,52,0.0019644334,0.0014673362,2.8943518e-06,0.2010061,0
1369,22.816668,8.399817e-06,33.070732,33.070744,-5.8745104e-06,33.070744,0.00010148362,208,208,52,0.0019711624,0.0024480016,2.8877835e-06,0.20100583,0
1370,22.833334,8.38089e-06,33.070717,33.070724,-1.7808221e-05,33.070724,0.00010155859,208,208,52,0.0019690841,0.0022461421,2.9008845e-06,0.20100528,0
1371,22.85,8.367377e-06,33.070705,33.070713,-1.1318858e-05,33.070713,0.00010150631,208,208,52,0.0019707275,0.001376191,2.8796696e-06,0.20100483,0
1372,22.866667,8.268172e-06,33.070694,33.0707,-9.409489e-06,33.0707,0.00010154894,208,208,52,0.001956504,0.002247847,2.812375e-06,0.20100453,0
1373,22.883333,8.2754e-06,33.070683,33.07069,-1.3293178e-05,33.07069,0.00010148015,208,208,52,0.0019560354,0.0020275263,2.9502792e-06,0.20100406,0
1374,22.9,8.279851e-06,33.070667,33.070675,-1.3628466e-05,33.070675,0.00010156755,208,208,52,0.0019591365,0.002082394,2.9370406e-06,0.20100358,0
1375,22.916666,8.270922e-06,33.070656,33.070663,-1.11480185e-05,33.070663,0.00010156122,208,208,52,0.0019553057,0.0020026728,2.8304817e-06,0.20100318,0
1376,22.933332,8.261902e-06,33.070644,33.070652,-1.1646876e-05,33.070652,0.00010160931,208,208,52,0.0019541315,0.0019230564,2.9391276e-06,0.20100279,0
1377,22.95,8.426777e-06,33.070633,33.07064,-1.180549e-05,33.07064,0.0001015485,208,208,52,0.001973495,0.0021275347,3.007366e-06,0.20100234,0
1378,22.966667,8.327965e-06,33.07062,33.07063,-1.0905393e-05,33.07063,0.00010147478,208,208,52,0.001961815,0.0017958331,3.0412377e-06,0.20100188,0
1379,22.983334,8.256836e-06,33.07061,33.070618,-1.187524e-05,33.070618,0.00010152838,208,208,52,0.0019535942,0.002047645,2.8947522e-06,0.20100151,0
1380,23,8.2604765e-06,33.0706,33.070606,-1.3463021e-05,33.070606,0.000101518104,208,208,52,0.0019573849,0.0014353275,3.04641e-06,0.20100099,0
1381,23.016666,8.274101e-06,33.07058,33.070587,-1.6445629e-05,33.070587,0.00010160014,208,208,52,0.0019592415,0.0014308704,2.993905e-06,0.20100047,0
1382,23.033333,8.26983e-06,33.07057,33.07058,-8.483279e-06,33.07058,0.00010162164,208,208,52,0.0019583986,0.001352061,3.0102801e-06,0.2010001,0
1383,23.05,8.266299e-06,33.07056,33.07057,-1.0311346e-05,33.07057,0.000101553465,208,208,52,0.0019541075,0.0017210075,3.0356475e-06,0.2009997,0
1384,23.066668,8.308455e-06,33.07055,33.070557,-1.4089526e-05,33.070557,0.00010151596,208,208,52,0.0019589835,0.00179349,3.0527892e-06,0.20099925,0
1385,23.083334,8.267947e-06,33.070538,33.070545,-1.0514578e-05,33.070545,0.00010153837,208,208,52,0.0019584747,0.0014835562,3.028746e-06,0.20099881,0
1386,23.1,8.4694675e-06,33.070522,33.07053,-1.4262671e-05,33.07053,0.00010152244,208,208,52,0.001981695,0.0014032067,3.0745282e-06,0.20099832,0
1387,23.116667,8.001726e-06,33.070515,33.070522,-9.611771e-06,33.070522,0.00010145653,207,207,52,0.0019233503,0.0016296925,3.040019e-06,0.20099801,0
1388,23.133333,7.852618e-06,33.070507,33.070515,-5.6355257e-06,33.070515,0.00010144549,207,207,52,0.0019080354,0.0016026754,3.212014e-06,0.20099767,0
1389,23.15,8.004597e-06,33.070496,33.070503,-1.2815918e-05,33.070503,0.00010137417,207,207,52,0.0019199685,0.0020207358,3.187915e-06,0.20099725,0
1390,23.166666,7.738561e-06,33.070484,33.07049,-9.742575e-06,33.07049,0.00010154826,207,207,52,0.001890995,0.0015031176,3.3150313e-06,0.20099685,0
1391,23.183332,7.816363e-06,33.070473,33.07048,-1.3887626e-05,33.07048,0.00010147502,207,207,52,0.001902313,0.0014763512,3.3534457e-06,0.20099637,0
1392,23.2,7.904239e-06,33.070457,33.070465,-1.27137655e-05,33.070465,0.00010149387,207,207,52,0.0019105669,0.0012069934,3.469408e-06,0.20099597,0
1393,23.216667,7.762138e-06,33.070446,33.070454,-1.1613702e-05,33.070454,0.000101516685,207,207,52,0.0018931982,0.001294718,3.511303e-06,0.20099553,0
1394,23.233334,7.534418e-06,33.070442,33.07045,-6.545413e-06,33.07045,0.00010141829,206,206,52,0.0018667333,0.0012445027,3.6260217e-06,0.2009952,0
1395,23.25,6.7895603e-06,33.070446,33.07045,2.580244e-06,33.07045,0.000101339494,206,206,52,0.0017705739,0.0014820222,3.38203e-06,0.20099512,0
1396,23.266666,5.5363907e-06,33.070457,33.07046,9.885921e-06,33.07046,0.00010127315,206,206,52,0.0016010595,0.0016155704,3.1895736e-06,0.20099525,0
1397,23.283333,4.704184e-06,33.070473,33.070477,1.6624577e-05,33.070477,0.00010114599,206,206,52,0.0014719714,0.0015193928,2.9917576e-06,0.20099542,0
1398,23.3,3.5196933e-06,33.070488,33.07049,1.3778466e-05,33.07049,0.000101001286,206,206,52,0.001271983,0.0012224665,3.3200477e-06,0.20099556,0
1399,23.316668,2.900903e-06,33.070507,33.070507,1.6837994e-05,33.070507,0.00010093998,206,206,52,0.0011571902,0.0010097503,3.780953e-06,0.20099573,0
1400,23.333334,2.3036878e-06,33.070522,33.070526,1.6194548e-05,33.070526,0.00010086504,206,206,52,0.0010352505,0.00090739876,3.8204453e-06,0.20099595,0
1401,23.35,1.9001322e-06,33.07053,33.07053,7.077923e-06,33.07053,0.00010078546,206,206,52,0.000953137,0.0010042462,4.6321757e-06,0.20099594,0
1402,23.366667,1.7645227e-06,33.070534,33.070538,5.6833182e-06,33.070538,0.00010066009,206,206,52,0.0009367443,0.0012412473,5.8625683e-06,0.20099589,0
1403,23.383333,1.9956885e-06,33.070538,33.07054,3.8887774e-06,33.07054,0.00010064934,206,206,52,0.0010443338,0.001728587,9.302321e-06,0.20099577,0
1404,23.4,2.7991846e-06,33.07053,33.070534,-8.673043e-06,33.070534,0.00010064647,206,206,52,0.0013009239,0.0027055398,1.4166036e-05,0.20099537,0
1405,23.416666,3.6931012e-06,33.07052,33.070522,-1.05776835e-05,33.070522,0.00010064389,206,206,52,0.0015259931,0.0033780434,1.9487843e-05,0.20099491,0
1406,23.433332,4.692571e-06,33.070507,33.07051,-9.640855e-06,33.07051,0.000100635945,206,206,52,0.0017409945,0.003913309,2.3976532e-05,0.2009944,0
1407,23.45,5.741831e-06,33.070496,33.070503,-1.0921106e-05,33.070503,0.00010063572,206,206,52,0.0019191863,0.004226137,2.7721671e-05,0.20099387,0
1408,23.466667,6.732175e-06,33.07048,33.070488,-1.4637634e-05,33.070488,0.000100667254,206,206,52,0.002091207,0.004617275,3.0988143e-05,0.20099324,0
1409,23.483334,7.5209737e-06,33.070465,33.070473,-1.5337944e-05,33.070473,0.000100669844,206,206,52,0.0022055048,0.0047710533,3.3650642e-05,0.2009926,0
1410,23.5,8.0667905e-06,33.070446,33.070454,-1.6578457e-05,33.070454,0.00010068037,206,206,52,0.0022781175,0.004897797,3.5361965e-05,0.2009919,0
1411,23.516666,8.363707e-06,33.07043,33.07044,-1.5829826e-05,33.07044,0.00010069546,206,206,52,0.002331021,0.005072298,3.6459216e-05,0.20099126,0
1412,23.533333,8.472147e-06,33.07041,33.070423,-1.7680853e-05,33.070423,0.000100773395,205,205,52,0.0023612112,0.005277465,3.7095393e-05,0.20099056,0
1413,23.55,8.432588e-06,33.070396,33.070404,-1.649881e-05,33.070404,0.000100694815,205,205,52,0.0023503087,0.0052594095,3.709787e-05,0.20098989,0
1414,23.566668,8.301463e-06,33.07038,33.07039,-1.72554e-05,33.07039,0.000100732526,205,205,52,0.0023468963,0.0054351767,3.6934056e-05,0.20098922,0
1415,23.583334,8.132999e-06,33.070362,33.07037,-1.7625247e-05,33.07037,0.000100713834,205,205,52,0.002327189,0.0054327296,3.668666e-05,0.20098852,0
1416,23.6,7.931398e-06,33.070347,33.070354,-1.3668263e-05,33.070354,0.000100776655,205,205,52,0.0023018355,0.0054467944,3.6177276e-05,0.2009879,0
1417,23.616667,7.664641e-06,33.07033,33.07034,-1.872107e-05,33.07034,0.00010066701,205,205,52,0.0022204455,0.004767418,3.5482037e-05,0.2009872,0
1418,23.633333,7.403676e-06,33.070316,33.070324,-1.5057667e-05,33.070324,0.00010071431,206,206,52,0.0022138976,0.0051058037,3.472372e-05,0.20098656,0
1419,23.65,7.1230106e-06,33.070297,33.070305,-1.7903703e-05,33.070305,0.000100675075,206,206,52,0.0021562956,0.0048342757,3.4006105e-05,0.20098594,0
1420,23.666666,6.8682834e-06,33.070286,33.070293,-1.2557603e-05,33.070293,0.00010068844,206,206,52,0.0021173113,0.0047463286,3.3490585e-05,0.20098534,0
1421,23.683332,6.610861e-06,33.070267,33.070274,-1.7381695e-05,33.070274,0.0001007254,206,206,52,0.0020725403,0.0045393505,3.2816708e-05,0.20098467,0
1422,23.7,6.357539e-06,33.07025,33.07026,-1.58813e-05,33.07026,0.000100723766,206,206,52,0.0020464289,0.0047297124,3.1936903e-05,0.20098405,0
1423,23.716667,6.129849e-06,33.07024,33.070248,-1.1699291e-05,33.070248,0.00010060174,206,206,52,0.0020125248,0.0046990165,3.1390333e-05,0.20098352,0
1424,23.733334,5.8904475e-06,33.07023,33.070232,-1.4038574e-05,33.070232,0.00010067378,206,206,52,0.0019418545,0.004145535,3.068186e-05,0.20098294,0
1425,23.75,5.6434237e-06,33.070213,33.07022,-1.3048665e-05,33.07022,0.00010067342,206,206,52,0.001933719,0.00455701,2.9768666e-05,0.20098239,0
1426,23.766666,5.4329994e-06,33.0702,33.07021,-1.184828e-05,33.07021,0.00010069108,206,206,52,0.0018945838,0.004424317,2.9304527e-05,0.20098189,0
1427,23.783333,5.1765123e-06,33.070187,33.07019,-1.6050719e-05,33.07019,0.00010076895,206,206,52,0.0018388656,0.0041078096,2.8371283e-05,0.20098127,0
1428,23.8,4.9793307e-06,33.07018,33.070183,-9.839976e-06,33.070183,0.0001006943,206,206,52,0.0018078424,0.0042047026,2.7761029e-05,0.2009808,0
1429,23.816668,4.7665317e-06,33.070164,33.07017,-1.2515675e-05,33.07017,0.0001006968,206,206,52,0.0017462014,0.00376791,2.7055727e-05,0.20098026,0
1430,23.833334,4.540903e-06,33.070152,33.07016,-1.169723e-05,33.07016,0.000100726866,206,206,52,0.0017332154,0.0043464047,2.6193267e-05,0.20097977,0
1431,23.85,4.3004125e-06,33.07014,33.070145,-1.3540896e-05,33.070145,0.00010065172,206,206,52,0.0016531113,0.0035350793,2.5416626e-05,0.20097923,0
1432,23.866667,4.0439327e-06,33.07013,33.070133,-1.2559355e-05,33.070133,0.00010068346,206,206,52,0.0016312127,0.003938026,2.4224979e-05,0.20097873,0
1433,23.883333,3.823652e-06,33.070118,33.07012,-1.0694351e-05,33.07012,0.00010062372,206,206,52,0.0015722716,0.0036022067,2.3646848e-05,0.20097823,0
1434,23.9,3.6026222e-06,33.070107,33.07011,-1.1193865e-05,33.07011,0.00010063811,206,206,52,0.0015055747,0.0031588196,2.256194e-05,0.20097779,0
1435,23.916666,3.3890447e-06,33.070095,33.0701,-1.1352668e-05,33.0701,0.000100638375,206,206,52,0.0014828336,0.0034666152,2.1763275e-05,0.20097733,0
1436,23.933332,3.3068593e-06,33.07006,33.070065,-3.349946e-05,33.070065,0.00010070039,206,206,52,0.0013992232,0.002702094,2.012388e-05,0.20097642,0
1437,23.95,2.3592252e-06,33.07006,33.070065,-1.6126544e-06,33.070065,0.00010063961,206,206,52,0.0011831576,0.0025764469,1.6005166e-05,0.20097624,0
1438,23.966667,1.9851307e-06,33.070057,33.070057,-5.528002e-06,33.070057,0.00010064723,206,206,52,0.0010819475,0.002629454,1.3309697e-05,0.20097598,0
1439,23.983334,1.9309316e-06,33.07005,33.07005,-7.535678e-06,33.07005,0.000100639205,206,206,52,0.0010724283,0.00240237,1.2817303e-05,0.20097564,0
1440,24,1.9118304e-06,33.07004,33.070045,-6.5030495e-06,33.070045,0.0001006494,206,206,52,0.0010730942,0.0024723117,1.2623398e-05,0.2009753,0
1441,24.016666,1.883103e-06,33.07003,33.070034,-1.0336542e-05,33.070034,0.0001006485,206,206,52,0.0010429843,0.002257311,1.2353162e-05,0.20097494,0
1442,24.033333,1.8510675e-06,33.070023,33.070026,-8.344789e-06,33.070026,0.000100651036,206,206,52,0.0010468316,0.0023453503,1.2223193e-05,0.20097458,0
1443,24.05,1.8241828e-06,33.07002,33.070023,-4.682027e-06,33.070023,0.0001005897,206,206,52,0.0010367461,0.0023101403,1.1925533e-05,0.20097429,0
1444,24.066668,1.7937042e-06,33.07001,33.07001,-9.507018e-06,33.07001,0.00010059761,206,206,52,0.0010201324,0.0022157338,1.1547978e-05,0.20097394,0
1445,24.083334,1.7705261e-06,33.07,33.070004,-8.668442e-06,33.070004,0.0001006426,206,206,52,0.0010144314,0.0022140173,1.1509568e-05,0.20097359,0
1446,24.1,1.7393428e-06,33.069992,33.069992,-9.008958e-06,33.069992,0.000100638164,206,206,52,0.0010054167,0.002199685,1.113438e-05,0.20097326,0
1447,24.116667,1.7109464e-06,33.06998,33.069984,-1.05024665e-05,33.069984,0.00010064319,206,206,52,0.00097423454,0.0017206371,1.0868814e-05,0.20097286,0
1448,24.133333,1.6974661e-06,33.069977,33.069977,-4.5023676e-06,33.069977,0.00010064504,206,206,52,0.0009722777,0.0018298272,1.0598956e-05,0.20097257,0
1449,24.15,1.6922087e-06,33.06997,33.06997,-9.481797e-06,33.06997,0.000100645,206,206,52,0.0009897131,0.0021875594,1.0686184e-05,0.20097223,0
1450,24.166666,1.6591804e-06,33.069958,33.06996,-8.345783e-06,33.06996,0.000100636804,206,206,52,0.00095324876,0.0016243579,1.0347037e-05,0.2009719,0
1451,24.183332,1.6641715e-06,33.069954,33.069954,-6.8114673e-06,33.069954,0.00010057838,206,206,52,0.0009582222,0.0016923664,1.0401502e-05,0.20097156,0
1452,24.2,1.6458898e-06,33.069942,33.069946,-8.331036e-06,33.069946,0.0001006362,206,206,52,0.0009604398,0.0019582233,1.0127931e-05,0.20097123,0
1453,24.216667,1.6368688e-06,33.06994,33.06994,-5.3291838e-06,33.06994,0.000100643294,206,206,52,0.00095928623,0.0020029775,9.926631e-06,0.20097096,0
1454,24.233334,1.6229012e-06,33.069927,33.06993,-1.0155528e-05,33.06993,0.00010064439,206,206,52,0.000958908,0.0020384388,9.96175e-06,0.20097056,0
1455,24.25,1.615979e-06,33.06992,33.069923,-8.319676e-06,33.069923,0.00010064311,206,206,52,0.0009451771,0.001807148,9.8625105e-06,0.20097026,0
1456,24.266666,1.7720248e-06,33.069904,33.06991,-1.4806911e-05,33.06991,0.0001006452,206,206,52,0.0009944487,0.002044012,9.851684e-06,0.20096976,0
1457,24.283333,1.7650077e-06,33.069893,33.069893,-1.3141169e-05,33.069893,0.000100657395,206,206,52,0.0009686689,0.0017139437,9.4049155e-06,0.20096932,0
1458,24.3,1.4812443e-06,33.069893,33.069893,7.137671e-07,33.069893,0.00010064855,206,206,52,0.0008777216,0.0014177833,7.896914e-06,0.20096923,0
1459,24.316668,1.4912553e-06,33.06989,33.069893,-2.8163254e-06,33.069893,0.00010057925,206,206,52,0.0009028834,0.0018055066,7.805398e-06,0.20096898,0
1460,24.333334,1.5723746e-06,33.06988,33.06988,-8.564145e-06,33.06988,0.00010063666,206,206,52,0.00092789426,0.0017248243,9.115337e-06,0.20096865,0
1461,24.35,1.5790512e-06,33.069878,33.069878,-4.6484656e-06,33.069878,0.000100636615,207,207,52,0.00093562383,0.0019044505,9.544389e-06,0.20096835,0
1462,24.366667,1.5725592e-06,33.06987,33.06987,-8.818011e-06,33.06987,0.00010064037,207,207,52,0.0009408,0.0019836305,9.357369e-06,0.20096801,0
1463,24.383333,1.5620221e-06,33.06986,33.069862,-9.154566e-06,33.069862,0.000100637575,207,207,52,0.0009215413,0.0016108792,9.357367e-06,0.20096764,0
1464,24.4,1.5694255e-06,33.06985,33.06985,-8.139095e-06,33.06985,0.00010063852,207,207,52,0.0009278771,0.0017897072,9.0259855e-06,0.20096733,0
1465,24.416666,1.5404756e-06,33.069843,33.069843,-7.5104285e-06,33.069843,0.00010057812,207,207,52,0.000909621,0.001496341,8.952238e-06,0.20096701,0
1466,24.433332,1.5482792e-06,33.069836,33.069836,-7.63993e-06,33.069836,0.00010059333,207,207,52,0.0009224459,0.0017830121,9.0694475e-06,0.20096669,0
1467,24.45,1.5547222e-06,33.069828,33.069828,-8.8050765e-06,33.069828,0.000100631245,207,207,52,0.00092714594,0.0021282982,9.074762e-06,0.20096634,0
1468,24.466667,1.5393307e-06,33.06982,33.06982,-7.995635e-06,33.06982,0.00010064122,207,207,52,0.0009153937,0.0017218611,8.974082e-06,0.20096602,0
1469,24.483334,1.5496553e-06,33.069817,33.069817,-3.9797974e-06,33.069817,0.00010063611,207,207,52,0.0009190689,0.0017509256,9.08804e-06,0.20096575,0
1470,24.5,1.5416055e-06,33.0698,33.069805,-1.1812161e-05,33.069805,0.00010063464,207,207,52,0.0009210262,0.0018602387,8.977511e-06,0.20096534,0
1471,24.516666,1.5418293e-06,33.069798,33.069798,-6.9824896e-06,33.069798,0.00010063476,207,207,52,0.0009149304,0.0017037333,9.000687e-06,0.20096505,0
1472,24.533333,1.5348926e-06,33.06979,33.06979,-6.1583746e-06,33.06979,0.000100634534,207,207,52,0.00091847463,0.001786991,8.9752575e-06,0.20096476,0
1473,24.55,1.533089e-06,33.069786,33.069786,-5.3219665e-06,33.069786,0.00010062876,207,207,52,0.00090730796,0.0015183035,8.942655e-06,0.20096447,0
1474,24.566668,1.5384454e-06,33.069775,33.069775,-1.0967479e-05,33.069775,0.00010063483,207,207,52,0.0009196066,0.0020663962,8.876016e-06,0.20096408,0
1475,24.583334,1.5421069e-06,33.06977,33.06977,-2.6564196e-06,33.06977,0.0001006336,207,207,52,0.0009230503,0.0018225813,9.126482e-06,0.20096384,0
1476,24.6,1.5337354e-06,33.069763,33.069763,-8.154871e-06,33.069763,0.00010062635,207,207,52,0.0009216565,0.0018826472,9.020847e-06,0.2009635,0
1477,24.616667,1.5425616e-06,33.06975,33.069756,-9.633968e-06,33.069756,0.00010063365,207,207,52,0.0009134975,0.0015697182,9.04052e-06,0.20096314,0
1478,24.633333,1.5246769e-06,33.069748,33.069748,-6.335578e-06,33.069748,0.00010058826,207,207,52,0.00091133395,0.0017691614,8.794224e-06,0.20096284,0
1479,24.65,1.5294286e-06,33.06974,33.06974,-7.975492e-06,33.06974,0.000100626916,207,207,52,0.00091907836,0.0018654099,8.877184e-06,0.20096251,0
1480,24.666666,1.5317858e-06,33.06973,33.069733,-8.310397e-06,33.069733,0.00010062958,207,207,52,0.00091165444,0.0017931688,8.908134e-06,0.20096219,0
1481,24.683332,1.5381064e-06,33.069725,33.069725,-6.1451174e-06,33.069725,0.00010062221,207,207,52,0.0009135101,0.0018009641,8.964694e-06,0.2009619,0
1482,24.7,1.5364401e-06,33.069717,33.069717,-7.31689e-06,33.069717,0.00010062621,207,207,52,0.0009125384,0.0016729356,8.957879e-06,0.20096157,0
1483,24.716667,1.5298871e-06,33.06971,33.069714,-6.8230115e-06,33.069714,0.00010062109,207,207,52,0.0009104229,0.0016314597,8.876527e-06,0.20096126,0
1484,24.733334,1.5194051e-06,33.069702,33.069702,-7.990726e-06,33.069702,0.00010056978,207,207,52,0.00090123835,0.0014927861,8.866914e-06,0.20096093,0
1485,24.75,1.5247668e-06,33.069695,33.069695,-7.9748825e-06,33.069695,0.00010056424,207,207,52,0.0009121024,0.0017739169,8.843897e-06,0.2009606,0
1486,24.766666,1.5407802e-06,33.069687,33.069687,-9.294271e-06,33.069687,0.0001005723,207,207,52,0.00092539075,0.0019002057,9.06218e-06,0.20096025,0
1487,24.783333,1.5280965e-06,33.06968,33.06968,-5.9978665e-06,33.06968,0.00010062648,207,207,52,0.0009085067,0.0015980181,9.10161e-06,0.20095998,0
1488,24.8,1.5808312e-06,33.06967,33.069675,-6.763724e-06,33.069675,0.000100588746,207,207,52,0.00093179534,0.0018476695,8.968583e-06,0.20095964,0
1489,24.816668,1.5159999e-06,33.069664,33.069668,-6.5487793e-06,33.069668,0.00010056904,207,207,52,0.0009014522,0.0014880504,8.8567285e-06,0.20095935,0
1490,24.833334,1.5259684e-06,33.06966,33.06966,-7.305255e-06,33.06966,0.00010062477,207,207,52,0.0009206519,0.001851745,8.94979e-06,0.20095903,0
1491,24.85,1.5700527e-06,33.06965,33.069653,-8.60118e-06,33.069653,0.000100571226,207,207,52,0.0009241896,0.0016269406,9.164592e-06,0.20095867,0
1492,24.866667,1.53745e-06,33.06964,33.069645,-8.179102e-06,33.069645,0.00010061824,207,207,52,0.0009083108,0.0015231823,8.871241e-06,0.20095836,0
1493,24.883333,1.5059144e-06,33.069633,33.069633,-9.34182e-06,33.069633,0.000100624144,207,207,52,0.00089718483,0.0014681031,8.617096e-06,0.200958,0
1494,24.9,1.4945722e-06,33.069633,33.069633,-5.101074e-07,33.069633,0.00010056561,207,207,52,0.0008915148,0.001449586,8.404248e-06,0.2009578,0
1495,24.916666,1.4961008e-06,33.069622,33.069626,-8.976246e-06,33.069626,0.000100620426,207,207,52,0.00089396414,0.0014539335,8.382585e-06,0.20095748,0
1496,24.933332,1.4914368e-06,33.069614,33.069614,-8.816183e-06,33.069614,0.000100623416,207,207,52,0.00089277414,0.0014329342,8.398373e-06,0.20095713,0
1497,24.95,1.4895328e-06,33.06961,33.06961,-4.6570462e-06,33.06961,0.00010061141,207,207,52,0.0008917718,0.0014321837,8.315029e-06,0.20095687,0
1498,24.966667,1.4915387e-06,33.0696,33.0696,-1.2134615e-05,33.0696,0.00010061648,207,207,52,0.00089234894,0.0014311337,8.400364e-06,0.20095646,0
1499,24.983334,1.4884118e-06,33.06959,33.06959,-5.4895445e-06,33.06959,0.00010061209,207,207,52,0.0008919861,0.0014330726,8.356586e-06,0.20095618,0
1500,25,1.4859214e-06,33.069588,33.069588,-5.821418e-06,33.069588,0.0001006168,207,207,52,0.00089132733,0.0014202985,8.362507e-06,0.2009559,0
1501,25.016666,1.4866913e-06,33.069576,33.06958,-7.813219e-06,33.06958,0.00010061921,207,207,52,0.0008908961,0.0014342003,8.323893e-06,0.20095558,0
1502,25.033333,1.4823411e-06,33.069572,33.069576,-5.158258e-06,33.069576,0.00010060637,207,207,52,0.0008891322,0.0014325255,8.361989e-06,0.2009553,0
1503,25.05,1.4806624e-06,33.069565,33.06957,-7.316902e-06,33.06957,0.0001005382,207,207,52,0.00088864536,0.0014389553,8.339467e-06,0.200955,0
1504,25.066668,1.4803155e-06,33.06956,33.06956,-6.31804e-06,33.06956,0.000100550074,207,207,52,0.0008885856,0.0014364772,8.377018e-06,0.2009547,0
1505,25.083334,1.4803879e-06,33.069553,33.069553,-6.6501307e-06,33.069553,0.00010060782,207,207,52,0.0008903131,0.0014445835,8.416246e-06,0.20095438,0
1506,25.1,1.4793575e-06,33.069542,33.069546,-9.311315e-06,33.069546,0.00010054067,207,207,52,0.00089013344,0.0014431151,8.373066e-06,0.20095405,0
1507,25.116667,1.4786784e-06,33.06954,33.06954,-4.9883315e-06,33.06954,0.00010054118,207,207,52,0.00088961347,0.0014563366,8.380577e-06,0.20095378,0
1508,25.133333,1.4763134e-06,33.06953,33.069534,-7.1513336e-06,33.069534,0.000100619975,207,207,52,0.0008879956,0.0014437755,8.381564e-06,0.20095347,0
1509,25.15,1.4763054e-06,33.069527,33.069527,-5.3201707e-06,33.069527,0.000100545265,207,207,52,0.00088934717,0.0014430919,8.427694e-06,0.2009532,0
1510,25.166666,1.4773066e-06,33.069523,33.069523,-4.155376e-06,33.069523,0.00010059444,206,206,52,0.0008897225,0.0014443578,8.376173e-06,0.20095295,0
1511,25.183332,1.4732701e-06,33.06951,33.069515,-9.480576e-06,33.069515,0.0001005362,206,206,52,0.0008874532,0.0014471883,8.389502e-06,0.2009526,0
1512,25.2,1.4751889e-06,33.069504,33.069508,-6.9807948e-06,33.069508,0.00010053542,206,206,52,0.00088912447,0.0014441129,8.4062e-06,0.20095228,0
1513,25.216667,1.4719463e-06,33.069496,33.0695,-7.983486e-06,33.0695,0.00010058421,206,206,52,0.0008877569,0.0014533675,8.403516e-06,0.20095195,0
1514,25.233334,1.4682455e-06,33.06949,33.069492,-7.651434e-06,33.069492,0.0001005926,206,206,52,0.00088583323,0.0014433677,8.361464e-06,0.20095165,0
1515,25.25,1.4667817e-06,33.069485,33.069485,-4.9891164e-06,33.069485,0.0001005815,206,206,52,0.00088569795,0.0014439613,8.380663e-06,0.20095138,0
1516,25.266666,1.4657688e-06,33.06948,33.06948,-3.8248795e-06,33.06948,0.00010059201,206,206,52,0.0008848807,0.0014387949,8.385492e-06,0.2009511,0
1517,25.283333,1.464411e-06,33.069473,33.069477,-6.6515613e-06,33.069477,0.00010058237,206,206,52,0.0008844255,0.0014380676,8.36074e-06,0.2009508,0
1518,25.3,1.4616518e-06,33.069466,33.06947,-6.8192176e-06,33.06947,0.00010058535,206,206,52,0.000883375,0.0014333653,8.35593e-06,0.20095052,0
1519,25.316668,1.4589226e-06,33.069458,33.06946,-7.650463e-06,33.06946,0.00010057986,206,206,52,0.00088390673,0.0014370141,8.342618e-06,0.20095019,0
1520,25.333334,1.4492479e-06,33.069454,33.069454,-7.1586433e-06,33.069454,0.00010058161,206,206,52,0.0008790444,0.0014200188,8.28682e-06,0.20094988,0
1521,25.35,1.4379036e-06,33.069447,33.069447,-6.4952924e-06,33.069447,0.00010057662,206,206,52,0.0008754176,0.0014081455,8.148067e-06,0.20094956,0
1522,25.366667,1.4385855e-06,33.06944,33.06944,-7.4807967e-06,33.06944,0.00010051558,206,206,52,0.0008754252,0.0014199318,8.115037e-06,0.20094925,0
1523,25.383333,1.4386989e-06,33.06943,33.069435,-5.4863044e-06,33.069435,0.00010056823,206,206,52,0.00087648234,0.0014178146,8.1790695e-06,0.20094897,0
1524,25.4,1.4344629e-06,33.069427,33.06943,-4.9918885e-06,33.06943,0.00010051399,206,206,52,0.0008741348,0.0014197315,8.135063e-06,0.2009487,0
1525,25.416666,1.4330872e-06,33.069424,33.069424,-4.324008e-06,33.069424,0.000100570716,206,206,52,0.0008731054,0.0014117227,8.102851e-06,0.20094843,0
1526,25.433332,1.4318226e-06,33.069416,33.06942,-6.3189577e-06,33.06942,0.00010053122,206,206,52,0.00087299483,0.0014143568,8.129886e-06,0.20094813,0
1527,25.45,1.4292427e-06,33.06941,33.069412,-7.650314e-06,33.069412,0.00010057417,206,206,52,0.0008718418,0.0014046561,8.113301e-06,0.20094784,0
1528,25.466667,1.4271894e-06,33.069405,33.069405,-6.6522566e-06,33.069405,0.00010056692,206,206,52,0.0008710468,0.0014068796,8.099763e-06,0.20094754,0
1529,25.483334,1.4258256e-06,33.069397,33.0694,-5.4877814e-06,33.0694,0.000100559955,206,206,52,0.0008707781,0.001408879,8.081815e-06,0.20094723,0
1530,25.5,1.4242818e-06,33.06939,33.069393,-7.3167676e-06,33.069393,0.000100557554,206,206,52,0.0008700218,0.0014011305,8.0709115e-06,0.20094696,0
1531,25.516666,1.4229008e-06,33.06938,33.06938,-8.314135e-06,33.06938,0.000100543664,206,206,52,0.0008707845,0.0014031254,8.078904e-06,0.2009466,0
1532,25.533333,1.4200973e-06,33.069378,33.069378,-3.9929255e-06,33.069378,0.000100555284,206,206,52,0.0008691087,0.0013993412,8.036165e-06,0.20094636,0
1533,25.55,1.4211926e-06,33.069374,33.069374,-5.9840877e-06,33.069374,0.00010055174,206,206,52,0.0008713051,0.0013985942,8.053184e-06,0.20094606,0
1534,25.566668,1.4162935e-06,33.069366,33.06937,-4.8262964e-06,33.06937,0.00010052097,206,206,52,0.0008671259,0.0013946686,7.996488e-06,0.20094581,0
1535,25.583334,1.4147829e-06,33.06936,33.06936,-9.976816e-06,33.06936,0.00010055123,206,206,52,0.00086670136,0.0013939557,8.040513e-06,0.20094545,0
1536,25.6,1.4121651e-06,33.06935,33.06935,-5.8215455e-06,33.06935,0.00010054568,206,206,52,0.000865636,0.0013910508,7.988688e-06,0.20094517,0
1537,25.616667,1.410371e-06,33.069347,33.069347,-4.4906815e-06,33.069347,0.00010054501,206,206,52,0.0008651047,0.0013912738,7.993342e-06,0.20094489,0
1538,25.633333,1.4096513e-06,33.069336,33.06934,-9.311004e-06,33.06934,0.000100543,206,206,52,0.0008655407,0.0013971337,7.968625e-06,0.20094456,0
1539,25.65,1.4089792e-06,33.069336,33.069336,-3.4920288e-06,33.069336,0.000100580815,206,206,52,0.0008655892,0.0013867427,7.947123e-06,0.2009443,0
1540,25.666666,1.4047899e-06,33.06933,33.06933,-7.319413e-06,33.06933,0.0001005346,206,206,52,0.0008633962,0.0013875643,7.939042e-06,0.200944,0
1541,25.683332,1.4035427e-06,33.06932,33.06932,-7.482726e-06,33.06932,0.000100593556,206,206,52,0.00086412206,0.0013862614,7.978439e-06,0.2009437,0
1542,25.7,1.4006715e-06,33.069313,33.069313,-6.3205644e-06,33.069313,0.00010053867,206,206,52,0.00086149387,0.0013767788,7.894342e-06,0.2009434,0
1543,25.716667,1.3992221e-06,33.069305,33.069305,-7.482928e-06,33.069305,0.000100567944,206,206,52,0.0008608908,0.0013764303,7.890131e-06,0.20094308,0
1544,25.733334,1.3975647e-06,33.0693,33.0693,-4.3242894e-06,33.0693,0.000100554804,206,206,52,0.00086028775,0.0013725343,7.9208885e-06,0.20094281,0
1545,25.75,1.3943337e-06,33.069294,33.069294,-8.14973e-06,33.069294,0.000100535064,206,206,52,0.00085933384,0.0013763017,7.868848e-06,0.2009425,0
1546,25.766666,1.3938885e-06,33.069286,33.06929,-5.154353e-06,33.06929,0.000100584344,206,206,52,0.0008601985,0.0013651424,7.860446e-06,0.20094225,0
1547,25.783333,1.3920294e-06,33.069283,33.069283,-5.4882767e-06,33.069283,0.00010058166,206,206,52,0.00085820304,0.0013649683,7.837271e-06,0.20094196,0
1548,25.8,1.38897e-06,33.069275,33.069275,-7.3182828e-06,33.069275,0.00010058782,206,206,52,0.0008571625,0.0013681748,7.821613e-06,0.20094167,0
1549,25.816668,1.387654e-06,33.06927,33.06927,-5.8202436e-06,33.06927,0.00010058036,206,206,52,0.0008564858,0.0013606915,7.809528e-06,0.20094138,0
1550,25.833334,1.3851007e-06,33.06926,33.069263,-7.982797e-06,33.069263,0.000100577505,206,206,52,0.00085574103,0.0013605608,7.820454e-06,0.20094109,0
1551,25.85,1.3826873e-06,33.069252,33.069256,-8.315167e-06,33.069256,0.000100578414,206,206,52,0.0008547176,0.0013580215,7.778219e-06,0.20094076,0
1552,25.866667,1.3813309e-06,33.069252,33.069252,-2.827693e-06,33.069252,0.00010057367,206,206,52,0.00085481006,0.0013580698,7.787316e-06,0.2009405,0
1553,25.883333,1.3796741e-06,33.069244,33.069244,-7.649391e-06,33.069244,0.00010057706,206,206,52,0.00085350324,0.0013520789,7.753466e-06,0.2009402,0
1554,25.9,1.3780473e-06,33.069237,33.069237,-5.8205546e-06,33.069237,0.000100567784,206,206,52,0.0008529267,0.0013496114,7.746587e-06,0.20093992,0
1555,25.916666,1.3867991e-06,33.069233,33.069233,-5.1451557e-06,33.069233,0.00010057723,208,208,53,0.0008577003,0.0014913768,7.730414e-06,0.20093967,0
1556,25.933332,1.2806674e-06,33.069225,33.069225,-8.086376e-06,33.069225,0.00010057143,208,208,53,0.0008030243,0.0010396277,7.0678057e-06,0.20093934,0
1557,25.95,1.2132988e-06,33.069218,33.069218,-6.2188064e-06,33.069218,0.000100573496,208,208,53,0.00077214785,0.00087640743,5.223118e-06,0.20093909,0
1558,25.966667,1.2137574e-06,33.069214,33.069214,-3.8234084e-06,33.069214,0.000100569654,208,208,53,0.0007757258,0.0009061674,5.1680845e-06,0.20093884,0
1559,25.983334,1.2109218e-06,33.069206,33.06921,-6.1542733e-06,33.06921,0.00010056249,208,208,53,0.0007737464,0.00090056733,5.317951e-06,0.20093858,0
1560,26,1.2062774e-06,33.069206,33.069206,-1.8334504e-06,33.069206,0.00010055798,208,208,53,0.00077196053,0.0008932961,5.2539153e-06,0.20093842,0
1561,26.016666,1.2038897e-06,33.0692,33.0692,-6.985101e-06,33.0692,0.000100564066,208,208,53,0.00077103206,0.000891901,5.2334126e-06,0.20093812,0
1562,26.033333,1.2007508e-06,33.069195,33.069195,-5.8220667e-06,33.069195,0.00010050684,208,208,53,0.0007698355,0.00088549545,5.2339847e-06,0.20093787,0
1563,26.05,1.1983606e-06,33.069187,33.069187,-5.322553e-06,33.069187,0.00010056029,208,208,53,0.00077028014,0.0008815106,5.1815796e-06,0.2009376,0
1564,26.066668,1.1950192e-06,33.069183,33.069183,-5.822269e-06,33.069183,0.000100525256,208,208,53,0.0007673746,0.0008746723,5.122317e-06,0.20093735,0
1565,26.083334,1.1916544e-06,33.069176,33.069176,-6.1548026e-06,33.069176,0.00010055685,208,208,53,0.00076665694,0.000866173,5.061192e-06,0.20093709,0
1566,26.1,1.1878695e-06,33.06917,33.06917,-3.993907e-06,33.06917,0.000100498124,208,208,53,0.0007648976,0.0008557804,4.9561104e-06,0.20093685,0
1567,26.116667,1.1852637e-06,33.069164,33.069168,-6.320299e-06,33.069168,0.000100558645,208,208,53,0.0007635473,0.00085277535,4.925261e-06,0.20093662,0
1568,26.133333,1.1831477e-06,33.06916,33.06916,-4.3247483e-06,33.06916,0.000100547804,208,208,53,0.0007627976,0.0008484309,4.878838e-06,0.20093638,0
1569,26.15,1.1794034e-06,33.069157,33.069157,-4.3263763e-06,33.069157,0.00010054474,208,208,53,0.00075978175,0.000844182,4.7887324e-06,0.20093617,0
1570,26.166666,1.1770071e-06,33.06915,33.069153,-6.8188547e-06,33.069153,0.00010054401,208,208,53,0.0007587538,0.0008395765,4.8443294e-06,0.20093589,0
1571,26.183332,1.1753506e-06,33.06914,33.069145,-7.150625e-06,33.069145,0.00010054532,208,208,53,0.00075757445,0.00083827204,4.7539834e-06,0.2009356,0
1572,26.2,1.1730598e-06,33.069138,33.069138,-5.1561983e-06,33.069138,0.00010054212,208,208,53,0.0007567369,0.0008277745,4.6503346e-06,0.20093538,0
1573,26.216667,1.1710539e-06,33.069134,33.069134,-4.490893e-06,33.069134,0.00010053732,208,208,53,0.0007566646,0.00082800124,4.6810183e-06,0.20093516,0
1574,26.233334,1.1675535e-06,33.069126,33.06913,-5.9886834e-06,33.06913,0.000100540274,208,208,53,0.0007536836,0.0008185134,4.5392067e-06,0.20093489,0
1575,26.25,1.1657422e-06,33.06912,33.069122,-7.4832897e-06,33.069122,0.00010053361,208,208,53,0.0007529677,0.0008160222,4.560022e-06,0.2009346,0
1576,26.266666,1.1638898e-06,33.069115,33.069115,-5.82078e-06,33.069115,0.00010059375,208,208,53,0.00075216294,0.0008125578,4.5092956e-06,0.20093435,0
1577,26.283333,1.1652453e-06,33.069107,33.06911,-5.9838276e-06,33.06911,0.000100546386,208,208,53,0.00075534615,0.00081260054,4.497805e-06,0.20093408,0
1578,26.3,1.1600808e-06,33.069103,33.069103,-4.9928167e-06,33.069103,0.00010053062,208,208,53,0.0007508674,0.00080921315,4.462151e-06,0.20093384,0
1579,26.316668,1.158456e-06,33.069103,33.069103,-1.4979206e-06,33.069103,0.000100536025,208,208,53,0.0007499869,0.0008072503,4.4218514e-06,0.20093368,0
1580,26.333334,1.1582274e-06,33.06909,33.069096,-8.479238e-06,33.069096,0.000100585865,208,208,53,0.0007503636,0.00079980656,4.4559883e-06,0.2009334,0
1581,26.35,1.1559345e-06,33.069088,33.069088,-4.9899454e-06,33.069088,0.00010052941,208,208,53,0.00075058127,0.00080408226,4.4088993e-06,0.20093316,0
1582,26.366667,1.1544868e-06,33.069084,33.069084,-4.6565897e-06,33.069084,0.00010058533,208,208,53,0.0007499485,0.00080051913,4.3861546e-06,0.20093292,0
1583,26.383333,1.1515923e-06,33.069077,33.06908,-5.8218225e-06,33.06908,0.00010052545,208,208,53,0.00074724824,0.00079591444,4.343738e-06,0.20093267,0
1584,26.4,1.1502191e-06,33.06907,33.069073,-7.649107e-06,33.069073,0.000100524354,208,208,53,0.0007468085,0.0007932786,4.359193e-06,0.2009324,0
1585,26.416666,1.1493368e-06,33.069065,33.069065,-4.3235145e-06,33.069065,0.00010058118,208,208,53,0.0007463188,0.00078959076,4.325856e-06,0.20093219,0
1586,26.433332,1.148353e-06,33.06906,33.06906,-5.986167e-06,33.06906,0.00010049225,208,208,53,0.0007460722,0.0007825725,4.284804e-06,0.20093192,0
1587,26.45,1.145434e-06,33.069054,33.069057,-4.159296e-06,33.069057,0.00010057609,208,208,53,0.0007446324,0.0007844738,4.286021e-06,0.20093173,0
1588,26.466667,1.144509e-06,33.06905,33.06905,-6.6511284e-06,33.06905,0.00010051868,208,208,53,0.0007442947,0.00078096584,4.253159e-06,0.20093143,0
1589,26.483334,1.1429539e-06,33.069042,33.069042,-6.651758e-06,33.069042,0.00010051588,208,208,53,0.0007451017,0.0007817542,4.240663e-06,0.20093116,0
1590,26.5,1.1407336e-06,33.069035,33.06904,-6.4861683e-06,33.06904,0.00010057627,208,208,53,0.00074252294,0.0007765813,4.169883e-06,0.20093094,0
1591,26.516666,1.1401547e-06,33.06903,33.06903,-4.655721e-06,33.06903,0.000100571895,208,208,53,0.0007437201,0.0007757555,4.2073907e-06,0.2009307,0
1592,26.533333,1.1390513e-06,33.06903,33.06903,-1.4973992e-06,33.06903,0.00010056613,208,208,53,0.0007423154,0.0007659979,4.151728e-06,0.20093054,0
1593,26.55,1.1365313e-06,33.069023,33.069023,-7.4839986e-06,33.069023,0.00010056726,208,208,53,0.00074112695,0.00076702726,4.1560643e-06,0.20093025,0
1594,26.566668,1.1352017e-06,33.069016,33.06902,-5.4877473e-06,33.06902,0.000100564765,208,208,53,0.0007417776,0.00076669536,4.1284325e-06,0.20093,0
1595,26.583334,1.1341633e-06,33.069008,33.06901,-6.6512416e-06,33.06901,0.000100566765,208,208,53,0.0007412278,0.00076452974,4.082027e-06,0.20092973,0
1596,26.6,1.1343609e-06,33.069004,33.069004,-5.9849854e-06,33.069004,0.000100572885,208,208,53,0.00074120256,0.000760078,4.0483583e-06,0.20092952,0
1597,26.616667,9.795953e-07,33.069008,33.069008,3.8353564e-06,33.069008,0.00010052332,208,208,53,0.0006892179,0.00073360617,3.990479e-06,0.20092943,0
1598,26.633333,9.768681e-07,33.069004,33.069004,-3.1615737e-06,33.069004,0.00010049424,208,208,53,0.0006886079,0.00074436975,3.959665e-06,0.20092924,0
1599,26.65,9.729637e-07,33.069,33.069,-4.4927915e-06,33.069,0.00010050291,208,208,53,0.0006854682,0.0007448464,3.9448314e-06,0.20092905,0
1600,26.666666,9.701662e-07,33.068993,33.068993,-7.9830415e-06,33.068993,0.00010049778,208,208,53,0.00068439345,0.0007510976,3.8994285e-06,0.20092878,0
1601,26.683332,9.691408e-07,33.06899,33.06899,-4.9886776e-06,33.06899,0.0001004939,208,208,53,0.0006837825,0.00074351084,3.867921e-06,0.20092854,0
1602,26.7,9.679576e-07,33.06898,33.06898,-5.653856e-06,33.06898,0.00010049204,208,208,53,0.0006832506,0.00074170437,3.837199e-06,0.20092833,0
1603,26.716667,9.668751e-07,33.068977,33.068977,-4.1574594e-06,33.068977,0.00010053996,208,208,53,0.0006838769,0.000737192,3.8304433e-06,0.2009281,0
1604,26.733334,9.657613e-07,33.068974,33.068974,-4.9887662e-06,33.068974,0.00010048323,208,208,53,0.00068382383,0.00073756976,3.8059788e-06,0.20092787,0
1605,26.75,9.648811e-07,33.068966,33.068966,-5.986063e-06,33.068966,0.00010049001,208,208,53,0.0006829936,0.0007363781,3.807382e-06,0.20092763,0
1606,26.766666,9.638844e-07,33.06896,33.068962,-6.6512e-06,33.068962,0.00010048208,208,208,53,0.0006825475,0.0007390834,3.7882278e-06,0.20092736,0
1607,26.783333,9.719706e-07,33.068954,33.068954,-5.1458214e-06,33.068954,0.00010048513,208,208,53,0.0006847827,0.000744267,3.7330753e-06,0.2009272,0
1608,26.8,9.711393e-07,33.06895,33.06895,-4.4897183e-06,33.06895,0.00010048082,208,208,53,0.0006843941,0.0007436249,3.7445034e-06,0.20092697,0
1609,26.816668,9.590261e-07,33.068943,33.068947,-5.9972963e-06,33.068947,0.00010051536,208,208,53,0.00068062905,0.0007184748,3.7452255e-06,0.2009267,0
1610,26.833334,9.587441e-07,33.06894,33.06894,-4.489169e-06,33.06894,0.00010048328,208,208,53,0.00068036513,0.00074258767,3.7315406e-06,0.20092651,0
1611,26.85,9.571826e-07,33.068935,33.068935,-5.321724e-06,33.068935,0.00010048044,208,208,53,0.0006785232,0.0007449837,3.6705123e-06,0.20092627,0
1612,26.866667,9.575665e-07,33.06893,33.06893,-3.823483e-06,33.06893,0.000100534424,208,208,53,0.0006784297,0.0007340858,3.654019e-06,0.20092611,0
1613,26.883333,9.576398e-07,33.068924,33.068924,-6.816385e-06,33.068924,0.00010053349,208,208,53,0.00068015105,0.00073928083,3.723961e-06,0.20092583,0
1614,26.9,9.557593e-07,33.068916,33.06892,-5.488298e-06,33.06892,0.000100477024,208,208,53,0.000679021,0.00072782265,3.6453237e-06,0.2009256,0
1615,26.916666,9.553718e-07,33.068916,33.068916,-3.3254892e-06,33.068916,0.0001005275,208,208,53,0.00067797425,0.00074029574,3.6247054e-06,0.20092542,0
1616,26.933332,9.553395e-07,33.068913,33.068913,-3.823899e-06,33.068913,0.000100526224,208,208,53,0.0006785405,0.0007283522,3.6001625e-06,0.20092523,0
1617,26.95,9.5236044e-07,33.068905,33.068905,-7.1519476e-06,33.068905,0.00010052656,208,208,53,0.0006765969,0.0007249912,3.6014933e-06,0.20092498,0
1618,26.966667,9.5194184e-07,33.068897,33.068897,-5.9856015e-06,33.068897,0.00010058686,208,208,53,0.00067738077,0.0007255735,3.618561e-06,0.20092471,0
1619,26.983334,9.530348e-07,33.06889,33.068893,-6.9816206e-06,33.068893,0.000100461344,208,208,53,0.0006787767,0.00072271045,3.5609874e-06,0.20092447,0
1620,27,9.636765e-07,33.068886,33.068886,-5.475776e-06,33.068886,0.00010052613,208,208,53,0.000681736,0.00070657226,3.5614914e-06,0.20092425,0
1621,27.016666,9.524505e-07,33.06888,33.068882,-5.4976435e-06,33.068882,0.000100521116,208,208,53,0.0006776677,0.0006958408,3.549027e-06,0.20092402,0
1622,27.033333,9.443641e-07,33.068874,33.06888,-4.3307186e-06,33.06888,0.000100580575,208,208,53,0.0006731976,0.00072628993,3.5034884e-06,0.20092382,0
1623,27.05,9.464982e-07,33.068874,33.068874,-2.4916922e-06,33.068874,0.000100511104,208,208,53,0.00067370804,0.00072292564,3.5126825e-06,0.20092365,0
1624,27.066668,9.4530145e-07,33.068867,33.068867,-6.817655e-06,33.068867,0.00010048045,208,208,53,0.0006733753,0.0007310655,3.4950974e-06,0.2009234,0
1625,27.083334,9.452923e-07,33.068863,33.068863,-4.1563862e-06,33.068863,0.00010050913,208,208,53,0.00067323,0.00072399207,3.4832744e-06,0.20092317,0
1626,27.1,9.4664904e-07,33.068855,33.068855,-8.145143e-06,33.068855,0.000100514844,211,211,54,0.0006759721,0.0007183702,3.4861157e-06,0.20092289,0
1627,27.116667,9.4394414e-07,33.06885,33.06885,-3.1615514e-06,33.06885,0.000100504534,211,211,54,0.00067362696,0.00071990537,3.4432217e-06,0.2009227,0
1628,27.133333,9.427907e-07,33.068844,33.068844,-6.817612e-06,33.068844,0.0001005075,211,211,54,0.0006732753,0.0007182881,3.41372e-06,0.20092247,0
1629,27.15,9.424884e-07,33.06884,33.068844,-2.8266386e-06,33.068844,0.0001005054,211,211,54,0.0006733195,0.0007174762,3.4469867e-06,0.20092228,0
1630,27.166666,9.536957e-07,33.068836,33.068836,-4.81019e-06,33.068836,0.00010050832,211,211,54,0.0006763292,0.00071675313,3.3707372e-06,0.20092206,0
1631,27.183332,9.3971767e-07,33.06883,33.06883,-8.825497e-06,33.06883,0.00010050375,211,211,54,0.00067049643,0.00072238175,3.3784206e-06,0.2009218,0
1632,27.2,9.392131e-07,33.068825,33.068825,-3.6581164e-06,33.068825,0.00010050318,211,211,54,0.0006703116,0.0007210306,3.3676042e-06,0.2009216,0
1633,27.216667,9.377366e-07,33.068817,33.068817,-6.98419e-06,33.068817,0.000100558704,211,211,54,0.0006698847,0.0007266969,3.3538051e-06,0.20092136,0
1634,27.233334,9.3731035e-07,33.068813,33.068813,-4.4893136e-06,33.068813,0.00010050363,211,211,54,0.00066941354,0.00071976107,3.3324409e-06,0.20092113,0
1635,27.25,9.362594e-07,33.06881,33.06881,-4.157428e-06,33.06881,0.00010049542,211,211,54,0.0006690858,0.0007205714,3.3405024e-06,0.20092094,0
1636,27.266666,9.3579797e-07,33.068806,33.068806,-2.3280327e-06,33.068806,0.000100491954,211,211,54,0.0006688748,0.00071876997,3.3096487e-06,0.20092076,0
1637,27.283333,9.350852e-07,33.068798,33.068798,-7.648447e-06,33.068798,0.00010049295,211,211,54,0.00066853553,0.0007171969,3.3234626e-06,0.20092049,0
1638,27.3,9.336138e-07,33.06879,33.068794,-6.8179297e-06,33.068794,0.0001004713,211,211,54,0.0006680232,0.0007241416,3.2637772e-06,0.20092024,0
1639,27.316668,9.3480645e-07,33.068787,33.068787,-5.9839904e-06,33.068787,0.00010044125,211,211,54,0.0006693069,0.0007150172,3.2738144e-06,0.20092,0
1640,27.333334,9.322919e-07,33.06878,33.06878,-5.9876975e-06,33.06878,0.00010049833,211,211,54,0.00066743535,0.0007162627,3.2934008e-06,0.20091976,0
1641,27.35,9.314388e-07,33.068775,33.068775,-5.819781e-06,33.068775,0.0001004877,211,211,54,0.0006672594,0.00070975226,3.2508951e-06,0.20091957,0
1642,27.366667,9.3095116e-07,33.06877,33.06877,-3.8243543e-06,33.06877,0.00010054687,211,211,54,0.0006665902,0.00071635004,3.226228e-06,0.20091935,0
1643,27.383333,9.301964e-07,33.068764,33.068768,-4.8221523e-06,33.068768,0.00010054773,211,211,54,0.00066637073,0.0007147401,3.1976138e-06,0.20091915,0
1644,27.4,9.384263e-07,33.06876,33.06876,-5.976953e-06,33.06876,0.00010048888,211,211,54,0.00066973874,0.00071709027,3.2176247e-06,0.20091891,0
1645,27.416666,9.256135e-07,33.068756,33.068756,-4.667955e-06,33.068756,0.000100453755,211,211,54,0.0006647225,0.0007226892,3.1799364e-06,0.20091867,0
1646,27.433332,9.27335e-07,33.06875,33.06875,-6.814737e-06,33.06875,0.000100484816,211,211,54,0.0006651837,0.0007113644,3.1576528e-06,0.20091845,0
1647,27.45,9.2654795e-07,33.06874,33.06874,-6.65099e-06,33.06874,0.00010054484,211,211,54,0.00066472247,0.0007142204,3.1594627e-06,0.20091821,0
1648,27.466667,9.254218e-07,33.068737,33.06874,-1.9961872e-06,33.06874,0.00010053473,211,211,54,0.00066425354,0.0007108448,3.1380057e-06,0.20091803,0
1649,27.483334,9.230786e-07,33.068733,33.068737,-3.82621e-06,33.068737,0.00010047628,211,211,54,0.0006646768,0.00071813306,3.1435327e-06,0.20091784,0
1650,27.5,9.230522e-07,33.068726,33.068726,-8.811546e-06,33.068726,0.000100535224,211,211,54,0.0006645823,0.00071768445,3.1330026e-06,0.20091756,0
1651,27.516666,9.2103676e-07,33.06872,33.06872,-5.987198e-06,33.06872,0.0001005358,212,212,54,0.00066247396,0.00072118314,3.0641215e-06,0.20091732,0
1652,27.533333,9.2247916e-07,33.068718,33.068718,-3.4899142e-06,33.068718,0.00010053016,212,212,54,0.00066276046,0.0007109177,3.0634803e-06,0.20091712,0
1653,27.55,9.219667e-07,33.068714,33.068714,-4.3231444e-06,33.068714,0.000100477395,213,213,54,0.0006628032,0.0007166208,3.0495432e-06,0.20091692,0
1654,27.566668,9.210402e-07,33.068707,33.06871,-4.3235586e-06,33.06871,0.000100529345,213,213,54,0.0006635286,0.00070559693,3.0638898e-06,0.20091674,0
1655,27.583334,9.201448e-07,33.068703,33.068703,-5.986078e-06,33.068703,0.00010051284,212,212,54,0.00066178304,0.00071086147,2.984805e-06,0.2009165,0
1656,27.6,9.194146e-07,33.068695,33.068695,-8.645994e-06,33.068695,0.0001005272,212,212,54,0.00066153525,0.0007106706,3.0258557e-06,0.2009162,0
1657,27.616667,9.1576095e-07,33.06869,33.06869,-3.8275207e-06,33.06869,0.00010058663,212,212,54,0.0006601274,0.00071927864,2.981317e-06,0.200916,0
1658,27.633333,9.179871e-07,33.068684,33.068687,-4.8191714e-06,33.068687,0.000100521975,212,212,54,0.00066096004,0.00071186246,2.9839284e-06,0.20091578,0
1659,27.65,9.1689947e-07,33.068684,33.068684,-2.827424e-06,33.068684,0.00010052465,212,212,54,0.00066042953,0.00071241136,2.94919e-06,0.20091562,0
1660,27.666666,9.159855e-07,33.068676,33.068676,-5.9860968e-06,33.068676,0.00010046384,212,212,54,0.0006599907,0.0007152028,2.9677271e-06,0.20091538,0
1661,27.683332,9.155951e-07,33.06867,33.06867,-8.3131445e-06,33.06867,0.00010051722,212,212,54,0.0006611215,0.00070651,2.9385794e-06,0.20091511,0
1662,27.7,9.237632e-07,33.06866,33.068665,-5.81076e-06,33.068665,0.00010051641,212,212,54,0.00066300976,0.00071405154,2.8663444e-06,0.20091492,0
1663,27.716667,9.1809875e-07,33.068657,33.068657,-5.3258273e-06,33.068657,0.00010050994,212,212,54,0.0006608005,0.00070809433,2.9146684e-06,0.20091465,0
1664,27.733334,9.117725e-07,33.06865,33.068653,-5.991509e-06,33.068653,0.000100517755,212,212,54,0.00065817835,0.000708987,2.8692227e-06,0.20091444,0
1665,27.75,9.1241014e-07,33.068645,33.06865,-3.8232292e-06,33.06865,0.00010051453,212,212,54,0.00065823644,0.0007128912,2.8558536e-06,0.20091425,0
1666,27.766666,9.111962e-07,33.06864,33.06864,-4.6563564e-06,33.06864,0.00010050732,212,212,54,0.00065774965,0.00071651343,2.8412742e-06,0.20091401,0
1667,27.783333,9.111852e-07,33.068634,33.068638,-6.483959e-06,33.068638,0.00010051236,212,212,54,0.0006590716,0.0007099887,2.8574193e-06,0.20091379,0
1668,27.8,9.1045104e-07,33.06863,33.06863,-4.9883865e-06,33.06863,0.000100507576,212,212,54,0.00065863313,0.00071184995,2.8097124e-06,0.20091358,0
1669,27.816668,9.0930354e-07,33.068623,33.068626,-6.4850956e-06,33.068626,0.00010050026,212,212,54,0.00065680087,0.0007144417,2.789855e-06,0.20091332,0
1670,27.833334,9.0836295e-07,33.06862,33.06862,-6.983654e-06,33.06862,0.00010049729,212,212,54,0.00065664,0.00070483173,2.774113e-06,0.20091309,0
1671,27.85,9.080121e-07,33.06861,33.068615,-4.489238e-06,33.068615,0.00010050688,212,212,54,0.00065639924,0.0007149664,2.7692029e-06,0.20091286,0
1672,27.866667,9.069162e-07,33.068607,33.06861,-3.8249627e-06,33.06861,0.00010050174,212,212,54,0.0006559729,0.000719969,2.7329174e-06,0.20091267,0
1673,27.883333,9.0658517e-07,33.068604,33.068604,-6.6505345e-06,33.068604,0.00010050149,212,212,54,0.00065559766,0.00071666134,2.7424649e-06,0.20091243,0
1674,27.9,9.099847e-07,33.068596,33.068596,-6.3142934e-06,33.068596,0.00010046243,212,212,54,0.0006571383,0.0007087078,2.7071776e-06,0.20091219,0
1675,27.916666,9.0481973e-07,33.068592,33.068592,-4.8265624e-06,33.068592,0.000100502264,212,212,54,0.0006550606,0.0007128105,2.6811554e-06,0.200912,0
1676,27.933332,9.043691e-07,33.068584,33.068584,-6.3181437e-06,33.068584,0.00010043956,212,212,54,0.000654941,0.0007232395,2.6821322e-06,0.20091173,0
1677,27.95,9.0355377e-07,33.068577,33.06858,-6.3185084e-06,33.06858,0.00010049495,212,212,54,0.00065421674,0.00071762747,2.6616576e-06,0.20091152,0
1678,27.966667,9.027854e-07,33.068577,33.068577,-2.8271047e-06,33.068577,0.00010049097,212,212,54,0.00065412326,0.00072309194,2.6722116e-06,0.20091133,0
1679,27.983334,9.025786e-07,33.068565,33.06857,-8.479216e-06,33.06857,0.00010049235,212,212,54,0.0006538024,0.0007174117,2.6282075e-06,0.20091105,0
1680,28,9.018953e-07,33.068565,33.068565,-9.982139e-07,33.068565,0.00010043253,212,212,54,0.00065489777,0.00071003556,2.616429e-06,0.2009109,0
1681,28.016666,9.0115236e-07,33.068558,33.068558,-7.980987e-06,33.068558,0.000100486825,212,212,54,0.0006532802,0.00071983103,2.6068244e-06,0.20091063,0
1682,28.033333,9.0017033e-07,33.06855,33.068554,-6.48493e-06,33.068554,0.00010048323,212,212,54,0.0006530039,0.00072216813,2.5887764e-06,0.2009104,0
1683,28.05,8.9944916e-07,33.068546,33.068546,-5.1546285e-06,33.068546,0.00010048129,212,212,54,0.00065273244,0.0007217718,2.5747872e-06,0.20091018,0
1684,28.066668,9.087935e-07,33.068542,33.068542,-5.643328e-06,33.068542,0.00010048609,212,212,54,0.0006566041,0.000715005,2.5906693e-06,0.20090994,0
1685,28.083334,8.9928704e-07,33.068535,33.068535,-5.495924e-06,33.068535,0.00010048519,212,212,54,0.0006536094,0.00071655173,2.5386444e-06,0.20090975,0
1686,28.1,8.981052e-07,33.06853,33.06853,-4.8225793e-06,33.06853,0.00010053685,212,212,54,0.0006518374,0.0007208237,2.5240154e-06,0.20090953,0
1687,28.116667,8.9692e-07,33.068523,33.068523,-6.4851333e-06,33.068523,0.00010047486,212,212,54,0.0006513721,0.0007213919,2.5168486e-06,0.20090927,0
1688,28.133333,8.9684397e-07,33.06852,33.06852,-4.9877285e-06,33.06852,0.000100475,212,212,54,0.00065127615,0.0007245781,2.5025e-06,0.20090906,0
1689,28.15,8.960783e-07,33.068512,33.068512,-7.648499e-06,33.068512,0.0001004802,212,212,54,0.00065103796,0.000717546,2.4795993e-06,0.2009088,0
1690,28.166666,8.957528e-07,33.06851,33.06851,-4.3229575e-06,33.06851,0.00010052802,212,212,54,0.00065088744,0.00072050944,2.486355e-06,0.20090862,0
1691,28.183332,8.9607715e-07,33.0685,33.0685,-6.1511137e-06,33.0685,0.000100536585,212,212,54,0.00065215037,0.0007187487,2.4858189e-06,0.20090836,0
1692,28.2,8.9498394e-07,33.068497,33.068497,-5.155001e-06,33.068497,0.00010053347,212,212,54,0.00065052765,0.0007188033,2.4471547e-06,0.20090817,0
1693,28.216667,8.943572e-07,33.06849,33.06849,-6.817085e-06,33.06849,0.000100529796,212,212,54,0.00065019605,0.0007245173,2.4533058e-06,0.20090792,0
1694,28.233334,8.9400834e-07,33.068485,33.068485,-4.322981e-06,33.068485,0.00010047114,212,212,54,0.0006501765,0.00072404154,2.471441e-06,0.2009077,0
1695,28.25,8.943967e-07,33.068478,33.068478,-7.647345e-06,33.068478,0.00010048072,212,212,54,0.0006499399,0.00072007725,2.4347896e-06,0.20090744,0
1696,28.266666,8.9371406e-07,33.068474,33.068474,-4.48957e-06,33.068474,0.00010052983,212,212,54,0.0006498915,0.00071753265,2.4500137e-06,0.20090725,0
1697,28.283333,8.9370695e-07,33.068466,33.06847,-4.6551495e-06,33.06847,0.00010052609,212,212,54,0.0006499788,0.00071287766,2.4403912e-06,0.20090707,0
1698,28.3,8.935156e-07,33.068462,33.068466,-3.9903134e-06,33.068466,0.000100526806,212,212,54,0.0006499328,0.0007192613,2.437137e-06,0.20090686,0
1699,28.316668,8.9279047e-07,33.068455,33.06846,-7.4822037e-06,33.06846,0.00010052557,212,212,54,0.0006493684,0.0007197366,2.4202786e-06,0.20090657,0
1700,28.333334,8.925304e-07,33.06845,33.06845,-6.317953e-06,33.06845,0.0001004613,212,212,54,0.00064924295,0.0007128161,2.4387568e-06,0.20090634,0
1701,28.35,8.921285e-07,33.068443,33.068443,-6.15184e-06,33.068443,0.00010051742,212,212,54,0.0006491632,0.0007092969,2.4117562e-06,0.20090611,0
1702,28.366667,8.926324e-07,33.06844,33.06844,-4.6546384e-06,33.06844,0.00010052026,212,212,54,0.00065062585,0.00071346055,2.4364967e-06,0.2009059,0
1703,28.383333,8.9197124e-07,33.068436,33.068436,-4.1570383e-06,33.068436,0.00010051391,212,212,54,0.00064891233,0.00071367103,2.387647e-06,0.20090571,0
1704,28.4,8.917195e-07,33.06843,33.06843,-4.1566286e-06,33.06843,0.000100516154,212,212,54,0.0006487025,0.0007131768,2.3881478e-06,0.20090552,0
1705,28.416666,8.9204815e-07,33.068424,33.068424,-7.647405e-06,33.068424,0.00010052124,212,212,54,0.0006505802,0.0007032826,2.4250535e-06,0.20090525,0
1706,28.433332,8.9126615e-07,33.068417,33.06842,-5.3209446e-06,33.06842,0.000100535624,212,212,54,0.0006483707,0.00071073085,2.349535e-06,0.20090501,0
1707,28.45,8.9134727e-07,33.068417,33.068417,-2.32749e-06,33.068417,0.00010051429,212,212,54,0.0006500773,0.0006952837,2.4231738e-06,0.20090486,0
1708,28.466667,8.9082346e-07,33.06841,33.06841,-6.816982e-06,33.06841,0.000100513804,212,212,54,0.0006483486,0.0007070233,2.356269e-06,0.20090461,0
1709,28.483334,8.903581e-07,33.068405,33.068405,-5.653138e-06,33.068405,0.00010050743,212,212,54,0.0006479256,0.000707248,2.3490852e-06,0.2009044,0
1710,28.5,8.9021194e-07,33.068398,33.068398,-6.4840942e-06,33.068398,0.000100505145,212,212,54,0.0006480412,0.0007055561,2.3914936e-06,0.20090415,0
1711,28.516666,8.895868e-07,33.06839,33.06839,-6.9833386e-06,33.06839,0.00010044931,212,212,54,0.00064777315,0.00070186006,2.344907e-06,0.2009039,0
1712,28.533333,8.897983e-07,33.068382,33.068382,-7.647523e-06,33.068382,0.000100504345,212,212,54,0.0006479077,0.00070193247,2.3623525e-06,0.20090367,0
1713,28.55,8.890026e-07,33.06838,33.06838,-4.988448e-06,33.06838,0.00010044779,212,212,54,0.0006476839,0.0007035745,2.3568348e-06,0.20090343,0
1714,28.566668,8.887328e-07,33.06837,33.068375,-4.489157e-06,33.068375,0.0001005024,212,212,54,0.00064733264,0.00069989887,2.3057328e-06,0.20090324,0
1715,28.583334,8.8862595e-07,33.068367,33.068367,-7.3153305e-06,33.068367,0.00010043886,212,212,54,0.0006474999,0.00068869453,2.3515502e-06,0.20090297,0
1716,28.6,8.881962e-07,33.06836,33.06836,-6.484378e-06,33.06836,0.00010050184,212,212,54,0.0006471616,0.000696559,2.3191442e-06,0.20090275,0
1717,28.616667,8.8824277e-07,33.06835,33.06835,-6.8164118e-06,33.06835,0.000100501085,212,212,54,0.0006471967,0.0007015402,2.314605e-06,0.20090246,0
1718,28.633333,8.880617e-07,33.068348,33.068348,-3.1590275e-06,33.068348,0.00010049791,212,212,54,0.0006467896,0.0007004198,2.276704e-06,0.2009023,0
1719,28.65,8.874635e-07,33.06834,33.06834,-7.648332e-06,33.06834,0.000100551784,212,212,54,0.0006465136,0.0006985434,2.3232694e-06,0.20090203,0
1720,28.666666,8.8717695e-07,33.06834,33.06834,-2.1616027e-06,33.06834,0.000100492296,212,212,54,0.0006463633,0.00069798366,2.2855797e-06,0.20090187,0
1721,28.683332,8.8767695e-07,33.068333,33.068333,-7.979744e-06,33.068333,0.00010049323,212,212,54,0.00064688345,0.0006971316,2.3172452e-06,0.2009016,0
1722,28.7,8.8684567e-07,33.068325,33.068325,-7.648565e-06,33.068325,0.00010048369,212,212,54,0.00064649375,0.0006848529,2.3000287e-06,0.20090133,0
1723,28.716667,8.8635227e-07,33.06832,33.06832,-3.9906154e-06,33.06832,0.0001004916,212,212,54,0.00064599595,0.00069739984,2.2458814e-06,0.20090115,0
1724,28.733334,8.8837163e-07,33.068314,33.068314,-7.313204e-06,33.068314,0.00010045456,212,212,54,0.0006491848,0.0006897544,2.3140792e-06,0.20090085,0
1725,28.75,8.860641e-07,33.068306,33.068306,-7.816297e-06,33.068306,0.00010050253,212,212,54,0.0006457499,0.00069317437,2.2457332e-06,0.20090063,0
1726,28.766666,8.861768e-07,33.068302,33.068302,-3.1587338e-06,33.068302,0.000100488076,212,212,54,0.000647504,0.00068057695,2.285216e-06,0.20090044,0
1727,28.783333,8.8688546e-07,33.068295,33.068295,-5.651964e-06,33.068295,0.00010052975,212,212,54,0.0006471867,0.0006883798,2.2118174e-06,0.20090023,0
1728,28.8,8.8663006e-07,33.06829,33.06829,-6.1516935e-06,33.06829,0.000100484765,212,212,54,0.0006472072,0.0006855653,2.250979e-06,0.20089997,0
1729,28.816668,8.855807e-07,33.068287,33.068287,-4.3236814e-06,33.068287,0.00010048198,212,212,54,0.0006467755,0.00068687584,2.2786771e-06,0.20089976,0
1730,28.833334,8.852333e-07,33.06828,33.06828,-5.486765e-06,33.06828,0.000100475045,212,212,54,0.0006468183,0.0006875179,2.2492907e-06,0.20089954,0
1731,28.85,8.844847e-07,33.06827,33.06827,-6.983462e-06,33.06827,0.000100481266,212,212,54,0.00064526603,0.0006827764,2.2116214e-06,0.2008993,0
1732,28.866667,8.8415175e-07,33.068268,33.068268,-3.990455e-06,33.068268,0.000100531724,212,212,54,0.0006448071,0.00068879407,2.2005315e-06,0.20089912,0
1733,28.883333,8.8387884e-07,33.06826,33.068264,-6.8167315e-06,33.068264,0.000100473575,212,212,54,0.000644682,0.0006867844,2.233706e-06,0.20089887,0
1734,28.9,8.8388487e-07,33.068256,33.068256,-6.650197e-06,33.068256,0.00010047623,212,212,54,0.0006447636,0.00068532693,2.2281906e-06,0.20089863,0
1735,28.916666,8.8377305e-07,33.06825,33.06825,-7.980356e-06,33.06825,0.000100528654,212,212,54,0.0006459341,0.000682394,2.22263e-06,0.20089836,0
1736,28.933332,8.8367506e-07,33.06824,33.068245,-4.821495e-06,33.068245,0.0001005119,212,212,54,0.00064611656,0.00067227246,2.2061497e-06,0.20089814,0
1737,28.95,8.8342983e-07,33.068237,33.068237,-6.317938e-06,33.068237,0.00010053187,212,212,54,0.0006445726,0.00068160583,2.1806009e-06,0.20089793,0
1738,28.966667,8.8278864e-07,33.06823,33.068233,-4.4895282e-06,33.068233,0.000100464364,212,212,54,0.0006442043,0.0006820434,2.210095e-06,0.20089771,0
1739,28.983334,8.8317125e-07,33.068222,33.068226,-8.146117e-06,33.068226,0.000100484984,212,212,54,0.0006445466,0.000681918,2.1765568e-06,0.20089743,0
1740,29,8.8277454e-07,33.06822,33.06822,-6.9831103e-06,33.06822,0.000100523466,212,212,54,0.00064421125,0.0006806847,2.193485e-06,0.20089719,0
1741,29.016666,8.818609e-07,33.06821,33.06821,-5.321076e-06,33.06821,0.00010051881,212,212,54,0.0006438808,0.00068226637,2.1666415e-06,0.20089695,0
1742,29.033333,8.8152024e-07,33.068207,33.068207,-4.987993e-06,33.068207,0.00010051911,212,212,54,0.00064389844,0.0006725024,2.1609437e-06,0.20089674,0
1743,29.05,8.82686e-07,33.0682,33.068203,-5.485252e-06,33.068203,0.00010051685,212,212,54,0.00064553577,0.0006760943,2.1795067e-06,0.20089652,0
1744,29.066668,8.813616e-07,33.068195,33.068195,-5.9865074e-06,33.068195,0.000100518926,212,212,54,0.00064334134,0.00067978544,2.1456183e-06,0.20089631,0
1745,29.083334,8.8089286e-07,33.068188,33.068188,-6.318162e-06,33.068188,0.0001005167,212,212,54,0.0006433775,0.0006745708,2.1836736e-06,0.20089604,0
1746,29.1,8.8153354e-07,33.068184,33.068184,-5.485777e-06,33.068184,0.00010051277,212,212,54,0.0006450226,0.0006746407,2.1434178e-06,0.20089582,0
1747,29.116667,8.7829886e-07,33.06818,33.06818,-3.9933566e-06,33.06818,0.00010051306,212,212,54,0.00064257573,0.0006862677,2.1521203e-06,0.20089558,0
1748,29.133333,8.7917533e-07,33.068172,33.068172,-6.815582e-06,33.068172,0.00010050955,212,212,54,0.0006447337,0.0006857436,2.2691515e-06,0.20089535,0
1749,29.15,8.7805887e-07,33.068165,33.06817,-5.9862996e-06,33.06817,0.00010045671,212,212,54,0.00064295495,0.0006799867,2.202898e-06,0.20089512,0
1750,29.166666,8.7811094e-07,33.06816,33.06816,-6.317641e-06,33.06816,0.00010045198,212,212,54,0.00064314407,0.00067585375,2.2716335e-06,0.2008949,0
1751,29.183332,8.78126e-07,33.068153,33.068153,-6.9826983e-06,33.068153,0.00010045109,212,212,54,0.0006431649,0.0006762886,2.280472e-06,0.20089464,0
1752,29.2,8.782094e-07,33.068146,33.068146,-8.478925e-06,33.068146,0.00010050002,212,212,54,0.0006429783,0.00068046333,2.2565673e-06,0.20089439,0
1753,29.216667,8.779948e-07,33.068142,33.068146,-9.977451e-07,33.068146,0.00010046091,212,212,54,0.0006430634,0.0006825964,2.2907545e-06,0.2008942,0
1754,29.233334,8.7809184e-07,33.068134,33.068134,-7.980147e-06,33.068134,0.00010050223,212,212,54,0.00064475235,0.00066478003,2.2685513e-06,0.20089394,0
1755,29.25,8.772308e-07,33.068134,33.068134,-2.8271975e-06,33.068134,0.0001004382,212,212,54,0.0006424876,0.00067885825,2.237509e-06,0.20089377,0
1756,29.266666,8.775032e-07,33.068123,33.068123,-8.977502e-06,33.068123,0.00010045374,212,212,54,0.0006440215,0.0006730901,2.2979416e-06,0.20089348,0
1757,29.283333,8.7667553e-07,33.068115,33.068115,-7.3160513e-06,33.068115,0.00010049167,212,212,54,0.00064236386,0.0006770017,2.2560755e-06,0.20089321,0
1758,29.3,8.7873667e-07,33.06811,33.06811,-6.481887e-06,33.06811,0.00010044388,212,212,54,0.00064586266,0.0006619063,2.2792494e-06,0.20089296,0
1759,29.316668,8.76203e-07,33.068108,33.068108,-3.6601455e-06,33.068108,0.000100494326,212,212,54,0.0006424096,0.00066613493,2.246392e-06,0.20089278,0
1760,29.333334,8.755248e-07,33.0681,33.0681,-6.8171366e-06,33.0681,0.00010048402,215,215,55,0.00064203487,0.0006771363,2.2521067e-06,0.2008925,0
1761,29.35,8.755944e-07,33.068092,33.068092,-7.481409e-06,33.068092,0.0001004936,215,215,55,0.00064194755,0.00067507016,2.257347e-06,0.20089227,0
1762,29.366667,8.7560204e-07,33.068085,33.068085,-7.980237e-06,33.068085,0.0001004916,215,215,55,0.00064182596,0.0006752907,2.2480267e-06,0.200892,0
1763,29.383333,8.751238e-07,33.068077,33.068077,-6.8169365e-06,33.068077,0.0001004496,215,215,55,0.0006418192,0.0006762057,2.2855763e-06,0.20089172,0
1764,29.4,8.753842e-07,33.068073,33.068073,-3.823606e-06,33.068073,0.00010045456,215,215,55,0.00064348406,0.0006570121,2.2487918e-06,0.20089152,0
1765,29.416666,8.7478173e-07,33.06807,33.06807,-5.320765e-06,33.06807,0.00010045568,215,215,55,0.0006418148,0.0006647653,2.2173006e-06,0.20089129,0
1766,29.433332,8.747296e-07,33.06806,33.06806,-6.6502553e-06,33.06806,0.00010048262,215,215,55,0.0006416169,0.0006761904,2.2527206e-06,0.20089102,0
1767,29.45,8.7597647e-07,33.068054,33.068054,-5.983936e-06,33.068054,0.000100484365,214,214,55,0.00064452796,0.0006643125,2.223838e-06,0.20089081,0
1768,29.466667,8.739912e-07,33.068047,33.06805,-7.483464e-06,33.06805,0.00010048784,214,214,55,0.0006412324,0.0006730834,2.2319402e-06,0.20089056,0
1769,29.483334,8.7428884e-07,33.068043,33.068043,-5.4861202e-06,33.068043,0.000100531026,214,214,55,0.0006430832,0.0006626905,2.2594027e-06,0.20089033,0
1770,29.5,8.7563456e-07,33.068035,33.06804,-5.6513272e-06,33.06804,0.00010048126,214,214,55,0.00064429676,0.0006668614,2.2220602e-06,0.2008901,0
1771,29.516666,8.735834e-07,33.06803,33.06803,-6.8185095e-06,33.06803,0.00010047339,214,214,55,0.0006411026,0.000672018,2.2019765e-06,0.20088984,0
1772,29.533333,8.731213e-07,33.068024,33.068024,-7.648196e-06,33.068024,0.000100478836,214,214,55,0.00064090727,0.00067052734,2.2533873e-06,0.20088957,0
1773,29.55,8.7305096e-07,33.068016,33.068016,-6.982784e-06,33.068016,0.000100478544,214,214,55,0.0006410442,0.0006726922,2.2123195e-06,0.2008893,0
1774,29.566668,8.722268e-07,33.068012,33.068012,-3.3259257e-06,33.068012,0.00010046947,214,214,55,0.0006406101,0.0006708561,2.2224924e-06,0.20088913,0
1775,29.583334,8.7259883e-07,33.068005,33.068005,-6.151066e-06,33.068005,0.0001005212,214,214,55,0.0006406751,0.0006694796,2.1866058e-06,0.2008889,0
1776,29.6,8.719182e-07,33.067997,33.068,-7.315904e-06,33.068,0.00010052561,214,214,55,0.00064040325,0.0006685135,2.2508434e-06,0.20088863,0
1777,29.616667,8.721803e-07,33.067993,33.067993,-6.816196e-06,33.067993,0.000100527875,214,214,55,0.0006405708,0.0006677071,2.201743e-06,0.20088838,0
1778,29.633333,8.7151017e-07,33.067986,33.067986,-5.3208328e-06,33.067986,0.00010052571,214,214,55,0.00064012344,0.0006688516,2.2047338e-06,0.20088814,0
1779,29.65,8.7095657e-07,33.06798,33.06798,-4.3231857e-06,33.06798,0.00010052555,214,214,55,0.00064003543,0.0006648848,2.2094075e-06,0.20088793,0
1780,29.666666,8.719693e-07,33.067974,33.067974,-7.812976e-06,33.067974,0.000100470796,214,214,55,0.00064188655,0.00066567556,2.2147753e-06,0.20088765,0
1781,29.683332,8.70547e-07,33.067966,33.067966,-6.8178806e-06,33.067966,0.00010052087,214,214,55,0.0006400203,0.00066081237,2.2124639e-06,0.20088743,0
1782,29.7,8.705912e-07,33.067963,33.067963,-5.818884e-06,33.067963,0.00010052444,214,214,55,0.00064004335,0.00066797656,2.1893143e-06,0.20088717,0
1783,29.716667,8.7016696e-07,33.067955,33.067955,-5.653097e-06,33.067955,0.0001005113,214,214,55,0.0006397754,0.0006677679,2.1997248e-06,0.20088693,0
1784,29.733334,8.6996005e-07,33.067947,33.067947,-8.479216e-06,33.067947,0.00010045717,214,214,55,0.0006394756,0.0006686598,2.2066101e-06,0.20088665,0
1785,29.75,8.701527e-07,33.067944,33.067947,-1.9948684e-06,33.067947,0.000100513615,214,214,55,0.000639606,0.0006660477,2.1687954e-06,0.2008865,0
1786,29.766666,8.6989377e-07,33.067936,33.067936,-1.0640584e-05,33.067936,0.00010051782,214,214,55,0.00064076204,0.00066081766,2.226775e-06,0.20088618,0
1787,29.783333,8.691877e-07,33.06793,33.06793,-7.3159295e-06,33.06793,0.00010051468,214,214,55,0.0006394494,0.0006636344,2.1730061e-06,0.2008859,0
1788,29.8,8.691281e-07,33.06792,33.06792,-6.982773e-06,33.06792,0.00010050324,214,214,55,0.0006392376,0.00066222757,2.1877413e-06,0.20088567,0
1789,29.816668,8.694385e-07,33.067913,33.067913,-6.649893e-06,33.067913,0.00010051173,214,214,55,0.0006405301,0.00066208595,2.166361e-06,0.2008854,0
1790,29.833334,8.6918357e-07,33.067913,33.067913,-1.6628057e-06,33.067913,0.00010050466,214,214,55,0.000640548,0.0006644831,2.2108954e-06,0.20088522,0
1791,29.85,8.681501e-07,33.067905,33.067905,-8.3137875e-06,33.067905,0.0001005024,214,214,55,0.0006391149,0.00065335125,2.148397e-06,0.20088495,0
1792,29.866667,8.68114e-07,33.067898,33.067898,-5.4864536e-06,33.067898,0.00010050559,214,214,55,0.0006390031,0.00065362663,2.178813e-06,0.2008847,0
1793,29.883333,8.6834416e-07,33.06789,33.06789,-7.1487384e-06,33.06789,0.00010046265,214,214,55,0.0006390143,0.0006634156,2.1663548e-06,0.20088445,0
1794,29.9,8.680337e-07,33.067886,33.067886,-5.320473e-06,33.067886,0.00010050148,214,214,55,0.00063881034,0.0006614768,2.1490027e-06,0.20088424,0
1795,29.916666,8.672456e-07,33.06788,33.06788,-6.9835014e-06,33.06788,0.00010044355,214,214,55,0.00063845736,0.00066583185,2.1718338e-06,0.20088397,0
1796,29.933332,8.6766795e-07,33.06787,33.06787,-8.644842e-06,33.06787,0.000100500445,214,214,55,0.00063991937,0.0006629313,2.207724e-06,0.20088367,0
1797,29.95,8.671335e-07,33.067863,33.067867,-5.320697e-06,33.067867,0.0001004874,214,214,55,0.00063821935,0.00066365825,2.1443075e-06,0.20088346,0
1798,29.966667,8.669103e-07,33.067856,33.06786,-7.647957e-06,33.06786,0.000100490804,214,214,55,0.0006395195,0.0006572052,2.1582143e-06,0.2008832,0
1799,29.983334,8.6681524e-07,33.067852,33.067852,-5.3202575e-06,33.067852,0.000100490244,214,214,55,0.00063837774,0.00066069775,2.1495484e-06,0.20088296,0
1800,30,8.6626744e-07,33.067844,33.067844,-7.4820264e-06,33.067844,0.00010049186,214,214,55,0.0006380866,0.0006628878,2.158983e-06,0.2008827,0
